project_id,project_name,sector,state,implementing_agency,planned_start_date,planned_completion_date,actual_start_date,approved_cost,revised_cost,current_status,reporting_date,physical_progress,planned_progress,financial_progress,expenditure,monthly_expenditure,contractor_status,milestones_completed,milestones_total,milestones_overdue
706724,Guwahati Airport New Integrated Terminal Building Construction Project,,Assam,Adani Airport Holdings Limited,03/2018,03/2025,,1712,1712,Ongoing,2025-08-01,91,,136.42,2335.44,,,,,
706718,C/o NITB Imphal Airport,,Manipur,Airport Authority of India [AAI],07/2022,07/2024,,499,499,Ongoing,2025-08-01,41,,30.95,154.43,,,,,
612793,"Widening of basic strip at Western Side of Runway Chainage 80m to 920m i/c slope stabilization Measures [Balance work] of uphill and Improvement of Storm Water Drainage System at Pakyong Airport, Sikkim on design & build basis [EPC] with integrated 10 years maintenance.",,Sikkim,Airport Authority of India [AAI],12/2023,02/2026,,323.26,323.26,Ongoing,2025-08-01,12,,9.19,29.7,,,,,
615820,TIKAK EXTENSION OCP,,Assam,MIS MoCoal Integration Logins,07/2022,07/2031,,159.77,159.77,Ongoing,2025-08-01,0,,50.6,80.84,,,,,
615821,TIRAP OCP,,Assam,MIS MoCoal Integration Logins,11/2022,11/2030,,289.46,289.46,Ongoing,2025-08-01,0,,36.44,105.47,,,,,
612898,Construction of Permanent Campus of National Institute of Technology Arunachal Pradesh,,Arunachal Pradesh,"National Institute of Technology, Arunachal Pradesh",03/2013,08/2026,,592.61,592.61,Ongoing,2025-08-01,75,,92.8,549.96,,,,,
606112,Tezpur University Projects,,Assam,Tezpur University,06/2021,11/2023,,153.71,153.71,Ongoing,2025-08-01,95,,35.16,54.05,,,,,
612885,Construction and Developement of National Institute of Technology Meghalaya Permanent Campus at Sohra,,Meghalaya,"National Institute of Technology, Meghalaya",09/2014,03/2022,,494.52,494.52,Ongoing,2025-08-01,86,,83.63,413.57,,,,,
612876,"Construction of Permanent Campus for NIT Mizoram at Lengpui, Aizawl",,Mizoram,Ministry of Education,05/2014,12/2029,,474.23,474.23,Ongoing,2025-08-01,4,,35.33,167.55,,,,,
613013,Establishment of NIT Nagaland,,Nagaland,NIT Nagaland,09/2012,12/2025,,275.63,275.63,Ongoing,2025-08-01,95,,94.37,260.1,,,,,
612883,Establishment of Permanent Campus of NIT SIkkim at Khamdong-Gangtok District,,Sikkim,Ministry of Education,03/2024,02/2028,,685.76,610.76,Ongoing,2025-08-01,9,,19.9,121.56,,,,,
609736,"Construction of Sikkim University Campus Phase-I Package-II at Yangang, South Sikkim",,Sikkim,Sikkim University,01/2022,01/2025,,314.06,314.06,Ongoing,2025-08-01,82,,75.85,238.22,,,,,
611698,240MW Heo HE Project,,Arunachal Pradesh,North Eastern Electric Power Corporation Limited,05/2025,07/2029,,1938.85,1938.85,Ongoing,2025-08-01,3,,2.54,49.31,,,,,
611699,186 MW Tato-I H E Project,,Arunachal Pradesh,North Eastern Electric Power Corporation Limited,05/2025,07/2029,,1750.07,1750.07,Ongoing,2025-08-01,2,,5.87,102.79,,,,,
602182,Dibang Multipurpose Project (National Highways & Infrastructure Development Corporation Ltd.,,Arunachal Pradesh,[NHIDCL],02/2023,02/2032,,31876.39,31876.4,Ongoing,2025-08-01,16,,11.15,3553.9,,,,,
602096,Subansiri Lower HE Project [2000 MW] (National Highways & Infrastructure Development Corporation Ltd.,,Multi-States (Arunachal,[NHIDCL],09/2003,(09/2003),,(05/2026),6285.33,Ongoing,2025-08-01,24880.95,,,(26075.5),,,,,
602181,"TEESTA-VI HE PROJECT, SIKKIM [500 MW], executed by LANCO TEESTA HYDRO POWER LIMITED [A wholly owned Subsidiary of NHPC LTD. acquired through NCLT] (National Highways & Infrastructure Development Corporation Ltd.",,Sikkim,[NHIDCL],03/2019,03/2024,,5748.04,5748.04,Ongoing,2025-08-01,69,,79.63,4576.93,,,,,
605156,Rangit-IV HE Project [120 MW]  executed by Jal Power Corporation Ltd. [JPCL] - A wholly owned subsidiary of NHPC Ltd. acquired through NCLT (National Highways & Infrastructure Development Corporation Ltd.,,Sikkim,[NHIDCL],03/2021,05/2024,,938.29,1828.11,Ongoing,2025-08-01,91,,86.65,1584.13,,,,,
602223,Comprehensive Scheme for Strengthening of Transmission and Distribution [T&D] Systems [CSST&DS] in Arunachal Pradesh and Sikkim,,Multi-States (Arunachal,Power Grid Corporation of India Limited [POWERGRID],03/2021,(01/2016),,(03/2027),4754.42,Ongoing,2025-08-01,7462.2,,,(9129.32),,,,,
607709,NORTH EASTERN REGION POWER SYSTEM IMPROVEMENT PROJECT [NERPSIP],,"Multi-States (Assam,",Power Grid Corporation of India Limited [POWERGRID],"Mizoram, Nagaland,",Tripura),,(03/2016),12/2018,Ongoing,2025-08-01,5111.33,,,(12/2025),,,,,
701263,Rajasthan Refinery Project,,Arunachal Pradesh,MinistryofPetroleumNaturalGas,10/2017,10/2022,,43129,79459,Ongoing,2025-08-01,88,,75.88,60295.14,,,,,
701349,Paradip-Numaligarh Crude Oil Pipeline [PNCPL] & Crude Oil Import Terminal [COIT] at Paradip,,Assam,Ministry of Petroleum & Natural Gas,01/2019,07/2024,,10228,11407,Ongoing,2025-08-01,87,,85.62,9766.72,,,,,
709754,"Construction of LPG Facilities at Kamardanga, Assam",,Assam,Hindustan Petroleum Corporation Limited,03/2023,07/2027,,156.36,156.36,Ongoing,2025-08-01,46,,34.63,54.15,,,,,
709755,"Setting up of new rail fed POL facility at Kamardanga, Assam",,Assam,Hindustan Petroleum Corporation Limited [HPCL],03/2023,07/2027,,384.04,384.04,Ongoing,2025-08-01,52,,31.35,120.4,,,,,
400035,"Grass Root Rail-fed Depot at Sekerkote, Agartala as resitement of existing Dharmanagar Depot",,Tripura,Indian Oil Corporation Limited [IOCL],06/2022,09/2025,,656,656,Ongoing,2025-08-01,86,,72.88,478.11,,,,,
604791,Numaligarh Refinery Expansion Project,,Assam,Ministry of Petroleum & Natural Gas,07/2020,07/2024,,12366,22494,Ongoing,2025-08-01,76,,74.53,16764.09,,,,,
604792,"Assam Bio Refinery, ABRPL",,Assam,Ministry of Petroleum & Natural Gas,02/2018,09/2021,,1750,4930,Ongoing,2025-08-01,99,,95.54,4710,,,,,
604863,Development of Surface Facilities for production and evacuation of Crude Oil and Natural Gas from Nadua and East Khagorija,,Assam,Ministry of Petroleum & Natural Gas,01/2018,02/2020,,682.9,726.93,Ongoing,2025-08-01,94,,67.31,489.3,,,,,
607701,"Guwahati Refinery Expansion [1.0 to 1.2 MMTPA] along with installation of CRU, Guwahati Refinery",,Assam,Ministry of Petroleum & Natural Gas,05/2021,10/2023,,412.3,577,Ongoing,2025-08-01,85,,74.67,430.83,,,,,
701350,Upgradation of Facilities of Numaligarh-Siliguri Product Pipeline [NSPL] for transportation of additional products from existing 1.72 MMTPA to 5.5 MMTPA,,Assam,Ministry of Petroleum & Natural Gas,06/2021,12/2024,,860,860,Ongoing,2025-08-01,98,,68.0,584.76,,,,,
616858,"Construction of Field Gas Gathering Station at Baghjan area for collection, processing & transportation of natural Gas to be produced from Baghjan Field",,Assam,Ministry of Petroleum & Natural Gas,12/2020,03/2024,,430.76,430.76,Ongoing,2025-08-01,85,,75.98,327.27,,,,,
709776,Augmentation/Revamping of Facilities at existing Guwahati Terminal at Betkuchi,,Assam,MinistryofPetroleumNaturalGas,04/2022,09/2026,,277,323.09,Ongoing,2025-08-01,68,,57.32,185.18,,,,,
709779,Capacity Expansion of Digboi Refinery from 0.65 to 1.0 MMTPA,,Assam,MinistryofPetroleumNaturalGas,06/2022,03/2026,,768,740,Ongoing,2025-08-01,39,,14.56,107.72,,,,,
709847,Pipeline Network Project Rudrasagar,,Assam,Ministry of Petroleum & Natural Gas,01/2023,04/2026,,344.99,344.99,Ongoing,2025-08-01,47,,61.18,211.05,,,,,
709850,Borholla GGS Life Extension Project [BLEP],,Assam,Ministry of Petroleum & Natural Gas,09/2023,05/2026,,198.7,198.7,Ongoing,2025-08-01,30,,18.52,36.8,,,,,
709864,DCU Revamp Project,,Assam,NRL,08/2021,07/2024,,370,370,Ongoing,2025-08-01,60,,68.42,253.17,,,,,
709865,Power Recovery Turbine [PRT] in PFCCU unit as an Energy Conservation Scheme,,Assam,NRL,04/2023,12/2024,,293.5,293.5,Ongoing,2025-08-01,94,,33.12,97.22,,,,,
701346,North East Gas Grid,,Multi-States (Arunachal,Ministry of Petroleum & Natural Gas,"Manipur, Meghalaya,","Mizoram, Nagaland,",,NA,04/2020,Ongoing,2025-08-01,(03/2026),,,03/2024,,,,,
709786,"Augmentation/ Revamping of Dimapur Depot, Dimapur",,Nagaland,MinistryofPetroleumNaturalGas,08/2023,11/2027,,227.62,227.62,Ongoing,2025-08-01,22,,4.01,9.12,,,,,
709837,"Creation of Gas Dehydration  Facilities, Tripura Asset",,Tripura,Oil and Natural Gas Corporation Limited [ONGC],03/2022,05/2024,,209.33,131.51,Ongoing,2025-08-01,62,,52.38,68.88,,,,,
705572,Doubling of New Bonggigaon to Kamakhya via Goalpara - 176 km,,Assam,Northeast Frontier Railway [NFR],09/2016,03/2026,,4060,4961,Ongoing,2025-08-01,93,,74.25,3683.75,,,,,
706922,Guwahati-Dibrugarh via Tinsukia & Simaluguri-Dibrugarh,,Assam,Central Organisation for Railway Electrification [CORE],09/2018,09/2020,,890.36,889.36,Ongoing,2025-08-01,89,,44.05,391.73,,,,,
706940,"Mariani-Jorhat, Tinsukia-Dangri and Makum -TirapTrack Electrification Project",,Assam,GM/C/ NFR,01/2022,05/2024,,183.99,183.99,Ongoing,2025-08-01,0,,0.0,0,,,,,
706942,Harmuty-Murkongselek Branch Line Electrification Project,,Assam,GM/C/ NFR,01/2022,05/2024,,237.52,237.52,Ongoing,2025-08-01,0,,0.0,0,,,,,
705391,Jiribam-Imphal new line project,,Manipur,Northeast Frontier Railway [NFR],12/2007,12/2026,,14323,21885.9,Ongoing,2025-08-01,69,,71.27,15598.11,,,,,
705401,Murkongselek-Pasighat,,Multi-States (Arunachal,Northeast Frontier Railway (NFR) - II,,(03/2012),,(12/2025),435,Ongoing,2025-08-01,901,,,(1250),,,,,
705392,Dimapur [Dhansiri]-Sukhobi Kohima [Zubza] NL [82.5 Km],,"Multi-States (Assam,",Northeast Frontier Railway [NFR],08/2015,(02/2016),,(12/2025),6663,Ongoing,2025-08-01,5312.26,,,(6663),,,,,
616701,Lumding Furkating Doubling Project 140 km,,"Multi-States (Assam,",Northeast Frontier Railway [NFR],,(01/2025),,(-),2123.7,Ongoing,2025-08-01,13.74,,,(2123.7),,,,,
705432,Sivok-Rangpo New Rail Line,,Sikkim,Indian Railway Construction International Limited [IRCON],05/2010,05/2015,,7877,12133,Ongoing,2025-08-01,84,,74.51,9039.91,,,,,
701598,Provision of 4G based Mobile Services in Uncovered Villages and National Highways of Meghalaya,,Meghalaya,Department of Telecommunications [DoT],09/2020,03/2022,,971.96,971.96,Ongoing,2025-08-01,99,,21.43,208.25,,,,,
701597,Provision of 4G Mobile Services in Uncovered Villages of Arunachal Pradesh and 2 Districts of Assam,,Multi-States (Arunachal,Department of Telecommunications [DoT],12/2020,(10/2021),,(09/2025),1255.49,Ongoing,2025-08-01,284.04,,,(1255.49),,,,,
702682,Dibrugarh Water Supply Infrastructure Project,,Assam,Ministry of Housing & Urban Affairs,01/2020,03/2023,,186.8,186.8,Ongoing,2025-08-01,98,,691.41,1291.55,,,,,
701370,Borolia Irrigation Project,,Assam,"Department of Water Resources, River Development & GR",12/1996,12/2022,,256.16,256.16,Ongoing,2025-08-01,55,,0.0,0,,,,,
701400,Thoubal Multipurpose Project,,Manipur,Water Resources Department-MN,04/1997,12/2019,,1449.44,1822.24,Ongoing,2025-08-01,98,,100.86,1837.91,,,,,
612786,"Construction of New Domestic Terminal Building Building and miscellaneous works including maintenance, operations and AICMC at Kadapa Airport",,Andhra Pradesh,Airport Authority of India [AAI],01/2024,01/2026,,265.91,265.91,Ongoing,2025-08-01,34,,18.83,50.06,,,,,
701107,Construction of New Integrated Terminal Building and associated works including apron to park 3 code E type of aircraft or 6 code C type of aircraft at Vijayawada Airport.,,Andhra Pradesh,Airport Authority of India [AAI],09/2020,09/2022,,611.8,611.8,Ongoing,2025-08-01,79,,77.36,473.27,,,,,
701121,Construction of New  Domestic Terminal Building  at Rajahmundry Airport.,,Andhra Pradesh,Airport Authority of India [AAI],08/2023,08/2025,,347.15,347.15,Ongoing,2025-08-01,51,,26.09,90.56,,,,,
706724,Guwahati Airport New Integrated Terminal Building Construction Project,,Assam,Adani Airport Holdings Limited,03/2018,03/2025,,1712,1712,Ongoing,2025-08-01,91,,136.42,2335.44,,,,,
612183,Development of New Civil Enclave at Bihta,,Bihar,Airport Authority of India [AAI],03/2025,09/2027,,1413,1413,Ongoing,2025-08-01,1,,0.0,0,,,,,
612194,Development of New Civil Enclave and associated works at Darbhanga Airport,,Bihar,Airport Authority of India [AAI],07/2024,01/2026,,911.66,911.66,Ongoing,2025-08-01,26,,17.57,160.2,,,,,
701101,"Construction of New Domestic Terminal Building [Phase-I and II] and other allied structures at JPNI Airport, Patna",,Bihar,Airport Authority of India [AAI],10/2018,07/2023,,1216.9,1216.9,Ongoing,2025-08-01,94,,90.11,1096.51,,,,,
701105,Goa Airport Terminal Building Extension Project,,Goa,Airport Authority of India [AAI],12/2019,12/2021,,255.69,255.69,Ongoing,2025-08-01,90,,50.84,130,,,,,
701126,"Development of Dholera International Greenfield Airport , Gujarat",,Gujarat,Airport Authority of India [AAI],07/2022,06/2026,,1305,1551,Ongoing,2025-08-01,64,,86.96,1348.78,,,,,
611047,"Construction of NTB complex including apron, taxi track and other associated civil works and electrical & mechanical installations towards Tawi River side at CA Jammu.",,Jammu and,Airport Authority of India [AAI],07/2022,(07/2023),,(06/2026),861.37,Ongoing,2025-08-01,177.69,,,(861.37),,,,,
612787,Construction of New Domestic Terminal Building and Miscellaneous works at Hubli Airport,,Karnataka,Airport Authority of India [AAI],01/2024,01/2026,,320.47,320.47,Ongoing,2025-08-01,38,,19.28,61.79,,,,,
612788,Construction of New Domestic Terminal Building and Miscellaneous Works at Belagavi Airport.,,Karnataka,Airport Authority of India [AAI],02/2024,01/2026,,322.45,322.45,Ongoing,2025-08-01,52,,37.75,121.72,,,,,
612789,"Development of additional RESA on either end on Runway 10-28  at Calicut Airport. Construction of embankment with slope protection, drainage system and associated works for additional RESA on either end on Runway 10-28",,Kerala,Airport Authority of India [AAI],02/2024,09/2025,,484.57,484.57,Ongoing,2025-08-01,21,,17.32,83.95,,,,,
400010,"Construction of Terminal Building & Associated works at Leh Airport, Ladakh",,Ladakh,Airport Authority of India [AAI],09/2018,09/2021,,480,640,Ongoing,2025-08-01,71,,67.94,434.79,,,,,
706718,C/o NITB Imphal Airport,,Manipur,Airport Authority of India [AAI],07/2022,07/2024,,499,499,Ongoing,2025-08-01,41,,30.95,154.43,,,,,
611570,"SITC of ATM Automation System and ASMGCS [Including SMR & MLAT] for Mumbai, Navi Mumbai, Jewar [earlier MOPA, without ASMGCS], HIAL & BIAL",,Multi-States,Airport Authority of India [AAI],"Maharashtra,","Telangana, Uttar",,NA,10/2022,Ongoing,2025-08-01,(08/2026),,,09/2025,,,,,
701127,Construction of New Passenger Terminal Building for Domestic Operations at Jodhpur Airport.,,Rajasthan,Airport Authority of India [AAI],04/2023,11/2024,,480,480,Ongoing,2025-08-01,84,,58.69,281.72,,,,,
701128,Construction of New Integrated Passenger Terminal Building at Udaipur Airport,,Rajasthan,Airport Authority of India [AAI],11/2022,03/2026,,887,887,Ongoing,2025-08-01,49,,39.78,352.82,,,,,
612793,"Widening of basic strip at Western Side of Runway Chainage 80m to 920m i/c slope stabilization Measures [Balance work] of uphill and Improvement of Storm Water Drainage System at Pakyong Airport, Sikkim on design & build basis [EPC] with integrated 10 years maintenance.",,Sikkim,Airport Authority of India [AAI],12/2023,02/2026,,323.26,323.26,Ongoing,2025-08-01,12,,9.19,29.7,,,,,
611602,"Modernization of Chennai Airport, Phase II, Part 2",,Tamil Nadu,Airport Authority of India [AAI],06/2023,07/2025,,1207,1207,Ongoing,2025-08-01,22,,12.36,149.21,,,,,
612063,"Construction of New Terminal Building, Second Link Taxi Track, Apron Expansion, and associated works at Prayagraj Airport- On Design & Build Basis.",,Uttar Pradesh,Airport Authority of India [AAI],08/2023,11/2024,,219.18,274.38,Ongoing,2025-08-01,100,,78.43,215.19,,,,,
701091,Lucknow Airport-Terminal 3- Phase 1 & Other Associated Works,,Uttar Pradesh,Adani Airport Holdings Limited,09/2018,03/2026,,3100,3100,Ongoing,2025-08-01,100,,516.92,16024.42,,,,,
701113,"Development of Lal Bahadur Shastri International airport, Varanasi including C/o New Terminal Building, Apron Extension, Runway Extension, PTT and allied works.",,Uttar Pradesh,Airport Authority of India [AAI],07/2024,07/2027,,2869.65,2869.65,Ongoing,2025-08-01,16,,11.26,322.98,,,,,
701122,Development of New Integrated Civil Enclave at Agra Airport,,Uttar Pradesh,Airport Authority of India [AAI],07/2024,07/2026,,579,579,Ongoing,2025-08-01,16,,13.28,76.88,,,,,
611495,Development of New Civil Enclave at Bagdogra Airport,,West Bengal,Airport Authority of India [AAI],10/2023,01/2027,,1549,1549,Ongoing,2025-08-01,11,,17.7,274.14,,,,,
612791,"Re-Construction of Rigid portions of Secondary Runway, K and  A Taxiway and Strengthening of C Taxiway at NSCBI Airport Kolkata.",,West Bengal,Airport Authority of India [AAI],12/2023,02/2025,,328.3,328.3,Ongoing,2025-08-01,45,,30.84,101.26,,,,,
615820,TIKAK EXTENSION OCP,,Assam,MIS MoCoal Integration Logins,07/2022,07/2031,,159.77,159.77,Ongoing,2025-08-01,0,,50.6,80.84,,,,,
615821,TIRAP OCP,,Assam,MIS MoCoal Integration Logins,11/2022,11/2030,,289.46,289.46,Ongoing,2025-08-01,0,,36.44,105.47,,,,,
400144,PORDA CHIMTAPANI OCP [10 MTY],,Chhattisgarh,South Eastern Coalfields Limited [SECL],12/2020,03/2029,,2310.12,2310.12,Ongoing,2025-08-01,10,,3.62,83.66,,,,,
400145,CHHAL OC SEAM III [6 MTY],,Chhattisgarh,South Eastern Coalfields Limited [SECL],12/2013,03/2022,,610.63,610.63,Ongoing,2025-08-01,85,,94.57,577.46,,,,,
400147,KUSMUNDA OC EXPANSION [15 TO 50 MTY],,Chhattisgarh,South Eastern Coalfields Limited [SECL],08/2013,03/2023,,7612.33,7612.33,Ongoing,2025-08-01,81,,61.72,4697.95,,,,,
400149,BAROUD OC EXPANSION [3.0-10.0M,,Chhattisgarh,South Eastern Coalfields Limited [SECL],08/2020,03/2029,,2309.8,2309.8,Ongoing,2025-08-01,48,,40.09,926.11,,,,,
400354,DIPKA EXPANSION OCP [40 MTY],,Chhattisgarh,South Eastern Coalfields Limited [SECL],12/2020,03/2029,,5241.4,5241.4,Ongoing,2025-08-01,37,,53.99,2830.01,,,,,
400424,GEVRA OC [70 MTY],,Chhattisgarh,South Eastern Coalfields Limited [SECL],03/2016,03/2023,,11816.4,11816.4,Ongoing,2025-08-01,77,,45.1,5328.96,,,,,
613795,JAMPALI OC RCE [2.0 MTY],,Chhattisgarh,South Eastern Coalfields Limited [SECL],05/2020,03/2025,,278.64,278.64,Ongoing,2025-08-01,82,,75.39,210.07,,,,,
613798,AMERA OC RCE [1.0 MTY],,Chhattisgarh,South Eastern Coalfields Limited [SECL],02/2015,03/2026,,335.97,335.97,Ongoing,2025-08-01,42,,26.26,88.21,,,,,
613799,AMGAON OC RCE [1.0 MTY],,Chhattisgarh,South Eastern Coalfields Limited [SECL],07/2015,03/2026,,316.11,316.11,Ongoing,2025-08-01,72,,59.66,188.6,,,,,
613800,JAGANNATHPUR OC RCE PROJECT[3,,Chhattisgarh,South Eastern Coalfields Limited [SECL],07/2016,03/2025,,459.49,459.49,Ongoing,2025-08-01,92,,59.71,274.35,,,,,
613801,MAHAMAYA OCP [1.50 MTY],,Chhattisgarh,South Eastern Coalfields Limited [SECL],05/2018,03/2026,,410.26,410.26,Ongoing,2025-08-01,38,,44.17,181.23,,,,,
615191,KATKONA RO UG MINE,,Chhattisgarh,South Eastern Coalfields Limited [SECL],01/2023,03/2029,,329.21,329.21,Ongoing,2025-08-01,2,,18.32,60.3,,,,,
616234,PELMA OC MDO,,Chhattisgarh,South Eastern Coalfields Limited [SECL],10/2022,03/2033,,1725.04,1725.04,Ongoing,2025-08-01,17,,0.91,15.66,,,,,
617287,KUSMUNDA OC EXPANSION PROJECT 50-75 MTY,,Chhattisgarh,SECL - CIL,11/2024,03/2030,,4516.88,4516.88,Ongoing,2025-08-01,3,,0.38,16.97,,,,,
617288,MANIKPUR OC EXPANSION PROJECT 7 MTY,,Chhattisgarh,South Eastern Coalfields Limited [SECL],01/2025,03/2029,,382.61,382.61,Ongoing,2025-08-01,1,,0.22,0.86,,,,,
612838,DIPKA OC,,Gujarat,SECL - CIL,01/2017,03/2025,,7580,7580,Ongoing,2025-08-01,65,,40.78,3091,,,,,
400018,HURA C OCP,,Jharkhand,ECL - CIL,08/2022,03/2029,,859.41,859.41,Ongoing,2025-08-01,62,,52.45,450.76,,,,,
400073,KONAR EXPANSION OCP,,Jharkhand,Ministry of Coal,01/2022,03/2032,,799.34,799.34,Ongoing,2025-08-01,45,,53.05,424.01,,,,,
400074,KARO EXPANSION OCP,,Jharkhand,Ministry of Coal,01/2022,03/2029,,908.47,908.47,Ongoing,2025-08-01,22,,29.63,269.18,,,,,
400136,SANGHMITRA OC,,Jharkhand,Ministry of Coal,03/2027,03/2032,,2660,2660,Ongoing,2025-08-01,0,,0.0,0,,,,,
400138,CHANDRAGUPT OCP,,Jharkhand,Ministry of Coal,08/2020,03/2032,,973.5,973.5,Ongoing,2025-08-01,25,,45.26,440.56,,,,,
400139,KOTRE BASANTPUR PACHMO OCP,,Jharkhand,Ministry of Coal,08/2020,03/2032,,861.06,625.4,Ongoing,2025-08-01,42,,72.91,455.95,,,,,
400142,Pachwara South Coal Block,,Jharkhand,NLC India Limited [NLCIL],12/2019,09/2028,,2242.9,2242.9,Ongoing,2025-08-01,74,,52.2,1170.75,,,,,
400150,RPR MAGADH EXP OCP,,Jharkhand,Ministry of Coal,08/2020,03/2028,,7254.37,7254.37,Ongoing,2025-08-01,38,,21.16,1535.31,,,,,
400151,NORTH URIMARI EXPANSION OCP,,Jharkhand,Ministry of Coal,07/2021,03/2029,,778.8,778.8,Ongoing,2025-08-01,67,,89.37,695.99,,,,,
400153,EPR ROHINI - KARKETTA OCP,,Jharkhand,Central Coalfields Limited [CCL],01/2021,03/2028,,1020.42,1020.42,Ongoing,2025-08-01,20,,8.23,83.95,,,,,
400154,EPR PUNDI OCP,,Jharkhand,Ministry of Coal,11/2020,03/2027,,713.35,713.35,Ongoing,2025-08-01,10,,33.16,236.58,,,,,
400155,EPR ASHOK OC,,Jharkhand,Ministry of Coal,05/2021,03/2028,,2898.28,2898.28,Ongoing,2025-08-01,22,,6.16,178.51,,,,,
400156,EPR AMRAPALI OCP,,Jharkhand,Ministry of Coal,02/2020,03/2028,,5136.15,5136.15,Ongoing,2025-08-01,43,,22.48,1154.6,,,,,
400160,RAJRAPPA RCE OCP,,Jharkhand,Ministry of Coal,12/2009,03/2016,,510.85,510.85,Ongoing,2025-08-01,76,,95.66,488.67,,,,,
400172,CHITRA EAST OC,,Jharkhand,Eastern Coal Fields Limited [ECL],08/2018,03/2026,,513.99,513.99,Ongoing,2025-08-01,51,,44.56,229.01,,,,,
400352,JHARKHAND-LAIYO OCP,,Jharkhand,Ministry of Coal,08/2020,03/2031,,764.57,764.57,Ongoing,2025-08-01,29,,19.07,145.81,,,,,
400425,MOONIDIH XV SEAM UG,,Jharkhand,Ministry of Coal,08/2011,03/2019,,1230.27,1230.27,Ongoing,2025-08-01,81,,50.93,626.63,,,,,
611017,2.5 MTPA PATHERDIH NLW WASHERY,,Jharkhand,Ministry of Coal,04/2016,04/2018,,334.27,334.27,Ongoing,2025-08-01,48,,42.03,140.51,,,,,
611864,AMALAGAMATED NTST KUJAMA OCP 8.5MTY,,Jharkhand,Ministry of Coal,01/2023,03/2030,,4011.85,4011.85,Ongoing,2025-08-01,28,,9.93,398.5,,,,,
613808,MURAIDIH UG PROJECT,,Jharkhand,Ministry of Coal,02/2011,04/2014,,339.87,339.87,Ongoing,2025-08-01,70,,56.2,191,,,,,
615349,TAPIN SOUTH EXPN,,Jharkhand,Ministry of Coal,11/2020,03/2028,,230.41,230.41,Ongoing,2025-08-01,20,,9.56,22.02,,,,,
615822,SIRKA OC,,Jharkhand,Ministry of Coal,05/2020,03/2028,,222.82,222.82,Ongoing,2025-08-01,53,,62.52,139.31,,,,,
615843,TETARIAKHAR OC,,Jharkhand,Ministry of Coal,11/2019,03/2025,,243.52,243.52,Ongoing,2025-08-01,30,,18.33,44.64,,,,,
616225,CHUPERBHITA SIMLONG OCP MDO 6 MTY,,Jharkhand,Eastern Coal Fields Limited [ECL],12/2023,03/2037,,979.08,979.08,Ongoing,2025-08-01,0,,0.0,0,,,,,
616236,JARANGDIH EXPN. OCP 1.5 MTY,,Jharkhand,CCL - CIL,02/2020,03/2029,,414.37,414.37,Ongoing,2025-08-01,33,,20.66,85.6,,,,,
616253,BLOCK E OCP,,Jharkhand,Ministry of Coal,03/2024,03/2029,,5850.83,5850.83,Ongoing,2025-08-01,3,,0.35,20.32,,,,,
400148,AMADAND OCP[4.0MTY],,Madhya Pradesh,South Eastern Coalfields Limited [SECL],03/2016,03/2021,,869.44,869.44,Ongoing,2025-08-01,75,,31.45,273.45,,,,,
400152,RAMPUR BATURA OCP [4.0MTY],,Madhya Pradesh,South Eastern Coalfields Limited [SECL],07/2019,03/2026,,1248.93,1248.93,Ongoing,2025-08-01,44,,39.67,495.4,,,,,
400162,BLOCK B EXPANSION  [3.5 TO 8.0,,Madhya Pradesh,Northern Coalfields Limited [NCL],07/2019,03/2023,,998.71,998.71,Ongoing,2025-08-01,47,,45.78,457.2,,,,,
400321,NIGAHI EXPANSION [15 TO 25 MTP,,Madhya Pradesh,Northern Coalfields Limited [NCL],11/2020,03/2025,,1729.68,1729.68,Ongoing,2025-08-01,48,,46.49,804.11,,,,,
613802,KANCHAN OC EXP,,Madhya Pradesh,South Eastern Coalfields Limited [SECL],12/2014,03/2026,,371.04,371.04,Ongoing,2025-08-01,47,,38.97,144.61,,,,,
613803,JHIRIA WEST OCP [1.5 MTY],,Madhya Pradesh,South Eastern Coalfields Limited [SECL],01/2024,03/2026,,366.94,366.94,Ongoing,2025-08-01,41,,9.28,34.05,,,,,
613804,RPR TAWA-III UG 0.84 MTY,,Madhya Pradesh,Western Coalfields Limited [WCL],12/2021,03/2027,,314.09,314.09,Ongoing,2025-08-01,17,,1.84,5.79,,,,,
615185,AMALGAMATED DHANKASA & JAMUNIA,,Madhya Pradesh,Western Coalfields Limited [WCL],09/2022,03/2027,,399.2,399.2,Ongoing,2025-08-01,66,,22.96,91.67,,,,,
615187,RPR OF VISHNUPURI UG TO OC,,Madhya Pradesh,Western Coalfields Limited [WCL],11/2022,03/2029,,220.62,220.62,Ongoing,2025-08-01,11,,0.0,0,,,,,
615194,URDHAN EXPANSION OC COST PLUS,,Madhya Pradesh,Western Coalfields Limited [WCL],01/2023,03/2031,,206.88,206.88,Ongoing,2025-08-01,1,,13.14,27.19,,,,,
615195,SHARDA UG MINE,,Madhya Pradesh,Western Coalfields Limited [WCL],09/2023,03/2028,,166.25,166.25,Ongoing,2025-08-01,9,,2.38,3.96,,,,,
615206,GANDHIGRAM UG MINE,,Madhya Pradesh,Western Coalfields Limited [WCL],08/2019,03/2026,,414.15,414.15,Ongoing,2025-08-01,57,,3.23,13.38,,,,,
400033,BHATADI EXPANSION OC,,Maharashtra,Western Coalfields Limited [WCL],05/2022,03/2028,,580.61,580.61,Ongoing,2025-08-01,26,,12.01,69.73,,,,,
400177,AMALGAMATED YEKONA I & YEKONA,,Maharashtra,Western Coalfields Limited [WCL],08/2015,03/2025,,727.28,727.28,Ongoing,2025-08-01,80,,73.69,535.96,,,,,
400178,DINESH[MAKARDHOKRA-III] OC,,Maharashtra,Western Coalfields Limited [WCL],02/2020,03/2027,,822.88,822.88,Ongoing,2025-08-01,35,,75.56,621.73,,,,,
400353,DHUPTALA OC [SASTI UG TO OC ],,Maharashtra,Western Coalfields Limited [WCL],10/2021,03/2028,,711.01,711.01,Ongoing,2025-08-01,17,,11.34,80.61,,,,,
615184,SAONER UG MINE -1 EXPANSION 1.,,Maharashtra,Western Coalfields Limited [WCL],01/2022,03/2028,,228.64,228.64,Ongoing,2025-08-01,68,,61.76,141.21,,,,,
615186,SASTI  EXPANSION OPENCAST,,Maharashtra,Western Coalfields Limited [WCL],08/2020,03/2026,,319.04,319.04,Ongoing,2025-08-01,20,,28.31,90.31,,,,,
615188,NEW MAJRI UG TO OC 3 MTY COST,,Maharashtra,Western Coalfields Limited [WCL],09/2022,03/2027,,402.27,402.27,Ongoing,2025-08-01,24,,13.78,55.44,,,,,
615189,MAKARDHOKRA EXPN OC 4.9 MTY,,Maharashtra,Western Coalfields Limited [WCL],06/2022,03/2026,,361.87,361.87,Ongoing,2025-08-01,12,,19.4,70.22,,,,,
615190,SINGHORI DEEP OC MIN 2.0 MTY,,Maharashtra,Western Coalfields Limited [WCL],05/2022,03/2029,,335.75,335.75,Ongoing,2025-08-01,6,,7.98,26.79,,,,,
615192,GOKUL EXTENSION OC MINE,,Maharashtra,Western Coalfields Limited [WCL],04/2021,03/2026,,309.58,309.58,Ongoing,2025-08-01,8,,12.94,40.06,,,,,
615199,KOLGAON EXPANSION DEEP OC MINE 0.80 MTY,,Maharashtra,Western Coalfields Limited [WCL],09/2023,03/2027,,198.71,198.71,Ongoing,2025-08-01,3,,0.36,0.71,,,,,
615330,BALLARPUR NORTH WEST OC MINE,,Maharashtra,Western Coalfields Limited [WCL],12/2022,03/2029,,360.81,360.81,Ongoing,2025-08-01,4,,0.01,0.02,,,,,
615331,GADEGAON OC 3 MTY,,Maharashtra,Western Coalfields Limited [WCL],10/2023,03/2030,,497.41,497.41,Ongoing,2025-08-01,0,,0.02,0.08,,,,,
615914,GHONSA EXPANSION DEEP OC MINE,,Maharashtra,Western Coalfields Limited [WCL],03/2021,03/2029,,184.71,184.71,Ongoing,2025-08-01,6,,6.22,11.48,,,,,
615916,AMLG GAURI PAUNI EXPANSION OC,,Maharashtra,Western Coalfields Limited [WCL],04/2024,03/2030,,1225.21,1225.21,Ongoing,2025-08-01,1,,6.44,78.87,,,,,
615917,GAURIDEEP/GAURI CENTRAL OCP 7.,,Maharashtra,Western Coalfields Limited [WCL],06/2024,03/2030,,973.07,973.07,Ongoing,2025-08-01,0,,0.02,0.24,,,,,
615918,RPR OF BHANEGAON OC,,Maharashtra,Western Coalfields Limited [WCL],09/2022,03/2028,,405.2,405.2,Ongoing,2025-08-01,8,,3.05,12.36,,,,,
615919,N. EXTN. MUNGOLI NIRGUDA D OCP,,Maharashtra,Western Coalfields Limited [WCL],06/2024,03/2030,,1024.91,1024.91,Ongoing,2025-08-01,0,,16.45,168.59,,,,,
615982,NILJAI EXPANSION DEEP  OCP,,Maharashtra,Western Coalfields Limited [WCL],08/2016,03/2022,,319.75,319.75,Ongoing,2025-08-01,79,,114.96,367.6,,,,,
616044,UKNI DEEP OC MINE -COST PLUS,,Maharashtra,Western Coalfields Limited [WCL],01/2019,03/2021,,237.06,237.06,Ongoing,2025-08-01,87,,69.84,165.57,,,,,
616050,AMALGAMATED INDER-KAMPTEE DEEP OC,,Maharashtra,Western Coalfields Limited [WCL],09/2018,03/2024,,235.9,235.9,Ongoing,2025-08-01,98,,100.52,237.12,,,,,
616223,ADASA UG TO OC MINE,,Maharashtra,Western Coalfields Limited [WCL],11/2018,03/2024,,316,316,Ongoing,2025-08-01,86,,97.73,308.84,,,,,
616229,AMAL GONDEGAON GHATROHANA EXPN,,Maharashtra,Western Coalfields Limited [WCL],09/2024,03/2030,,668.54,668.54,Ongoing,2025-08-01,0,,0.18,1.18,,,,,
617233,WAGHODA UG MINE [1.02 MTY],,Maharashtra,Western Coalfields Limited [WCL],01/2025,03/2030,,379.3,379.3,Ongoing,2025-08-01,0,,0.0,0,,,,,
617278,KOLARPIMPRI EXPANSION OC [2.5 MTY],,Maharashtra,Western Coalfields Limited [WCL],02/2025,03/2030,,630.37,630.37,Ongoing,2025-08-01,0,,0.0,0,,,,,
400313,Master Plan for Jharia and Raniganj Coalfields,,Multi-States,Bharat Coking Coal Limited [BCCL],Bengal,08/2009,,08/2019,12/2028,Ongoing,2025-08-01,(2661.73),,,2661.73,,,,,
400369,BINA KAKRI AMALGAMATION EXPANS,,Multi-States,Northern Coalfields Limited [NCL],Uttar Pradesh,08/2020,,03/2024,03/2027,Ongoing,2025-08-01,(836.42),,,836.42,,,,,
615183,KHADIA EXPANSION [10 TO 16 MTP,,Multi-States,Northern Coalfields Limited [NCL],Uttar Pradesh,06/2021,,03/2025,03/2027,Ongoing,2025-08-01,(491.67),,,491.67,,,,,
400165,SUBHADRA OCP,,Odisha,Mahanadi Coalfields Limited [MCL],05/2021,04/2032,,1693.81,1693.81,Ongoing,2025-08-01,42,,78.0,1321.15,,,,,
400166,SIARMAL OCP,,Odisha,Mahanadi Coalfields Limited [MCL],02/2021,03/2029,,5194.95,5194.95,Ongoing,2025-08-01,55,,66.53,3456.05,,,,,
400183,BALARAM EXPANSION OCP,,Odisha,Mahanadi Coalfields Limited (MCL,08/2020,03/2029,,3504.21,3504.21,Ongoing,2025-08-01,52,,29.36,1028.92,,,,,
400185,GOPALJI KANIHA OCP [10 TO 30 M,,Odisha,MCL - CIL,04/2022,03/2030,,8416.19,6107.87,Ongoing,2025-08-01,17,,27.98,1708.88,,,,,
400187,INTEGRATED LAKHANPUR-BELPAHAR-,,Odisha,Mahanadi Coalfields Limited [MCL],05/2018,03/2027,,2434.75,2434.75,Ongoing,2025-08-01,69,,74.47,1813.26,,,,,
400392,BHARATPUR RE-ORGANIZATION OCP,,Odisha,Mahanadi Coalfields Limited (MCL,11/2018,03/2029,,2838.86,2838.86,Ongoing,2025-08-01,47,,61.59,1748.41,,,,,
615193,BASUNDHARA WEST EXTENSION OPEN,,Odisha,MCL - CIL,05/2014,03/2019,,479.15,479.15,Ongoing,2025-08-01,64,,58.65,281.01,,,,,
615857,Naini Coal Mine,,Odisha,Singareni Collieries Company Limited [SCCL],03/2020,03/2026,,494.3,494.3,Ongoing,2025-08-01,80,,99.4,491.33,,,,,
616226,INTEGRATED KULDA GARJANBAHAL O,,Odisha,Mahanadi Coalfields Limited (MCL,04/2023,03/2033,,3563.5,3563.5,Ongoing,2025-08-01,4,,15.17,540.62,,,,,
616231,BHUBANESWARI EXPN OCP 50 MTY,,Odisha,MCL - CIL,03/2024,03/2033,,5366.27,5366.27,Ongoing,2025-08-01,14,,8.67,465.31,,,,,
616232,HINGULA II OC EXPN PH III 15 M,,Odisha,MCL - CIL,11/2022,03/2029,,1561.85,1561.85,Ongoing,2025-08-01,23,,17.26,269.61,,,,,
616233,BALABHADRA OCP,,Odisha,MCL - CIL,04/2023,03/2030,,978.44,978.44,Ongoing,2025-08-01,11,,21.6,211.37,,,,,
615818,Jawahar Khani Open Cast Mine,,Telangana,Singareni Collieries Company Limited [SCCL],12/2021,03/2025,,297.88,297.88,Ongoing,2025-08-01,20,,15.57,46.39,,,,,
615858,Kalyanikhani Opencast Project,,Telangana,Singareni Collieries Company Limited [SCCL],05/2017,03/2026,,384.32,384.32,Ongoing,2025-08-01,75,,73.33,281.83,,,,,
615859,Kakathiya Khani Opencast - III Project Phase - I,,Telangana,Singareni Collieries Company Limited [SCCL],05/2017,03/2026,,413.84,413.84,Ongoing,2025-08-01,79,,96.06,397.55,,,,,
615860,Godavarikhani Coal Mine - 5,,Telangana,Singareni Collieries Company Limited [SCCL],05/2019,03/2025,,607.04,607.04,Ongoing,2025-08-01,71,,30.99,188.15,,,,,
615861,Indaram Opencast Project,,Telangana,Singareni Collieries Company Limited [SCCL],12/2022,03/2025,,424.81,424.81,Ongoing,2025-08-01,80,,94.78,402.64,,,,,
615862,Goleti Opencast Mine,,Telangana,Singareni Collieries Company Limited [SCCL],08/2021,03/2026,,345.6,345.6,Ongoing,2025-08-01,20,,21.58,74.59,,,,,
615863,Venkatesh Khani Coal Mine,,Telangana,Singareni Collieries Company Limited [SCCL],06/2020,03/2026,,484.5,484.5,Ongoing,2025-08-01,95,,95.08,460.67,,,,,
615864,Ramagundam OC-II Extension Project,,Telangana,Singareni Collieries Company Limited [SCCL],06/2015,03/2026,,489.62,489.62,Ongoing,2025-08-01,77,,82.83,405.54,,,,,
615865,Kakatiyakhani OC - 2 Project,,Telangana,Singareni Collieries Company Limited [SCCL],09/2017,03/2025,,442.42,442.42,Ongoing,2025-08-01,63,,46.34,205,,,,,
400173,MOHANPUR EXPANSION OC -PHASE II,,West Bengal,Eastern Coal Fields Limited [ECL],11/2020,03/2026,,888.99,888.99,Ongoing,2025-08-01,30,,10.46,93,,,,,
400180,BONJEMEHARI EXPANSION OCP,,West Bengal,Eastern Coal Fields Limited [ECL],08/2021,03/2026,,570.11,570.11,Ongoing,2025-08-01,16,,14.37,81.95,,,,,
400181,NAKRAKONDA KUMARDIH- B OCP,,West Bengal,Eastern Coal Fields Limited [ECL],08/2018,03/2029,,502.68,502.67,Ongoing,2025-08-01,26,,13.45,67.61,,,,,
400182,SIDULI [OC & UG],,West Bengal,ECL - CIL,05/2018,03/2027,,535.18,535.17,Ongoing,2025-08-01,14,,0.94,5.05,,,,,
400186,TILABONI UG,,West Bengal,Eastern Coal Fields Limited [ECL],03/2023,03/2029,,749.08,749.08,Ongoing,2025-08-01,10,,6.97,52.18,,,,,
400312,JHANJRA EXPANSION UG,,West Bengal,Eastern Coal Fields Limited [ECL],04/2020,03/2029,,1210.12,1210.12,Ongoing,2025-08-01,41,,43.6,527.67,,,,,
400315,SONEPUR BAZARI EXPANSION OCP [12 MTY],,West Bengal,Eastern Coal Fields Limited [ECL],07/2021,03/2029,,5365.88,5365.88,Ongoing,2025-08-01,17,,10.53,565.26,,,,,
611016,2.0 MTPA BHOJUDIH NLW WASHERY,,West Bengal,Ministry of Coal,03/2019,09/2020,,384.57,384.57,Ongoing,2025-08-01,97,,91.85,353.21,,,,,
612816,ITAPARA OCP,,West Bengal,Eastern Coal Fields Limited [ECL],12/2023,03/2030,,929.1,929.1,Ongoing,2025-08-01,7,,7.28,67.6,,,,,
613793,SHYAMSUNDARPUR UG INCLUDING SA,,West Bengal,Eastern Coal Fields Limited [ECL],04/2020,03/2026,,483.65,483.65,Ongoing,2025-08-01,12,,12.21,59.04,,,,,
613794,PARASEA-BELBAID UG PROJECT,,West Bengal,Eastern Coal Fields Limited [ECL],01/2023,03/2028,,389.1,389.1,Ongoing,2025-08-01,17,,33.78,131.42,,,,,
616230,PARASCOLE JAMBAD OCP,,West Bengal,Eastern Coal Fields Limited [ECL],11/2024,03/2037,,1193.55,1193.55,Ongoing,2025-08-01,0,,0.79,9.46,,,,,
617299,50 MW Wind Power Project,,Gujarat,NLC India Limited [NLCIL],02/2024,06/2025,,383.84,383.84,Ongoing,2025-08-01,41,,79.07,303.5,,,,,
400231,NLC Talabira Thermal Power Project,,Odisha,NLC India Limited [NLCIL],01/2024,03/2030,,27212.96,27213,Ongoing,2025-08-01,1,,7.18,1953.52,,,,,
612819,300 MW SPP part of 510 MW CPSU scheme,,Rajasthan,NLC India Limited [NLCIL],03/2023,09/2024,,1813,1813,Ongoing,2025-08-01,70,,48.22,874.14,,,,,
615327,50 MW Solar PP Minedout Area,,Tamil Nadu,NLC India Limited [NLCIL],02/2024,03/2025,,218.03,218.03,Ongoing,2025-08-01,50,,74.18,161.73,,,,,
400259,Ghatampur Thermal Power Plant 3 X 660 MW,,Uttar Pradesh,NLC India Limited [NLCIL],08/2016,11/2020,,17237.8,21780.9,Ongoing,2025-08-01,92,,93.06,20269.54,,,,,
400203,Dharamjaigarh-Korba,,Chhattisgarh,Railway,03/2017,12/2026,,1686.22,1686.22,Ongoing,2025-08-01,41,,20.64,347.96,,,,,
400416,Shivpur-Kathautia New Rail [BG] Line [49 km] [Package II of Tori-Shivpur-Kathautia line],,Jharkhand,Ministry of Coal,05/2022,06/2025,,1799.64,1799.64,Ongoing,2025-08-01,60,,71.89,1293.71,,,,,
400192,Tubed Coal Mine,,Jharkhand,Damodar Valley Corporation,10/2016,05/2026,,1581,1581,Ongoing,2025-08-01,34,,37.76,596.94,,,,,
603293,Badam Coal Mining project of NTPC,,Jharkhand,National Thermal Power Corporation [NTPC],09/2019,12/2056,,502,784,Ongoing,2025-08-01,59,,40.04,313.88,,,,,
602182,Dibang Multipurpose Project,,Arunachal Pradesh,National Highways & Infrastructure Development Corporation Ltd. [NHIDCL],02/2023,02/2032,,31876.39,31876.4,Ongoing,2025-08-01,16,,11.15,3553.9,,,,,
611698,240MW Heo HE Project,,Arunachal Pradesh,North Eastern Electric Power Corporation Limited,05/2025,07/2029,,1938.85,1938.85,Ongoing,2025-08-01,3,,2.54,49.31,,,,,
611699,186 MW Tato-I H E Project,,Arunachal Pradesh,North Eastern Electric Power Corporation Limited,05/2025,07/2029,,1750.07,1750.07,Ongoing,2025-08-01,2,,5.87,102.79,,,,,
602579,Buxar Thermal Power Project [1320 MW],,Bihar,Satluj Jal Vidyut Nigam [SJVN] Thermal Limited,06/2019,01/2024,,10439.09,13756.6,Ongoing,2025-08-01,92,,88.31,12148.46,,,,,
611930,Lara Super Thermal Power Project Stage-II [2 x 800 MW],,Chhattisgarh,National Thermal Power Corporation [NTPC],08/2023,06/2028,,15530,15530,Ongoing,2025-08-01,16,,15.97,2480,,,,,
617188,"Sipat Super Thermal Power Project, Stage-III [1x800 MW]",,Chhattisgarh,National Thermal Power Corporation [NTPC],09/2024,09/2029,,9791,9791,Ongoing,2025-08-01,0,,0.0,0,,,,,
709747,Bagodara Solar Power Project,,Gujarat,Satluj Jal Vidyut Nigam [SJVN] Thermal Limited,05/2021,12/2025,,339.35,339.35,Ongoing,2025-08-01,51,,93.59,317.59,,,,,
602582,Dhaulasidh Hydro Electric Project [66 MW],,Himachal Pradesh,Satluj Jal Vidyut Nigam [SJVN] Thermal Limited,05/2021,11/2025,,687.97,1511.87,Ongoing,2025-08-01,68,,61.33,927.3,,,,,
602593,Luhri Stage-I Hydro Electric Project [210 MW],,Himachal Pradesh,Satluj Jal Vidyut Nigam [SJVN] Thermal Limited,11/2020,01/2026,,1810.56,3584.53,Ongoing,2025-08-01,51,,48.87,1751.6,,,,,
602633,382 MW Sunni Dam HEP,,Himachal Pradesh,Satluj Jal Vidyut Nigam [SJVN] Thermal Limited,04/2018,03/2027,,2615,2615,Ongoing,2025-08-01,0.5,,18.95,495.57,,,,,
611586,Sunni Dam Hydro Electric Project [382 MW],,Himachal Pradesh,Satluj Jal Vidyut Nigam [SJVN] Thermal Limited,01/2023,04/2028,,2614.51,4540.71,Ongoing,2025-08-01,29,,21.2,962.66,,,,,
602525,"Pakal Dul [Drangdhuran] Hydroelectric Project, 1000 MW",,Jammu and,National Highways & Infrastructure Development Corporation Ltd. [NHIDCL],10/2014,(02/2018),,(12/2026),8112.12,Ongoing,2025-08-01,7238.73,,,(12728),,,,,
602532,Kiru HE Project,,Jammu and,National Highways & Infrastructure Development Corporation Ltd. [NHIDCL],03/2019,(03/2019),,(12/2026),4287.59,Ongoing,2025-08-01,3157.49,,,(5409),,,,,
602535,"Ratle HE Project - 850 MW, Ratle Hydroelectric Power Corporation Limited.",,Jammu and,National Highways & Infrastructure Development Corporation Ltd. [NHIDCL],02/2021,(02/2021),,(08/2029),5281.94,Ongoing,2025-08-01,1009.79,,,(5281.94),,,,,
605155,Kwar HE Project,,Jammu and,National Highways & Infrastructure Development Corporation Ltd. [NHIDCL],05/2022,(05/2022),,(03/2028),4526.12,Ongoing,2025-08-01,1119.59,,,(4526.12),,,,,
400261,Patratu Thermal Power Station Expansion Project Phase-I [3x800 MW],,Jharkhand,National Thermal Power Corporation [NTPC],11/2017,03/2023,,17112,20302,Ongoing,2025-08-01,85,,86.08,17475,,,,,
611509,"Koderma Thermal Power Station Phase II [2X800 MW] At Koderma, Jharkhand",,Jharkhand,Damodar Valley Corporation,11/2024,03/2029,,14358,14358,Ongoing,2025-08-01,3,,7.88,1131.57,,,,,
602096,Subansiri Lower HE Project [2000 MW],,Multi-States,National Highways & Infrastructure Development Corporation Ltd. [NHIDCL],"Pradesh, Assam",09/2003,,09/2010,05/2026,Ongoing,2025-08-01,(26075.5),,,6285.33,,,,,
602961,Talcher Thermal Power Station Stage III [2 x 660 MW] Expansion,,Odisha,National Thermal Power Corporation [NTPC],09/2022,05/2027,,11843.75,12543,Ongoing,2025-08-01,32,,33.18,4161.68,,,,,
709748,BIKANER SOLAR POWER PROJECT,,Rajasthan,Satluj Jal Vidyut Nigam [SJVN] Thermal Limited,05/2022,04/2024,,5491.89,5491.89,Ongoing,2025-08-01,84,,87.5,4805.16,,,,,
602181,"TEESTA-VI HE PROJECT, SIKKIM [500 MW], executed by LANCO TEESTA HYDRO POWER LIMITED [A wholly owned Subsidiary of NHPC LTD. acquired through NCLT]",,Sikkim,National Highways & Infrastructure Development Corporation Ltd. [NHIDCL],03/2019,03/2024,,5748.04,5748.04,Ongoing,2025-08-01,69,,79.63,4576.93,,,,,
605156,Rangit-IV HE Project [120 MW]  executed by Jal Power Corporation Ltd. [JPCL] -A wholly owned subsidiary of NHPC Ltd. acquired through NCLT,,Sikkim,National Highways & Infrastructure Development Corporation Ltd. [NHIDCL],03/2021,05/2024,,938.29,1828.11,Ongoing,2025-08-01,91,,86.65,1584.13,,,,,
602194,Khurja super Thermal Power Plant [2X660 MW],,Uttar Pradesh,THDC India Limited,08/2019,02/2024,,11089.42,13276.2,Ongoing,2025-08-01,97,,96.2,12772.21,,,,,
612142,"Singrauli Super Thermal Power Project, Stage-III [2x800 MW]",,Uttar Pradesh,National Thermal Power Corporation [NTPC],03/2024,02/2030,,17195,17195,Ongoing,2025-08-01,9,,10.11,1739,,,,,
602185,Tapovan-Vishnugad HEP [4x130 MW],,Uttarakhand,National Thermal Power Corporation [NTPC],11/2006,03/2013,,2978,10907.3,Ongoing,2025-08-01,77,,65.97,7195.58,,,,,
602193,Tehri Pumped Storage Plant Project [4x250 MW],,Uttarakhand,THDC India Limited,06/2011,06/2022,,4825.6,8339,Ongoing,2025-08-01,98,,96.71,8064.9,,,,,
602195,Vishnugad Pipalkoti Hydro Electric Project [444 MW],,Uttarakhand,THDC India Limited,01/2014,12/2022,,3860.35,6823.72,Ongoing,2025-08-01,72,,74.75,5101.06,,,,,
400062,"Raghunathpur Thermal Power Station Phase II [2X660 MW] at Raghunathpur, Purulia, West Bengal",,West Bengal,Damodar Valley Corporation,02/2025,06/2029,,17673,17673,Ongoing,2025-08-01,1,,6.75,1192.71,,,,,
602184,Rammam-III HEPP [3x40 MW],,West Bengal,National Thermal Power Corporation [NTPC],09/2014,09/2019,,1381.84,1381.84,Ongoing,2025-08-01,47,,92.76,1281.85,,,,,
602538,Installation of FGD for 4x210 & 2x250 MW MTPS U 1-6,,West Bengal,Damodar Valley Corporation,02/2021,01/2024,,1037,1106,Ongoing,2025-08-01,92,,98.76,1092.27,,,,,
611967,Transmission Scheme for Solar Energy Zone in Ananthpuram 2500MW and Kurnool 1000MW,,Andhra Pradesh,Power Grid Corporation of India Limited [POWERGRID],09/2023,09/2025,,1248.69,1248.69,Ongoing,2025-08-01,82,,68.95,860.97,,,,,
612856,Augmentation of 1x1500 MVA 3rd  765/400 kV transformation capacity at Kurnool New Substation,,Andhra Pradesh,Power Grid Corporation of India Limited [POWERGRID],12/2023,09/2025,,163.61,163.61,Ongoing,2025-08-01,42,,37.0,60.53,,,,,
617183,Transmission system strengthening at Kurnool- III PS for integration of additional RE generation projects [POWERGRID Kurnool III PS RE Transmission Limited],,Andhra Pradesh,Power Grid Corporation of India Limited [POWERGRID],03/2025,12/2027,,2886,2886,Ongoing,2025-08-01,0,,4.08,117.86,,,,,
611737,Western Region Expansion Scheme-XXV,,Chhattisgarh,Power Grid Corporation of India Limited [POWERGRID],02/2023,11/2023,,385.84,385.84,Ongoing,2025-08-01,97,,98.01,378.17,,,,,
608301,Transmission system strengthening scheme for evacuation of power from solar energy zones in Rajasthan 8.1 GW under Phase II- Part- G1,,Delhi,Power Grid Corporation of India Limited [POWERGRID],02/2022,09/2023,,359.47,359.47,Ongoing,2025-08-01,93,,92.05,330.91,,,,,
611656,Transmission scheme for evacuation of 4.5GW RE injection at Khavda PS under Phase II- Part B,,Gujarat,Power Grid Corporation of India Limited [POWERGRID],03/2023,03/2025,,1167.55,1167,Ongoing,2025-08-01,93,,90.01,1050.41,,,,,
611657,Transmission scheme for evacuation of 4.5GW RE injection at Khavda PS under Phase II- Part C,,Gujarat,Power Grid Corporation of India Limited [POWERGRID],03/2023,03/2025,,2820.99,2820.99,Ongoing,2025-08-01,84,,91.11,2570.25,,,,,
611660,Establishment of Khavda Pooling Station-2 KPS2 in Khavda RE Park KPS2 TRANSMISSION SYSTEM LIMITED,,Gujarat,Power Grid Corporation of India Limited [POWERGRID],03/2023,12/2024,,966.79,966.79,Ongoing,2025-08-01,95,,93.56,904.52,,,,,
612139,Transmission system for Evacuation of Additional 7 GW RE power from Khavda RE park under Phase-III Part B [Vataman Transmission Limited],,Gujarat,Power Grid Corporation of India Limited [POWERGRID],12/2023,12/2025,,3751.82,3751.82,Ongoing,2025-08-01,22,,42.0,1575.72,,,,,
612151,Transmission System for Evacuation of Power from potential Renewable Energy zone in Khavda Area of Gujarat under Phase IV [7 GW] Part E3,,Gujarat,Power Grid Corporation of India Limited [POWERGRID],07/2023,07/2025,,334,334,Ongoing,2025-08-01,30,,22.0,73.48,,,,,
612855,Transmission System for Evacuation of Power from Potential Energy Renewable Zone in Khavda Area of Gujarat under Ph-IV [7GW] Part E2,,Gujarat,Power Grid Corporation of India Limited [POWERGRID],05/2024,05/2026,,679,679,Ongoing,2025-08-01,19,,14.32,97.23,,,,,
615342,Augmentation of Transformation Capacity at jam Khambhaliya PS [GIS] [SPV Name POWERGRID Jam Khambhaliya Transmission Limited],,Gujarat,Power Grid Corporation of India Limited [POWERGRID],10/2024,07/2026,,329,329,Ongoing,2025-08-01,1,,3.06,10.07,,,,,
615343,Provision of Dynamic Reactive Compensation at Khavda pooling Station 1 [KPS1] and Khavda Pooling station 3 [KPS3],,Gujarat,Power Grid Corporation of India Limited [POWERGRID],11/2024,11/2026,,501,501,Ongoing,2025-08-01,1,,1.2,6.01,,,,,
615345,Transmission System for Evacuation of Power from Potential Renewable Energy Zone in Khavda area of Gujarat under Phase-IV [7GW] Part B [SPV Name POWERGRID South Olpad Transmission Limited],,Gujarat,Power Grid Corporation of India Limited [POWERGRID],10/2024,10/2026,,4766,4766,Ongoing,2025-08-01,7,,11.85,564.77,,,,,
617069,Augmentation of Transformation Capacity at KPS1 [GIS] and KPS2 [GIS] [Phase-V Part B1 and Part B2 Scheme]  [SPV Name- POWERGRID KPS1 and 2 Augmentation Transmission Limited],,Gujarat,Power Grid Corporation of India Limited [POWERGRID],02/2025,02/2027,,466,466,Ongoing,2025-08-01,1,,3.0,13.99,,,,,
617182,Augmentation of Banaskantha [Raghanesda] PS [GIS] [POWERGRID Banaskantha Transco Limited],,Gujarat,Power Grid Corporation of India Limited [POWERGRID],03/2025,03/2027,,172,172,Ongoing,2025-08-01,3,,4.23,7.27,,,,,
617272,Implementation of LILO of both circuits of 400KV vindhyachal PS-Sasan D/C Line at Hindalco Switchyard,,Haryana,Power Grid Corporation of India Limited [POWERGRID],06/2024,12/2026,,370,370,Ongoing,2025-08-01,1,,1.0,3.7,,,,,
608302,Transmission system for evacuation of Power from Pakaldul HEP in Chenab Valley HEPs - LTA System,,Jammu and,Power Grid Corporation of India Limited [POWERGRID],02/2022,(02/2022),,(09/2025),318.12,Ongoing,2025-08-01,287.31,,,(318.12),,,,,
617179,Transmission Scheme for evacuation of Power from Ratle HEP [850 MW] & kiru [624 MW] Part B,,Jammu and,Power Grid Corporation of India Limited [POWERGRID],07/2024,(07/2024),,(-),218.6,Ongoing,2025-08-01,1.01,,,(218.6),,,,,
612140,Transmission Scheme for Integration of Renewable Energy Zone [Phase II] in Koppal II [Phase A&B] and gadag II[Phase A] in Karnataka [POWERGRID KOPPAL GADAG TRANSMISSION LIMITED],,Karnataka,Power Grid Corporation of India Limited [POWERGRID],12/2023,12/2025,,2889.39,2889.39,Ongoing,2025-08-01,46,,46.11,1332.21,,,,,
616672,System Strengthening at Koppal-II and GadagII for integration of RE generation projects [SPV Name POWERGRID Koppal Gadag Augmentation Transmission Limited],,Karnataka,Power Grid Corporation of India Limited [POWERGRID],01/2025,06/2027,,1354,1354,Ongoing,2025-08-01,0,,1.31,17.73,,,,,
617068,"Augmentation of Transformation Capacity by 3x500 MVA, 400/220 KV ICTS [6th-8th] and 1x1500 MVA, 765/400 KV ICT [4th] at Bidar PS  [SPV Name- POWERGRID Bidar Augmentation Transmission Limited]",,Karnataka,Power Grid Corporation of India Limited [POWERGRID],02/2025,06/2027,,288,288,Ongoing,2025-08-01,0,,2.36,6.79,,,,,
617184,Transmission Scheme for integration of Davanagere/ Chitradurga and Bellary REZ in Karnataka  [POWERGRID Chitradurga Bellary REZ Transmission Limited],,Karnataka,Power Grid Corporation of India Limited [POWERGRID],03/2025,09/2027,,3453,3453,Ongoing,2025-08-01,0,,0.96,33.14,,,,,
615344,Transmission System for Evacuation of Power from Rajasthan REZ Ph-IV [Part-2 5.5GW] [Jaisalmer/Barmer Complex] Part H1 [POWERGRID KURAWAR TRANSMISSION LIMITED],,Madhya Pradesh,Power Grid Corporation of India Limited [POWERGRID],10/2024,10/2026,,3674,3674,Ongoing,2025-08-01,14,,13.48,495.18,,,,,
615346,Transmission System for Evacuation of Power from Rajasthan REZ Ph-IV [Part-2 5.5 GW] [Jaisalmer/Barmer Complex] Part C [SPV Name POWERGRID Mandsaur Transmission Limited],,Madhya Pradesh,Power Grid Corporation of India Limited [POWERGRID],08/2024,08/2026,,2708,2708,Ongoing,2025-08-01,35,,30.0,812.4,,,,,
617279,Transmission System for evacuation of power from Mahan Energen Limited Generating Station in Madhya Pradesh [SPV Name - POWERGRID MEL Power Transmission Limited],,Madhya Pradesh,Power Grid Corporation of India Limited [POWERGRID],06/2025,12/2027,,558,558,Ongoing,2025-08-01,0,,3.0,16.74,,,,,
611966,Transmission System for Evacuation of power from Potential RE Zone in Khavda Area of Gujarat under phase IV 7GW-Part E4,,Maharashtra,Power Grid Corporation of India Limited [POWERGRID],11/2023,07/2025,,224.41,224.41,Ongoing,2025-08-01,10,,10.98,24.64,,,,,
617185,Transmission System for Integration of Kurnool-IV REZ  Phase-I [for 4.5 GW] [POWERGRID Kurnool-IV Transmission Limited],,Multi-States,Power Grid Corporation of India Limited [POWERGRID],Karnataka,03/2025,,03/2027,-,Ongoing,2025-08-01,(5550),,,5550,,,,,
900808,Transmission System for Kurnool Wind Energy Zone/ Solar Energy Zone  Part-A and Part-B,,Multi-States,Power Grid Corporation of India Limited [POWERGRID],Telangana,11/2022,,11/2024,12/2025,Ongoing,2025-08-01,(3546.94),,,3546.94,,,,,
602223,Comprehensive Scheme for Strengthening of Transmission and Distribution [T&D] Systems [CSST&DS] in Arunachal Pradesh and Sikkim,,Multi-States,Power Grid Corporation of India Limited [POWERGRID],"Pradesh, Sikkim",03/2021,,12/2018,03/2027,Ongoing,2025-08-01,(9129.32),,,4754.42,,,,,
607709,NORTH EASTERN REGION POWER SYSTEM IMPROVEMENT PROJECT [NERPSIP],,Multi-States,Power Grid Corporation of India Limited [POWERGRID],"Meghalaya,","Mizoram,",,12/2014,03/2016,Ongoing,2025-08-01,(12/2025),,,12/2018,,,,,
617271,Eastern Region  Expansion Scheme-43 [ERES-43],,Multi-States,Power Grid Corporation of India Limited [POWERGRID],West Bengal,09/2024,,03/2026,-,Ongoing,2025-08-01,(342.69),,,342.69,,,,,
617270,Eastern Region  Expansion Scheme-44 [ERES-44],,Multi-States,Power Grid Corporation of India Limited [POWERGRID],Bengal,11/2024,,05/2026,-,Ongoing,2025-08-01,(408.94),,,408.94,,,,,
400005,Transmission Network Expansion in Gujarat to increase its ATC from ISTS Part B,,Multi-States,Power Grid Corporation of India Limited [POWERGRID],Haveli and Daman,"& Diu, Gujarat,",,01/2022,07/2022,Ongoing,2025-08-01,(12/2025),,,06/2023,,,,,
608922,Transmission System Strengthening Scheme for evacuation of power from SEZ in Rajasthan 8.1 GW under Phase II Part G,,"Multi-States (Delhi,",Power Grid Corporation of India Limited [POWERGRID],Rajasthan,05/2022,,11/2023,11/2025,Ongoing,2025-08-01,(2218),,,1666,,,,,
611735,Transmission system for evacuation of power from REZ in Rajasthan 20GW under Phase-III Part J,,"Multi-States (Delhi,",Power Grid Corporation of India Limited [POWERGRID],12/2022,(12/2022),,(04/2026),331,Ongoing,2025-08-01,82.72,,,(331),,,,,
612132,Transmission Scheme for Evacuation of power from REZ in Rajasthan [20 GW] under Phase-III Part D [Sikar Khetri Transmission Ltd],,"Multi-States (Delhi,",Power Grid Corporation of India Limited [POWERGRID],02/2024,(02/2024),,(05/2026),2000,Ongoing,2025-08-01,1380.2,,,(2000),,,,,
615347,TRANSMISSION SYSTEM FOR EVACUATION OF POWER FROM POTENTIAL RENEWABLE ENERGY ZONE IN KHAVDA AREA OF GUJARAT UNDER PHASE-V [8 GW] PART A   [SPV Name POWERGRID West Central Transmission Limited],,Multi-States,Power Grid Corporation of India Limited [POWERGRID],Maharashtra,11/2024,,05/2029,-,Ongoing,2025-08-01,(24819),,,24819,,,,,
615339,Transmission system for evacuation of power from Rajasthan REZ Ph-IV [Part- 3/6GW] [Bikaner complex] Part A [SPV Name POWERGRID Bikaner IV Transmission Limited],,Multi-States,Power Grid Corporation of India Limited [POWERGRID],Rajasthan,11/2024,,11/2026,-,Ongoing,2025-08-01,(5969),,,5969,,,,,
615340,TRANSMISSION SYSTEM FOR EVACUATION OF POWER FROM RAJASTHAN REZ PH-IV [PART-3/ 6 GW] [BIKANER COMPLEX] PART B [SPV Name POWERGRID Siwani Transmission Limited],,Multi-States,Power Grid Corporation of India Limited [POWERGRID],Rajasthan,11/2024,,11/2026,-,Ongoing,2025-08-01,(5357),,,5357,,,,,
606781,Transmission System for Strengthening of Srinagar-Leh Tr. System,,Multi-States,Power Grid Corporation of India Limited [POWERGRID],"Kashmir, Ladakh",03/2022,,12/2024,10/2025,Ongoing,2025-08-01,(288.71),,,288.71,,,,,
612138,"Transmission Scheme for Solar Energy Zone in Bidar [2500 MW], Karnataka [Bidar Transmission Ltd]",,Multi-States,Power Grid Corporation of India Limited [POWERGRID],Telangana,02/2024,,02/2026,-,Ongoing,2025-08-01,(2147.62),,,2147.62,,,,,
615333,Transmission System for Evacuation of Power from Rajasthan REZ Ph-IV [Part-2 5.5 GW] [Jaisalmer/Barmer Complex] Part D [SPV Name POWERGRID Beawar Mandsaur Transmission Limited],,Multi-States,Power Grid Corporation of India Limited [POWERGRID],Rajasthan,08/2024,,08/2026,-,Ongoing,2025-08-01,(2227),,,2227,,,,,
615334,Transmission System for Evacuation of Power from Rajasthan REZ Ph-IV [Part-2 5.5 GW] [Jaisalmer/Barmer Complex] Part E [SPV Name POWERGRID Mewar Transmission Limited],,Multi-States,Power Grid Corporation of India Limited [POWERGRID],Rajasthan,08/2024,,08/2026,-,Ongoing,2025-08-01,(3251),,,3251,,,,,
617186,Rajasthan REZ Ph-V [Part-1- 4 GW] [Sirohi/Nagaur] Complex [Rajasthan V Power Transmission Limited],,Multi-States,Power Grid Corporation of India Limited [POWERGRID],Rajasthan,03/2025,,03/2027,-,Ongoing,2025-08-01,(5028),,,5028,,,,,
612133,Transmission System for Evacuation of power from Rajasthan REZ Ph-IV [Part-1] [Bikaner Complex] Part D [Neemrana Bareilly Transmission Ltd],,Multi-States,Power Grid Corporation of India Limited [POWERGRID],Pradesh,12/2023,,12/2025,06/2026,Ongoing,2025-08-01,(2056),,,2056,,,,,
616670,Transmission System for evacuation of Power from Rajasthan REZ Ph-IV [Part-4 3.5 GW] Part A  [SPV name POWERGRID Ghiror Transmission Limited],,Multi-States,Power Grid Corporation of India Limited [POWERGRID],Pradesh,12/2024,,12/2026,-,Ongoing,2025-08-01,(5846),,,5846,,,,,
611659,Transmission system strengthening scheme for evacuation of power from solar energy zones in Rajasthan[8.1 GW] under phase-II- Part E,,Rajasthan,Power Grid Corporation of India Limited [POWERGRID],03/2023,09/2024,,1433.28,1433,Ongoing,2025-08-01,95,,94.88,1359.63,,,,,
611947,Transmission System for Evacuation of Power from REZ in Rajasthan 20GW under Phase III- Part E2,,Rajasthan,Power Grid Corporation of India Limited [POWERGRID],11/2023,06/2025,,428.3,428.3,Ongoing,2025-08-01,51,,42.0,179.89,,,,,
611948,Transmission system for evacuation of power from REZ in Rajasthan 20 GW under Phase-III part H,,Rajasthan,Power Grid Corporation of India Limited [POWERGRID],10/2023,04/2025,,2211.29,2211.29,Ongoing,2025-08-01,80,,82.19,1817.46,,,,,
611949,Transmission system for evacuation of power from REZ in Rajasthan 20 GW under Phase-III part C1,,Rajasthan,Power Grid Corporation of India Limited [POWERGRID],10/2023,04/2025,,1796.02,1796.02,Ongoing,2025-08-01,83,,69.48,1247.87,,,,,
611950,Transmission system for evacuation of power from REZ in Rajasthan 20 GW under Phase-III part B1,,Rajasthan,Power Grid Corporation of India Limited [POWERGRID],09/2023,04/2025,,2190.54,2190.54,Ongoing,2025-08-01,83,,85.4,1870.72,,,,,
611951,Transmission system for evacuation of power from REZ in Rajasthan 20GW under Phase-III Part E1,,Rajasthan,Power Grid Corporation of India Limited [POWERGRID],08/2023,02/2025,,688.74,688.74,Ongoing,2025-08-01,96,,85.29,587.42,,,,,
612134,Transmission System for Evacuation of power from Rajasthan REZ Ph-IV [Part-1] [Bikaner Complex] Part A [Bikaner Neemrana  Transmission Ltd],,Rajasthan,Power Grid Corporation of India Limited [POWERGRID],12/2023,12/2025,,2998.34,2998.34,Ongoing,2025-08-01,51,,56.8,1703.11,,,,,
615332,Transmission System for Evacuation of Power from Rajasthan REZ Ph-IV [Part-2 5.5 GW][Jaisalmer/Barmer Complex] Part B [SPV Name  POWERGRID Sirohi Transmission Limited],,Rajasthan,Power Grid Corporation of India Limited [POWERGRID],08/2024,08/2026,,3279,3279,Ongoing,2025-08-01,21,,21.0,688.59,,,,,
615335,Transmission System Strengthening for Interconnections of  Bhadla-III & Bikaner III Complex [SPV Name POWERGRID BHADLA BIKANER TRANSMISSION LIMITED],,Rajasthan,Power Grid Corporation of India Limited [POWERGRID],08/2024,08/2026,,1382,1382,Ongoing,2025-08-01,4,,3.0,41.46,,,,,
615337,Additional Transmission System for evacuation of Power from Bhadla-III PS as part of Rajasthan REZ Phase III Scheme [20 GW] [SPV Name POWERGRID Bhadla-III Power Transmission Limited],,Rajasthan,Power Grid Corporation of India Limited [POWERGRID],08/2024,02/2026,,369,369,Ongoing,2025-08-01,16,,15.79,58.26,,,,,
615338,TRANSMISSION SYSTEM FOR EVACUATION OF POWER FROM RAJASTHAN REZ PH -IV [PART-2 5.5 GW] [JAISALMER/BARMER COMPLEX] PART F [SPV Name POWERGRID BARMER I TRANSMISSION LIMITED],,Rajasthan,Power Grid Corporation of India Limited [POWERGRID],11/2024,11/2026,,2735,2735,Ongoing,2025-08-01,8,,3.0,82.05,,,,,
617181,"Augmentation at Fatehgarh-II PS, Fatehgarh-IV PS [Section-II] and Barmer-I PS [POWERGRID Fatehgarh Barmer Augmentation Transmission Limited]",,Rajasthan,Power Grid Corporation of India Limited [POWERGRID],03/2025,12/2026,,404,404,Ongoing,2025-08-01,0,,1.99,8.04,,,,,
616671,Transmission System under ISTS for evacuation of Power from Kudankulam Unit-3&4 [2x1000 MW]  [SPV Name POWERGRID Kudankulam Tarnsmission Limited],,Tamil Nadu,Power Grid Corporation of India Limited [POWERGRID],01/2025,12/2026,,548,548,Ongoing,2025-08-01,6,,2.68,14.68,,,,,
617269,Transmission System for Strengthening to facilitate evacuation of power from Bhadla/Bikaner Complex,,Uttar Pradesh,Power Grid Corporation of India Limited [POWERGRID],12/2024,06/2026,,212.81,212.81,Ongoing,2025-08-01,0,,0.09,0.2,,,,,
617282,"C/o 184 MS Flats for Hon'ble MPs at BKS Marg, New Delhi",,Delhi,Central Public Works Department [CPWD],05/2022,05/2025,,646.53,646.52,Ongoing,2025-08-01,99,,82.46,533.12,,,,,
702668,Chennai Metro Rail Phase-II Development Project,,Tamil Nadu,Chennai Metro Rail Limited [CMRL],11/2020,08/2029,,63246,63246,Ongoing,2025-08-01,45,,41.76,26410.15,,,,,
707229,"Integrated Command control Center [ICCC] - Construction and Development of Integrated Command Control Center with Security, Surveillance, ITMS, Connecting Port, Ship Service, Smart Solid Waste Management, Smart Public Transport System",,Andaman &,ministry of housing and urban affairs,07/2021,(11/2021),,(-),209.88,Ongoing,2025-08-01,0,,,(209.88),,,,,
400188,Redevelopment of Seven General Pool Residential Accommodation [GPRA] Colonies in Delhi,,Delhi,National Buildings Construction Corporation [NBCC],05/2018,12/2025,,32850,32850,Ongoing,2025-08-01,0,,0.0,0,,,,,
701719,Rehablitation in Junavadaj Area Smart City Project,,Gujarat,ministry of housing and urban affairs,06/2016,07/2022,,539,539,Ongoing,2025-08-01,50,,7.35,39.63,,,,,
701766,Green Building Development Project,,Uttarakhand,ministry of housing and urban affairs,08/2019,11/2023,,150.97,150.97,Ongoing,2025-08-01,31,,12.55,18.95,,,,,
702627,Patna Metro Rail Project,,Bihar,Patna Metro Rail Corporation Ltd. [PMRCL],02/2019,02/2024,,13365.77,13365.8,Ongoing,2025-08-01,40.07,,30.22,4039.77,,,,,
617207,Delhi Metro Rail Phase-IV [2 Corridors],,Delhi,Delhi Metro Rail Corporation Limited [DMRC],03/2024,03/2029,,8399.81,8399.81,Ongoing,2025-08-01,0,,0.07,5.58,,,,,
702632,DMRTS Phase - IV [3 Priority Corridors],,Delhi,Delhi Metro Rail Corporation Limited [DMRC],07/2019,03/2025,,24948.65,24948.7,Ongoing,2025-08-01,69,,63.27,15785.39,,,,,
702630,Surat Metro Rail Project,,Gujarat,Gujarat Metro Rail Corporation Limited [GMRCL],04/2019,03/2024,,12020.32,12020.3,Ongoing,2025-08-01,70,,63.19,7595.47,,,,,
702631,"Ahmedabad Metro Rail Project, Phase-II",,Gujarat,Gujarat Metro Rail Corporation Limited [GMRCL],03/2019,03/2024,,5384.17,5384.17,Ongoing,2025-08-01,88,,77.64,4180.43,,,,,
702639,Ahmedabad Metro Rail Project [Phase-I],,Gujarat,Gujarat Metro Rail Corporation Limited [GMRCL],02/2015,03/2018,,10773,12924.5,Ongoing,2025-08-01,99,,94.2,12174.41,,,,,
702635,Construction of Bangalore Metro Rail Project Phase 2.,,Karnataka,Bengaluru Metro Rail,02/2016,03/2021,,26405.14,30695.1,Ongoing,2025-08-01,94,,96.03,29477.97,,,,,
702665,Construction Bangalore Metro Rail Project Phase-2A & 2B,,Karnataka,Bengaluru Metro Rail,01/2019,06/2026,,14788.1,14788.1,Ongoing,2025-08-01,53,,56.97,8424.54,,,,,
702664,Kochi Metro Rail Phase 2 Development  Project,,Kerala,CSPCC Projects,11/2022,11/2026,,1957.05,1957.05,Ongoing,2025-08-01,12,,16.86,329.94,,,,,
702625,Bhopal Metro Rail Project,,Madhya Pradesh,Madhya Pradesh Metro Rail Co Limited [MPMRCL],11/2018,11/2022,,6941.4,6941.4,Ongoing,2025-08-01,43,,45.58,3164.15,,,,,
702626,Indore Metro Rail Project,,Madhya Pradesh,Madhya Pradesh Metro Rail Co Limited [MPMRCL],11/2018,11/2022,,7500.8,7500.8,Ongoing,2025-08-01,55,,52.41,3931.4,,,,,
617225,PCMC To Nigdi- Extension Of North South Corridor Of Phase-1,,Maharashtra,Maharashtra Metro Rail Corporation Limited [MMRCL],10/2023,01/2027,,910.18,910.18,Ongoing,2025-08-01,22,,13.17,119.88,,,,,
617226,Pune Metro Phase-1 Extension line towards south from Swargate to Katraj,,Maharashtra,Maharashtra Metro Rail Corporation Limited [MMRCL],09/2024,03/2029,,2954.53,2954.53,Ongoing,2025-08-01,3,,0.66,19.61,,,,,
701745,New Suburba Station Development Project,,Maharashtra,ministry of housing and urban affairs,03/2019,07/2022,,262.76,262.76,Ongoing,2025-08-01,6,,6.71,17.62,,,,,
701991,Kalyan Station Precinct Imporvement Project,,Maharashtra,ministry of housing and urban affairs,07/2020,07/2023,,600,600,Ongoing,2025-08-01,70,,45.4,272.42,,,,,
702637,Mumbai Metro Line 3,,Maharashtra,Mumbai Metro Rail Corporation Limited [MMRC],06/2016,03/2023,,23136,37276,Ongoing,2025-08-01,91.9,,73.83,27519.07,,,,,
702658,Nagpur Metro Rail Phase II Development Project,,Maharashtra,Maharashtra Metro Rail Corporation Limited [MMRCL],12/2022,12/2027,,6708,6708,Ongoing,2025-08-01,25,,15.58,1045.32,,,,,
617206,Delhi Metro Rail Phase-IV [Rithala - Kundli Corridor],,"Multi-States (Delhi,",Delhi Metro Rail Corporation Limited [DMRC],01/2025,(01/2025),,(-),6230.99,Ongoing,2025-08-01,0.29,,,(6230.99),,,,,
702633,Delhi-Ghaziabad-Meerut Regional Rapid Transit System [RRTS] corridor,,"Multi-States (Delhi,",National Capital Region Transport Corporation [NCRTC],03/2019,(03/2019),,(08/2025),30274,Ongoing,2025-08-01,26325.73,,,(30274),,,,,
702628,Kanpur Metro Rail Project,,Uttar Pradesh,Uttar Pradesh metro rail corporation [UPMRC],11/2019,05/2024,,11076.48,11076.5,Ongoing,2025-08-01,73,,82.0,9083.27,,,,,
702629,Agra Metro Rail Project,,Uttar Pradesh,Uttar Pradesh metro rail corporation [UPMRC],12/2020,05/2024,,8379.62,8379.62,Ongoing,2025-08-01,62,,72.29,6057.62,,,,,
702674,"ESR - 8 nos., distribution system - 216 Km, new house service connections - 38760 nos. upgrading of feeder mains, pumping station etc. - Phase II",,Andhra Pradesh,Ministry of Housing & Urban Affairs,07/2018,03/2023,,172.22,172.22,Ongoing,2025-08-01,82,,361.18,622.02,,,,,
702682,Dibrugarh Water Supply Infrastructure Project,,Assam,Ministry of Housing & Urban Affairs,01/2020,03/2023,,186.8,186.8,Ongoing,2025-08-01,98,,691.41,1291.55,,,,,
702699,Muzaffarpur Storm Water Drainage Phase-I Project,,Bihar,Ministry of Housing & Urban Affairs,02/2019,10/2023,,158.78,158.78,Ongoing,2025-08-01,51,,30.61,48.61,,,,,
702355,Storm water drainag Development Project,,Dadra & Nagar,ministry of housing and urban affairs,& Diu,,,03/2024,-,Ongoing,2025-08-01,(210),,,210,,,,,
707267,Upgradation of Sewerage system in Gandhinagar City,,Gujarat,ministry of housing and urban affairs,03/2021,06/2023,,200,200,Ongoing,2025-08-01,10,,50.0,100,,,,,
702734,Sewerage Management Scheme Part-3 Implementation,,Haryana,Ministry of Housing & Urban Affairs,11/2017,09/2023,,278.01,278.01,Ongoing,2025-08-01,88,,556.87,1548.15,,,,,
702735,Sewerage Management Scheme Part-3 Implementation,,Haryana,Ministry of Housing & Urban Affairs,10/2018,03/2023,,213.19,213.19,Ongoing,2025-08-01,91,,501.78,1069.74,,,,,
702741,Dhanbad Water Supply Infrastructure Project,,Jharkhand,Ministry of Housing & Urban Affairs,12/2018,03/2023,,216.55,216.55,Ongoing,2025-08-01,72,,321.63,696.48,,,,,
702742,SAAP-3 Water Supply Infrastructure SAAP-3 Project,,Jharkhand,Ministry of Housing & Urban Affairs,12/2018,10/2023,,159.31,159.31,Ongoing,2025-08-01,65,,384.47,612.5,,,,,
702746,Augmentation and Strenghthning of Urban Water Supply Phase 1 - SAAP 3,,Jharkhand,Ministry of Housing & Urban Affairs,12/2018,03/2023,,278.28,278.28,Ongoing,2025-08-01,78,,439.67,1223.5,,,,,
702760,Belgavi Improvement in Sewerage System Project,,Karnataka,Ministry of Housing & Urban Affairs,10/2016,07/2023,,162.73,162.73,Ongoing,2025-08-01,80,,345.79,562.71,,,,,
702764,24/7 water supply under AMRUT for Davanagere,,Karnataka,Ministry of Housing & Urban Affairs,01/2018,03/2023,,174.96,174.96,Ongoing,2025-08-01,65,,408.98,715.56,,,,,
702793,Indore Water Supply Infrastructure Project,,Madhya Pradesh,Ministry of Housing & Urban Affairs,11/2017,03/2023,,287.17,287.17,Ongoing,2025-08-01,99,,614.97,1766,,,,,
702798,Jabalpur Sewerage Management and Treatment Infrastructure Project,,Madhya Pradesh,Ministry of Housing & Urban Affairs,12/2017,03/2023,,362.31,362.31,Ongoing,2025-08-01,93,,624.93,2264.18,,,,,
702808,Satna Sewerage Management and Treatment Infrastructure Project,,Madhya Pradesh,Ministry of Housing & Urban Affairs,12/2016,03/2024,,191.56,191.56,Ongoing,2025-08-01,86,,261.91,501.71,,,,,
702810,Singrauli Sewerage Management and Treatment Infrastructure Project,,Madhya Pradesh,Ministry of Housing & Urban Affairs,11/2017,03/2023,,402.01,402.01,Ongoing,2025-08-01,90,,603.15,2424.71,,,,,
702833,Kalyan-Dombivali Water Supply Infrastructure Project,,Maharashtra,Ministry of Housing & Urban Affairs,09/2019,10/2023,,194.2,194.2,Ongoing,2025-08-01,70,,193.26,375.32,,,,,
702840,Mira-Bhayandar Water Supply Infrastructure Project,,Maharashtra,Ministry of Housing & Urban Affairs,08/2018,03/2023,,204.55,204.55,Ongoing,2025-08-01,99,,284.08,581.09,,,,,
702842,Nagpur Water Supply Infrastructure Project,,Maharashtra,Ministry of Housing & Urban Affairs,08/2018,03/2023,,273.78,273.78,Ongoing,2025-08-01,99,,97.2,266.11,,,,,
702851,Pune Water Supply Infrastructure Project,,Maharashtra,Ministry of Housing & Urban Affairs,07/2017,03/2023,,235.95,235.95,Ongoing,2025-08-01,92,,260.25,614.06,,,,,
702854,Solapur Sewerage Management Infrastructure Project,,Maharashtra,Ministry of Housing & Urban Affairs,04/2018,03/2023,,180.24,180.24,Ongoing,2025-08-01,91,,264.55,476.83,,,,,
703021,Jalandhar Water Supply Infrastructure Project,,Punjab,Ministry of Housing & Urban Affairs,08/2020,08/2023,,258.53,258.53,Ongoing,2025-08-01,58,,62.28,161.02,,,,,
703057,Patiala Water Supply Infrastructure Part-2 Project,,Punjab,Ministry of Housing & Urban Affairs,08/2020,10/2023,,287,287,Ongoing,2025-08-01,74,,157.47,451.94,,,,,
702948,Jaunpur Sewerage Management Infrastructure Project,,Uttar Pradesh,Ministry of Housing & Urban Affairs,08/2019,06/2023,,235.73,235.73,Ongoing,2025-08-01,87,,70.42,166,,,,,
702949,Jhansi Water Supply Infrastructure Phase-II Project,,Uttar Pradesh,Ministry of Housing & Urban Affairs,06/2019,07/2023,,561.74,561.74,Ongoing,2025-08-01,100,,93.13,523.15,,,,,
617280,"Construction of Basement + Ground Floor+ 10 Storeyed building for State of the Art Director General, GSI Building at plot No.GN-40, Sector-V, Salt Lake, Kolkata",,West Bengal,Central Public Works Department (CPWD,02/2020,08/2026,,255.37,255.37,Ongoing,2025-08-01,79,,31.07,79.34,,,,,
611798,Rakha Underground Mining Project,,Jharkhand,Hindustan Copper Limited [HCL],03/2024,03/2033,,2705,2705,Ongoing,2025-08-01,0,,0.0,0,,,,,
611800,Surda Underground Copper Mining Project,,Jharkhand,Hindustan Copper Limited [HCL],03/2024,03/2028,,665.02,665.02,Ongoing,2025-08-01,1,,2.49,16.57,,,,,
400426,Expansion of Malanjkhand Copper Project,,Madhya Pradesh,Hindustan Copper Limited [HCL],04/2015,04/2020,,1856.36,1856.36,Ongoing,2025-08-01,80,,50.38,935.32,,,,,
400141,Expansion of Alumina Refinery Plant with addition of 5th Stream having capacity enhancement of 1.0 Million Tonee Per Annum,,Odisha,National Aluminium Company Limited [NALCO],04/2017,12/2022,,4103,5677.4,Ongoing,2025-08-01,76,,70.19,3984.99,,,,,
400299,Pottangi Bauxite Mines Project,,Odisha,National Aluminium Company Limited [NALCO],05/2018,03/2025,,1381,1960.77,Ongoing,2025-08-01,51,,33.15,650.04,,,,,
709829,UTKAL D AND E COAL BLOCK,,Odisha,National Aluminium Company Limited [NALCO],02/2016,03/2025,,1021.97,1021.97,Ongoing,2025-08-01,0,,0.0,0,,,,,
709830,CONVERSION OF FLAT BOTTOM SETTLERS AND WASHERS WITH A SINGLE TRAIN OF HRDS AND DCWS IN STREAMS 1 AND,,Odisha,Ministry of Mines,04/2017,11/2026,,355,581,Ongoing,2025-08-01,0,,0.0,0,,,,,
709831,SOURCING OF BAUXITE ARRANGEMENT FOR 5TH STREAM ALUMINA REFINERY FROM SOUTH BLOCK MINING LEASE OF PANCHPATMAILI MINES,,Odisha,National Aluminium Company Limited [NALCO],11/2019,05/2025,,483,483,Ongoing,2025-08-01,90,,83.37,402.67,,,,,
709832,25.5 MW WIND POWER PROJECT AT KAYATHAR IN TAMILNADU,,Tamil Nadu,National Aluminium Company Limited [NALCO],12/2017,03/2025,,166,166,Ongoing,2025-08-01,65,,81.33,135,,,,,
613008,Construction of Permanent Campus of Central Tribal University of Andhra Pradesh Phase-1,,Andhra Pradesh,Central Tribal University of Andhra Pradesh,12/2023,06/2027,,305,305,Ongoing,2025-08-01,24,,27.32,83.33,,,,,
612898,Construction of Permanent Campus of National Institute of Technology Arunachal Pradesh,,Arunachal Pradesh,"National Institute of Technology, Arunachal Pradesh",03/2013,08/2026,,592.61,592.61,Ongoing,2025-08-01,75,,92.8,549.96,,,,,
606112,Tezpur University Projects,,Assam,Tezpur University,06/2021,11/2023,,153.71,153.71,Ongoing,2025-08-01,95,,35.16,54.05,,,,,
606013,Additional Campus  of NITPatna,,Bihar,NIT Patna,08/2022,07/2024,,499.21,499.21,Ongoing,2025-08-01,91,,85.23,425.47,,,,,
612851,"Phase 1B - Construction of Academic Block, Hostel, Residential Tower, Directors Residence and External Development works at National Institute of Technology, Delhi Campus on Engineering, Procurement and Construction basis",,Delhi,Ministry of Education,11/2022,09/2025,,333.49,333.49,Ongoing,2025-08-01,91,,83.29,277.75,,,,,
616886,Delhi University Eastern Campus at Surajmal Vihar,,Delhi,Delhi University,01/2025,10/2026,,373,373,Ongoing,2025-08-01,15,,6.23,23.23,,,,,
612916,"Construction of permanent campus of Central University of Gujarat at Village kundhela, Dist. Vadodara, Gujarat.",,Gujarat,Gujarat,02/2021,03/2025,,490.63,490.63,Ongoing,2025-08-01,76,,61.44,301.44,,,,,
602099,Establishment of Permanent campus Phase 1 of IIM Sirmaur,,Himachal Pradesh,"Indian Institute of Management, Sirmaur",08/2020,10/2023,,392.51,454.78,Ongoing,2025-08-01,92,,71.16,323.64,,,,,
612128,Hostel blocks & dining hall block,,Himachal Pradesh,"Indian Institute of Technology, Mandi",03/2024,03/2026,,166.66,166.66,Ongoing,2025-08-01,65,,43.26,72.09,,,,,
612894,"Construction of Permanent Campus of Central University of Himachal Pradesh at Dehra, District - Kangra, [H.P.] on Engineering. Procurement and Construction [EPC Mode 1] Basis.",,Himachal Pradesh,"Central University, Himachal Pradesh",08/2022,11/2024,,251.98,300.45,Ongoing,2025-08-01,78,,61.03,183.36,,,,,
602098,"Construction of Permanent Campus for IIM Jammu Phase-1 at Jagti, Nagrota, Jammu, J&K",,Jammu and,"Indian Institute of Management, Jammu",03/2019,(10/2020),,(09/2025),424.93,Ongoing,2025-08-01,484.52,,,(500.91),,,,,
610940,"Additional Infrastructure at IISc Bangalore-RCC Monolithic for Men Hostel S14, Women Hostel S11 , Postdoctoral Hostel S12 2 Block , International Hostel S 12 , D&E Block S 12  2 Block FR.",,Karnataka,IISC Bangalore,08/2021,03/2024,,420.41,420.41,Ongoing,2025-08-01,99,,85.8,360.72,,,,,
606431,CONSTRUCTION OF PERMANENT CAMPUS FOR IIT PALAKKAD UNDER PHASE 1A,,Kerala,INDIAN INSTITUTE OF TECHNOLOGY PALAKKAD,03/2020,06/2022,,1006.45,1217.4,Ongoing,2025-08-01,71,,51.22,623.6,,,,,
611957,"Phase III A works at IIT Indore [03 Hostels, 01 Studio Apartment, 01 Housing, Heavy & Sophisticated lab complex, Academic POD and  Infrastructure for center of excellence]",,Madhya Pradesh,"Indian Institute of Technology, Indore",11/2023,12/2026,,496.28,496.28,Ongoing,2025-08-01,35,,29.01,143.95,,,,,
612135,Hostel 4 -Earlier Known as Hostel 20,,Maharashtra,"Indian Institute of Technology, Bombay",05/2022,09/2025,,182.33,182.33,Ongoing,2025-08-01,95,,72.64,132.44,,,,,
612203,Academic Block 1 & 2,,Maharashtra,"Indian Institute of Technology, Bombay",01/2023,07/2026,,68,263.93,Ongoing,2025-08-01,18,,8.43,22.26,,,,,
612885,Construction and Developement of National Institute of Technology Meghalaya Permanent Campus at Sohra,,Meghalaya,"National Institute of Technology, Meghalaya",09/2014,03/2022,,494.52,494.52,Ongoing,2025-08-01,86,,83.63,413.57,,,,,
612876,"Construction of Permanent Campus for NIT Mizoram at Lengpui, Aizawl",,Mizoram,Ministry of Education,05/2014,12/2029,,474.23,474.23,Ongoing,2025-08-01,4,,35.33,167.55,,,,,
613013,Establishment of NIT Nagaland,,Nagaland,NIT Nagaland,09/2012,12/2025,,275.63,275.63,Ongoing,2025-08-01,95,,94.37,260.1,,,,,
610315,IISER BERHAMPUR,,Odisha,"Indian Institutes of Science Education and Research, Behrampur",09/2019,03/2021,,1229.32,773.76,Ongoing,2025-08-01,97,,108.18,837.04,,,,,
612877,Establishment of NIT Puducherry Permanent Campus [Phase-I and Phase-II],,Puducherry,"National Institute of Technology, Puducherry",07/2013,12/2024,,618.34,544.34,Ongoing,2025-08-01,94,,93.61,509.55,,,,,
605292,"Construction of Permanent Campus of Indian Institute of Management [IIM] Amritsar, Punjab, Phase-I",,Punjab,"Indian intitue of Management, Amritsar",07/2020,06/2023,,348.31,348.31,Ongoing,2025-08-01,91,,83.37,290.39,,,,,
617221,"Construction of Girls Hostel 400 seater, Boys Hostel 600 seater, Academic Block, International Hostel 100 seater, VC Residence and Purchase of Equipment",,Punjab,Central University of Punjab,04/2025,10/2027,,210.99,210.99,Ongoing,2025-08-01,0,,0.0,0,,,,,
609736,"Construction of Sikkim University Campus Phase-I Package-II at Yangang, South Sikkim",,Sikkim,Sikkim University,01/2022,01/2025,,314.06,314.06,Ongoing,2025-08-01,82,,75.85,238.22,,,,,
612883,Establishment of Permanent Campus of NIT SIkkim at Khamdong-Gangtok District,,Sikkim,Ministry of Education,03/2024,02/2028,,685.76,610.76,Ongoing,2025-08-01,9,,19.9,121.56,,,,,
609996,Construction of Precast housing and hostels at IIT Hyderabad,,Telangana,"Indian Institute of Technology, Hyderabad",11/2022,10/2024,,262,262,Ongoing,2025-08-01,73,,67.59,177.09,,,,,
606479,Banaras Hindu University [ Kayakalp of Institute of Medical Sciences],,Uttar Pradesh,Banaras Hindu University,06/2020,09/2022,,246,246,Ongoing,2025-08-01,95,,78.61,193.38,,,,,
611963,"Construction & Development of Infrastructural Facilities in the main campus of NIT Uttarakhand at Sumari, Pauri Garhwal",,Uttarakhand,National Institute of Technology Uttarakhand,04/2024,09/2027,,650.85,650.85,Ongoing,2025-08-01,24,,30.04,195.52,,,,,
609019,"HEFA projects on development of student hostels, playgrounds, departmental buildings, class room complex and other campus facilities in IIT Kharagpur",,West Bengal,"Indian Institute of Technology, Kharagpur",04/2019,03/2023,,500,442,Ongoing,2025-08-01,87,,86.79,383.6,,,,,
609041,"IoE Projects [Civil Works], IIT Kharagpur",,West Bengal,"Indian Institute of Technology, Kharagpur",04/2019,03/2023,,287.2,287.2,Ongoing,2025-08-01,86,,107.94,310,,,,,
616235,Construction of Aviation Fuel farm Facilities at Bhogapuram Airport,,Andhra Pradesh,Ministry of Petroleum & Natural Gas,08/2024,03/2026,,240,240,Ongoing,2025-08-01,59,,16.18,38.82,,,,,
709754,"Construction of LPG Facilities at Kamardanga, Assam",,Assam,Hindustan Petroleum Corporation Limited,03/2023,07/2027,,156.36,156.36,Ongoing,2025-08-01,46,,34.63,54.15,,,,,
709755,"Setting up of new rail fed POL facility at Kamardanga, Assam",,Assam,Hindustan Petroleum Corporation Limited [HPCL],03/2023,07/2027,,384.04,384.04,Ongoing,2025-08-01,52,,31.35,120.4,,,,,
400235,"Setting up a common user Petroleum Terminal at Jammu, J&K for resitement of existing PSU OMC's Depots from Jammu City",,Jammu and,Bharat Petroleum Corporation Limited [BPCL],,(04/2023),,(01/2026),676.89,Ongoing,2025-08-01,526.1,,,(676.89),,,,,
604833,"Andheri Residential Towers, Mumbai",,Maharashtra,Ministry of Petroleum & Natural Gas,06/2017,05/2025,,281.35,389.67,Ongoing,2025-08-01,50,,59.22,230.76,,,,,
701343,Srikakulam Angul Gas Pipeline Project,,Multi-States,Ministry of Petroleum & Natural Gas,Odisha,,,07/2022,12/2025,Ongoing,2025-08-01,(2810),,,2658.34,,,,,
701263,Rajasthan Refinery Project,,Multi-States,MinistryofPetroleumNaturalGas,"Pradesh, Gujarat,",Rajasthan),,(10/2017),10/2022,Ongoing,2025-08-01,43129,,,(03/2026),,,,,
701349,Paradip-Numaligarh Crude Oil Pipeline [PNCPL] & Crude Oil Import Terminal [COIT] at Paradip,,Multi-States,Ministry of Petroleum & Natural Gas,"Jharkhand,","Odisha, West",,NA,01/2019,Ongoing,2025-08-01,(09/2025),,,07/2024,,,,,
400078,New Mundra Panipat Crude Oil Pipeline,,Multi-States,Ministry of Petroleum & Natural Gas,Rajasthan,,,12/2024,12/2025,Ongoing,2025-08-01,(9028),,,9028,,,,,
400012,Kandla Gorakhpur LPG Pipeline,,Multi-States,Ministry of Petroleum & Natural Gas,"Pradesh, Uttar",Pradesh),,(12/2018),12/2021,Ongoing,2025-08-01,10088,,,(12/2025),,,,,
400301,Multi Product Pipeline from Irugur to Devangonthi,,Multi-States,"Department of Water Resources, River Development & GR",Nadu,,,02/2017,10/2025,Ongoing,2025-08-01,(1732),,,678,,,,,
709759,"Petrochemical evacuation marketing terminal at Barmer, Rajasthan",,Rajasthan,Hindustan Petroleum Corporation Limited [HPCL],12/2023,12/2026,,461.05,461.05,Ongoing,2025-08-01,54,,25.26,116.48,,,,,
400043,Laying of POL Pipelines in Common Corridor for proposed grass root terminal at Vallur [Chennai],,Tamil Nadu,Ministry of Petroleum & Natural Gas,01/2022,05/2026,,829,829,Ongoing,2025-08-01,63,,36.39,301.71,,,,,
400077,"Grass root POL Terminal at Vallur, Chennai",,Tamil Nadu,Indian Oil Corporation Limited [IOCL],01/2022,12/2024,,827,887.71,Ongoing,2025-08-01,88,,70.52,626.01,,,,,
400035,"Grass Root Rail-fed Depot at Sekerkote, Agartala as resitement of existing Dharmanagar Depot",,Tripura,Indian Oil Corporation Limited [IOCL],06/2022,09/2025,,656,656,Ongoing,2025-08-01,86,,72.88,478.11,,,,,
604852,"Grass-root Terminal at Mirzapur, Uttar Pradesh",,Uttar Pradesh,Ministry of Petroleum & Natural Gas,09/2022,11/2026,,980.45,980.45,Ongoing,2025-08-01,52,,22.1,216.66,,,,,
400120,KG-DWN-98/2 Cluster - II Development Project - NELP Block,,Andhra Pradesh,Oil and Natural Gas Corporation Limited [ONGC],03/2016,06/2020,,34012,34012,Ongoing,2025-08-01,96,,97.73,33238.47,,,,,
709752,HP-COAT [Crude to Olefins and Aromatics Technology] demo unit at Visakh Refinery,,Andhra Pradesh,Hindustan Petroleum Corporation Limited,09/2021,06/2024,,160,220,Ongoing,2025-08-01,69,,36.5,80.29,,,,,
709761,HP Trijet Unit in Visakh Refinery,,Andhra Pradesh,Hindustan Petroleum Corporation Limited,07/2024,07/2027,,193,193,Ongoing,2025-08-01,23,,0.22,0.43,,,,,
709766,"City Gas Distribution Project at Kurnool, Guntur & Prakasam Districts",,Andhra Pradesh,MinistryofPetroleumNaturalGas,03/2022,03/2030,,1420,1420,Ongoing,2025-08-01,6,,11.67,165.65,,,,,
604791,Numaligarh Refinery Expansion Project,,Assam,Ministry of Petroleum & Natural Gas,07/2020,07/2024,,12366,22494,Ongoing,2025-08-01,76,,74.53,16764.09,,,,,
604792,"Assam Bio Refinery, ABRPL",,Assam,Ministry of Petroleum & Natural Gas,02/2018,09/2021,,1750,4930,Ongoing,2025-08-01,99,,95.54,4710,,,,,
604863,Development of Surface Facilities for production and evacuation of Crude Oil and Natural Gas from Nadua and East Khagorija,,Assam,Ministry of Petroleum & Natural Gas,01/2018,02/2020,,682.9,726.93,Ongoing,2025-08-01,94,,67.31,489.3,,,,,
607701,"Guwahati Refinery Expansion [1.0 to 1.2 MMTPA] along with installation of CRU, Guwahati Refinery",,Assam,Ministry of Petroleum & Natural Gas,05/2021,10/2023,,412.3,577,Ongoing,2025-08-01,85,,74.67,430.83,,,,,
616858,"Construction of Field Gas Gathering Station at Baghjan area for collection, processing & transportation of natural Gas to be produced from Baghjan Field",,Assam,Ministry of Petroleum & Natural Gas,12/2020,03/2024,,430.76,430.76,Ongoing,2025-08-01,85,,75.98,327.27,,,,,
709776,Augmentation/Revamping of Facilities at existing Guwahati Terminal at Betkuchi,,Assam,MinistryofPetroleumNaturalGas,04/2022,09/2026,,277,323.09,Ongoing,2025-08-01,68,,57.32,185.18,,,,,
709779,Capacity Expansion of Digboi Refinery from 0.65 to 1.0 MMTPA,,Assam,MinistryofPetroleumNaturalGas,06/2022,03/2026,,768,740,Ongoing,2025-08-01,39,,14.56,107.72,,,,,
709847,Pipeline Network Project Rudrasagar,,Assam,Ministry of Petroleum & Natural Gas,01/2023,04/2026,,344.99,344.99,Ongoing,2025-08-01,47,,61.18,211.05,,,,,
709850,Borholla GGS Life Extension Project [BLEP],,Assam,Ministry of Petroleum & Natural Gas,09/2023,05/2026,,198.7,198.7,Ongoing,2025-08-01,30,,18.52,36.8,,,,,
709864,DCU Revamp Project,,Assam,NRL,08/2021,07/2024,,370,370,Ongoing,2025-08-01,60,,68.42,253.17,,,,,
709865,Power Recovery Turbine [PRT] in PFCCU unit as an Energy Conservation Scheme,,Assam,NRL,04/2023,12/2024,,293.5,293.5,Ongoing,2025-08-01,94,,33.12,97.22,,,,,
617303,"City Gas Distribution Project at Khagaria, Saharsa and Madhepura",,Bihar,Ministry of Petroleum & Natural Gas,03/2019,03/2030,,163,163,Ongoing,2025-08-01,40,,58.94,96.07,,,,,
617304,"Setting up of LPG Plant with Rail Unloading Facility at Hathua, Dist. Gopalganj, Bihar",,Bihar,MinistryofPetroleumNaturalGas,10/2023,03/2027,,340.15,340.15,Ongoing,2025-08-01,26,,26.85,91.32,,,,,
701324,Barauni Refinery Capacity Expansion from 6.0 to 9.0 MMTPA,,Bihar,Ministry of Petroleum & Natural Gas,01/2020,04/2023,,14810,16724,Ongoing,2025-08-01,87,,71.04,11880.66,,,,,
709777,Installation of Bitumen Manufacturing Unit along with allied facilities at Barauni Refinery,,Bihar,MinistryofPetroleumNaturalGas,01/2022,04/2025,,389.35,340,Ongoing,2025-08-01,40,,14.85,50.48,,,,,
709792,"City Gas Distribution Projects at Darbhanga, Madhubani, Supaul, Sitamarhi and Sheohar districts",,Bihar,Bharat Petroleum Corporation Limited [BPCL],12/2022,03/2030,,3638,3638,Ongoing,2025-08-01,29,,11.19,407.18,,,,,
709793,"City Gas Distribution Projects at Gopalganj, Siwan, West Champaran, East Champaran and Deoria districts",,Bihar,Bharat Petroleum Corporation Limited [BPCL],12/2022,06/2030,,3919,3919,Ongoing,2025-08-01,18,,10.23,400.92,,,,,
400087,Redevelopment of Sobhasan Complex,,Gujarat,Oil and Natural Gas Corporation Limited [ONGC],08/2021,02/2026,,885.63,1286.67,Ongoing,2025-08-01,78,,61.36,789.49,,,,,
400167,Redevelopment of Santhal Field [Onshore-Mehsana Asset],,Gujarat,Oil and Natural Gas Corporation Limited [ONGC],02/2017,03/2026,,1162.56,1162.56,Ongoing,2025-08-01,94,,99.52,1157,,,,,
400169,Redevelopment of Linch Field,,Gujarat,Oil and Natural Gas Corporation Limited [ONGC],04/2021,03/2025,,631.03,860.04,Ongoing,2025-08-01,79,,58.74,505.15,,,,,
701329,Petrochemical and Lube Integration Project at Gujarat Refinery,,Gujarat,Ministry of Petroleum & Natural Gas,09/2020,08/2024,,18936,17825,Ongoing,2025-08-01,83,,69.16,12327.91,,,,,
709778,Installation of new Biturox Unit along with allied facilities at Gujarat Refinery,,Gujarat,MinistryofPetroleumNaturalGas,01/2022,08/2025,,328.29,287,Ongoing,2025-08-01,58,,52.8,151.53,,,,,
709838,Commercial Polymer Flooding Project in Bechraji field,,Gujarat,Oil and Natural Gas Corporation Limited [ONGC],01/2022,11/2024,,621.4,621.4,Ongoing,2025-08-01,21,,22.16,137.71,,,,,
709840,"Restoration of Gas Terminal, Phase-I [Part-A], Hazira",,Gujarat,Oil and Natural Gas Corporation Limited [ONGC],05/2022,02/2025,,249.43,249.43,Ongoing,2025-08-01,94,,83.97,209.45,,,,,
709841,Old Pipe Line Replacement [OPRP] Group-A,,Gujarat,Oil and Natural Gas Corporation Limited [ONGC],07/2021,07/2025,,173.03,169.84,Ongoing,2025-08-01,87,,86.56,147.02,,,,,
709842,"Kalol Redevelopment Project, Ahmedabad Asset",,Gujarat,Oil and Natural Gas Corporation Limited [ONGC],08/2022,03/2027,,1487.41,1487.41,Ongoing,2025-08-01,62,,62.36,927.5,,,,,
709845,"Revamping of SV Stations, Gas Terminal & Kribhco Terminal",,Gujarat,Oil and Natural Gas Corporation Limited [ONGC],11/2022,08/2026,,837.34,837.34,Ongoing,2025-08-01,52,,26.17,219.13,,,,,
604853,"Indian Oil Technology Development and Deployment Centre at R&D Campus-II, Faridabad",,Haryana,Ministry of Petroleum & Natural Gas,06/2019,12/2022,,2281.94,3200,Ongoing,2025-08-01,63,,56.27,1800.61,,,,,
611917,Poly Butadiene Rubber plant at Panipat,,Haryana,Indian Oil Corporation Limited [IOCL],03/2022,03/2025,,1459,2531.44,Ongoing,2025-08-01,70,,42.37,1072.59,,,,,
701289,Capacity Expansion of Panipat Refinery from 15 to 25 MMTPA,,Haryana,Ministry of Petroleum & Natural Gas,02/2021,09/2024,,34627,36225,Ongoing,2025-08-01,89,,67.23,24355.1,,,,,
709783,"Installation of Multiple Effect Evaporator [MEE] for ETP-1, 2 & 4 of Panipat Refinery and Petrochemical Complex.",,Haryana,MinistryofPetroleumNaturalGas,12/2020,06/2023,,165.13,247.69,Ongoing,2025-08-01,72,,52.73,130.6,,,,,
709773,"City Gas Distribution Project at Jammu, Udhampur, Reasi, Samba and Kathua Districts",,Jammu and,MinistryofPetroleumNaturalGas,,(03/2022),,(03/2032),538,Ongoing,2025-08-01,3.72,,,(538),,,,,
610984,Development of Jharia CBM Block [Phase-1],,Jharkhand,Oil and Natural Gas Corporation Limited [ONGC],11/2019,01/2024,,431,431,Ongoing,2025-08-01,59,,49.05,211.4,,,,,
709785,Laying of Natural Gas Pipeline from Hazaribagh to Ranchi [HRPL],,Jharkhand,MinistryofPetroleumNaturalGas,02/2023,02/2026,,202.07,202.07,Ongoing,2025-08-01,45,,25.94,52.42,,,,,
612790,Power System Upgradation Project,,Karnataka,Mangalore Refinary and Petrochemicals Limited,10/2023,11/2025,,385,385,Ongoing,2025-08-01,64,,35.58,137,,,,,
616879,Demo Bio-ATF Project,,Karnataka,Ministry of Petroleum & Natural Gas,03/2024,01/2027,,364,364,Ongoing,2025-08-01,12,,7.42,27.02,,,,,
709774,Revamping/ Augmentation of facilities at existing port terminal at Mangalore,,Karnataka,Ministry of Petroleum & Natural Gas,01/2022,12/2025,,463,500.62,Ongoing,2025-08-01,82,,54.16,271.16,,,,,
709790,Replacement and Extension of Jetty Pipelines [REJP] at KR,,Kerala,Bharat Petroleum Corporation Limited [BPCL],03/2023,03/2026,,621.87,621.87,Ongoing,2025-08-01,85,,31.07,193.19,,,,,
709799,Setting up Polypropylene Unit at Kochi Refinery,,Kerala,MinistryofPetroleumNaturalGas,12/2023,10/2027,,4460,4460,Ongoing,2025-08-01,13,,5.96,265.89,,,,,
709798,Ethylene Cracker Project at Bina Refinery including downstream Petrochemical Plants and expansion of Refinery,,Madhya Pradesh,MinistryofPetroleumNaturalGas,05/2023,05/2028,,43367,43367,Ongoing,2025-08-01,14,,4.28,1855.5,,,,,
400158,Debottlenecking and Augmentation of Cryogenic facilities at Uran LPG Import Terminal,,Maharashtra,"Department of Water Resources, River Development & GR",04/2021,02/2024,,1164.69,1629.86,Ongoing,2025-08-01,86,,57.2,932.25,,,,,
400168,"500 KTA PDHPP Project, Usar",,Maharashtra,Ministry of Petroleum & Natural Gas,04/2021,04/2025,,8797,11256,Ongoing,2025-08-01,85,,61.1,6877.59,,,,,
610985,Construction of lube oil blending plant at Rasayani,,Maharashtra,Ministry of Petroleum & Natural Gas,05/2022,12/2023,,423.39,526.26,Ongoing,2025-08-01,80,,57.2,301.01,,,,,
616933,Lube Modernization & Bottom Upgradation Project at Mumbai Refinery,,Maharashtra,Ministry of Petroleum and Natural Gas,12/2024,03/2028,,4679,4679,Ongoing,2025-08-01,5,,4.16,194.44,,,,,
709760,HP TDAE Unit in Mumbai Refinery,,Maharashtra,Hindustan Petroleum Corporation Limited,06/2024,04/2026,,240,240,Ongoing,2025-08-01,40,,14.34,34.42,,,,,
709771,"City Gas Distribution Project at Beed, Jalgaon and Jalna Districts",,Maharashtra,MinistryofPetroleumNaturalGas,03/2022,09/2031,,865,865,Ongoing,2025-08-01,2,,7.99,69.15,,,,,
709780,Construction of Additional Tankages and Allied Facilities at JNPT Terminal,,Maharashtra,MinistryofPetroleumNaturalGas,04/2022,08/2026,,341.43,436.14,Ongoing,2025-08-01,51,,64.88,282.95,,,,,
709782,ATF Pipeline from Jawaharlal Nehru Port Trust to Navi Mumbai International Airport,,Maharashtra,Indian Oil Corporation Limited [IOCL],08/2022,08/2025,,165,165,Ongoing,2025-08-01,74,,55.0,90.75,,,,,
709789,Installation of Independent De- Aromatized Solvents [DAS] production facilities at MR,,Maharashtra,Bharat Petroleum Corporation Limited [BPCL],03/2023,07/2025,,405,343,Ongoing,2025-08-01,86,,59.95,205.63,,,,,
709797,POL & LOBS Installations with Receipt Pipelines at Rasayani,,Maharashtra,Bharat Petroleum Corporation Limited [BPCL],05/2023,05/2026,,2585,2585,Ongoing,2025-08-01,61,,23.7,612.7,,,,,
709846,Part Replacement Pipeline Project  [PRPP],,Maharashtra,Oil and Natural Gas Corporation Limited [ONGC],11/2022,05/2024,,1219.48,1145.1,Ongoing,2025-08-01,90,,65.04,744.81,,,,,
616254,Visakh Raipur Pipeline Project,,Multi-States,Ministry of Petroleum and Natural Gas,"Chhattisgarh,",Odisha),,(09/2024),09/2027,Ongoing,2025-08-01,2212,,,(09/2027),,,,,
701346,North East Gas Grid,,Multi-States,Ministry of Petroleum & Natural Gas,"Pradesh, Assam,","Manipur,",,Mizoram,Nagaland Sikkim,Ongoing,2025-08-01,Bengal),,,Tripura West,,,,,
701350,Upgradation of Facilities of Numaligarh-Siliguri Product Pipeline [NSPL] for transportation of additional products from existing 1.72 MMTPA to 5.5 MMTPA,,Multi-States,Ministry of Petroleum & Natural Gas,Bengal,,,12/2024,10/2025,Ongoing,2025-08-01,(860),,,860,,,,,
709757,"CGD Project in Banka, Dumka, Godda, Jamtara, Pakur, Sahibganj GA ID 11A.02",,Multi-States,Hindustan Petroleum Corporation Limited,,(06/2022),,(06/2030),1377,Ongoing,2025-08-01,331.74,,,(1377),,,,,
701354,Mumbai Nagpur Jharsuguda Pipeline Project,,Multi-States,Ministry of Petroleum & Natural Gas,"Madhya Pradesh,","Maharashtra,",,NA,06/2020,Ongoing,2025-08-01,(09/2025),,,05/2023,,,,,
701330,Mehsana-Bhatinda & Bhatinda-Jammu Natural Gas Pipeline,,Multi-States,Ministry of Petroleum & Natural Gas,"Punjab,",Rajasthan),,(07/2011),06/2024,Ongoing,2025-08-01,7392,,,(12/2025),,,,,
612853,Gurdaspur Jammu Pipeline,,Multi-States,Gas Authority of India Limited [GAIL],"Kashmir, Punjab",,,07/2026,07/2026,Ongoing,2025-08-01,(521.9),,,521.9,,,,,
701228,Kochi - Koottanad - Bangalore - Mangalore Pipeline Phase-II,,Multi-States,Ministry of Petroleum & Natural Gas,"Kerala, Tamil",Nadu),,(06/2009),12/2012,Ongoing,2025-08-01,2915,,,(12/2025),,,,,
701338,City Gas Distribution Maharashtra Natural Gas Limited,,Multi-States,Ministry of Petroleum & Natural Gas,Maharashtra,,,06/2031,06/2031,Ongoing,2025-08-01,(5535),,,5535,,,,,
701344,Dhamra Haldia Pipeline Project,,Multi-States,Ministry of Petroleum & Natural Gas,Bengal,,,11/2022,12/2025,Ongoing,2025-08-01,(1125),,,1030.65,,,,,
709794,"City Gas Distribution Projects at Fazilka [except area already authorized], Ganganagar and Hanumangarh districts",,Multi-States,Bharat Petroleum Corporation Limited [BPCL],Rajasthan,,,06/2030,06/2030,Ongoing,2025-08-01,(3207),,,3207,,,,,
709786,"Augmentation/ Revamping of Dimapur Depot, Dimapur",,Nagaland,MinistryofPetroleumNaturalGas,08/2023,11/2027,,227.62,227.62,Ongoing,2025-08-01,22,,4.01,9.12,,,,,
604859,Integrated Para Xylene [PX] and Purified Terephthalic Acid [PTA] Project at Paradip Refinery,,Odisha,Ministry of Petroleum & Natural Gas,07/2020,01/2024,,13805,11783,Ongoing,2025-08-01,90,,70.53,8310.16,,,,,
709800,"CUF POL Depot at Sadashibpur [Meramundali], Odisha",,Odisha,MinistryofPetroleumNaturalGas,04/2021,03/2026,,393.54,393.54,Ongoing,2025-08-01,44,,26.57,104.55,,,,,
400119,Life Extension of 48 well platforms of Mumbai High & Heera Fields,,Offshore,Oil and Natural Gas Corporation Limited [ONGC],12/2015,04/2018,,3190.69,3375.9,Ongoing,2025-08-01,89,,91.06,3074.25,,,,,
616950,PRP-VIII [Group-A],,Offshore,Ministry of Petroleum & Natural Gas,09/2024,02/2026,,1486.4,1486.4,Ongoing,2025-08-01,19,,18.32,272.3,,,,,
709839,Daman Upside Development Project,,Offshore,Oil and Natural Gas Corporation Limited [ONGC],06/2022,10/2025,,4144.41,6406.9,Ongoing,2025-08-01,85,,60.79,3894.53,,,,,
709848,MHN TCPP PGC BGC Project [MTPBP],,Offshore,Ministry of Petroleum & Natural Gas,06/2022,05/2026,,2329.45,2354.23,Ongoing,2025-08-01,53,,34.84,820.24,,,,,
709849,PRP-VIII Group B [NH & BS Asset],,Offshore,Ministry of Petroleum & Natural Gas,06/2024,02/2026,,2379.84,3165.53,Ongoing,2025-08-01,62,,52.93,1675.65,,,,,
709851,Integrated Development of 4 Contract Areas under DSF-II,,Offshore,Ministry of Petroleum & Natural Gas,05/2023,04/2027,,6183.79,6183.79,Ongoing,2025-08-01,20,,7.67,474,,,,,
400171,2G Ethanol Biorefinery at Bathinda,,Punjab,Hindustan Petroleum Corporation Limited [HPCL],05/2020,02/2023,,1421.46,1421.46,Ongoing,2025-08-01,95,,83.18,1182.4,,,,,
612998,Bathinda Sangrur Pipeline,,Punjab,Ministry of Petroleum and Natural Gas,11/2021,05/2024,,367,397,Ongoing,2025-08-01,93,,87.2,346.18,,,,,
709770,City Gas Distribution Project at Pathankot District,,Punjab,MinistryofPetroleumNaturalGas,03/2022,09/2033,,151,151,Ongoing,2025-08-01,2,,5.78,8.73,,,,,
604795,CBR 9 MMTPA Project,,Tamil Nadu,Chennai Petroleum Corporation Limited [CPCL],09/2021,06/2025,,31580,36354,Ongoing,2025-08-01,10,,3.69,1342.27,,,,,
709750,Laying of new 28 inch Desal Water Pipeline and 10 inch Reject Water Pipeline between CPCL Manali Refinery and CPCL Desalination plant at Ennore,,Tamil Nadu,Chennai Petroleum Corporation Limited [CPCL],01/2024,09/2025,,205,205,Ongoing,2025-08-01,42,,18.6,38.14,,,,,
709796,City Gas Distribution Projects at the Nilgiris and Erode districts,,Tamil Nadu,Bharat Petroleum Corporation Limited [BPCL],12/2022,03/2030,,3685,3685,Ongoing,2025-08-01,17,,6.16,226.87,,,,,
709837,"Creation of Gas Dehydration  Facilities, Tripura Asset",,Tripura,Oil and Natural Gas Corporation Limited [ONGC],03/2022,05/2024,,209.33,131.51,Ongoing,2025-08-01,62,,52.38,68.88,,,,,
400161,"PP Project, Pata",,Uttar Pradesh,Gas Authority of India Limited [GAIL],03/2019,01/2024,,910.56,1299.02,Ongoing,2025-08-01,97,,78.44,1019,,,,,
709781,Revamping / Augmentation of Facilities at Mathura Bitumen Plant,,Uttar Pradesh,MinistryofPetroleumNaturalGas,04/2022,06/2027,,260.12,260.12,Ongoing,2025-08-01,26,,0.43,1.11,,,,,
709795,"City Gas Distribution Projects at Lakhimpur Kheri , Sitapur, Bahraich, Shravasti,Balrampur, Siddharth Nagar & Maharajganj districts",,Uttar Pradesh,Bharat Petroleum Corporation Limited [BPCL],12/2022,06/2030,,16654,16654,Ongoing,2025-08-01,11,,3.35,558.33,,,,,
617302,Durgapur - Haldia Pipeline [Section-3B of JHBDPL Project],,West Bengal,Ministry of Petroleum & Natural Gas,03/2017,12/2020,,1740,2493.15,Ongoing,2025-08-01,90,,89.83,2239.7,,,,,
709753,Haldia Panagarh Pipeline Project,,West Bengal,Hindustan Petroleum Corporation Limited,11/2022,11/2025,,1010,1010,Ongoing,2025-08-01,82,,63.87,645.07,,,,,
709758,"CGD Project in Malda, Birbhum, Murshidabad, Dakshin Dinajpur GA ID 11A.03",,West Bengal,Hindustan Petroleum Corporation Limited,06/2022,06/2030,,2628,2628,Ongoing,2025-08-01,27,,12.78,335.96,,,,,
709772,"City Gas Distribution Project at East Mednipore, West Mednipore & Jhargram Districts",,West Bengal,MinistryofPetroleumNaturalGas,03/2022,06/2031,,609,609,Ongoing,2025-08-01,2,,9.25,56.35,,,,,
709791,City Gas Distribution Projects at Alipurduar and Cooch Behar,,West Bengal,Bharat Petroleum Corporation Limited [BPCL],12/2022,03/2030,,1017,1017,Ongoing,2025-08-01,39,,18.11,184.13,,,,,
701173,AIIMS Majra Rewari Haryana,,Haryana,Ministry of Health & Family Welfare,02/2019,02/2023,,1299,1299,Ongoing,2025-08-01,28,,26.9,349.41,,,,,
701167,AIIMS Kashmir at Awantipora Jammu & Kashmir,,Jammu and,Central Public Works Department [CPWD],01/2019,(01/2019),,(12/2025),1828,Ongoing,2025-08-01,1531.86,,,(1828),,,,,
701171,AIIMS Bibinagar,,Telangana,Ministry of Health & Family Welfare,12/2018,09/2022,,1028,1365.95,Ongoing,2025-08-01,84,,59.52,812.95,,,,,
708662,Establishment of 600 bed super specialty hospital with optional development of Medical college and further expansion on PPP basis.,,Maharashtra,Mumbai Port Trust [MPT],01/2022,06/2026,,693,693,Ongoing,2025-08-01,0,,8.37,58,,,,,
609424,"Development of Container Terminal at Tuna-Tekra, Deendayal Port on BOT Basis Under PPP Mode",,Gujarat,Deendayal Port Trust [DPT],12/2023,12/2026,,4243.64,4243.64,Ongoing,2025-08-01,10,,8.63,366.2,,,,,
701565,Jal Marg Vikas Project,,Multi-States,Inland Waterways Authority of India [IWAI],"Uttar Pradesh,",West Bengal),,(02/2018),12/2023,Ongoing,2025-08-01,5369.18,,,(12/2025),,,,,
701586,Setting up of a Floating Storage and Regasification Unit [FSRU] - Mumbai,,Maharashtra,Mumbai Port Trust [MPT],04/2021,11/2026,,900,900,Ongoing,2025-08-01,0,,7.22,65,,,,,
708655,Operationalization of Coastal Berth & Shallow Water Berth through PPP,,Maharashtra,Jawaharlal Nehru Port Authority [JNPA],07/2021,01/2026,,366.8,366.8,Ongoing,2025-08-01,25,,102.74,376.86,,,,,
701574,Deepening and Optimization of Inner Harbour facilities including development of Western Dock on BOT basis to handle Cape size vessels,,Odisha,Paradip Port Trust [PPT],01/2023,12/2027,,3004.63,3004.63,Ongoing,2025-08-01,40,,38.27,1149.79,,,,,
701576,Berth No. 2 [previously Berth 3] of HDC Mechanization Project,,West Bengal,"Haldia Dock Complex, Syama Prasad Mookerjee Port Authority",03/2023,09/2025,,298.26,298.26,Ongoing,2025-08-01,91,,140.82,420,,,,,
701577,Shalukkhali Liquid Cargo Handling Facility Development Project,,West Bengal,"Haldia Dock Complex, Syama Prasad Mookerjee Port Authority",08/2022,08/2025,,253.65,253.65,Ongoing,2025-08-01,0,,3.66,9.28,,,,,
707215,National Maritime Heritage Complex [NMHC] Phase-I,,Gujarat,Indian Port Rail & Ropeway Corporation Ltd. [IPRCL],01/2022,03/2024,,573,1238.05,Ongoing,2025-08-01,66,,40.11,496.63,,,,,
615202,Capacity expansion of Deposit-14 and 14 NMZ at Kirandul,,Chhattisgarh,National Mineral Development Corporation Limited [NMDC],07/2022,12/2028,,1700,1756.2,Ongoing,2025-08-01,3,,3.73,65.44,,,,,
617243,Replacement of Hot Leveller No.1 of Plate Mill at Bhilai Steel Plant,,Chhattisgarh,Steel Authority of India Limited [SAIL],08/2024,07/2026,,198.62,198.62,Ongoing,2025-08-01,10,,5.49,10.9,,,,,
617255,"Replacement of Converter Vessels, Trunnion Rings, Support System & Installation of Secondary Emission at Bhilai Steel Plant",,Chhattisgarh,Steel Authority of India Limited [SAIL],12/2023,06/2026,,471.83,471.83,Ongoing,2025-08-01,40,,27.69,130.66,,,,,
617256,Rebuilding of Coke Oven Battery No.7 & 8 at Bhilai Steel Plant,,Chhattisgarh,Steel Authority of India Limited [SAIL],01/2024,10/2025,,884.1,884.1,Ongoing,2025-08-01,77,,52.74,466.31,,,,,
706811,NMDC Slurry Pipeline Project Phase-1,,Chhattisgarh,National Mineral Development Corporation Limited [NMDC],09/2020,06/2023,,2907,5427,Ongoing,2025-08-01,85,,56.0,3038.85,,,,,
709826,SCREENING PLANT-III AT KIRANDUL,,Chhattisgarh,National Mineral Development Corporation Limited [NMDC],10/2021,01/2026,,2718.84,2718.84,Ongoing,2025-08-01,72,,49.33,1341.08,,,,,
709827,CONSTRUCTION OF RESIDENTIAL TOWERS AT BIOM KIRANDUL COMPLEX,,Chhattisgarh,National Mineral Development Corporation Limited [NMDC],10/2022,12/2025,,349.75,349.75,Ongoing,2025-08-01,88,,80.78,282.52,,,,,
400174,"New Sinter Plant at BSL, SAIL",,Jharkhand,Steel Authority of India Limited [SAIL],05/2015,10/2017,,1034.01,1752.3,Ongoing,2025-08-01,51,,50.42,883.44,,,,,
617249,Replacement of existing Grinders in CRM-I & II at Bokaro Steel Plant,,Jharkhand,Steel Authority of India Limited [SAIL],02/2025,01/2027,,211.94,211.94,Ongoing,2025-08-01,10,,7.1,15.04,,,,,
617250,Secondary Emission Control in Converters of SMS-II at Bokaro Steel Plant,,Jharkhand,Steel Authority of India Limited [SAIL],02/2025,10/2026,,207.13,207.13,Ongoing,2025-08-01,8,,7.61,15.76,,,,,
617253,Revamping of old sub-systems of Blast Furnace 3 at Bokaro Steel Plant,,Jharkhand,Steel Authority of India Limited [SAIL],10/2023,07/2025,,513.82,513.82,Ongoing,2025-08-01,71,,45.65,234.54,,,,,
617254,Replacement of remaining 04 sets  of Battery Cyclones with 04 Nos. of ESPs in Sinter Plant-1 at Bokaro Steel Plant,,Jharkhand,Steel Authority of India Limited [SAIL],04/2024,06/2026,,260.37,260.37,Ongoing,2025-08-01,22,,17.0,44.25,,,,,
617257,Rebuilding of Coke Oven Battery No.6 at Bokaro Steel Plant,,Jharkhand,Steel Authority of India Limited [SAIL],12/2023,11/2026,,627.31,627.31,Ongoing,2025-08-01,38,,14.66,91.96,,,,,
400121,"Construction of Screening Plant-II for Donimalai and Kumaraswamy Iron Ore Mining Complex of NMDC Limited at Ballari Dt, Karnataka.",,Karnataka,National Mineral Development Corporation Limited [NMDC],06/2024,08/2026,,1043.63,1043.63,Ongoing,2025-08-01,29,,22.02,229.77,,,,,
400065,Installation of 4th Slab Caster along with its Auxiliaries and a New Ladle Furnace in SMS-II at Rourkela Steel Plant,,Odisha,Steel Authority of India Limited [SAIL],02/2022,05/2025,,1105.23,1105.23,Ongoing,2025-08-01,97,,69.59,769.08,,,,,
612781,Rebuilding of COB 4 at Durgapur Steel Plant,,West Bengal,Steel Authority of India Limited [SAIL],12/2023,12/2026,,916.78,916.78,Ongoing,2025-08-01,14,,13.77,126.25,,,,,
617242,Installation of New Bar Mill at Durgapur Steel Plant,,West Bengal,Steel Authority of India Limited [SAIL],10/2024,06/2027,,2115.44,2115.44,Ongoing,2025-08-01,27,,9.88,209.11,,,,,
617246,Up-gradation of Blast Furnace No. 3 at Durgapur Steel Plant,,West Bengal,Steel Authority of India Limited [SAIL],10/2024,06/2026,,758.09,758.09,Ongoing,2025-08-01,4,,8.42,63.81,,,,,
617248,Third Ladle Furnace in Secondary Refinery Unit at IISCO Steel Plant,,West Bengal,Steel Authority of India Limited [SAIL],12/2024,07/2026,,227.96,227.96,Ongoing,2025-08-01,29,,7.12,16.24,,,,,
617251,Revamping of Air Pollution Control Systems of SP-1 at Durgapur Steel Plant,,West Bengal,Steel Authority of India Limited [SAIL],12/2024,05/2026,,196.4,196.4,Ongoing,2025-08-01,3,,0.1,0.19,,,,,
400298,Nadikudi - Srikalahasti New Line,,Andhra Pradesh,South Central Railway [SCR] - II,12/2016,05/2027,,2312,5200,Ongoing,2025-08-01,54,,41.9,2179,,,,,
611615,Malugur- Palasamudram New Line Project [17.975 Km],,Andhra Pradesh,South Western Railway [SWR] - II,11/2025,11/2027,,342,342.14,Ongoing,2025-08-01,0,,0.0,0,,,,,
611752,GOOTY-PENDEKALLU DOUBLING  29.225 Km,,Andhra Pradesh,South Central Railway [SCR] - II,06/2023,03/2027,,351.83,351.83,Ongoing,2025-08-01,25,,5.12,18,,,,,
611754,GUNTAKAL WEST-MALLAPPA GATE RAIL OVER RAIL - ROR TRACK,,Andhra Pradesh,South Central Railway [SCR] - II,07/2023,07/2026,,293.3,293.3,Ongoing,2025-08-01,0,,0.0,0,,,,,
611927,Kurnool - Setting up facilities for coach midlife rehabilitation workshop,,Andhra Pradesh,WPO/Patna,10/2017,12/2023,,560.72,560.72,Ongoing,2025-08-01,65,,49.34,276.66,,,,,
612827,Flyover between Pendurthi and Simhachalam North to avoid surface crossing at Simhachalam  7.135 km    PB 73 of 2023  24 NR,,Andhra Pradesh,East Coast Railway [ECoR] - II,05/2024,04/2027,,183.65,183.65,Ongoing,2025-08-01,11,,2.29,4.2,,,,,
616697,3rd & 4th line between Vadlapudi -Gate Jn. cabin and Tie line between Gate Junction to Gangavaram port,,Andhra Pradesh,East Coast Railway [ECoR] - II,03/2024,06/2026,,154.28,154.28,Ongoing,2025-08-01,16,,7.12,10.98,,,,,
617210,Tiupati Katpadi 104.39 kms,,Andhra Pradesh,South Central Railway [SCR] - II,04/2025,03/2029,,1215.56,1215.56,Ongoing,2025-08-01,0,,0.0,0,,,,,
617216,3rd Line between Gudur Renigunta 83.17 Km,,Andhra Pradesh,South Central Railway [SCR] - II,10/2024,03/2027,,877.34,877.34,Ongoing,2025-08-01,0,,0.34,2.97,,,,,
705253,Kurnool Coach Midlife Rehabilitation Project,,Andhra Pradesh,WPO/Patna,07/2014,12/2020,,563,563,Ongoing,2025-08-01,0,,21.31,120,,,,,
705436,Kotapalli - Narasapur New Line,,Andhra Pradesh,South Central Railway [SCR] - II,09/2013,03/2028,,2501,2501,Ongoing,2025-08-01,29,,52.12,1303.41,,,,,
705633,Guntur-Guntakal Doubling Project,,Andhra Pradesh,South Central Railway [SCR] - II,11/2017,12/2025,,3733,4295,Ongoing,2025-08-01,92,,98.09,4213.01,,,,,
705648,Vijaywada-Gudur 3rd Line,,Andhra Pradesh,RVNL - II,04/2018,11/2024,,6654,6654,Ongoing,2025-08-01,90,,89.0,5922,,,,,
705789,Penukonda - Dharmavaram Doubling Project [41.5 Km],,Andhra Pradesh,South Western Railway [SWR] - II,12/2018,03/2026,,307.66,307.66,Ongoing,2025-08-01,61,,87.93,270.52,,,,,
705572,Doubling of New Bonggigaon to Kamakhya via Goalpara - 176 km,,Assam,Northeast Frontier Railway [NFR],09/2016,03/2026,,4060,4961,Ongoing,2025-08-01,93,,74.25,3683.75,,,,,
706922,Guwahati-Dibrugarh via Tinsukia & Simaluguri-Dibrugarh,,Assam,Central Organisation for Railway Electrification [CORE],09/2018,09/2020,,890.36,889.36,Ongoing,2025-08-01,89,,44.05,391.73,,,,,
706940,"Mariani-Jorhat, Tinsukia-Dangri and Makum -TirapTrack Electrification Project",,Assam,GM/C/ NFR,01/2022,05/2024,,183.99,183.99,Ongoing,2025-08-01,0,,0.0,0,,,,,
706942,Harmuty-Murkongselek Branch Line Electrification Project,,Assam,GM/C/ NFR,01/2022,05/2024,,237.52,237.52,Ongoing,2025-08-01,0,,0.0,0,,,,,
400254,Sakri -Hasanpur [via Harnagar - Kusheshwar Asthan] New Railway line,,Bihar,East Central Railway [ECR] - I,08/1997,12/2024,,735.2,735.2,Ongoing,2025-08-01,82,,79.68,585.84,,,,,
705364,Khagaria-Kusheshwar Asthan [42Km] new line project,,Bihar,East Central Railway [ECR] - I,12/1998,12/2024,,614,1384,Ongoing,2025-08-01,55,,34.99,484.29,,,,,
705366,Hajipur-Sagauli New line,,Bihar,East Central Railway [ECR] - I,10/2004,03/2020,,2067,2087,Ongoing,2025-08-01,74,,94.32,1968.45,,,,,
705368,Araria Supaul New BG Line,,Bihar,East Central Railway [ECR] - I,03/2009,03/2024,,1605,2514,Ongoing,2025-08-01,35,,59.28,1490.2,,,,,
705373,"Fatuha-Islampur incl. MM for extn.of NL from Neora to Daniawan , Daniawan to Biharsharif, Biharsharif to Barbigha , Barbigha to Shekhpura",,Bihar,East Central Railway [ECR] - I,03/2002,03/2023,,1473,2882,Ongoing,2025-08-01,94,,87.52,2522.41,,,,,
705450,Jogbani-Biratnagar New Rail Line project,,Bihar,Indian Railway Construction International Limited [IRCON],01/2011,03/2022,,402,486,Ongoing,2025-08-01,86,,75.63,367.54,,,,,
705526,Samastipur-Darbhanga Doubling Railway Project,,Bihar,East Central Railway [ECR] - I,12/2015,03/2025,,519,519,Ongoing,2025-08-01,84,,66.33,344.23,,,,,
705527,Sagauli-Valmiknagar,,Bihar,East Central Railway [ECR] - I,03/2017,12/2025,,1216,2222,Ongoing,2025-08-01,91,,92.01,2044.54,,,,,
705528,Muzaffarpur-Sugauli,,Bihar,East Central Railway [ECR] - I,03/2017,06/2024,,1586,1586,Ongoing,2025-08-01,99,,92.27,1463.45,,,,,
706759,Rampur Dumra-Tal-Rajendrapul Additional Bridge and Railway Line Doubling,,Bihar,Indian Railway Construction International Limited [IRCON],05/2017,12/2024,,2373.64,1700.24,Ongoing,2025-08-01,95,,82.51,1402.95,,,,,
706860,Barauni-Bachwara [16 km] - 3rd & 4th line incl. Barauni yard remodelling [32 km],,Bihar,East Central Railway [ECR] - I,08/2025,08/2025,,645,645,Ongoing,2025-08-01,55,,0.12,0.77,,,,,
400220,Kharsia-Dharamjaygarh with Spur line [East Corridor-Phase 1],,Chhattisgarh,Indian Railway Construction International Limited [IRCON],01/2014,09/2018,,3055,3438,Ongoing,2025-08-01,94,,74.88,2574.54,,,,,
400291,Doubling of Kirandul-Jagdalpur Line [150 km],,Chhattisgarh,East Coast Railway [ECoR] - II,03/2013,03/2020,,1589,1798,Ongoing,2025-08-01,92,,85.81,1542.79,,,,,
602792,Gauge Conversion of Kendri-Dhamtari  including Abhanpur - Rajim Branch line 67.20 Kms - 2nd Material Modification to Raipur Titlagarh doubling.,,Chhattisgarh,SECR,05/2021,02/2025,,1171,1171,Ongoing,2025-08-01,82,,72.42,848,,,,,
612815,4th line between Nipania Bhatapara 14.4 Km,,Chhattisgarh,South East Central Railway [SECR] - II,05/2024,03/2027,,170.49,170.49,Ongoing,2025-08-01,0,,0.0,0,,,,,
613003,Dharamjaigarh-Korba 63 km,,Chhattisgarh,CERL,07/2022,08/2026,,1686.26,1686.26,Ongoing,2025-08-01,18.5,,17.13,288.83,,,,,
617200,KHARSIA- NAYA RAIPUR-PARMALKASA 5th and 6th Line [278KM],,Chhattisgarh,CAO/C/SECR,04/2025,03/2031,,7853.84,7853.84,Ongoing,2025-08-01,0,,0.0,0,,,,,
705433,Dallirajhra- Rowghat New Railway Line - Phase I [95 km],,Chhattisgarh,RVNL - II,12/2009,09/2025,,1628,1628,Ongoing,2025-08-01,82,,88.5,1440.85,,,,,
705444,Gevra Road-Pendra Road New Railway Line [135 km],,Chhattisgarh,Indian Railway Construction International Limited [IRCON],04/2014,03/2022,,4970,4970,Ongoing,2025-08-01,73,,87.46,4346.55,,,,,
705756,Chirimiri-Nagpur Halt New Railway Line Project,,Chhattisgarh,South East Central Railway [SECR] - II,06/2020,06/2030,,241,656.52,Ongoing,2025-08-01,0,,10.81,71,,,,,
706854,Boridand - Ambikapur Doubling Line Project,,Chhattisgarh,South East Central Railway [SECR] - II,04/2022,06/2030,,1376,1576.23,Ongoing,2025-08-01,18,,13.83,218,,,,,
709814,NIPANIA-BHATAPRA [14.4 KM] 4TH LINE [PB-72/NR/2022-23],,Chhattisgarh,SECR,05/2024,12/2026,,170,184,Ongoing,2025-08-01,0,,0.0,0,,,,,
709815,4TH LINE - BHATAPARA-HATHBAND [8.8 KM] [PB-72/NR/2022-23],,Chhattisgarh,SECR,05/2024,01/2027,,177.03,177.03,Ongoing,2025-08-01,2,,0.0,0,,,,,
709816,4TH LINE - BHILAI-BHILAI NAGAR [8.8 KM] [PB-72/NR/2022-23],,Chhattisgarh,SECR,05/2024,02/2027,,177.34,177.34,Ongoing,2025-08-01,2,,0.65,1.16,,,,,
709817,4TH LINE - DADHAPARA-BELHA [9.2 KM] [PB-72/NR/2022-23],,Chhattisgarh,SECR,05/2024,11/2026,,169.06,169.06,Ongoing,2025-08-01,60,,8.53,14.42,,,,,
709818,4TH LINE RAJNANDGAON-DONGARHGARH [31.2 KM] [PB-72/NR/2022-23],,Chhattisgarh,SECR,05/2024,01/2027,,328.34,328.34,Ongoing,2025-08-01,25,,15.4,50.58,,,,,
709819,3RD AND 4TH LINE - SARAGBUNDIA AND MADWARANI,,Chhattisgarh,SECR,05/2025,12/2026,,167.64,167.64,Ongoing,2025-08-01,2,,0.0,0,,,,,
613785,Redevelopment of New Delhi Railway Station and construction of associated infrastructure,,Delhi,Ministry of Railways,06/2024,12/2028,,4744,4744,Ongoing,2025-08-01,0,,0.74,35.09,,,,,
705298,North Region Video Surveillance Project,,Delhi,RCIL,04/2023,03/2024,,274.39,274.39,Ongoing,2025-08-01,0,,0.0,0,,,,,
705583,Anand Vihar-Tilak Bridge 3rd & 4th line,,Delhi,CAO/C/NR,03/2013,03/2023,,667,667,Ongoing,2025-08-01,62,,42.79,285.44,,,,,
705694,Provision of Work-site Tampers [WST] Railway Project,,Delhi,EDTK[MC]/RB,01/2016,12/2023,,187.72,187.72,Ongoing,2025-08-01,100,,75.6,141.91,,,,,
705708,WST Machine Procurement Project,,Delhi,EDTK[MC]/RB,06/2018,03/2024,,176,176,Ongoing,2025-08-01,0,,0.0,0,,,,,
705710,PCT Machine Procurement Project,,Delhi,EDTK[MC]/RB,04/2019,04/2024,,336,336,Ongoing,2025-08-01,85,,22.12,74.32,,,,,
705712,RBMV Machine Procurement Project,,Delhi,EDTK[MC]/RB,10/2019,06/2024,,480,480,Ongoing,2025-08-01,7,,0.07,0.33,,,,,
705717,SRGM Machine Procurement Project,,Delhi,EDTK[MC]/RB,10/2019,12/2023,,440,440,Ongoing,2025-08-01,90,,88.64,390.03,,,,,
705720,WST Machine Procurement Project,,Delhi,EDTK[MC]/RB,12/2019,04/2024,,384,384,Ongoing,2025-08-01,0,,0.0,0,,,,,
705721,DTS Machine Procurement Project,,Delhi,EDTK[MC]/RB,12/2019,12/2024,,447.6,447.6,Ongoing,2025-08-01,0,,0.0,0,,,,,
705722,BRM Machine Procurement Project,,Delhi,EDTK[MC]/RB,09/2019,06/2024,,210,210,Ongoing,2025-08-01,0,,0.01,0.02,,,,,
705726,Track Machine Procurement Project,,Delhi,EDTK[MC]/RB,04/2020,03/2025,,6339,6339,Ongoing,2025-08-01,41,,65.73,4166.47,,,,,
611918,Kosamba Umarpada 70 Km,,Gujarat,PCE/WR,07/2022,03/2027,,468,468,Ongoing,2025-08-01,8,,4.27,20,,,,,
611937,Adraj Moti Vijapur 40 Kms,,Gujarat,Western Railway [WR] - II,05/2022,05/2026,,417.53,417.53,Ongoing,2025-08-01,86,,53.41,223,,,,,
611938,Vijapur Ambliyasan 42 km,,Gujarat,PCE/WR,05/2022,05/2026,,415.38,415.38,Ongoing,2025-08-01,96,,87.63,364,,,,,
611939,Himatnagar Khedbrahma  55 km,,Gujarat,Railway,04/2017,06/2001,,482.42,482.42,Ongoing,2025-08-01,96,,95.56,461,,,,,
611943,New broad gauge line between Naliya Jakhau Port 25 Kms,,Gujarat,PCE/WR,02/2023,01/2028,,410.26,410.26,Ongoing,2025-08-01,4,,1.46,6,,,,,
611944,Quadrupling between Gandhidham Adipur with Y connection at Adipur for providing direct entry towards Mundra Port and Bhuj and high level platform at Gopalpur 11Kms,,Gujarat,PCE/WR,02/2023,03/2026,,152.44,152.44,Ongoing,2025-08-01,68,,13.12,20,,,,,
611945,Petlad Bhadran 23 Kms,,Gujarat,PCE/WR,05/2022,05/2030,,307.11,307.11,Ongoing,2025-08-01,17,,26.7,82,,,,,
611969,Choranda Motikoral 18 Kms,,Gujarat,PCE/WR,08/2023,10/2026,,246,246,Ongoing,2025-08-01,0,,0.0,0,,,,,
611970,Samlaya Timba Road 54 km,,Gujarat,PCE/WR,02/2023,03/2030,,670.17,670.17,Ongoing,2025-08-01,12,,15.22,102,,,,,
611971,Samni Jambusar 24 km,,Gujarat,PCE/WR,05/2022,03/2030,,350,349.93,Ongoing,2025-08-01,31,,24.86,87,,,,,
611972,Jambusar Kavi 26 Kms,,Gujarat,PCE/WR,04/2023,12/2026,,318,318,Ongoing,2025-08-01,0,,0.0,0,,,,,
611973,miyagam karjan Choranda maalsar 37 kms,,Gujarat,PCE/WR,06/2023,12/2026,,450,450,Ongoing,2025-08-01,0,,0.0,0,,,,,
611974,Western Railway Samakhiali Gandhidham Quadrupiling 53 Kms,,Gujarat,PCE/WR,08/2023,12/2026,,1430,1430,Ongoing,2025-08-01,0,,0.0,0,,,,,
611977,Dahod Creation of Infrastructure facilities for 9000 HP Electric locomotives Manufacturing  at,,Gujarat,PCE/WR,02/2023,02/2025,,487,487,Ongoing,2025-08-01,0,,22.32,108.69,,,,,
611978,Dahod Rolling Stock Workshop Provision of Infrastructure for CBS at,,Gujarat,PCE/WR,03/2023,03/2025,,158,158,Ongoing,2025-08-01,0,,29.94,47.31,,,,,
611979,Sabarmati  Setting up of Maintenance Facilities for Train Sets Phase ii,,Gujarat,PCE/WR,04/2023,06/2025,,250,250,Ongoing,2025-08-01,0,,0.0,0,,,,,
612072,4th LINE BETWEEN BAREJADI NANDEJ-SANAND-AHMEDABAD BYPASS,,Gujarat,Western Railway,02/2023,03/2027,,961.67,961.67,Ongoing,2025-08-01,17,,34.06,327.53,,,,,
613786,"Redevelopment of Ahmedabad railway station and associated infrastructure on engineering, procurement and construction mode",,Gujarat,Ministry of Railways,11/2023,03/2028,,2379,2379,Ongoing,2025-08-01,16,,27.61,656.84,,,,,
705458,Miyagam-Karjan-Dabhoi-Samlaya [GC],,Gujarat,Western Railway [WR] - II,01/2017,03/2021,,483.88,844.1,Ongoing,2025-08-01,41,,73.57,620.98,,,,,
706757,Modasa-Shamlaji Road Railway Line Project,,Gujarat,SECR,04/2008,03/2025,,262,262,Ongoing,2025-08-01,58,,77.48,203,,,,,
706763,Rajkot - Kanalus Doubling Project [111.2 Kms],,Gujarat,Western Railway [WR] - II,12/2021,10/2026,,1080.58,1080.58,Ongoing,2025-08-01,76,,72.9,787.69,,,,,
709812,NADIAD-PETLAD [37.26 KM],,Gujarat,Railway,,06/2030,,461.91,461.91,Ongoing,2025-08-01,7,,16.24,75,,,,,
709813,NEW BG LINE INTERSECTION [5 NOS] BETWEEN GERATPUR-SANAND & BOTAD-AHMEDABAD [16.51 KM]  [PB#29/NR/202,,Gujarat,SECR,,10/2027,,437.21,437.21,Ongoing,2025-08-01,15,,9.84,43,,,,,
611884,Bhiwani - Dobh Bahali Doubling Project [42.30 Km],,Haryana,North Western Railway [NWR],02/2023,02/2028,,471,471,Ongoing,2025-08-01,59,,40.63,191.39,,,,,
705765,Gomoh - Flyover for DN trains,,Jharkhand,East Central Railway [ECR] - I,01/2018,03/2026,,686,686,Ongoing,2025-08-01,59,,78.52,538.66,,,,,
705785,Lodhma - Piska - Link Line bypassing Hatia/Ranchi with Y connection,,Jharkhand,South Eastern Railway [SER] - I,03/2019,06/2026,,473,473,Ongoing,2025-08-01,4,,60.11,284.34,,,,,
706837,Pradhan Kuntha Jn Line Doubling Project,,Jharkhand,East Central Railway [ECR] - I,11/2022,11/2027,,349.22,349.22,Ongoing,2025-08-01,60,,25.95,90.64,,,,,
400023,Construction of New BG line between Hassan to Belur [27 Km],,Karnataka,South Western Railway [SWR] - II,12/2025,04/2028,,749,749,Ongoing,2025-08-01,0,,0.0,0,,,,,
703585,Yeshvanthpur - Channasandra Doubling Project [21.70 Km],,Karnataka,Karnataka Rail Infrastructure Development Company Limited [K-RIDE],10/2019,03/2024,,314.1,683.57,Ongoing,2025-08-01,52,,22.11,151.11,,,,,
705434,New Railway Line between Ginigera and Raichur [165.57 km],,Karnataka,South Western Railway [SWR] - II,05/2009,03/2019,,2565,3034.98,Ongoing,2025-08-01,66,,68.34,2073.98,,,,,
705490,Gadag-Wadi New Railway Line [257 km],,Karnataka,South Western Railway [SWR] - II,08/2017,03/2027,,2842,6700,Ongoing,2025-08-01,30,,25.9,1735.22,,,,,
705492,Kadur - Chickamagalur - Sakleshpur [93km],,Karnataka,South Western Railway [SWR] - II,11/2016,06/2025,,825,825,Ongoing,2025-08-01,83,,95.53,788.13,,,,,
705495,Bagalkot-Kudachi New Railway Line [142 km],,Karnataka,South Western Railway [SWR] - II,11/2012,03/2027,,1378,1649,Ongoing,2025-08-01,35,,41.45,683.48,,,,,
705496,Tumkur-Chitradurga-Davangere New Rail Line Project [191 km],,Karnataka,South Western Railway [SWR] - II,01/2017,03/2019,,1876,1876,Ongoing,2025-08-01,13,,27.88,523.07,,,,,
705663,Bangalore-Whitefield-Bangalore City-Krishnarajapuram [23.08 km] - Quadrupling,,Karnataka,South Western Railway [SWR] - II,06/2022,02/2026,,493,493,Ongoing,2025-08-01,82,,51.21,252.45,,,,,
705761,SHIMOGA - SHIKARIPURA - RANEBENNUR [96 Km],,Karnataka,South Western Railway [SWR] - II,02/2023,12/2027,,1454,1454,Ongoing,2025-08-01,11,,4.8,69.82,,,,,
706835,Belgaum-Dharwad via Kittur [73.10Km],,Karnataka,South Western Railway [SWR] - II,03/2025,12/2027,,1591,1591,Ongoing,2025-08-01,0,,0.05,0.75,,,,,
705638,Kumbalam-Turavur doubling project [15.59 Km],,Kerala,Southern Railway [SR] - II,04/2023,03/2027,,813,813,Ongoing,2025-08-01,15,,35.93,292.15,,,,,
705639,Ernakulam-Kumbalam doubling project [7.71 Km],,Kerala,SR-ERS,04/2023,03/2028,,601,601,Ongoing,2025-08-01,17,,47.09,283,,,,,
705480,"Lalitpur-Satna, Rewa-Singrauli & Mahoba-Khajuraho",,Madhya Pradesh,North Central Railway,03/1998,03/2027,,8914,8914,Ongoing,2025-08-01,72,,56.24,5013.49,,,,,
705651,Katni - Bina Third Railway Line [279 km],,Madhya Pradesh,West Central Railway WCR I,01/2017,03/2022,,2478.23,4127.23,Ongoing,2025-08-01,90,,80.0,3301.89,,,,,
705659,Satna-Rewa Railway Line Doubling Project,,Madhya Pradesh,West Central Railway [WCR] - II,08/2017,03/2026,,500,584,Ongoing,2025-08-01,80,,96.13,561.38,,,,,
705660,Doubling of Katni - Singrauli Railway Line [261 km],,Madhya Pradesh,Indian Railway Construction International Limited [IRCON],03/2017,12/2025,,2445,4377,Ongoing,2025-08-01,100,,73.15,3201.67,,,,,
705661,Katni Grade Separator/Bye Pass,,Madhya Pradesh,Indian Railway Construction International Limited [IRCON],09/2017,09/2024,,1248,1248,Ongoing,2025-08-01,94,,127.18,1587.21,,,,,
705763,Indore - Budni New Railway Line [198 kms],,Madhya Pradesh,RVNL - II,10/2020,09/2030,,7474,7474,Ongoing,2025-08-01,23,,22.55,1685.25,,,,,
705933,Nimach-Ratlam Doubling [133 Km],,Madhya Pradesh,Western Railway [WR] - II,10/2021,10/2027,,1095.88,1095.88,Ongoing,2025-08-01,89,,97.41,1067.49,,,,,
400019,DHULE [BORVIHIR] - NARDANA NEW LINE [50.60 KMS],,Maharashtra,CR,04/2023,12/2026,,492.76,1170.83,Ongoing,2025-08-01,16,,20.93,245.11,,,,,
400271,Wardha-Nanded Via Yavatmal New BG Line,,Maharashtra,Central Railway [CR] - II,04/2008,03/2028,,3445,3445,Ongoing,2025-08-01,50,,87.17,3002.93,,,,,
611751,AURANGABAD-ANKAI - DOUBLING PROJECT 98.25 Km,,Maharashtra,South Central Railway [SCR] - II,05/2023,03/2027,,960.64,960.64,Ongoing,2025-08-01,0.01,,0.0,0,,,,,
611975,Western Railway Vasai bypass double line between Naigaon  Juchandra 6 km,,Maharashtra,PCE/WR,07/2023,03/2026,,176,176,Ongoing,2025-08-01,0,,0.0,0,,,,,
611976,Jogeshwari AT Development of JOS-AT as Trainset Maintenance Depot for energy efficient Vande Bharat Sleeper Trains,,Maharashtra,PCE/WR,06/2023,10/2025,,221,221,Ongoing,2025-08-01,0,,0.0,0,,,,,
613015,Redevelopment of Chhatrapati Shivaji Maharaj Terminus [CSMT] and construction of associated infrastructure,,Maharashtra,Ministry of Railways,07/2023,03/2027,,1813,1813,Ongoing,2025-08-01,13,,31.39,569.08,,,,,
617201,Gondia-Balharshah [Chanda Fort] Doubling [240 Km],,Maharashtra,South East Central Railway,04/2025,04/2030,,4373.04,4373.04,Ongoing,2025-08-01,0,,0.0,0,,,,,
617215,Doubling between Parbhani  Parli Vaijanath stations  64.71 Km,,Maharashtra,South Central Railway [SCR] - II,12/2023,03/2028,,769.93,769.93,Ongoing,2025-08-01,0,,0.0,0,,,,,
705300,Western Region Video Surveillance Project,,Maharashtra,RCIL,04/2023,12/2023,,227.59,227.59,Ongoing,2025-08-01,0,,0.0,0,,,,,
705356,Ahmednagar - Beed - Parli - Vaijnath  New Broad Gauge Line Railway Project [261.3 km],,Maharashtra,Central Railways,10/2002,03/2026,,2538.67,4957.27,Ongoing,2025-08-01,98,,100.37,4975.74,,,,,
705357,Baramati Lonand New Line Project,,Maharashtra,Central Railway [CR] - II,03/1999,03/2027,,138.48,1843.9,Ongoing,2025-08-01,51,,39.88,735.33,,,,,
705479,Wadsa-Gadchiroli,,Maharashtra,South East Central Railway,03/2012,03/2027,,1886,1886,Ongoing,2025-08-01,50,,49.06,925.28,,,,,
705498,3rd Line Kalyan - Kasara [67.35 Kilometres],,Maharashtra,Central Railway [CR] - II,09/2015,12/2026,,792.89,1395.79,Ongoing,2025-08-01,51,,64.44,899.47,,,,,
705500,3rd Line Wardha - Sewagram - Nagpur,,Maharashtra,Central Railway [CR] - II,05/2016,12/2025,,540.02,944.24,Ongoing,2025-08-01,81,,79.88,754.27,,,,,
705502,3rd Line Wardha - Ballarshah [132 Kilometres],,Maharashtra,Central Railway [CR] - II,12/2016,12/2025,,1384.72,2033.59,Ongoing,2025-08-01,68,,81.43,1655.88,,,,,
705503,Pune - Miraj-Londa  [467 Kilometres],,Maharashtra,Central Railway [CR] - II,06/2016,02/2025,,4027.53,4872.52,Ongoing,2025-08-01,85,,99.19,4833.04,,,,,
705504,Doubling of Daund Manmad Line [247.6 km],,Maharashtra,Central Railway [CR] - II,03/2017,12/2025,,2081.27,3267.06,Ongoing,2025-08-01,88,,86.21,2816.46,,,,,
705505,4th Line Wardha - Nagpur [78.7 Kilometres],,Maharashtra,Central Railway [CR] - II,05/2018,12/2025,,637.95,1341.28,Ongoing,2025-08-01,81,,73.3,983.16,,,,,
705506,3rd Line Manmad - Jalgaon [160 Kilometres],,Maharashtra,Central Railway [CR] - II,04/2018,12/2024,,1035.16,1558.75,Ongoing,2025-08-01,95,,110.79,1726.94,,,,,
705735,Solapur-tuljapur-Osmanabad,,Maharashtra,Railway,12/2023,03/2027,,904.92,3295.74,Ongoing,2025-08-01,12,,34.2,1127.14,,,,,
705799,Nagpur- Nagbhir Railway Line Gauge Conversion Project,,Maharashtra,MRIDC,04/2020,12/2025,,1400,1400,Ongoing,2025-08-01,80,,105.14,1472,,,,,
706779,Mumbai Urban Transport Project [MUTP] - PHASE II,,Maharashtra,Mumbai Rail Vikas Corporation Ltd.[MRVC],04/2008,03/2014,,8087,8087,Ongoing,2025-08-01,87,,91.06,7364,,,,,
706780,Mumbai Urban Transport Project [MUTP]  Phase-IIIA,,Maharashtra,Mumbai Rail Vikas Corporation Ltd.[MRVC],04/2019,12/2027,,33690,33690,Ongoing,2025-08-01,16,,6.84,2303.4,,,,,
706781,Mumbai Urban Transport Project Phase-III,,Maharashtra,Mumbai Rail Vikas Corporation Ltd.[MRVC],12/2016,03/2022,,10947,10947,Ongoing,2025-08-01,60,,47.07,5152.7,,,,,
709808,PACHORA-JAMNER WITH EXTENSION UPTO MALKAPUR NG TO BG,,Maharashtra,CR,01/2022,08/2027,,955.39,2093.82,Ongoing,2025-08-01,11,,6.23,130.42,,,,,
709809,KALYAN-MURBAD VIA ULHASNAGAR  [UMBRELLA WORK],,Maharashtra,Central Railway [CR] - II,04/2023,03/2027,,726.46,836.12,Ongoing,2025-08-01,0,,1.11,9.29,,,,,
705391,Jiribam-Imphal new line project,,Manipur,Northeast Frontier Railway [NFR],12/2007,12/2026,,14323,21885.9,Ongoing,2025-08-01,69,,71.27,15598.11,,,,,
705491,Marikuppam - Kuppam New Line Project [23.70 Km],,Multi-States,South Western Railway [SWR] - II,Karnataka,04/2012,,06/2026,06/2026,Ongoing,2025-08-01,(297),,,297,,,,,
705494,Rayadurg-Tumkur via Kalyandurg New Line [207 km],,Multi-States,South Western Railway [SWR] - II,Karnataka,03/2008,,09/2015,02/2028,Ongoing,2025-08-01,(2496),,,2496,,,,,
705610,"Renigunta, Wadi & Gooty Bypass Railway Project",,Multi-States,South Central Railway [SCR] - I,Karnataka,04/2016,,12/2025,12/2025,Ongoing,2025-08-01,(543),,,302,,,,,
617212,Doubling between Mudkhed  Medchal & Mahbubnagar  Dhone section 417.88 Km,,Multi-States,South Central Railway [SCR] - II,"Maharashtra,",Telangana),,(08/2023),03/2029,Ongoing,2025-08-01,4686.09,,,(-),,,,,
400253,Vizianagaram - Titlagarh 3rd line  [272 Km including By - pass line of 7.68 KM],,Multi-States,RVNL - II,Odisha,06/2016,,12/2026,12/2026,Ongoing,2025-08-01,(6670),,,4803,,,,,
705512,Doubling of Kottavalasa-Koraput Rail Line [189 KM],,Multi-States,East Coast Railway [ECoR] - II,Odisha,12/2015,,03/2022,03/2028,Ongoing,2025-08-01,(2500),,,2500,,,,,
705520,Vizianagaram-Sambhalpur 3rd Line Project,,Multi-States,RVNL,Odisha,,,03/2025,-,Ongoing,2025-08-01,(4803.16),,,4803.16,,,,,
616702,Malkangiri Pandurangapuram new railway line project,,Multi-States,Indian Railways,"Odisha,",Telangana),,(01/2027),11/2031,Ongoing,2025-08-01,3591.76,,,(-),,,,,
400275,Tindivanam-Nagari New Line Project [184.5 km],,Multi-States,Southern Railway [SR] - II,Tamil Nadu,07/2008,,09/2016,03/2028,Ongoing,2025-08-01,(3631),,,3631,,,,,
616857,Doubling between Motumari  Vishnupuram - 88.81 Km and Rail over Rail - RoR at Motumari - 10.877 Km,,Multi-States,South Central Railway [SCR] - II,Telangana,,,03/2029,-,Ongoing,2025-08-01,(1595.55),,,1595.55,,,,,
617211,Doubling of Guntur Bibinagar 239 Km,,Multi-States,South Central Railway [SCR] - II,Telangana,08/2023,,03/2029,-,Ongoing,2025-08-01,(2853.23),,,2853.23,,,,,
617214,Rail Connectivity to Errupalem Amravati Namburu 57 Km,,Multi-States,South Central Railway [SCR] - II,Telangana,11/2024,,03/2027,-,Ongoing,2025-08-01,(2047.4),,,2047.4,,,,,
705612,Kazipet-Vijayawada 3rd line with electrification [220 km],,Multi-States,South Central Railway [SCR] - II,Telangana,03/2013,,02/2025,12/2025,Ongoing,2025-08-01,(3363),,,1953,,,,,
705632,Vijayawada - Kazipet Byepass line,,Multi-States,South Central Railway [SCR] - II,Telangana,04/2016,,01/2025,12/2025,Ongoing,2025-08-01,(904),,,647,,,,,
705401,Murkongselek-Pasighat,,Multi-States,Northeast Frontier Railway (NFR) - II,"Pradesh, Assam",,,03/2025,12/2025,Ongoing,2025-08-01,(1250),,,435,,,,,
616701,Lumding Furkating Doubling Project 140 km,,Multi-States,Northeast Frontier Railway [NFR],Nagaland,,,02/2028,-,Ongoing,2025-08-01,(2123.7),,,2123.7,,,,,
705392,Dimapur [Dhansiri]-Sukhobi Kohima [Zubza] NL [82.5 Km],,Multi-States,Northeast Frontier Railway [NFR],Nagaland,08/2015,,03/2025,12/2025,Ongoing,2025-08-01,(6663),,,6663,,,,,
705794,New Delhi- Howrah Speed Booster[160Kmph] Project,,Multi-States,PCE/NCR,"Jharkhand, Uttar","Pradesh, West",,NA,09/2019,Ongoing,2025-08-01,(-),,,03/2024,,,,,
400234,Third Railway Line between Patratu-Sonnagar [281 kms],,Multi-States,RVNL - II,11/2016,(08/2018),,(07/2026),8975,Ongoing,2025-08-01,4950,,,(8975),,,,,
616699,Multi tracking of Son Nagar-Andal 374.53 rkm & 814.38 tkm,,Multi-States,East Central Railway [ECR] - I,08/2023,(08/2023),,(-),12333.57,Ongoing,2025-08-01,467.55,,,(12333.6),,,,,
705375,Koderma-Tilaiya New Line,,Multi-States,East Central Railway [ECR] - I,11/2004,(03/2002),,(02/2026),1626,Ongoing,2025-08-01,2000.4,,,(2020),,,,,
705385,Pirpainti - Jasidih [100.52 Km] New BG line,,Multi-States,Eastern Railway [ER] - I,03/2014,(03/2022),,(03/2028),2555,Ongoing,2025-08-01,767.04,,,(2555),,,,,
611669,NER Provision of Automatic Block Signalling on Gorakhpur Cantt[Excl]  Chhapra Gramin & Burhwal Jn [Excl]  Sitapur Jn section of high density routes,,Multi-States,North Eastern Railway [NER],Pradesh,,,03/2027,-,Ongoing,2025-08-01,(380.47),,,380.47,,,,,
617224,Gorakhpur-Valmikinagar Doubling project,,Multi-States,NER,Pradesh,,,12/2027,-,Ongoing,2025-08-01,(1120),,,1120,,,,,
705562,Chhapra-Ballia Patch Doubling,,Multi-States,North Eastern Railway [NER],Pradesh,03/2013,,02/2025,03/2025,Ongoing,2025-08-01,(1046),,,963,,,,,
706844,Katihar - Kumedpur Doubling Line Project,,Multi-States,GM/C/ NFR,Bengal,08/2022,,08/2027,08/2027,Ongoing,2025-08-01,(942),,,942,,,,,
705617,Rajnandgaon - Nagpur [Kalumna] Third Railway Line [228.30 km],,Multi-States,South East Central Railway [SECR] - II,Maharashtra,09/2016,,12/2024,06/2026,Ongoing,2025-08-01,(3545),,,3545,,,,,
705511,Jagdalpur-Koraput,,Multi-States,East Coast Railway [ECoR] - II,Odisha,12/2015,,03/2024,12/2026,Ongoing,2025-08-01,(1547),,,1547,,,,,
705616,Jharsuguda-Bilaspur Fourth Railway Line [206 km],,Multi-States,SECR,Odisha,09/2016,,10/2024,12/2025,Ongoing,2025-08-01,(2979),,,2140,,,,,
705728,Mumbai-Ahmedabad High Speed Rail Project- 508 km,,Multi-States,National High Speed Rail Corporation [NHSRC],Haveli and Daman,"& Diu, Gujarat,",,03/2015,09/2017,Ongoing,2025-08-01,(12/2029),,,08/2027,,,,,
108000,"Multi-States (Dadra & Nagar Haveli and Daman & Diu, Gujarat, Maharashtra) 03/2015 (09/2017) 08/2027 (12/2029)",,79918.89,108000,634,New Delhi- Mumbai Speed Booster[160Kmph] Project,,(705793),Multi-States (Delhi,Ongoing,2025-08-01,"Pradesh,",,,Gujarat Madhya,,,,,
705650,Hospet - Tinaighat - Vasco Rail Doubling Project,,"Multi-States (Goa,",RVNL - II,03/2010,(07/2012),,(12/2027),5060,Ongoing,2025-08-01,5007.82,,,(5060),,,,,
706950,Hospet-Hubli-Vasco da Gama Line Electrification Project,,"Multi-States (Goa,",RVNL,,(05/2018),,(03/2024),744.49,Ongoing,2025-08-01,969.05,,,(1122.62),,,,,
705237,Western Dedicated Freight Corridor,,Multi-States,DFCCIL,"Maharashtra,","Rajasthan, Uttar",,02/2008,01/2012,Ongoing,2025-08-01,(12/2025),,,03/2022,,,,,
124005,"Multi-States (Gujarat, Haryana, Maharashtra, Rajasthan, Uttar Pradesh) 02/2008 (01/2012) 03/2022 (12/2025)",,124623,51101,638,"New line Dahod-Indore via Sardarpur, Jabuwa and Dhar",,(705453),Multi-States,Ongoing,2025-08-01,Pradesh),,,(Gujarat Madhya,,,,,
705454,Chhota Udaipur - Dhar New Line Project [157 km],,Multi-States,Western Railway [WR] - II,Pradesh,11/2008,,12/2025,12/2025,Ongoing,2025-08-01,(1794),,,1794,,,,,
611452,MUMBAI CENTRAL VIRAR VADODARA AHMEDABAAD TRAIN PROTECTION SYSTEM 500 RKM,,Multi-States,Western Railway,Maharashtra,09/2019,,12/2025,06/2025,Ongoing,2025-08-01,(311),,,311,,,,,
400022,Taranga Hill-Abu Road via Ambaji,,Multi-States,North Western Railway [NWR],Rajasthan,07/2022,,07/2030,07/2030,Ongoing,2025-08-01,(2798),,,2798,,,,,
616842,LUNI- SAMDARI- BHILDI DOUBLING,,Multi-States,North Western Railway [NWR],Rajasthan,02/2024,,07/2027,-,Ongoing,2025-08-01,(3085.59),,,3085.59,,,,,
705424,Chandigarh-Baddi New Rail Line- 36 km,,Multi-States,Northen Railway [NR],Himachal Pradesh,02/2018,,12/2026,12/2026,Ongoing,2025-08-01,(1540.13),,,1540,,,,,
611861,Rewari - Kathuwas Doubling Project [27.72 Km],,Multi-States,North Western Railway [NWR],Rajasthan,02/2023,,06/2027,06/2027,Ongoing,2025-08-01,(352),,,352,,,,,
705410,Nangal Dam-Talwara New Broad Gauge Line [84 KM] and Taking Over Siding Mukerian-Talwara [29 KM],,Multi-States,Northen Railway [NR],"Pradesh, Punjab",03/1983,,12/2025,01/2027,Ongoing,2025-08-01,(2018),,,2018,,,,,
705428,Bhanupalli-Bilaspur-Beri New Railway Line Project,,Multi-States,RVNL - II,"Pradesh, Punjab",03/2009,,12/2026,12/2027,Ongoing,2025-08-01,(13447),,,13447,,,,,
705628,Doubling of Hatia [Ranchi]-Bondamunda Rail Line - 159 km,,Multi-States,South Eastern Railway - JH,Odisha,03/2016,,06/2025,06/2026,Ongoing,2025-08-01,(3029),,,3029,,,,,
616588,Buramara-Chakulia new line [59.96 km],,Multi-States,South Eastern Railway [SER] - I,"Odisha, West",Bengal),,(12/2024),12/2029,Ongoing,2025-08-01,1459.13,,,(-),,,,,
616227,Chandil - Anara - Damodar - 3rd line [121.26 km],,Multi-States,CAO/C/SER,Bengal,,,09/2029,-,Ongoing,2025-08-01,(1932.01),,,1932.01,,,,,
705668,KHARAGPUR-ADITYAPUR THIRD RAIL LINE- 132 KM,,Multi-States,RVNL - II,Bengal,09/2016,,03/2025,12/2025,Ongoing,2025-08-01,(3250),,,3250,,,,,
705662,Hotgi-Kudgi-Gadag Doubling Project,,Multi-States,South Western Railway [SWR] - II,Maharashtra,04/2014,,12/2024,03/2026,Ongoing,2025-08-01,(2459),,,1878,,,,,
703586,Baiyyappanahalli - Hosur Doubling Project [48 km],,Multi-States,Karnataka Rail Infrastructure Development Company Limited [K-RIDE],Nadu,04/2019,,12/2024,01/2026,Ongoing,2025-08-01,(499),,,499,,,,,
705635,Trivandrum- Kanyakumari,,Multi-States,Southern Railway (SR) - I,Nadu,08/2017,,03/2024,12/2027,Ongoing,2025-08-01,(3785),,,1432,,,,,
705457,Ratlam-Mhow-Khandwa-Akola Gauge Conversion,,Multi-States,Western Railway [WR] - II,Maharashtra,04/2008,,03/2027,09/2028,Ongoing,2025-08-01,(5735.88),,,1656.25,,,,,
705507,Itarsi - Nagpur Third Railway Line [280 km],,Multi-States,Central Railway [CR] - II,Maharashtra,09/2016,,03/2027,03/2027,Ongoing,2025-08-01,(2506.68),,,2449.91,,,,,
705419,Gwalior - Seopurkala with extension to Kota [Gauge Conversion],,Multi-States,North Central Railway,Rajasthan,03/2011,,03/2025,02/2026,Ongoing,2025-08-01,(2913),,,2913,,,,,
705481,Ramganjmandi-Bhopal New Line Project [262 km],,Multi-States,West Central Railway [WCR] - II,Rajasthan,03/2001,,12/2025,12/2027,Ongoing,2025-08-01,(5073),,,3032,,,,,
705764,Nimach-Badi Sadri  New Rail Line Project,,Multi-States,Western Railway [WR] - II,Rajasthan,04/2017,,03/2026,06/2026,Ongoing,2025-08-01,(825),,,495,,,,,
705667,Mathura-Jhansi Third Railway Line [274 Km],,Multi-States,RVNL - II,"Rajasthan, Uttar",Pradesh),,(03/2018),12/2024,Ongoing,2025-08-01,5961,,,(12/2026),,,,,
705598,Jhansi - Bina Third Railway Line [153 Km],,Multi-States,CAO/C/NCR,Uttar Pradesh,09/2016,,03/2022,03/2026,Ongoing,2025-08-01,(2002),,,2002,,,,,
705608,Jhansi-Khairar-Manikpur & Khirar-Bhimsen,,Multi-States,North Central Railway,Uttar Pradesh,03/2018,,03/2026,03/2026,Ongoing,2025-08-01,(4330),,,4330,,,,,
705613,Third Line [new] between Kazipet - Balharshah  with electrification [201.04 Km],,Multi-States,South Central Railway [SCR] - II,Telangana,09/2016,,01/2025,11/2025,Ongoing,2025-08-01,(3071),,,2595,,,,,
705629,Narayangarh-Bhadrak 3rd line,,Multi-States,South Eastern Railway [SER] - I,Bengal,03/2019,,12/2025,06/2026,Ongoing,2025-08-01,(2400),,,2400,,,,,
400223,Nagapattinam-Tiruturaipundi and Karaikal-Peralam New Line,,Multi-States,Southern Railway [SR] - II,Nadu,07/2008,,03/2026,03/2027,Ongoing,2025-08-01,(981),,,713,,,,,
705432,Sivok-Rangpo New Rail Line,,Multi-States,Indian Railway Construction International Limited [IRCON],Bengal,10/2009,,05/2015,12/2027,Ongoing,2025-08-01,(12133),,,7877,,,,,
602797,"Sainthia, Sitarampur, Mughalsarai, Allahabad & Etawah - Bypass Line Project",,Multi-States (Uttar,Eastern Railway [ER] - I,Bengal,08/2017,,03/2027,03/2027,Ongoing,2025-08-01,(461.64),,,461.64,,,,,
400045,Proposed 6 nos Road Over Bridge [ROB] at different locations under MCL Talcher Under Deposit Scheme.,,Odisha,East Coast Railway [ECoR] - II,07/2022,03/2025,,168.32,168.32,Ongoing,2025-08-01,82,,41.5,69.85,,,,,
400232,Brundamal-Jharsuguda- flyover connection for joining downline,,Odisha,East Coast Railway [ECoR] - II,01/2014,12/2026,,297,297,Ongoing,2025-08-01,30,,65.06,193.22,,,,,
612834,3rd & 4th line between Sarla - Sason [8 km] [PB 73/2023-24/NR],,Odisha,East Coast Railway [ECoR] - II,04/2023,12/2025,,252,252,Ongoing,2025-08-01,45,,31.57,79.55,,,,,
616586,Bangriposi-Gorumahisani new line [ 85.60 km ],,Odisha,CAO/C/SER,09/2025,12/2029,,2269.49,2269.49,Ongoing,2025-08-01,0,,0.1,2.31,,,,,
616587,Badampahar-Kendujhargarh new line [82.06 km],,Odisha,CAO/C/SER,09/2025,12/2029,,1875.72,1875.72,Ongoing,2025-08-01,0,,0.03,0.53,,,,,
616694,Flyover between Siju and Paradeep coaching Yard to avoid Surface crossing of trains,,Odisha,East Coast Railway [ECoR] - II,10/2025,07/2028,,200.77,200.77,Ongoing,2025-08-01,0,,0.0,0,,,,,
616695,Paradeep - Badabandha 3rd & 4th Line / 18.51kms,,Odisha,East Coast Railway [ECoR] - II,04/2025,11/2028,,300.15,300.15,Ongoing,2025-08-01,0,,0.0,0.01,,,,,
705358,Khurda-Bolangir New Broad Gauge Rail Link [301km],,Odisha,East Coast Railway [ECoR] - II,03/2001,12/2026,,3792,5089,Ongoing,2025-08-01,89,,98.79,5027.62,,,,,
705359,Talcher-Bimlagarh New Railway Line,,Odisha,East Coast Railway [ECoR] - II,12/2004,03/2025,,1928,1928,Ongoing,2025-08-01,48,,100.33,1934.28,,,,,
705510,Bhadrak-Nergundi Third Line,,Odisha,East Coast Railway [ECoR] - II,04/2015,11/2024,,1284,1284,Ongoing,2025-08-01,80,,101.09,1298,,,,,
705513,Koraput - Singapur Railway Doubling,,Odisha,East Coast Railway [ECoR] - II,12/2015,12/2027,,2362,2362,Ongoing,2025-08-01,68,,76.15,1798.71,,,,,
705514,Jarapada- Budhapank with flyover at Talcher road 3rd and 4th Line,,Odisha,East Coast Railway [ECoR] - II,12/2015,11/2018,,1000,810.02,Ongoing,2025-08-01,36,,49.58,401.61,,,,,
705515,3rd & 4th Railway Line Project from Salegaon to Budhapank via Rajathgarh.,,Odisha,East Coast Railway [ECoR] - II,12/2015,03/2026,,1173,2092,Ongoing,2025-08-01,80,,94.22,1971,,,,,
705741,Jeypore-Navarangpur New  Rail Line Project,,Odisha,East Coast Railway [ECoR] - II,04/2023,07/2028,,748,748,Ongoing,2025-08-01,1,,1.41,10.56,,,,,
705742,Jeypore-Malkanagiri New Railway Line Project,,Odisha,East Coast Railway [ECoR] - II,12/2023,07/2033,,2344,2344,Ongoing,2025-08-01,8,,9.63,225.84,,,,,
705743,Talcher-Angul  New Line with Y-Connection at Talcher,,Odisha,CAO/C/ECoR,07/2018,05/2027,,495,495,Ongoing,2025-08-01,1,,5.96,29.5,,,,,
705767,Baghuapal Flyover  Construction Project,,Odisha,CAO/C/ECoR,10/2022,03/2028,,257.97,258,Ongoing,2025-08-01,0,,0.32,0.83,,,,,
706898,Khurda Road - Balangir Electrification of Railway Track Project,,Odisha,Ministry of Railways,09/2019,03/2021,,267.61,267.61,Ongoing,2025-08-01,0,,0.0,0,,,,,
709810,KODINGAMALI BAUXITE MINES TO SINGARAM RAILWAY STATION,,Odisha,Indian Railway,01/2026,08/2027,,190.9,190.9,Ongoing,2025-08-01,0,,0.0,0,,,,,
709811,GANDHAMARDAN IRON ORE MINES TO GOALDIH STATION/12.76kms,,Odisha,East Coast Railway [ECoR] - II,05/2025,09/2027,,190,190,Ongoing,2025-08-01,0,,0.0,0,,,,,
611980,Junagarh Visavadar 42 Kms,,Offshore,Railway,02/2023,09/2028,,492.83,492.83,Ongoing,2025-08-01,1,,0.61,3,,,,,
705362,"Jaynagar-Bijalpura, incl. extn. Bet, Bijalpura-Bardibas [Nepal]",,Offshore,East Central Railway [ECR] - I,03/2011,03/2022,,819,819,Ongoing,2025-08-01,75,,70.89,580.6,,,,,
705783,Ludhiana- Killa Raipur Railway  Doubling Project,,Punjab,Railway,12/2022,03/2025,,237.64,237.64,Ongoing,2025-08-01,55,,49.65,118,,,,,
611614,Dedicated Test Track for RDSO Phase II,,Rajasthan,North Western Railway [NWR],11/2021,11/2026,,819.48,967.06,Ongoing,2025-08-01,86,,48.7,471,,,,,
611849,Devgarh Madariya - Nathdwara Gauge Conversion [82.54 Km] part of Marwar - Mavli Gauge Conversion [152 Km],,Rajasthan,North Western Railway [NWR],01/2023,06/2028,,968.92,968.92,Ongoing,2025-08-01,51,,10.18,98.62,,,,,
611929,Maintenance cum workshop depot for Vande Bharat Sleeper Trains as per conditions under WTA 527,,Rajasthan,WPO/Patna,06/2023,12/2024,,166.86,166.86,Ongoing,2025-08-01,0,,0.0,0,,,,,
616696,RINGUS KHATUSHYAMJI NEW LINE,,Rajasthan,North Western Railway [NWR],03/2024,03/2028,,254.06,254.06,Ongoing,2025-08-01,0,,1.16,2.94,,,,,
616840,RAS- MERTA CITY NEW LINE INCL BYPASS AT MERTA ROAD,,Rajasthan,North Western Railway [NWR],02/2024,03/2028,,947,947,Ongoing,2025-08-01,0,,0.14,1.36,,,,,
616841,PUSHKAR- MERTA CITY NEW LINE,,Rajasthan,North Western Railway [NWR],02/2024,12/2026,,799.64,799.64,Ongoing,2025-08-01,4,,1.81,14.5,,,,,
616843,AJMER- CHANDERIYA DOUBLING,,Rajasthan,North Western Railway [NWR],02/2024,06/2027,,1634.79,1634.79,Ongoing,2025-08-01,6,,4.55,74.43,,,,,
705482,Dholpur - Sirmuttra Gauge Conversion,,Rajasthan,North Central Railway,04/2020,02/2019,,747,747,Ongoing,2025-08-01,43,,47.54,355.13,,,,,
705752,Gudha-Thatha Mithri Construction of Railway Track Project,,Rajasthan,North Western Railway [NWR],04/2019,11/2026,,819.48,967.06,Ongoing,2025-08-01,98,,48.7,471,,,,,
705912,Sawai Madhopur-Jaipur Railway Line Project,,Rajasthan,North Western Railway [NWR],04/2023,03/2027,,1203.89,1203.89,Ongoing,2025-08-01,7,,3.83,46.07,,,,,
705919,Agra Fort-Bandikui Doubling Line Project,,Rajasthan,CAO/C/NCR,02/2021,06/2027,,1390,1390,Ongoing,2025-08-01,25,,8.85,123,,,,,
706866,Sawaimadhopur Bye Pass Line Project,,Rajasthan,North Western Railway [NWR],01/2023,03/2026,,304,304,Ongoing,2025-08-01,44,,14.17,43.07,,,,,
400280,Ph II extension of MRTS from Velachery to St Thomas Mount,,Tamil Nadu,Southern Railways [SR] - construction,11/2008,07/2024,,734,982,Ongoing,2025-08-01,99,,48.45,475.73,,,,,
613002,Redevelopment of Chennai Egmore Station,,Tamil Nadu,Railway,10/2022,03/2026,,842,842,Ongoing,2025-08-01,0,,40.38,340,,,,,
705244,Coach Production Factory Upgradation Project,,Tamil Nadu,CPM/ICF,07/2018,12/2021,,520,520,Ongoing,2025-08-01,0,,36.97,192.25,,,,,
705755,Morappur - Dharmpuri New Railway Line Project,,Tamil Nadu,Southern Railway [SR] - I,12/2016,03/2028,,359,359,Ongoing,2025-08-01,1,,11.14,40,,,,,
616856,Doubling between Bhadrachalam Road and Dornakal,,Telangana,South Central Railway [SCR] - II,04/2025,04/2029,,770.12,770.12,Ongoing,2025-08-01,0,,0.0,0,,,,,
705252,Kazipet Wagon Overhauling Project,,Telangana,RVNL,07/2017,12/2023,,385,385,Ongoing,2025-08-01,0,,0.0,0,,,,,
705437,Manoharabad-Kothapalli New Rail Line [151 km],,Telangana,South Central Railway [SCR] - II,01/2017,03/2027,,1160,2781,Ongoing,2025-08-01,71,,63.69,1771.32,,,,,
400204,Bahraich-Shravasti-Balrampur-Siddharthnagar -Santkabir nagar,,Uttar Pradesh,North Eastern Railway [NER],03/2017,10/2030,,4939.78,4939.78,Ongoing,2025-08-01,8,,24.95,1232.64,,,,,
400205,Sahjanwa-Dohrighat,,Uttar Pradesh,North Eastern Railway [NER],03/2017,03/2029,,1319.75,1319.75,Ongoing,2025-08-01,3,,34.87,460.2,,,,,
617252,Anandnagar - Ghugli via Maharajganj New line 52.7 km,,Uttar Pradesh,Construction NER,11/2023,03/2028,,958.27,958.27,Ongoing,2025-08-01,23,,45.6,436.95,,,,,
617284,Chunar-Chopan doubling project,,Uttar Pradesh,North Central Railway,01/2025,03/2028,,1423.96,1423.96,Ongoing,2025-08-01,2,,3.48,49.57,,,,,
705566,Domingarh-Gorakhpur-Gorakhpur Cantt.-Kusumhi - 3rd Railway Line Project,,Uttar Pradesh,North Eastern Railway [NER],06/2018,02/2025,,351,521.47,Ongoing,2025-08-01,98,,95.09,495.86,,,,,
705567,Burhwal Gonda 3rd line,,Uttar Pradesh,North Eastern Railway [NER],07/2019,03/2025,,1016,1118,Ongoing,2025-08-01,73,,122.88,1373.8,,,,,
705588,Janghai-Pratapgarh- Amethi,,Uttar Pradesh,CAO/C/II/NR,03/2017,03/2025,,722,1194,Ongoing,2025-08-01,70,,129.82,1550,,,,,
705766,Lalitpur-Birari with flyover at Lalitpur- 16 Km,,Uttar Pradesh,North Central Railway,03/2017,12/2024,,304.44,356,Ongoing,2025-08-01,72,,62.02,220.8,,,,,
705771,Allahabad-Bamhrauli Flyover Construction & 4th Railway Line Project,,Uttar Pradesh,North Central Railway,10/2020,03/2026,,494,494,Ongoing,2025-08-01,70,,67.41,333,,,,,
705772,"Mughalsarai-Allahabad, 3rd line",,Uttar Pradesh,North Central Railway,03/2016,12/2026,,2649,2649.44,Ongoing,2025-08-01,62,,58.95,1561.89,,,,,
705774,Aligarh -Daud Khan Flyover Construction & 3rd Railway Line Project,,Uttar Pradesh,CAO/C/NCR,09/2020,01/2025,,758,779.49,Ongoing,2025-08-01,55,,40.46,315.37,,,,,
705777,Bhandai - Flyover for Etawah bound down train- 10 Km,,Uttar Pradesh,North Central Railway (NCR) - II,04/2021,02/2026,,250.18,250.18,Ongoing,2025-08-01,3,,45.54,113.94,,,,,
705779,"Phephna-Indara, Mau-Shahganj doubling excluding Indara-Mau",,Uttar Pradesh,South Eastern Railway [SER] - I,03/2017,12/2024,,1178,1777,Ongoing,2025-08-01,85,,83.82,1489.5,,,,,
705780,Bhatni-Aurnihar with electrification excluding Indara-Mau,,Uttar Pradesh,RVNL - II,03/2017,12/2024,,2529,2529.46,Ongoing,2025-08-01,94,,81.11,2051.69,,,,,
705782,Barabanki-Malhaur 3rd & 4th Railway Line Project,,Uttar Pradesh,CAO/C/NR,04/2017,03/2025,,407,407,Ongoing,2025-08-01,75,,77.89,317,,,,,
705784,Janghai-Phaphamau Doubling Rail Line Project,,Uttar Pradesh,RVNL,03/2020,03/2025,,357,978.77,Ongoing,2025-08-01,95,,59.16,579,,,,,
705863,Bahraich - Nanpara - Nepalganj Road Gauge Conversion,,Uttar Pradesh,North Eastern Railway [NER],04/2021,07/2025,,950,550,Ongoing,2025-08-01,90,,92.94,511.18,,,,,
705918,Allahabad division - Aligarh - Harduaganj Flyover,,Uttar Pradesh,North Central Railway,02/2021,06/2026,,1457,1457,Ongoing,2025-08-01,14,,3.43,50,,,,,
900872,DOUBLING BETWEEN JAUNPUR JN-ZAFFARABAD [6.28 KM],,Uttar Pradesh,Northen Railway [NR],01/2023,01/2027,,177,177,Ongoing,2025-08-01,10,,23.16,41,,,,,
705429,Rishikesh-Karnaprayag New Rail Line- 125 km,,Uttarakhand,RVNL - II,08/2018,12/2025,,38953,38953,Ongoing,2025-08-01,65,,63.27,24645.15,,,,,
400247,Kalinarayanpur-Krishnanagar Doubling Alongwith Krishnanagar - Chapra New Line And Naihati-Ranaghat 3rd Line.,,West Bengal,Eastern Railway [ER] - I,11/2005,02/2027,,1000,1000,Ongoing,2025-08-01,67,,103.12,1031.21,,,,,
400273,Tarakeshwar-Bishnupur New Line [82.47 km],,West Bengal,Eastern Railway [ER] - I,02/2008,03/2019,,1189,1542,Ongoing,2025-08-01,90,,84.79,1307.52,,,,,
400277,Dum Dum Airport-New Garia via Rajarhat-Construction of Metro Railway,,West Bengal,RVNL - II,10/2011,12/2025,,8964,8964,Ongoing,2025-08-01,80,,90.33,8097.47,,,,,
612096,Construction of Balurghat-Hilli new BG Line,,West Bengal,Northeast Frontier Railway [NFR],12/2010,03/2027,,1209,1209,Ongoing,2025-08-01,9,,33.52,405.31,,,,,
617322,Kalipahari Bakhtarnagar 5th line,,West Bengal,Eastern Railway [ER] - I,07/2025,06/2027,,350.46,350.46,Ongoing,2025-08-01,0,,0.0,0,,,,,
705730,Joka-BBD Bag new metro project,,West Bengal,RVNL - II,04/2010,12/2026,,4835,10362,Ongoing,2025-08-01,60,,42.2,4373.24,,,,,
706776,Noapara-Barasat via Bimanbandar - Construction of Metro railway [18 km],,West Bengal,"Metro Railway, Kolkata",03/2010,08/2026,,4830,4830,Ongoing,2025-08-01,32,,57.23,2764.13,,,,,
706777,Baranagar-Barrackpore and Dakshineshwar- Construction of Metro Railway,,West Bengal,RVNL - II,03/2010,12/2026,,2298,2734,Ongoing,2025-08-01,17,,14.37,393,,,,,
701658,Krishnapatnam Node - Phase 1 - Roads and Services Development,,Andhra Pradesh,National Industrial Corridor Development Corporation,02/2024,02/2028,,2139.44,2139.44,Ongoing,2025-08-01,17,,18.98,406.05,,,,,
701657,Tumakuru Node - Phase 1 - Roads and Services Development,,Karnataka,National Highways & Infrastructure Development Corporation Ltd. [NHIDCL],02/2023,09/2026,,1701.81,1701.81,Ongoing,2025-08-01,8,,5.19,88.25,,,,,
709859,SETTING UP OF PHYSICAL INFRASTRUCTURE FOR THE NATIONAL INSTITUTE OF COMMUNICATION FINANCE [NICF] AT GHITORNI,,Delhi,National Communication Academy - Finance (Erstwhile NICF,04/2018,02/2020,,248.2,248.2,Ongoing,2025-08-01,98,,95.45,236.91,,,,,
701598,Provision of 4G based Mobile Services in Uncovered Villages and National Highways of Meghalaya,,Meghalaya,Department of Telecommunications [DoT],09/2020,03/2022,,971.96,971.96,Ongoing,2025-08-01,99,,21.43,208.25,,,,,
701599,Mobile connectivity in Left Wing Extremism [LWE] affected areas-Phase2,,Multi-States,Department of Telecommunications [DoT],"Bihar,","Chhattisgarh,",,Madhya Pradesh,Maharashtra,Ongoing,2025-08-01,"Telangana, Uttar",,,Odisha,,,,,
701602,"Provision of 4G based mobile services in 7,287 uncovered villages of 44 Aspirational District across 5 states of Andhra Pradesh, Chhattisgarh, Jharkhand, Maharashtra & Odisha",,Multi-States,Department of Telecommunications [DoT],"Chhattisgarh,","Jharkhand,",,Odisha),11/2021,Ongoing,2025-08-01,11/2023,,,(05/2022),,,,,
701597,Provision of 4G Mobile Services in Uncovered Villages of Arunachal Pradesh and 2 Districts of Assam,,Multi-States,Department of Telecommunications [DoT],"Pradesh, Assam",12/2020,,04/2023,09/2025,Ongoing,2025-08-01,(1255.49),,,1255.49,,,,,
701600,354 Uncovered Villages Scheme,,Multi-States,Department of Telecommunications [DoT],"Himachal Pradesh,",Jammu and,,Rajasthan Uttar,Pradesh,Ongoing,2025-08-01,(04/2020),,,12/2019,,,,,
704495,"502 Aspirational District Scheme in Four states - Bihar, Madhya Pradesh, Rajastha and Uttar Pradesh",,Multi-States,Department of Telecommunications [DoT],"Pradesh,","Rajasthan, Uttar",,NA,03/2021,Ongoing,2025-08-01,(12/2025),,,03/2022,,,,,
709749,PHASE-I OF CONSOLIDATION OF EXISTING CDR DATA CENTERS AND NIB-P3 DATA CENTERS WITH STATE OF THE ART,,Multi-States,BSNL,Telangana,,,06/2021,12/2025,Ongoing,2025-08-01,(461.42),,,461.42,,,,,
400013,Saturation 4G mobile coverage of Uncovered Villages through USOF,,PAN India,Department of Telecommunications [DoT],07/2022,06/2024,,26316,30620,Ongoing,2025-08-01,73,,31.98,9791.8,,,,,
701593,4G Services by BSNL,,PAN India,Department of Telecommunications [DoT],11/2020,03/2024,,28466,19592,Ongoing,2025-08-01,96,,42.83,8390.32,,,,,
706775,BharatNet,,PAN India,Department of Telecommunications [DoT],10/2011,08/2023,,61109,188000,Ongoing,2025-08-01,81,,22.07,41486.14,,,,,
709856,MPLS-IP BASED ACCESS AND AGGREGATION NETWORK [MAAN] IN BSNL ALONG WITH TEST AND MEASURING EQUIPMENT,,PAN India,BSNL,05/2023,08/2024,,645.13,645.13,Ongoing,2025-08-01,91,,56.48,364.34,,,,,
709857,"Planning, Engineering, Supply, Installation, Testing, Commissioning, Integration & Annual Maintenance of 4G mobile network at 1 Lakh sites on PAN India basis including Mumbai & Delhi LSA on turnkey basis under Phase IX.2 Project.",,PAN India,BSNL,06/2023,06/2025,,24544.55,24544.5,Ongoing,2025-08-01,96,,34.19,8391.17,,,,,
709858,OPTICAL TRANSPORT NETWORK [OTN] PH-4 IN BSNL,,PAN India,BSNL,02/2024,08/2025,,810.99,810.99,Ongoing,2025-08-01,100,,91.48,741.9,,,,,
616600,Interception and Diversion and STP works in Bhagalpur  under Hybrid annuity based PPP mode-Namami Gange Programme,,Bihar,National Mission for Clean Ganga,03/2022,02/2025,,413.29,413.29,Ongoing,2025-08-01,97,,30.65,126.67,,,,,
616611,Sewage Treatment Plant  100MLD  and Sewerage Network 288 km in Digha-Patna under Hybrid annuity based PPP mode-Namami Gange Programme,,Bihar,National Mission for Clean Ganga,07/2019,12/2025,,824,824,Ongoing,2025-08-01,56,,48.14,396.71,,,,,
616612,Sewage Treatment Plant  50MLD  and Sewerage Network 150 km in Kankarbagh- Patna under Hybrid annuity based PPP mode-Namami Gange Programme,,Bihar,National Mission for Clean Ganga,07/2019,12/2025,,578.89,578.89,Ongoing,2025-08-01,54,,29.68,171.79,,,,,
616615,"Sewer Network,  SPS and STP at Begusarai",,Bihar,National Mission for Clean Ganga,03/2018,04/2025,,230.06,230.06,Ongoing,2025-08-01,97,,113.81,261.82,,,,,
616616,"Sewer Networks,  SPS and STP at Hajipur",,Bihar,National Mission for Clean Ganga,03/2018,06/2025,,305.19,305.19,Ongoing,2025-08-01,95,,113.52,346.46,,,,,
616594,Interception & Diversion with Rehabilitation of sewerage scheme at Agra under Hybrid annuity based PPP model-Namami Gange Programme,,Uttar Pradesh,National Mission for Clean Ganga,04/2023,04/2025,,842.25,842.25,Ongoing,2025-08-01,73,,24.77,208.64,,,,,
616605,Pollution Abatement Works for River Kali Meerut under Meerut Municipality Interception & Diversion with  STP,,Uttar Pradesh,National Mission for Clean Ganga,11/2024,12/2024,,690.71,690.71,Ongoing,2025-08-01,27,,5.04,34.79,,,,,
616604,Pollution Abatement works for River Ganga at Hooghly Chinsurah- Municipal Town Interception & Diversion with STP,,West Bengal,National Mission for Clean Ganga,12/2021,03/2025,,154.73,154.73,Ongoing,2025-08-01,92,,62.15,96.17,,,,,
400100,Sardar Gouthu Latchanna Thotapalli Barrage Project,,Andhra Pradesh,Water Resources-AP,01/2006,12/2019,,353.05,1023.24,Ongoing,2025-08-01,95,,84.94,869.11,,,,,
400101,Gundlakamma project,,Andhra Pradesh,Water Resources-AP,04/2005,12/2019,,397.41,697.39,Ongoing,2025-08-01,98,,87.6,610.89,,,,,
701415,Polavaram Irrigation Project,,Andhra Pradesh,Water Resources-AP,11/2004,04/2022,,10151.04,55548.9,Ongoing,2025-08-01,83,,43.83,24347.76,,,,,
701370,Borolia Irrigation Project,,Assam,"Department of Water Resources, River Development & GR",12/1996,12/2022,,256.16,256.16,Ongoing,2025-08-01,55,,0.0,0,,,,,
400104,Punpun Barrage Project,,Bihar,Water Resources-BR,04/2007,12/2019,,571.07,658.12,Ongoing,2025-08-01,44,,71.36,469.66,,,,,
701371,Durgawati Reservoir Project,,Bihar,Irrigation and CAD-TG,04/1997,12/2019,,691.15,971.96,Ongoing,2025-08-01,87,,100.67,978.51,,,,,
400111,Kelo Irrigation Project,,Chhattisgarh,Water Resources-CT,04/2008,12/2019,,459.97,727.04,Ongoing,2025-08-01,71,,84.86,616.93,,,,,
701399,Kudali Irrigation Project,,Chhattisgarh,"Department of Water Resources, River Development & GR",12/2009,12/2025,,382.29,382.29,Ongoing,2025-08-01,86,,0.0,0,,,,,
400097,Sardar Sarovar CADWM Project,,Gujarat,"Narmada and Water Resources, Water Supply and Kalpsar Department-GJ",04/2004,12/2019,,5021.76,6670.31,Ongoing,2025-08-01,90.3,,74.28,4954.99,,,,,
701372,Sardar Sarovar Project,,Gujarat,"Narmada and Water Resources, Water Supply and Kalpsar Department-GJ",04/1996,12/2019,,20718.17,33412.5,Ongoing,2025-08-01,93,,95.08,31767.59,,,,,
701376,"Subernarekha   Multipurpose Project, Jharkhand",,Jharkhand,Department of Water Resources-JH,01/2012,12/2019,,3807.77,9579.58,Ongoing,2025-08-01,69,,58.06,5561.97,,,,,
701377,Upper Tunga Irrigation Project,,Karnataka,Water Resources-KA,04/2014,12/2019,,770.16,1606.07,Ongoing,2025-08-01,99,,94.09,1511.22,,,,,
400096,Omkareshwar CADWM Project,,Madhya Pradesh,Water resource-mp,04/2015,12/2019,,648.09,648.09,Ongoing,2025-08-01,3,,26.63,172.56,,,,,
400115,Bargi Diversion Project Phase - IV [km. 154 to km 197],,Madhya Pradesh,Water Resources-MP,01/2009,12/2019,,751.03,893.35,Ongoing,2025-08-01,75,,83.53,746.19,,,,,
400116,Bargi Diversion Project Phase - III [km. 104 to km 154],,Madhya Pradesh,Water Resources-MP,04/2007,12/2019,,1229.15,1399.7,Ongoing,2025-08-01,79,,129.11,1807.2,,,,,
400095,Gosikhurd CADWM Project,,Maharashtra,Department of water resources-MH - II,04/2017,12/2019,,743.73,743.73,Ongoing,2025-08-01,50,,33.88,252,,,,,
400105,Urmodi Irrigation Project,,Maharashtra,Department of water resources-MH - II,04/2018,06/2022,,580.79,895.81,Ongoing,2025-08-01,76,,79.64,713.46,,,,,
400107,Sulwade-Jamphal-Kanoli Lift Irrigation Scheme,,Maharashtra,Department of water resources-MH - II,02/2019,06/2023,,2407.67,2407.67,Ongoing,2025-08-01,80,,101.19,2436.43,,,,,
400109,Purna Barrage-2 [Ner Dhamana] Medium Irrigation Project,,Maharashtra,Department of water resources-MH - II,04/2018,06/2020,,848.07,888.43,Ongoing,2025-08-01,69,,77.72,690.49,,,,,
400112,Jigaon Irrigation Project,,Maharashtra,Department of water resources-MH - II,04/2018,06/2028,,7222.95,7222.95,Ongoing,2025-08-01,90,,117.7,8501.45,,,,,
701383,Waghur Project,,Maharashtra,Department of water resources-MH - II,04/1996,12/2019,,1058.99,1758.51,Ongoing,2025-08-01,89,,87.03,1530.45,,,,,
701386,Gosikhurd Project,,Maharashtra,Department of water resources-MH - II,04/2008,12/2019,,7196.47,12770.1,Ongoing,2025-08-01,72,,105.98,13533.29,,,,,
701391,Aruna Medium Irrigation Project,,Maharashtra,Department of water resources-MH - II,01/2010,12/2019,,210.45,1472.14,Ongoing,2025-08-01,97,,115.34,1697.94,,,,,
701396,Lower Pedhi Project,,Maharashtra,Department of water resources-MH - II,04/2008,12/2019,,255.97,1480.7,Ongoing,2025-08-01,64,,89.47,1324.78,,,,,
701398,Nardave Medium Irrigation Project,,Maharashtra,Department of water resources-MH - II,04/2009,12/2019,,211.46,781.85,Ongoing,2025-08-01,72,,79.75,623.5,,,,,
701400,Thoubal Multipurpose Project,,Manipur,Water Resources Department-MN,04/1997,12/2019,,1449.44,1822.24,Ongoing,2025-08-01,98,,100.86,1837.91,,,,,
701412,North Koel Reservoir Project,,Multi-States,"Department of Water Resources, River Development & GR",,(01/2021),,(03/2026),1622.27,Ongoing,2025-08-01,142.1,,,(2430.76),,,,,
603945,Integrated Anandpur Barrage Project,,Odisha,Water Resources-OR,01/1998,12/2019,,567.03,2990.05,Ongoing,2025-08-01,62,,87.95,2629.74,,,,,
701404,Kanupur Irrigation Project,,Odisha,Irrigation and CAD-TG,01/2004,12/2019,,989.43,2301.28,Ongoing,2025-08-01,79,,111.4,2563.56,,,,,
701410,Relining of  Rajasthan feeder and Sirhind Feeder canal,,Punjab,Department of Water Resources-PB,04/2018,06/2021,,1441.26,2462.16,Ongoing,2025-08-01,80,,121.86,3000.36,,,,,
701411,Shahpur Kandi Dam Project,,Punjab,Department of Water Resources-PB,04/2018,06/2022,,2285.81,2715.7,Ongoing,2025-08-01,80,,76.31,2072.33,,,,,
400102,Sri Ram Sagar Project Stage - II,,Telangana,Irrigation and CAD-TG,04/2005,12/2019,,736.13,949.87,Ongoing,2025-08-01,96,,99.03,940.7,,,,,
400103,Indiramma Flood Flow Canal Project,,Telangana,Irrigation and CAD-TG,01/2006,12/2019,,1331.3,5940.09,Ongoing,2025-08-01,92,,75.61,4491.08,,,,,
701405,J. Chokka Rao Devadula Lift Irrigation Scheme,,Telangana,Irrigation and CAD-TG,04/2006,12/2019,,8200.71,14730,Ongoing,2025-08-01,87,,30.95,4558.89,,,,,
701406,Rajiv Bhima Lift Irrigation Scheme,,Telangana,Irrigation and CAD-TG,01/2008,12/2019,,1402,2509.66,Ongoing,2025-08-01,100,,73.31,1839.76,,,,,
400093,Saryu Nahar CADWM Project,,Uttar Pradesh,Irrigation & Water Resources-UP,04/2017,12/2019,,1672.7,1672.7,Ongoing,2025-08-01,0,,0.0,0,,,,,
400117,Arjun Sahayak Project,,Uttar Pradesh,Irrigation & Water Resources-UP,04/2009,12/2019,,741.38,2465.68,Ongoing,2025-08-01,100,,130.52,3218.3,,,,,
701395,Morna [Gureghar] Irrigation Project,,Uttar Pradesh,"Department of Water Resources, River Development & GR",12/2007,12/2025,,219.9,219.9,Ongoing,2025-08-01,0,,0.0,0,,,,,
701408,Madhya Ganga canal Phase-II,,Uttar Pradesh,Irrigation & Water Resources-UP,07/2007,12/2019,,1060.67,4417.21,Ongoing,2025-08-01,82,,99.96,4415.24,,,,,
613787,Jamrani Dam Multipurpose Project,,Uttarakhand,Irrigation-UK,04/2023,06/2029,,2584.1,2584.1,Ongoing,2025-08-01,16,,37.48,968.52,,,,,
