report_month,state,ministry,sector,project_count,original_cost,revised_cost,expenditure
August_2025,Offshore,Ministry of Petroleum & Natural Gas,Oil & Gas,6,19714.58,22972.8,10210.97
August_2025,Offshore,Ministry of Railways,Railways,2,1311.83,1311.83,583.6
August_2025,PAN India,Department of Telecommunications,Telecommunication,6,141891.67,264213.0,69165.67
August_2025,Andaman & Nicobar,Ministry of Housing & Urban Affairs,Real Estate,1,209.88,209.88,0.0
August_2025,Andhra Pradesh,Department for Promotion of Industry & Internal Trade,Real Estate,1,2139.44,2139.44,406.05
August_2025,Andhra Pradesh,Department of Higher Education,Education,1,305.0,305.0,83.33
August_2025,Andhra Pradesh,Department of Telecommunications,Telecommunication,2,5262.57,5262.57,1699.75
August_2025,Andhra Pradesh,"Department of Water Resources, River Development & GR",Water Resources,3,10901.5,57269.5,25827.76
August_2025,Andhra Pradesh,Ministry of Civil Aviation,Aviation & Aviation Infrastructure,3,1224.86,1224.86,613.89
August_2025,Andhra Pradesh,Ministry of Housing & Urban Affairs,Waste & Water,1,172.22,172.22,622.02
August_2025,Andhra Pradesh,Ministry of Petroleum & Natural Gas,Energy Storage,2,2898.34,3050.0,2242.8
August_2025,Andhra Pradesh,2242.80,Oil & Gas,5,37997.0,38057.0,33498.29
August_2025,Andhra Pradesh,Ministry of Power,Transmission & Distribution,5,13395.24,13395.2,4512.61
August_2025,Andhra Pradesh,Ministry of Railways,Railways,28,56255.53,63480.7,32347.6
August_2025,Arunachal Pradesh,Department of Higher Education,Education,1,592.61,592.61,549.96
August_2025,Arunachal Pradesh,Department of Telecommunications,Telecommunication,1,1255.49,1255.49,284.04
August_2025,Arunachal Pradesh,Ministry of Petroleum & Natural Gas,Energy Storage,1,43129.0,79459.0,60295.14
August_2025,Arunachal Pradesh,60295.14,Oil & Gas,1,9265.0,9265.0,6393.85
August_2025,Arunachal Pradesh,Ministry of Power,Electricity Generation,4,41850.64,61640.8,28586.95
August_2025,Arunachal Pradesh,28586.95,Transmission & Distribution,1,4754.42,9129.32,7462.2
August_2025,Arunachal Pradesh,Ministry of Railways,Railways,1,435.0,1250.0,901.0
August_2025,Assam,Department of Higher Education,Education,1,153.71,153.71,54.05
August_2025,Assam,Department of Telecommunications,Telecommunication,1,1255.49,1255.49,284.04
August_2025,Assam,"Department of Water Resources, River Development & GR",Water Resources,1,256.16,256.16,0.0
August_2025,Assam,Ministry of Civil Aviation,Aviation & Aviation Infrastructure,1,1712.0,1712.0,2335.44
August_2025,Assam,Ministry of Coal,Coal,2,449.23,449.23,186.31
August_2025,Assam,Ministry of Housing & Urban Affairs,Waste & Water,1,186.8,186.8,1291.55
August_2025,Assam,Ministry of Petroleum & Natural Gas,Energy Storage,3,10768.4,11947.4,9941.27
August_2025,Assam,9941.27,Oil & Gas,13,28019.15,41554.0,30591.24
August_2025,Assam,Ministry of Power,Electricity Generation,1,6285.33,26075.5,24880.95
August_2025,Assam,24880.95,Transmission & Distribution,1,5111.33,6700.0,5277.24
August_2025,Assam,Ministry of Railways,Railways,7,14593.57,16308.6,10302.48
August_2025,Bihar,Department of Higher Education,Education,1,499.21,499.21,425.47
August_2025,Bihar,Department of Telecommunications,Telecommunication,3,2336.11,2107.64,960.21
August_2025,Bihar,"Department of Water Resources, River Development & GR",Waste & Water,5,2351.43,2351.43,1303.45
August_2025,Bihar,1303.45,Water Resources,3,2884.49,4060.84,1590.27
August_2025,Bihar,Ministry of Civil Aviation,Aviation & Aviation Infrastructure,3,3541.56,3541.56,1256.71
August_2025,Bihar,Ministry of Housing & Urban Affairs,Urban Public Transport,1,13365.77,13365.8,4039.77
August_2025,Bihar,4039.77,Waste & Water,1,158.78,158.78,48.61
August_2025,Bihar,Ministry of Petroleum & Natural Gas,Energy Storage,1,10228.0,11407.0,9766.72
August_2025,Bihar,9766.72,Oil & Gas,7,24636.5,26501.2,13258.37
August_2025,Bihar,"Ministry of Ports, Shipping and Waterways",Inland Waterways,1,5369.18,5061.15,3510.72
August_2025,Bihar,Ministry of Power,Electricity Generation,1,10439.09,13756.6,12148.46
August_2025,Bihar,12148.46,Transmission & Distribution,2,751.63,751.63,0.9
August_2025,Bihar,Ministry of Railways,Railways,20,48815.69,52817.3,22483.47
August_2025,Chhattisgarh,Department of Telecommunications,Telecommunication,2,5262.57,5262.57,1699.75
August_2025,Chhattisgarh,"Department of Water Resources, River Development & GR",Water Resources,2,842.26,1109.33,616.93
August_2025,Chhattisgarh,Ministry of Coal,Coal,15,38654.89,38654.9,15480.4
August_2025,Chhattisgarh,15480.40,Railways,1,1686.22,1686.22,347.96
August_2025,Chhattisgarh,Ministry of Petroleum & Natural Gas,Oil & Gas,2,10056.25,10467.0,6509.05
August_2025,Chhattisgarh,Ministry of Power,Electricity Generation,2,25321.0,25321.0,2480.0
August_2025,Chhattisgarh,2480.00,Transmission & Distribution,1,385.84,385.84,378.17
August_2025,Chhattisgarh,Ministry of Railways,Railways,19,32162.0,34222.7,18291.67
August_2025,Chhattisgarh,Ministry of Steel,Metals & Mining,1,1700.0,1756.2,65.44
August_2025,Chhattisgarh,65.44,Steel,6,7530.14,10050.1,5270.32
August_2025,Dadra & Nagar Haveli and Daman & Diu,Ministry of Housing & Urban Affairs,Waste & Water,1,210.0,210.0,0.0
August_2025,Dadra & Nagar Haveli and Daman & Diu,Ministry of Power,Transmission & Distribution,1,4546.26,4546.26,4172.96
August_2025,Dadra & Nagar Haveli and Daman & Diu,Ministry of Railways,Railways,1,108000.0,108000.0,79918.89
August_2025,Delhi,Department of Higher Education,Education,2,706.49,706.49,300.98
August_2025,Delhi,Department of Telecommunications,Telecommunication,1,248.2,248.2,236.91
August_2025,Delhi,Ministry of Housing & Urban Affairs,Construction,1,646.53,646.52,533.12
August_2025,Delhi,533.12,Real Estate,1,32850.0,32850.0,0.0
August_2025,Delhi,0.00,Urban Public Transport,4,69853.45,69853.4,42116.99
August_2025,Delhi,Ministry of Power,Transmission & Distribution,4,4356.47,4908.47,3923.11
August_2025,Delhi,Ministry of Railways,Railways,14,28176.96,28177.0,5356.29
August_2025,Goa,Ministry of Civil Aviation,Aviation & Aviation Infrastructure,1,255.69,255.69,130.0
August_2025,Goa,Ministry of Railways,Railways,2,5804.49,6182.62,5976.87
August_2025,Gujarat,Department of Higher Education,Education,1,490.63,490.63,301.44
August_2025,Gujarat,Department of Telecommunications,Telecommunication,1,336.89,301.13,227.82
August_2025,Gujarat,"Department of Water Resources, River Development & GR",Water Resources,2,25739.93,40082.8,36722.58
August_2025,Gujarat,Ministry of Civil Aviation,Aviation & Aviation Infrastructure,1,1305.0,1551.0,1348.78
August_2025,Gujarat,Ministry of Coal,Coal,1,7580.0,7580.0,3091.0
August_2025,Gujarat,3091.00,Electricity Generation,1,383.84,383.84,303.5
August_2025,Gujarat,Ministry of Housing & Urban Affairs,Real Estate,1,539.0,539.0,39.63
August_2025,Gujarat,39.63,Urban Public Transport,3,28177.49,30329.0,23950.31
August_2025,Gujarat,23950.31,Waste & Water,1,200.0,200.0,100.0
August_2025,Gujarat,Ministry of Petroleum & Natural Gas,Energy Storage,3,62245.0,98575.0,75103.78
August_2025,Gujarat,75103.78,Oil & Gas,11,32704.12,32178.7,22879.89
August_2025,Gujarat,"Ministry of Ports, Shipping and Waterways",Inland Waterways,1,4243.64,4243.64,366.2
August_2025,Gujarat,366.20,"Tourism, Hospitality & Wellness",1,573.0,1238.05,496.63
August_2025,Gujarat,Ministry of Power,Electricity Generation,1,339.35,339.35,317.59
August_2025,Gujarat,317.59,Transmission & Distribution,13,45319.41,45318.9,12842.82
August_2025,Gujarat,Ministry of Railways,Railways,31,187430.66,262112.0,216423.66
August_2025,Haryana,Ministry of Health & Family Welfare,Healthcare,1,1299.0,1299.0,349.41
August_2025,Haryana,Ministry of Housing & Urban Affairs,Urban Public Transport,1,6230.99,6230.99,0.29
August_2025,Haryana,0.29,Waste & Water,2,491.2,491.2,2617.89
August_2025,Haryana,Ministry of Petroleum & Natural Gas,Energy Storage,1,9028.0,9028.0,7136.41
August_2025,Haryana,7136.41,Oil & Gas,5,45925.07,49596.1,33666.9
August_2025,Haryana,Ministry of Power,Transmission & Distribution,4,13362.0,13914.0,2619.3
August_2025,Haryana,Ministry of Railways,Railways,4,53464.0,126368.0,125567.23
August_2025,Himachal Pradesh,Department of Higher Education,Education,3,811.15,921.89,579.09
August_2025,Himachal Pradesh,Department of Telecommunications,Telecommunication,1,336.89,301.13,227.82
August_2025,Himachal Pradesh,Ministry of Power,Electricity Generation,4,7728.04,12252.1,4137.13
August_2025,Himachal Pradesh,Ministry of Railways,Railways,3,17005.0,17005.1,9366.44
August_2025,Jammu and Kashmir,Department of Higher Education,Education,1,424.93,500.91,484.52
August_2025,Jammu and Kashmir,Department of Telecommunications,Telecommunication,1,336.89,301.13,227.82
August_2025,Jammu and Kashmir,Ministry of Civil Aviation,Aviation & Aviation Infrastructure,1,861.37,861.37,177.69
August_2025,Jammu and Kashmir,Ministry of Health & Family Welfare,Healthcare,1,1828.0,1828.0,1531.86
August_2025,Jammu and Kashmir,Ministry of Petroleum & Natural Gas,Energy Storage,1,676.89,676.89,526.1
August_2025,Jammu and Kashmir,526.10,Oil & Gas,2,1059.9,1059.9,193.82
August_2025,Jammu and Kashmir,Ministry of Power,Electricity Generation,4,22207.77,27945.1,12525.6
August_2025,Jammu and Kashmir,12525.60,Transmission & Distribution,3,825.43,825.43,496.12
August_2025,Jharkhand,Department of Telecommunications,Telecommunication,2,5262.57,5262.57,1699.75
August_2025,Jharkhand,"Department of Water Resources, River Development & GR",Water Resources,2,5430.04,12010.3,5704.07
August_2025,Jharkhand,Ministry of Coal,Coal,27,45414.48,45178.8,10417.02
August_2025,Jharkhand,10417.02,Railways,1,1799.64,1799.64,1293.71
August_2025,Jharkhand,Ministry of Housing & Urban Affairs,Waste & Water,3,654.14,654.14,2532.48
August_2025,Jharkhand,Ministry of Mines,Metals & Mining,2,3370.02,3370.02,16.57
August_2025,Jharkhand,Ministry of Petroleum & Natural Gas,Energy Storage,1,10228.0,11407.0,9766.72
August_2025,Jharkhand,9766.72,Oil & Gas,3,2010.07,2010.07,595.56
August_2025,Jharkhand,"Ministry of Ports, Shipping and Waterways",Inland Waterways,1,5369.18,5061.15,3510.72
August_2025,Jharkhand,Ministry of Power,Coal,2,2083.0,2365.0,910.82
August_2025,Jharkhand,910.82,Electricity Generation,2,31470.0,34660.0,18606.57
August_2025,Jharkhand,Ministry of Railways,Railways,12,43352.74,43746.7,14874.38
August_2025,Jharkhand,Ministry of Steel,Steel,6,2854.58,3572.87,1284.99
August_2025,Karnataka,Department for Promotion of Industry & Internal Trade,Real Estate,1,1701.81,1701.81,88.25
August_2025,Karnataka,Department of Higher Education,Education,1,420.41,420.41,360.72
August_2025,Karnataka,"Department of Water Resources, River Development & GR",Water Resources,1,770.16,1606.07,1511.22
August_2025,Karnataka,Ministry of Civil Aviation,Aviation & Aviation Infrastructure,3,1143.4,1143.4,515.77
August_2025,Karnataka,Ministry of Housing & Urban Affairs,Urban Public Transport,2,41193.24,45483.2,37902.51
August_2025,Karnataka,37902.51,Waste & Water,2,337.69,337.69,1278.27
August_2025,Karnataka,Ministry of Petroleum & Natural Gas,Energy Storage,1,678.0,1732.0,713.86
August_2025,Karnataka,713.86,Oil & Gas,5,9662.0,12693.6,8749.96
August_2025,Karnataka,Ministry of Power,Transmission & Distribution,6,15682.01,15682.0,2815.76
August_2025,Karnataka,Ministry of Railways,Railways,17,25363.59,31532.2,17702.61
August_2025,Karnataka,Ministry of Steel,Steel,1,1043.63,1043.63,229.77
August_2025,Kerala,Department of Higher Education,Education,1,1006.45,1217.4,623.6
August_2025,Kerala,Ministry of Civil Aviation,Aviation & Aviation Infrastructure,1,484.57,484.57,83.95
August_2025,Kerala,Ministry of Housing & Urban Affairs,Urban Public Transport,1,1957.05,1957.05,329.94
August_2025,Kerala,Ministry of Petroleum & Natural Gas,Oil & Gas,3,7996.87,10990.9,4912.37
August_2025,Kerala,Ministry of Railways,Railways,3,2846.0,5199.0,3026.15
August_2025,Ladakh,Department of Telecommunications,Telecommunication,1,336.89,301.13,227.82
August_2025,Ladakh,Ministry of Civil Aviation,Aviation & Aviation Infrastructure,1,480.0,640.0,434.79
August_2025,Ladakh,Ministry of Power,Transmission & Distribution,1,288.71,288.71,207.8
August_2025,Madhya Pradesh,Department of Higher Education,Education,1,496.28,496.28,143.95
August_2025,Madhya Pradesh,Department of Telecommunications,Telecommunication,2,1999.22,1806.51,732.39
August_2025,Madhya Pradesh,"Department of Water Resources, River Development & GR",Water Resources,3,2628.27,2941.14,2725.95
August_2025,Madhya Pradesh,Ministry of Coal,Coal,14,8634.02,8634.02,3368.12
August_2025,Madhya Pradesh,Ministry of Housing & Urban Affairs,Urban Public Transport,2,14442.2,14442.2,7095.55
August_2025,Madhya Pradesh,7095.55,Waste & Water,4,1243.05,1243.05,6956.6
August_2025,Madhya Pradesh,Ministry of Mines,Metals & Mining,1,1856.36,1856.36,935.32
August_2025,Madhya Pradesh,Ministry of Petroleum & Natural Gas,Energy Storage,1,10088.0,10088.0,7672.23
August_2025,Madhya Pradesh,7672.23,Oil & Gas,2,51211.25,51622.0,8351.1
August_2025,Madhya Pradesh,Ministry of Power,Transmission & Distribution,6,17446.0,17446.0,2930.65
August_2025,Madhya Pradesh,Ministry of Railways,Railways,18,56050.78,67640.2,42750.83
August_2025,Maharashtra,Department of Higher Education,Education,2,250.33,446.26,154.7
August_2025,Maharashtra,Department of Telecommunications,Telecommunication,3,5723.99,5723.99,1865.77
August_2025,Maharashtra,"Department of Water Resources, River Development & GR",Water Resources,10,20736.55,30421.9,31303.79
August_2025,Maharashtra,Ministry of Civil Aviation,Aviation & Aviation Infrastructure,1,500.48,500.48,332.26
August_2025,Maharashtra,Ministry of Coal,Coal,25,12455.88,12455.9,3084.72
August_2025,Maharashtra,Ministry of Housing & Urban Affairs,Urban Public Transport,6,34571.47,48711.5,28993.92
August_2025,Maharashtra,28993.92,Waste & Water,5,1088.72,1088.72,2313.41
August_2025,Maharashtra,Ministry of Petroleum & Natural Gas,Energy Storage,1,281.35,389.67,230.76
August_2025,Maharashtra,230.76,Oil & Gas,13,34264.24,37660.4,20702.79
August_2025,Maharashtra,"Ministry of Ports, Shipping and Waterways",Healthcare,1,693.0,693.0,58.0
August_2025,Maharashtra,58.00,Shipping,2,1266.8,1266.8,441.86
August_2025,Maharashtra,Ministry of Power,Transmission & Distribution,3,29589.67,29589.7,5993.74
August_2025,Maharashtra,Ministry of Railways,Railways,36,267281.11,358733.0,262133.68
August_2025,Manipur,"Department of Water Resources, River Development & GR",Water Resources,1,1449.44,1822.24,1837.91
August_2025,Manipur,Ministry of Civil Aviation,Aviation & Aviation Infrastructure,1,499.0,499.0,154.43
August_2025,Manipur,Ministry of Petroleum & Natural Gas,Oil & Gas,1,9265.0,9265.0,6393.85
August_2025,Manipur,Ministry of Power,Transmission & Distribution,1,5111.33,6700.0,5277.24
August_2025,Manipur,Ministry of Railways,Railways,1,14323.0,21885.9,15598.11
August_2025,Meghalaya,Department of Higher Education,Education,1,494.52,494.52,413.57
August_2025,Meghalaya,Department of Telecommunications,Telecommunication,1,971.96,971.96,208.25
August_2025,Meghalaya,Ministry of Petroleum & Natural Gas,Oil & Gas,1,9265.0,9265.0,6393.85
August_2025,Meghalaya,Ministry of Power,Transmission & Distribution,1,5111.33,6700.0,5277.24
August_2025,Mizoram,Department of Higher Education,Education,1,474.23,474.23,167.55
August_2025,Mizoram,Ministry of Petroleum & Natural Gas,Oil & Gas,1,9265.0,9265.0,6393.85
August_2025,Mizoram,Ministry of Power,Transmission & Distribution,1,5111.33,6700.0,5277.24
August_2025,Nagaland,Department of Higher Education,Education,1,275.63,275.63,260.1
August_2025,Nagaland,Ministry of Petroleum & Natural Gas,Oil & Gas,2,9492.62,9492.62,6402.97
August_2025,Nagaland,Ministry of Power,Transmission & Distribution,1,5111.33,6700.0,5277.24
August_2025,Nagaland,Ministry of Railways,Railways,2,8786.7,8786.7,5326.0
August_2025,Odisha,Department of Higher Education,Education,1,1229.32,773.76,837.04
August_2025,Odisha,Department of Telecommunications,Telecommunication,2,5262.57,5262.57,1699.75
August_2025,Odisha,"Department of Water Resources, River Development & GR",Water Resources,2,1556.46,5291.33,5193.3
August_2025,Odisha,Ministry of Coal,Coal,12,36526.28,34218.0,13335.92
August_2025,Odisha,13335.92,Electricity Generation,1,27212.96,27213.0,1953.52
August_2025,Odisha,Ministry of Mines,Metals & Mining,5,7343.97,9724.14,5037.7
August_2025,Odisha,Ministry of Petroleum & Natural Gas,Energy Storage,2,12886.34,14217.0,11970.7
August_2025,Odisha,11970.70,Oil & Gas,5,25285.44,23768.5,15778.36
August_2025,Odisha,"Ministry of Ports, Shipping and Waterways",Shipping,1,3004.63,3004.63,1149.79
August_2025,Odisha,Ministry of Power,Electricity Generation,1,11843.75,12543.0,4161.68
August_2025,Odisha,4161.68,Transmission & Distribution,1,342.69,342.69,0.6
August_2025,Odisha,Ministry of Railways,Railways,28,47401.37,52133.4,31907.65
August_2025,Odisha,31907.65,Railways,1,267.61,267.61,0.0
August_2025,Odisha,Ministry of Steel,Steel,1,1105.23,1105.23,769.08
August_2025,Puducherry,Department of Higher Education,Education,1,618.34,544.34,509.55
August_2025,Puducherry,Ministry of Railways,Railways,1,713.0,981.0,598.38
August_2025,Punjab,Department of Higher Education,Education,2,559.3,559.3,290.39
August_2025,Punjab,"Department of Water Resources, River Development & GR",Water Resources,2,3727.07,5177.86,5072.69
August_2025,Punjab,Ministry of Housing & Urban Affairs,Waste & Water,2,545.53,545.53,612.96
August_2025,Punjab,Ministry of Petroleum & Natural Gas,Oil & Gas,6,13060.36,13090.4,8374.98
August_2025,Punjab,Ministry of Power,Transmission & Distribution,1,5969.0,5969.0,218.47
August_2025,Punjab,Ministry of Railways,Railways,3,15702.64,15702.6,8977.71
August_2025,Rajasthan,Department of Telecommunications,Telecommunication,2,758.54,530.07,361.9
August_2025,Rajasthan,Ministry of Civil Aviation,Aviation & Aviation Infrastructure,2,1367.0,1367.0,634.54
August_2025,Rajasthan,Ministry of Coal,Electricity Generation,1,1813.0,1813.0,874.14
August_2025,Rajasthan,Ministry of Petroleum & Natural Gas,Energy Storage,3,52618.05,88948.1,67548.03
August_2025,Rajasthan,67548.03,Oil & Gas,2,10599.0,10599.0,6647.57
August_2025,Rajasthan,Ministry of Power,Electricity Generation,1,5491.89,5491.89,4805.16
August_2025,Rajasthan,4805.16,Transmission & Distribution,22,53646.51,54198.2,16979.78
August_2025,Rajasthan,Ministry of Railways,Railways,21,86599.15,162169.0,139520.05
August_2025,Sikkim,Department of Higher Education,Education,2,999.82,924.82,359.78
August_2025,Sikkim,Ministry of Civil Aviation,Aviation & Aviation Infrastructure,1,323.26,323.26,29.7
August_2025,Sikkim,Ministry of Petroleum & Natural Gas,Oil & Gas,1,9265.0,9265.0,6393.85
August_2025,Sikkim,Ministry of Power,Electricity Generation,2,6686.33,7576.15,6161.06
August_2025,Sikkim,6161.06,Transmission & Distribution,1,4754.42,9129.32,7462.2
August_2025,Sikkim,Ministry of Railways,Railways,1,7877.0,12133.0,9039.91
August_2025,Tamil Nadu,Ministry of Civil Aviation,Aviation & Aviation Infrastructure,1,1207.0,1207.0,149.21
August_2025,Tamil Nadu,Ministry of Coal,Electricity Generation,1,218.03,218.03,161.73
August_2025,Tamil Nadu,Ministry of Housing & Urban Affairs,Inland Waterways,1,63246.0,63246.0,26410.15
August_2025,Tamil Nadu,Ministry of Mines,Metals & Mining,1,166.0,166.0,135.0
August_2025,Tamil Nadu,Ministry of Petroleum & Natural Gas,Energy Storage,3,2334.0,3448.71,1641.58
August_2025,Tamil Nadu,1641.58,Oil & Gas,4,38385.0,46153.0,6060.57
August_2025,Tamil Nadu,Ministry of Power,Transmission & Distribution,1,548.0,548.0,14.68
August_2025,Tamil Nadu,Ministry of Railways,Railways,8,8730.0,11599.0,5805.89
August_2025,Telangana,Department of Higher Education,Education,1,262.0,262.0,177.09
August_2025,Telangana,Department of Telecommunications,Telecommunication,2,2038.99,2038.99,764.33
August_2025,Telangana,"Department of Water Resources, River Development & GR",Water Resources,4,11670.14,24129.6,11830.43
August_2025,Telangana,Ministry of Civil Aviation,Aviation & Aviation Infrastructure,1,500.48,500.48,332.26
August_2025,Telangana,Ministry of Coal,Coal,9,3890.03,3890.03,2462.36
August_2025,Telangana,Ministry of Health & Family Welfare,Healthcare,1,1028.0,1365.95,812.95
August_2025,Telangana,Ministry of Power,Transmission & Distribution,2,5694.56,5694.56,4337.14
August_2025,Telangana,Ministry of Railways,Railways,11,22284.15,26048.2,9009.21
August_2025,Tripura,Ministry of Petroleum & Natural Gas,Energy Storage,1,656.0,656.0,478.11
August_2025,Tripura,478.11,Oil & Gas,2,9474.33,9396.51,6462.73
August_2025,Tripura,Ministry of Power,Transmission & Distribution,1,5111.33,6700.0,5277.24
August_2025,Uttar Pradesh,Department of Higher Education,Education,1,246.0,246.0,193.38
August_2025,Uttar Pradesh,Department of Telecommunications,Telecommunication,3,2336.11,2107.64,960.21
August_2025,Uttar Pradesh,"Department of Water Resources, River Development & GR",Waste & Water,2,1532.96,1532.96,243.43
August_2025,Uttar Pradesh,243.43,Water Resources,4,3694.65,8775.49,7633.54
August_2025,Uttar Pradesh,Ministry of Civil Aviation,Aviation & Aviation Infrastructure,5,7268.31,7323.51,16971.73
August_2025,Uttar Pradesh,Ministry of Coal,Coal,2,1328.09,1328.09,1017.31
August_2025,Uttar Pradesh,1017.31,Electricity Generation,1,17237.8,21780.9,20269.54
August_2025,Uttar Pradesh,Ministry of Housing & Urban Affairs,Urban Public Transport,3,49730.1,49730.1,41466.62
August_2025,Uttar Pradesh,41466.62,Waste & Water,2,797.47,797.47,689.15
August_2025,Uttar Pradesh,Ministry of Petroleum & Natural Gas,Energy Storage,2,11068.45,11068.5,7888.89
August_2025,Uttar Pradesh,7888.89,Oil & Gas,3,17824.68,18213.1,1578.44
August_2025,Uttar Pradesh,"Ministry of Ports, Shipping and Waterways",Inland Waterways,1,5369.18,5061.15,3510.72
August_2025,Uttar Pradesh,Ministry of Power,Electricity Generation,2,28284.42,30471.2,14511.21
August_2025,Uttar Pradesh,14511.21,Transmission & Distribution,3,8114.81,8114.81,1650.63
August_2025,Uttar Pradesh,Ministry of Railways,Railways,28,95245.3,169871.0,148169.27
August_2025,Uttarakhand,Department of Higher Education,Education,1,650.85,650.85,195.52
August_2025,Uttarakhand,"Department of Water Resources, River Development & GR",Water Resources,1,2584.1,2584.1,968.52
August_2025,Uttarakhand,Ministry of Housing & Urban Affairs,Real Estate,1,150.97,150.97,18.95
August_2025,Uttarakhand,Ministry of Power,Electricity Generation,3,11663.95,26070.0,20361.54
August_2025,Uttarakhand,Ministry of Railways,Railways,1,38953.0,38953.0,24645.15
August_2025,West Bengal,Department of Higher Education,Education,2,787.2,729.2,693.6
August_2025,West Bengal,Department of Telecommunications,Telecommunication,1,1577.57,1577.57,598.31
August_2025,West Bengal,"Department of Water Resources, River Development & GR",Waste & Water,1,154.73,154.73,96.17
August_2025,West Bengal,Ministry of Civil Aviation,Aviation & Aviation Infrastructure,2,1877.3,1877.3,375.4
August_2025,West Bengal,Ministry of Coal,Coal,13,15863.74,15863.7,2802.3
August_2025,West Bengal,Ministry of Mines,Construction,1,255.37,255.37,79.34
August_2025,West Bengal,Ministry of Petroleum & Natural Gas,Energy Storage,1,10228.0,11407.0,9766.72
August_2025,West Bengal,9766.72,Oil & Gas,8,18159.65,19007.2,11294.42
August_2025,West Bengal,"Ministry of Ports, Shipping and Waterways",Inland Waterways,1,5369.18,5061.15,3510.72
August_2025,West Bengal,3510.72,Shipping,2,551.91,551.91,429.28
August_2025,West Bengal,Ministry of Power,Electricity Generation,3,20091.84,20160.8,3566.83
August_2025,West Bengal,3566.83,Transmission & Distribution,2,751.63,751.63,0.9
August_2025,West Bengal,Ministry of Railways,Railways,16,49682.05,60254.0,33496.35
August_2025,West Bengal,Ministry of Steel,Steel,5,4214.67,4214.67,415.6
August_2025,West Bengal,Guwahati Airport New Integrated Terminal Building Construction Project (Adani Airport Holdings Limited) (706724) Assam 12/2016 (03/2018) 03/2025,(11/2025),1712,1712.0,2335.44,91.0
August_2025,C/o NITB Imphal Airport,(Airport Authority of India [AAI]) (706718) Manipur 11/2021 (07/2022) 07/2024,(12/2026),499,499.0,154.43,41.0
August_2025,C/o NITB Imphal Airport,Rajasthan Refinery Project (MinistryofPetroleumNaturalGas) (701263) Arunachal Pradesh NA (10/2017) 10/2022,(03/2026),43129,79459.0,60295.14,88.0
August_2025,C/o NITB Imphal Airport,Paradip-Numaligarh Crude Oil Pipeline [PNCPL] & Crude Oil Import Terminal [COIT] at Paradip (Ministry of Petroleum & Natural Gas) (701349) Assam NA (01/2019) 07/2024,(09/2025),10228,11407.0,9766.72,87.0
August_2025,C/o NITB Imphal Airport,"Grass Root Rail-fed Depot at Sekerkote, Agartala as resitement of existing Dharmanagar Depot (Indian Oil Corporation Limited [IOCL]) (400035) Tripura NA (06/2022) 09/2025",(06/2026),656,656.0,478.11,86.0
August_2025,C/o NITB Imphal Airport,Numaligarh Refinery Expansion Project (Ministry of Petroleum & Natural Gas) (604791) Assam NA (07/2020) 07/2024,(12/2025),12366,22494.0,16764.09,76.0
August_2025,C/o NITB Imphal Airport,"Assam Bio Refinery, ABRPL (Ministry of Petroleum & Natural Gas) (604792) Assam NA (02/2018) 09/2021",(09/2025),1750,4930.0,4710.0,99.0
August_2025,C/o NITB Imphal Airport,Upgradation of Facilities of Numaligarh-Siliguri Product Pipeline [NSPL] for transportation of additional products from existing 1.72 MMTPA to 5.5 MMTPA (Ministry of Petroleum & Natural Gas) (701350) Assam NA (06/2021) 12/2024,(10/2025),860,860.0,584.76,98.0
August_2025,C/o NITB Imphal Airport,Augmentation/Revamping of Facilities at existing Guwahati Terminal at Betkuchi (MinistryofPetroleumNaturalGas) (709776) Assam NA (04/2022) 09/2026,(09/2026),277,323.09,185.18,68.0
August_2025,C/o NITB Imphal Airport,Capacity Expansion of Digboi Refinery from 0.65 to 1.0 MMTPA (MinistryofPetroleumNaturalGas) (709779) Assam NA (06/2022) 03/2026,(03/2026),768,740.0,107.72,39.0
August_2025,C/o NITB Imphal Airport,DCU Revamp Project (NRL) (709864) Assam NA (08/2021) 07/2024,(10/2025),370,370.0,253.17,60.0
August_2025,C/o NITB Imphal Airport,"North East Gas Grid (Ministry of Petroleum & Natural Gas) (701346) Multi-States (Arunachal Pradesh, Assam, Manipur, Meghalaya, Mizoram, Nagaland, Sikkim, Tripura) NA (04/2020) 03/2024",(03/2026),9265,9265.0,6393.85,85.0
August_2025,C/o NITB Imphal Airport,Doubling of New Bonggigaon to Kamakhya via Goalpara - 176 km (Northeast Frontier Railway [NFR]) (705572) Assam 09/2016 (09/2016) 03/2026,(03/2026),4060,4961.0,3683.75,93.0
August_2025,C/o NITB Imphal Airport,Jiribam-Imphal new line project (Northeast Frontier Railway [NFR]) (705391) Manipur 03/2013 (12/2007) 12/2026,(06/2029),14323,21885.9,15598.11,69.0
August_2025,C/o NITB Imphal Airport,"Murkongselek-Pasighat (Northeast Frontier Railway (NFR) - II) (705401) Multi-States (Arunachal Pradesh, Assam) NA (03/2012) 03/2025",(12/2025),435,1250.0,901.0,56.0
August_2025,C/o NITB Imphal Airport,"Dimapur [Dhansiri]-Sukhobi Kohima [Zubza] NL [82.5 Km] (Northeast Frontier Railway [NFR]) (705392) Multi-States (Assam, Nagaland) 08/2015 (02/2016) 03/2025",(12/2025),6663,6663.0,5312.26,80.0
August_2025,C/o NITB Imphal Airport,Sivok-Rangpo New Rail Line (Indian Railway Construction International Limited [IRCON]) (705432) Sikkim 10/2009 (05/2010) 05/2015,(12/2027),7877,12133.0,9039.91,84.0
July_2025,Offshore,Ministry of Petroleum & Natural Gas,Oil & Gas,6,19714.58,22972.8,9861.58
July_2025,Offshore,Ministry of Railways,Railways,2,1311.83,1311.83,591.32
July_2025,PAN India,Department of Telecommunications,Telecommunication,7,142131.27,264452.0,68888.24
July_2025,Andaman & Nicobar,Ministry of Housing & Urban Affairs,Real Estate,1,209.88,209.88,0.0
July_2025,Andhra Pradesh,Department for Promotion of Industry & Internal Trade,Real Estate,1,2139.44,2139.44,327.99
July_2025,Andhra Pradesh,Department of Higher Education,Education,1,305.0,305.0,83.33
July_2025,Andhra Pradesh,Department of Telecommunications,Telecommunication,2,5262.57,5262.57,1697.56
July_2025,Andhra Pradesh,"Department of Water Resources, River Development & GR",Water Resources,3,10901.5,57269.5,25827.76
July_2025,Andhra Pradesh,Ministry of Civil Aviation,Aviation & Aviation Infrastructure,4,1440.03,1440.03,696.24
July_2025,Andhra Pradesh,Ministry of Petroleum & Natural Gas,Energy Storage,2,2898.34,3050.0,2223.91
July_2025,Andhra Pradesh,2223.91,Oil & Gas,6,39929.0,40265.0,37302.2
July_2025,Andhra Pradesh,Ministry of Power,Transmission & Distribution,5,13395.24,13395.2,4132.14
July_2025,Andhra Pradesh,Ministry of Railways,Railways,26,50889.37,58114.5,28960.14
July_2025,Arunachal Pradesh,Department of Higher Education,Education,1,592.61,592.61,549.96
July_2025,Arunachal Pradesh,Department of Telecommunications,Telecommunication,1,1255.49,1255.49,284.04
July_2025,Arunachal Pradesh,Ministry of Petroleum & Natural Gas,Energy Storage,1,43129.0,72937.0,59524.37
July_2025,Arunachal Pradesh,59524.37,Oil & Gas,1,9265.0,9265.0,6375.02
July_2025,Arunachal Pradesh,Ministry of Power,Electricity Generation,4,41850.64,61640.8,28273.61
July_2025,Arunachal Pradesh,28273.61,Transmission & Distribution,1,4754.42,4754.42,7321.07
July_2025,Arunachal Pradesh,Ministry of Railways,Railways,1,435.0,1250.0,901.0
July_2025,Assam,Department of Higher Education,Education,1,153.71,153.71,288.87
July_2025,Assam,Department of Telecommunications,Telecommunication,1,1255.49,1255.49,284.04
July_2025,Assam,"Department of Water Resources, River Development & GR",Water Resources,1,256.16,256.16,0.0
July_2025,Assam,Ministry of Civil Aviation,Aviation & Aviation Infrastructure,1,1712.0,1712.0,0.0
July_2025,Assam,Ministry of Coal,Coal,2,449.23,449.23,186.31
July_2025,Assam,Ministry of Petroleum & Natural Gas,Energy Storage,3,10768.4,11947.4,9862.17
July_2025,Assam,9862.17,Oil & Gas,13,28019.15,40824.0,30217.38
July_2025,Assam,Ministry of Power,Electricity Generation,1,6285.33,26075.5,24685.13
July_2025,Assam,24685.13,Transmission & Distribution,1,5111.33,6700.0,5253.47
July_2025,Assam,Ministry of Railways,Railways,6,15645.83,17360.8,10192.51
July_2025,Bihar,Department of Higher Education,Education,1,499.21,499.21,425.47
July_2025,Bihar,Department of Telecommunications,Telecommunication,3,2336.11,2107.64,948.33
July_2025,Bihar,"Department of Water Resources, River Development & GR",Waste & Water,5,2351.43,2351.43,1285.75
July_2025,Bihar,1285.75,Water Resources,3,2884.49,4060.84,1590.27
July_2025,Bihar,Ministry of Civil Aviation,Aviation & Aviation Infrastructure,4,3756.73,3756.73,1284.41
July_2025,Bihar,Ministry of Housing & Urban Affairs,Real Estate,1,454.65,454.65,204.64
July_2025,Bihar,204.64,Urban Public Transport,1,13365.77,13365.8,4039.77
July_2025,Bihar,Ministry of Petroleum & Natural Gas,Energy Storage,1,10228.0,11407.0,9701.95
July_2025,Bihar,9701.95,Oil & Gas,7,24636.5,26501.2,13077.01
July_2025,Bihar,"Ministry of Ports, Shipping and Waterways",Inland Waterways,1,5369.18,5061.15,3432.34
July_2025,Bihar,Ministry of Power,Electricity Generation,1,10439.09,13756.6,11970.96
July_2025,Bihar,Ministry of Power,Transmission & Distribution,2,751.63,751.63,0.4
July_2025,Bihar,Ministry of Railways,Railways,21,51225.79,57662.8,27425.45
July_2025,Chandigarh,Ministry of Housing & Urban Affairs,Real Estate,1,285.85,285.85,127.58
July_2025,Chhattisgarh,Department of Telecommunications,Telecommunication,2,5262.57,5262.57,1697.56
July_2025,Chhattisgarh,"Department of Water Resources, River Development & GR",Water Resources,2,842.26,1109.33,616.93
July_2025,Chhattisgarh,Ministry of Coal,Coal,15,38654.89,38654.9,15299.54
July_2025,Chhattisgarh,15299.54,Railways,1,1686.22,1686.22,342.96
July_2025,Chhattisgarh,Ministry of Housing & Urban Affairs,Real Estate,1,3797.69,3797.69,2694.0
July_2025,Chhattisgarh,Ministry of Petroleum & Natural Gas,Oil & Gas,2,10056.25,10467.0,6507.12
July_2025,Chhattisgarh,Ministry of Power,Electricity Generation,2,25321.0,25321.0,2288.0
July_2025,Chhattisgarh,2288.00,Transmission & Distribution,1,385.84,385.84,378.16
July_2025,Chhattisgarh,Ministry of Railways,Railways,19,32171.36,34232.1,17908.81
July_2025,Chhattisgarh,Ministry of Steel,Metals & Mining,1,1700.0,1756.2,65.44
July_2025,Chhattisgarh,65.44,Steel,6,7530.14,10050.1,5162.03
July_2025,Dadra & Nagar Haveli and Daman & Diu,Ministry of Housing & Urban Affairs,Waste & Water,1,210.0,210.0,0.0
July_2025,Dadra & Nagar Haveli and Daman & Diu,Ministry of Power,Transmission & Distribution,1,4546.26,4546.26,4148.46
July_2025,Dadra & Nagar Haveli and Daman & Diu,Ministry of Railways,Railways,1,108000.0,108000.0,78690.89
July_2025,Delhi,Department for Promotion of Industry & Internal Trade,"Tourism, Hospitality & Wellness",1,5178.0,5401.0,4470.0
July_2025,Delhi,Department of Higher Education,Education,2,706.49,706.49,290.98
July_2025,Delhi,Department of Telecommunications,Telecommunication,1,248.2,248.2,236.91
July_2025,Delhi,Ministry of Civil Aviation,Aviation & Aviation Infrastructure,1,215.17,215.17,104.92
July_2025,Delhi,Ministry of Housing & Urban Affairs,Construction,1,646.53,646.52,518.46
July_2025,Delhi,518.46,Real Estate,1,32850.0,32850.0,0.0
July_2025,Delhi,0.00,Urban Public Transport,4,69853.45,69853.4,41241.03
July_2025,Delhi,Ministry of Power,Transmission & Distribution,4,4356.47,4908.47,3860.71
July_2025,Delhi,Ministry of Railways,Railways,13,27509.96,27510.0,5067.53
July_2025,Goa,Ministry of Civil Aviation,Aviation & Aviation Infrastructure,2,756.17,756.17,436.21
July_2025,Goa,Ministry of Railways,Railways,2,5804.49,6182.62,5976.87
July_2025,Gujarat,Department of Higher Education,Education,1,490.63,490.63,301.44
July_2025,Gujarat,Department of Telecommunications,Telecommunication,1,336.89,301.13,225.71
July_2025,Gujarat,"Department of Water Resources, River Development & GR",Water Resources,2,25739.93,40082.8,36722.58
July_2025,Gujarat,Ministry of Civil Aviation,Aviation & Aviation Infrastructure,2,1520.17,1766.17,771.34
July_2025,Gujarat,Ministry of Coal,Coal,1,7580.0,7580.0,3091.0
July_2025,Gujarat,3091.00,Electricity Generation,1,383.84,383.84,303.5
July_2025,Gujarat,Ministry of Housing & Urban Affairs,Real Estate,2,6016.4,6016.4,3075.44
July_2025,Gujarat,3075.44,Urban Public Transport,3,28177.49,30329.0,23395.89
July_2025,Gujarat,23395.89,Waste & Water,1,200.0,200.0,100.0
July_2025,Gujarat,Ministry of Petroleum & Natural Gas,Energy Storage,3,62245.0,92053.0,74193.58
July_2025,Gujarat,74193.58,Oil & Gas,11,32704.12,32178.7,22543.16
July_2025,Gujarat,"Ministry of Ports, Shipping and Waterways",Inland Waterways,1,4243.64,4243.64,346.2
July_2025,Gujarat,"Ministry of Ports, Shipping and Waterways","Tourism, Hospitality & Wellness",1,573.0,1238.05,487.35
July_2025,Gujarat,Ministry of Power,Electricity Generation,1,339.35,339.35,317.59
July_2025,Gujarat,317.59,Transmission & Distribution,13,45319.41,45318.9,12189.63
July_2025,Gujarat,Ministry of Railways,Railways,31,189276.71,263686.0,214924.05
July_2025,Haryana,Ministry of Health & Family Welfare,Healthcare,1,1299.0,1299.0,349.41
July_2025,Haryana,Ministry of Housing & Urban Affairs,Urban Public Transport,1,6230.99,6230.99,0.14
July_2025,Haryana,Ministry of Petroleum & Natural Gas,Energy Storage,1,9028.0,9028.0,7071.08
July_2025,Haryana,7071.08,Oil & Gas,5,45925.07,49596.1,33255.25
July_2025,Haryana,Ministry of Power,Transmission & Distribution,4,13362.0,13914.0,2575.26
July_2025,Haryana,Ministry of Railways,Railways,4,53464.0,126368.0,125556.07
July_2025,Himachal Pradesh,Department of Higher Education,Education,3,811.15,921.89,576.2
July_2025,Himachal Pradesh,Department of Telecommunications,Telecommunication,1,336.89,301.13,225.71
July_2025,Himachal Pradesh,Ministry of Power,Electricity Generation,4,7728.04,12252.1,4103.9
July_2025,Himachal Pradesh,Ministry of Railways,Railways,3,17005.0,17005.0,8745.88
July_2025,Jammu and Kashmir,Department of Higher Education,Education,1,424.93,500.91,484.52
July_2025,Jammu and Kashmir,Department of Telecommunications,Telecommunication,1,336.89,301.13,225.71
July_2025,Jammu and Kashmir,Ministry of Civil Aviation,Aviation & Aviation Infrastructure,1,861.37,861.37,154.3
July_2025,Jammu and Kashmir,Ministry of Health & Family Welfare,Healthcare,1,1828.0,1828.0,1504.91
July_2025,Jammu and Kashmir,Ministry of Petroleum & Natural Gas,Energy Storage,1,676.89,676.89,518.22
July_2025,Jammu and Kashmir,518.22,Oil & Gas,2,1059.9,1059.9,194.19
July_2025,Jammu and Kashmir,Ministry of Power,Electricity Generation,4,22207.77,22207.8,12060.37
July_2025,Jammu and Kashmir,12060.37,Transmission & Distribution,3,825.43,825.43,488.41
July_2025,Jharkhand,Department of Telecommunications,Telecommunication,2,5262.57,5262.57,1697.56
July_2025,Jharkhand,"Department of Water Resources, River Development & GR",Water Resources,2,5430.04,12010.3,5692.84
July_2025,Jharkhand,Ministry of Civil Aviation,Aviation & Aviation Infrastructure,1,215.17,215.17,104.92
July_2025,Jharkhand,Ministry of Coal,Coal,27,45414.48,45178.8,10320.88
July_2025,Jharkhand,10320.88,Railways,1,1799.64,1799.64,1293.71
July_2025,Jharkhand,Ministry of Housing & Urban Affairs,Real Estate,1,212.74,212.74,41.0
July_2025,Jharkhand,Ministry of Mines,Metals & Mining,2,3370.02,3370.02,13.33
July_2025,Jharkhand,Ministry of Petroleum & Natural Gas,Energy Storage,1,10228.0,11407.0,9701.95
July_2025,Jharkhand,9701.95,Oil & Gas,3,2010.07,2010.07,596.23
July_2025,Jharkhand,"Ministry of Ports, Shipping and Waterways",Inland Waterways,1,5369.18,5061.15,3432.34
July_2025,Jharkhand,Ministry of Power,Coal,2,2083.0,2365.0,901.38
July_2025,Jharkhand,901.38,Electricity Generation,2,31470.0,34660.0,18481.7
July_2025,Jharkhand,Ministry of Railways,Railways,12,43938.71,44332.7,14801.8
July_2025,Jharkhand,Ministry of Steel,Steel,6,2854.58,3572.87,1251.51
July_2025,Karnataka,Department for Promotion of Industry & Internal Trade,Real Estate,1,1701.81,1701.81,95.0
July_2025,Karnataka,Department of Higher Education,Education,1,420.41,420.41,360.72
July_2025,Karnataka,"Department of Water Resources, River Development & GR",Water Resources,1,770.16,1606.07,1511.22
July_2025,Karnataka,Ministry of Civil Aviation,Aviation & Aviation Infrastructure,4,1358.57,1358.57,583.49
July_2025,Karnataka,Ministry of Housing & Urban Affairs,Urban Public Transport,2,41193.24,45483.2,37902.51
July_2025,Karnataka,Ministry of Petroleum & Natural Gas,Energy Storage,2,1532.0,2586.0,1387.55
July_2025,Karnataka,1387.55,Oil & Gas,5,9662.0,12693.6,8687.98
July_2025,Karnataka,Ministry of Power,Transmission & Distribution,6,15682.01,15682.0,2377.07
July_2025,Karnataka,Ministry of Railways,Railways,16,24870.49,30669.6,17352.85
July_2025,Karnataka,17352.85,Real Estate,1,493.0,493.0,252.45
July_2025,Karnataka,Ministry of Steel,Steel,1,1043.63,1043.63,214.48
July_2025,Kerala,Department of Higher Education,Education,1,1006.45,1217.4,615.95
July_2025,Kerala,Ministry of Civil Aviation,Aviation & Aviation Infrastructure,2,699.74,699.74,179.59
July_2025,Kerala,Ministry of Housing & Urban Affairs,Urban Public Transport,1,1957.05,1957.05,306.45
July_2025,Kerala,Ministry of Petroleum & Natural Gas,Oil & Gas,3,7996.87,10990.9,4880.2
July_2025,Kerala,Ministry of Railways,Railways,3,2846.0,5199.0,3026.15
July_2025,Ladakh,Department of Telecommunications,Telecommunication,1,336.89,301.13,225.71
July_2025,Ladakh,Ministry of Civil Aviation,Aviation & Aviation Infrastructure,1,480.0,640.0,427.04
July_2025,Ladakh,Ministry of Power,Transmission & Distribution,1,288.71,288.71,202.1
July_2025,Madhya Pradesh,Department of Higher Education,Education,1,496.28,496.28,138.6
July_2025,Madhya Pradesh,Department of Telecommunications,Telecommunication,2,1999.22,1806.51,722.62
July_2025,Madhya Pradesh,"Department of Water Resources, River Development & GR",Water Resources,3,2628.27,2941.14,2757.75
July_2025,Madhya Pradesh,Ministry of Civil Aviation,Aviation & Aviation Infrastructure,1,215.17,215.17,104.92
July_2025,Madhya Pradesh,Ministry of Coal,Coal,14,8634.02,8634.02,3268.58
July_2025,Madhya Pradesh,Ministry of Housing & Urban Affairs,Urban Public Transport,2,14442.2,14442.2,6956.02
July_2025,Madhya Pradesh,Ministry of Mines,Metals & Mining,1,1856.36,1856.36,924.98
July_2025,Madhya Pradesh,Ministry of Petroleum & Natural Gas,Energy Storage,1,10088.0,10088.0,7598.13
July_2025,Madhya Pradesh,7598.13,Oil & Gas,2,51211.25,51622.0,8284.2
July_2025,Madhya Pradesh,Ministry of Power,Electricity Generation,1,646.17,646.17,0.0
July_2025,Madhya Pradesh,0.00,Transmission & Distribution,6,17446.0,17446.0,2423.32
July_2025,Madhya Pradesh,Ministry of Railways,Railways,18,61558.55,69197.5,43133.73
July_2025,Maharashtra,Department of Higher Education,Education,2,250.33,446.26,154.59
July_2025,Maharashtra,Department of Telecommunications,Telecommunication,3,5723.99,5723.99,1863.58
July_2025,Maharashtra,"Department of Water Resources, River Development & GR",Water Resources,14,23764.91,37142.8,36591.47
July_2025,Maharashtra,Ministry of Civil Aviation,Aviation & Aviation Infrastructure,1,500.48,500.48,306.21
July_2025,Maharashtra,Ministry of Coal,Coal,25,12455.88,12455.9,2983.36
July_2025,Maharashtra,Ministry of Housing & Urban Affairs,Urban Public Transport,6,34571.47,35377.5,28692.48
July_2025,Maharashtra,Ministry of Petroleum & Natural Gas,Energy Storage,1,281.35,389.67,227.54
July_2025,Maharashtra,227.54,Oil & Gas,13,34264.24,37660.4,20460.79
July_2025,Maharashtra,"Ministry of Ports, Shipping and Waterways",Healthcare,1,693.0,693.0,58.0
July_2025,Maharashtra,58.00,Shipping,2,1266.8,1266.8,253.46
July_2025,Maharashtra,Ministry of Power,Transmission & Distribution,3,29589.67,29589.7,5660.04
July_2025,Maharashtra,Ministry of Railways,Railways,36,271609.73,360035.0,260743.99
July_2025,Manipur,"Department of Water Resources, River Development & GR",Water Resources,1,1449.44,1822.24,1837.91
July_2025,Manipur,Ministry of Civil Aviation,Aviation & Aviation Infrastructure,1,499.0,499.0,160.48
July_2025,Manipur,Ministry of Petroleum & Natural Gas,Oil & Gas,1,9265.0,9265.0,6375.02
July_2025,Manipur,Ministry of Power,Transmission & Distribution,1,5111.33,6700.0,5253.47
July_2025,Meghalaya,Department of Higher Education,Education,1,494.52,494.52,413.57
July_2025,Meghalaya,Department of Telecommunications,Telecommunication,1,971.96,971.96,208.25
July_2025,Meghalaya,Ministry of Petroleum & Natural Gas,Oil & Gas,1,9265.0,9265.0,6375.02
July_2025,Meghalaya,Ministry of Power,Transmission & Distribution,1,5111.33,6700.0,5253.47
July_2025,Mizoram,Department of Higher Education,Education,1,474.23,474.23,167.55
July_2025,Mizoram,Ministry of Petroleum & Natural Gas,Oil & Gas,1,9265.0,9265.0,6375.02
July_2025,Mizoram,Ministry of Power,Transmission & Distribution,1,5111.33,6700.0,5253.47
July_2025,Nagaland,Department of Higher Education,Education,1,275.63,275.63,257.82
July_2025,Nagaland,Ministry of Petroleum & Natural Gas,Oil & Gas,2,9492.62,9492.62,6384.03
July_2025,Nagaland,Ministry of Power,Transmission & Distribution,1,5111.33,6700.0,5253.47
July_2025,Nagaland,Ministry of Railways,Railways,2,8786.7,8786.7,5216.03
July_2025,Odisha,Department of Higher Education,Education,1,1229.32,773.76,835.55
July_2025,Odisha,Department of Telecommunications,Telecommunication,2,5262.57,5262.57,1697.56
July_2025,Odisha,"Department of Water Resources, River Development & GR",Water Resources,2,1556.46,5291.33,5193.3
July_2025,Odisha,Ministry of Civil Aviation,Aviation & Aviation Infrastructure,1,215.17,215.17,104.92
July_2025,Odisha,Ministry of Coal,Coal,13,39671.73,40539.7,13423.8
July_2025,Odisha,13423.80,Electricity Generation,1,27212.96,27213.0,1938.68
July_2025,Odisha,Ministry of Mines,Metals & Mining,5,7343.97,9724.14,4967.46
July_2025,Odisha,Ministry of Petroleum & Natural Gas,Energy Storage,2,12886.34,14217.0,11894.63
July_2025,Odisha,11894.63,Oil & Gas,5,25285.44,23768.5,15711.67
July_2025,Odisha,"Ministry of Ports, Shipping and Waterways",Shipping,1,3004.63,3004.63,1149.79
July_2025,Odisha,Ministry of Power,Electricity Generation,1,11843.75,12543.0,3975.0
July_2025,Odisha,3975.00,Transmission & Distribution,1,342.69,342.69,0.2
July_2025,Odisha,Ministry of Railways,Inland Waterways,3,4265.0,5184.0,2178.18
July_2025,Odisha,2178.18,Railways,25,38578.21,42391.3,26663.28
July_2025,Odisha,26663.28,Railways,1,267.61,267.61,0.0
July_2025,Odisha,Ministry of Steel,Steel,1,1105.23,1105.23,736.47
July_2025,Puducherry,Department of Higher Education,Education,1,618.34,544.34,509.24
July_2025,Puducherry,Ministry of Railways,Railways,1,713.0,981.0,598.38
July_2025,Punjab,Department of Higher Education,Education,2,559.3,559.3,290.39
July_2025,Punjab,"Department of Water Resources, River Development & GR",Water Resources,2,3727.07,5177.86,5035.32
July_2025,Punjab,Ministry of Petroleum & Natural Gas,Oil & Gas,6,13060.36,13090.4,8357.79
July_2025,Punjab,Ministry of Power,Transmission & Distribution,1,5969.0,5969.0,167.13
July_2025,Punjab,Ministry of Railways,Railways,3,15702.64,15702.6,8357.15
July_2025,Rajasthan,Department of Telecommunications,Telecommunication,2,758.54,530.07,352.16
July_2025,Rajasthan,Ministry of Civil Aviation,Aviation & Aviation Infrastructure,2,1367.0,1367.0,567.11
July_2025,Rajasthan,Ministry of Coal,Electricity Generation,1,1813.0,1813.0,769.57
July_2025,Rajasthan,Ministry of Petroleum & Natural Gas,Energy Storage,3,52618.05,82426.1,66707.02
July_2025,Rajasthan,Ministry of Petroleum & Natural Gas,Oil & Gas,2,10599.0,10599.0,6638.82
July_2025,Rajasthan,Ministry of Power,Electricity Generation,1,5491.89,5491.89,4606.84
July_2025,Rajasthan,4606.84,Transmission & Distribution,22,53646.51,54198.2,15938.13
July_2025,Rajasthan,Ministry of Railways,Railways,21,86599.23,162169.0,140736.04
July_2025,Sikkim,Department of Higher Education,Education,2,999.82,924.82,359.78
July_2025,Sikkim,Ministry of Civil Aviation,Aviation & Aviation Infrastructure,1,323.26,323.26,29.69
July_2025,Sikkim,Ministry of Petroleum & Natural Gas,Oil & Gas,1,9265.0,9265.0,6375.02
July_2025,Sikkim,Ministry of Power,Electricity Generation,2,6686.33,7576.15,6049.43
July_2025,Sikkim,6049.43,Transmission & Distribution,1,4754.42,4754.42,7321.07
July_2025,Sikkim,Ministry of Railways,Railways,1,7877.0,12133.0,8883.6
July_2025,Tamil Nadu,Ministry of Civil Aviation,Aviation & Aviation Infrastructure,2,1422.17,1422.17,481.39
July_2025,Tamil Nadu,Ministry of Coal,Electricity Generation,1,218.03,218.03,160.93
July_2025,Tamil Nadu,Ministry of Housing & Urban Affairs,Inland Waterways,1,63246.0,63246.0,47162.73
July_2025,Tamil Nadu,Ministry of Mines,Metals & Mining,1,166.0,166.0,135.0
July_2025,Tamil Nadu,Ministry of Petroleum & Natural Gas,Energy Storage,3,2334.0,3448.71,1592.52
July_2025,Tamil Nadu,1592.52,Oil & Gas,5,38886.0,46654.0,6139.7
July_2025,Tamil Nadu,Ministry of Power,Transmission & Distribution,1,548.0,548.0,10.96
July_2025,Tamil Nadu,Ministry of Railways,Railways,8,8730.0,11599.0,5805.89
July_2025,Telangana,Department of Higher Education,Education,1,262.0,262.0,164.4
July_2025,Telangana,Department of Telecommunications,Telecommunication,2,2038.99,2038.99,762.19
July_2025,Telangana,"Department of Water Resources, River Development & GR",Water Resources,5,12430.08,37575.0,11830.43
July_2025,Telangana,Ministry of Civil Aviation,Aviation & Aviation Infrastructure,2,715.65,715.65,411.13
July_2025,Telangana,Ministry of Coal,Coal,9,3890.03,3890.03,2423.61
July_2025,Telangana,Ministry of Health & Family Welfare,Healthcare,1,1028.0,1365.95,792.24
July_2025,Telangana,Ministry of Petroleum & Natural Gas,Oil & Gas,1,1932.0,2208.0,1552.37
July_2025,Telangana,Ministry of Power,Transmission & Distribution,2,5694.56,5694.56,4189.95
July_2025,Telangana,Ministry of Railways,Railways,10,21899.15,25663.2,8692.79
July_2025,Tripura,Ministry of Petroleum & Natural Gas,Energy Storage,1,656.0,656.0,465.73
July_2025,Tripura,465.73,Oil & Gas,2,9474.33,9396.51,6440.99
July_2025,Tripura,Ministry of Power,Transmission & Distribution,1,5111.33,6700.0,5253.47
July_2025,Uttar Pradesh,Department of Higher Education,Education,1,246.0,246.0,185.83
July_2025,Uttar Pradesh,Department of Telecommunications,Telecommunication,3,2336.11,2107.64,948.33
July_2025,Uttar Pradesh,"Department of Water Resources, River Development & GR",Waste & Water,2,1532.96,1532.96,208.64
July_2025,Uttar Pradesh,208.64,Water Resources,4,3694.65,8775.49,7633.54
July_2025,Uttar Pradesh,Ministry of Civil Aviation,Aviation & Aviation Infrastructure,5,6983.0,7038.2,687.85
July_2025,Uttar Pradesh,Ministry of Coal,Coal,2,1328.09,1328.09,980.95
July_2025,Uttar Pradesh,980.95,Electricity Generation,1,17237.8,21780.9,20135.48
July_2025,Uttar Pradesh,Ministry of Housing & Urban Affairs,Real Estate,1,576.99,576.99,141.94
July_2025,Uttar Pradesh,141.94,Urban Public Transport,3,49730.1,49730.1,40947.26
July_2025,Uttar Pradesh,Ministry of Petroleum & Natural Gas,Energy Storage,2,11068.45,11068.5,7834.35
July_2025,Uttar Pradesh,7834.35,Oil & Gas,4,18133.0,18521.5,1791.69
July_2025,Uttar Pradesh,"Ministry of Ports, Shipping and Waterways",Inland Waterways,1,5369.18,5061.15,3432.34
July_2025,Uttar Pradesh,Ministry of Power,Electricity Generation,2,28284.42,30471.2,14055.05
July_2025,Uttar Pradesh,14055.05,Transmission & Distribution,4,8474.28,8474.28,1903.49
July_2025,Uttar Pradesh,Ministry of Railways,Railways,26,94574.3,169600.0,146724.15
July_2025,Uttarakhand,Department of Higher Education,Education,1,650.85,650.85,130.0
July_2025,Uttarakhand,"Department of Water Resources, River Development & GR",Water Resources,1,2584.1,2584.1,486.52
July_2025,Uttarakhand,Ministry of Housing & Urban Affairs,Real Estate,1,150.97,150.97,18.95
July_2025,Uttarakhand,Ministry of Power,Electricity Generation,3,11663.95,26070.0,19892.29
July_2025,Uttarakhand,Ministry of Railways,Railways,1,38953.0,38953.0,24645.15
July_2025,West Bengal,Department of Higher Education,Education,2,787.2,729.2,692.6
July_2025,West Bengal,Department of Telecommunications,Telecommunication,1,1577.57,1577.57,596.17
July_2025,West Bengal,"Department of Water Resources, River Development & GR",Waste & Water,1,154.73,154.73,96.17
July_2025,West Bengal,Ministry of Civil Aviation,Aviation & Aviation Infrastructure,3,2092.47,2092.47,465.48
July_2025,West Bengal,Ministry of Coal,Coal,13,15863.74,15863.7,2781.17
July_2025,West Bengal,Ministry of Mines,Construction,1,255.37,255.37,78.34
July_2025,West Bengal,Ministry of Petroleum & Natural Gas,Energy Storage,1,10228.0,11407.0,9701.95
July_2025,West Bengal,9701.95,Oil & Gas,8,18159.65,19007.2,11226.34
July_2025,West Bengal,"Ministry of Ports, Shipping and Waterways",Inland Waterways,1,5369.18,5061.15,3432.34
July_2025,West Bengal,3432.34,Shipping,2,551.91,551.91,408.8
July_2025,West Bengal,Ministry of Power,Electricity Generation,3,20091.84,20160.8,3535.09
July_2025,West Bengal,3535.09,Transmission & Distribution,2,751.63,751.63,0.4
July_2025,West Bengal,Ministry of Railways,Railways,15,47377.24,57513.2,32499.77
July_2025,West Bengal,32499.77,Urban Public Transport,1,2298.0,2734.0,393.0
July_2025,West Bengal,Ministry of Steel,Steel,5,4214.67,4214.67,395.04
July_2025,West Bengal,Guwahati Airport New Integrated Terminal Building Construction Project (Adani Airport Holdings Limited) (706724) Assam 03/2018 03/2025,(-),1712,1712.0,0.0,94.1
July_2025,C/o NITB Imphal Airport,(Airport Authority of India [AAI]) (706718) Manipur 07/2022 07/2024,12/2026,499,499.0,160.48,41.0
July_2025,C/o NITB Imphal Airport,Rajasthan Refinery Project (MinistryofPetroleumNaturalGas) (701263) Arunachal Pradesh 10/2017 10/2022,03/2026,43129,72937.0,59524.37,87.0
July_2025,C/o NITB Imphal Airport,Paradip-Numaligarh Crude Oil Pipeline [PNCPL] & Crude Oil Import Terminal [COIT] at Paradip (Ministry of Petroleum & Natural Gas) (701349) Assam 01/2019 07/2024,09/2025,10228,11407.0,9701.95,86.0
July_2025,C/o NITB Imphal Airport,"Grass Root Rail-fed Depot at Sekerkote, Agartala as resitement of existing Dharmanagar Depot (Indian Oil Corporation Limited [IOCL]) (400035) Tripura 06/2022 09/2025",09/2025,656,656.0,465.73,84.0
July_2025,C/o NITB Imphal Airport,Numaligarh Refinery Expansion Project (Ministry of Petroleum & Natural Gas) (604791) Assam 07/2020 07/2024,12/2025,12366,22494.0,16502.36,75.0
July_2025,C/o NITB Imphal Airport,"Assam Bio Refinery, ABRPL (Ministry of Petroleum & Natural Gas) (604792) Assam 02/2018 09/2021",07/2025,1750,4200.0,4650.0,99.0
July_2025,C/o NITB Imphal Airport,Upgradation of Facilities of Numaligarh-Siliguri Product Pipeline [NSPL] for transportation of additional products from existing 1.72 MMTPA to 5.5 MMTPA (Ministry of Petroleum & Natural Gas) (701350) Assam 06/2021 12/2024,10/2025,860,860.0,566.18,98.0
July_2025,C/o NITB Imphal Airport,Augmentation/Revamping of Facilities at existing Guwahati Terminal at Betkuchi (MinistryofPetroleumNaturalGas) (709776) Assam 04/2022 09/2026,09/2026,277,323.09,185.18,67.0
July_2025,C/o NITB Imphal Airport,Capacity Expansion of Digboi Refinery from 0.65 to 1.0 MMTPA (MinistryofPetroleumNaturalGas) (709779) Assam 06/2022 03/2026,03/2026,768,740.0,99.02,35.0
July_2025,C/o NITB Imphal Airport,DCU Revamp Project (NRL) (709864) Assam 08/2021 07/2024,10/2025,370,370.0,249.41,57.0
July_2025,C/o NITB Imphal Airport,"North East Gas Grid (Ministry of Petroleum & Natural Gas) (701346) Multi-States (Sikkim, Arunachal Pradesh, Nagaland, Meghalaya, Assam, Mizoram, Tripura, Manipur) 04/2020 03/2024",03/2026,9265,9265.0,6375.02,85.0
July_2025,C/o NITB Imphal Airport,Doubling of New Bonggigaon to Kamakhya via Goalpara - 176 km (Northeast Frontier Railway [NFR]) (705572) Assam 09/2016 03/2026,03/2026,4060,4961.0,3683.75,93.0
July_2025,C/o NITB Imphal Airport,"Murkongselek-Pasighat (Northeast Frontier Railway [NFR]) (705401) Multi-States (Arunachal Pradesh, Assam) 03/2012 03/2025",12/2025,435,1250.0,901.0,56.0
July_2025,C/o NITB Imphal Airport,"Dimapur [Dhansiri]-Sukhobi Kohima [Zubza] NL [82.5 Km] (Northeast Frontier Railway [NFR]) (705392) Multi-States (Nagaland, Assam) 02/2016 03/2025",12/2025,6663,6663.0,5202.29,79.0
July_2025,C/o NITB Imphal Airport,Sivok-Rangpo New Rail Line (Indian Railway Construction International Limited [IRCON]) (705432) Sikkim 05/2010 05/2015,12/2027,7877,12133.0,8883.6,80.0
February_2026,Unknown,Department of Higher Education,Education,1,494.52,429.7,364.48
February_2026,Offshore,Ministry of Petroleum & Natural Gas,Oil & Gas,6,19714.58,22972.8,13184.76
February_2026,Offshore,"Ministry of Ports, Shipping and Waterways",Inland Waterways,1,177.0,197.0,383.41
February_2026,Offshore,Ministry of Railways,Railways,1,819.0,819.0,580.51
February_2026,PAN India,Department of Telecommunications,Telecommunication,5,141080.68,263402.0,73544.16
February_2026,PAN India,Ministry of Railways,Railways,1,274.39,274.39,0.0
February_2026,Andaman & Nicobar,Ministry of Housing & Urban Affairs,Real Estate,1,209.88,209.88,0.0
February_2026,Andaman & Nicobar,Ministry of Road Transport & Highways,Roads & Highways,3,653.97,1081.48,0.0
February_2026,Andhra Pradesh,Department for Promotion of Industry & Internal Trade,Real Estate,1,2139.44,2139.44,687.82
February_2026,Andhra Pradesh,Department of Higher Education,Education,1,305.0,305.0,62.71
February_2026,Andhra Pradesh,Department of Telecommunications,Telecommunication,3,7147.17,7147.17,2417.62
February_2026,Andhra Pradesh,"Department of Water Resources, River Development & GR",Water Resources,3,10901.5,57269.5,27640.94
February_2026,Andhra Pradesh,Ministry of Civil Aviation,Aviation & Aviation Infrastructure,3,1224.86,1224.86,768.76
February_2026,Andhra Pradesh,Ministry of Housing & Urban Affairs,Waste & Water,1,172.22,172.22,88.86
February_2026,Andhra Pradesh,Ministry of Labour and Employment,Healthcare,1,384.27,384.27,253.37
February_2026,Andhra Pradesh,Ministry of Petroleum & Natural Gas,Energy Storage,2,2898.34,3050.0,2448.25
February_2026,Andhra Pradesh,2448.25,Oil & Gas,5,38062.34,38122.3,33370.64
February_2026,Andhra Pradesh,Ministry of Power,Transmission & Distribution,7,20653.73,20653.7,6776.51
February_2026,Andhra Pradesh,Ministry of Railways,Railways,24,47210.95,55167.9,36243.76
February_2026,Andhra Pradesh,Ministry of Road Transport & Highways,Roads & Highways,90,76221.18,75165.8,25182.23
February_2026,Arunachal Pradesh,Department of Higher Education,Education,1,592.61,592.61,550.61
February_2026,Arunachal Pradesh,Department of Telecommunications,Telecommunication,1,1255.49,1255.49,315.0
February_2026,Arunachal Pradesh,Ministry of Petroleum & Natural Gas,Oil & Gas,1,9265.0,9265.0,6689.0
February_2026,Arunachal Pradesh,Ministry of Power,Electricity Generation,4,41850.64,61640.8,30289.01
February_2026,Arunachal Pradesh,30289.01,Transmission & Distribution,2,4963.8,9338.7,7953.72
February_2026,Arunachal Pradesh,Ministry of Railways,Railways,1,435.0,1250.0,828.77
February_2026,Arunachal Pradesh,Ministry of Road Transport & Highways,Roads & Highways,12,8579.09,8579.09,1118.6
February_2026,Assam,Department of Higher Education,Education,1,153.71,153.71,137.84
February_2026,Assam,Department of Telecommunications,Telecommunication,1,1255.49,1255.49,315.0
February_2026,Assam,"Department of Water Resources, River Development & GR",Water Resources,1,256.16,256.16,44.7
February_2026,Assam,Ministry of Civil Aviation,Aviation & Aviation Infrastructure,1,1712.0,2520.0,2591.82
February_2026,Assam,Ministry of Coal,Coal,2,449.23,449.23,187.08
February_2026,Assam,Ministry of Labour and Employment,Healthcare,1,143.23,154.75,116.08
February_2026,Assam,Ministry of Petroleum & Natural Gas,Energy Storage,3,10768.4,11947.4,10904.75
February_2026,Assam,10904.75,Oil & Gas,14,27720.47,38075.3,28567.69
February_2026,Assam,Ministry of Power,Electricity Generation,1,6285.33,26075.5,26023.91
February_2026,Assam,26023.91,Transmission & Distribution,1,5111.33,6700.0,5506.73
February_2026,Assam,Ministry of Railways,Railways,8,18227.15,19942.2,11154.92
February_2026,Assam,Ministry of Road Transport & Highways,Roads & Highways,55,48664.53,49270.1,13119.62
February_2026,Bihar,Department of Higher Education,Education,1,499.21,499.21,449.39
February_2026,Bihar,Department of Telecommunications,Telecommunication,4,4220.71,3992.24,1454.03
February_2026,Bihar,"Department of Water Resources, River Development & GR",Waste & Water,5,2351.43,2351.43,1303.45
February_2026,Bihar,1303.45,Water Resources,2,2193.34,3088.88,620.65
February_2026,Bihar,Ministry of Civil Aviation,Aviation & Aviation Infrastructure,3,3541.56,3541.56,1519.34
February_2026,Bihar,Ministry of Health & Family Welfare,Healthcare,1,250.0,500.0,96.21
February_2026,Bihar,96.21,Healthcare,1,1264.0,1264.0,0.0
February_2026,Bihar,Ministry of Housing & Urban Affairs,Urban Public Transport,1,13365.77,13365.8,4984.26
February_2026,Bihar,4984.26,Waste & Water,1,158.78,158.78,93.35
February_2026,Bihar,Ministry of Petroleum & Natural Gas,Energy Storage,1,10228.0,11407.0,10626.49
February_2026,Bihar,10626.49,Oil & Gas,7,25153.5,27018.2,13839.5
February_2026,Bihar,"Ministry of Ports, Shipping and Waterways",Inland Waterways,1,5369.18,5061.15,3806.78
February_2026,Bihar,Ministry of Power,Electricity Generation,2,40387.09,43704.6,15161.18
February_2026,Bihar,15161.18,Transmission & Distribution,3,3119.63,3119.63,89.07
February_2026,Bihar,Ministry of Railways,Railways,21,41041.25,45509.6,19417.45
February_2026,Bihar,Ministry of Road Transport & Highways,Roads & Highways,71,86890.36,85281.6,22969.18
February_2026,Chhattisgarh,Department of Higher Education,Education,1,1188.97,1188.97,0.0
February_2026,Chhattisgarh,Department of Telecommunications,Telecommunication,3,7147.17,7147.17,2417.62
February_2026,Chhattisgarh,"Department of Water Resources, River Development & GR",Water Resources,2,842.26,1109.33,867.91
February_2026,Chhattisgarh,Ministry of Coal,Coal,14,34428.39,34428.4,12495.12
February_2026,Chhattisgarh,12495.12,Railways,1,1686.22,2438.53,561.94
February_2026,Chhattisgarh,Ministry of Health & Family Welfare,Healthcare,3,975.0,972.85,494.99
February_2026,Chhattisgarh,Ministry of Petroleum & Natural Gas,Oil & Gas,3,10613.29,11024.0,7269.74
February_2026,Chhattisgarh,Ministry of Power,Electricity Generation,2,25321.0,25897.0,5240.07
February_2026,Chhattisgarh,Ministry of Railways,Railways,19,35085.53,39529.7,20795.73
February_2026,Chhattisgarh,Ministry of Road Transport & Highways,Roads & Highways,24,19089.87,20458.4,6767.79
February_2026,Chhattisgarh,Ministry of Steel,Metals & Mining,1,1700.0,1756.2,183.71
February_2026,Chhattisgarh,183.71,Steel,6,7530.14,10050.1,6043.45
February_2026,Dadra & Nagar Haveli and Daman & Diu,Ministry of Housing & Urban Affairs,Waste & Water,1,210.0,210.0,0.0
February_2026,Dadra & Nagar Haveli and Daman & Diu,Ministry of Power,Transmission & Distribution,1,4546.26,4546.26,4500.79
February_2026,Dadra & Nagar Haveli and Daman & Diu,Ministry of Railways,Railways,1,108000.0,108000.0,87754.89
February_2026,Dadra & Nagar Haveli and Daman & Diu,Ministry of Road Transport & Highways,Roads & Highways,2,2107.8,2891.81,743.21
February_2026,Delhi,Department of Higher Education,Education,2,706.49,709.42,339.28
February_2026,Delhi,Department of Telecommunications,Telecommunication,1,248.2,248.2,236.91
February_2026,Delhi,Ministry of Health & Family Welfare,Healthcare,2,4799.19,4799.19,24.68
February_2026,Delhi,Ministry of Housing & Urban Affairs,Real Estate,1,32850.0,32841.0,12975.31
February_2026,Delhi,12975.31,Urban Public Transport,5,81868.36,81868.4,47001.25
February_2026,Delhi,Ministry of Power,Transmission & Distribution,2,2331.0,2331.0,1762.36
February_2026,Delhi,Ministry of Railways,Railways,5,19348.46,20637.1,10598.24
February_2026,Delhi,Ministry of Road Transport & Highways,Roads & Highways,6,11477.2,15088.6,8690.17
February_2026,Goa,Ministry of Civil Aviation,Aviation & Aviation Infrastructure,1,255.69,255.69,154.3
February_2026,Goa,Ministry of Railways,Railways,2,5804.49,6182.62,6445.22
February_2026,Goa,Ministry of Road Transport & Highways,Roads & Highways,4,1729.55,1505.43,183.17
February_2026,Gujarat,Department of Higher Education,Education,1,490.63,490.63,323.98
February_2026,Gujarat,Department of Telecommunications,Telecommunication,1,336.89,301.13,241.23
February_2026,Gujarat,"Department of Water Resources, River Development & GR",Water Resources,2,25739.93,40082.8,36817.84
February_2026,Gujarat,Ministry of Civil Aviation,Aviation & Aviation Infrastructure,2,1668.1,1914.1,886.76
February_2026,Gujarat,Ministry of Coal,Electricity Generation,4,5421.78,5421.78,2188.14
February_2026,Gujarat,Ministry of Health & Family Welfare,Healthcare,3,1845.0,2477.48,2135.58
February_2026,Gujarat,Ministry of Housing & Urban Affairs,Real Estate,1,539.0,539.0,39.63
February_2026,Gujarat,39.63,Urban Public Transport,3,28177.49,30329.0,25918.11
February_2026,Gujarat,25918.11,Waste & Water,1,200.0,200.0,100.0
February_2026,Gujarat,Ministry of Labour and Employment,Healthcare,3,973.35,973.35,290.3
February_2026,Gujarat,Ministry of Petroleum & Natural Gas,Energy Storage,3,19472.86,19420.4,15586.61
February_2026,Gujarat,15586.61,Oil & Gas,11,32704.12,32357.3,24172.22
February_2026,Gujarat,"Ministry of Ports, Shipping and Waterways",Shipping,3,4514.64,4681.1,1468.98
February_2026,Gujarat,1468.98,"Tourism, Hospitality & Wellness",1,573.0,1238.05,545.51
February_2026,Gujarat,Ministry of Power,Electricity Generation,1,339.35,339.35,317.59
February_2026,Gujarat,317.59,Transmission & Distribution,16,69253.53,69253.5,12884.9
February_2026,Gujarat,Ministry of Railways,Railways,25,186405.66,264214.0,235337.92
February_2026,Gujarat,Ministry of Road Transport & Highways,Roads & Highways,46,50621.34,57526.1,23889.77
February_2026,Haryana,Department for Promotion of Industry & Internal Trade,Logistics Infrastructure,1,763.0,763.0,430.0
February_2026,Haryana,Ministry of Health & Family Welfare,Healthcare,1,1299.0,1646.43,574.64
February_2026,Haryana,Ministry of Housing & Urban Affairs,Urban Public Transport,2,11683.71,11683.7,164.84
February_2026,Haryana,164.84,Waste & Water,2,491.2,491.2,387.03
February_2026,Haryana,Ministry of Petroleum & Natural Gas,Energy Storage,1,9028.0,9028.0,7343.81
February_2026,Haryana,7343.81,Oil & Gas,6,46284.07,49955.1,35848.5
February_2026,Haryana,Ministry of Power,Transmission & Distribution,3,11696.0,11696.0,2384.23
February_2026,Haryana,Ministry of Railways,Railways,4,53464.0,126368.0,125753.43
February_2026,Haryana,Ministry of Road Transport & Highways,Roads & Highways,24,32523.29,35571.1,12906.32
February_2026,Himachal Pradesh,Department of Higher Education,Education,3,811.15,921.89,671.5
February_2026,Himachal Pradesh,Department of Telecommunications,Telecommunication,1,336.89,301.13,241.23
February_2026,Himachal Pradesh,Ministry of Power,Electricity Generation,4,7728.04,13783.7,4500.71
February_2026,Himachal Pradesh,Ministry of Railways,Railways,2,14987.0,14987.1,7989.94
February_2026,Himachal Pradesh,Ministry of Road Transport & Highways,Roads & Highways,23,21302.62,25297.3,9034.52
February_2026,Jammu and Kashmir,Department of Higher Education,Education,1,424.93,500.91,484.52
February_2026,Jammu and Kashmir,Department of Telecommunications,Telecommunication,1,336.89,301.13,241.23
February_2026,Jammu and Kashmir,Ministry of Civil Aviation,Aviation & Aviation Infrastructure,1,861.37,861.37,299.47
February_2026,Jammu and Kashmir,Ministry of Health & Family Welfare,Healthcare,1,1828.0,2160.84,1517.17
February_2026,Jammu and Kashmir,Ministry of Petroleum & Natural Gas,Oil & Gas,2,1059.9,1059.9,272.49
February_2026,Jammu and Kashmir,Ministry of Power,Electricity Generation,4,22207.77,27945.1,15004.45
February_2026,Jammu and Kashmir,15004.45,Transmission & Distribution,1,218.6,218.6,3.28
February_2026,Jammu and Kashmir,Ministry of Road Transport & Highways,Roads & Highways,38,36002.18,36268.3,13061.93
February_2026,Jharkhand,Department of Telecommunications,Telecommunication,3,7147.17,7147.17,2417.62
February_2026,Jharkhand,"Department of Water Resources, River Development & GR",Water Resources,2,5430.04,12010.3,6061.1
February_2026,Jharkhand,Ministry of Coal,Coal,28,51354.95,51119.3,10847.53
February_2026,Jharkhand,10847.53,Railways,1,1799.64,2564.34,1663.13
February_2026,Jharkhand,Ministry of Health & Family Welfare,Healthcare,2,500.0,958.9,325.0
February_2026,Jharkhand,Ministry of Housing & Urban Affairs,Waste & Water,3,654.14,654.14,403.16
February_2026,Jharkhand,Ministry of Petroleum & Natural Gas,Energy Storage,1,10228.0,11407.0,10626.49
February_2026,Jharkhand,10626.49,Oil & Gas,3,2010.07,2010.07,670.18
February_2026,Jharkhand,"Ministry of Ports, Shipping and Waterways",Inland Waterways,1,5369.18,5061.15,3806.78
February_2026,Jharkhand,Ministry of Power,Coal,2,2083.0,2365.0,1007.16
February_2026,Jharkhand,1007.16,Electricity Generation,2,33026.0,34660.0,20103.26
February_2026,Jharkhand,20103.26,Transmission & Distribution,1,1842.25,1842.25,1648.05
February_2026,Jharkhand,Ministry of Railways,Railways,13,37614.07,38474.7,11111.47
February_2026,Jharkhand,Ministry of Road Transport & Highways,Roads & Highways,35,38692.29,37624.9,12047.14
February_2026,Jharkhand,Ministry of Steel,Steel,6,2854.58,3572.87,1777.11
February_2026,Karnataka,Department for Promotion of Industry & Internal Trade,Real Estate,1,1701.81,1701.81,207.54
February_2026,Karnataka,"Department of Water Resources, River Development & GR",Water Resources,1,770.16,1606.07,1515.6
February_2026,Karnataka,Ministry of Civil Aviation,Aviation & Aviation Infrastructure,3,1143.4,1143.4,677.12
February_2026,Karnataka,Ministry of Housing & Urban Affairs,Urban Public Transport,2,41193.24,45483.2,39426.15
February_2026,Karnataka,39426.15,Waste & Water,2,337.69,337.69,178.89
February_2026,Karnataka,Ministry of Labour and Employment,Healthcare,2,428.92,428.92,74.99
February_2026,Karnataka,Ministry of Petroleum & Natural Gas,Energy Storage,1,678.0,1732.0,994.21
February_2026,Karnataka,994.21,Oil & Gas,5,9662.0,12693.6,9291.99
February_2026,Karnataka,"Ministry of Ports, Shipping and Waterways",Shipping,1,153.23,153.23,38.31
February_2026,Karnataka,Ministry of Power,Transmission & Distribution,9,21604.0,21604.0,5839.91
February_2026,Karnataka,Ministry of Railways,Railways,18,41130.29,47548.9,21375.17
February_2026,Karnataka,Ministry of Road Transport & Highways,Roads & Highways,75,81360.12,86063.1,26490.46
February_2026,Karnataka,Ministry of Steel,Steel,1,1043.63,1043.63,518.05
February_2026,Kerala,Department of Higher Education,Education,2,2533.45,2744.4,682.26
February_2026,Kerala,Ministry of Civil Aviation,Aviation & Aviation Infrastructure,1,484.57,484.57,171.48
February_2026,Kerala,Ministry of Housing & Urban Affairs,Urban Public Transport,1,1957.05,1957.05,596.83
February_2026,Kerala,Ministry of Petroleum & Natural Gas,Oil & Gas,3,8505.0,11499.0,5431.02
February_2026,Kerala,Ministry of Power,Transmission & Distribution,1,173.14,173.14,1.73
February_2026,Kerala,Ministry of Railways,Railways,2,1414.0,1398.19,396.83
February_2026,Kerala,Ministry of Road Transport & Highways,Roads & Highways,21,55629.95,61868.6,18904.94
February_2026,Ladakh,Department of Telecommunications,Telecommunication,1,336.89,301.13,241.23
February_2026,Ladakh,Ministry of Civil Aviation,Aviation & Aviation Infrastructure,1,480.0,640.0,492.25
February_2026,Ladakh,Ministry of Road Transport & Highways,Roads & Highways,2,785.9,785.9,542.71
February_2026,Madhya Pradesh,Department of Higher Education,Education,1,496.28,496.28,56.35
February_2026,Madhya Pradesh,Department of Telecommunications,Telecommunication,3,3883.82,3691.11,1212.8
February_2026,Madhya Pradesh,"Department of Water Resources, River Development & GR",Water Resources,4,23658.27,23971.1,11598.81
February_2026,Madhya Pradesh,Ministry of Coal,Coal,16,35799.19,35799.2,3719.55
February_2026,Madhya Pradesh,Ministry of Health & Family Welfare,Healthcare,2,650.0,650.0,233.41
February_2026,Madhya Pradesh,Ministry of Housing & Urban Affairs,Urban Public Transport,2,14442.2,14442.2,8691.8
February_2026,Madhya Pradesh,8691.80,Waste & Water,4,1243.05,1303.47,1127.76
February_2026,Madhya Pradesh,Ministry of Mines,Metals & Mining,1,1856.36,1856.36,959.13
February_2026,Madhya Pradesh,Ministry of Petroleum & Natural Gas,Energy Storage,1,10088.0,10088.0,8130.19
February_2026,Madhya Pradesh,8130.19,Oil & Gas,3,53003.25,53414.0,10328.4
February_2026,Madhya Pradesh,Ministry of Power,Electricity Generation,1,20446.0,20446.0,1294.64
February_2026,Madhya Pradesh,1294.64,Transmission & Distribution,9,45890.32,45890.3,5829.54
February_2026,Madhya Pradesh,Ministry of Railways,Railways,19,58468.02,73753.8,57085.61
February_2026,Madhya Pradesh,Ministry of Road Transport & Highways,Roads & Highways,59,41567.17,38269.0,10196.01
February_2026,Maharashtra,Department of Telecommunications,Telecommunication,4,7608.59,7608.59,2583.64
February_2026,Maharashtra,"Department of Water Resources, River Development & GR",Water Resources,11,22660.36,32345.7,35176.79
February_2026,Maharashtra,Ministry of Civil Aviation,Aviation & Aviation Infrastructure,1,500.48,500.48,368.21
February_2026,Maharashtra,Ministry of Coal,Coal,26,12900.3,12900.3,2958.99
February_2026,Maharashtra,Ministry of Housing & Urban Affairs,Urban Public Transport,9,60255.66,74395.7,35081.34
February_2026,Maharashtra,35081.34,Waste & Water,4,814.94,814.94,715.68
February_2026,Maharashtra,Ministry of Labour and Employment,Healthcare,3,884.31,886.08,648.49
February_2026,Maharashtra,Ministry of Petroleum & Natural Gas,Energy Storage,1,281.35,389.67,254.32
February_2026,Maharashtra,254.32,Oil & Gas,13,47001.36,49891.4,21579.07
February_2026,Maharashtra,"Ministry of Ports, Shipping and Waterways",Healthcare,1,693.0,693.0,58.0
February_2026,Maharashtra,58.00,Shipping,2,6900.0,6900.0,6064.89
February_2026,Maharashtra,Ministry of Power,Transmission & Distribution,5,32596.67,32596.7,6911.17
February_2026,Maharashtra,Ministry of Railways,Railways,34,267898.34,360179.0,286834.1
February_2026,Maharashtra,Ministry of Road Transport & Highways,Roads & Highways,101,84736.12,90360.8,24891.59
February_2026,Manipur,Department of Sports,Education,1,906.47,611.74,571.72
February_2026,Manipur,"Department of Water Resources, River Development & GR",Water Resources,1,1449.44,1822.24,1837.91
February_2026,Manipur,Ministry of Civil Aviation,Aviation & Aviation Infrastructure,1,499.0,499.0,174.89
February_2026,Manipur,Ministry of Petroleum & Natural Gas,Oil & Gas,1,9265.0,9265.0,6689.0
February_2026,Manipur,Ministry of Power,Transmission & Distribution,1,5111.33,6700.0,5506.73
February_2026,Manipur,Ministry of Railways,Railways,1,14323.0,21885.9,15849.48
February_2026,Manipur,Ministry of Road Transport & Highways,Roads & Highways,28,9752.18,9752.18,5088.35
February_2026,Meghalaya,Department of Telecommunications,Telecommunication,1,971.96,971.96,224.6
February_2026,Meghalaya,Ministry of Petroleum & Natural Gas,Oil & Gas,1,9265.0,9265.0,6689.0
February_2026,Meghalaya,Ministry of Power,Transmission & Distribution,1,5111.33,6700.0,5506.73
February_2026,Meghalaya,Ministry of Road Transport & Highways,Roads & Highways,12,6148.96,5995.63,874.28
February_2026,Mizoram,Department of Higher Education,Education,1,474.23,474.23,167.55
February_2026,Mizoram,Ministry of Petroleum & Natural Gas,Energy Storage,1,225.71,225.71,18.59
February_2026,Mizoram,18.59,Oil & Gas,1,9265.0,9265.0,6689.0
February_2026,Mizoram,Ministry of Power,Transmission & Distribution,1,5111.33,6700.0,5506.73
February_2026,Mizoram,Ministry of Road Transport & Highways,Roads & Highways,21,14421.14,14565.7,2441.06
February_2026,Nagaland,Department of Higher Education,Education,1,275.63,275.63,262.2
February_2026,Nagaland,Ministry of Petroleum & Natural Gas,Oil & Gas,2,9492.62,9492.62,6707.35
February_2026,Nagaland,Ministry of Power,Transmission & Distribution,1,5111.33,6700.0,5506.73
February_2026,Nagaland,Ministry of Railways,Railways,2,8786.7,8786.7,6147.01
February_2026,Nagaland,Ministry of Road Transport & Highways,Roads & Highways,19,6191.03,6745.08,874.32
February_2026,Odisha,Department of Higher Education,Education,2,1428.29,1042.06,895.75
February_2026,Odisha,Department of Telecommunications,Telecommunication,3,7147.17,7147.17,2417.62
February_2026,Odisha,"Department of Water Resources, River Development & GR",Water Resources,3,4612.34,12314.5,13620.96
February_2026,Odisha,Ministry of Coal,Coal,13,37048.73,34740.4,13795.84
February_2026,Odisha,13795.84,Electricity Generation,1,27212.96,27213.0,2819.83
February_2026,Odisha,Ministry of Labour and Employment,Healthcare,1,164.6,164.6,16.4
February_2026,Odisha,Ministry of Mines,Metals & Mining,4,6322.0,8702.17,6006.47
February_2026,Odisha,Ministry of Petroleum & Natural Gas,Energy Storage,2,12886.34,14217.0,12926.99
February_2026,Odisha,12926.99,Oil & Gas,6,25800.35,24283.5,16630.71
February_2026,Odisha,"Ministry of Ports, Shipping and Waterways",Shipping,1,3004.63,3004.63,1277.52
February_2026,Odisha,Ministry of Power,Electricity Generation,1,11843.75,12543.0,5770.33
February_2026,Odisha,5770.33,Transmission & Distribution,2,3065.19,3065.19,64.0
February_2026,Odisha,Ministry of Railways,Railways,28,43414.1,49171.3,32050.66
February_2026,Odisha,32050.66,Railways,1,267.61,267.61,0.0
February_2026,Odisha,Ministry of Road Transport & Highways,Roads & Highways,40,25465.75,28309.6,9477.25
February_2026,Puducherry,Department of Higher Education,Education,1,618.34,544.34,531.44
February_2026,Puducherry,Ministry of Railways,Railways,1,713.0,981.0,633.24
February_2026,Puducherry,Ministry of Road Transport & Highways,Roads & Highways,4,7027.6,7051.29,2572.27
February_2026,Punjab,Department of Higher Education,Education,2,559.3,559.3,348.81
February_2026,Punjab,"Department of Water Resources, River Development & GR",Water Resources,2,3727.07,5177.86,4350.91
February_2026,Punjab,Ministry of Health & Family Welfare,Healthcare,2,650.0,924.75,0.0
February_2026,Punjab,Ministry of Housing & Urban Affairs,Waste & Water,2,545.53,553.64,374.66
February_2026,Punjab,Ministry of Petroleum & Natural Gas,Oil & Gas,5,12693.36,12693.4,8249.17
February_2026,Punjab,Ministry of Power,Transmission & Distribution,1,5969.0,5969.0,1074.42
February_2026,Punjab,Ministry of Railways,Railways,2,13684.64,13685.0,7549.1
February_2026,Punjab,Ministry of Road Transport & Highways,Roads & Highways,38,50599.31,55862.4,23349.3
February_2026,Rajasthan,Department of Telecommunications,Telecommunication,2,758.54,530.07,393.76
February_2026,Rajasthan,Ministry of Civil Aviation,Aviation & Aviation Infrastructure,3,2874.0,2874.0,842.79
February_2026,Rajasthan,Ministry of Coal,Electricity Generation,1,1813.0,1813.0,1752.16
February_2026,Rajasthan,Ministry of Petroleum & Natural Gas,Energy Storage,3,52618.05,88948.1,74084.7
February_2026,Rajasthan,74084.70,Oil & Gas,2,10599.0,10599.0,6732.6
February_2026,Rajasthan,Ministry of Power,Transmission & Distribution,20,73356.69,73356.7,20182.93
February_2026,Rajasthan,Ministry of Railways,Railways,23,88788.95,165500.0,151767.6
February_2026,Rajasthan,Ministry of Road Transport & Highways,Roads & Highways,27,19439.72,18105.9,8695.15
February_2026,Sikkim,Department of Higher Education,Education,2,999.82,924.82,458.95
February_2026,Sikkim,Ministry of Civil Aviation,Aviation & Aviation Infrastructure,1,323.26,323.26,68.04
February_2026,Sikkim,Ministry of Health & Family Welfare,Healthcare,1,250.0,635.21,655.21
February_2026,Sikkim,Ministry of Petroleum & Natural Gas,Oil & Gas,1,9265.0,9265.0,6689.0
February_2026,Sikkim,Ministry of Power,Electricity Generation,2,6686.33,7576.15,5783.52
February_2026,Sikkim,5783.52,Transmission & Distribution,1,4754.42,9129.32,7951.63
February_2026,Sikkim,Ministry of Railways,Railways,1,7877.0,11775.0,10312.14
February_2026,Sikkim,Ministry of Road Transport & Highways,Roads & Highways,8,3158.89,3287.17,88.66
February_2026,Tamil Nadu,Ministry of Civil Aviation,Aviation & Aviation Infrastructure,1,1207.0,1207.0,250.29
February_2026,Tamil Nadu,Ministry of Coal,Electricity Generation,1,218.03,218.03,166.55
February_2026,Tamil Nadu,Ministry of Health & Family Welfare,Healthcare,1,1264.0,2021.51,441.29
February_2026,Tamil Nadu,Ministry of Housing & Urban Affairs,Urban Public Transport,1,63246.0,63246.0,31451.38
February_2026,Tamil Nadu,Ministry of Labour and Employment,Healthcare,1,152.95,177.01,123.22
February_2026,Tamil Nadu,Ministry of Mines,Metals & Mining,1,166.0,166.0,135.0
February_2026,Tamil Nadu,Ministry of Petroleum & Natural Gas,Energy Storage,3,2334.0,3448.71,1976.59
February_2026,Tamil Nadu,1976.59,Oil & Gas,4,38385.0,46153.0,6498.64
February_2026,Tamil Nadu,Ministry of Power,Transmission & Distribution,1,548.0,548.0,115.08
February_2026,Tamil Nadu,Ministry of Railways,Railways,6,6938.7,7456.71,3541.19
February_2026,Tamil Nadu,Ministry of Road Transport & Highways,Roads & Highways,50,61860.57,58070.9,18710.87
February_2026,Telangana,Department of Higher Education,Education,1,262.0,262.0,203.94
February_2026,Telangana,Department of Telecommunications,Telecommunication,3,3923.59,3923.59,1226.29
February_2026,Telangana,"Department of Water Resources, River Development & GR",Water Resources,4,11670.14,24129.6,11936.59
February_2026,Telangana,Ministry of Civil Aviation,Aviation & Aviation Infrastructure,1,500.48,500.48,368.21
February_2026,Telangana,Ministry of Coal,Coal,7,2986.57,2986.57,1747.85
February_2026,Telangana,Ministry of Health & Family Welfare,Healthcare,1,1028.0,1365.95,950.92
February_2026,Telangana,Ministry of Housing & Urban Affairs,Construction,1,644.0,644.0,136.51
February_2026,Telangana,Ministry of Petroleum & Natural Gas,Oil & Gas,1,215.0,215.0,38.16
February_2026,Telangana,Ministry of Power,Transmission & Distribution,2,5694.56,5694.56,5293.99
February_2026,Telangana,Ministry of Railways,Railways,11,19213.75,22977.8,14669.64
February_2026,Telangana,Ministry of Road Transport & Highways,Roads & Highways,56,39336.09,42423.6,10994.09
February_2026,Tripura,Ministry of Petroleum & Natural Gas,Energy Storage,1,656.0,656.0,509.07
February_2026,Tripura,509.07,Oil & Gas,2,9474.33,9396.51,6767.98
February_2026,Tripura,Ministry of Power,Transmission & Distribution,1,5111.33,6700.0,5506.73
February_2026,Tripura,Ministry of Road Transport & Highways,Roads & Highways,9,6081.38,6105.91,254.99
February_2026,Uttar Pradesh,Department of Higher Education,Education,1,246.0,246.0,200.11
February_2026,Uttar Pradesh,Department of Telecommunications,Telecommunication,4,4220.71,3992.24,1454.03
February_2026,Uttar Pradesh,"Department of Water Resources, River Development & GR",Waste & Water,2,1532.96,1532.96,243.43
February_2026,Uttar Pradesh,243.43,Water Resources,4,23983.27,27339.8,13244.04
February_2026,Uttar Pradesh,Ministry of Civil Aviation,Aviation & Aviation Infrastructure,3,3949.13,3949.13,1031.36
February_2026,Uttar Pradesh,Ministry of Coal,Coal,2,1328.09,1328.09,1099.25
February_2026,Uttar Pradesh,1099.25,Electricity Generation,1,17237.8,21780.9,20991.24
February_2026,Uttar Pradesh,Ministry of Housing & Urban Affairs,Urban Public Transport,4,55531.15,55531.2,42884.49
February_2026,Uttar Pradesh,Ministry of Housing & Urban Affairs,Waste & Water,1,561.74,561.74,485.91
February_2026,Uttar Pradesh,Ministry of Petroleum & Natural Gas,Energy Storage,2,11068.45,11068.5,8398.59
February_2026,Uttar Pradesh,8398.59,Oil & Gas,3,17116.12,17116.1,691.78
February_2026,Uttar Pradesh,"Ministry of Ports, Shipping and Waterways",Inland Waterways,1,5369.18,5061.15,3806.78
February_2026,Uttar Pradesh,Ministry of Power,Electricity Generation,1,17195.0,17195.0,2572.87
February_2026,Uttar Pradesh,2572.87,Transmission & Distribution,5,35482.81,35482.8,3052.12
February_2026,Uttar Pradesh,Ministry of Railways,Railways,26,95077.38,168712.0,146825.25
February_2026,Uttar Pradesh,Ministry of Road Transport & Highways,Roads & Highways,120,139113.61,133689.0,39658.12
February_2026,Uttarakhand,Department of Higher Education,Education,1,650.85,650.85,335.5
February_2026,Uttarakhand,"Department of Water Resources, River Development & GR",Water Resources,1,2584.1,2584.1,990.18
February_2026,Uttarakhand,Ministry of Health & Family Welfare,Healthcare,2,650.0,1093.89,577.08
February_2026,Uttarakhand,Ministry of Housing & Urban Affairs,Real Estate,1,150.97,150.97,18.95
February_2026,Uttarakhand,Ministry of Labour and Employment,Healthcare,1,102.4,297.63,322.55
February_2026,Uttarakhand,Ministry of Power,Electricity Generation,3,11663.95,25651.4,20934.71
February_2026,Uttarakhand,Ministry of Railways,Railways,1,38953.0,38953.0,27881.09
February_2026,Uttarakhand,Ministry of Road Transport & Highways,Roads & Highways,38,22223.35,22220.1,5875.8
February_2026,West Bengal,Department of Higher Education,Education,1,500.0,442.0,403.85
February_2026,West Bengal,Department of Telecommunications,Telecommunication,2,3462.17,3462.17,1060.27
February_2026,West Bengal,"Department of Water Resources, River Development & GR",Waste & Water,1,154.73,154.73,96.17
February_2026,West Bengal,Ministry of Civil Aviation,Aviation & Aviation Infrastructure,2,1877.3,1877.3,519.41
February_2026,West Bengal,Ministry of Coal,Coal,13,15863.74,15863.7,2974.69
February_2026,West Bengal,Ministry of Mines,Construction,1,255.37,255.37,96.26
February_2026,West Bengal,Ministry of Petroleum & Natural Gas,Energy Storage,1,10228.0,11407.0,10626.49
February_2026,West Bengal,10626.49,Oil & Gas,11,19590.65,20535.2,12338.36
February_2026,West Bengal,"Ministry of Ports, Shipping and Waterways",Inland Waterways,1,5369.18,5061.15,3806.78
February_2026,West Bengal,3806.78,Shipping,2,551.91,551.91,489.28
February_2026,West Bengal,Ministry of Power,Electricity Generation,3,20091.84,21644.6,4235.05
February_2026,West Bengal,4235.05,Transmission & Distribution,2,751.63,751.63,65.39
February_2026,West Bengal,Ministry of Railways,Railways,16,49559.1,60771.0,36953.27
February_2026,West Bengal,Ministry of Road Transport & Highways,Roads & Highways,24,16531.77,15962.0,3391.78
February_2026,West Bengal,Ministry of Steel,Steel,6,6733.06,6733.06,1133.38
September_2025,Unknown,Ministry of Steel,Steel,1,2518.39,2518.39,62.72
September_2025,Offshore,Ministry of Petroleum & Natural Gas,Oil & Gas,6,19714.58,22972.8,11337.22
September_2025,Offshore,"Ministry of Ports, Shipping and Waterways",Inland Waterways,1,177.0,197.0,183.32
September_2025,Offshore,Ministry of Railways,Railways,2,150819.0,150819.0,2520.51
September_2025,PAN India,Department of Telecommunications,Telecommunication,6,141891.67,264213.0,69279.89
September_2025,Andaman & Nicobar,Ministry of Housing & Urban Affairs,Real Estate,1,209.88,209.88,0.0
September_2025,Andhra Pradesh,Department for Promotion of Industry & Internal Trade,Real Estate,1,2139.44,2139.44,470.66
September_2025,Andhra Pradesh,Department of Higher Education,Education,1,305.0,305.0,84.96
September_2025,Andhra Pradesh,Department of Telecommunications,Telecommunication,3,7147.17,7147.17,1835.32
September_2025,Andhra Pradesh,"Department of Water Resources, River Development & GR",Water Resources,3,10901.5,57269.5,26234.12
September_2025,Andhra Pradesh,Ministry of Civil Aviation,Aviation & Aviation Infrastructure,3,1224.86,1224.86,648.97
September_2025,Andhra Pradesh,Ministry of Housing & Urban Affairs,Waste & Water,1,172.22,172.22,710.62
September_2025,Andhra Pradesh,Ministry of Petroleum & Natural Gas,Energy Storage,2,2898.34,3050.0,2322.55
September_2025,Andhra Pradesh,2322.55,Oil & Gas,5,37997.0,38057.0,33508.26
September_2025,Andhra Pradesh,Ministry of Power,Transmission & Distribution,5,13395.24,13395.2,4708.73
September_2025,Andhra Pradesh,Ministry of Railways,Railways,23,48181.47,55406.5,32751.48
September_2025,Arunachal Pradesh,Department of Higher Education,Education,1,592.61,592.61,550.22
September_2025,Arunachal Pradesh,Department of Telecommunications,Telecommunication,1,1255.49,1255.49,284.04
September_2025,Arunachal Pradesh,Ministry of Petroleum & Natural Gas,Energy Storage,1,43129.0,79459.0,60545.24
September_2025,Arunachal Pradesh,60545.24,Oil & Gas,1,9265.0,9265.0,6426.54
September_2025,Arunachal Pradesh,Ministry of Power,Electricity Generation,4,41850.64,61640.8,28863.93
September_2025,Arunachal Pradesh,28863.93,Transmission & Distribution,2,4963.8,9338.7,7598.35
September_2025,Arunachal Pradesh,Ministry of Railways,Railways,1,435.0,1250.0,540.27
September_2025,Assam,Department of Higher Education,Education,1,153.71,153.71,124.33
September_2025,Assam,Department of Telecommunications,Telecommunication,1,1255.49,1255.49,284.04
September_2025,Assam,"Department of Water Resources, River Development & GR",Water Resources,1,256.16,256.16,44.7
September_2025,Assam,Ministry of Civil Aviation,Aviation & Aviation Infrastructure,1,1712.0,1712.0,2397.37
September_2025,Assam,Ministry of Coal,Coal,2,449.23,449.23,187.07
September_2025,Assam,Ministry of Housing & Urban Affairs,Waste & Water,1,186.8,186.8,1477.98
September_2025,Assam,Ministry of Petroleum & Natural Gas,Energy Storage,3,10768.4,11947.4,9999.53
September_2025,Assam,9999.53,Oil & Gas,12,26269.15,36624.0,26216.72
September_2025,Assam,Ministry of Power,Electricity Generation,1,6285.33,26075.5,25058.77
September_2025,Assam,25058.77,Transmission & Distribution,1,5111.33,6700.0,5295.68
September_2025,Assam,Ministry of Railways,Railways,7,14593.57,16308.6,10171.81
September_2025,Bihar,Department of Higher Education,Education,1,499.21,499.21,434.67
September_2025,Bihar,Department of Telecommunications,Telecommunication,4,4220.71,3992.24,1062.37
September_2025,Bihar,"Department of Water Resources, River Development & GR",Waste & Water,5,2351.43,2351.43,1303.45
September_2025,Bihar,1303.45,Water Resources,2,2193.34,3088.88,598.72
September_2025,Bihar,Ministry of Civil Aviation,Aviation & Aviation Infrastructure,3,3541.56,3541.56,1310.96
September_2025,Bihar,Ministry of Housing & Urban Affairs,Urban Public Transport,1,13365.77,13365.8,4039.77
September_2025,Bihar,4039.77,Waste & Water,1,158.78,158.78,509.5
September_2025,Bihar,Ministry of Petroleum & Natural Gas,Energy Storage,1,10228.0,11407.0,9811.29
September_2025,Bihar,9811.29,Oil & Gas,6,24473.5,26338.2,13311.31
September_2025,Bihar,"Ministry of Ports, Shipping and Waterways",Inland Waterways,1,5369.18,5061.15,3488.6
September_2025,Bihar,Ministry of Power,Electricity Generation,1,10439.09,13756.6,12426.32
September_2025,Bihar,12426.32,Transmission & Distribution,2,751.63,751.63,1.01
September_2025,Bihar,Ministry of Railways,Railways,22,49992.05,53993.6,22667.96
September_2025,Chhattisgarh,Department of Telecommunications,Telecommunication,3,7147.17,7147.17,1835.32
September_2025,Chhattisgarh,"Department of Water Resources, River Development & GR",Water Resources,2,842.26,1109.33,616.93
September_2025,Chhattisgarh,Ministry of Coal,Coal,15,38654.89,38654.9,17713.97
September_2025,Chhattisgarh,17713.97,Railways,1,1686.22,1686.22,350.21
September_2025,Chhattisgarh,Ministry of Petroleum & Natural Gas,Oil & Gas,2,10056.25,10467.0,6625.93
September_2025,Chhattisgarh,Ministry of Power,Electricity Generation,2,25321.0,25321.0,3677.06
September_2025,Chhattisgarh,3677.06,Transmission & Distribution,1,385.84,385.84,378.74
September_2025,Chhattisgarh,Ministry of Railways,Railways,19,26865.42,28510.7,19398.32
September_2025,Chhattisgarh,Ministry of Steel,Metals & Mining,1,1700.0,1756.2,124.9
September_2025,Chhattisgarh,124.90,Steel,6,7530.14,10050.1,5400.74
September_2025,Dadra & Nagar Haveli and Daman & Diu,Ministry of Housing & Urban Affairs,Waste & Water,1,210.0,210.0,0.0
September_2025,Dadra & Nagar Haveli and Daman & Diu,Ministry of Power,Transmission & Distribution,1,4546.26,4546.26,4210.29
September_2025,Dadra & Nagar Haveli and Daman & Diu,Ministry of Railways,Railways,1,108000.0,108000.0,81242.89
September_2025,Delhi,Department of Higher Education,Education,2,706.49,709.42,304.34
September_2025,Delhi,Department of Telecommunications,Telecommunication,1,248.2,248.2,236.91
September_2025,Delhi,Ministry of Housing & Urban Affairs,Construction,1,646.53,646.52,540.04
September_2025,Delhi,540.04,Real Estate,1,32850.0,32850.0,0.0
September_2025,Delhi,0.00,Urban Public Transport,4,69853.45,69853.4,44023.66
September_2025,Delhi,Ministry of Power,Transmission & Distribution,4,4356.47,4908.47,4014.48
September_2025,Delhi,Ministry of Railways,Railways,15,28623.17,28623.2,5952.85
September_2025,Goa,Ministry of Civil Aviation,Aviation & Aviation Infrastructure,1,255.69,255.69,154.3
September_2025,Goa,Ministry of Railways,Railways,2,5804.49,6182.62,5976.87
September_2025,Gujarat,Department of Higher Education,Education,1,490.63,490.63,312.06
September_2025,Gujarat,Department of Telecommunications,Telecommunication,1,336.89,301.13,227.82
September_2025,Gujarat,"Department of Water Resources, River Development & GR",Water Resources,2,25739.93,40082.8,36815.85
September_2025,Gujarat,Ministry of Civil Aviation,Aviation & Aviation Infrastructure,1,1305.0,1551.0,696.39
September_2025,Gujarat,Ministry of Coal,Coal,1,7580.0,7580.0,3091.0
September_2025,Gujarat,3091.00,Electricity Generation,1,383.84,383.84,303.5
September_2025,Gujarat,Ministry of Housing & Urban Affairs,Real Estate,1,539.0,539.0,39.63
September_2025,Gujarat,39.63,Urban Public Transport,3,28177.49,30329.0,24213.19
September_2025,Gujarat,24213.19,Waste & Water,1,200.0,200.0,100.0
September_2025,Gujarat,Ministry of Petroleum & Natural Gas,Energy Storage,3,62245.0,98575.0,75712.08
September_2025,Gujarat,75712.08,Oil & Gas,11,32704.12,32178.7,23320.53
September_2025,Gujarat,"Ministry of Ports, Shipping and Waterways",Logistics Infrastructure,1,171.0,211.61,137.51
September_2025,Gujarat,137.51,Oil & Gas,1,100.0,225.85,166.48
September_2025,Gujarat,"Ministry of Ports, Shipping and Waterways",Shipping,1,4243.64,4243.64,70.0
September_2025,Gujarat,70.00,"Tourism, Hospitality & Wellness",1,573.0,1238.05,496.63
September_2025,Gujarat,Ministry of Power,Electricity Generation,1,339.35,339.35,317.59
September_2025,Gujarat,317.59,Transmission & Distribution,15,49807.7,49807.2,13321.24
September_2025,Gujarat,Ministry of Railways,Railways,28,186416.66,262937.0,218029.49
September_2025,Haryana,Ministry of Health & Family Welfare,Healthcare,1,1299.0,1299.0,349.41
September_2025,Haryana,Ministry of Housing & Urban Affairs,Urban Public Transport,1,6230.99,6230.99,0.78
September_2025,Haryana,0.78,Waste & Water,2,491.2,491.2,3026.7
September_2025,Haryana,Ministry of Petroleum & Natural Gas,Energy Storage,1,9028.0,9028.0,7186.98
September_2025,Haryana,7186.98,Oil & Gas,5,45925.07,49596.1,34405.1
September_2025,Haryana,Ministry of Power,Transmission & Distribution,4,13362.0,13914.0,2827.44
September_2025,Haryana,Ministry of Railways,Railways,4,53464.0,126368.0,125612.3
September_2025,Himachal Pradesh,Department of Higher Education,Education,3,811.15,921.89,591.5
September_2025,Himachal Pradesh,Department of Telecommunications,Telecommunication,1,336.89,301.13,227.82
September_2025,Himachal Pradesh,Ministry of Power,Electricity Generation,4,7728.04,12252.1,4196.71
September_2025,Himachal Pradesh,Ministry of Railways,Railways,3,17005.0,17005.1,9479.02
September_2025,Jammu and Kashmir,Department of Higher Education,Education,1,424.93,500.91,484.52
September_2025,Jammu and Kashmir,Department of Telecommunications,Telecommunication,1,336.89,301.13,227.82
September_2025,Jammu and Kashmir,Ministry of Civil Aviation,Aviation & Aviation Infrastructure,1,861.37,861.37,192.59
September_2025,Jammu and Kashmir,Ministry of Health & Family Welfare,Healthcare,1,1828.0,1828.0,1565.25
September_2025,Jammu and Kashmir,Ministry of Petroleum & Natural Gas,Energy Storage,1,676.89,715.89,535.94
September_2025,Jammu and Kashmir,535.94,Oil & Gas,2,1059.9,1059.9,209.72
September_2025,Jammu and Kashmir,Ministry of Power,Electricity Generation,4,22207.77,27945.1,12678.64
September_2025,Jammu and Kashmir,12678.64,Transmission & Distribution,3,825.43,825.43,552.11
September_2025,Jharkhand,Department of Telecommunications,Telecommunication,3,7147.17,7147.17,1835.32
September_2025,Jharkhand,"Department of Water Resources, River Development & GR",Water Resources,2,5430.04,12010.3,5713.01
September_2025,Jharkhand,Ministry of Coal,Coal,28,51354.95,51119.3,10470.97
September_2025,Jharkhand,10470.97,Railways,1,1799.64,2564.34,1462.35
September_2025,Jharkhand,Ministry of Housing & Urban Affairs,Waste & Water,3,654.14,654.14,2935.64
September_2025,Jharkhand,Ministry of Mines,Metals & Mining,2,3370.02,3370.02,19.8
September_2025,Jharkhand,Ministry of Petroleum & Natural Gas,Energy Storage,1,10228.0,11407.0,9811.29
September_2025,Jharkhand,9811.29,Oil & Gas,3,2010.07,2010.07,613.95
September_2025,Jharkhand,"Ministry of Ports, Shipping and Waterways",Inland Waterways,1,5369.18,5061.15,3488.6
September_2025,Jharkhand,Ministry of Power,Coal,2,2083.0,2365.0,911.38
September_2025,Jharkhand,911.38,Electricity Generation,2,31470.0,34660.0,19115.79
September_2025,Jharkhand,19115.79,Transmission & Distribution,1,1842.25,1842.25,1643.0
September_2025,Jharkhand,Ministry of Railways,Railways,11,40310.82,40704.8,15043.66
September_2025,Jharkhand,Ministry of Steel,Steel,6,2854.58,3572.87,1330.79
September_2025,Karnataka,Department for Promotion of Industry & Internal Trade,Real Estate,1,1701.81,1701.81,117.01
September_2025,Karnataka,Department of Higher Education,Education,1,420.41,420.41,364.44
September_2025,Karnataka,"Department of Water Resources, River Development & GR",Water Resources,1,770.16,1606.07,1515.32
September_2025,Karnataka,Ministry of Civil Aviation,Aviation & Aviation Infrastructure,3,1143.4,1143.4,535.64
September_2025,Karnataka,Ministry of Housing & Urban Affairs,Urban Public Transport,2,41193.24,45483.2,38385.84
September_2025,Karnataka,38385.84,Waste & Water,2,337.69,337.69,1461.5
September_2025,Karnataka,Ministry of Petroleum & Natural Gas,Energy Storage,1,678.0,1732.0,767.09
September_2025,Karnataka,767.09,Oil & Gas,5,9662.0,12693.6,8795.03
September_2025,Karnataka,Ministry of Power,Transmission & Distribution,6,15682.01,15682.0,3165.63
September_2025,Karnataka,Ministry of Railways,Railways,15,23023.29,29441.9,17503.36
September_2025,Karnataka,Ministry of Steel,Steel,1,1043.63,1043.63,262.34
September_2025,Kerala,Department of Higher Education,Education,1,1006.45,1217.4,632.59
September_2025,Kerala,Ministry of Civil Aviation,Aviation & Aviation Infrastructure,1,484.57,484.57,85.16
September_2025,Kerala,Ministry of Housing & Urban Affairs,Urban Public Transport,1,1957.05,1957.05,363.54
September_2025,Kerala,Ministry of Petroleum & Natural Gas,Oil & Gas,3,7996.87,10990.9,4939.69
September_2025,Kerala,"Ministry of Ports, Shipping and Waterways",Shipping,1,1799.0,1799.0,1558.39
September_2025,Kerala,Ministry of Railways,Railways,3,2846.0,5183.19,2807.21
September_2025,Ladakh,Department of Telecommunications,Telecommunication,1,336.89,301.13,227.82
September_2025,Ladakh,Ministry of Civil Aviation,Aviation & Aviation Infrastructure,1,480.0,640.0,456.22
September_2025,Ladakh,Ministry of Power,Transmission & Distribution,1,288.71,288.71,242.52
September_2025,Madhya Pradesh,Department of Higher Education,Education,1,496.28,496.28,38.62
September_2025,Madhya Pradesh,Department of Telecommunications,Telecommunication,3,3883.82,3691.11,834.55
September_2025,Madhya Pradesh,"Department of Water Resources, River Development & GR",Water Resources,3,2628.27,2941.14,2825.25
September_2025,Madhya Pradesh,Ministry of Coal,Coal,14,8634.02,8634.02,3430.25
September_2025,Madhya Pradesh,Ministry of Housing & Urban Affairs,Urban Public Transport,2,14442.2,14442.2,7713.93
September_2025,Madhya Pradesh,7713.93,Waste & Water,4,1243.05,1243.05,8721.84
September_2025,Madhya Pradesh,Ministry of Mines,Metals & Mining,1,1856.36,1856.36,935.32
September_2025,Madhya Pradesh,Ministry of Petroleum & Natural Gas,Energy Storage,1,10088.0,10088.0,7979.86
September_2025,Madhya Pradesh,7979.86,Oil & Gas,2,51211.25,51622.0,8523.0
September_2025,Madhya Pradesh,Ministry of Power,Transmission & Distribution,6,17446.0,17446.0,3446.38
September_2025,Madhya Pradesh,Ministry of Railways,Railways,19,58468.02,72465.1,43219.83
September_2025,Maharashtra,Department of Higher Education,Education,2,250.33,446.26,168.39
September_2025,Maharashtra,Department of Telecommunications,Telecommunication,4,7608.59,7608.59,2001.34
September_2025,Maharashtra,"Department of Water Resources, River Development & GR",Water Resources,11,22660.36,32345.7,33603.52
September_2025,Maharashtra,Ministry of Civil Aviation,Aviation & Aviation Infrastructure,1,500.48,500.48,332.26
September_2025,Maharashtra,Ministry of Coal,Coal,25,12455.88,12455.9,3092.43
September_2025,Maharashtra,Ministry of Housing & Urban Affairs,Urban Public Transport,7,46771.57,60911.6,33377.4
September_2025,Maharashtra,33377.40,Waste & Water,5,1088.72,1088.72,7594.4
September_2025,Maharashtra,Ministry of Petroleum & Natural Gas,Energy Storage,1,281.35,389.67,234.6
September_2025,Maharashtra,234.60,Oil & Gas,13,34264.24,37660.4,21065.98
September_2025,Maharashtra,"Ministry of Ports, Shipping and Waterways",Healthcare,1,693.0,693.0,58.0
September_2025,Maharashtra,58.00,Shipping,2,6900.0,6900.0,6064.89
September_2025,Maharashtra,Ministry of Power,Transmission & Distribution,3,29589.67,29589.7,6092.55
September_2025,Maharashtra,Ministry of Railways,Railways,34,262485.75,354459.0,263737.65
September_2025,Manipur,"Department of Water Resources, River Development & GR",Water Resources,1,1449.44,1822.24,1837.91
September_2025,Manipur,Ministry of Civil Aviation,Aviation & Aviation Infrastructure,1,499.0,499.0,154.43
September_2025,Manipur,Ministry of Petroleum & Natural Gas,Oil & Gas,1,9265.0,9265.0,6426.54
September_2025,Manipur,Ministry of Power,Transmission & Distribution,1,5111.33,6700.0,5295.68
September_2025,Manipur,Ministry of Railways,Railways,1,14323.0,21885.9,15598.11
September_2025,Meghalaya,Department of Higher Education,Education,1,494.52,494.52,413.57
September_2025,Meghalaya,Department of Telecommunications,Telecommunication,1,971.96,971.96,208.25
September_2025,Meghalaya,Ministry of Petroleum & Natural Gas,Oil & Gas,1,9265.0,9265.0,6426.54
September_2025,Meghalaya,Ministry of Power,Transmission & Distribution,1,5111.33,6700.0,5295.68
September_2025,Mizoram,Department of Higher Education,Education,1,474.23,474.23,167.55
September_2025,Mizoram,Ministry of Petroleum & Natural Gas,Oil & Gas,1,9265.0,9265.0,6426.54
September_2025,Mizoram,Ministry of Power,Transmission & Distribution,1,5111.33,6700.0,5295.68
September_2025,Nagaland,Department of Higher Education,Education,1,275.63,275.63,261.24
September_2025,Nagaland,Ministry of Petroleum & Natural Gas,Oil & Gas,2,9492.62,9492.62,6435.88
September_2025,Nagaland,Ministry of Power,Transmission & Distribution,1,5111.33,6700.0,5295.68
September_2025,Nagaland,Ministry of Railways,Railways,2,8786.7,8786.7,5532.06
September_2025,Odisha,Department of Higher Education,Education,1,1229.32,773.76,837.04
September_2025,Odisha,Department of Telecommunications,Telecommunication,3,7147.17,7147.17,1835.32
September_2025,Odisha,"Department of Water Resources, River Development & GR",Water Resources,2,1556.46,5291.33,5342.49
September_2025,Odisha,Ministry of Coal,Coal,12,36526.28,34218.0,13055.11
September_2025,Odisha,13055.11,Electricity Generation,1,27212.96,27213.0,2517.13
September_2025,Odisha,Ministry of Mines,Metals & Mining,5,7343.97,9724.14,5167.84
September_2025,Odisha,Ministry of Petroleum & Natural Gas,Energy Storage,2,12886.34,14217.0,12084.27
September_2025,Odisha,12084.27,Oil & Gas,5,25285.44,23768.5,15972.39
September_2025,Odisha,"Ministry of Ports, Shipping and Waterways",Shipping,1,3004.63,3004.63,1149.79
September_2025,Odisha,Ministry of Power,Electricity Generation,1,11843.75,12543.0,4574.68
September_2025,Odisha,4574.68,Transmission & Distribution,1,342.69,342.69,0.7
September_2025,Odisha,Ministry of Railways,Railways,21,38899.99,43632.0,32329.67
September_2025,Odisha,32329.67,Railways,1,267.61,267.61,0.0
September_2025,Odisha,Ministry of Steel,Steel,1,1105.23,1105.23,769.08
September_2025,Puducherry,Department of Higher Education,Education,1,618.34,544.34,509.55
September_2025,Puducherry,Ministry of Railways,Railways,1,713.0,981.0,598.38
September_2025,Punjab,Department of Higher Education,Education,2,559.3,559.3,300.39
September_2025,Punjab,"Department of Water Resources, River Development & GR",Water Resources,2,3727.07,5177.86,5072.69
September_2025,Punjab,Ministry of Housing & Urban Affairs,Waste & Water,2,545.53,545.53,1842.39
September_2025,Punjab,Ministry of Petroleum & Natural Gas,Oil & Gas,6,13060.36,13090.4,8400.69
September_2025,Punjab,Ministry of Power,Transmission & Distribution,1,5969.0,5969.0,344.41
September_2025,Punjab,Ministry of Railways,Railways,3,15702.64,15703.0,9091.19
September_2025,Rajasthan,Department of Telecommunications,Telecommunication,2,758.54,530.07,362.33
September_2025,Rajasthan,Ministry of Civil Aviation,Aviation & Aviation Infrastructure,2,1367.0,1367.0,680.64
September_2025,Rajasthan,Ministry of Coal,Electricity Generation,1,1813.0,1813.0,1038.13
September_2025,Rajasthan,Ministry of Petroleum & Natural Gas,Energy Storage,3,52618.05,88948.1,67860.06
September_2025,Rajasthan,67860.06,Oil & Gas,2,10599.0,10599.0,6653.1
September_2025,Rajasthan,Ministry of Power,Electricity Generation,1,5491.89,5491.89,5009.15
September_2025,Rajasthan,5009.15,Transmission & Distribution,22,53646.51,54198.2,18830.67
September_2025,Rajasthan,Ministry of Railways,Railways,23,88639.51,164210.0,139887.44
September_2025,Sikkim,Department of Higher Education,Education,2,999.82,924.82,359.78
September_2025,Sikkim,Ministry of Civil Aviation,Aviation & Aviation Infrastructure,1,323.26,323.26,34.3
September_2025,Sikkim,Ministry of Petroleum & Natural Gas,Oil & Gas,1,9265.0,9265.0,6426.54
September_2025,Sikkim,Ministry of Power,Electricity Generation,2,6686.33,7576.15,6102.42
September_2025,Sikkim,6102.42,Transmission & Distribution,1,4754.42,9129.32,7598.33
September_2025,Sikkim,Ministry of Railways,Railways,1,7877.0,12133.0,9039.91
September_2025,Tamil Nadu,Ministry of Civil Aviation,Aviation & Aviation Infrastructure,1,1207.0,1207.0,164.13
September_2025,Tamil Nadu,Ministry of Coal,Electricity Generation,1,218.03,218.03,161.73
September_2025,Tamil Nadu,Ministry of Housing & Urban Affairs,Inland Waterways,1,63246.0,63246.0,27456.44
September_2025,Tamil Nadu,Ministry of Mines,Metals & Mining,1,166.0,166.0,135.0
September_2025,Tamil Nadu,Ministry of Petroleum & Natural Gas,Energy Storage,3,2334.0,3448.71,1721.14
September_2025,Tamil Nadu,1721.14,Oil & Gas,4,38385.0,46153.0,6084.92
September_2025,Tamil Nadu,Ministry of Power,Transmission & Distribution,1,548.0,548.0,23.72
September_2025,Tamil Nadu,Ministry of Railways,Railways,7,8370.7,11489.7,5801.3
September_2025,Telangana,Department of Higher Education,Education,1,262.0,262.0,178.17
September_2025,Telangana,Department of Telecommunications,Telecommunication,3,3923.59,3923.59,866.06
September_2025,Telangana,"Department of Water Resources, River Development & GR",Water Resources,4,11670.14,24129.6,11830.43
September_2025,Telangana,Ministry of Civil Aviation,Aviation & Aviation Infrastructure,1,500.48,500.48,332.26
September_2025,Telangana,Ministry of Coal,Coal,9,3890.03,3890.03,2473.74
September_2025,Telangana,Ministry of Health & Family Welfare,Healthcare,1,1028.0,1365.95,821.99
September_2025,Telangana,Ministry of Housing & Urban Affairs,Construction,1,644.0,644.0,87.6
September_2025,Telangana,Ministry of Power,Transmission & Distribution,2,5694.56,5694.56,4573.22
September_2025,Telangana,Ministry of Railways,Railways,9,16396.23,20160.2,9819.59
September_2025,Tripura,Ministry of Petroleum & Natural Gas,Energy Storage,1,656.0,656.0,483.9
September_2025,Tripura,483.90,Oil & Gas,2,9474.33,9396.51,6495.44
September_2025,Tripura,Ministry of Power,Transmission & Distribution,1,5111.33,6700.0,5295.68
September_2025,Uttar Pradesh,Department of Higher Education,Education,1,246.0,246.0,194.14
September_2025,Uttar Pradesh,Department of Telecommunications,Telecommunication,4,4220.71,3992.24,1062.37
September_2025,Uttar Pradesh,"Department of Water Resources, River Development & GR",Waste & Water,2,1532.96,1532.96,243.43
September_2025,Uttar Pradesh,243.43,Water Resources,3,2953.27,6309.81,4437.48
September_2025,Uttar Pradesh,Ministry of Civil Aviation,Aviation & Aviation Infrastructure,5,7268.31,7323.51,17006.35
September_2025,Uttar Pradesh,Ministry of Coal,Coal,2,1328.09,1328.09,1042.0
September_2025,Uttar Pradesh,1042.00,Electricity Generation,1,17237.8,21780.9,20510.47
September_2025,Uttar Pradesh,Ministry of Housing & Urban Affairs,Urban Public Transport,3,49730.1,49730.1,41757.77
September_2025,Uttar Pradesh,Ministry of Housing & Urban Affairs,Waste & Water,2,797.47,797.47,4818.74
September_2025,Uttar Pradesh,Ministry of Petroleum & Natural Gas,Energy Storage,2,11068.45,11068.5,8200.83
September_2025,Uttar Pradesh,8200.83,Oil & Gas,3,17824.68,18213.1,1620.78
September_2025,Uttar Pradesh,"Ministry of Ports, Shipping and Waterways",Inland Waterways,1,5369.18,5061.15,3488.6
September_2025,Uttar Pradesh,Ministry of Power,Electricity Generation,2,28284.42,30471.2,14804.23
September_2025,Uttar Pradesh,14804.23,Transmission & Distribution,3,8114.81,8114.81,1975.1
September_2025,Uttar Pradesh,Ministry of Railways,Railways,28,93991.92,168618.0,148347.6
September_2025,Uttarakhand,Department of Higher Education,Education,1,650.85,650.85,195.52
September_2025,Uttarakhand,"Department of Water Resources, River Development & GR",Water Resources,1,2584.1,2584.1,968.52
September_2025,Uttarakhand,Ministry of Housing & Urban Affairs,Real Estate,1,150.97,150.97,18.95
September_2025,Uttarakhand,Ministry of Power,Electricity Generation,3,11663.95,26070.0,20568.54
September_2025,Uttarakhand,Ministry of Railways,Railways,1,38953.0,38953.0,24645.15
September_2025,West Bengal,Department of Higher Education,Education,1,500.0,442.0,383.6
September_2025,West Bengal,Department of Telecommunications,Telecommunication,2,3462.17,3462.17,700.04
September_2025,West Bengal,"Department of Water Resources, River Development & GR",Waste & Water,1,154.73,154.73,96.17
September_2025,West Bengal,Ministry of Civil Aviation,Aviation & Aviation Infrastructure,2,1877.3,1877.3,398.12
September_2025,West Bengal,Ministry of Coal,Coal,13,15863.74,15863.7,2832.85
September_2025,West Bengal,Ministry of Mines,Construction,1,255.37,255.37,83.03
September_2025,West Bengal,Ministry of Petroleum & Natural Gas,Energy Storage,1,10228.0,11407.0,9811.29
September_2025,West Bengal,9811.29,Oil & Gas,8,18159.65,19007.2,11428.96
September_2025,West Bengal,"Ministry of Ports, Shipping and Waterways",Inland Waterways,1,5369.18,5061.15,3488.6
September_2025,West Bengal,3488.60,Shipping,2,551.91,551.91,429.28
September_2025,West Bengal,Ministry of Power,Electricity Generation,3,20091.84,20160.8,3773.75
September_2025,West Bengal,3773.75,Transmission & Distribution,2,751.63,751.63,1.01
September_2025,West Bengal,Ministry of Railways,Railways,14,46167.32,56739.3,33671.35
September_2025,West Bengal,Ministry of Steel,Steel,5,4214.67,4214.67,452.3
December_2025,Offshore,Ministry of Petroleum & Natural Gas,Oil & Gas,6,19714.58,22972.8,12511.42
December_2025,Offshore,"Ministry of Ports, Shipping and Waterways",Inland Waterways,1,177.0,197.0,383.41
December_2025,Offshore,Ministry of Railways,Railways,1,819.0,819.0,580.51
December_2025,PAN India,Department of Telecommunications,Telecommunication,5,141080.68,263402.0,73544.16
December_2025,PAN India,Ministry of Railways,Railways,1,274.39,274.39,0.0
December_2025,Andaman & Nicobar,Ministry of Housing & Urban Affairs,Real Estate,1,209.88,209.88,0.0
December_2025,Andhra Pradesh,Department for Promotion of Industry & Internal Trade,Real Estate,1,2139.44,2139.44,568.22
December_2025,Andhra Pradesh,Department of Higher Education,Education,1,305.0,305.0,51.33
December_2025,Andhra Pradesh,Department of Telecommunications,Telecommunication,3,7147.17,7147.17,2369.02
December_2025,Andhra Pradesh,"Department of Water Resources, River Development & GR",Water Resources,3,10901.5,57269.5,27321.88
December_2025,Andhra Pradesh,Ministry of Civil Aviation,Aviation & Aviation Infrastructure,3,1224.86,1224.86,741.32
December_2025,Andhra Pradesh,Ministry of Housing & Urban Affairs,Waste & Water,1,172.22,172.22,88.86
December_2025,Andhra Pradesh,Ministry of Labour and Employment,Healthcare,1,384.27,384.27,167.37
December_2025,Andhra Pradesh,Ministry of Petroleum & Natural Gas,Energy Storage,2,2898.34,3050.0,2417.92
December_2025,Andhra Pradesh,2417.92,Oil & Gas,4,37804.0,37864.0,32778.98
December_2025,Andhra Pradesh,Ministry of Power,Transmission & Distribution,6,17931.23,17931.2,5796.55
December_2025,Andhra Pradesh,Ministry of Railways,Railways,25,47518.61,55475.5,33329.05
December_2025,Andhra Pradesh,Ministry of Road Transport & Highways,Roads & Highways,52,48187.47,47907.5,16351.06
December_2025,Arunachal Pradesh,Department of Higher Education,Education,1,592.61,592.61,550.61
December_2025,Arunachal Pradesh,Department of Telecommunications,Telecommunication,1,1255.49,1255.49,299.02
December_2025,Arunachal Pradesh,Ministry of Petroleum & Natural Gas,Oil & Gas,1,9265.0,9265.0,6622.0
December_2025,Arunachal Pradesh,Ministry of Power,Electricity Generation,4,41850.64,61640.8,29708.73
December_2025,Arunachal Pradesh,29708.73,Transmission & Distribution,2,4963.8,9338.7,7809.26
December_2025,Arunachal Pradesh,Ministry of Railways,Railways,1,435.0,1250.0,805.31
December_2025,Arunachal Pradesh,Ministry of Road Transport & Highways,Roads & Highways,6,3335.98,3296.08,457.02
December_2025,Assam,Department of Higher Education,Education,1,153.71,153.71,125.03
December_2025,Assam,Department of Telecommunications,Telecommunication,1,1255.49,1255.49,299.02
December_2025,Assam,"Department of Water Resources, River Development & GR",Water Resources,1,256.16,256.16,44.7
December_2025,Assam,Ministry of Civil Aviation,Aviation & Aviation Infrastructure,1,1712.0,2520.0,2514.59
December_2025,Assam,Ministry of Coal,Coal,2,449.23,449.23,187.08
December_2025,Assam,Ministry of Labour and Employment,Healthcare,1,143.23,154.75,116.08
December_2025,Assam,Ministry of Petroleum & Natural Gas,Energy Storage,3,10768.4,11947.4,10513.11
December_2025,Assam,10513.11,Oil & Gas,14,27584.43,37939.2,27750.59
December_2025,Assam,Ministry of Power,Electricity Generation,1,6285.33,26075.5,25718.57
December_2025,Assam,25718.57,Transmission & Distribution,1,5111.33,6700.0,5442.41
December_2025,Assam,Ministry of Railways,Railways,8,18227.15,19942.2,10778.28
December_2025,Assam,Ministry of Road Transport & Highways,Roads & Highways,32,26070.92,25618.5,1812.54
December_2025,Bihar,Department of Higher Education,Education,1,499.21,499.21,445.97
December_2025,Bihar,Department of Telecommunications,Telecommunication,4,4220.71,3992.24,1417.07
December_2025,Bihar,"Department of Water Resources, River Development & GR",Waste & Water,5,2351.43,2351.43,1303.45
December_2025,Bihar,1303.45,Water Resources,2,2193.34,3088.88,614.84
December_2025,Bihar,Ministry of Civil Aviation,Aviation & Aviation Infrastructure,3,3541.56,3541.56,1425.64
December_2025,Bihar,Ministry of Health & Family Welfare,Healthcare,1,1264.0,1264.0,0.0
December_2025,Bihar,Ministry of Housing & Urban Affairs,Urban Public Transport,1,13365.77,13365.8,4670.21
December_2025,Bihar,4670.21,Waste & Water,1,158.78,158.78,69.52
December_2025,Bihar,Ministry of Petroleum & Natural Gas,Energy Storage,1,10228.0,11407.0,10270.18
December_2025,Bihar,10270.18,Oil & Gas,7,25153.5,27018.2,13941.35
December_2025,Bihar,"Ministry of Ports, Shipping and Waterways",Inland Waterways,1,5369.18,5061.15,3717.08
December_2025,Bihar,Ministry of Power,Electricity Generation,1,10439.09,13756.6,12911.13
December_2025,Bihar,12911.13,Transmission & Distribution,3,3119.63,3119.63,10.25
December_2025,Bihar,Ministry of Railways,Railways,22,50016.25,54484.6,76561.12
December_2025,Bihar,Ministry of Road Transport & Highways,Roads & Highways,44,50936.38,48685.1,13684.01
December_2025,Chhattisgarh,Department of Higher Education,Education,1,1188.97,1188.97,0.0
December_2025,Chhattisgarh,Department of Telecommunications,Telecommunication,3,7147.17,7147.17,2369.02
December_2025,Chhattisgarh,"Department of Water Resources, River Development & GR",Water Resources,2,842.26,1109.33,855.96
December_2025,Chhattisgarh,Ministry of Coal,Coal,12,30153.29,30153.3,12431.78
December_2025,Chhattisgarh,12431.78,Railways,1,1686.22,1686.22,484.26
December_2025,Chhattisgarh,Ministry of Petroleum & Natural Gas,Oil & Gas,3,10613.29,11024.0,6993.27
December_2025,Chhattisgarh,Ministry of Power,Electricity Generation,2,25321.0,25897.0,4552.6
December_2025,Chhattisgarh,Ministry of Railways,Railways,20,36771.79,41215.9,20642.99
December_2025,Chhattisgarh,Ministry of Road Transport & Highways,Roads & Highways,11,8367.23,9174.44,3554.3
December_2025,Chhattisgarh,Ministry of Steel,Metals & Mining,1,1700.0,1756.2,155.07
December_2025,Chhattisgarh,155.07,Steel,6,7530.14,10050.1,5830.53
December_2025,Dadra & Nagar Haveli and Daman & Diu,Ministry of Housing & Urban Affairs,Waste & Water,1,210.0,210.0,0.0
December_2025,Dadra & Nagar Haveli and Daman & Diu,Ministry of Power,Transmission & Distribution,1,4546.26,4546.26,4358.49
December_2025,Dadra & Nagar Haveli and Daman & Diu,Ministry of Railways,Railways,1,108000.0,108000.0,85337.89
December_2025,Delhi,Department of Higher Education,Education,2,706.49,709.42,325.28
December_2025,Delhi,Department of Telecommunications,Telecommunication,1,248.2,248.2,236.91
December_2025,Delhi,Ministry of Health & Family Welfare,Healthcare,2,4799.19,4799.19,24.68
December_2025,Delhi,Ministry of Housing & Urban Affairs,Real Estate,1,32850.0,32850.0,0.0
December_2025,Delhi,0.00,Urban Public Transport,4,69853.45,69853.4,45842.54
December_2025,Delhi,Ministry of Power,Transmission & Distribution,2,2331.0,2331.0,1708.24
December_2025,Delhi,Ministry of Railways,Railways,5,19348.46,19348.5,1225.05
December_2025,Delhi,Ministry of Road Transport & Highways,Roads & Highways,2,3557.38,4713.79,3143.96
December_2025,Goa,Ministry of Civil Aviation,Aviation & Aviation Infrastructure,1,255.69,255.69,154.3
December_2025,Goa,Ministry of Railways,Railways,2,5804.49,6182.62,6420.85
December_2025,Goa,Ministry of Road Transport & Highways,Roads & Highways,2,868.22,790.9,102.44
December_2025,Gujarat,Department of Higher Education,Education,1,490.63,490.63,316.05
December_2025,Gujarat,Department of Telecommunications,Telecommunication,1,336.89,301.13,237.19
December_2025,Gujarat,"Department of Water Resources, River Development & GR",Water Resources,2,25739.93,40082.8,36817.84
December_2025,Gujarat,Ministry of Civil Aviation,Aviation & Aviation Infrastructure,1,1305.0,1551.0,739.77
December_2025,Gujarat,Ministry of Coal,Electricity Generation,4,5421.78,5421.78,1531.38
December_2025,Gujarat,Ministry of Health & Family Welfare,Healthcare,1,1195.0,1195.0,774.6
December_2025,Gujarat,Ministry of Housing & Urban Affairs,Real Estate,1,539.0,539.0,39.63
December_2025,Gujarat,39.63,Urban Public Transport,3,28177.49,30329.0,25315.14
December_2025,Gujarat,25315.14,Waste & Water,1,200.0,200.0,100.0
December_2025,Gujarat,Ministry of Labour and Employment,Healthcare,3,973.35,973.35,290.3
December_2025,Gujarat,Ministry of Petroleum & Natural Gas,Energy Storage,3,19472.86,19420.4,15702.67
December_2025,Gujarat,15702.67,Oil & Gas,11,32704.12,32296.3,24180.17
December_2025,Gujarat,"Ministry of Ports, Shipping and Waterways",Shipping,3,4514.64,4681.1,1287.01
December_2025,Gujarat,1287.01,"Tourism, Hospitality & Wellness",1,573.0,1238.05,545.51
December_2025,Gujarat,Ministry of Power,Electricity Generation,1,339.35,339.35,317.59
December_2025,Gujarat,317.59,Transmission & Distribution,14,48255.1,48255.1,13027.5
December_2025,Gujarat,Ministry of Railways,Railways,26,186558.1,263078.0,222820.9
December_2025,Gujarat,Ministry of Road Transport & Highways,Roads & Highways,20,21459.77,26094.4,15619.11
December_2025,Haryana,Ministry of Health & Family Welfare,Healthcare,1,1299.0,1646.43,479.98
December_2025,Haryana,Ministry of Housing & Urban Affairs,Urban Public Transport,1,6230.99,6230.99,72.43
December_2025,Haryana,72.43,Waste & Water,2,491.2,491.2,387.03
December_2025,Haryana,Ministry of Petroleum & Natural Gas,Energy Storage,1,9028.0,9028.0,7394.54
December_2025,Haryana,7394.54,Oil & Gas,5,45925.07,49596.1,37642.94
December_2025,Haryana,Ministry of Power,Transmission & Distribution,3,11696.0,11696.0,1644.8
December_2025,Haryana,Ministry of Railways,Railways,4,53464.0,126368.0,125687.83
December_2025,Haryana,Ministry of Road Transport & Highways,Roads & Highways,8,9252.0,9548.4,4122.25
December_2025,Himachal Pradesh,Department of Higher Education,Education,3,811.15,921.89,652.55
December_2025,Himachal Pradesh,Department of Telecommunications,Telecommunication,1,336.89,301.13,237.19
December_2025,Himachal Pradesh,Ministry of Power,Electricity Generation,4,7728.04,13783.7,4389.81
December_2025,Himachal Pradesh,Ministry of Railways,Railways,3,17005.0,17005.1,97254.21
December_2025,Himachal Pradesh,Ministry of Road Transport & Highways,Roads & Highways,13,9084.05,10926.2,3825.83
December_2025,Jammu and Kashmir,Department of Higher Education,Education,1,424.93,500.91,484.52
December_2025,Jammu and Kashmir,Department of Telecommunications,Telecommunication,1,336.89,301.13,237.19
December_2025,Jammu and Kashmir,Ministry of Civil Aviation,Aviation & Aviation Infrastructure,1,861.37,861.37,248.88
December_2025,Jammu and Kashmir,Ministry of Health & Family Welfare,Healthcare,1,1828.0,2160.84,1491.97
December_2025,Jammu and Kashmir,Ministry of Petroleum & Natural Gas,Energy Storage,1,676.89,715.89,576.69
December_2025,Jammu and Kashmir,576.69,Oil & Gas,2,1059.9,1059.9,253.81
December_2025,Jammu and Kashmir,Ministry of Power,Electricity Generation,4,22207.77,27945.1,13958.9
December_2025,Jammu and Kashmir,13958.90,Transmission & Distribution,1,218.6,218.6,2.71
December_2025,Jammu and Kashmir,Ministry of Road Transport & Highways,Roads & Highways,21,23044.71,22716.7,8785.51
December_2025,Jharkhand,Department of Telecommunications,Telecommunication,3,7147.17,7147.17,2369.02
December_2025,Jharkhand,"Department of Water Resources, River Development & GR",Water Resources,2,5430.04,12010.3,5957.45
December_2025,Jharkhand,Ministry of Coal,Coal,28,51354.95,51119.3,10763.01
December_2025,Jharkhand,10763.01,Railways,1,1799.64,2564.34,1489.74
December_2025,Jharkhand,Ministry of Housing & Urban Affairs,Waste & Water,3,654.14,654.14,403.16
December_2025,Jharkhand,Ministry of Petroleum & Natural Gas,Energy Storage,1,10228.0,11407.0,10270.18
December_2025,Jharkhand,Ministry of Petroleum & Natural Gas,Oil & Gas,3,2010.07,2010.07,640.9
December_2025,Jharkhand,"Ministry of Ports, Shipping and Waterways",Inland Waterways,1,5369.18,5061.15,3717.08
December_2025,Jharkhand,Ministry of Power,Coal,2,2083.0,2365.0,987.47
December_2025,Jharkhand,987.47,Electricity Generation,2,33026.0,34660.0,19704.88
December_2025,Jharkhand,19704.88,Transmission & Distribution,1,1842.25,1842.25,1648.05
December_2025,Jharkhand,Ministry of Railways,Railways,14,46589.07,47449.7,15276.82
December_2025,Jharkhand,Ministry of Road Transport & Highways,Roads & Highways,18,22680.79,22167.5,10121.82
December_2025,Jharkhand,Ministry of Steel,Steel,6,2854.58,3572.87,1559.19
December_2025,Karnataka,Department for Promotion of Industry & Internal Trade,Real Estate,1,1701.81,1701.81,184.16
December_2025,Karnataka,"Department of Water Resources, River Development & GR",Water Resources,1,770.16,1606.07,1515.32
December_2025,Karnataka,Ministry of Civil Aviation,Aviation & Aviation Infrastructure,3,1143.4,1143.4,599.57
December_2025,Karnataka,Ministry of Housing & Urban Affairs,Urban Public Transport,2,41193.24,45483.2,39001.19
December_2025,Karnataka,39001.19,Waste & Water,2,337.69,337.69,178.89
December_2025,Karnataka,Ministry of Labour and Employment,Healthcare,2,428.92,428.92,235.37
December_2025,Karnataka,Ministry of Petroleum & Natural Gas,Energy Storage,1,678.0,1732.0,893.48
December_2025,Karnataka,893.48,Oil & Gas,5,9662.0,12693.6,9114.41
December_2025,Karnataka,"Ministry of Ports, Shipping and Waterways",Shipping,1,153.23,153.23,24.0
December_2025,Karnataka,Ministry of Power,Transmission & Distribution,9,21604.0,21604.0,4676.94
December_2025,Karnataka,Ministry of Railways,Railways,18,41130.29,47548.9,20460.0
December_2025,Karnataka,Ministry of Road Transport & Highways,Roads & Highways,24,20248.82,19697.4,10444.14
December_2025,Karnataka,Ministry of Steel,Steel,1,1043.63,1043.63,375.39
December_2025,Kerala,Department of Higher Education,Education,2,2533.45,2744.4,673.2
December_2025,Kerala,Ministry of Civil Aviation,Aviation & Aviation Infrastructure,1,484.57,484.57,116.14
December_2025,Kerala,Ministry of Housing & Urban Affairs,Urban Public Transport,1,1957.05,1957.05,516.92
December_2025,Kerala,Ministry of Petroleum & Natural Gas,Oil & Gas,4,9126.87,11871.0,5597.6
December_2025,Kerala,Ministry of Railways,Railways,3,2846.0,5183.64,2930.14
December_2025,Kerala,Ministry of Road Transport & Highways,Roads & Highways,15,41724.33,44771.7,13485.33
December_2025,Ladakh,Department of Telecommunications,Telecommunication,1,336.89,301.13,237.19
December_2025,Ladakh,Ministry of Civil Aviation,Aviation & Aviation Infrastructure,1,480.0,640.0,484.6
December_2025,Ladakh,Ministry of Road Transport & Highways,Roads & Highways,3,1184.27,1184.27,0.0
December_2025,Madhya Pradesh,Department of Higher Education,Education,1,496.28,496.28,56.35
December_2025,Madhya Pradesh,Department of Telecommunications,Telecommunication,3,3883.82,3691.11,1179.88
December_2025,Madhya Pradesh,"Department of Water Resources, River Development & GR",Water Resources,3,2628.27,2941.14,2982.68
December_2025,Madhya Pradesh,Ministry of Coal,Coal,14,8634.02,8634.02,3543.56
December_2025,Madhya Pradesh,Ministry of Housing & Urban Affairs,Urban Public Transport,2,14442.2,14442.2,8262.56
December_2025,Madhya Pradesh,8262.56,Waste & Water,4,1243.05,1267.38,1124.28
December_2025,Madhya Pradesh,Ministry of Mines,Metals & Mining,1,1856.36,1856.36,950.94
December_2025,Madhya Pradesh,Ministry of Petroleum & Natural Gas,Energy Storage,1,10088.0,10088.0,8217.69
December_2025,Madhya Pradesh,8217.69,Oil & Gas,3,53003.25,53414.0,9840.1
December_2025,Madhya Pradesh,Ministry of Power,Electricity Generation,1,20446.0,20446.0,1145.83
December_2025,Madhya Pradesh,1145.83,Transmission & Distribution,7,17765.0,17765.0,4705.14
December_2025,Madhya Pradesh,Ministry of Railways,Railways,19,58468.02,72465.1,46251.5
December_2025,Madhya Pradesh,Ministry of Road Transport & Highways,Roads & Highways,18,11067.7,11053.4,4005.01
December_2025,Maharashtra,Department of Telecommunications,Telecommunication,4,7608.59,7608.59,2535.04
December_2025,Maharashtra,"Department of Water Resources, River Development & GR",Water Resources,11,22660.36,32345.7,34616.74
December_2025,Maharashtra,Ministry of Civil Aviation,Aviation & Aviation Infrastructure,1,500.48,500.48,348.09
December_2025,Maharashtra,Ministry of Coal,Coal,25,12455.88,12455.9,2875.77
December_2025,Maharashtra,Ministry of Housing & Urban Affairs,Urban Public Transport,9,60255.66,74395.7,34603.37
December_2025,Maharashtra,34603.37,Waste & Water,4,814.94,814.94,662.68
December_2025,Maharashtra,Ministry of Labour and Employment,Healthcare,3,884.31,886.08,606.6
December_2025,Maharashtra,Ministry of Petroleum & Natural Gas,Energy Storage,1,281.35,389.67,249.5
December_2025,Maharashtra,249.50,Oil & Gas,11,32676.16,35504.2,20955.37
December_2025,Maharashtra,"Ministry of Ports, Shipping and Waterways",Healthcare,1,693.0,693.0,58.0
December_2025,Maharashtra,58.00,Shipping,2,6900.0,6900.0,6064.89
December_2025,Maharashtra,Ministry of Power,Transmission & Distribution,4,30596.67,30596.7,6459.46
December_2025,Maharashtra,Ministry of Railways,Railways,34,267898.34,358579.0,272544.48
December_2025,Maharashtra,Ministry of Road Transport & Highways,Roads & Highways,52,49332.36,49549.1,14283.95
December_2025,Manipur,Department of Sports,Education,1,906.47,611.74,565.17
December_2025,Manipur,"Department of Water Resources, River Development & GR",Water Resources,1,1449.44,1822.24,1837.91
December_2025,Manipur,Ministry of Civil Aviation,Aviation & Aviation Infrastructure,1,499.0,499.0,160.06
December_2025,Manipur,Ministry of Petroleum & Natural Gas,Oil & Gas,1,9265.0,9265.0,6622.0
December_2025,Manipur,Ministry of Power,Transmission & Distribution,1,5111.33,6700.0,5442.41
December_2025,Manipur,Ministry of Railways,Railways,1,14323.0,21885.9,15824.48
December_2025,Manipur,Ministry of Road Transport & Highways,Roads & Highways,22,8432.41,8432.41,4453.04
December_2025,Meghalaya,Department of Higher Education,Education,1,494.52,429.7,426.07
December_2025,Meghalaya,Department of Telecommunications,Telecommunication,1,971.96,971.96,215.36
December_2025,Meghalaya,Ministry of Petroleum & Natural Gas,Oil & Gas,1,9265.0,9265.0,6622.0
December_2025,Meghalaya,Ministry of Power,Transmission & Distribution,1,5111.33,6700.0,5442.41
December_2025,Meghalaya,Ministry of Road Transport & Highways,Roads & Highways,9,4138.06,4138.06,182.58
December_2025,Mizoram,Department of Higher Education,Education,1,474.23,474.23,167.55
December_2025,Mizoram,Ministry of Petroleum & Natural Gas,Energy Storage,1,225.71,225.71,16.32
December_2025,Mizoram,16.32,Oil & Gas,1,9265.0,9265.0,6622.0
December_2025,Mizoram,Ministry of Power,Transmission & Distribution,1,5111.33,6700.0,5442.41
December_2025,Mizoram,Ministry of Road Transport & Highways,Roads & Highways,11,6992.95,7137.51,587.89
December_2025,Nagaland,Department of Higher Education,Education,1,275.63,275.63,261.7
December_2025,Nagaland,Ministry of Petroleum & Natural Gas,Oil & Gas,2,9492.62,9492.62,6637.85
December_2025,Nagaland,Ministry of Power,Transmission & Distribution,1,5111.33,6700.0,5442.41
December_2025,Nagaland,Ministry of Railways,Railways,2,8786.7,8786.7,5842.09
December_2025,Nagaland,Ministry of Road Transport & Highways,Roads & Highways,18,5867.05,6421.1,228.62
December_2025,Odisha,Department of Higher Education,Education,1,1229.32,843.09,835.6
December_2025,Odisha,Department of Telecommunications,Telecommunication,3,7147.17,7147.17,2369.02
December_2025,Odisha,"Department of Water Resources, River Development & GR",Water Resources,2,1556.46,5291.33,5427.87
December_2025,Odisha,Ministry of Coal,Coal,13,37048.73,34740.4,13642.46
December_2025,Odisha,13642.46,Electricity Generation,1,27212.96,27213.0,2607.89
December_2025,Odisha,Ministry of Labour and Employment,Healthcare,1,164.6,164.6,16.4
December_2025,Odisha,Ministry of Mines,Metals & Mining,4,6322.0,8702.17,5679.97
December_2025,Odisha,Ministry of Petroleum & Natural Gas,Energy Storage,2,12886.34,14217.0,12553.16
December_2025,Odisha,12553.16,Oil & Gas,6,25800.35,24283.5,16656.64
December_2025,Odisha,"Ministry of Ports, Shipping and Waterways",Shipping,1,3004.63,3004.63,1277.52
December_2025,Odisha,Ministry of Power,Electricity Generation,1,11843.75,12543.0,5347.06
December_2025,Odisha,5347.06,Transmission & Distribution,1,342.69,342.69,6.85
December_2025,Odisha,Ministry of Railways,Railways,28,43414.1,49171.3,31196.37
December_2025,Odisha,31196.37,Railways,1,267.61,267.61,0.0
December_2025,Odisha,Ministry of Road Transport & Highways,Roads & Highways,20,12259.74,14260.5,5144.48
December_2025,Puducherry,Department of Higher Education,Education,1,618.34,544.34,530.45
December_2025,Puducherry,Ministry of Railways,Railways,1,713.0,981.0,633.24
December_2025,Puducherry,Ministry of Road Transport & Highways,Roads & Highways,2,4488.17,4315.67,1288.86
December_2025,Punjab,Department of Higher Education,Education,2,559.3,559.3,320.39
December_2025,Punjab,"Department of Water Resources, River Development & GR",Water Resources,2,3727.07,5177.86,5182.41
December_2025,Punjab,Ministry of Housing & Urban Affairs,Waste & Water,2,545.53,545.53,374.66
December_2025,Punjab,Ministry of Petroleum & Natural Gas,Oil & Gas,5,12693.36,12693.4,8191.03
December_2025,Punjab,Ministry of Power,Transmission & Distribution,1,5969.0,5969.0,837.04
December_2025,Punjab,Ministry of Railways,Railways,3,15702.64,15703.0,96835.77
December_2025,Punjab,Ministry of Road Transport & Highways,Roads & Highways,24,31275.39,34504.4,16008.2
December_2025,Rajasthan,Department of Telecommunications,Telecommunication,2,758.54,530.07,380.25
December_2025,Rajasthan,Ministry of Civil Aviation,Aviation & Aviation Infrastructure,3,2874.0,2874.0,803.08
December_2025,Rajasthan,Ministry of Coal,Electricity Generation,1,1813.0,1813.0,1627.06
December_2025,Rajasthan,Ministry of Petroleum & Natural Gas,Energy Storage,3,52618.05,88948.1,71132.2
December_2025,Rajasthan,71132.20,Oil & Gas,2,10599.0,10599.0,6714.28
December_2025,Rajasthan,Ministry of Power,Transmission & Distribution,20,50547.23,50547.2,19497.19
December_2025,Rajasthan,Ministry of Railways,Railways,22,87820.03,163243.0,140848.77
December_2025,Rajasthan,Ministry of Road Transport & Highways,Roads & Highways,16,10383.1,9938.64,5813.09
December_2025,Sikkim,Department of Higher Education,Education,2,999.82,924.82,409.78
December_2025,Sikkim,Ministry of Civil Aviation,Aviation & Aviation Infrastructure,1,323.26,323.26,51.21
December_2025,Sikkim,Ministry of Petroleum & Natural Gas,Oil & Gas,1,9265.0,9265.0,6622.0
December_2025,Sikkim,Ministry of Power,Electricity Generation,2,6686.33,7576.15,5503.93
December_2025,Sikkim,5503.93,Transmission & Distribution,1,4754.42,9129.32,7809.22
December_2025,Sikkim,Ministry of Railways,Railways,1,7877.0,11775.0,9861.45
December_2025,Sikkim,Ministry of Road Transport & Highways,Roads & Highways,6,2629.21,2525.29,1.91
December_2025,Tamil Nadu,Ministry of Civil Aviation,Aviation & Aviation Infrastructure,1,1207.0,1207.0,208.06
December_2025,Tamil Nadu,Ministry of Coal,Electricity Generation,1,218.03,218.03,165.5
December_2025,Tamil Nadu,Ministry of Health & Family Welfare,Healthcare,1,1264.0,2021.51,366.59
December_2025,Tamil Nadu,Ministry of Housing & Urban Affairs,Urban Public Transport,1,63246.0,63246.0,30211.38
December_2025,Tamil Nadu,Ministry of Labour and Employment,Healthcare,1,152.95,177.01,107.83
December_2025,Tamil Nadu,Ministry of Mines,Metals & Mining,1,166.0,166.0,135.0
December_2025,Tamil Nadu,Ministry of Petroleum & Natural Gas,Energy Storage,3,2334.0,3448.71,1882.97
December_2025,Tamil Nadu,1882.97,Oil & Gas,4,38385.0,46153.0,6290.91
December_2025,Tamil Nadu,Ministry of Power,Transmission & Distribution,1,548.0,548.0,102.46
December_2025,Tamil Nadu,Ministry of Railways,Railways,7,8370.7,11242.2,6033.89
December_2025,Tamil Nadu,Ministry of Road Transport & Highways,Roads & Highways,24,36073.87,35226.7,12743.31
December_2025,Telangana,Department of Higher Education,Education,1,262.0,262.0,194.37
December_2025,Telangana,Department of Telecommunications,Telecommunication,3,3923.59,3923.59,1202.84
December_2025,Telangana,"Department of Water Resources, River Development & GR",Water Resources,4,11670.14,24129.6,11936.34
December_2025,Telangana,Ministry of Civil Aviation,Aviation & Aviation Infrastructure,1,500.48,500.48,348.09
December_2025,Telangana,Ministry of Coal,Coal,7,2986.57,2986.57,1721.56
December_2025,Telangana,Ministry of Health & Family Welfare,Healthcare,1,1028.0,1365.95,939.72
December_2025,Telangana,Ministry of Housing & Urban Affairs,Construction,1,644.0,644.0,116.18
December_2025,Telangana,Ministry of Petroleum & Natural Gas,Oil & Gas,1,215.0,215.0,38.16
December_2025,Telangana,Ministry of Power,Transmission & Distribution,2,5694.56,5694.56,5125.94
December_2025,Telangana,Ministry of Railways,Railways,11,19213.75,22977.8,12716.38
December_2025,Telangana,Ministry of Road Transport & Highways,Roads & Highways,32,17213.24,18825.0,6692.74
December_2025,Tripura,Ministry of Petroleum & Natural Gas,Energy Storage,1,656.0,656.0,526.86
December_2025,Tripura,526.86,Oil & Gas,2,9474.33,9396.51,6693.95
December_2025,Tripura,Ministry of Power,Transmission & Distribution,1,5111.33,6700.0,5442.41
December_2025,Tripura,Ministry of Road Transport & Highways,Roads & Highways,8,4890.7,4915.23,0.0
December_2025,Uttar Pradesh,Department of Higher Education,Education,1,246.0,246.0,199.71
December_2025,Uttar Pradesh,Department of Telecommunications,Telecommunication,4,4220.71,3992.24,1417.07
December_2025,Uttar Pradesh,"Department of Water Resources, River Development & GR",Waste & Water,2,1532.96,1532.96,243.43
December_2025,Uttar Pradesh,243.43,Water Resources,3,2953.27,6309.81,4689.88
December_2025,Uttar Pradesh,Ministry of Civil Aviation,Aviation & Aviation Infrastructure,3,3949.13,3949.13,892.25
December_2025,Uttar Pradesh,Ministry of Coal,Coal,2,1328.09,1328.09,1087.06
December_2025,Uttar Pradesh,1087.06,Electricity Generation,1,17237.8,21780.9,20743.86
December_2025,Uttar Pradesh,Ministry of Housing & Urban Affairs,Urban Public Transport,3,49730.1,49730.1,42464.09
December_2025,Uttar Pradesh,42464.09,Waste & Water,2,797.47,797.47,707.18
December_2025,Uttar Pradesh,Ministry of Petroleum & Natural Gas,Energy Storage,2,11068.45,11068.5,8468.24
December_2025,Uttar Pradesh,8468.24,Oil & Gas,3,17824.68,18213.1,1718.69
December_2025,Uttar Pradesh,"Ministry of Ports, Shipping and Waterways",Inland Waterways,1,5369.18,5061.15,3717.08
December_2025,Uttar Pradesh,Ministry of Power,Electricity Generation,1,17195.0,17195.0,2418.36
December_2025,Uttar Pradesh,2418.36,Transmission & Distribution,4,10482.81,10482.8,2394.58
December_2025,Uttar Pradesh,Ministry of Railways,Railways,25,93620.38,167255.0,146306.15
December_2025,Uttar Pradesh,Ministry of Road Transport & Highways,Roads & Highways,63,62299.0,57497.2,24085.68
December_2025,Uttarakhand,Department of Higher Education,Education,1,650.85,650.85,261.11
December_2025,Uttarakhand,"Department of Water Resources, River Development & GR",Water Resources,1,2584.1,2584.1,987.61
December_2025,Uttarakhand,Ministry of Housing & Urban Affairs,Real Estate,1,150.97,150.97,18.95
December_2025,Uttarakhand,Ministry of Labour and Employment,Healthcare,1,102.4,297.63,322.55
December_2025,Uttarakhand,Ministry of Power,Electricity Generation,3,11663.95,25651.4,19943.55
December_2025,Uttarakhand,Ministry of Railways,Railways,1,38953.0,38953.0,26840.95
December_2025,Uttarakhand,Ministry of Road Transport & Highways,Roads & Highways,10,6925.68,6926.79,2526.34
December_2025,West Bengal,Department of Higher Education,Education,1,500.0,442.0,401.6
December_2025,West Bengal,Department of Telecommunications,Telecommunication,2,3462.17,3462.17,1036.82
December_2025,West Bengal,"Department of Water Resources, River Development & GR",Waste & Water,1,154.73,154.73,96.17
December_2025,West Bengal,Ministry of Civil Aviation,Aviation & Aviation Infrastructure,2,1877.3,1877.3,469.55
December_2025,West Bengal,Ministry of Coal,Coal,13,15863.74,15863.7,2905.5
December_2025,West Bengal,Ministry of Mines,Construction,1,255.37,255.37,93.39
December_2025,West Bengal,Ministry of Petroleum & Natural Gas,Energy Storage,1,10228.0,11407.0,10270.18
December_2025,West Bengal,10270.18,Oil & Gas,11,19590.65,20535.2,12100.56
December_2025,West Bengal,"Ministry of Ports, Shipping and Waterways",Inland Waterways,1,5369.18,5061.15,3717.08
December_2025,West Bengal,3717.08,Shipping,2,551.91,551.91,477.51
December_2025,West Bengal,Ministry of Power,Electricity Generation,3,20091.84,21644.6,4027.48
December_2025,West Bengal,4027.48,Transmission & Distribution,2,751.63,751.63,7.25
December_2025,West Bengal,Ministry of Railways,Railways,16,49559.1,60771.0,35486.52
December_2025,West Bengal,Ministry of Road Transport & Highways,Roads & Highways,10,7013.9,7267.45,1980.82
December_2025,West Bengal,Ministry of Steel,Steel,6,6733.06,6733.06,852.45
October_2025,Unknown,Ministry of Steel,Steel,1,2518.39,2518.39,152.23
October_2025,Offshore,Ministry of Petroleum & Natural Gas,Oil & Gas,6,19714.58,22972.8,11505.5
October_2025,Offshore,"Ministry of Ports, Shipping and Waterways",Inland Waterways,1,177.0,197.0,183.32
October_2025,Offshore,Ministry of Railways,Railways,2,150819.0,150819.0,2520.51
October_2025,PAN India,Department of Telecommunications,Telecommunication,6,141891.67,264213.0,74254.01
October_2025,Andaman & Nicobar,Ministry of Housing & Urban Affairs,Real Estate,1,209.88,209.88,0.0
October_2025,Andhra Pradesh,Department for Promotion of Industry & Internal Trade,Real Estate,1,2139.44,2139.44,472.8
October_2025,Andhra Pradesh,Department of Higher Education,Education,1,305.0,305.0,19.96
October_2025,Andhra Pradesh,Department of Telecommunications,Telecommunication,3,7147.17,7147.17,1835.88
October_2025,Andhra Pradesh,"Department of Water Resources, River Development & GR",Water Resources,3,10901.5,57269.5,26326.17
October_2025,Andhra Pradesh,Ministry of Civil Aviation,Aviation & Aviation Infrastructure,3,1224.86,1224.86,676.79
October_2025,Andhra Pradesh,Ministry of Housing & Urban Affairs,Waste & Water,1,172.22,172.22,799.74
October_2025,Andhra Pradesh,Ministry of Labour and Employment,Healthcare,1,384.27,384.27,105.0
October_2025,Andhra Pradesh,Ministry of Petroleum & Natural Gas,Energy Storage,2,2898.34,3050.0,2344.92
October_2025,Andhra Pradesh,2344.92,Oil & Gas,4,37804.0,37864.0,32464.75
October_2025,Andhra Pradesh,Ministry of Power,Transmission & Distribution,5,13395.24,13395.2,4917.6
October_2025,Andhra Pradesh,Ministry of Railways,Railways,27,52663.77,59888.8,33853.71
October_2025,Arunachal Pradesh,Department of Higher Education,Education,1,592.61,592.61,550.27
October_2025,Arunachal Pradesh,Department of Telecommunications,Telecommunication,1,1255.49,1255.49,284.04
October_2025,Arunachal Pradesh,Ministry of Petroleum & Natural Gas,Energy Storage,1,43129.0,79459.0,61926.61
October_2025,Arunachal Pradesh,61926.61,Oil & Gas,1,9265.0,9265.0,6603.95
October_2025,Arunachal Pradesh,Ministry of Power,Electricity Generation,4,41850.64,61640.8,29133.62
October_2025,Arunachal Pradesh,29133.62,Transmission & Distribution,2,4963.8,9338.7,7705.17
October_2025,Arunachal Pradesh,Ministry of Railways,Railways,1,435.0,1250.0,542.07
October_2025,Assam,Department of Higher Education,Education,1,153.71,153.71,124.33
October_2025,Assam,Department of Telecommunications,Telecommunication,1,1255.49,1255.49,284.04
October_2025,Assam,"Department of Water Resources, River Development & GR",Water Resources,1,256.16,256.16,44.7
October_2025,Assam,Ministry of Civil Aviation,Aviation & Aviation Infrastructure,1,1712.0,1712.0,2397.37
October_2025,Assam,Ministry of Coal,Coal,2,449.23,449.23,187.07
October_2025,Assam,Ministry of Housing & Urban Affairs,Waste & Water,1,186.8,186.8,1664.41
October_2025,Assam,Ministry of Labour and Employment,Healthcare,1,143.23,154.75,101.83
October_2025,Assam,Ministry of Petroleum & Natural Gas,Energy Storage,3,10768.4,11947.4,10126.88
October_2025,Assam,10126.88,Oil & Gas,12,26269.15,36624.0,27088.69
October_2025,Assam,Ministry of Power,Electricity Generation,1,6285.33,26075.5,25244.57
October_2025,Assam,25244.57,Transmission & Distribution,1,5111.33,6700.0,5317.79
October_2025,Assam,Ministry of Railways,Railways,7,14593.57,16308.6,10247.14
October_2025,Bihar,Department of Higher Education,Education,1,499.21,499.21,441.47
October_2025,Bihar,Department of Telecommunications,Telecommunication,4,4220.71,3992.24,1070.43
October_2025,Bihar,"Department of Water Resources, River Development & GR",Waste & Water,5,2351.43,2351.43,1303.45
October_2025,Bihar,1303.45,Water Resources,2,2193.34,3088.88,598.72
October_2025,Bihar,Ministry of Civil Aviation,Aviation & Aviation Infrastructure,3,3541.56,3541.56,1338.95
October_2025,Bihar,Ministry of Housing & Urban Affairs,Urban Public Transport,1,13365.77,13365.8,4039.77
October_2025,Bihar,4039.77,Waste & Water,1,158.78,158.78,602.5
October_2025,Bihar,Ministry of Petroleum & Natural Gas,Energy Storage,1,10228.0,11407.0,9921.29
October_2025,Bihar,9921.29,Oil & Gas,6,24473.5,26338.2,13509.65
October_2025,Bihar,"Ministry of Ports, Shipping and Waterways",Inland Waterways,1,5369.18,5061.15,3526.99
October_2025,Bihar,Ministry of Power,Electricity Generation,1,10439.09,13756.6,12571.15
October_2025,Bihar,12571.15,Transmission & Distribution,2,751.63,751.63,1.03
October_2025,Bihar,Ministry of Railways,Railways,23,50603.79,55072.0,22922.7
October_2025,Chhattisgarh,Department of Telecommunications,Telecommunication,3,7147.17,7147.17,1835.88
October_2025,Chhattisgarh,"Department of Water Resources, River Development & GR",Water Resources,2,842.26,1109.33,855.96
October_2025,Chhattisgarh,Ministry of Coal,Coal,14,31042.56,31042.6,13042.96
October_2025,Chhattisgarh,13042.96,Railways,1,1686.22,1686.22,353.12
October_2025,Chhattisgarh,Ministry of Petroleum & Natural Gas,Oil & Gas,2,10056.25,10467.0,6682.3
October_2025,Chhattisgarh,Ministry of Power,Electricity Generation,2,25321.0,25321.0,3730.56
October_2025,Chhattisgarh,3730.56,Transmission & Distribution,1,385.84,385.84,382.4
October_2025,Chhattisgarh,Ministry of Railways,Railways,19,34549.26,36180.5,18969.33
October_2025,Chhattisgarh,Ministry of Steel,Metals & Mining,1,1700.0,1756.2,133.22
October_2025,Chhattisgarh,133.22,Steel,6,7530.14,10050.1,5536.55
October_2025,Dadra & Nagar Haveli and Daman & Diu,Ministry of Housing & Urban Affairs,Waste & Water,1,210.0,210.0,0.0
October_2025,Dadra & Nagar Haveli and Daman & Diu,Ministry of Power,Transmission & Distribution,1,4546.26,4546.26,4210.3
October_2025,Dadra & Nagar Haveli and Daman & Diu,Ministry of Railways,Railways,1,108000.0,108000.0,82967.89
October_2025,Delhi,Department of Higher Education,Education,2,706.49,709.42,312.96
October_2025,Delhi,Department of Telecommunications,Telecommunication,1,248.2,248.2,236.91
October_2025,Delhi,Ministry of Housing & Urban Affairs,Construction,1,646.53,646.52,545.86
October_2025,Delhi,545.86,Real Estate,1,32850.0,32850.0,0.0
October_2025,Delhi,0.00,Urban Public Transport,4,69853.45,69853.4,44578.92
October_2025,Delhi,Ministry of Power,Transmission & Distribution,4,4356.47,4908.47,4066.48
October_2025,Delhi,Ministry of Railways,Railways,15,28623.17,28623.2,5954.91
October_2025,Goa,Ministry of Civil Aviation,Aviation & Aviation Infrastructure,1,255.69,255.69,154.3
October_2025,Goa,Ministry of Railways,Railways,2,5804.49,6182.62,6215.96
October_2025,Gujarat,Department of Higher Education,Education,1,490.63,490.63,313.84
October_2025,Gujarat,Department of Telecommunications,Telecommunication,1,336.89,301.13,227.82
October_2025,Gujarat,"Department of Water Resources, River Development & GR",Water Resources,2,25739.93,40082.8,36815.85
October_2025,Gujarat,Ministry of Civil Aviation,Aviation & Aviation Infrastructure,1,1305.0,1551.0,718.2
October_2025,Gujarat,Ministry of Coal,Electricity Generation,2,3719.69,3719.69,981.48
October_2025,Gujarat,Ministry of Housing & Urban Affairs,Real Estate,1,539.0,539.0,39.63
October_2025,Gujarat,39.63,Urban Public Transport,3,28177.49,30329.0,24498.08
October_2025,Gujarat,24498.08,Waste & Water,1,200.0,200.0,100.0
October_2025,Gujarat,Ministry of Labour and Employment,Healthcare,3,973.35,973.35,270.39
October_2025,Gujarat,Ministry of Petroleum & Natural Gas,Energy Storage,3,62245.0,98575.0,77278.48
October_2025,Gujarat,77278.48,Oil & Gas,11,32704.12,32296.3,23575.09
October_2025,Gujarat,"Ministry of Ports, Shipping and Waterways",Shipping,3,4514.64,4681.1,1104.03
October_2025,Gujarat,1104.03,"Tourism, Hospitality & Wellness",1,573.0,1238.05,496.63
October_2025,Gujarat,Ministry of Power,Electricity Generation,1,339.35,339.35,317.59
October_2025,Gujarat,317.59,Transmission & Distribution,16,50389.44,50388.9,13736.39
October_2025,Gujarat,Ministry of Railways,Railways,26,185518.86,262039.0,219809.16
October_2025,Haryana,Ministry of Health & Family Welfare,Healthcare,1,1299.0,1299.0,349.41
October_2025,Haryana,Ministry of Housing & Urban Affairs,Urban Public Transport,1,6230.99,6230.99,72.38
October_2025,Haryana,72.38,Waste & Water,2,491.2,491.2,3435.51
October_2025,Haryana,Ministry of Petroleum & Natural Gas,Energy Storage,1,9028.0,9028.0,7292.34
October_2025,Haryana,7292.34,Oil & Gas,5,45925.07,49596.1,36223.79
October_2025,Haryana,Ministry of Power,Transmission & Distribution,4,13362.0,13914.0,3062.26
October_2025,Haryana,Ministry of Railways,Railways,4,53464.0,126368.0,125637.7
October_2025,Himachal Pradesh,Department of Higher Education,Education,3,811.15,921.89,595.63
October_2025,Himachal Pradesh,Department of Telecommunications,Telecommunication,1,336.89,301.13,227.82
October_2025,Himachal Pradesh,Ministry of Power,Electricity Generation,4,7728.04,12301.5,4286.22
October_2025,Himachal Pradesh,Ministry of Railways,Railways,3,17005.0,17005.1,9510.37
October_2025,Jammu and Kashmir,Department of Higher Education,Education,1,424.93,500.91,484.52
October_2025,Jammu and Kashmir,Department of Telecommunications,Telecommunication,1,336.89,301.13,227.82
October_2025,Jammu and Kashmir,Ministry of Civil Aviation,Aviation & Aviation Infrastructure,1,861.37,861.37,212.12
October_2025,Jammu and Kashmir,Ministry of Health & Family Welfare,Healthcare,1,1828.0,1828.0,1321.7
October_2025,Jammu and Kashmir,Ministry of Labour and Employment,Healthcare,1,131.05,164.93,1747.76
October_2025,Jammu and Kashmir,Ministry of Petroleum & Natural Gas,Energy Storage,1,676.89,715.89,550.45
October_2025,Jammu and Kashmir,550.45,Oil & Gas,2,1059.9,1059.9,234.3
October_2025,Jammu and Kashmir,Ministry of Power,Electricity Generation,4,22207.77,27945.1,12904.53
October_2025,Jammu and Kashmir,12904.53,Transmission & Distribution,3,825.43,825.43,599.25
October_2025,Jharkhand,Department of Telecommunications,Telecommunication,3,7147.17,7147.17,1835.88
October_2025,Jharkhand,"Department of Water Resources, River Development & GR",Water Resources,2,5430.04,12010.3,5941.33
October_2025,Jharkhand,Ministry of Coal,Coal,28,51354.95,51119.3,10572.55
October_2025,Jharkhand,10572.55,Railways,1,1799.64,2564.34,1462.35
October_2025,Jharkhand,Ministry of Housing & Urban Affairs,Waste & Water,3,654.14,654.14,3255.3
October_2025,Jharkhand,Ministry of Mines,Metals & Mining,2,3370.02,3370.02,23.43
October_2025,Jharkhand,Ministry of Petroleum & Natural Gas,Energy Storage,1,10228.0,11407.0,9921.29
October_2025,Jharkhand,9921.29,Oil & Gas,3,2010.07,2010.07,628.64
October_2025,Jharkhand,"Ministry of Ports, Shipping and Waterways",Inland Waterways,1,5369.18,5061.15,3526.99
October_2025,Jharkhand,Ministry of Power,Coal,2,2083.0,2365.0,911.94
October_2025,Jharkhand,911.94,Electricity Generation,2,31470.0,34660.0,19242.94
October_2025,Jharkhand,19242.94,Transmission & Distribution,1,1842.25,1842.25,1648.05
October_2025,Jharkhand,Ministry of Railways,Railways,12,41769.95,42630.6,15247.24
October_2025,Jharkhand,Ministry of Steel,Steel,6,2854.58,3572.87,1383.16
October_2025,Karnataka,Department for Promotion of Industry & Internal Trade,Real Estate,1,1701.81,1701.81,117.35
October_2025,Karnataka,Department of Higher Education,Education,1,420.41,420.41,364.44
October_2025,Karnataka,"Department of Water Resources, River Development & GR",Water Resources,1,770.16,1606.07,1515.32
October_2025,Karnataka,Ministry of Civil Aviation,Aviation & Aviation Infrastructure,3,1143.4,1143.4,553.88
October_2025,Karnataka,Ministry of Housing & Urban Affairs,Urban Public Transport,2,41193.24,45483.2,38533.6
October_2025,Karnataka,38533.60,Waste & Water,2,337.69,337.69,1644.73
October_2025,Karnataka,Ministry of Labour and Employment,Healthcare,2,428.92,428.92,27.8
October_2025,Karnataka,Ministry of Petroleum & Natural Gas,Energy Storage,1,678.0,1732.0,800.88
October_2025,Karnataka,800.88,Oil & Gas,5,9662.0,12693.6,8966.37
October_2025,Karnataka,"Ministry of Ports, Shipping and Waterways",Shipping,1,153.23,153.23,50.1
October_2025,Karnataka,Ministry of Power,Transmission & Distribution,7,16061.01,16061.0,3412.08
October_2025,Karnataka,Ministry of Railways,Railways,17,25363.29,31781.9,17620.93
October_2025,Karnataka,Ministry of Steel,Steel,1,1043.63,1043.63,288.87
October_2025,Kerala,Department of Higher Education,Education,1,1006.45,1217.4,641.73
October_2025,Kerala,Ministry of Civil Aviation,Aviation & Aviation Infrastructure,1,484.57,484.57,91.67
October_2025,Kerala,Ministry of Housing & Urban Affairs,Urban Public Transport,1,1957.05,1957.05,425.58
October_2025,Kerala,Ministry of Petroleum & Natural Gas,Oil & Gas,3,7996.87,10990.9,5019.06
October_2025,Kerala,"Ministry of Ports, Shipping and Waterways",Shipping,1,1799.0,1799.0,1558.39
October_2025,Kerala,Ministry of Railways,Railways,3,2846.0,5183.64,2862.02
October_2025,Ladakh,Department of Telecommunications,Telecommunication,1,336.89,301.13,227.82
October_2025,Ladakh,Ministry of Civil Aviation,Aviation & Aviation Infrastructure,1,480.0,640.0,471.59
October_2025,Ladakh,Ministry of Power,Transmission & Distribution,1,288.71,288.71,280.02
October_2025,Madhya Pradesh,Department of Higher Education,Education,1,496.28,496.28,38.62
October_2025,Madhya Pradesh,Department of Telecommunications,Telecommunication,3,3883.82,3691.11,842.61
October_2025,Madhya Pradesh,"Department of Water Resources, River Development & GR",Water Resources,3,2628.27,2941.14,2892.91
October_2025,Madhya Pradesh,Ministry of Coal,Coal,14,8634.02,8634.02,3457.47
October_2025,Madhya Pradesh,Ministry of Housing & Urban Affairs,Urban Public Transport,2,14442.2,14442.2,7899.62
October_2025,Madhya Pradesh,7899.62,Waste & Water,4,1243.05,1243.05,9847.62
October_2025,Madhya Pradesh,Ministry of Mines,Metals & Mining,1,1856.36,1856.36,940.27
October_2025,Madhya Pradesh,Ministry of Petroleum & Natural Gas,Energy Storage,1,10088.0,10088.0,8059.53
October_2025,Madhya Pradesh,8059.53,Oil & Gas,2,51211.25,51622.0,8616.2
October_2025,Madhya Pradesh,Ministry of Power,Transmission & Distribution,7,17765.0,17765.0,3666.37
October_2025,Madhya Pradesh,Ministry of Railways,Railways,19,58468.02,72465.1,43676.54
October_2025,Maharashtra,Department of Higher Education,Education,2,250.33,446.26,183.91
October_2025,Maharashtra,Department of Telecommunications,Telecommunication,4,7608.59,7608.59,2001.9
October_2025,Maharashtra,"Department of Water Resources, River Development & GR",Water Resources,11,22660.36,32345.7,33732.04
October_2025,Maharashtra,Ministry of Civil Aviation,Aviation & Aviation Infrastructure,1,500.48,500.48,332.26
October_2025,Maharashtra,Ministry of Coal,Coal,25,12455.88,12455.9,3205.76
October_2025,Maharashtra,Ministry of Housing & Urban Affairs,Urban Public Transport,7,46771.57,60911.6,33511.04
October_2025,Maharashtra,33511.04,Waste & Water,5,1088.72,1088.72,8573.67
October_2025,Maharashtra,Ministry of Labour and Employment,Healthcare,3,884.31,886.08,548.78
October_2025,Maharashtra,Ministry of Petroleum & Natural Gas,Energy Storage,1,281.35,389.67,238.39
October_2025,Maharashtra,238.39,Oil & Gas,13,34264.24,37660.4,21424.44
October_2025,Maharashtra,"Ministry of Ports, Shipping and Waterways",Healthcare,1,693.0,693.0,58.0
October_2025,Maharashtra,58.00,Shipping,2,6900.0,6900.0,6064.89
October_2025,Maharashtra,Ministry of Power,Transmission & Distribution,3,29589.67,29589.7,6229.42
October_2025,Maharashtra,Ministry of Railways,Railways,35,266858.79,358832.0,267526.11
October_2025,Manipur,Department of Sports,Education,1,906.47,611.74,553.38
October_2025,Manipur,"Department of Water Resources, River Development & GR",Water Resources,1,1449.44,1822.24,1837.91
October_2025,Manipur,Ministry of Civil Aviation,Aviation & Aviation Infrastructure,1,499.0,499.0,155.72
October_2025,Manipur,Ministry of Petroleum & Natural Gas,Oil & Gas,1,9265.0,9265.0,6603.95
October_2025,Manipur,Ministry of Power,Transmission & Distribution,1,5111.33,6700.0,5317.79
October_2025,Manipur,Ministry of Railways,Railways,1,14323.0,21885.9,15598.11
October_2025,Meghalaya,Department of Higher Education,Education,1,494.52,494.52,419.57
October_2025,Meghalaya,Department of Telecommunications,Telecommunication,1,971.96,971.96,208.25
October_2025,Meghalaya,Ministry of Petroleum & Natural Gas,Oil & Gas,1,9265.0,9265.0,6603.95
October_2025,Meghalaya,Ministry of Power,Transmission & Distribution,1,5111.33,6700.0,5317.79
October_2025,Mizoram,Department of Higher Education,Education,1,474.23,474.23,167.55
October_2025,Mizoram,Ministry of Petroleum & Natural Gas,Oil & Gas,1,9265.0,9265.0,6603.95
October_2025,Mizoram,Ministry of Power,Transmission & Distribution,1,5111.33,6700.0,5317.79
October_2025,Nagaland,Department of Higher Education,Education,1,275.63,275.63,261.24
October_2025,Nagaland,Ministry of Petroleum & Natural Gas,Oil & Gas,2,9492.62,9492.62,6614.75
October_2025,Nagaland,Ministry of Power,Transmission & Distribution,1,5111.33,6700.0,5317.79
October_2025,Nagaland,Ministry of Railways,Railways,2,8786.7,8786.7,5585.56
October_2025,Odisha,Department of Higher Education,Education,1,1229.32,773.76,838.21
October_2025,Odisha,Department of Telecommunications,Telecommunication,3,7147.17,7147.17,1835.88
October_2025,Odisha,"Department of Water Resources, River Development & GR",Water Resources,2,1556.46,5291.33,5342.49
October_2025,Odisha,Ministry of Coal,Coal,12,36526.28,34218.0,13233.8
October_2025,Odisha,13233.80,Electricity Generation,1,27212.96,27213.0,2549.31
October_2025,Odisha,Ministry of Labour and Employment,Healthcare,1,164.6,164.6,16.4
October_2025,Odisha,Ministry of Mines,Metals & Mining,5,7343.97,9724.14,5258.15
October_2025,Odisha,Ministry of Petroleum & Natural Gas,Energy Storage,2,12886.34,14217.0,12204.27
October_2025,Odisha,12204.27,Oil & Gas,5,25285.44,23768.5,16095.66
October_2025,Odisha,"Ministry of Ports, Shipping and Waterways",Shipping,1,3004.63,3004.63,1149.79
October_2025,Odisha,Ministry of Power,Electricity Generation,1,11843.75,12543.0,4839.68
October_2025,Odisha,4839.68,Transmission & Distribution,1,342.69,342.69,0.71
October_2025,Odisha,Ministry of Railways,Railways,25,46848.33,51580.4,33305.37
October_2025,Odisha,33305.37,Railways,1,267.61,267.61,0.0
October_2025,Odisha,Ministry of Steel,Steel,1,1105.23,1105.23,790.11
October_2025,Puducherry,Department of Higher Education,Education,1,618.34,544.34,529.9
October_2025,Puducherry,Ministry of Railways,Railways,1,713.0,981.0,598.38
October_2025,Punjab,Department of Higher Education,Education,2,559.3,559.3,290.39
October_2025,Punjab,"Department of Water Resources, River Development & GR",Water Resources,2,3727.07,5177.86,5182.41
October_2025,Punjab,Ministry of Housing & Urban Affairs,Waste & Water,2,545.53,545.53,2807.11
October_2025,Punjab,Ministry of Petroleum & Natural Gas,Oil & Gas,5,12693.36,12693.4,8097.02
October_2025,Punjab,Ministry of Power,Transmission & Distribution,1,5969.0,5969.0,485.87
October_2025,Punjab,Ministry of Railways,Railways,3,15702.64,15703.0,9117.19
October_2025,Rajasthan,Department of Telecommunications,Telecommunication,2,758.54,530.07,369.83
October_2025,Rajasthan,Ministry of Civil Aviation,Aviation & Aviation Infrastructure,2,1367.0,1367.0,696.69
October_2025,Rajasthan,Ministry of Coal,Electricity Generation,1,1813.0,1813.0,1167.4
October_2025,Rajasthan,Ministry of Petroleum & Natural Gas,Energy Storage,3,52618.05,88948.1,69364.07
October_2025,Rajasthan,69364.07,Oil & Gas,2,10599.0,10599.0,6656.41
October_2025,Rajasthan,Ministry of Power,Electricity Generation,1,5491.89,5491.89,5084.68
October_2025,Rajasthan,5084.68,Transmission & Distribution,22,53646.51,54198.2,19895.8
October_2025,Rajasthan,Ministry of Railways,Railways,23,88639.51,164210.0,140285.65
October_2025,Sikkim,Department of Higher Education,Education,2,999.82,924.82,359.78
October_2025,Sikkim,Ministry of Civil Aviation,Aviation & Aviation Infrastructure,1,323.26,323.26,38.69
October_2025,Sikkim,Ministry of Petroleum & Natural Gas,Oil & Gas,1,9265.0,9265.0,6603.95
October_2025,Sikkim,Ministry of Power,Electricity Generation,2,6686.33,7576.15,5273.06
October_2025,Sikkim,5273.06,Transmission & Distribution,1,4754.42,9129.32,7705.14
October_2025,Sikkim,Ministry of Railways,Railways,1,7877.0,12133.0,9039.91
October_2025,Tamil Nadu,Ministry of Civil Aviation,Aviation & Aviation Infrastructure,1,1207.0,1207.0,183.02
October_2025,Tamil Nadu,Ministry of Coal,Electricity Generation,1,218.03,218.03,164.7
October_2025,Tamil Nadu,Ministry of Housing & Urban Affairs,Inland Waterways,1,63246.0,63246.0,28778.98
October_2025,Tamil Nadu,Ministry of Labour and Employment,Healthcare,1,152.95,152.95,107.83
October_2025,Tamil Nadu,Ministry of Mines,Metals & Mining,1,166.0,166.0,135.0
October_2025,Tamil Nadu,Ministry of Petroleum & Natural Gas,Energy Storage,3,2334.0,3448.71,1767.45
October_2025,Tamil Nadu,1767.45,Oil & Gas,4,38385.0,46153.0,6149.73
October_2025,Tamil Nadu,Ministry of Power,Transmission & Distribution,1,548.0,548.0,37.86
October_2025,Tamil Nadu,Ministry of Railways,Railways,7,8370.7,11490.2,5856.1
October_2025,Telangana,Department of Higher Education,Education,1,262.0,262.0,186.49
October_2025,Telangana,Department of Telecommunications,Telecommunication,3,3923.59,3923.59,866.62
October_2025,Telangana,"Department of Water Resources, River Development & GR",Water Resources,4,11670.14,24129.6,11936.34
October_2025,Telangana,Ministry of Civil Aviation,Aviation & Aviation Infrastructure,1,500.48,500.48,332.26
October_2025,Telangana,Ministry of Coal,Coal,9,3890.03,3890.03,2513.8
October_2025,Telangana,Ministry of Health & Family Welfare,Healthcare,1,1028.0,1365.95,806.8
October_2025,Telangana,Ministry of Housing & Urban Affairs,Construction,1,644.0,644.0,87.6
October_2025,Telangana,Ministry of Labour and Employment,Healthcare,1,211.13,211.13,198.95
October_2025,Telangana,Ministry of Power,Transmission & Distribution,2,5694.56,5694.56,4808.49
October_2025,Telangana,Ministry of Railways,Railways,11,19213.75,22977.8,10959.9
October_2025,Tripura,Ministry of Petroleum & Natural Gas,Energy Storage,1,656.0,656.0,509.92
October_2025,Tripura,509.92,Oil & Gas,2,9474.33,9396.51,6674.05
October_2025,Tripura,Ministry of Power,Transmission & Distribution,1,5111.33,6700.0,5317.79
October_2025,Uttar Pradesh,Department of Higher Education,Education,1,246.0,246.0,198.02
October_2025,Uttar Pradesh,Department of Telecommunications,Telecommunication,4,4220.71,3992.24,1070.43
October_2025,Uttar Pradesh,"Department of Water Resources, River Development & GR",Waste & Water,2,1532.96,1532.96,243.43
October_2025,Uttar Pradesh,243.43,Water Resources,3,2953.27,6309.81,4689.88
October_2025,Uttar Pradesh,Ministry of Civil Aviation,Aviation & Aviation Infrastructure,5,7268.31,7323.51,17022.23
October_2025,Uttar Pradesh,Ministry of Coal,Coal,2,1328.09,1328.09,1052.76
October_2025,Uttar Pradesh,1052.76,Electricity Generation,1,17237.8,21780.9,20522.3
October_2025,Uttar Pradesh,Ministry of Housing & Urban Affairs,Urban Public Transport,3,49730.1,49730.1,41774.16
October_2025,Uttar Pradesh,41774.16,Waste & Water,2,797.47,797.47,5957.01
October_2025,Uttar Pradesh,Ministry of Petroleum & Natural Gas,Energy Storage,2,11068.45,11068.5,8286.57
October_2025,Uttar Pradesh,8286.57,Oil & Gas,3,17824.68,18213.1,1645.07
October_2025,Uttar Pradesh,"Ministry of Ports, Shipping and Waterways",Inland Waterways,1,5369.18,5061.15,3526.99
October_2025,Uttar Pradesh,Ministry of Power,Electricity Generation,2,28284.42,30471.2,14867.23
October_2025,Uttar Pradesh,14867.23,Transmission & Distribution,3,8114.81,8114.81,2073.46
October_2025,Uttar Pradesh,Ministry of Railways,Railways,26,92690.92,167547.0,147592.53
October_2025,Uttarakhand,Department of Higher Education,Education,1,650.85,650.85,195.52
October_2025,Uttarakhand,"Department of Water Resources, River Development & GR",Water Resources,1,2584.1,2584.1,968.52
October_2025,Uttarakhand,Ministry of Housing & Urban Affairs,Real Estate,1,150.97,150.97,18.95
October_2025,Uttarakhand,Ministry of Labour and Employment,Healthcare,1,102.4,297.63,297.63
October_2025,Uttarakhand,Ministry of Power,Electricity Generation,3,11663.95,26070.0,20164.22
October_2025,Uttarakhand,Ministry of Railways,Railways,1,38953.0,38953.0,24645.15
October_2025,West Bengal,Department of Higher Education,Education,1,500.0,442.0,390.6
October_2025,West Bengal,Department of Telecommunications,Telecommunication,2,3462.17,3462.17,700.6
October_2025,West Bengal,"Department of Water Resources, River Development & GR",Waste & Water,1,154.73,154.73,96.17
October_2025,West Bengal,Ministry of Civil Aviation,Aviation & Aviation Infrastructure,2,1877.3,1877.3,418.18
October_2025,West Bengal,Ministry of Coal,Coal,13,15863.74,15863.7,2866.12
October_2025,West Bengal,Ministry of Mines,Construction,1,255.37,255.37,85.9
October_2025,West Bengal,Ministry of Petroleum & Natural Gas,Energy Storage,1,10228.0,11407.0,9921.29
October_2025,West Bengal,9921.29,Oil & Gas,8,18159.65,19007.2,11678.42
October_2025,West Bengal,"Ministry of Ports, Shipping and Waterways",Inland Waterways,1,5369.18,5061.15,3526.99
October_2025,West Bengal,3526.99,Shipping,2,551.91,551.91,447.78
October_2025,West Bengal,Ministry of Power,Electricity Generation,3,20091.84,20091.8,3721.21
October_2025,West Bengal,3721.21,Transmission & Distribution,2,751.63,751.63,1.03
October_2025,West Bengal,Ministry of Railways,Railways,15,47626.45,58198.4,34098.13
October_2025,West Bengal,Ministry of Steel,Steel,5,4214.67,4214.67,502.42
January_2026,Unknown,Department of Higher Education,Education,1,494.52,429.7,362.48
January_2026,Offshore,Ministry of Petroleum & Natural Gas,Oil & Gas,6,19714.58,22972.8,13054.32
January_2026,Offshore,"Ministry of Ports, Shipping and Waterways",Inland Waterways,1,177.0,197.0,383.41
January_2026,Offshore,Ministry of Railways,Railways,1,819.0,819.0,580.51
January_2026,PAN India,Department of Telecommunications,Telecommunication,5,141080.68,263402.0,73544.16
January_2026,PAN India,Ministry of Railways,Railways,1,274.39,274.39,0.0
January_2026,Andaman & Nicobar,Ministry of Housing & Urban Affairs,Real Estate,1,209.88,209.88,0.0
January_2026,Andhra Pradesh,Department for Promotion of Industry & Internal Trade,Real Estate,1,2139.44,2139.44,625.56
January_2026,Andhra Pradesh,Department of Higher Education,Education,1,305.0,305.0,62.16
January_2026,Andhra Pradesh,Department of Telecommunications,Telecommunication,3,7147.17,7147.17,2381.99
January_2026,Andhra Pradesh,"Department of Water Resources, River Development & GR",Water Resources,3,10901.5,57269.5,27427.67
January_2026,Andhra Pradesh,Ministry of Civil Aviation,Aviation & Aviation Infrastructure,3,1224.86,1224.86,756.23
January_2026,Andhra Pradesh,Ministry of Housing & Urban Affairs,Waste & Water,1,172.22,172.22,88.86
January_2026,Andhra Pradesh,Ministry of Labour and Employment,Healthcare,1,384.27,384.27,167.37
January_2026,Andhra Pradesh,Ministry of Petroleum & Natural Gas,Energy Storage,2,2898.34,3050.0,2446.67
January_2026,Andhra Pradesh,2446.67,Oil & Gas,4,37804.0,37864.0,32993.65
January_2026,Andhra Pradesh,Ministry of Power,Transmission & Distribution,7,20653.73,20653.7,6098.51
January_2026,Andhra Pradesh,Ministry of Railways,Railways,25,47518.61,55475.5,34409.69
January_2026,Andhra Pradesh,Ministry of Road Transport & Highways,Roads & Highways,74,68855.71,67798.5,23792.1
January_2026,Arunachal Pradesh,Department of Higher Education,Education,1,592.61,592.61,550.61
January_2026,Arunachal Pradesh,Department of Telecommunications,Telecommunication,1,1255.49,1255.49,299.42
January_2026,Arunachal Pradesh,Ministry of Petroleum & Natural Gas,Oil & Gas,1,9265.0,9265.0,6678.0
January_2026,Arunachal Pradesh,Ministry of Power,Electricity Generation,4,41850.64,61640.8,29893.04
January_2026,Arunachal Pradesh,29893.04,Transmission & Distribution,2,4963.8,9338.7,7904.57
January_2026,Arunachal Pradesh,Ministry of Railways,Railways,1,435.0,1250.0,816.33
January_2026,Arunachal Pradesh,Ministry of Road Transport & Highways,Roads & Highways,10,7190.77,7150.87,628.28
January_2026,Assam,Department of Higher Education,Education,1,153.71,153.71,125.03
January_2026,Assam,Department of Telecommunications,Telecommunication,1,1255.49,1255.49,299.42
January_2026,Assam,"Department of Water Resources, River Development & GR",Water Resources,1,256.16,256.16,44.7
January_2026,Assam,Ministry of Civil Aviation,Aviation & Aviation Infrastructure,1,1712.0,2520.0,2558.19
January_2026,Assam,Ministry of Coal,Coal,2,449.23,449.23,187.08
January_2026,Assam,Ministry of Labour and Employment,Healthcare,1,143.23,154.75,116.08
January_2026,Assam,Ministry of Petroleum & Natural Gas,Energy Storage,3,10768.4,11947.4,10727.92
January_2026,Assam,10727.92,Oil & Gas,14,27720.47,38075.3,28233.63
January_2026,Assam,Ministry of Power,Electricity Generation,1,6285.33,26075.5,25826.41
January_2026,Assam,25826.41,Transmission & Distribution,1,5111.33,6700.0,5474.57
January_2026,Assam,Ministry of Railways,Railways,8,18227.15,19942.2,10973.02
January_2026,Assam,Ministry of Road Transport & Highways,Roads & Highways,53,46706.64,47312.2,10742.93
January_2026,Bihar,Department of Higher Education,Education,1,499.21,499.21,446.99
January_2026,Bihar,Department of Telecommunications,Telecommunication,4,4220.71,3992.24,1426.77
January_2026,Bihar,"Department of Water Resources, River Development & GR",Waste & Water,5,2351.43,2351.43,1303.45
January_2026,Bihar,"Department of Water Resources, River Development & GR",Water Resources,2,2193.34,3088.88,620.65
January_2026,Bihar,Ministry of Civil Aviation,Aviation & Aviation Infrastructure,3,3541.56,3541.56,1472.12
January_2026,Bihar,Ministry of Health & Family Welfare,Healthcare,1,250.0,500.0,86.21
January_2026,Bihar,86.21,Healthcare,1,1264.0,1264.0,0.0
January_2026,Bihar,Ministry of Housing & Urban Affairs,Urban Public Transport,1,13365.77,13365.8,4670.21
January_2026,Bihar,4670.21,Waste & Water,1,158.78,158.78,93.35
January_2026,Bihar,Ministry of Petroleum & Natural Gas,Energy Storage,1,10228.0,11407.0,10463.05
January_2026,Bihar,10463.05,Oil & Gas,7,25153.5,27018.2,13639.9
January_2026,Bihar,"Ministry of Ports, Shipping and Waterways",Inland Waterways,1,5369.18,5061.15,3766.21
January_2026,Bihar,Ministry of Power,Electricity Generation,2,40387.09,43704.6,14939.73
January_2026,Bihar,14939.73,Transmission & Distribution,3,3119.63,3119.63,62.67
January_2026,Bihar,Ministry of Railways,Railways,21,41041.25,45509.6,72243.33
January_2026,Bihar,Ministry of Road Transport & Highways,Roads & Highways,60,71384.4,69965.8,16848.81
January_2026,Chhattisgarh,Department of Higher Education,Education,1,1188.97,1188.97,0.0
January_2026,Chhattisgarh,Department of Telecommunications,Telecommunication,3,7147.17,7147.17,2381.99
January_2026,Chhattisgarh,"Department of Water Resources, River Development & GR",Water Resources,2,842.26,1109.33,855.96
January_2026,Chhattisgarh,Ministry of Coal,Coal,12,30153.29,30153.3,12458.01
January_2026,Chhattisgarh,12458.01,Railways,1,1686.22,2438.53,536.26
January_2026,Chhattisgarh,Ministry of Health & Family Welfare,Healthcare,3,975.0,972.85,480.99
January_2026,Chhattisgarh,Ministry of Petroleum & Natural Gas,Oil & Gas,3,10613.29,11024.0,7100.26
January_2026,Chhattisgarh,Ministry of Power,Electricity Generation,2,25321.0,25897.0,4691.43
January_2026,Chhattisgarh,Ministry of Railways,Railways,19,35085.53,39529.7,20556.24
January_2026,Chhattisgarh,Ministry of Road Transport & Highways,Roads & Highways,15,14004.52,14468.3,4740.53
January_2026,Chhattisgarh,Ministry of Steel,Metals & Mining,1,1700.0,1756.2,170.13
January_2026,Chhattisgarh,170.13,Steel,6,7530.14,10050.1,5922.63
January_2026,Dadra & Nagar Haveli and Daman & Diu,Ministry of Housing & Urban Affairs,Waste & Water,1,210.0,210.0,0.0
January_2026,Dadra & Nagar Haveli and Daman & Diu,Ministry of Power,Transmission & Distribution,1,4546.26,4546.26,4482.15
January_2026,Dadra & Nagar Haveli and Daman & Diu,Ministry of Railways,Railways,1,108000.0,108000.0,86792.89
January_2026,Dadra & Nagar Haveli and Daman & Diu,Ministry of Road Transport & Highways,Roads & Highways,1,1909.74,2652.24,521.59
January_2026,Delhi,Department of Higher Education,Education,2,706.49,709.42,331.78
January_2026,Delhi,Department of Telecommunications,Telecommunication,1,248.2,248.2,236.91
January_2026,Delhi,Ministry of Health & Family Welfare,Healthcare,2,4799.19,4799.19,24.68
January_2026,Delhi,Ministry of Housing & Urban Affairs,Real Estate,1,32850.0,32841.0,12339.04
January_2026,Delhi,12339.04,Urban Public Transport,5,81868.36,81868.4,46375.62
January_2026,Delhi,Ministry of Power,Transmission & Distribution,2,2331.0,2331.0,1718.13
January_2026,Delhi,Ministry of Railways,Railways,5,19348.46,20637.1,10454.05
January_2026,Delhi,Ministry of Road Transport & Highways,Roads & Highways,4,7104.27,8860.76,5101.69
January_2026,Goa,Ministry of Civil Aviation,Aviation & Aviation Infrastructure,1,255.69,255.69,154.3
January_2026,Goa,Ministry of Railways,Railways,2,5804.49,6182.62,6436.88
January_2026,Goa,Ministry of Road Transport & Highways,Roads & Highways,2,868.22,790.9,102.5
January_2026,Gujarat,Department of Higher Education,Education,1,490.63,490.63,319.74
January_2026,Gujarat,Department of Telecommunications,Telecommunication,1,336.89,301.13,241.21
January_2026,Gujarat,"Department of Water Resources, River Development & GR",Water Resources,2,25739.93,40082.8,36817.84
January_2026,Gujarat,Ministry of Civil Aviation,Aviation & Aviation Infrastructure,2,1668.1,1914.1,836.62
January_2026,Gujarat,Ministry of Coal,Electricity Generation,4,5421.78,5421.78,1768.57
January_2026,Gujarat,Ministry of Health & Family Welfare,Healthcare,3,1845.0,2477.48,2119.08
January_2026,Gujarat,Ministry of Housing & Urban Affairs,Real Estate,1,539.0,539.0,39.63
January_2026,Gujarat,39.63,Urban Public Transport,3,28177.49,30329.0,25661.57
January_2026,Gujarat,25661.57,Waste & Water,1,200.0,200.0,100.0
January_2026,Gujarat,Ministry of Labour and Employment,Healthcare,3,973.35,973.35,290.3
January_2026,Gujarat,Ministry of Petroleum & Natural Gas,Energy Storage,3,19472.86,19420.4,15439.6
January_2026,Gujarat,15439.60,Oil & Gas,11,32704.12,32357.3,23980.74
January_2026,Gujarat,"Ministry of Ports, Shipping and Waterways",Shipping,3,4514.64,4681.1,1468.98
January_2026,Gujarat,1468.98,"Tourism, Hospitality & Wellness",1,573.0,1238.05,545.51
January_2026,Gujarat,Ministry of Power,Electricity Generation,1,339.35,339.35,317.59
January_2026,Gujarat,317.59,Transmission & Distribution,16,69253.53,69253.5,12463.13
January_2026,Gujarat,Ministry of Railways,Railways,26,186558.1,264367.0,233831.79
January_2026,Gujarat,Ministry of Road Transport & Highways,Roads & Highways,37,36784.13,42387.0,18104.67
January_2026,Haryana,Department for Promotion of Industry & Internal Trade,Logistics Infrastructure,1,763.0,763.0,430.0
January_2026,Haryana,Ministry of Health & Family Welfare,Healthcare,1,1299.0,1646.43,529.46
January_2026,Haryana,Ministry of Housing & Urban Affairs,Urban Public Transport,2,11683.71,11683.7,164.63
January_2026,Haryana,164.63,Waste & Water,2,491.2,491.2,387.03
January_2026,Haryana,Ministry of Petroleum & Natural Gas,Energy Storage,1,9028.0,9028.0,7290.7
January_2026,Haryana,7290.70,Oil & Gas,5,45925.07,49596.1,35817.74
January_2026,Haryana,Ministry of Power,Transmission & Distribution,3,11696.0,11696.0,1951.94
January_2026,Haryana,Ministry of Railways,Railways,4,53464.0,126368.0,125721.58
January_2026,Haryana,Ministry of Road Transport & Highways,Roads & Highways,18,23259.76,25645.9,8623.89
January_2026,Himachal Pradesh,Department of Higher Education,Education,3,811.15,921.89,654.95
January_2026,Himachal Pradesh,Department of Telecommunications,Telecommunication,1,336.89,301.13,241.21
January_2026,Himachal Pradesh,Ministry of Power,Electricity Generation,4,7728.04,13783.7,4464.63
January_2026,Himachal Pradesh,Ministry of Railways,Railways,3,17005.0,17005.1,97341.9
January_2026,Himachal Pradesh,Ministry of Road Transport & Highways,Roads & Highways,16,12080.92,14921.1,5124.33
January_2026,Jammu and Kashmir,Department of Higher Education,Education,1,424.93,500.91,484.52
January_2026,Jammu and Kashmir,Department of Telecommunications,Telecommunication,1,336.89,301.13,241.21
January_2026,Jammu and Kashmir,Ministry of Civil Aviation,Aviation & Aviation Infrastructure,1,861.37,861.37,271.48
January_2026,Jammu and Kashmir,Ministry of Health & Family Welfare,Healthcare,1,1828.0,2160.84,1504.97
January_2026,Jammu and Kashmir,Ministry of Petroleum & Natural Gas,Oil & Gas,2,1059.9,1059.9,267.19
January_2026,Jammu and Kashmir,Ministry of Power,Electricity Generation,4,22207.77,27945.1,13990.04
January_2026,Jammu and Kashmir,13990.04,Transmission & Distribution,1,218.6,218.6,2.71
January_2026,Jammu and Kashmir,Ministry of Road Transport & Highways,Roads & Highways,36,33884.54,34150.7,12170.24
January_2026,Jharkhand,Department of Telecommunications,Telecommunication,3,7147.17,7147.17,2381.99
January_2026,Jharkhand,"Department of Water Resources, River Development & GR",Water Resources,2,5430.04,12010.3,6061.1
January_2026,Jharkhand,Ministry of Coal,Coal,28,51354.95,51119.3,10762.88
January_2026,Jharkhand,10762.88,Railways,1,1799.64,2564.34,1663.13
January_2026,Jharkhand,Ministry of Health & Family Welfare,Healthcare,2,500.0,958.9,260.0
January_2026,Jharkhand,Ministry of Housing & Urban Affairs,Waste & Water,3,654.14,654.14,403.16
January_2026,Jharkhand,Ministry of Petroleum & Natural Gas,Energy Storage,1,10228.0,11407.0,10463.05
January_2026,Jharkhand,10463.05,Oil & Gas,3,2010.07,2010.07,662.23
January_2026,Jharkhand,"Ministry of Ports, Shipping and Waterways",Inland Waterways,1,5369.18,5061.15,3766.21
January_2026,Jharkhand,Ministry of Power,Coal,2,2083.0,2365.0,999.33
January_2026,Jharkhand,999.33,Electricity Generation,2,33026.0,34660.0,19818.9
January_2026,Jharkhand,19818.90,Transmission & Distribution,1,1842.25,1842.25,1648.05
January_2026,Jharkhand,Ministry of Railways,Railways,13,37614.07,38474.7,10836.91
January_2026,Jharkhand,Ministry of Road Transport & Highways,Roads & Highways,28,32296.93,31304.7,10648.11
January_2026,Jharkhand,Ministry of Steel,Steel,6,2854.58,3572.87,1635.11
January_2026,Karnataka,Department for Promotion of Industry & Internal Trade,Real Estate,1,1701.81,1701.81,184.16
January_2026,Karnataka,"Department of Water Resources, River Development & GR",Water Resources,1,770.16,1606.07,1515.6
January_2026,Karnataka,Ministry of Civil Aviation,Aviation & Aviation Infrastructure,3,1143.4,1143.4,641.31
January_2026,Karnataka,Ministry of Housing & Urban Affairs,Urban Public Transport,2,41193.24,45483.2,39112.37
January_2026,Karnataka,39112.37,Waste & Water,2,337.69,337.69,178.89
January_2026,Karnataka,Ministry of Labour and Employment,Healthcare,2,428.92,428.92,235.37
January_2026,Karnataka,Ministry of Petroleum & Natural Gas,Energy Storage,1,678.0,1732.0,943.82
January_2026,Karnataka,943.82,Oil & Gas,5,9662.0,12693.6,9241.73
January_2026,Karnataka,"Ministry of Ports, Shipping and Waterways",Shipping,1,153.23,153.23,38.31
January_2026,Karnataka,Ministry of Power,Transmission & Distribution,9,21604.0,21604.0,5189.86
January_2026,Karnataka,Ministry of Railways,Railways,18,41130.29,47548.9,20869.56
January_2026,Karnataka,Ministry of Road Transport & Highways,Roads & Highways,50,51884.25,52031.3,15381.68
January_2026,Karnataka,Ministry of Steel,Steel,1,1043.63,1043.63,443.37
January_2026,Kerala,Department of Higher Education,Education,2,2533.45,2744.4,673.2
January_2026,Kerala,Ministry of Civil Aviation,Aviation & Aviation Infrastructure,1,484.57,484.57,128.81
January_2026,Kerala,Ministry of Housing & Urban Affairs,Urban Public Transport,1,1957.05,1957.05,567.33
January_2026,Kerala,Ministry of Petroleum & Natural Gas,Oil & Gas,4,9126.87,12120.9,5490.59
January_2026,Kerala,Ministry of Power,Transmission & Distribution,1,173.14,173.14,0.9
January_2026,Kerala,Ministry of Railways,Railways,3,2846.0,5183.64,3236.79
January_2026,Kerala,Ministry of Road Transport & Highways,Roads & Highways,17,44330.22,48484.0,14432.06
January_2026,Ladakh,Department of Telecommunications,Telecommunication,1,336.89,301.13,241.21
January_2026,Ladakh,Ministry of Civil Aviation,Aviation & Aviation Infrastructure,1,480.0,640.0,492.21
January_2026,Ladakh,Ministry of Road Transport & Highways,Roads & Highways,3,1184.27,1184.27,762.25
January_2026,Madhya Pradesh,Department of Higher Education,Education,1,496.28,496.28,56.35
January_2026,Madhya Pradesh,Department of Telecommunications,Telecommunication,3,3883.82,3691.11,1185.56
January_2026,Madhya Pradesh,"Department of Water Resources, River Development & GR",Water Resources,3,2628.27,2941.14,3057.95
January_2026,Madhya Pradesh,Ministry of Coal,Coal,16,35799.19,35799.2,3610.06
January_2026,Madhya Pradesh,Ministry of Health & Family Welfare,Healthcare,2,650.0,650.0,221.41
January_2026,Madhya Pradesh,Ministry of Housing & Urban Affairs,Urban Public Transport,2,14442.2,14442.2,8496.09
January_2026,Madhya Pradesh,8496.09,Waste & Water,4,1243.05,1303.47,1127.76
January_2026,Madhya Pradesh,Ministry of Mines,Metals & Mining,1,1856.36,1856.36,955.12
January_2026,Madhya Pradesh,Ministry of Petroleum & Natural Gas,Energy Storage,1,10088.0,10088.0,8056.6
January_2026,Madhya Pradesh,8056.60,Oil & Gas,3,53003.25,53414.0,10083.7
January_2026,Madhya Pradesh,Ministry of Power,Electricity Generation,1,20446.0,20446.0,1229.69
January_2026,Madhya Pradesh,1229.69,Transmission & Distribution,9,45890.32,45890.3,5535.02
January_2026,Madhya Pradesh,Ministry of Railways,Railways,19,58468.02,73753.8,55964.72
January_2026,Madhya Pradesh,Ministry of Road Transport & Highways,Roads & Highways,36,27148.38,25878.4,6262.46
January_2026,Maharashtra,Department of Telecommunications,Telecommunication,4,7608.59,7608.59,2548.01
January_2026,Maharashtra,"Department of Water Resources, River Development & GR",Water Resources,11,22660.36,32345.7,34775.72
January_2026,Maharashtra,Ministry of Civil Aviation,Aviation & Aviation Infrastructure,1,500.48,500.48,358.76
January_2026,Maharashtra,Ministry of Coal,Coal,26,12900.3,12900.3,2912.26
January_2026,Maharashtra,Ministry of Housing & Urban Affairs,Urban Public Transport,9,60255.66,74395.7,34808.89
January_2026,Maharashtra,34808.89,Waste & Water,4,814.94,814.94,673.99
January_2026,Maharashtra,Ministry of Labour and Employment,Healthcare,3,884.31,886.08,648.49
January_2026,Maharashtra,Ministry of Petroleum & Natural Gas,Energy Storage,1,281.35,389.67,247.89
January_2026,Maharashtra,247.89,Oil & Gas,11,32676.16,35504.2,21348.2
January_2026,Maharashtra,"Ministry of Ports, Shipping and Waterways",Healthcare,1,693.0,693.0,58.0
January_2026,Maharashtra,58.00,Shipping,2,6900.0,6900.0,6064.89
January_2026,Maharashtra,Ministry of Power,Transmission & Distribution,5,32596.67,32596.7,6599.38
January_2026,Maharashtra,Ministry of Railways,Railways,34,267898.34,360179.0,284146.53
January_2026,Maharashtra,Ministry of Road Transport & Highways,Roads & Highways,68,60588.49,61432.8,17390.5
January_2026,Manipur,Department of Sports,Education,1,906.47,611.74,569.37
January_2026,Manipur,"Department of Water Resources, River Development & GR",Water Resources,1,1449.44,1822.24,1837.91
January_2026,Manipur,Ministry of Civil Aviation,Aviation & Aviation Infrastructure,1,499.0,499.0,161.3
January_2026,Manipur,Ministry of Petroleum & Natural Gas,Oil & Gas,1,9265.0,9265.0,6678.0
January_2026,Manipur,Ministry of Power,Transmission & Distribution,1,5111.33,6700.0,5474.57
January_2026,Manipur,Ministry of Railways,Railways,1,14323.0,21885.9,15849.48
January_2026,Manipur,Ministry of Road Transport & Highways,Roads & Highways,28,10293.03,10293.0,5536.14
January_2026,Meghalaya,Department of Telecommunications,Telecommunication,1,971.96,971.96,216.36
January_2026,Meghalaya,Ministry of Petroleum & Natural Gas,Oil & Gas,1,9265.0,9265.0,6678.0
January_2026,Meghalaya,Ministry of Power,Transmission & Distribution,1,5111.33,6700.0,5474.57
January_2026,Meghalaya,Ministry of Road Transport & Highways,Roads & Highways,12,6148.96,5995.63,836.84
January_2026,Mizoram,Department of Higher Education,Education,1,474.23,474.23,167.55
January_2026,Mizoram,Ministry of Petroleum & Natural Gas,Energy Storage,1,225.71,225.71,16.57
January_2026,Mizoram,16.57,Oil & Gas,1,9265.0,9265.0,6678.0
January_2026,Mizoram,Ministry of Power,Transmission & Distribution,1,5111.33,6700.0,5474.57
January_2026,Mizoram,Ministry of Road Transport & Highways,Roads & Highways,21,14421.14,14565.7,2348.61
January_2026,Nagaland,Department of Higher Education,Education,1,275.63,275.63,261.7
January_2026,Nagaland,Ministry of Petroleum & Natural Gas,Oil & Gas,2,9492.62,9492.62,6695.08
January_2026,Nagaland,Ministry of Power,Transmission & Distribution,1,5111.33,6700.0,5474.57
January_2026,Nagaland,Ministry of Railways,Railways,2,8786.7,8786.7,6006.95
January_2026,Nagaland,Ministry of Road Transport & Highways,Roads & Highways,19,6191.03,6745.08,703.09
January_2026,Odisha,Department of Higher Education,Education,2,1428.29,1042.06,867.08
January_2026,Odisha,Department of Telecommunications,Telecommunication,3,7147.17,7147.17,2381.99
January_2026,Odisha,"Department of Water Resources, River Development & GR",Water Resources,2,1556.46,5291.33,5560.14
January_2026,Odisha,Ministry of Coal,Coal,13,37048.73,34740.4,13753.68
January_2026,Odisha,13753.68,Electricity Generation,1,27212.96,27213.0,2616.26
January_2026,Odisha,Ministry of Labour and Employment,Healthcare,1,164.6,164.6,16.4
January_2026,Odisha,Ministry of Mines,Metals & Mining,4,6322.0,8702.17,5912.56
January_2026,Odisha,Ministry of Petroleum & Natural Gas,Energy Storage,2,12886.34,14217.0,12763.55
January_2026,Odisha,12763.55,Oil & Gas,6,25800.35,24283.5,16352.4
January_2026,Odisha,"Ministry of Ports, Shipping and Waterways",Shipping,1,3004.63,3004.63,1277.52
January_2026,Odisha,Ministry of Power,Electricity Generation,1,11843.75,12543.0,5442.33
January_2026,Odisha,5442.33,Transmission & Distribution,2,3065.19,3065.19,41.22
January_2026,Odisha,Ministry of Railways,Railways,28,43414.1,49171.3,31613.62
January_2026,Odisha,31613.62,Railways,1,267.61,267.61,0.0
January_2026,Odisha,Ministry of Road Transport & Highways,Roads & Highways,28,19570.95,22198.2,6426.29
January_2026,Puducherry,Department of Higher Education,Education,1,618.34,544.34,530.88
January_2026,Puducherry,Ministry of Railways,Railways,1,713.0,981.0,633.24
January_2026,Puducherry,Ministry of Road Transport & Highways,Roads & Highways,3,5669.29,5888.85,1489.49
January_2026,Punjab,Department of Higher Education,Education,2,559.3,559.3,329.51
January_2026,Punjab,"Department of Water Resources, River Development & GR",Water Resources,2,3727.07,5177.86,4333.05
January_2026,Punjab,Ministry of Health & Family Welfare,Healthcare,2,650.0,924.75,0.0
January_2026,Punjab,Ministry of Housing & Urban Affairs,Waste & Water,2,545.53,553.64,374.66
January_2026,Punjab,Ministry of Petroleum & Natural Gas,Oil & Gas,5,12693.36,12693.4,8229.18
January_2026,Punjab,Ministry of Power,Transmission & Distribution,1,5969.0,5969.0,1049.35
January_2026,Punjab,Ministry of Railways,Railways,3,15702.64,15703.0,96912.57
January_2026,Punjab,Ministry of Road Transport & Highways,Roads & Highways,31,42503.92,47280.3,19966.25
January_2026,Rajasthan,Department of Telecommunications,Telecommunication,2,758.54,530.07,387.43
January_2026,Rajasthan,Ministry of Civil Aviation,Aviation & Aviation Infrastructure,3,2874.0,2874.0,829.9
January_2026,Rajasthan,Ministry of Coal,Electricity Generation,1,1813.0,1813.0,1752.16
January_2026,Rajasthan,Ministry of Petroleum & Natural Gas,Energy Storage,3,52618.05,88948.1,71985.94
January_2026,Rajasthan,71985.94,Oil & Gas,2,10599.0,10599.0,6722.93
January_2026,Rajasthan,Ministry of Power,Transmission & Distribution,21,75547.23,75547.2,21124.86
January_2026,Rajasthan,Ministry of Railways,Railways,23,88788.95,165500.0,150922.53
January_2026,Rajasthan,Ministry of Road Transport & Highways,Roads & Highways,20,14198.21,13977.3,7497.56
January_2026,Sikkim,Department of Higher Education,Education,2,999.82,924.82,450.25
January_2026,Sikkim,Ministry of Civil Aviation,Aviation & Aviation Infrastructure,1,323.26,323.26,51.21
January_2026,Sikkim,Ministry of Health & Family Welfare,Healthcare,1,250.0,635.21,645.21
January_2026,Sikkim,Ministry of Petroleum & Natural Gas,Oil & Gas,1,9265.0,9265.0,6678.0
January_2026,Sikkim,Ministry of Power,Electricity Generation,2,6686.33,7576.15,5608.51
January_2026,Sikkim,5608.51,Transmission & Distribution,1,4754.42,9129.32,7904.16
January_2026,Sikkim,Ministry of Railways,Railways,1,7877.0,11775.0,10027.63
January_2026,Sikkim,Ministry of Road Transport & Highways,Roads & Highways,6,2629.21,2525.29,34.19
January_2026,Tamil Nadu,Ministry of Civil Aviation,Aviation & Aviation Infrastructure,1,1207.0,1207.0,230.44
January_2026,Tamil Nadu,Ministry of Coal,Electricity Generation,1,218.03,218.03,166.55
January_2026,Tamil Nadu,Ministry of Health & Family Welfare,Healthcare,1,1264.0,2021.51,387.07
January_2026,Tamil Nadu,Ministry of Housing & Urban Affairs,Urban Public Transport,1,63246.0,63246.0,30721.57
January_2026,Tamil Nadu,Ministry of Labour and Employment,Healthcare,1,152.95,177.01,119.22
January_2026,Tamil Nadu,Ministry of Mines,Metals & Mining,1,166.0,166.0,135.0
January_2026,Tamil Nadu,Ministry of Petroleum & Natural Gas,Energy Storage,3,2334.0,3448.71,1916.93
January_2026,Tamil Nadu,1916.93,Oil & Gas,4,38385.0,46153.0,6369.19
January_2026,Tamil Nadu,Ministry of Power,Transmission & Distribution,1,548.0,548.0,111.13
January_2026,Tamil Nadu,Ministry of Railways,Railways,7,8370.7,11242.2,6359.09
January_2026,Tamil Nadu,Ministry of Road Transport & Highways,Roads & Highways,38,49769.21,47732.0,15121.81
January_2026,Telangana,Department of Higher Education,Education,1,262.0,262.0,200.11
January_2026,Telangana,Department of Telecommunications,Telecommunication,3,3923.59,3923.59,1205.36
January_2026,Telangana,"Department of Water Resources, River Development & GR",Water Resources,4,11670.14,24129.6,11936.34
January_2026,Telangana,Ministry of Civil Aviation,Aviation & Aviation Infrastructure,1,500.48,500.48,358.76
January_2026,Telangana,Ministry of Coal,Coal,7,2986.57,2986.57,1742.55
January_2026,Telangana,Ministry of Health & Family Welfare,Healthcare,1,1028.0,1365.95,947.53
January_2026,Telangana,Ministry of Housing & Urban Affairs,Construction,1,644.0,644.0,127.46
January_2026,Telangana,Ministry of Petroleum & Natural Gas,Oil & Gas,1,215.0,215.0,38.16
January_2026,Telangana,Ministry of Power,Transmission & Distribution,2,5694.56,5694.56,5245.42
January_2026,Telangana,Ministry of Railways,Railways,11,19213.75,22977.8,12972.53
January_2026,Telangana,Ministry of Road Transport & Highways,Roads & Highways,40,25384.08,27605.8,8287.68
January_2026,Tripura,Ministry of Petroleum & Natural Gas,Energy Storage,1,656.0,656.0,500.52
January_2026,Tripura,500.52,Oil & Gas,2,9474.33,9396.51,6750.24
January_2026,Tripura,Ministry of Power,Transmission & Distribution,1,5111.33,6700.0,5474.57
January_2026,Tripura,Ministry of Road Transport & Highways,Roads & Highways,10,6538.26,6562.79,238.52
January_2026,Uttar Pradesh,Department of Higher Education,Education,1,246.0,246.0,200.11
January_2026,Uttar Pradesh,Department of Telecommunications,Telecommunication,4,4220.71,3992.24,1426.77
January_2026,Uttar Pradesh,"Department of Water Resources, River Development & GR",Waste & Water,2,1532.96,1532.96,243.43
January_2026,Uttar Pradesh,243.43,Water Resources,3,2953.27,6309.81,4713.18
January_2026,Uttar Pradesh,Ministry of Civil Aviation,Aviation & Aviation Infrastructure,3,3949.13,3949.13,959.51
January_2026,Uttar Pradesh,Ministry of Coal,Coal,2,1328.09,1328.09,1097.58
January_2026,Uttar Pradesh,1097.58,Electricity Generation,1,17237.8,21780.9,20967.25
January_2026,Uttar Pradesh,Ministry of Housing & Urban Affairs,Urban Public Transport,4,55531.15,55531.2,42625.97
January_2026,Uttar Pradesh,42625.97,Waste & Water,2,797.47,797.47,707.18
January_2026,Uttar Pradesh,Ministry of Petroleum & Natural Gas,Energy Storage,2,11068.45,11068.5,8311.66
January_2026,Uttar Pradesh,Ministry of Petroleum & Natural Gas,Oil & Gas,3,17824.68,18213.1,1746.55
January_2026,Uttar Pradesh,"Ministry of Ports, Shipping and Waterways",Inland Waterways,1,5369.18,5061.15,3766.21
January_2026,Uttar Pradesh,Ministry of Power,Electricity Generation,1,17195.0,17195.0,2458.83
January_2026,Uttar Pradesh,2458.83,Transmission & Distribution,5,35482.81,35482.8,2691.36
January_2026,Uttar Pradesh,Ministry of Railways,Railways,26,95077.38,168712.0,147125.33
January_2026,Uttar Pradesh,Ministry of Road Transport & Highways,Roads & Highways,99,106800.1,100784.0,30433.2
January_2026,Uttarakhand,Department of Higher Education,Education,1,650.85,650.85,308.05
January_2026,Uttarakhand,"Department of Water Resources, River Development & GR",Water Resources,1,2584.1,2584.1,991.09
January_2026,Uttarakhand,Ministry of Health & Family Welfare,Healthcare,2,650.0,1093.89,574.08
January_2026,Uttarakhand,Ministry of Housing & Urban Affairs,Real Estate,1,150.97,150.97,18.95
January_2026,Uttarakhand,Ministry of Labour and Employment,Healthcare,1,102.4,297.63,322.55
January_2026,Uttarakhand,Ministry of Power,Electricity Generation,3,11663.95,25651.4,20690.81
January_2026,Uttarakhand,Ministry of Railways,Railways,1,38953.0,38953.0,27545.81
January_2026,Uttarakhand,Ministry of Road Transport & Highways,Roads & Highways,19,10652.85,10256.4,4027.73
January_2026,West Bengal,Department of Higher Education,Education,1,500.0,442.0,403.6
January_2026,West Bengal,Department of Telecommunications,Telecommunication,2,3462.17,3462.17,1039.34
January_2026,West Bengal,"Department of Water Resources, River Development & GR",Waste & Water,1,154.73,154.73,96.17
January_2026,West Bengal,Ministry of Civil Aviation,Aviation & Aviation Infrastructure,2,1877.3,1877.3,492.4
January_2026,West Bengal,Ministry of Coal,Coal,13,15863.74,15863.7,2915.26
January_2026,West Bengal,Ministry of Mines,Construction,1,255.37,255.37,94.91
January_2026,West Bengal,Ministry of Petroleum & Natural Gas,Energy Storage,1,10228.0,11407.0,10463.05
January_2026,West Bengal,10463.05,Oil & Gas,11,19590.65,20535.2,12291.24
January_2026,West Bengal,"Ministry of Ports, Shipping and Waterways",Inland Waterways,1,5369.18,5061.15,3766.21
January_2026,West Bengal,3766.21,Shipping,2,551.91,551.91,489.28
January_2026,West Bengal,Ministry of Power,Electricity Generation,3,20091.84,21644.6,4064.45
January_2026,West Bengal,4064.45,Transmission & Distribution,2,751.63,751.63,43.26
January_2026,West Bengal,Ministry of Railways,Railways,16,49559.1,60771.0,35864.52
January_2026,West Bengal,Ministry of Road Transport & Highways,Roads & Highways,17,12228.67,12550.8,2382.87
January_2026,West Bengal,Ministry of Steel,Steel,6,6733.06,6733.06,957.9
March_2026,Unknown,Ministry of Power,Transmission & Distribution,1,370.0,370.0,101.75
March_2026,Offshore,Ministry of Petroleum & Natural Gas,Oil & Gas,6,19714.58,22972.8,14972.15
March_2026,Offshore,"Ministry of Ports, Shipping and Waterways",Inland Waterways,1,177.0,197.0,383.41
March_2026,Offshore,Ministry of Railways,Railways,1,819.0,819.0,580.51
March_2026,PAN India,Department of Telecommunications,Telecommunication,5,141080.68,263402.0,73544.16
March_2026,PAN India,Ministry of Railways,Railways,1,274.39,274.39,0.0
March_2026,Andaman & Nicobar,Ministry of Housing & Urban Affairs,Real Estate,1,209.88,209.88,0.0
March_2026,Andaman & Nicobar,Ministry of Road Transport & Highways,Roads & Highways,3,653.97,1081.48,0.0
March_2026,Andhra Pradesh,Department for Promotion of Industry & Internal Trade,Real Estate,1,2139.44,2139.44,754.36
March_2026,Andhra Pradesh,Department of Higher Education,Education,1,305.0,305.0,63.37
March_2026,Andhra Pradesh,Department of Telecommunications,Telecommunication,3,7147.17,7147.17,2529.89
March_2026,Andhra Pradesh,"Department of Water Resources, River Development & GR",Water Resources,3,10901.5,57269.5,28132.55
March_2026,Andhra Pradesh,Ministry of Civil Aviation,Aviation & Aviation Infrastructure,3,1224.86,1224.86,808.44
March_2026,Andhra Pradesh,Ministry of Housing & Urban Affairs,Waste & Water,1,172.22,172.22,88.86
March_2026,Andhra Pradesh,Ministry of Labour and Employment,Healthcare,1,384.27,384.27,253.37
March_2026,Andhra Pradesh,Ministry of Petroleum & Natural Gas,Energy Storage,1,2658.34,2810.0,2310.2
March_2026,Andhra Pradesh,2310.20,Oil & Gas,4,36642.34,36702.3,33610.02
March_2026,Andhra Pradesh,Ministry of Power,Transmission & Distribution,6,20490.12,20490.1,6790.64
March_2026,Andhra Pradesh,Ministry of Railways,Railways,24,47210.95,55167.9,38251.01
March_2026,Andhra Pradesh,Ministry of Road Transport & Highways,Roads & Highways,90,81748.4,80284.9,29617.93
March_2026,Arunachal Pradesh,Department of Higher Education,Education,1,592.61,592.61,551.3
March_2026,Arunachal Pradesh,Department of Telecommunications,Telecommunication,1,1255.49,1255.49,332.43
March_2026,Arunachal Pradesh,Ministry of Petroleum & Natural Gas,Oil & Gas,1,9265.0,9265.0,6739.27
March_2026,Arunachal Pradesh,Ministry of Power,Electricity Generation,4,41850.64,61640.8,30830.37
March_2026,Arunachal Pradesh,30830.37,Transmission & Distribution,2,4963.8,9338.7,8035.89
March_2026,Arunachal Pradesh,Ministry of Railways,Railways,1,435.0,1250.0,843.65
March_2026,Arunachal Pradesh,Ministry of Road Transport & Highways,Roads & Highways,12,8579.09,8579.09,1173.52
March_2026,Assam,Department of Higher Education,Education,1,153.71,153.71,137.84
March_2026,Assam,Department of Telecommunications,Telecommunication,1,1255.49,1255.49,332.43
March_2026,Assam,"Department of Water Resources, River Development & GR",Water Resources,1,256.16,256.16,44.7
March_2026,Assam,Ministry of Civil Aviation,Aviation & Aviation Infrastructure,1,1712.0,2520.0,2602.19
March_2026,Assam,Ministry of Coal,Coal,2,449.23,449.23,198.08
March_2026,Assam,Ministry of Labour and Employment,Healthcare,1,143.23,154.75,130.08
March_2026,Assam,Ministry of Petroleum & Natural Gas,Energy Storage,3,10768.4,11947.4,11079.17
March_2026,Assam,11079.17,Oil & Gas,13,26860.47,37215.3,29089.99
March_2026,Assam,Ministry of Power,Electricity Generation,1,6285.33,26075.5,26119.27
March_2026,Assam,26119.27,Transmission & Distribution,1,5111.33,6700.0,5577.75
March_2026,Assam,Ministry of Railways,Railways,8,18227.15,19942.2,11245.52
March_2026,Assam,Ministry of Road Transport & Highways,Roads & Highways,55,49110.85,49762.0,13978.5
March_2026,Bihar,Department of Higher Education,Education,1,499.21,499.21,449.39
March_2026,Bihar,Department of Telecommunications,Telecommunication,3,3883.82,3691.11,1231.42
March_2026,Bihar,"Department of Water Resources, River Development & GR",Waste & Water,5,2351.43,2351.43,1303.45
March_2026,Bihar,1303.45,Water Resources,2,2193.34,3088.88,620.65
March_2026,Bihar,Ministry of Civil Aviation,Aviation & Aviation Infrastructure,3,3541.56,3541.56,1556.2
March_2026,Bihar,Ministry of Health & Family Welfare,Healthcare,1,250.0,500.0,100.21
March_2026,Bihar,100.21,Healthcare,1,1264.0,1264.0,0.0
March_2026,Bihar,Ministry of Housing & Urban Affairs,Urban Public Transport,1,13365.77,13365.8,5068.37
March_2026,Bihar,5068.37,Waste & Water,1,158.78,158.78,93.35
March_2026,Bihar,Ministry of Petroleum & Natural Gas,Energy Storage,1,10228.0,11407.0,10771.24
March_2026,Bihar,10771.24,Oil & Gas,7,25153.5,27018.2,14283.32
March_2026,Bihar,"Ministry of Ports, Shipping and Waterways",Inland Waterways,1,5369.18,5061.15,3956.59
March_2026,Bihar,Ministry of Power,Electricity Generation,2,40387.09,43704.6,15800.15
March_2026,Bihar,15800.15,Transmission & Distribution,3,3119.63,3119.63,130.16
March_2026,Bihar,Ministry of Railways,Railways,21,41041.25,45509.6,19683.67
March_2026,Bihar,Ministry of Road Transport & Highways,Roads & Highways,76,93254.95,92354.0,27001.06
March_2026,Chhattisgarh,Department of Higher Education,Education,1,1188.97,1188.97,0.0
March_2026,Chhattisgarh,Department of Telecommunications,Telecommunication,3,7147.17,7147.17,2529.89
March_2026,Chhattisgarh,"Department of Water Resources, River Development & GR",Water Resources,2,842.26,1109.33,867.91
March_2026,Chhattisgarh,Ministry of Coal,Coal,14,34428.39,34428.4,12677.49
March_2026,Chhattisgarh,12677.49,Railways,1,1686.22,2438.53,618.64
March_2026,Chhattisgarh,Ministry of Health & Family Welfare,Healthcare,3,975.0,972.85,503.99
March_2026,Chhattisgarh,Ministry of Petroleum & Natural Gas,Oil & Gas,3,10613.29,11024.0,7458.67
March_2026,Chhattisgarh,Ministry of Power,Electricity Generation,2,25321.0,25897.0,6162.51
March_2026,Chhattisgarh,Ministry of Railways,Railways,19,35085.53,39529.7,21075.24
March_2026,Chhattisgarh,Ministry of Road Transport & Highways,Roads & Highways,24,19089.87,20458.4,7723.21
March_2026,Chhattisgarh,Ministry of Steel,Metals & Mining,1,1700.0,1756.2,253.33
March_2026,Chhattisgarh,253.33,Steel,5,7180.39,9700.39,5999.3
March_2026,Dadra & Nagar Haveli and Daman & Diu,Ministry of Housing & Urban Affairs,Waste & Water,1,210.0,210.0,0.0
March_2026,Dadra & Nagar Haveli and Daman & Diu,Ministry of Power,Transmission & Distribution,1,4546.26,4546.26,4523.49
March_2026,Dadra & Nagar Haveli and Daman & Diu,Ministry of Railways,Railways,1,108000.0,108000.0,90395.89
March_2026,Dadra & Nagar Haveli and Daman & Diu,Ministry of Road Transport & Highways,Roads & Highways,2,2107.8,2891.81,743.21
March_2026,Delhi,Department of Higher Education,Education,2,706.49,709.42,349.39
March_2026,Delhi,Department of Telecommunications,Telecommunication,1,248.2,248.2,236.91
March_2026,Delhi,Ministry of Health & Family Welfare,Healthcare,2,4799.19,4799.19,24.68
March_2026,Delhi,Ministry of Housing & Urban Affairs,Real Estate,1,32850.0,32841.0,13885.72
March_2026,Delhi,13885.72,Urban Public Transport,4,51594.36,51594.4,20289.29
March_2026,Delhi,Ministry of Power,Transmission & Distribution,2,2331.0,2331.0,1835.29
March_2026,Delhi,Ministry of Railways,Railways,5,19348.46,20637.1,10618.83
March_2026,Delhi,Ministry of Road Transport & Highways,Roads & Highways,6,11477.2,15088.6,10367.02
March_2026,Goa,Ministry of Civil Aviation,Aviation & Aviation Infrastructure,1,255.69,255.69,156.7
March_2026,Goa,Ministry of Railways,Railways,2,5804.49,6182.62,6461.03
March_2026,Goa,Ministry of Road Transport & Highways,Roads & Highways,4,1729.55,1505.43,183.17
March_2026,Gujarat,Department of Higher Education,Education,1,490.63,490.63,329.53
March_2026,Gujarat,"Department of Water Resources, River Development & GR",Water Resources,2,25739.93,40082.8,36817.84
March_2026,Gujarat,Ministry of Civil Aviation,Aviation & Aviation Infrastructure,2,1668.1,1914.1,962.12
March_2026,Gujarat,Ministry of Coal,Electricity Generation,4,5421.78,5421.78,2490.75
March_2026,Gujarat,Ministry of Health & Family Welfare,Healthcare,3,1845.0,2477.48,2142.58
March_2026,Gujarat,Ministry of Housing & Urban Affairs,Real Estate,1,539.0,539.0,39.63
March_2026,Gujarat,39.63,Urban Public Transport,2,22793.32,24944.9,21309.58
March_2026,Gujarat,21309.58,Waste & Water,1,200.0,200.0,100.0
March_2026,Gujarat,Ministry of Labour and Employment,Healthcare,2,763.99,763.99,107.54
March_2026,Gujarat,Ministry of Petroleum & Natural Gas,Energy Storage,3,19472.86,19420.4,15409.74
March_2026,Gujarat,15409.74,Oil & Gas,11,32704.12,32414.6,24630.06
March_2026,Gujarat,"Ministry of Ports, Shipping and Waterways",Shipping,2,4414.64,4455.25,1577.5
March_2026,Gujarat,1577.50,"Tourism, Hospitality & Wellness",1,573.0,1238.05,611.24
March_2026,Gujarat,Ministry of Power,Electricity Generation,1,339.35,339.35,370.0
March_2026,Gujarat,370.00,Transmission & Distribution,16,69253.53,69253.5,13875.1
March_2026,Gujarat,Ministry of Railways,Railways,25,186405.66,264214.0,238186.91
March_2026,Gujarat,Ministry of Road Transport & Highways,Roads & Highways,45,48820.61,55725.3,25015.8
March_2026,Haryana,Department for Promotion of Industry & Internal Trade,Logistics Infrastructure,1,763.0,763.0,430.0
March_2026,Haryana,Ministry of Health & Family Welfare,Healthcare,1,1299.0,1646.43,651.42
March_2026,Haryana,Ministry of Housing & Urban Affairs,Urban Public Transport,2,11683.71,11683.7,165.01
March_2026,Haryana,165.01,Waste & Water,2,491.2,491.2,408.81
March_2026,Haryana,Ministry of Petroleum & Natural Gas,Energy Storage,1,9028.0,9028.0,7132.48
March_2026,Haryana,7132.48,Oil & Gas,6,46284.07,49955.1,36483.78
March_2026,Haryana,Ministry of Power,Transmission & Distribution,2,11326.0,11326.0,2533.05
March_2026,Haryana,Ministry of Railways,Railways,4,53464.0,126368.0,125759.33
March_2026,Haryana,Ministry of Road Transport & Highways,Roads & Highways,24,32523.29,35571.1,13358.4
March_2026,Himachal Pradesh,Department of Higher Education,Education,3,811.15,921.89,680.8
March_2026,Himachal Pradesh,Ministry of Power,Electricity Generation,3,5113.04,11168.7,4082.68
March_2026,Himachal Pradesh,Ministry of Railways,Railways,2,14987.0,14987.1,8135.59
March_2026,Himachal Pradesh,Ministry of Road Transport & Highways,Roads & Highways,24,21827.16,25954.6,9348.82
March_2026,Jammu and Kashmir,Department of Higher Education,Education,1,424.93,500.91,484.52
March_2026,Jammu and Kashmir,Ministry of Civil Aviation,Aviation & Aviation Infrastructure,1,861.37,861.37,316.6
March_2026,Jammu and Kashmir,Ministry of Health & Family Welfare,Healthcare,1,1828.0,2160.84,1545.05
March_2026,Jammu and Kashmir,Ministry of Petroleum & Natural Gas,Oil & Gas,2,1059.9,1059.9,293.22
March_2026,Jammu and Kashmir,Ministry of Power,Electricity Generation,4,22207.77,27945.1,15595.18
March_2026,Jammu and Kashmir,15595.18,Transmission & Distribution,1,218.6,218.6,3.28
March_2026,Jammu and Kashmir,Ministry of Road Transport & Highways,Roads & Highways,37,33781.46,33862.9,12868.39
March_2026,Jharkhand,Department of Telecommunications,Telecommunication,3,7147.17,7147.17,2529.89
March_2026,Jharkhand,"Department of Water Resources, River Development & GR",Water Resources,2,5430.04,12010.3,6172.77
March_2026,Jharkhand,Ministry of Coal,Coal,28,51354.95,51119.3,11216.59
March_2026,Jharkhand,11216.59,Railways,1,1799.64,2564.34,1663.13
March_2026,Jharkhand,Ministry of Health & Family Welfare,Healthcare,2,500.0,958.9,332.0
March_2026,Jharkhand,Ministry of Housing & Urban Affairs,Waste & Water,3,654.14,654.14,403.16
March_2026,Jharkhand,Ministry of Petroleum & Natural Gas,Energy Storage,1,10228.0,11407.0,10771.24
March_2026,Jharkhand,10771.24,Oil & Gas,3,2010.07,2010.07,688.07
March_2026,Jharkhand,"Ministry of Ports, Shipping and Waterways",Inland Waterways,1,5369.18,5061.15,3956.59
March_2026,Jharkhand,Ministry of Power,Coal,2,2083.0,2365.0,1007.33
March_2026,Jharkhand,1007.33,Electricity Generation,2,33026.0,34660.0,20407.92
March_2026,Jharkhand,20407.92,Transmission & Distribution,1,1842.25,1842.25,1648.05
March_2026,Jharkhand,Ministry of Railways,Railways,13,37614.07,38474.7,11229.0
March_2026,Jharkhand,Ministry of Road Transport & Highways,Roads & Highways,36,40068.85,39106.5,12668.11
March_2026,Jharkhand,Ministry of Steel,Steel,6,2854.58,3572.87,1856.78
March_2026,Karnataka,Department for Promotion of Industry & Internal Trade,Real Estate,1,1701.81,1701.81,278.35
March_2026,Karnataka,"Department of Water Resources, River Development & GR",Water Resources,1,770.16,1606.07,1515.6
March_2026,Karnataka,Ministry of Civil Aviation,Aviation & Aviation Infrastructure,3,1143.4,1143.4,720.37
March_2026,Karnataka,Ministry of Housing & Urban Affairs,Urban Public Transport,2,41193.24,45483.2,40124.3
March_2026,Karnataka,40124.30,Waste & Water,2,337.69,337.69,183.23
March_2026,Karnataka,Ministry of Labour and Employment,Healthcare,2,428.92,428.92,74.99
March_2026,Karnataka,Ministry of Petroleum & Natural Gas,Energy Storage,1,678.0,1732.0,1087.93
March_2026,Karnataka,1087.93,Oil & Gas,5,9662.0,12693.6,9473.72
March_2026,Karnataka,"Ministry of Ports, Shipping and Waterways",Shipping,1,153.23,153.23,58.93
March_2026,Karnataka,Ministry of Power,Transmission & Distribution,9,21604.0,21604.0,6184.93
March_2026,Karnataka,Ministry of Railways,Railways,17,39252.29,45089.9,19409.09
March_2026,Karnataka,Ministry of Road Transport & Highways,Roads & Highways,73,79282.35,83178.0,29841.49
March_2026,Karnataka,Ministry of Steel,Steel,1,1043.63,1043.63,606.39
March_2026,Kerala,Department of Higher Education,Education,2,2533.45,2744.4,682.26
March_2026,Kerala,Ministry of Civil Aviation,Aviation & Aviation Infrastructure,1,484.57,484.57,204.6
March_2026,Kerala,Ministry of Housing & Urban Affairs,Urban Public Transport,1,1957.05,1957.05,641.83
March_2026,Kerala,Ministry of Petroleum & Natural Gas,Oil & Gas,3,8505.0,11499.0,5676.13
March_2026,Kerala,Ministry of Power,Transmission & Distribution,1,173.14,173.14,1.73
March_2026,Kerala,Ministry of Railways,Railways,3,2846.0,5183.64,3275.97
March_2026,Kerala,Ministry of Road Transport & Highways,Roads & Highways,21,55629.95,61868.6,19304.75
March_2026,Ladakh,Ministry of Civil Aviation,Aviation & Aviation Infrastructure,1,480.0,640.0,501.81
March_2026,Ladakh,Ministry of Road Transport & Highways,Roads & Highways,3,1184.27,1184.27,825.09
March_2026,Madhya Pradesh,Department of Higher Education,Education,1,496.28,496.28,78.35
March_2026,Madhya Pradesh,Department of Telecommunications,Telecommunication,3,3883.82,3691.11,1231.42
March_2026,Madhya Pradesh,"Department of Water Resources, River Development & GR",Water Resources,4,23658.27,23971.1,11708.6
March_2026,Madhya Pradesh,Ministry of Coal,Coal,15,34550.26,34550.3,3397.37
March_2026,Madhya Pradesh,Ministry of Health & Family Welfare,Healthcare,2,650.0,650.0,240.41
March_2026,Madhya Pradesh,Ministry of Housing & Urban Affairs,Urban Public Transport,2,14442.2,14442.2,9117.11
March_2026,Madhya Pradesh,9117.11,Waste & Water,4,1243.05,1303.47,1142.55
March_2026,Madhya Pradesh,Ministry of Mines,Metals & Mining,1,1856.36,1856.36,962.65
March_2026,Madhya Pradesh,Ministry of Petroleum & Natural Gas,Energy Storage,1,10088.0,10088.0,8213.84
March_2026,Madhya Pradesh,8213.84,Oil & Gas,3,53003.25,53414.0,11990.3
March_2026,Madhya Pradesh,Ministry of Power,Electricity Generation,1,20446.0,20446.0,1617.84
March_2026,Madhya Pradesh,1617.84,Transmission & Distribution,9,45890.32,45890.3,6611.29
March_2026,Madhya Pradesh,Ministry of Railways,Railways,18,55989.79,69626.6,54467.3
March_2026,Madhya Pradesh,Ministry of Road Transport & Highways,Roads & Highways,59,41567.17,38269.0,10319.23
March_2026,Maharashtra,Department of Telecommunications,Telecommunication,3,7147.17,7147.17,2529.89
March_2026,Maharashtra,"Department of Water Resources, River Development & GR",Water Resources,11,22660.36,32345.7,35917.22
March_2026,Maharashtra,Ministry of Civil Aviation,Aviation & Aviation Infrastructure,1,500.48,500.48,380.97
March_2026,Maharashtra,Ministry of Coal,Coal,26,12900.3,12900.3,3048.75
March_2026,Maharashtra,Ministry of Housing & Urban Affairs,Urban Public Transport,9,60255.66,74445.7,35869.99
March_2026,Maharashtra,35869.99,Waste & Water,4,814.94,814.94,715.68
March_2026,Maharashtra,Ministry of Labour and Employment,Healthcare,3,884.31,886.08,648.49
March_2026,Maharashtra,Ministry of Petroleum & Natural Gas,Energy Storage,1,281.35,389.67,265.21
March_2026,Maharashtra,265.21,Oil & Gas,12,45781.88,48746.3,21233.26
March_2026,Maharashtra,"Ministry of Ports, Shipping and Waterways",Healthcare,1,693.0,693.0,58.0
March_2026,Maharashtra,58.00,Shipping,2,6900.0,6900.0,6064.89
March_2026,Maharashtra,Ministry of Power,Transmission & Distribution,5,32596.67,32596.7,6998.59
March_2026,Maharashtra,Ministry of Railways,Railways,33,266020.34,357720.0,288517.17
March_2026,Maharashtra,Ministry of Road Transport & Highways,Roads & Highways,101,84736.12,90360.8,26676.97
March_2026,Manipur,Department of Sports,Education,1,906.47,611.74,571.72
March_2026,Manipur,"Department of Water Resources, River Development & GR",Water Resources,1,1449.44,1822.24,1837.91
March_2026,Manipur,Ministry of Civil Aviation,Aviation & Aviation Infrastructure,1,499.0,499.0,201.99
March_2026,Manipur,Ministry of Petroleum & Natural Gas,Oil & Gas,1,9265.0,9265.0,6739.27
March_2026,Manipur,Ministry of Power,Transmission & Distribution,1,5111.33,6700.0,5577.75
March_2026,Manipur,Ministry of Railways,Railways,1,14323.0,21885.9,16020.78
March_2026,Manipur,Ministry of Road Transport & Highways,Roads & Highways,30,10790.98,10791.0,5985.39
March_2026,Meghalaya,Department of Higher Education,Education,1,494.52,429.7,367.48
March_2026,Meghalaya,Department of Telecommunications,Telecommunication,1,971.96,971.96,224.6
March_2026,Meghalaya,Ministry of Petroleum & Natural Gas,Oil & Gas,1,9265.0,9265.0,6739.27
March_2026,Meghalaya,Ministry of Power,Transmission & Distribution,1,5111.33,6700.0,5577.75
March_2026,Meghalaya,Ministry of Road Transport & Highways,Roads & Highways,12,6148.96,5995.63,1034.15
March_2026,Mizoram,Department of Higher Education,Education,1,474.23,474.23,167.55
March_2026,Mizoram,Ministry of Petroleum & Natural Gas,Energy Storage,1,225.71,225.71,19.82
March_2026,Mizoram,19.82,Oil & Gas,1,9265.0,9265.0,6739.27
March_2026,Mizoram,Ministry of Power,Transmission & Distribution,1,5111.33,6700.0,5577.75
March_2026,Mizoram,Ministry of Road Transport & Highways,Roads & Highways,21,14421.14,14565.7,2548.87
March_2026,Nagaland,Department of Higher Education,Education,1,275.63,275.63,262.53
March_2026,Nagaland,Ministry of Petroleum & Natural Gas,Oil & Gas,2,9492.62,9492.62,6765.03
March_2026,Nagaland,Ministry of Power,Transmission & Distribution,1,5111.33,6700.0,5577.75
March_2026,Nagaland,Ministry of Railways,Railways,2,8786.7,8786.7,6206.98
March_2026,Nagaland,Ministry of Road Transport & Highways,Roads & Highways,19,6191.03,6745.08,925.84
March_2026,Odisha,Department of Higher Education,Education,2,1428.29,1042.06,916.64
March_2026,Odisha,Department of Telecommunications,Telecommunication,3,7147.17,7147.17,2529.89
March_2026,Odisha,"Department of Water Resources, River Development & GR",Water Resources,3,4612.34,12314.5,13641.21
March_2026,Odisha,Ministry of Coal,Coal,13,37048.73,34740.4,14011.43
March_2026,Odisha,14011.43,Electricity Generation,1,27212.96,27213.0,3450.52
March_2026,Odisha,Ministry of Labour and Employment,Healthcare,1,164.6,164.6,16.4
March_2026,Odisha,Ministry of Mines,Metals & Mining,3,5967.0,8121.17,6056.86
March_2026,Odisha,Ministry of Petroleum & Natural Gas,Energy Storage,2,12886.34,14217.0,13081.44
March_2026,Odisha,13081.44,Oil & Gas,6,25800.35,24283.5,16988.31
March_2026,Odisha,"Ministry of Ports, Shipping and Waterways",Shipping,1,3004.63,3004.63,2060.12
March_2026,Odisha,Ministry of Power,Electricity Generation,1,11843.75,12543.0,6222.91
March_2026,Odisha,6222.91,Transmission & Distribution,2,3065.19,3065.19,103.06
March_2026,Odisha,Ministry of Railways,Railways,28,43414.1,49171.3,32412.69
March_2026,Odisha,32412.69,Railways,1,267.61,267.61,0.0
March_2026,Odisha,Ministry of Road Transport & Highways,Roads & Highways,41,25766.08,28610.0,11060.35
March_2026,Puducherry,Department of Higher Education,Education,1,618.34,544.34,543.74
March_2026,Puducherry,Ministry of Railways,Railways,1,713.0,981.0,633.24
March_2026,Puducherry,Ministry of Road Transport & Highways,Roads & Highways,4,7027.6,7051.29,2775.38
March_2026,Punjab,Department of Higher Education,Education,2,559.3,559.3,384.83
March_2026,Punjab,"Department of Water Resources, River Development & GR",Water Resources,2,3727.07,5177.86,4403.23
March_2026,Punjab,Ministry of Health & Family Welfare,Healthcare,2,650.0,924.75,1.0
March_2026,Punjab,Ministry of Housing & Urban Affairs,Waste & Water,2,545.53,553.64,374.66
March_2026,Punjab,Ministry of Petroleum & Natural Gas,Oil & Gas,5,12693.36,12693.4,8306.52
March_2026,Punjab,Ministry of Power,Transmission & Distribution,1,5969.0,5969.0,1193.8
March_2026,Punjab,Ministry of Railways,Railways,2,13684.64,13685.0,7693.67
March_2026,Punjab,Ministry of Road Transport & Highways,Roads & Highways,37,49074.0,53925.8,21701.08
March_2026,Rajasthan,Department of Telecommunications,Telecommunication,1,421.65,228.94,152.96
March_2026,Rajasthan,Ministry of Civil Aviation,Aviation & Aviation Infrastructure,3,2874.0,2874.0,897.52
March_2026,Rajasthan,Ministry of Coal,Electricity Generation,1,1813.0,1813.0,1753.07
March_2026,Rajasthan,Ministry of Petroleum & Natural Gas,Energy Storage,3,52618.05,88948.1,76187.08
March_2026,Rajasthan,76187.08,Oil & Gas,2,10599.0,10599.0,6758.92
March_2026,Rajasthan,Ministry of Power,Transmission & Distribution,20,73356.69,73356.7,21322.31
March_2026,Rajasthan,Ministry of Railways,Railways,23,88788.95,165500.0,152018.56
March_2026,Rajasthan,Ministry of Road Transport & Highways,Roads & Highways,28,19610.21,18276.4,8895.2
March_2026,Sikkim,Department of Higher Education,Education,2,999.82,924.82,575.56
March_2026,Sikkim,Ministry of Civil Aviation,Aviation & Aviation Infrastructure,1,323.26,323.26,80.84
March_2026,Sikkim,Ministry of Health & Family Welfare,Healthcare,1,250.0,635.21,658.21
March_2026,Sikkim,Ministry of Petroleum & Natural Gas,Oil & Gas,1,9265.0,9265.0,6739.27
March_2026,Sikkim,Ministry of Power,Electricity Generation,2,6686.33,7576.15,5918.43
March_2026,Sikkim,5918.43,Transmission & Distribution,1,4754.42,9129.32,8033.8
March_2026,Sikkim,Ministry of Railways,Railways,1,7877.0,11775.0,10618.63
March_2026,Sikkim,Ministry of Road Transport & Highways,Roads & Highways,8,3158.89,3287.17,95.3
March_2026,Tamil Nadu,Ministry of Civil Aviation,Aviation & Aviation Infrastructure,1,1207.0,1207.0,268.02
March_2026,Tamil Nadu,Ministry of Coal,Electricity Generation,1,218.03,218.03,169.95
March_2026,Tamil Nadu,Ministry of Health & Family Welfare,Healthcare,1,1264.0,2021.51,485.02
March_2026,Tamil Nadu,Ministry of Housing & Urban Affairs,Urban Public Transport,1,63246.0,63246.0,32503.4
March_2026,Tamil Nadu,Ministry of Labour and Employment,Healthcare,1,152.95,177.01,127.22
March_2026,Tamil Nadu,Ministry of Mines,Metals & Mining,1,166.0,166.0,135.0
March_2026,Tamil Nadu,Ministry of Petroleum & Natural Gas,Energy Storage,2,1507.0,2561.0,1438.14
March_2026,Tamil Nadu,1438.14,Oil & Gas,4,38385.0,46153.0,6536.62
March_2026,Tamil Nadu,Ministry of Power,Transmission & Distribution,1,548.0,548.0,117.82
March_2026,Tamil Nadu,Ministry of Railways,Railways,7,8370.7,11242.2,6442.24
March_2026,Tamil Nadu,Ministry of Road Transport & Highways,Roads & Highways,50,61860.57,58070.9,20428.88
March_2026,Telangana,Department of Higher Education,Education,1,262.0,262.0,210.23
March_2026,Telangana,Department of Telecommunications,Telecommunication,2,3462.17,3462.17,1078.46
March_2026,Telangana,"Department of Water Resources, River Development & GR",Water Resources,4,11670.14,24129.6,12086.85
March_2026,Telangana,Ministry of Civil Aviation,Aviation & Aviation Infrastructure,1,500.48,500.48,380.97
March_2026,Telangana,Ministry of Coal,Coal,7,2986.57,2986.57,1748.67
March_2026,Telangana,Ministry of Health & Family Welfare,Healthcare,1,1028.0,1365.95,989.98
March_2026,Telangana,Ministry of Housing & Urban Affairs,Construction,1,644.0,644.0,161.57
March_2026,Telangana,Ministry of Petroleum & Natural Gas,Oil & Gas,1,215.0,215.0,45.41
March_2026,Telangana,Ministry of Power,Transmission & Distribution,2,5694.56,5694.56,5354.67
March_2026,Telangana,Ministry of Railways,Railways,11,19213.75,22977.8,16366.09
March_2026,Telangana,Ministry of Road Transport & Highways,Roads & Highways,58,40175.33,43226.3,13108.77
March_2026,Tripura,Ministry of Petroleum & Natural Gas,Energy Storage,1,656.0,656.0,537.17
March_2026,Tripura,537.17,Oil & Gas,2,9474.33,9396.51,6818.25
March_2026,Tripura,Ministry of Power,Transmission & Distribution,1,5111.33,6700.0,5577.75
March_2026,Tripura,Ministry of Road Transport & Highways,Roads & Highways,9,6081.38,6105.91,281.0
March_2026,Uttar Pradesh,Department of Higher Education,Education,1,246.0,246.0,207.02
March_2026,Uttar Pradesh,Department of Telecommunications,Telecommunication,3,3883.82,3691.11,1231.42
March_2026,Uttar Pradesh,"Department of Water Resources, River Development & GR",Waste & Water,2,1532.96,1532.96,243.43
March_2026,Uttar Pradesh,243.43,Water Resources,4,23983.27,27339.8,13244.04
March_2026,Uttar Pradesh,Ministry of Civil Aviation,Aviation & Aviation Infrastructure,3,3949.13,3949.13,1118.63
March_2026,Uttar Pradesh,Ministry of Coal,Coal,2,1328.09,1328.09,1112.09
March_2026,Uttar Pradesh,1112.09,Electricity Generation,1,17237.8,21780.9,21129.14
March_2026,Uttar Pradesh,Ministry of Housing & Urban Affairs,Urban Public Transport,3,25257.15,25257.2,15168.43
March_2026,Uttar Pradesh,15168.43,Waste & Water,1,561.74,561.74,485.91
March_2026,Uttar Pradesh,Ministry of Petroleum & Natural Gas,Energy Storage,2,11068.45,11068.5,8502.87
March_2026,Uttar Pradesh,8502.87,Oil & Gas,3,17116.12,17116.1,842.03
March_2026,Uttar Pradesh,"Ministry of Ports, Shipping and Waterways",Inland Waterways,1,5369.18,5061.15,3956.59
March_2026,Uttar Pradesh,Ministry of Power,Electricity Generation,1,17195.0,17195.0,3131.62
March_2026,Uttar Pradesh,Ministry of Power,Transmission & Distribution,5,35482.81,35482.8,3428.76
March_2026,Uttar Pradesh,Ministry of Railways,Railways,26,95077.38,168712.0,147209.85
March_2026,Uttar Pradesh,Ministry of Road Transport & Highways,Roads & Highways,119,137460.35,131686.0,41105.5
March_2026,Uttarakhand,Department of Higher Education,Education,1,650.85,650.85,355.83
March_2026,Uttarakhand,"Department of Water Resources, River Development & GR",Water Resources,1,2584.1,2584.1,1267.4
March_2026,Uttarakhand,Ministry of Health & Family Welfare,Healthcare,2,650.0,1093.89,583.08
March_2026,Uttarakhand,Ministry of Housing & Urban Affairs,Real Estate,1,150.97,150.97,18.95
March_2026,Uttarakhand,Ministry of Labour and Employment,Healthcare,1,102.4,297.63,334.82
March_2026,Uttarakhand,Ministry of Power,Electricity Generation,2,6838.35,17312.4,12974.83
March_2026,Uttarakhand,Ministry of Railways,Railways,1,38953.0,38953.0,28269.15
March_2026,Uttarakhand,Ministry of Road Transport & Highways,Roads & Highways,42,23894.83,22809.0,7593.47
March_2026,West Bengal,Department of Higher Education,Education,1,500.0,442.0,411.4
March_2026,West Bengal,Department of Telecommunications,Telecommunication,2,3462.17,3462.17,1078.46
March_2026,West Bengal,"Department of Water Resources, River Development & GR",Waste & Water,1,154.73,154.73,96.17
March_2026,West Bengal,Ministry of Civil Aviation,Aviation & Aviation Infrastructure,2,1877.3,1877.3,568.24
March_2026,West Bengal,Ministry of Coal,Coal,13,15863.74,15863.7,3053.08
March_2026,West Bengal,Ministry of Mines,Construction,1,255.37,255.37,98.92
March_2026,West Bengal,Ministry of Petroleum & Natural Gas,Energy Storage,1,10228.0,11407.0,10771.24
March_2026,West Bengal,10771.24,Oil & Gas,10,18730.65,19675.2,11986.62
March_2026,West Bengal,"Ministry of Ports, Shipping and Waterways",Inland Waterways,1,5369.18,5061.15,3956.59
March_2026,West Bengal,3956.59,Shipping,1,253.65,253.65,9.28
March_2026,West Bengal,Ministry of Power,Electricity Generation,3,20091.84,21644.6,4470.95
March_2026,West Bengal,4470.95,Transmission & Distribution,2,751.63,751.63,101.75
March_2026,West Bengal,Ministry of Railways,Railways,16,49559.1,60771.0,37482.22
March_2026,West Bengal,Ministry of Road Transport & Highways,Roads & Highways,24,16531.77,15962.0,3755.86
March_2026,West Bengal,Ministry of Steel,Steel,6,6733.06,6733.06,1334.59
November_2025,Offshore,Ministry of Petroleum & Natural Gas,Oil & Gas,6,19714.58,22972.8,11743.01
November_2025,Offshore,"Ministry of Ports, Shipping and Waterways",Inland Waterways,1,177.0,197.0,383.41
November_2025,Offshore,Ministry of Railways,Railways,1,819.0,819.0,580.51
November_2025,PAN India,Department of Telecommunications,Telecommunication,6,141891.67,264213.0,74331.02
November_2025,Andaman & Nicobar,Ministry of Housing & Urban Affairs,Real Estate,1,209.88,209.88,0.0
November_2025,Andhra Pradesh,Department for Promotion of Industry & Internal Trade,Real Estate,1,2139.44,2139.44,503.39
November_2025,Andhra Pradesh,Department of Higher Education,Education,1,305.0,305.0,19.96
November_2025,Andhra Pradesh,Department of Telecommunications,Telecommunication,3,7147.17,7147.17,1931.77
November_2025,Andhra Pradesh,"Department of Water Resources, River Development & GR",Water Resources,3,10901.5,57269.5,26779.79
November_2025,Andhra Pradesh,Ministry of Civil Aviation,Aviation & Aviation Infrastructure,3,1224.86,1224.86,709.41
November_2025,Andhra Pradesh,Ministry of Housing & Urban Affairs,Waste & Water,1,172.22,172.22,88.86
November_2025,Andhra Pradesh,Ministry of Labour and Employment,Healthcare,1,384.27,384.27,105.0
November_2025,Andhra Pradesh,Ministry of Petroleum & Natural Gas,Energy Storage,2,2898.34,3050.0,2355.24
November_2025,Andhra Pradesh,2355.24,Oil & Gas,4,37804.0,37864.0,32540.57
November_2025,Andhra Pradesh,Ministry of Power,Transmission & Distribution,6,17931.23,17931.2,5200.43
November_2025,Andhra Pradesh,Ministry of Railways,Railways,27,52663.77,60620.7,34524.49
November_2025,Arunachal Pradesh,Department of Higher Education,Education,1,592.61,592.61,550.61
November_2025,Arunachal Pradesh,Department of Telecommunications,Telecommunication,1,1255.49,1255.49,284.04
November_2025,Arunachal Pradesh,Ministry of Petroleum & Natural Gas,Energy Storage,1,43129.0,79459.0,62888.3
November_2025,Arunachal Pradesh,62888.30,Oil & Gas,1,9265.0,9265.0,6608.95
November_2025,Arunachal Pradesh,Ministry of Power,Electricity Generation,4,41850.64,61640.8,29320.46
November_2025,Arunachal Pradesh,29320.46,Transmission & Distribution,2,4963.8,9338.7,7778.22
November_2025,Arunachal Pradesh,Ministry of Railways,Railways,1,435.0,1250.0,771.1
November_2025,Assam,Department of Higher Education,Education,1,153.71,153.71,125.03
November_2025,Assam,Department of Telecommunications,Telecommunication,1,1255.49,1255.49,284.04
November_2025,Assam,"Department of Water Resources, River Development & GR",Water Resources,1,256.16,256.16,44.7
November_2025,Assam,Ministry of Civil Aviation,Aviation & Aviation Infrastructure,1,1712.0,1712.0,2456.07
November_2025,Assam,Ministry of Coal,Coal,2,449.23,449.23,187.08
November_2025,Assam,Ministry of Labour and Employment,Healthcare,1,143.23,154.75,101.83
November_2025,Assam,Ministry of Petroleum & Natural Gas,Energy Storage,3,10768.4,11947.4,10284.9
November_2025,Assam,10284.90,Oil & Gas,14,27584.43,37939.2,27381.12
November_2025,Assam,Ministry of Power,Electricity Generation,1,6285.33,26075.5,25415.23
November_2025,Assam,25415.23,Transmission & Distribution,1,5111.33,6700.0,5410.25
November_2025,Assam,Ministry of Railways,Railways,7,14593.57,16308.6,10541.05
November_2025,Bihar,Department of Higher Education,Education,1,499.21,499.21,444.87
November_2025,Bihar,Department of Telecommunications,Telecommunication,4,4220.71,3992.24,1106.26
November_2025,Bihar,"Department of Water Resources, River Development & GR",Waste & Water,5,2351.43,2351.43,1303.45
November_2025,Bihar,1303.45,Water Resources,2,2193.34,3088.88,598.72
November_2025,Bihar,Ministry of Civil Aviation,Aviation & Aviation Infrastructure,3,3541.56,3541.56,1365.21
November_2025,Bihar,Ministry of Housing & Urban Affairs,Urban Public Transport,1,13365.77,13365.8,4670.21
November_2025,Bihar,4670.21,Waste & Water,1,158.78,158.78,60.5
November_2025,Bihar,Ministry of Petroleum & Natural Gas,Energy Storage,1,10228.0,11407.0,10063.21
November_2025,Bihar,10063.21,Oil & Gas,6,24473.5,26338.2,13728.2
November_2025,Bihar,"Ministry of Ports, Shipping and Waterways",Inland Waterways,1,5369.18,5061.15,3577.42
November_2025,Bihar,Ministry of Power,Electricity Generation,1,10439.09,13756.6,12691.85
November_2025,Bihar,12691.85,Transmission & Distribution,3,3119.63,3119.63,1.13
November_2025,Bihar,Ministry of Railways,Railways,24,52621.17,57089.5,22954.3
November_2025,Chhattisgarh,Department of Higher Education,Education,1,1188.97,1188.97,0.0
November_2025,Chhattisgarh,Department of Telecommunications,Telecommunication,3,7147.17,7147.17,1931.77
November_2025,Chhattisgarh,"Department of Water Resources, River Development & GR",Water Resources,2,842.26,1109.33,855.96
November_2025,Chhattisgarh,Ministry of Coal,Coal,13,30763.92,30763.9,12874.14
November_2025,Chhattisgarh,12874.14,Railways,1,1686.22,1686.22,439.98
November_2025,Chhattisgarh,Ministry of Petroleum & Natural Gas,Oil & Gas,3,10613.29,11024.0,6741.0
November_2025,Chhattisgarh,Ministry of Power,Electricity Generation,2,25321.0,25897.0,4095.14
November_2025,Chhattisgarh,Ministry of Railways,Railways,19,34549.26,39024.3,20449.55
November_2025,Chhattisgarh,Ministry of Steel,Metals & Mining,1,1700.0,1756.2,142.16
November_2025,Chhattisgarh,142.16,Steel,6,7530.14,10050.1,5652.32
November_2025,Dadra & Nagar Haveli and Daman & Diu,Ministry of Housing & Urban Affairs,Waste & Water,1,210.0,210.0,0.0
November_2025,Dadra & Nagar Haveli and Daman & Diu,Ministry of Power,Transmission & Distribution,1,4546.26,4546.26,4318.95
November_2025,Dadra & Nagar Haveli and Daman & Diu,Ministry of Railways,Railways,1,108000.0,108000.0,84199.89
November_2025,Delhi,Department of Higher Education,Education,2,706.49,709.42,325.08
November_2025,Delhi,Department of Telecommunications,Telecommunication,1,248.2,248.2,236.91
November_2025,Delhi,Ministry of Health & Family Welfare,Healthcare,2,4799.19,4799.19,24.68
November_2025,Delhi,Ministry of Housing & Urban Affairs,Real Estate,1,32850.0,32850.0,0.0
November_2025,Delhi,0.00,Urban Public Transport,4,69853.45,69853.4,45211.07
November_2025,Delhi,Ministry of Power,Transmission & Distribution,2,2331.0,2331.0,1667.42
November_2025,Delhi,Ministry of Railways,Railways,15,28623.17,28623.2,6031.48
November_2025,Goa,Ministry of Civil Aviation,Aviation & Aviation Infrastructure,1,255.69,255.69,154.3
November_2025,Goa,Ministry of Railways,Railways,2,5804.49,6182.62,6215.96
November_2025,Gujarat,Department of Higher Education,Education,1,490.63,490.63,314.51
November_2025,Gujarat,Department of Telecommunications,Telecommunication,1,336.89,301.13,235.96
November_2025,Gujarat,"Department of Water Resources, River Development & GR",Water Resources,2,25739.93,40082.8,36817.94
November_2025,Gujarat,Ministry of Civil Aviation,Aviation & Aviation Infrastructure,1,1305.0,1551.0,739.77
November_2025,Gujarat,Ministry of Coal,Electricity Generation,2,3719.69,3719.69,1058.05
November_2025,Gujarat,Ministry of Housing & Urban Affairs,Real Estate,1,539.0,539.0,39.63
November_2025,Gujarat,39.63,Urban Public Transport,3,28177.49,30329.0,24589.83
November_2025,Gujarat,24589.83,Waste & Water,1,200.0,200.0,100.0
November_2025,Gujarat,Ministry of Labour and Employment,Healthcare,3,973.35,973.35,278.11
November_2025,Gujarat,Ministry of Petroleum & Natural Gas,Energy Storage,4,62601.86,98931.9,78394.04
November_2025,Gujarat,78394.04,Oil & Gas,11,32704.12,32296.3,23765.14
November_2025,Gujarat,"Ministry of Ports, Shipping and Waterways",Shipping,3,4514.64,4681.1,1141.96
November_2025,Gujarat,1141.96,"Tourism, Hospitality & Wellness",1,573.0,1238.05,515.97
November_2025,Gujarat,Ministry of Power,Electricity Generation,1,339.35,339.35,317.59
November_2025,Gujarat,317.59,Transmission & Distribution,14,48255.1,48255.1,12289.29
November_2025,Gujarat,Ministry of Railways,Railways,26,185518.86,262039.0,221427.15
November_2025,Haryana,Ministry of Health & Family Welfare,Healthcare,1,1299.0,1646.43,349.41
November_2025,Haryana,Ministry of Housing & Urban Affairs,Urban Public Transport,1,6230.99,6230.99,72.41
November_2025,Haryana,72.41,Waste & Water,2,491.2,491.2,387.03
November_2025,Haryana,Ministry of Petroleum & Natural Gas,Energy Storage,1,9028.0,9028.0,7357.45
November_2025,Haryana,7357.45,Oil & Gas,5,45925.07,49596.1,37098.98
November_2025,Haryana,Ministry of Power,Transmission & Distribution,3,11696.0,11696.0,1386.8
November_2025,Haryana,Ministry of Railways,Railways,4,53464.0,126368.0,125657.22
November_2025,Himachal Pradesh,Department of Higher Education,Education,3,811.15,921.89,597.26
November_2025,Himachal Pradesh,Department of Telecommunications,Telecommunication,1,336.89,301.13,235.96
November_2025,Himachal Pradesh,Ministry of Power,Electricity Generation,4,7728.04,13398.6,4327.09
November_2025,Himachal Pradesh,Ministry of Railways,Railways,3,17005.0,17005.1,9807.55
November_2025,Jammu and Kashmir,Department of Higher Education,Education,1,424.93,500.91,484.52
November_2025,Jammu and Kashmir,Department of Telecommunications,Telecommunication,1,336.89,301.13,235.96
November_2025,Jammu and Kashmir,Ministry of Civil Aviation,Aviation & Aviation Infrastructure,1,861.37,861.37,229.1
November_2025,Jammu and Kashmir,Ministry of Health & Family Welfare,Healthcare,1,1828.0,2160.84,1354.55
November_2025,Jammu and Kashmir,Ministry of Labour and Employment,Healthcare,1,131.05,164.93,162.05
November_2025,Jammu and Kashmir,Ministry of Petroleum & Natural Gas,Energy Storage,1,676.89,715.89,559.45
November_2025,Jammu and Kashmir,559.45,Oil & Gas,2,1059.9,1059.9,237.51
November_2025,Jammu and Kashmir,Ministry of Power,Electricity Generation,4,22207.77,27945.1,13411.2
November_2025,Jammu and Kashmir,13411.20,Transmission & Distribution,1,218.6,218.6,2.61
November_2025,Jharkhand,Department of Telecommunications,Telecommunication,3,7147.17,7147.17,1931.77
November_2025,Jharkhand,"Department of Water Resources, River Development & GR",Water Resources,2,5430.04,12010.3,5941.33
November_2025,Jharkhand,Ministry of Coal,Coal,28,51354.95,51119.3,10642.68
November_2025,Jharkhand,10642.68,Railways,1,1799.64,2564.34,1489.74
November_2025,Jharkhand,Ministry of Housing & Urban Affairs,Waste & Water,3,654.14,654.14,403.16
November_2025,Jharkhand,Ministry of Petroleum & Natural Gas,Energy Storage,1,10228.0,11407.0,10063.21
November_2025,Jharkhand,10063.21,Oil & Gas,3,2010.07,2010.07,635.82
November_2025,Jharkhand,"Ministry of Ports, Shipping and Waterways",Inland Waterways,1,5369.18,5061.15,3577.42
November_2025,Jharkhand,Ministry of Power,Coal,2,2083.0,2365.0,986.91
November_2025,Jharkhand,986.91,Electricity Generation,2,33026.0,34660.0,19378.65
November_2025,Jharkhand,19378.65,Transmission & Distribution,1,1842.25,1842.25,1648.05
November_2025,Jharkhand,Ministry of Railways,Railways,14,46589.07,47449.7,15195.29
November_2025,Jharkhand,Ministry of Steel,Steel,6,2854.58,3572.87,1459.5
November_2025,Karnataka,Department for Promotion of Industry & Internal Trade,Real Estate,1,1701.81,1701.81,153.26
November_2025,Karnataka,Department of Higher Education,Education,1,420.41,420.41,367.76
November_2025,Karnataka,"Department of Water Resources, River Development & GR",Water Resources,1,770.16,1606.07,1515.32
November_2025,Karnataka,Ministry of Civil Aviation,Aviation & Aviation Infrastructure,3,1143.4,1143.4,569.6
November_2025,Karnataka,Ministry of Housing & Urban Affairs,Urban Public Transport,2,41193.24,45483.2,38716.19
November_2025,Karnataka,Ministry of Housing & Urban Affairs,Waste & Water,2,337.69,337.69,178.89
November_2025,Karnataka,Ministry of Labour and Employment,Healthcare,2,428.92,428.92,27.8
November_2025,Karnataka,Ministry of Petroleum & Natural Gas,Energy Storage,1,678.0,1732.0,838.07
November_2025,Karnataka,838.07,Oil & Gas,5,9662.0,12693.6,9037.57
November_2025,Karnataka,"Ministry of Ports, Shipping and Waterways",Shipping,1,153.23,153.23,24.0
November_2025,Karnataka,Ministry of Power,Transmission & Distribution,9,21604.0,21604.0,3901.83
November_2025,Karnataka,Ministry of Railways,Railways,17,25363.29,31781.9,17737.06
November_2025,Karnataka,Ministry of Steel,Steel,1,1043.63,1043.63,320.8
November_2025,Kerala,Department of Higher Education,Education,2,2533.45,2744.4,652.05
November_2025,Kerala,Ministry of Civil Aviation,Aviation & Aviation Infrastructure,1,484.57,484.57,96.26
November_2025,Kerala,Ministry of Housing & Urban Affairs,Urban Public Transport,1,1957.05,1957.05,477.04
November_2025,Kerala,Ministry of Petroleum & Natural Gas,Oil & Gas,4,9126.87,12120.9,5268.91
November_2025,Kerala,Ministry of Railways,Railways,3,2846.0,5183.64,2871.09
November_2025,Ladakh,Department of Telecommunications,Telecommunication,1,336.89,301.13,235.96
November_2025,Ladakh,Ministry of Civil Aviation,Aviation & Aviation Infrastructure,1,480.0,640.0,483.12
November_2025,Madhya Pradesh,Department of Higher Education,Education,1,496.28,496.28,38.62
November_2025,Madhya Pradesh,Department of Telecommunications,Telecommunication,3,3883.82,3691.11,870.3
November_2025,Madhya Pradesh,"Department of Water Resources, River Development & GR",Water Resources,3,2628.27,2941.14,2923.41
November_2025,Madhya Pradesh,Ministry of Coal,Coal,14,8634.02,8634.02,3480.44
November_2025,Madhya Pradesh,Ministry of Housing & Urban Affairs,Urban Public Transport,2,14442.2,14442.2,8009.06
November_2025,Madhya Pradesh,8009.06,Waste & Water,4,1243.05,1267.38,1124.28
November_2025,Madhya Pradesh,Ministry of Mines,Metals & Mining,1,1856.36,1856.36,947.42
November_2025,Madhya Pradesh,Ministry of Petroleum & Natural Gas,Energy Storage,1,10088.0,10088.0,8135.69
November_2025,Madhya Pradesh,8135.69,Oil & Gas,3,53003.25,53414.0,9004.23
November_2025,Madhya Pradesh,Ministry of Power,Transmission & Distribution,7,17765.0,17765.0,4157.28
November_2025,Madhya Pradesh,Ministry of Railways,Railways,19,58468.02,72465.1,45519.56
November_2025,Maharashtra,Department of Higher Education,Education,1,182.33,182.33,158.23
November_2025,Maharashtra,Department of Telecommunications,Telecommunication,4,7608.59,7608.59,2097.79
November_2025,Maharashtra,"Department of Water Resources, River Development & GR",Water Resources,11,22660.36,32345.7,34204.14
November_2025,Maharashtra,Ministry of Civil Aviation,Aviation & Aviation Infrastructure,1,500.48,500.48,339.1
November_2025,Maharashtra,Ministry of Coal,Coal,25,12455.88,12455.9,2845.48
November_2025,Maharashtra,Ministry of Housing & Urban Affairs,Urban Public Transport,8,50397.81,64537.8,34398.02
November_2025,Maharashtra,34398.02,Waste & Water,5,1088.72,1088.72,922.83
November_2025,Maharashtra,Ministry of Labour and Employment,Healthcare,3,884.31,886.08,606.6
November_2025,Maharashtra,Ministry of Petroleum & Natural Gas,Energy Storage,1,281.35,389.67,243.11
November_2025,Maharashtra,243.11,Oil & Gas,13,34264.24,37660.4,21775.69
November_2025,Maharashtra,"Ministry of Ports, Shipping and Waterways",Healthcare,1,693.0,693.0,58.0
November_2025,Maharashtra,58.00,Shipping,2,6900.0,6900.0,6064.89
November_2025,Maharashtra,Ministry of Power,Transmission & Distribution,4,30596.67,30596.7,6394.69
November_2025,Maharashtra,Ministry of Railways,Railways,35,266858.79,358832.0,269785.92
November_2025,Manipur,Department of Sports,Education,1,906.47,611.74,559.27
November_2025,Manipur,"Department of Water Resources, River Development & GR",Water Resources,1,1449.44,1822.24,1837.91
November_2025,Manipur,Ministry of Civil Aviation,Aviation & Aviation Infrastructure,1,499.0,499.0,156.06
November_2025,Manipur,Ministry of Petroleum & Natural Gas,Oil & Gas,1,9265.0,9265.0,6608.95
November_2025,Manipur,Ministry of Power,Transmission & Distribution,1,5111.33,6700.0,5410.25
November_2025,Manipur,Ministry of Railways,Railways,1,14323.0,21885.9,15782.48
November_2025,Meghalaya,Department of Higher Education,Education,1,494.52,494.52,422.07
November_2025,Meghalaya,Department of Telecommunications,Telecommunication,1,971.96,971.96,208.25
November_2025,Meghalaya,Ministry of Petroleum & Natural Gas,Oil & Gas,1,9265.0,9265.0,6608.95
November_2025,Meghalaya,Ministry of Power,Transmission & Distribution,1,5111.33,6700.0,5410.25
November_2025,Mizoram,Department of Higher Education,Education,1,474.23,474.23,167.55
November_2025,Mizoram,Ministry of Petroleum & Natural Gas,Energy Storage,1,225.71,225.71,12.81
November_2025,Mizoram,12.81,Oil & Gas,1,9265.0,9265.0,6608.95
November_2025,Mizoram,Ministry of Power,Transmission & Distribution,1,5111.33,6700.0,5410.25
November_2025,Nagaland,Department of Higher Education,Education,1,275.63,275.63,261.24
November_2025,Nagaland,Ministry of Petroleum & Natural Gas,Oil & Gas,2,9492.62,9492.62,6620.36
November_2025,Nagaland,Ministry of Power,Transmission & Distribution,1,5111.33,6700.0,5410.25
November_2025,Nagaland,Ministry of Railways,Railways,2,8786.7,8786.7,5648.33
November_2025,Odisha,Department of Higher Education,Education,1,1229.32,843.09,835.6
November_2025,Odisha,Department of Telecommunications,Telecommunication,3,7147.17,7147.17,1931.77
November_2025,Odisha,"Department of Water Resources, River Development & GR",Water Resources,2,1556.46,5291.33,5427.87
November_2025,Odisha,Ministry of Coal,Coal,12,36526.28,34218.0,13278.19
November_2025,Odisha,13278.19,Electricity Generation,1,27212.96,27213.0,2550.76
November_2025,Odisha,Ministry of Labour and Employment,Healthcare,1,164.6,164.6,16.4
November_2025,Odisha,Ministry of Mines,Metals & Mining,4,6322.0,8702.17,5538.78
November_2025,Odisha,Ministry of Petroleum & Natural Gas,Energy Storage,2,12886.34,14217.0,12346.19
November_2025,Odisha,12346.19,Oil & Gas,6,25800.35,24283.5,16310.03
November_2025,Odisha,"Ministry of Ports, Shipping and Waterways",Shipping,1,3004.63,3004.63,1277.52
November_2025,Odisha,Ministry of Power,Electricity Generation,1,11843.75,12543.0,5042.25
November_2025,Odisha,5042.25,Transmission & Distribution,1,342.69,342.69,0.71
November_2025,Odisha,Ministry of Railways,Railways,24,43946.78,49704.0,32836.86
November_2025,Odisha,32836.86,Railways,1,267.61,267.61,0.0
November_2025,Odisha,Ministry of Steel,Steel,1,1105.23,1105.23,790.11
November_2025,Puducherry,Department of Higher Education,Education,1,618.34,544.34,529.94
November_2025,Puducherry,Ministry of Railways,Railways,1,713.0,981.0,598.38
November_2025,Punjab,Department of Higher Education,Education,2,559.3,559.3,311.28
November_2025,Punjab,"Department of Water Resources, River Development & GR",Water Resources,2,3727.07,5177.86,5182.41
November_2025,Punjab,Ministry of Housing & Urban Affairs,Waste & Water,2,545.53,545.53,374.66
November_2025,Punjab,Ministry of Petroleum & Natural Gas,Oil & Gas,5,12693.36,12693.4,8136.23
November_2025,Punjab,Ministry of Power,Transmission & Distribution,1,5969.0,5969.0,698.04
November_2025,Punjab,Ministry of Railways,Railways,3,15702.64,15703.0,9402.74
November_2025,Rajasthan,Department of Telecommunications,Telecommunication,2,758.54,530.07,377.97
November_2025,Rajasthan,Ministry of Civil Aviation,Aviation & Aviation Infrastructure,2,1367.0,1367.0,739.85
November_2025,Rajasthan,Ministry of Coal,Electricity Generation,1,1813.0,1813.0,1393.34
November_2025,Rajasthan,Ministry of Petroleum & Natural Gas,Energy Storage,3,52618.05,88948.1,70398.82
November_2025,Rajasthan,70398.82,Oil & Gas,2,10599.0,10599.0,6686.34
November_2025,Rajasthan,Ministry of Power,Electricity Generation,1,5491.89,5491.89,5376.34
November_2025,Rajasthan,5376.34,Transmission & Distribution,21,51980.51,51980.2,19417.16
November_2025,Rajasthan,Ministry of Railways,Railways,23,88639.51,164210.0,140547.25
November_2025,Sikkim,Department of Higher Education,Education,2,999.82,924.82,359.78
November_2025,Sikkim,Ministry of Civil Aviation,Aviation & Aviation Infrastructure,1,323.26,323.26,38.7
November_2025,Sikkim,Ministry of Petroleum & Natural Gas,Oil & Gas,1,9265.0,9265.0,6608.95
November_2025,Sikkim,Ministry of Power,Electricity Generation,2,6686.33,7576.15,5375.89
November_2025,Sikkim,5375.89,Transmission & Distribution,1,4754.42,9129.32,7778.18
November_2025,Sikkim,Ministry of Railways,Railways,1,7877.0,11775.0,9647.55
November_2025,Tamil Nadu,Ministry of Civil Aviation,Aviation & Aviation Infrastructure,1,1207.0,1207.0,193.59
November_2025,Tamil Nadu,Ministry of Coal,Electricity Generation,1,218.03,218.03,164.7
November_2025,Tamil Nadu,Ministry of Housing & Urban Affairs,Inland Waterways,1,63246.0,63246.0,29336.0
November_2025,Tamil Nadu,Ministry of Labour and Employment,Healthcare,1,152.95,177.01,107.83
November_2025,Tamil Nadu,Ministry of Mines,Metals & Mining,1,166.0,166.0,135.0
November_2025,Tamil Nadu,Ministry of Petroleum & Natural Gas,Energy Storage,3,2334.0,3448.71,1825.73
November_2025,Tamil Nadu,1825.73,Oil & Gas,4,38385.0,46153.0,6246.49
November_2025,Tamil Nadu,Ministry of Power,Transmission & Distribution,1,548.0,548.0,65.46
November_2025,Tamil Nadu,Ministry of Railways,Railways,7,8370.7,11242.2,5856.1
November_2025,Telangana,Department of Higher Education,Education,1,262.0,262.0,194.13
November_2025,Telangana,Department of Telecommunications,Telecommunication,3,3923.59,3923.59,894.31
November_2025,Telangana,"Department of Water Resources, River Development & GR",Water Resources,4,11670.14,24129.6,11936.34
November_2025,Telangana,Ministry of Civil Aviation,Aviation & Aviation Infrastructure,1,500.48,500.48,339.1
November_2025,Telangana,Ministry of Coal,Coal,9,3890.03,3890.03,2514.49
November_2025,Telangana,Ministry of Health & Family Welfare,Healthcare,1,1028.0,1365.95,818.46
November_2025,Telangana,Ministry of Housing & Urban Affairs,Construction,1,644.0,644.0,108.53
November_2025,Telangana,Ministry of Petroleum & Natural Gas,Oil & Gas,1,215.0,215.0,0.0
November_2025,Telangana,Ministry of Power,Transmission & Distribution,2,5694.56,5694.56,4910.28
November_2025,Telangana,Ministry of Railways,Railways,11,19213.75,22977.8,11444.55
November_2025,Tripura,Ministry of Petroleum & Natural Gas,Energy Storage,1,656.0,656.0,519.02
November_2025,Tripura,519.02,Oil & Gas,2,9474.33,9396.51,6679.89
November_2025,Tripura,Ministry of Power,Transmission & Distribution,1,5111.33,6700.0,5410.25
November_2025,Uttar Pradesh,Department of Higher Education,Education,1,246.0,246.0,199.71
November_2025,Uttar Pradesh,Department of Telecommunications,Telecommunication,4,4220.71,3992.24,1106.26
November_2025,Uttar Pradesh,"Department of Water Resources, River Development & GR",Waste & Water,2,1532.96,1532.96,243.43
November_2025,Uttar Pradesh,"Department of Water Resources, River Development & GR",Water Resources,3,2953.27,6309.81,4689.88
November_2025,Uttar Pradesh,Ministry of Civil Aviation,Aviation & Aviation Infrastructure,4,4168.31,4223.51,1050.76
November_2025,Uttar Pradesh,Ministry of Coal,Coal,2,1328.09,1328.09,1059.79
November_2025,Uttar Pradesh,1059.79,Electricity Generation,1,17237.8,21780.9,20711.46
November_2025,Uttar Pradesh,Ministry of Housing & Urban Affairs,Urban Public Transport,3,49730.1,49730.1,42204.79
November_2025,Uttar Pradesh,42204.79,Waste & Water,2,797.47,797.47,691.75
November_2025,Uttar Pradesh,Ministry of Petroleum & Natural Gas,Energy Storage,2,11068.45,11068.5,8370.29
November_2025,Uttar Pradesh,8370.29,Oil & Gas,3,17824.68,18213.1,1691.72
November_2025,Uttar Pradesh,"Ministry of Ports, Shipping and Waterways",Inland Waterways,1,5369.18,5061.15,3577.42
November_2025,Uttar Pradesh,Ministry of Power,Electricity Generation,2,28284.42,30471.2,15163.68
November_2025,Uttar Pradesh,15163.68,Transmission & Distribution,4,10482.81,10482.8,2172.56
November_2025,Uttar Pradesh,Ministry of Railways,Railways,26,92690.92,167547.0,147909.8
November_2025,Uttarakhand,Department of Higher Education,Education,1,650.85,650.85,195.52
November_2025,Uttarakhand,"Department of Water Resources, River Development & GR",Water Resources,1,2584.1,2584.1,968.52
November_2025,Uttarakhand,Ministry of Housing & Urban Affairs,Real Estate,1,150.97,150.97,18.95
November_2025,Uttarakhand,Ministry of Labour and Employment,Healthcare,1,102.4,297.63,321.82
November_2025,Uttarakhand,Ministry of Power,Electricity Generation,3,11663.95,26070.0,20788.82
November_2025,Uttarakhand,Ministry of Railways,Railways,1,38953.0,38953.0,24645.15
November_2025,West Bengal,Department of Higher Education,Education,1,500.0,442.0,390.6
November_2025,West Bengal,Department of Telecommunications,Telecommunication,2,3462.17,3462.17,728.29
November_2025,West Bengal,"Department of Water Resources, River Development & GR",Waste & Water,1,154.73,154.73,96.17
November_2025,West Bengal,Ministry of Civil Aviation,Aviation & Aviation Infrastructure,2,1877.3,1877.3,450.39
November_2025,West Bengal,Ministry of Coal,Coal,13,15863.74,15863.7,2879.66
November_2025,West Bengal,Ministry of Mines,Construction,1,255.37,255.37,85.9
November_2025,West Bengal,Ministry of Petroleum & Natural Gas,Energy Storage,1,10228.0,11407.0,10063.21
November_2025,West Bengal,10063.21,Oil & Gas,10,18910.65,19758.2,12019.34
November_2025,West Bengal,"Ministry of Ports, Shipping and Waterways",Inland Waterways,1,5369.18,5061.15,3577.42
November_2025,West Bengal,3577.42,Shipping,2,551.91,551.91,467.13
November_2025,West Bengal,Ministry of Power,Electricity Generation,3,20091.84,21644.6,3962.96
November_2025,West Bengal,3962.96,Transmission & Distribution,2,751.63,751.63,1.03
November_2025,West Bengal,Ministry of Railways,Railways,16,49558.46,60770.4,34805.18
November_2025,West Bengal,Ministry of Steel,Steel,6,6733.06,6733.06,756.54
July_2026,Offshore,Ministry of Petroleum & Natural Gas,Oil & Gas,7,26668.64,29330.8,18021.78
July_2026,PAN India,Department of Telecommunications,Telecommunication,2,53010.55,44136.6,18330.93
July_2026,PAN India,Ministry of Railways,Railways,1,274.39,274.39,0.0
July_2026,Andaman & Nicobar,Ministry of Housing & Urban Affairs,Real Estate,1,209.88,230.0,37.35
July_2026,Andaman & Nicobar,Ministry of Road Transport & Highways,Roads & Highways,3,653.97,1081.48,275.78
July_2026,PAN India,Department of Telecommunications,Telecommunication,5,111918.69,52595.5,78855.54
July_2026,Andhra Pradesh,Department for Promotion of Industry & Internal Trade,Real Estate,3,7061.44,7061.44,1379.93
July_2026,Andhra Pradesh,Department of Higher Education,Education,1,305.0,305.0,67.73
July_2026,Andhra Pradesh,Department of Telecommunications,Telecommunication,3,7147.17,3937.81,1977.02
July_2026,Andhra Pradesh,"Department of Water Resources, River Development & GR",Water Resources,3,10901.5,57269.5,29465.48
July_2026,Andhra Pradesh,Ministry of Civil Aviation,Aviation & Aviation Infrastructure,3,1224.86,1437.34,938.85
July_2026,Andhra Pradesh,Ministry of Housing & Urban Affairs,Waste & Water,1,172.22,172.22,88.86
July_2026,Andhra Pradesh,Ministry of Labour and Employment,Healthcare,1,384.27,384.27,286.38
July_2026,Andhra Pradesh,Ministry of Petroleum & Natural Gas,Oil & Gas,3,34430.34,34490.3,33359.61
July_2026,Andhra Pradesh,Ministry of Power,Transmission & Distribution,4,15694.49,15694.5,4068.8
July_2026,Andhra Pradesh,Ministry of Railways,Railways,17,20027.63,27750.5,11318.79
July_2026,Andhra Pradesh,Ministry of Road Transport & Highways,Roads & Highways,76,75592.97,73188.2,34003.21
July_2026,PAN India,Department of Telecommunications,Telecommunication,4,110244.69,50921.5,78632.13
July_2026,Arunachal Pradesh,Department of Higher Education,Education,1,592.61,592.61,551.3
July_2026,Arunachal Pradesh,Department of Telecommunications,Telecommunication,1,1255.49,276.62,237.98
July_2026,Arunachal Pradesh,Ministry of Power,Electricity Generation,6,64102.68,83892.9,31998.81
July_2026,Arunachal Pradesh,31998.81,Transmission & Distribution,2,4963.8,9338.7,8144.66
July_2026,Arunachal Pradesh,Ministry of Railways,Railways,1,435.0,1334.45,1057.21
July_2026,Arunachal Pradesh,Ministry of Road Transport & Highways,Roads & Highways,12,8612.04,8612.04,3130.05
July_2026,PAN India,Department of Telecommunications,Telecommunication,5,111412.69,52089.5,78755.41
July_2026,Assam,Department of Higher Education,Education,1,153.71,153.71,266.14
July_2026,Assam,Department of Telecommunications,Telecommunication,1,1255.49,276.62,237.98
July_2026,Assam,"Department of Water Resources, River Development & GR",Water Resources,1,256.16,256.16,44.7
July_2026,Assam,Ministry of Civil Aviation,Aviation & Aviation Infrastructure,1,1712.0,2520.0,2670.23
July_2026,Assam,Ministry of Coal,Coal,2,449.23,449.23,218.35
July_2026,Assam,Ministry of Petroleum & Natural Gas,Energy Storage,2,540.4,540.4,364.17
July_2026,Assam,364.17,Oil & Gas,12,17678.76,30687.9,23088.03
July_2026,Assam,Ministry of Power,Electricity Generation,1,6285.33,26075.5,26448.07
July_2026,Assam,26448.07,Transmission & Distribution,1,5111.33,6700.0,5577.75
July_2026,Assam,Ministry of Railways,Railways,5,14586.32,25184.5,13071.28
July_2026,Assam,Ministry of Road Transport & Highways,Roads & Highways,44,44354.69,45031.1,17101.93
July_2026,PAN India,Department of Telecommunications,Telecommunication,5,111076.69,51753.5,78715.29
July_2026,Bihar,Department for Promotion of Industry & Internal Trade,Real Estate,1,1339.02,1339.02,0.0
July_2026,Bihar,Department of Higher Education,Education,1,499.21,499.21,449.96
July_2026,Bihar,Department of Telecommunications,Telecommunication,3,3883.82,2718.14,1021.96
July_2026,Bihar,"Department of Water Resources, River Development & GR",Waste & Water,5,2351.43,2351.43,1312.9
July_2026,Bihar,"Department of Water Resources, River Development & GR",Water Resources,1,1622.27,2430.76,345.94
July_2026,Bihar,Ministry of Civil Aviation,Aviation & Aviation Infrastructure,3,3541.56,3541.56,1645.23
July_2026,Bihar,Ministry of Health & Family Welfare,Healthcare,8,3634.07,3884.07,970.34
July_2026,Bihar,Ministry of Housing & Urban Affairs,Urban Public Transport,1,13365.77,13365.8,5198.09
July_2026,Bihar,5198.09,Waste & Water,1,158.78,158.78,135.72
July_2026,Bihar,Ministry of Petroleum & Natural Gas,Oil & Gas,5,23096.5,25031.5,14421.68
July_2026,Bihar,"Ministry of Ports, Shipping and Waterways",Inland Waterways,1,5369.18,5061.15,4187.19
July_2026,Bihar,Ministry of Power,Electricity Generation,2,40387.09,43704.6,17154.02
July_2026,Bihar,17154.02,Transmission & Distribution,3,3119.63,3119.63,308.0
July_2026,Bihar,Ministry of Railways,Railways,21,38022.35,45877.3,22991.15
July_2026,Bihar,Ministry of Road Transport & Highways,Roads & Highways,65,85954.3,86653.9,38803.66
July_2026,PAN India,Department of Telecommunications,Telecommunication,5,111794.69,52471.5,78854.9
July_2026,PAN India,Department of Telecommunications,Telecommunication,3,88070.13,28747.0,57940.41
July_2026,Chhattisgarh,Department of Higher Education,Education,1,1188.97,1188.97,1.92
July_2026,Chhattisgarh,Department of Telecommunications,Telecommunication,3,7147.17,3937.81,1977.02
July_2026,Chhattisgarh,"Department of Water Resources, River Development & GR",Water Resources,2,842.26,1109.33,869.21
July_2026,Chhattisgarh,Ministry of Coal,Coal,14,34428.39,34428.4,13757.56
July_2026,Chhattisgarh,13757.56,Railways,1,1686.22,2438.53,792.73
July_2026,Chhattisgarh,Ministry of Health & Family Welfare,Healthcare,3,975.0,972.85,538.19
July_2026,Chhattisgarh,Ministry of Petroleum & Natural Gas,Oil & Gas,2,2769.04,2769.04,581.63
July_2026,Chhattisgarh,Ministry of Power,Electricity Generation,2,25321.0,25897.0,7382.68
July_2026,Chhattisgarh,Ministry of Railways,Railways,15,22210.9,26681.1,19202.92
July_2026,Chhattisgarh,Ministry of Road Transport & Highways,Roads & Highways,22,21163.16,22402.5,9945.38
July_2026,Chhattisgarh,Ministry of Steel,Metals & Mining,1,1700.0,1756.2,292.01
July_2026,Chhattisgarh,292.01,Steel,7,7640.96,10504.5,6556.77
July_2026,PAN India,Department of Telecommunications,Telecommunication,4,110244.69,50921.5,78632.13
July_2026,Dadra & Nagar Haveli and Daman & Diu,Ministry of Railways,Railways,1,108000.0,108000.0,90966.89
July_2026,Dadra & Nagar Haveli and Daman & Diu,Ministry of Road Transport & Highways,Roads & Highways,2,2107.8,2891.81,1175.06
July_2026,PAN India,Department of Telecommunications,Telecommunication,4,93013.13,33690.0,58502.54
July_2026,Delhi,Department of Higher Education,Education,2,706.49,709.42,367.95
July_2026,Delhi,Department of Telecommunications,Telecommunication,1,248.2,248.2,237.43
July_2026,Delhi,Ministry of Health & Family Welfare,Healthcare,2,4799.19,4799.19,98.17
July_2026,Delhi,Ministry of Housing & Urban Affairs,Real Estate,1,32850.0,32841.0,14370.45
July_2026,Delhi,14370.45,Urban Public Transport,4,51594.36,51594.4,22669.45
July_2026,Delhi,Ministry of Power,Transmission & Distribution,3,3038.0,3038.0,2555.05
July_2026,Delhi,Ministry of Railways,Railways,2,7473.44,8797.0,9874.54
July_2026,Delhi,Ministry of Road Transport & Highways,Roads & Highways,3,6302.28,8803.17,7728.61
July_2026,PAN India,Department of Telecommunications,Telecommunication,1,645.13,645.13,407.9
July_2026,Goa,Ministry of Railways,Railways,1,1892.0,1892.0,0.0
July_2026,Goa,Ministry of Road Transport & Highways,Roads & Highways,5,2476.3,2252.18,278.8
July_2026,PAN India,Department of Telecommunications,Telecommunication,3,30703.13,19780.0,9566.03
July_2026,Gujarat,Department of Higher Education,Education,1,490.63,490.63,342.26
July_2026,Gujarat,"Department of Water Resources, River Development & GR",Water Resources,1,20718.17,33412.5,31969.4
July_2026,Gujarat,Ministry of Civil Aviation,Aviation & Aviation Infrastructure,2,1668.1,1914.1,1075.0
July_2026,Gujarat,Ministry of Coal,Electricity Generation,4,5421.78,5421.78,2530.55
July_2026,Gujarat,Ministry of Health & Family Welfare,Healthcare,3,1845.0,2477.48,2209.46
July_2026,Gujarat,Ministry of Housing & Urban Affairs,Real Estate,1,539.0,539.0,623.44
July_2026,Gujarat,623.44,Urban Public Transport,1,12020.32,12020.3,9332.21
July_2026,Gujarat,Ministry of Labour and Employment,Healthcare,2,763.99,763.99,107.55
July_2026,Gujarat,Ministry of Petroleum & Natural Gas,Energy Storage,1,356.86,304.4,168.04
July_2026,Gujarat,168.04,Oil & Gas,11,25671.12,25649.5,19068.81
July_2026,Gujarat,"Ministry of Ports, Shipping and Waterways",Shipping,2,4414.64,4455.25,2887.2
July_2026,Gujarat,2887.20,"Tourism, Hospitality & Wellness",1,573.0,1238.05,656.38
July_2026,Gujarat,Ministry of Power,Electricity Generation,1,339.35,339.35,370.0
July_2026,Gujarat,370.00,Transmission & Distribution,14,64870.45,64870.4,12799.93
July_2026,Gujarat,Ministry of Railways,Railways,19,181569.47,265806.0,238905.02
July_2026,Gujarat,Ministry of Road Transport & Highways,Roads & Highways,31,32109.82,32551.8,16914.51
July_2026,PAN India,Department of Telecommunications,Telecommunication,4,110244.69,50921.5,78632.13
July_2026,Haryana,Department for Promotion of Industry & Internal Trade,Logistics Infrastructure,1,763.0,763.0,430.0
July_2026,Haryana,Ministry of Health & Family Welfare,Healthcare,1,1299.0,1646.43,747.62
July_2026,Haryana,Ministry of Housing & Urban Affairs,Urban Public Transport,2,11683.71,11683.7,993.8
July_2026,Haryana,993.80,Waste & Water,1,278.01,278.01,228.49
July_2026,Haryana,Ministry of Petroleum & Natural Gas,Oil & Gas,5,38892.07,42563.1,31735.55
July_2026,Haryana,Ministry of Power,Transmission & Distribution,3,13749.0,13749.0,6119.95
July_2026,Haryana,Ministry of Railways,Railways,3,53112.0,126418.0,126067.09
July_2026,Haryana,Ministry of Road Transport & Highways,Roads & Highways,19,25551.69,28133.7,16582.15
July_2026,PAN India,Department of Telecommunications,Telecommunication,4,88907.13,29584.0,58024.09
July_2026,Himachal Pradesh,Department of Higher Education,Education,3,811.15,921.89,701.51
July_2026,Himachal Pradesh,Ministry of Power,Electricity Generation,3,5113.04,10664.1,4408.48
July_2026,Himachal Pradesh,Ministry of Railways,Railways,2,3558.0,6018.32,4036.0
July_2026,Himachal Pradesh,Ministry of Road Transport & Highways,Roads & Highways,24,22820.53,26827.4,14973.1
July_2026,PAN India,Department of Telecommunications,Telecommunication,5,111536.69,52213.5,78781.06
July_2026,Jammu and Kashmir,Department of Higher Education,Education,1,424.93,500.91,484.52
July_2026,Jammu and Kashmir,Ministry of Civil Aviation,Aviation & Aviation Infrastructure,1,861.37,861.37,370.44
July_2026,Jammu and Kashmir,Ministry of Health & Family Welfare,Healthcare,3,2478.0,3220.19,1997.61
July_2026,Jammu and Kashmir,Ministry of Petroleum & Natural Gas,Oil & Gas,1,538.0,538.0,4.45
July_2026,Jammu and Kashmir,Ministry of Power,Electricity Generation,4,22207.77,27945.1,16608.79
July_2026,Jammu and Kashmir,16608.79,Transmission & Distribution,1,218.6,218.6,3.72
July_2026,Jammu and Kashmir,Ministry of Road Transport & Highways,Roads & Highways,36,33531.1,33631.9,15765.65
July_2026,PAN India,Department of Telecommunications,Telecommunication,5,111865.69,52542.5,78802.18
July_2026,Jharkhand,Department of Telecommunications,Telecommunication,3,7147.17,3937.81,1977.02
July_2026,Jharkhand,"Department of Water Resources, River Development & GR",Water Resources,2,5430.04,12010.3,6386.21
July_2026,Jharkhand,Ministry of Coal,Coal,27,48328.18,48328.2,11766.54
July_2026,Jharkhand,Ministry of Coal,Railways,1,1799.64,2564.34,1784.77
July_2026,Jharkhand,Ministry of Health & Family Welfare,Healthcare,2,500.0,958.9,336.0
July_2026,Jharkhand,Ministry of Housing & Urban Affairs,Waste & Water,3,654.14,654.14,403.16
July_2026,Jharkhand,Ministry of Petroleum & Natural Gas,Oil & Gas,2,633.07,633.07,333.72
July_2026,Jharkhand,"Ministry of Ports, Shipping and Waterways",Inland Waterways,1,5369.18,5061.15,4187.19
July_2026,Jharkhand,Ministry of Power,Coal,2,2083.0,2365.0,1063.43
July_2026,Jharkhand,1063.43,Electricity Generation,2,33026.0,34660.0,21965.03
July_2026,Jharkhand,21965.03,Transmission & Distribution,1,1842.25,1842.25,1648.05
July_2026,Jharkhand,Ministry of Railways,Railways,12,30929.26,32081.4,12397.47
July_2026,Jharkhand,Ministry of Road Transport & Highways,Roads & Highways,36,41182.86,41172.2,19081.03
July_2026,Jharkhand,Ministry of Steel,Steel,5,2340.76,3059.05,1667.13
July_2026,PAN India,Department of Telecommunications,Telecommunication,4,110244.69,50921.5,78632.13
July_2026,Karnataka,Department for Promotion of Industry & Internal Trade,Real Estate,1,1701.81,1701.81,337.56
July_2026,Karnataka,"Department of Water Resources, River Development & GR",Water Resources,1,770.16,1606.07,1515.6
July_2026,Karnataka,Ministry of Civil Aviation,Aviation & Aviation Infrastructure,3,1143.4,1143.4,809.87
July_2026,Karnataka,Ministry of Housing & Urban Affairs,Urban Public Transport,3,56804.24,61094.2,40713.45
July_2026,Karnataka,40713.45,Waste & Water,1,162.73,162.73,79.5
July_2026,Karnataka,Ministry of Labour and Employment,Healthcare,2,428.92,428.92,111.57
July_2026,Karnataka,Ministry of Petroleum & Natural Gas,Oil & Gas,4,6747.0,6784.62,5172.33
July_2026,Karnataka,"Ministry of Ports, Shipping and Waterways",Shipping,1,153.23,153.23,97.45
July_2026,Karnataka,Ministry of Power,Transmission & Distribution,10,23490.99,23491.0,9340.94
July_2026,Karnataka,Ministry of Railways,Railways,12,33849.7,32719.6,11303.68
July_2026,Karnataka,Ministry of Road Transport & Highways,Roads & Highways,70,75166.87,79380.3,48272.76
July_2026,Karnataka,Ministry of Steel,Steel,1,1043.63,1043.63,649.52
July_2026,PAN India,Department of Telecommunications,Telecommunication,4,91812.13,32489.0,58375.72
July_2026,Kerala,Department for Promotion of Industry & Internal Trade,Real Estate,1,3805.0,3805.0,57.93
July_2026,Kerala,Department of Higher Education,Education,2,2533.45,2744.4,696.0
July_2026,Kerala,Ministry of Civil Aviation,Aviation & Aviation Infrastructure,1,484.57,484.57,242.51
July_2026,Kerala,Ministry of Housing & Urban Affairs,Urban Public Transport,1,1957.05,1957.05,816.8
July_2026,Kerala,Ministry of Petroleum & Natural Gas,Oil & Gas,2,5590.0,5980.0,1350.61
July_2026,Kerala,Ministry of Power,Transmission & Distribution,1,173.14,173.14,2.08
July_2026,Kerala,Ministry of Railways,Railways,3,2846.0,5784.41,3966.63
July_2026,Kerala,Ministry of Road Transport & Highways,Roads & Highways,21,55625.3,61868.6,42535.43
July_2026,PAN India,Department of Telecommunications,Telecommunication,5,111009.69,51686.5,78727.08
July_2026,Ladakh,Ministry of Civil Aviation,Aviation & Aviation Infrastructure,1,480.0,640.0,512.55
July_2026,Ladakh,Ministry of Health & Family Welfare,Healthcare,1,325.0,325.0,127.0
July_2026,Ladakh,Ministry of Road Transport & Highways,Roads & Highways,3,1184.27,1184.27,1010.59
July_2026,PAN India,Department of Telecommunications,Telecommunication,4,50756.69,39833.5,29992.49
July_2026,PAN India,Department of Telecommunications,Telecommunication,2,22819.69,22819.7,21099.62
July_2026,Madhya Pradesh,Department of Higher Education,Education,1,496.28,496.28,97.35
July_2026,Madhya Pradesh,Department of Telecommunications,Telecommunication,3,3883.82,2718.14,1021.96
July_2026,Madhya Pradesh,"Department of Water Resources, River Development & GR",Water Resources,3,23010.18,23323.0,11615.84
July_2026,Madhya Pradesh,Ministry of Coal,Coal,15,34550.26,34550.3,3976.5
July_2026,Madhya Pradesh,Ministry of Health & Family Welfare,Healthcare,2,650.0,650.0,268.91
July_2026,Madhya Pradesh,Ministry of Housing & Urban Affairs,Urban Public Transport,2,14442.2,14442.2,9592.71
July_2026,Madhya Pradesh,9592.71,Waste & Water,3,880.74,941.16,823.99
July_2026,Madhya Pradesh,Ministry of Mines,Metals & Mining,1,1856.36,3800.0,1018.09
July_2026,Madhya Pradesh,Ministry of Petroleum & Natural Gas,Oil & Gas,2,45159.0,45159.0,6645.2
July_2026,Madhya Pradesh,Ministry of Power,Electricity Generation,1,20446.0,20446.0,2329.76
July_2026,Madhya Pradesh,2329.76,Transmission & Distribution,10,46260.32,46260.3,9591.94
July_2026,Madhya Pradesh,Ministry of Railways,Railways,15,43653.55,70970.2,52665.45
July_2026,Madhya Pradesh,Ministry of Road Transport & Highways,Roads & Highways,55,39600.27,37330.9,14827.38
July_2026,PAN India,Department of Telecommunications,Telecommunication,5,115187.69,55864.5,79194.26
July_2026,Maharashtra,Department of Telecommunications,Telecommunication,3,7147.17,3937.81,1977.02
July_2026,Maharashtra,"Department of Water Resources, River Development & GR",Water Resources,6,10857.15,20187.1,22101.43
July_2026,Maharashtra,Ministry of Civil Aviation,Aviation & Aviation Infrastructure,1,500.48,500.48,399.77
July_2026,Maharashtra,Ministry of Coal,Coal,26,12900.3,12900.3,3469.21
July_2026,Maharashtra,Ministry of Health & Family Welfare,Healthcare,1,189.0,189.0,113.4
July_2026,Maharashtra,Ministry of Housing & Urban Affairs,Urban Public Transport,9,60255.66,74569.4,39453.57
July_2026,Maharashtra,39453.57,Waste & Water,1,194.2,194.2,136.56
July_2026,Maharashtra,Ministry of Labour and Employment,Healthcare,2,455.06,456.83,332.68
July_2026,Maharashtra,Ministry of Petroleum & Natural Gas,Energy Storage,2,764.49,872.81,661.86
July_2026,Maharashtra,661.86,Oil & Gas,9,35711.03,39788.3,13478.12
July_2026,Maharashtra,Ministry of Power,Transmission & Distribution,4,29246.0,29246.0,3092.53
July_2026,Maharashtra,Ministry of Railways,Railways,25,194304.74,292644.0,259927.7
July_2026,Maharashtra,Ministry of Road Transport & Highways,Roads & Highways,89,72485.45,75034.9,30478.97
July_2026,PAN India,Department of Telecommunications,Telecommunication,4,110244.69,50921.5,78632.13
July_2026,Manipur,Department of Sports,Education,1,906.47,611.74,577.32
July_2026,Manipur,"Department of Water Resources, River Development & GR",Water Resources,1,1449.44,1822.24,1848.17
July_2026,Manipur,Ministry of Civil Aviation,Aviation & Aviation Infrastructure,1,499.0,499.0,212.17
July_2026,Manipur,Ministry of Power,Transmission & Distribution,1,5111.33,6700.0,5577.75
July_2026,Manipur,Ministry of Railways,Railways,1,14323.0,21886.0,16931.5
July_2026,Manipur,Ministry of Road Transport & Highways,Roads & Highways,30,10790.98,10791.0,7546.54
July_2026,PAN India,Department of Telecommunications,Telecommunication,5,111412.69,52089.5,78755.41
July_2026,Meghalaya,Department of Higher Education,Education,1,494.52,429.7,377.82
July_2026,Meghalaya,Department of Telecommunications,Telecommunication,1,971.96,180.46,167.23
July_2026,Meghalaya,Ministry of Health & Family Welfare,Healthcare,1,189.0,189.0,170.1
July_2026,Meghalaya,Ministry of Power,Transmission & Distribution,1,5111.33,6700.0,5577.75
July_2026,Meghalaya,Ministry of Railways,Railways,1,1304.62,1432.14,1272.35
July_2026,Meghalaya,Ministry of Road Transport & Highways,Roads & Highways,12,6148.96,5995.63,2161.18
July_2026,PAN India,Department of Telecommunications,Telecommunication,5,111012.69,51689.5,78632.13
July_2026,Mizoram,Department of Higher Education,Education,1,474.23,474.23,167.55
July_2026,Mizoram,Ministry of Petroleum & Natural Gas,Energy Storage,1,225.71,225.71,32.45
July_2026,Mizoram,Ministry of Power,Transmission & Distribution,1,5111.33,6700.0,5577.75
July_2026,Mizoram,Ministry of Road Transport & Highways,Roads & Highways,16,11295.22,11295.2,4230.35
July_2026,PAN India,Department of Telecommunications,Telecommunication,5,111012.69,51689.5,78632.13
July_2026,Nagaland,Department of Higher Education,Education,1,275.63,275.63,263.25
July_2026,Nagaland,Ministry of Health & Family Welfare,Healthcare,1,325.0,325.0,155.0
July_2026,Nagaland,Ministry of Petroleum & Natural Gas,Oil & Gas,1,227.62,227.62,28.03
July_2026,Nagaland,Ministry of Power,Transmission & Distribution,1,5111.33,6700.0,5577.75
July_2026,Nagaland,Ministry of Railways,Railways,1,6663.0,15310.2,6719.53
July_2026,Nagaland,Ministry of Road Transport & Highways,Roads & Highways,17,5178.71,5732.76,2189.3
July_2026,PAN India,Department of Telecommunications,Telecommunication,5,111412.69,52089.5,78755.41
July_2026,Odisha,Department of Higher Education,Education,3,1882.56,1496.33,1029.25
July_2026,Odisha,Department of Telecommunications,Telecommunication,3,7147.17,3937.81,1977.02
July_2026,Odisha,"Department of Water Resources, River Development & GR",Water Resources,3,4612.34,12314.5,13941.88
July_2026,Odisha,Ministry of Coal,Coal,12,36569.58,34261.3,14209.97
July_2026,Odisha,14209.97,Electricity Generation,1,27212.96,27213.0,3574.21
July_2026,Odisha,Ministry of Labour and Employment,Healthcare,1,164.6,164.6,16.44
July_2026,Odisha,Ministry of Mines,Metals & Mining,3,5967.0,8121.17,6247.75
July_2026,Odisha,Ministry of Petroleum & Natural Gas,Oil & Gas,4,16925.45,14903.5,9699.36
July_2026,Odisha,"Ministry of Ports, Shipping and Waterways",Shipping,1,3004.63,3004.63,2261.12
July_2026,Odisha,Ministry of Power,Electricity Generation,2,22974.75,23674.0,7597.51
July_2026,Odisha,7597.51,Transmission & Distribution,2,3065.19,3065.19,334.5
July_2026,Odisha,Ministry of Railways,Railways,25,33809.94,44008.9,27438.01
July_2026,Odisha,Ministry of Road Transport & Highways,Roads & Highways,38,24703.36,27354.0,15008.66
July_2026,Odisha,Ministry of Steel,Steel,5,5160.31,5160.31,1654.92
July_2026,PAN India,Department of Telecommunications,Telecommunication,5,111957.69,52634.5,78632.13
July_2026,PAN India,Department of Telecommunications,Telecommunication,3,65496.13,17096.1,49652.9
July_2026,Puducherry,Department of Higher Education,Education,1,618.34,544.34,543.74
July_2026,Puducherry,Ministry of Railways,Railways,1,713.0,1748.55,1267.74
July_2026,Puducherry,Ministry of Road Transport & Highways,Roads & Highways,4,7027.6,7051.29,4116.96
July_2026,PAN India,Department of Telecommunications,Telecommunication,5,111489.69,52166.5,78632.13
July_2026,Punjab,Department for Promotion of Industry & Internal Trade,Real Estate,1,1367.72,1367.72,0.0
July_2026,Punjab,Department of Higher Education,Education,2,559.3,597.85,392.26
July_2026,Punjab,"Department of Water Resources, River Development & GR",Water Resources,2,3727.07,5177.86,4566.06
July_2026,Punjab,Ministry of Health & Family Welfare,Healthcare,2,650.0,924.75,52.04
July_2026,Punjab,Ministry of Housing & Urban Affairs,Waste & Water,2,545.53,553.64,374.66
July_2026,Punjab,Ministry of Petroleum & Natural Gas,Oil & Gas,3,2094.36,2094.36,1626.77
July_2026,Punjab,Ministry of Power,Transmission & Distribution,1,5969.0,5969.0,1969.77
July_2026,Punjab,Ministry of Railways,Railways,3,2490.42,4571.26,3104.15
July_2026,Punjab,Ministry of Road Transport & Highways,Roads & Highways,32,41876.31,46755.2,27315.2
July_2026,PAN India,Department of Telecommunications,Telecommunication,5,113083.69,53760.5,78916.06
July_2026,Rajasthan,Department for Promotion of Industry & Internal Trade,Real Estate,1,921.66,921.66,0.0
July_2026,Rajasthan,Department of Telecommunications,Telecommunication,1,421.65,228.94,152.96
July_2026,Rajasthan,Ministry of Civil Aviation,Aviation & Aviation Infrastructure,3,2874.0,2874.0,1016.83
July_2026,Rajasthan,Ministry of Coal,Electricity Generation,1,4147.07,4147.07,249.95
July_2026,Rajasthan,Ministry of Housing & Urban Affairs,Urban Public Transport,3,14222.55,14222.5,128.16
July_2026,Rajasthan,Ministry of Petroleum & Natural Gas,Energy Storage,1,461.05,461.05,252.18
July_2026,Rajasthan,252.18,Oil & Gas,3,10958.0,10958.0,6842.71
July_2026,Rajasthan,Ministry of Power,Transmission & Distribution,17,72773.0,72773.0,25423.68
July_2026,Rajasthan,Ministry of Railways,Railways,17,80486.99,157462.0,151325.18
July_2026,Rajasthan,Ministry of Road Transport & Highways,Roads & Highways,22,16241.58,14357.5,7952.07
July_2026,PAN India,Department of Telecommunications,Telecommunication,5,110404.69,51081.5,78632.13
July_2026,Sikkim,Department of Higher Education,Education,2,999.82,951.31,575.56
July_2026,Sikkim,Ministry of Civil Aviation,Aviation & Aviation Infrastructure,1,323.26,323.26,87.61
July_2026,Sikkim,Ministry of Health & Family Welfare,Healthcare,1,250.0,635.21,667.21
July_2026,Sikkim,Ministry of Power,Electricity Generation,2,6686.33,7576.15,6290.84
July_2026,Sikkim,6290.84,Transmission & Distribution,1,4754.42,9129.32,8141.52
July_2026,Sikkim,Ministry of Railways,Railways,1,7877.0,11775.0,11090.47
July_2026,Sikkim,Ministry of Road Transport & Highways,Roads & Highways,8,3158.89,3287.17,2016.67
July_2026,PAN India,Department of Telecommunications,Telecommunication,3,49135.69,38212.5,29822.44
July_2026,Tamil Nadu,Ministry of Civil Aviation,Aviation & Aviation Infrastructure,1,1207.0,1207.0,331.85
July_2026,Tamil Nadu,Ministry of Health & Family Welfare,Healthcare,1,1264.0,2021.51,540.92
July_2026,Tamil Nadu,Ministry of Housing & Urban Affairs,Urban Public Transport,1,63246.0,63246.0,34698.0
July_2026,Tamil Nadu,Ministry of Mines,Metals & Mining,1,166.0,166.0,135.0
July_2026,Tamil Nadu,Ministry of Petroleum & Natural Gas,Energy Storage,2,1507.0,2561.0,1588.83
July_2026,Tamil Nadu,1588.83,Oil & Gas,4,38385.0,46153.0,6918.16
July_2026,Tamil Nadu,Ministry of Power,Transmission & Distribution,1,548.0,548.0,208.24
July_2026,Tamil Nadu,Ministry of Railways,Railways,10,10489.69,16541.0,8194.52
July_2026,Tamil Nadu,Ministry of Road Transport & Highways,Roads & Highways,41,54094.87,51067.6,24379.55
July_2026,PAN India,Department of Telecommunications,Telecommunication,4,110244.69,50921.5,78632.13
July_2026,Telangana,Department for Promotion of Industry & Internal Trade,Real Estate,1,2360.0,2360.0,42.89
July_2026,Telangana,Department of Higher Education,Education,1,262.0,262.0,223.65
July_2026,Telangana,Department of Telecommunications,Telecommunication,2,3462.17,2489.2,869.0
July_2026,Telangana,"Department of Water Resources, River Development & GR",Water Resources,3,10268.14,21620.0,10303.64
July_2026,Telangana,Ministry of Civil Aviation,Aviation & Aviation Infrastructure,1,500.48,500.48,399.77
July_2026,Telangana,Ministry of Coal,Coal,7,2986.57,2986.57,1806.96
July_2026,Telangana,Ministry of Health & Family Welfare,Healthcare,1,1028.0,1365.95,1028.94
July_2026,Telangana,Ministry of Housing & Urban Affairs,Construction,1,644.0,644.0,188.69
July_2026,Telangana,Ministry of Petroleum & Natural Gas,Oil & Gas,1,215.0,215.0,46.87
July_2026,Telangana,Ministry of Power,Electricity Generation,1,29344.85,29344.8,732.96
July_2026,Telangana,732.96,Transmission & Distribution,1,1368.0,1368.0,1258.56
July_2026,Telangana,Ministry of Railways,Railways,4,4811.31,4991.77,1680.4
July_2026,Telangana,Ministry of Road Transport & Highways,Roads & Highways,47,35259.83,37868.8,14223.92
July_2026,PAN India,Department of Telecommunications,Telecommunication,5,111012.69,51689.5,78632.13
July_2026,Tripura,Ministry of Petroleum & Natural Gas,Oil & Gas,2,9474.33,9396.51,7089.31
July_2026,Tripura,Ministry of Power,Transmission & Distribution,1,5111.33,6700.0,5577.75
July_2026,Tripura,Ministry of Road Transport & Highways,Roads & Highways,9,6260.76,6260.76,2085.98
July_2026,PAN India,Department of Telecommunications,Telecommunication,4,110244.69,50921.5,78632.13
July_2026,Uttar Pradesh,Department for Promotion of Industry & Internal Trade,Real Estate,1,658.0,658.0,75.63
July_2026,Uttar Pradesh,Department of Higher Education,Education,1,246.0,246.0,212.35
July_2026,Uttar Pradesh,Department of Telecommunications,Telecommunication,5,10808.82,9643.14,1523.96
July_2026,Uttar Pradesh,"Department of Water Resources, River Development & GR",Waste & Water,2,1532.96,1532.96,243.43
July_2026,Uttar Pradesh,243.43,Water Resources,2,22090.67,25447.2,13106.6
July_2026,Uttar Pradesh,Ministry of Civil Aviation,Aviation & Aviation Infrastructure,3,3949.13,3949.13,1371.28
July_2026,Uttar Pradesh,Ministry of Coal,Coal,2,1328.09,1328.09,1296.79
July_2026,Uttar Pradesh,Ministry of Housing & Urban Affairs,Urban Public Transport,4,27511.5,27511.5,15831.48
July_2026,Uttar Pradesh,15831.48,Waste & Water,2,704.2,734.95,659.17
July_2026,Uttar Pradesh,Ministry of Petroleum & Natural Gas,Energy Storage,2,11068.45,11068.5,8812.56
July_2026,Uttar Pradesh,8812.56,Oil & Gas,4,17302.12,17302.1,1015.27
July_2026,Uttar Pradesh,"Ministry of Ports, Shipping and Waterways",Inland Waterways,1,5369.18,5061.15,4187.19
July_2026,Uttar Pradesh,Ministry of Power,Electricity Generation,2,55553.0,55553.0,4843.21
July_2026,Uttar Pradesh,4843.21,Transmission & Distribution,5,36697.81,36697.8,5590.77
July_2026,Uttar Pradesh,Ministry of Railways,Railways,24,106265.18,181398.0,156187.03
July_2026,Uttar Pradesh,Ministry of Road Transport & Highways,Roads & Highways,104,125106.38,119103.0,48682.48
July_2026,PAN India,Department of Telecommunications,Telecommunication,5,112065.69,52742.5,78842.0
July_2026,Uttarakhand,Department for Promotion of Industry & Internal Trade,Real Estate,1,1265.37,1265.37,0.0
July_2026,Uttarakhand,Department of Higher Education,Education,1,650.85,650.85,401.56
July_2026,Uttarakhand,"Department of Water Resources, River Development & GR",Water Resources,1,2584.1,2584.1,1307.15
July_2026,Uttarakhand,Ministry of Health & Family Welfare,Healthcare,2,650.0,1093.89,823.09
July_2026,Uttarakhand,Ministry of Housing & Urban Affairs,Real Estate,1,150.97,206.0,59.51
July_2026,Uttarakhand,Ministry of Labour and Employment,Healthcare,1,102.4,297.63,340.3
July_2026,Uttarakhand,Ministry of Power,Electricity Generation,2,6838.35,17312.4,13660.5
July_2026,Uttarakhand,Ministry of Road Transport & Highways,Roads & Highways,38,21871.56,20587.5,8267.01
July_2026,PAN India,Department of Telecommunications,Telecommunication,5,111918.69,52595.5,78855.54
July_2026,West Bengal,Department of Higher Education,Education,1,500.0,442.0,418.86
July_2026,West Bengal,Department of Telecommunications,Telecommunication,2,3462.17,2489.2,869.0
July_2026,West Bengal,"Department of Water Resources, River Development & GR",Waste & Water,1,154.73,154.73,102.04
July_2026,West Bengal,Ministry of Civil Aviation,Aviation & Aviation Infrastructure,2,1877.3,1877.3,701.82
July_2026,West Bengal,Ministry of Coal,Coal,10,12282.26,12282.2,2100.14
July_2026,West Bengal,Ministry of Mines,Construction,1,255.37,255.37,98.94
July_2026,West Bengal,Ministry of Petroleum & Natural Gas,Energy Storage,1,10228.0,12407.0,11168.49
July_2026,West Bengal,11168.49,Oil & Gas,7,6157.65,7192.0,4817.76
July_2026,West Bengal,"Ministry of Ports, Shipping and Waterways",Inland Waterways,1,5369.18,5061.15,4187.19
July_2026,West Bengal,Ministry of Power,Electricity Generation,3,20091.84,21644.6,5102.41
July_2026,West Bengal,5102.41,Transmission & Distribution,2,751.63,751.63,150.06
July_2026,West Bengal,Ministry of Railways,Railways,12,36323.48,44617.8,22644.46
July_2026,West Bengal,Ministry of Road Transport & Highways,Roads & Highways,22,14834.57,14244.7,8011.03
July_2026,West Bengal,Ministry of Steel,Steel,8,8439.03,8439.03,2348.58
June_2026,Offshore,Ministry of Petroleum & Natural Gas,Oil & Gas,7,26398.58,29147.8,17768.26
June_2026,Offshore,Ministry of Railways,Railways,1,819.0,819.0,580.51
June_2026,PAN India,Department of Telecommunications,Telecommunication,3,79326.55,59529.4,26839.21
June_2026,PAN India,Ministry of Railways,Railways,1,274.39,274.39,0.0
June_2026,Andaman & Nicobar,Ministry of Housing & Urban Affairs,Real Estate,1,209.88,230.0,37.35
June_2026,Andaman & Nicobar,Ministry of Road Transport & Highways,Roads & Highways,3,653.97,1081.48,0.0
June_2026,PAN India,Department of Telecommunications,Telecommunication,2,61754.13,188645.0,49216.84
June_2026,Andhra Pradesh,Department for Promotion of Industry & Internal Trade,Real Estate,3,7061.44,7061.44,1299.7
June_2026,Andhra Pradesh,Department of Higher Education,Education,1,305.0,305.0,67.73
June_2026,Andhra Pradesh,Department of Telecommunications,Telecommunication,3,7147.17,3937.81,1958.12
June_2026,Andhra Pradesh,"Department of Water Resources, River Development & GR",Water Resources,3,10901.5,57269.5,29230.08
June_2026,Andhra Pradesh,Ministry of Civil Aviation,Aviation & Aviation Infrastructure,3,1224.86,1224.86,870.84
June_2026,Andhra Pradesh,Ministry of Housing & Urban Affairs,Waste & Water,1,172.22,172.22,88.86
June_2026,Andhra Pradesh,Ministry of Labour and Employment,Healthcare,1,384.27,384.27,253.37
June_2026,Andhra Pradesh,Ministry of Petroleum & Natural Gas,Energy Storage,1,2658.34,2810.0,2315.2
June_2026,Andhra Pradesh,2315.20,Oil & Gas,4,36642.34,36702.3,33822.89
June_2026,Andhra Pradesh,Ministry of Power,Transmission & Distribution,4,15694.49,15694.5,3535.52
June_2026,Andhra Pradesh,Ministry of Railways,Railways,24,56748.36,64703.0,38621.46
June_2026,Andhra Pradesh,Ministry of Road Transport & Highways,Roads & Highways,78,76464.57,74274.4,33385.05
June_2026,PAN India,Department of Telecommunications,Telecommunication,2,61754.13,188645.0,49216.84
June_2026,Arunachal Pradesh,Department of Higher Education,Education,1,592.61,592.61,551.3
June_2026,Arunachal Pradesh,Department of Telecommunications,Telecommunication,1,1255.49,276.62,237.98
June_2026,Arunachal Pradesh,Ministry of Petroleum & Natural Gas,Oil & Gas,1,9265.0,9265.0,6900.0
June_2026,Arunachal Pradesh,Ministry of Power,Electricity Generation,6,64102.68,83892.9,31756.12
June_2026,Arunachal Pradesh,31756.12,Transmission & Distribution,2,4963.8,9338.7,8131.88
June_2026,Arunachal Pradesh,Ministry of Railways,Railways,1,435.0,1250.0,887.87
June_2026,Arunachal Pradesh,Ministry of Road Transport & Highways,Roads & Highways,13,9108.51,9108.51,1324.41
June_2026,PAN India,Department of Telecommunications,Telecommunication,2,61754.13,188645.0,49216.84
June_2026,Assam,Department of Higher Education,Education,1,153.71,153.71,137.84
June_2026,Assam,Department of Telecommunications,Telecommunication,1,1255.49,276.62,237.98
June_2026,Assam,"Department of Water Resources, River Development & GR",Water Resources,1,256.16,256.16,44.7
June_2026,Assam,Ministry of Civil Aviation,Aviation & Aviation Infrastructure,1,1712.0,2520.0,2660.15
June_2026,Assam,Ministry of Coal,Coal,2,449.23,449.23,218.46
June_2026,Assam,Ministry of Petroleum & Natural Gas,Energy Storage,3,10768.4,12947.4,11380.61
June_2026,Assam,11380.61,Oil & Gas,13,26943.76,39952.9,29745.47
June_2026,Assam,Ministry of Power,Electricity Generation,1,6285.33,26075.5,26379.99
June_2026,Assam,26379.99,Transmission & Distribution,1,5111.33,6700.0,5577.75
June_2026,Assam,Ministry of Railways,Railways,9,19531.77,21246.8,13259.42
June_2026,Assam,Ministry of Road Transport & Highways,Roads & Highways,50,46497.7,47174.1,15525.95
June_2026,PAN India,Department of Telecommunications,Telecommunication,2,61754.13,188645.0,49216.84
June_2026,Bihar,Department of Higher Education,Education,1,499.21,499.21,449.96
June_2026,Bihar,Department of Telecommunications,Telecommunication,3,3883.82,2718.14,1010.67
June_2026,Bihar,"Department of Water Resources, River Development & GR",Waste & Water,5,2351.43,2351.43,1310.08
June_2026,Bihar,1310.08,Water Resources,1,1622.27,2430.76,172.97
June_2026,Bihar,Ministry of Civil Aviation,Aviation & Aviation Infrastructure,3,3541.56,3541.56,1612.25
June_2026,Bihar,Ministry of Health & Family Welfare,Healthcare,1,1264.0,1264.0,27.81
June_2026,Bihar,27.81,Healthcare,7,1628.0,1878.0,930.01
June_2026,Bihar,Ministry of Housing & Urban Affairs,Urban Public Transport,1,13365.77,13365.8,5198.09
June_2026,Bihar,5198.09,Waste & Water,1,158.78,158.78,135.72
June_2026,Bihar,Ministry of Petroleum & Natural Gas,Energy Storage,1,10228.0,12407.0,11036.0
June_2026,Bihar,11036.00,Oil & Gas,6,23776.5,25641.2,76320.94
June_2026,Bihar,"Ministry of Ports, Shipping and Waterways",Inland Waterways,1,5369.18,5061.15,4117.61
June_2026,Bihar,Ministry of Power,Electricity Generation,2,40387.09,43704.6,16706.66
June_2026,Bihar,16706.66,Transmission & Distribution,3,3119.63,3119.63,281.49
June_2026,Bihar,Ministry of Railways,Railways,22,45121.2,49589.6,20368.59
June_2026,Bihar,Ministry of Road Transport & Highways,Roads & Highways,68,87538.11,89462.4,37836.51
June_2026,PAN India,Department of Telecommunications,Telecommunication,2,61754.13,188645.0,49216.84
June_2026,PAN India,Department of Telecommunications,Telecommunication,2,61754.13,188645.0,49216.84
June_2026,Chhattisgarh,Department of Higher Education,Education,1,1188.97,1188.97,0.0
June_2026,Chhattisgarh,Department of Telecommunications,Telecommunication,3,7147.17,3937.81,1958.12
June_2026,Chhattisgarh,"Department of Water Resources, River Development & GR",Water Resources,2,842.26,1109.33,869.21
June_2026,Chhattisgarh,Ministry of Coal,Coal,14,34428.39,34428.4,12833.48
June_2026,Chhattisgarh,12833.48,Railways,1,1686.22,2438.53,792.73
June_2026,Chhattisgarh,Ministry of Health & Family Welfare,Healthcare,3,975.0,972.85,536.99
June_2026,Chhattisgarh,Ministry of Petroleum & Natural Gas,Oil & Gas,2,2769.04,2769.04,559.54
June_2026,Chhattisgarh,Ministry of Power,Electricity Generation,2,25321.0,25897.0,7074.85
June_2026,Chhattisgarh,Ministry of Railways,Railways,18,34916.47,39751.6,21861.75
June_2026,Chhattisgarh,Ministry of Road Transport & Highways,Roads & Highways,22,21163.16,22402.4,9479.64
June_2026,Chhattisgarh,Ministry of Steel,Metals & Mining,1,1700.0,1756.2,263.01
June_2026,Chhattisgarh,263.01,Steel,5,7180.39,9700.39,6393.55
June_2026,PAN India,Department of Telecommunications,Telecommunication,2,61754.13,188645.0,49216.84
June_2026,Dadra & Nagar Haveli and Daman & Diu,Ministry of Railways,Railways,1,108000.0,108000.0,90966.89
June_2026,Dadra & Nagar Haveli and Daman & Diu,Ministry of Road Transport & Highways,Roads & Highways,2,2107.8,2891.81,1172.46
June_2026,PAN India,Department of Telecommunications,Telecommunication,2,61754.13,188645.0,49216.84
June_2026,Delhi,Department of Higher Education,Education,2,706.49,709.42,357.39
June_2026,Delhi,Department of Telecommunications,Telecommunication,1,248.2,248.2,237.43
June_2026,Delhi,Ministry of Health & Family Welfare,Healthcare,2,4799.19,4799.19,98.17
June_2026,Delhi,Ministry of Housing & Urban Affairs,Real Estate,1,32850.0,32841.0,14370.45
June_2026,Delhi,14370.45,Urban Public Transport,4,51594.36,51594.4,22022.17
June_2026,Delhi,Ministry of Power,Transmission & Distribution,3,3038.0,3038.0,2529.25
June_2026,Delhi,Ministry of Railways,Railways,5,19348.46,20637.1,10863.11
June_2026,Delhi,Ministry of Road Transport & Highways,Roads & Highways,4,8530.54,11101.5,9256.08
June_2026,PAN India,Department of Telecommunications,Telecommunication,1,645.13,645.13,407.15
June_2026,Goa,Ministry of Railways,Railways,3,7696.49,8074.62,6674.35
June_2026,Goa,Ministry of Road Transport & Highways,Roads & Highways,5,2476.3,2252.18,278.52
June_2026,PAN India,Department of Telecommunications,Telecommunication,2,4387.13,4387.13,842.46
June_2026,Gujarat,Department of Higher Education,Education,1,490.63,490.63,339.4
June_2026,Gujarat,"Department of Water Resources, River Development & GR",Water Resources,1,20718.17,33412.5,31943.15
June_2026,Gujarat,Ministry of Civil Aviation,Aviation & Aviation Infrastructure,2,1668.1,1914.1,1051.54
June_2026,Gujarat,Ministry of Coal,Electricity Generation,4,5421.78,5421.78,2397.89
June_2026,Gujarat,Ministry of Health & Family Welfare,Healthcare,3,1845.0,2477.48,2187.01
June_2026,Gujarat,Ministry of Housing & Urban Affairs,Real Estate,1,539.0,539.0,623.44
June_2026,Gujarat,623.44,Urban Public Transport,1,12020.32,12020.3,9166.71
June_2026,Gujarat,Ministry of Labour and Employment,Healthcare,2,763.99,763.99,107.55
June_2026,Gujarat,Ministry of Petroleum & Natural Gas,Energy Storage,3,19472.86,19420.4,16318.85
June_2026,Gujarat,16318.85,Oil & Gas,11,32704.12,32400.0,86580.28
June_2026,Gujarat,"Ministry of Ports, Shipping and Waterways",Shipping,2,4414.64,4455.25,2630.5
June_2026,Gujarat,2630.50,"Tourism, Hospitality & Wellness",1,573.0,1238.05,636.91
June_2026,Gujarat,Ministry of Power,Electricity Generation,1,339.35,339.35,370.0
June_2026,Gujarat,370.00,Transmission & Distribution,14,64870.45,64870.4,12114.25
June_2026,Gujarat,Ministry of Railways,Railways,27,189399.71,267208.0,240119.0
June_2026,Gujarat,Ministry of Road Transport & Highways,Roads & Highways,34,38204.78,39075.0,19225.09
June_2026,PAN India,Department of Telecommunications,Telecommunication,2,61754.13,188645.0,49216.84
June_2026,Haryana,Department for Promotion of Industry & Internal Trade,Logistics Infrastructure,1,763.0,763.0,430.0
June_2026,Haryana,Ministry of Health & Family Welfare,Healthcare,1,1299.0,1646.43,717.42
June_2026,Haryana,Ministry of Housing & Urban Affairs,Urban Public Transport,2,11683.71,11683.7,729.8
June_2026,Haryana,729.80,Waste & Water,1,278.01,278.01,228.49
June_2026,Haryana,Ministry of Petroleum & Natural Gas,Energy Storage,1,9028.0,9028.0,7482.71
June_2026,Haryana,7482.71,Oil & Gas,6,46284.07,49955.1,37673.1
June_2026,Haryana,Ministry of Power,Transmission & Distribution,2,11326.0,11326.0,3693.04
June_2026,Haryana,Ministry of Railways,Railways,4,53464.0,126368.0,125845.31
June_2026,Haryana,Ministry of Road Transport & Highways,Roads & Highways,20,27779.95,30432.1,17996.9
June_2026,PAN India,Department of Telecommunications,Telecommunication,2,61754.13,188645.0,49216.84
June_2026,Himachal Pradesh,Department of Higher Education,Education,3,811.15,921.89,684.69
June_2026,Himachal Pradesh,Ministry of Power,Electricity Generation,3,5113.04,11168.7,4233.79
June_2026,Himachal Pradesh,Ministry of Railways,Railways,3,17005.0,17005.1,10786.04
June_2026,Himachal Pradesh,Ministry of Road Transport & Highways,Roads & Highways,26,23587.87,27705.7,15260.66
June_2026,PAN India,Department of Telecommunications,Telecommunication,2,61754.13,188645.0,49216.84
June_2026,Jammu and Kashmir,Department of Higher Education,Education,1,424.93,500.91,484.52
June_2026,Jammu and Kashmir,Ministry of Civil Aviation,Aviation & Aviation Infrastructure,1,861.37,861.37,353.54
June_2026,Jammu and Kashmir,Ministry of Health & Family Welfare,Healthcare,3,2478.0,2810.84,1989.22
June_2026,Jammu and Kashmir,Ministry of Petroleum & Natural Gas,Oil & Gas,2,1059.9,1059.9,323.4
June_2026,Jammu and Kashmir,Ministry of Power,Electricity Generation,4,22207.77,27945.1,16603.51
June_2026,Jammu and Kashmir,Ministry of Power,Transmission & Distribution,1,218.6,218.6,3.72
June_2026,Jammu and Kashmir,Ministry of Road Transport & Highways,Roads & Highways,36,33480.75,33631.9,15604.95
June_2026,PAN India,Department of Telecommunications,Telecommunication,2,61754.13,188645.0,49216.84
June_2026,Jharkhand,Department of Telecommunications,Telecommunication,3,7147.17,3937.81,1958.12
June_2026,Jharkhand,"Department of Water Resources, River Development & GR",Water Resources,2,5430.04,12010.3,6213.24
June_2026,Jharkhand,Ministry of Coal,Coal,27,48656.67,48421.0,11920.78
June_2026,Jharkhand,11920.78,Railways,1,1799.64,2564.34,1713.19
June_2026,Jharkhand,Ministry of Health & Family Welfare,Healthcare,2,500.0,958.9,336.0
June_2026,Jharkhand,Ministry of Housing & Urban Affairs,Waste & Water,3,654.14,654.14,403.16
June_2026,Jharkhand,Ministry of Petroleum & Natural Gas,Energy Storage,1,10228.0,12407.0,11036.0
June_2026,Jharkhand,11036.00,Oil & Gas,2,633.07,633.07,332.89
June_2026,Jharkhand,"Ministry of Ports, Shipping and Waterways",Inland Waterways,1,5369.18,5061.15,4117.61
June_2026,Jharkhand,Ministry of Power,Coal,2,2083.0,2365.0,1053.41
June_2026,Jharkhand,1053.41,Electricity Generation,2,33026.0,34660.0,21321.88
June_2026,Jharkhand,21321.88,Transmission & Distribution,1,1842.25,1842.25,1648.05
June_2026,Jharkhand,Ministry of Railways,Railways,13,38167.71,39028.4,11435.06
June_2026,Jharkhand,Ministry of Road Transport & Highways,Roads & Highways,35,39729.1,39718.4,18438.8
June_2026,Jharkhand,Ministry of Steel,Steel,5,2340.76,3059.05,1629.15
June_2026,PAN India,Department of Telecommunications,Telecommunication,2,61754.13,188645.0,49216.84
June_2026,Karnataka,Department for Promotion of Industry & Internal Trade,Real Estate,1,1701.81,1701.81,324.12
June_2026,Karnataka,"Department of Water Resources, River Development & GR",Water Resources,1,770.16,1606.07,1515.6
June_2026,Karnataka,Ministry of Civil Aviation,Aviation & Aviation Infrastructure,3,1143.4,1143.4,779.68
June_2026,Karnataka,Ministry of Housing & Urban Affairs,Urban Public Transport,3,56804.24,61094.2,40189.4
June_2026,Karnataka,40189.40,Waste & Water,1,162.73,162.73,79.5
June_2026,Karnataka,Ministry of Labour and Employment,Healthcare,2,428.92,428.92,111.57
June_2026,Karnataka,Ministry of Petroleum & Natural Gas,Energy Storage,1,678.0,1732.0,1155.32
June_2026,Karnataka,1155.32,Oil & Gas,5,9662.0,12693.6,9924.23
June_2026,Karnataka,"Ministry of Ports, Shipping and Waterways",Shipping,1,153.23,153.23,97.45
June_2026,Karnataka,Ministry of Power,Transmission & Distribution,10,23490.99,23491.0,8710.83
June_2026,Karnataka,Ministry of Railways,Railways,20,46557.93,52395.5,20413.77
June_2026,Karnataka,Ministry of Road Transport & Highways,Roads & Highways,71,75391.53,79644.5,47464.28
June_2026,Karnataka,Ministry of Steel,Steel,1,1043.63,1043.63,628.29
June_2026,PAN India,Department of Telecommunications,Telecommunication,3,65496.13,192387.0,49652.15
June_2026,Kerala,Department for Promotion of Industry & Internal Trade,Real Estate,1,3805.0,3805.0,0.0
June_2026,Kerala,Department of Higher Education,Education,2,2533.45,2744.4,696.0
June_2026,Kerala,Ministry of Civil Aviation,Aviation & Aviation Infrastructure,1,484.57,484.57,227.5
June_2026,Kerala,Ministry of Housing & Urban Affairs,Urban Public Transport,1,1957.05,1957.05,752.34
June_2026,Kerala,Ministry of Petroleum & Natural Gas,Oil & Gas,3,8505.0,11889.0,6056.26
June_2026,Kerala,Ministry of Power,Transmission & Distribution,1,173.14,173.14,2.08
June_2026,Kerala,Ministry of Railways,Railways,3,2846.0,5183.64,3679.44
June_2026,Kerala,Ministry of Road Transport & Highways,Roads & Highways,21,55629.95,61868.6,42226.82
June_2026,PAN India,Department of Telecommunications,Telecommunication,2,61754.13,188645.0,49216.84
June_2026,Ladakh,Ministry of Civil Aviation,Aviation & Aviation Infrastructure,1,480.0,640.0,509.41
June_2026,Ladakh,Ministry of Health & Family Welfare,Healthcare,1,325.0,325.0,127.0
June_2026,Ladakh,Ministry of Road Transport & Highways,Roads & Highways,3,1184.27,1184.27,985.27
June_2026,PAN India,Department of Telecommunications,Telecommunication,1,645.13,645.13,407.15
June_2026,PAN India,Department of Telecommunications,Telecommunication,1,645.13,645.13,407.15
June_2026,Madhya Pradesh,Department of Higher Education,Education,1,496.28,496.28,97.35
June_2026,Madhya Pradesh,Department of Telecommunications,Telecommunication,3,3883.82,2718.14,1010.67
June_2026,Madhya Pradesh,"Department of Water Resources, River Development & GR",Water Resources,3,23010.18,23323.0,11584.93
June_2026,Madhya Pradesh,Ministry of Coal,Coal,15,34550.26,34550.3,4005.46
June_2026,Madhya Pradesh,Ministry of Health & Family Welfare,Healthcare,2,650.0,650.0,262.41
June_2026,Madhya Pradesh,Ministry of Housing & Urban Affairs,Urban Public Transport,2,14442.2,14442.2,9406.43
June_2026,Madhya Pradesh,9406.43,Waste & Water,3,880.74,941.16,823.99
June_2026,Madhya Pradesh,Ministry of Mines,Metals & Mining,1,1856.36,3800.0,1009.9
June_2026,Madhya Pradesh,Ministry of Petroleum & Natural Gas,Energy Storage,1,10088.0,10088.0,8672.35
June_2026,Madhya Pradesh,8672.35,Oil & Gas,2,45159.0,45159.0,6106.5
June_2026,Madhya Pradesh,Ministry of Power,Electricity Generation,1,20446.0,20446.0,2141.47
June_2026,Madhya Pradesh,2141.47,Transmission & Distribution,10,46260.32,46260.3,8614.76
June_2026,Madhya Pradesh,Ministry of Railways,Railways,17,52957.79,64553.6,51956.08
June_2026,Madhya Pradesh,Ministry of Road Transport & Highways,Roads & Highways,56,39929.41,37650.0,13864.82
June_2026,PAN India,Department of Telecommunications,Telecommunication,2,61754.13,188645.0,49216.84
June_2026,Maharashtra,Department of Telecommunications,Telecommunication,3,7147.17,3937.81,1958.12
June_2026,Maharashtra,"Department of Water Resources, River Development & GR",Water Resources,6,10857.15,20187.1,23649.57
June_2026,Maharashtra,Ministry of Civil Aviation,Aviation & Aviation Infrastructure,1,500.48,500.48,398.75
June_2026,Maharashtra,Ministry of Coal,Coal,26,12900.3,12900.3,3456.42
June_2026,Maharashtra,Ministry of Health & Family Welfare,Healthcare,1,189.0,189.0,113.4
June_2026,Maharashtra,Ministry of Housing & Urban Affairs,Urban Public Transport,9,60255.66,74569.4,36722.19
June_2026,Maharashtra,36722.19,Waste & Water,2,430.15,430.15,357.33
June_2026,Maharashtra,Ministry of Labour and Employment,Healthcare,2,455.06,456.83,330.85
June_2026,Maharashtra,Ministry of Petroleum & Natural Gas,Energy Storage,2,764.49,872.81,640.0
June_2026,Maharashtra,640.00,Oil & Gas,10,41246.03,43994.3,16869.08
June_2026,Maharashtra,"Ministry of Ports, Shipping and Waterways",Shipping,1,6000.0,6000.0,5999.89
June_2026,Maharashtra,Ministry of Power,Transmission & Distribution,5,29470.41,29470.4,3278.49
June_2026,Maharashtra,Ministry of Railways,Railways,34,266393.54,357833.0,288698.68
June_2026,Maharashtra,Ministry of Road Transport & Highways,Roads & Highways,90,72754.2,75303.7,27312.42
June_2026,PAN India,Department of Telecommunications,Telecommunication,2,61754.13,188645.0,49216.84
June_2026,Manipur,Department of Sports,Education,1,906.47,611.74,576.37
June_2026,Manipur,"Department of Water Resources, River Development & GR",Water Resources,1,1449.44,1822.24,1848.17
June_2026,Manipur,Ministry of Civil Aviation,Aviation & Aviation Infrastructure,1,499.0,499.0,206.83
June_2026,Manipur,Ministry of Petroleum & Natural Gas,Oil & Gas,1,9265.0,9265.0,6900.0
June_2026,Manipur,Ministry of Power,Transmission & Distribution,1,5111.33,6700.0,5577.75
June_2026,Manipur,Ministry of Railways,Railways,1,14323.0,21885.9,16327.07
June_2026,Manipur,Ministry of Road Transport & Highways,Roads & Highways,30,10790.98,10791.0,6734.14
June_2026,PAN India,Department of Telecommunications,Telecommunication,2,61754.13,188645.0,49216.84
June_2026,Meghalaya,Department of Higher Education,Education,1,494.52,429.7,368.98
June_2026,Meghalaya,Department of Telecommunications,Telecommunication,1,971.96,180.46,167.23
June_2026,Meghalaya,Ministry of Health & Family Welfare,Healthcare,1,189.0,189.0,170.1
June_2026,Meghalaya,Ministry of Petroleum & Natural Gas,Oil & Gas,1,9265.0,9265.0,6900.0
June_2026,Meghalaya,Ministry of Power,Transmission & Distribution,1,5111.33,6700.0,5577.75
June_2026,Meghalaya,Ministry of Railways,Railways,2,9628.9,9646.9,1524.92
June_2026,Meghalaya,Ministry of Road Transport & Highways,Roads & Highways,12,6148.96,5995.63,1870.46
June_2026,PAN India,Department of Telecommunications,Telecommunication,2,61754.13,188645.0,49216.84
June_2026,Mizoram,Department of Higher Education,Education,1,474.23,474.23,167.55
June_2026,Mizoram,Ministry of Petroleum & Natural Gas,Energy Storage,1,225.71,225.71,30.84
June_2026,Mizoram,30.84,Oil & Gas,1,9265.0,9265.0,6900.0
June_2026,Mizoram,Ministry of Power,Transmission & Distribution,1,5111.33,6700.0,5577.75
June_2026,Mizoram,Ministry of Road Transport & Highways,Roads & Highways,16,11295.22,11295.2,2582.81
June_2026,PAN India,Department of Telecommunications,Telecommunication,2,61754.13,188645.0,49216.84
June_2026,Nagaland,Department of Higher Education,Education,1,275.63,275.63,263.25
June_2026,Nagaland,Ministry of Health & Family Welfare,Healthcare,1,325.0,325.0,155.0
June_2026,Nagaland,Ministry of Petroleum & Natural Gas,Oil & Gas,2,9492.62,9492.62,6927.63
June_2026,Nagaland,Ministry of Power,Transmission & Distribution,1,5111.33,6700.0,5577.75
June_2026,Nagaland,Ministry of Railways,Railways,2,8786.7,8786.7,6889.96
June_2026,Nagaland,Ministry of Road Transport & Highways,Roads & Highways,17,5178.71,5732.76,1785.96
June_2026,PAN India,Department of Telecommunications,Telecommunication,2,61754.13,188645.0,49216.84
June_2026,Odisha,Department of Higher Education,Education,3,1882.56,1496.33,1027.18
June_2026,Odisha,Department of Telecommunications,Telecommunication,3,7147.17,3937.81,1958.12
June_2026,Odisha,"Department of Water Resources, River Development & GR",Water Resources,3,4612.34,12314.5,13870.04
June_2026,Odisha,Ministry of Coal,Coal,12,36569.58,34261.3,13781.82
June_2026,Odisha,13781.82,Electricity Generation,1,27212.96,27213.0,3518.17
June_2026,Odisha,Ministry of Labour and Employment,Healthcare,1,164.6,164.6,16.44
June_2026,Odisha,Ministry of Mines,Metals & Mining,3,5967.0,8121.17,6207.0
June_2026,Odisha,Ministry of Petroleum & Natural Gas,Energy Storage,2,12886.34,15217.0,13351.2
June_2026,Odisha,13351.20,Oil & Gas,5,17956.1,16028.5,72551.0
June_2026,Odisha,"Ministry of Ports, Shipping and Waterways",Shipping,1,3004.63,3004.63,2244.12
June_2026,Odisha,Ministry of Power,Electricity Generation,2,22974.75,23674.0,7339.63
June_2026,Odisha,7339.63,Transmission & Distribution,2,3065.19,3065.19,280.27
June_2026,Odisha,Ministry of Railways,Railways,1,267.61,267.61,0.0
June_2026,Odisha,0.00,Railways,29,42480.98,48238.2,33138.53
June_2026,Odisha,Ministry of Road Transport & Highways,Roads & Highways,37,24529.15,27179.8,14872.29
June_2026,PAN India,Department of Telecommunications,Telecommunication,2,61754.13,188645.0,49216.84
June_2026,PAN India,Department of Telecommunications,Telecommunication,3,65496.13,192387.0,49652.15
June_2026,Puducherry,Department of Higher Education,Education,1,618.34,544.34,543.74
June_2026,Puducherry,Ministry of Railways,Railways,1,713.0,981.0,645.24
June_2026,Puducherry,Ministry of Road Transport & Highways,Roads & Highways,4,7027.6,7051.29,4114.84
June_2026,PAN India,Department of Telecommunications,Telecommunication,2,61754.13,188645.0,49216.84
June_2026,Punjab,Department of Higher Education,Education,2,559.3,559.3,374.3
June_2026,Punjab,"Department of Water Resources, River Development & GR",Water Resources,2,3727.07,5177.86,4543.99
June_2026,Punjab,Ministry of Health & Family Welfare,Healthcare,2,650.0,924.75,2.0
June_2026,Punjab,Ministry of Housing & Urban Affairs,Waste & Water,2,545.53,553.64,374.66
June_2026,Punjab,Ministry of Petroleum & Natural Gas,Oil & Gas,5,12693.36,12693.4,8406.7
June_2026,Punjab,Ministry of Power,Transmission & Distribution,1,5969.0,5969.0,1880.23
June_2026,Punjab,Ministry of Railways,Railways,4,15937.42,15937.8,10378.41
June_2026,Punjab,Ministry of Road Transport & Highways,Roads & Highways,36,48277.52,53212.1,30958.42
June_2026,PAN India,Department of Telecommunications,Telecommunication,2,61754.13,188645.0,49216.84
June_2026,Rajasthan,Department for Promotion of Industry & Internal Trade,Real Estate,1,921.66,921.66,0.0
June_2026,Rajasthan,Department of Telecommunications,Telecommunication,1,421.65,228.94,152.96
June_2026,Rajasthan,Ministry of Civil Aviation,Aviation & Aviation Infrastructure,3,2874.0,2874.0,984.55
June_2026,Rajasthan,Ministry of Coal,Electricity Generation,1,4147.07,4147.07,249.95
June_2026,Rajasthan,Ministry of Housing & Urban Affairs,Urban Public Transport,2,1184.89,1184.89,126.37
June_2026,Rajasthan,Ministry of Petroleum & Natural Gas,Energy Storage,2,9489.05,9489.05,7717.81
June_2026,Rajasthan,7717.81,Oil & Gas,2,10599.0,10599.0,6785.3
June_2026,Rajasthan,Ministry of Power,Transmission & Distribution,17,72773.0,72773.0,24166.82
June_2026,Rajasthan,Ministry of Railways,Railways,22,85254.45,159925.0,149935.79
June_2026,Rajasthan,Ministry of Road Transport & Highways,Roads & Highways,23,16620.81,14736.7,7706.33
June_2026,PAN India,Department of Telecommunications,Telecommunication,2,61754.13,188645.0,49216.84
June_2026,Sikkim,Department of Higher Education,Education,2,999.82,962.5,575.56
June_2026,Sikkim,Ministry of Civil Aviation,Aviation & Aviation Infrastructure,1,323.26,323.26,87.6
June_2026,Sikkim,Ministry of Health & Family Welfare,Healthcare,1,250.0,635.21,667.21
June_2026,Sikkim,Ministry of Petroleum & Natural Gas,Oil & Gas,1,9265.0,9265.0,6900.0
June_2026,Sikkim,Ministry of Power,Electricity Generation,2,6686.33,7576.15,6211.07
June_2026,Sikkim,6211.07,Transmission & Distribution,1,4754.42,9129.32,8128.74
June_2026,Sikkim,Ministry of Railways,Railways,1,7877.0,11775.0,11090.47
June_2026,Sikkim,Ministry of Road Transport & Highways,Roads & Highways,8,3158.89,3287.17,105.09
June_2026,PAN India,Department of Telecommunications,Telecommunication,1,645.13,645.13,407.15
June_2026,Tamil Nadu,Ministry of Civil Aviation,Aviation & Aviation Infrastructure,1,1207.0,1207.0,314.15
June_2026,Tamil Nadu,Ministry of Health & Family Welfare,Healthcare,1,1264.0,2021.51,522.72
June_2026,Tamil Nadu,Ministry of Housing & Urban Affairs,Urban Public Transport,1,63246.0,63246.0,33774.0
June_2026,Tamil Nadu,Ministry of Mines,Metals & Mining,1,166.0,166.0,135.0
June_2026,Tamil Nadu,Ministry of Petroleum & Natural Gas,Energy Storage,2,1507.0,2561.0,1538.28
June_2026,Tamil Nadu,1538.28,Oil & Gas,4,38385.0,46153.0,6859.0
June_2026,Tamil Nadu,Ministry of Power,Transmission & Distribution,1,548.0,548.0,208.24
June_2026,Tamil Nadu,Ministry of Railways,Railways,7,8370.7,11242.2,6926.8
June_2026,Tamil Nadu,Ministry of Road Transport & Highways,Roads & Highways,42,54183.85,51303.4,24389.42
June_2026,PAN India,Department of Telecommunications,Telecommunication,2,61754.13,188645.0,49216.84
June_2026,Telangana,Department for Promotion of Industry & Internal Trade,Real Estate,1,2360.0,2360.0,42.89
June_2026,Telangana,Department of Higher Education,Education,1,262.0,262.0,216.1
June_2026,Telangana,Department of Telecommunications,Telecommunication,2,3462.17,2489.2,857.71
June_2026,Telangana,"Department of Water Resources, River Development & GR",Water Resources,4,11670.14,24129.6,12143.4
June_2026,Telangana,Ministry of Civil Aviation,Aviation & Aviation Infrastructure,1,500.48,500.48,398.75
June_2026,Telangana,Ministry of Coal,Coal,7,2986.57,2986.57,1803.54
June_2026,Telangana,Ministry of Health & Family Welfare,Healthcare,1,1028.0,1365.95,989.98
June_2026,Telangana,Ministry of Housing & Urban Affairs,Construction,1,644.0,644.0,175.79
June_2026,Telangana,Ministry of Petroleum & Natural Gas,Oil & Gas,1,215.0,215.0,45.99
June_2026,Telangana,Ministry of Power,Electricity Generation,1,29344.85,29344.8,729.63
June_2026,Telangana,729.63,Transmission & Distribution,1,1368.0,1368.0,1231.2
June_2026,Telangana,Ministry of Railways,Railways,11,19213.75,22977.8,15721.46
June_2026,Telangana,Ministry of Road Transport & Highways,Roads & Highways,49,36602.98,39152.2,14528.78
June_2026,PAN India,Department of Telecommunications,Telecommunication,2,61754.13,188645.0,49216.84
June_2026,Tripura,Ministry of Petroleum & Natural Gas,Oil & Gas,2,9474.33,9396.51,6979.98
June_2026,Tripura,Ministry of Power,Transmission & Distribution,1,5111.33,6700.0,5577.75
June_2026,Tripura,Ministry of Road Transport & Highways,Roads & Highways,9,6260.76,6260.76,839.35
June_2026,PAN India,Department of Telecommunications,Telecommunication,2,61754.13,188645.0,49216.84
June_2026,Uttar Pradesh,Department for Promotion of Industry & Internal Trade,Real Estate,1,658.0,658.0,75.63
June_2026,Uttar Pradesh,Department of Higher Education,Education,1,246.0,246.0,209.68
June_2026,Uttar Pradesh,Department of Telecommunications,Telecommunication,5,10808.82,9643.14,1695.83
June_2026,Uttar Pradesh,"Department of Water Resources, River Development & GR",Waste & Water,2,1532.96,1532.96,243.43
June_2026,Uttar Pradesh,243.43,Water Resources,3,22310.57,25667.1,13221.8
June_2026,Uttar Pradesh,Ministry of Civil Aviation,Aviation & Aviation Infrastructure,3,3949.13,3949.13,1293.38
June_2026,Uttar Pradesh,Ministry of Coal,Coal,2,1328.09,1328.09,1294.59
June_2026,Uttar Pradesh,Ministry of Housing & Urban Affairs,Urban Public Transport,4,27511.5,27511.5,15212.43
June_2026,Uttar Pradesh,15212.43,Waste & Water,2,704.2,734.95,659.17
June_2026,Uttar Pradesh,Ministry of Petroleum & Natural Gas,Energy Storage,2,11068.45,11068.5,8967.9
June_2026,Uttar Pradesh,8967.90,Oil & Gas,4,17302.12,17302.1,988.73
June_2026,Uttar Pradesh,"Ministry of Ports, Shipping and Waterways",Inland Waterways,1,5369.18,5061.15,4117.61
June_2026,Uttar Pradesh,Ministry of Power,Electricity Generation,1,17195.0,17195.0,3646.01
June_2026,Uttar Pradesh,3646.01,Transmission & Distribution,5,36697.81,36697.8,5059.42
June_2026,Uttar Pradesh,Ministry of Railways,Railways,26,95077.38,168712.0,148687.61
June_2026,Uttar Pradesh,Ministry of Road Transport & Highways,Roads & Highways,106,127489.74,122329.0,48276.34
June_2026,PAN India,Department of Telecommunications,Telecommunication,2,61754.13,188645.0,49216.84
June_2026,Uttarakhand,Department of Higher Education,Education,1,650.85,650.85,391.87
June_2026,Uttarakhand,"Department of Water Resources, River Development & GR",Water Resources,1,2584.1,2584.1,1307.15
June_2026,Uttarakhand,Ministry of Health & Family Welfare,Healthcare,2,650.0,1093.89,601.08
June_2026,Uttarakhand,Ministry of Housing & Urban Affairs,Real Estate,1,150.97,206.0,56.76
June_2026,Uttarakhand,Ministry of Labour and Employment,Healthcare,1,102.4,297.63,340.3
June_2026,Uttarakhand,Ministry of Power,Electricity Generation,2,6838.35,17312.4,13466.35
June_2026,Uttarakhand,Ministry of Railways,Railways,1,38953.0,38953.0,28828.18
June_2026,Uttarakhand,Ministry of Road Transport & Highways,Roads & Highways,38,22143.13,20991.8,7857.04
June_2026,PAN India,Department of Telecommunications,Telecommunication,2,61754.13,188645.0,49216.84
June_2026,West Bengal,Department of Higher Education,Education,1,500.0,442.0,418.86
June_2026,West Bengal,Department of Telecommunications,Telecommunication,2,3462.17,2489.2,857.71
June_2026,West Bengal,"Department of Water Resources, River Development & GR",Waste & Water,1,154.73,154.73,102.04
June_2026,West Bengal,Ministry of Civil Aviation,Aviation & Aviation Infrastructure,2,1877.3,1877.3,656.55
June_2026,West Bengal,Ministry of Coal,Coal,10,12282.26,12282.2,2010.43
June_2026,West Bengal,Ministry of Mines,Construction,1,255.37,255.37,98.92
June_2026,West Bengal,Ministry of Petroleum & Natural Gas,Energy Storage,1,10228.0,12407.0,11036.0
June_2026,West Bengal,11036.00,Oil & Gas,9,16102.65,17047.2,11691.27
June_2026,West Bengal,"Ministry of Ports, Shipping and Waterways",Inland Waterways,1,5369.18,5061.15,4117.61
June_2026,West Bengal,4117.61,Shipping,1,832.25,832.25,0.0
June_2026,West Bengal,Ministry of Power,Electricity Generation,3,20091.84,21644.6,4876.34
June_2026,West Bengal,4876.34,Transmission & Distribution,2,751.63,751.63,143.2
June_2026,West Bengal,Ministry of Railways,Railways,16,49559.1,60771.0,39116.73
June_2026,West Bengal,Ministry of Road Transport & Highways,Roads & Highways,23,15392.12,14807.2,7569.72
June_2026,West Bengal,Ministry of Steel,Steel,6,6733.06,6733.06,1934.13
May2026,Offshore,Ministry of Petroleum & Natural Gas,Oil & Gas,7,26398.58,29147.7,17004.16
May2026,Offshore,Ministry of Railways,Railways,1,819.0,819.0,580.51
May2026,PAN India,Department of Telecommunications,Telecommunication,5,141080.68,248175.0,73544.16
May2026,PAN India,Ministry of Railways,Railways,1,274.39,274.39,0.0
May2026,Andaman & Nicobar,Ministry of Housing & Urban Affairs,Real Estate,1,209.88,230.0,37.35
May2026,Andaman & Nicobar,Ministry of Road Transport & Highways,Roads & Highways,3,653.97,1081.48,0.0
May2026,Andhra Pradesh,Department for Promotion of Industry & Internal Trade,Real Estate,3,7061.44,7061.44,1157.29
May2026,Andhra Pradesh,Department of Higher Education,Education,1,305.0,305.0,67.73
May2026,Andhra Pradesh,Department of Telecommunications,Telecommunication,3,7147.17,3937.81,1958.12
May2026,Andhra Pradesh,"Department of Water Resources, River Development & GR",Water Resources,3,10901.5,57269.5,28559.32
May2026,Andhra Pradesh,Ministry of Civil Aviation,Aviation & Aviation Infrastructure,3,1224.86,1224.86,855.24
May2026,Andhra Pradesh,Ministry of Housing & Urban Affairs,Waste & Water,1,172.22,172.22,88.86
May2026,Andhra Pradesh,Ministry of Labour and Employment,Healthcare,1,384.27,384.27,253.37
May2026,Andhra Pradesh,Ministry of Petroleum & Natural Gas,Energy Storage,1,2658.34,2810.0,2315.2
May2026,Andhra Pradesh,2315.20,Oil & Gas,4,36642.34,36702.3,33693.43
May2026,Andhra Pradesh,Ministry of Power,Transmission & Distribution,6,20064.43,20064.4,7067.03
May2026,Andhra Pradesh,Ministry of Railways,Railways,25,57100.19,65054.8,38869.67
May2026,Andhra Pradesh,Ministry of Road Transport & Highways,Roads & Highways,92,84981.17,83517.7,31950.62
May2026,Arunachal Pradesh,Department of Higher Education,Education,1,592.61,592.61,551.3
May2026,Arunachal Pradesh,Department of Telecommunications,Telecommunication,1,1255.49,276.62,237.98
May2026,Arunachal Pradesh,Ministry of Petroleum & Natural Gas,Oil & Gas,1,9265.0,9265.0,6895.77
May2026,Arunachal Pradesh,Ministry of Power,Electricity Generation,6,64102.68,83892.9,31604.11
May2026,Arunachal Pradesh,31604.11,Transmission & Distribution,2,4963.8,9338.7,8091.71
May2026,Arunachal Pradesh,Ministry of Railways,Railways,1,435.0,1250.0,867.76
May2026,Arunachal Pradesh,Ministry of Road Transport & Highways,Roads & Highways,13,8895.82,8895.82,1192.45
May2026,Assam,Department of Higher Education,Education,1,153.71,153.71,137.84
May2026,Assam,Department of Telecommunications,Telecommunication,1,1255.49,276.62,237.98
May2026,Assam,"Department of Water Resources, River Development & GR",Water Resources,1,256.16,256.16,44.7
May2026,Assam,Ministry of Civil Aviation,Aviation & Aviation Infrastructure,1,1712.0,2520.0,2639.99
May2026,Assam,Ministry of Coal,Coal,2,449.23,449.23,218.12
May2026,Assam,Ministry of Petroleum & Natural Gas,Energy Storage,3,10768.4,12947.4,11322.13
May2026,Assam,11322.13,Oil & Gas,13,26943.76,39952.9,29369.14
May2026,Assam,Ministry of Power,Electricity Generation,1,6285.33,26075.5,26277.65
May2026,Assam,26277.65,Transmission & Distribution,1,5111.33,6700.0,5577.75
May2026,Assam,Ministry of Railways,Railways,9,19531.77,21246.8,13013.1
May2026,Assam,Ministry of Road Transport & Highways,Roads & Highways,55,49110.85,49762.0,14374.02
May2026,Bihar,Department of Higher Education,Education,1,499.21,499.21,449.96
May2026,Bihar,Department of Telecommunications,Telecommunication,3,3883.82,2718.14,950.08
May2026,Bihar,"Department of Water Resources, River Development & GR",Waste & Water,5,2351.43,2351.43,1303.45
May2026,Bihar,1303.45,Water Resources,1,1622.27,2430.76,172.97
May2026,Bihar,Ministry of Civil Aviation,Aviation & Aviation Infrastructure,3,3541.56,3541.56,1595.8
May2026,Bihar,Ministry of Health & Family Welfare,Healthcare,7,1628.0,1878.0,930.01
May2026,Bihar,930.01,Healthcare,1,1264.0,1264.0,0.0
May2026,Bihar,Ministry of Housing & Urban Affairs,Urban Public Transport,1,13365.77,13365.8,5198.09
May2026,Bihar,5198.09,Waste & Water,1,158.78,158.78,135.72
May2026,Bihar,Ministry of Petroleum & Natural Gas,Energy Storage,1,10228.0,12407.0,10987.22
May2026,Bihar,10987.22,Oil & Gas,6,23776.5,25641.2,76183.77
May2026,Bihar,"Ministry of Ports, Shipping and Waterways",Inland Waterways,1,5369.18,5061.15,4028.82
May2026,Bihar,Ministry of Power,Electricity Generation,2,40387.09,43704.6,16345.14
May2026,Bihar,16345.14,Transmission & Distribution,3,3119.63,3119.63,161.59
May2026,Bihar,Ministry of Railways,Railways,22,45121.2,49589.6,20258.98
May2026,Bihar,Ministry of Road Transport & Highways,Roads & Highways,81,102533.06,101951.0,31369.01
May2026,Chhattisgarh,Department of Higher Education,Education,1,1188.97,1188.97,0.0
May2026,Chhattisgarh,Department of Telecommunications,Telecommunication,3,7147.17,3937.81,1958.12
May2026,Chhattisgarh,"Department of Water Resources, River Development & GR",Water Resources,2,842.26,1109.33,867.91
May2026,Chhattisgarh,Ministry of Coal,Coal,14,34428.39,34428.4,12754.38
May2026,Chhattisgarh,12754.38,Railways,1,1686.22,2438.53,625.77
May2026,Chhattisgarh,Ministry of Health & Family Welfare,Healthcare,3,975.0,972.85,536.99
May2026,Chhattisgarh,Ministry of Petroleum & Natural Gas,Oil & Gas,2,2769.04,2769.04,548.41
May2026,Chhattisgarh,Ministry of Power,Electricity Generation,2,25321.0,25897.0,6692.33
May2026,Chhattisgarh,Ministry of Railways,Railways,19,35085.53,39920.6,21510.52
May2026,Chhattisgarh,Ministry of Road Transport & Highways,Roads & Highways,25,22236.94,23605.5,8249.98
May2026,Chhattisgarh,Ministry of Steel,Metals & Mining,1,1700.0,1756.2,263.01
May2026,Chhattisgarh,263.01,Steel,5,7180.39,9700.39,6125.3
May2026,Dadra & Nagar Haveli and Daman & Diu,Ministry of Railways,Railways,1,108000.0,108000.0,90966.89
May2026,Dadra & Nagar Haveli and Daman & Diu,Ministry of Road Transport & Highways,Roads & Highways,2,2107.8,2891.81,745.47
May2026,Delhi,Department of Higher Education,Education,2,706.49,709.42,357.39
May2026,Delhi,Department of Telecommunications,Telecommunication,1,248.2,248.2,237.39
May2026,Delhi,Ministry of Health & Family Welfare,Healthcare,2,4799.19,4799.19,98.17
May2026,Delhi,Ministry of Housing & Urban Affairs,Real Estate,1,32850.0,32841.0,14370.45
May2026,Delhi,14370.45,Urban Public Transport,4,51594.36,51594.4,21480.25
May2026,Delhi,Ministry of Power,Transmission & Distribution,3,3038.0,3038.0,2324.5
May2026,Delhi,Ministry of Railways,Railways,5,19348.46,20637.1,10820.5
May2026,Delhi,Ministry of Road Transport & Highways,Roads & Highways,6,11477.2,15088.6,10793.75
May2026,Goa,Ministry of Civil Aviation,Aviation & Aviation Infrastructure,1,255.69,255.69,158.78
May2026,Goa,Ministry of Railways,Railways,3,7696.49,8074.62,6493.96
May2026,Goa,Ministry of Road Transport & Highways,Roads & Highways,5,2476.3,2252.18,237.57
May2026,Gujarat,Department of Higher Education,Education,1,490.63,490.63,337.74
May2026,Gujarat,"Department of Water Resources, River Development & GR",Water Resources,1,20718.17,33412.5,31943.15
May2026,Gujarat,Ministry of Civil Aviation,Aviation & Aviation Infrastructure,2,1668.1,1914.1,1010.66
May2026,Gujarat,Ministry of Coal,Electricity Generation,4,5421.78,5421.78,2650.81
May2026,Gujarat,Ministry of Health & Family Welfare,Healthcare,3,1845.0,2477.48,2171.08
May2026,Gujarat,Ministry of Housing & Urban Affairs,Real Estate,1,539.0,539.0,623.44
May2026,Gujarat,623.44,Urban Public Transport,1,12020.32,12020.3,9031.25
May2026,Gujarat,Ministry of Labour and Employment,Healthcare,2,763.99,763.99,107.55
May2026,Gujarat,Ministry of Petroleum & Natural Gas,Energy Storage,3,19472.86,19420.4,16203.03
May2026,Gujarat,16203.03,Oil & Gas,11,32704.12,32400.0,86424.59
May2026,Gujarat,"Ministry of Ports, Shipping and Waterways",Shipping,2,4414.64,4455.25,2534.5
May2026,Gujarat,2534.50,"Tourism, Hospitality & Wellness",1,573.0,1238.05,624.41
May2026,Gujarat,Ministry of Power,Electricity Generation,1,339.35,339.35,370.0
May2026,Gujarat,370.00,Transmission & Distribution,14,64870.45,64870.4,10378.14
May2026,Gujarat,Ministry of Railways,Railways,27,189399.71,267208.0,239926.57
May2026,Gujarat,Ministry of Road Transport & Highways,Roads & Highways,46,49689.47,55574.5,25414.42
May2026,Haryana,Department for Promotion of Industry & Internal Trade,Logistics Infrastructure,1,763.0,763.0,430.0
May2026,Haryana,Ministry of Health & Family Welfare,Healthcare,1,1299.0,1646.43,689.42
May2026,Haryana,Ministry of Housing & Urban Affairs,Urban Public Transport,2,11683.71,11683.7,717.7
May2026,Haryana,717.70,Waste & Water,1,278.01,278.01,228.49
May2026,Haryana,Ministry of Petroleum & Natural Gas,Energy Storage,1,9028.0,9028.0,7456.3
May2026,Haryana,7456.30,Oil & Gas,6,46284.07,49955.1,37136.51
May2026,Haryana,Ministry of Power,Transmission & Distribution,2,11326.0,11326.0,2878.95
May2026,Haryana,Ministry of Railways,Railways,4,53464.0,126368.0,125828.27
May2026,Haryana,Ministry of Road Transport & Highways,Roads & Highways,24,32523.29,35571.1,14396.11
May2026,Himachal Pradesh,Department of Higher Education,Education,3,811.15,921.89,683.14
May2026,Himachal Pradesh,Ministry of Power,Electricity Generation,3,5113.04,11168.7,4162.08
May2026,Himachal Pradesh,Ministry of Railways,Railways,3,17005.0,17005.1,10692.91
May2026,Himachal Pradesh,Ministry of Road Transport & Highways,Roads & Highways,25,22698.11,26851.5,10103.06
May2026,Jammu and Kashmir,Department of Higher Education,Education,1,424.93,500.91,484.52
May2026,Jammu and Kashmir,Ministry of Civil Aviation,Aviation & Aviation Infrastructure,1,861.37,861.37,327.3
May2026,Jammu and Kashmir,Ministry of Health & Family Welfare,Healthcare,3,2478.0,2810.84,1968.15
May2026,Jammu and Kashmir,Ministry of Petroleum & Natural Gas,Oil & Gas,2,1059.9,1059.9,314.6
May2026,Jammu and Kashmir,Ministry of Power,Electricity Generation,4,22207.77,27945.1,16421.23
May2026,Jammu and Kashmir,16421.23,Transmission & Distribution,1,218.6,218.6,3.72
May2026,Jammu and Kashmir,Ministry of Road Transport & Highways,Roads & Highways,38,34609.44,34690.9,13446.58
May2026,Jharkhand,Department of Telecommunications,Telecommunication,3,7147.17,3937.81,1958.12
May2026,Jharkhand,"Department of Water Resources, River Development & GR",Water Resources,2,5430.04,12010.3,6213.24
May2026,Jharkhand,Ministry of Coal,Coal,27,49452.09,49216.4,10657.97
May2026,Jharkhand,10657.97,Railways,1,1799.64,2564.34,1713.19
May2026,Jharkhand,Ministry of Health & Family Welfare,Healthcare,2,500.0,958.9,336.0
May2026,Jharkhand,Ministry of Housing & Urban Affairs,Waste & Water,3,654.14,654.14,403.16
May2026,Jharkhand,Ministry of Petroleum & Natural Gas,Energy Storage,1,10228.0,12407.0,10987.22
May2026,Jharkhand,10987.22,Oil & Gas,2,633.07,633.07,326.8
May2026,Jharkhand,"Ministry of Ports, Shipping and Waterways",Inland Waterways,1,5369.18,5061.15,4028.82
May2026,Jharkhand,Ministry of Power,Coal,2,2083.0,2365.0,1033.41
May2026,Jharkhand,Ministry of Power,Electricity Generation,2,33026.0,34660.0,21029.19
May2026,Jharkhand,21029.19,Transmission & Distribution,1,1842.25,1842.25,1648.05
May2026,Jharkhand,Ministry of Railways,Railways,14,38516.93,39377.6,11573.53
May2026,Jharkhand,Ministry of Road Transport & Highways,Roads & Highways,39,43814.04,42851.7,13862.19
May2026,Jharkhand,Ministry of Steel,Steel,6,2854.58,3572.87,2006.21
May2026,Karnataka,Department for Promotion of Industry & Internal Trade,Real Estate,1,1701.81,1701.81,300.46
May2026,Karnataka,"Department of Water Resources, River Development & GR",Water Resources,1,770.16,1606.07,1515.6
May2026,Karnataka,Ministry of Civil Aviation,Aviation & Aviation Infrastructure,3,1143.4,1143.4,765.96
May2026,Karnataka,Ministry of Housing & Urban Affairs,Urban Public Transport,3,56804.24,61094.2,40189.4
May2026,Karnataka,40189.40,Waste & Water,1,162.73,162.73,79.5
May2026,Karnataka,Ministry of Labour and Employment,Healthcare,2,428.92,428.92,111.57
May2026,Karnataka,Ministry of Petroleum & Natural Gas,Energy Storage,1,678.0,1732.0,1140.25
May2026,Karnataka,1140.25,Oil & Gas,5,9662.0,12693.6,9783.53
May2026,Karnataka,"Ministry of Ports, Shipping and Waterways",Shipping,1,153.23,153.23,65.47
May2026,Karnataka,Ministry of Power,Transmission & Distribution,10,23490.99,23491.0,7769.33
May2026,Karnataka,Ministry of Railways,Railways,20,46557.93,52395.5,20213.08
May2026,Karnataka,Ministry of Road Transport & Highways,Roads & Highways,76,81166.69,85853.9,32116.82
May2026,Karnataka,Ministry of Steel,Steel,1,1043.63,1043.63,628.29
May2026,Kerala,Department for Promotion of Industry & Internal Trade,Real Estate,1,3805.0,3805.0,0.0
May2026,Kerala,Department of Higher Education,Education,2,2533.45,2744.4,696.0
May2026,Kerala,Ministry of Civil Aviation,Aviation & Aviation Infrastructure,1,484.57,484.57,227.5
May2026,Kerala,Ministry of Housing & Urban Affairs,Urban Public Transport,1,1957.05,1957.05,752.34
May2026,Kerala,Ministry of Petroleum & Natural Gas,Oil & Gas,3,8505.0,11889.0,5928.03
May2026,Kerala,Ministry of Power,Transmission & Distribution,1,173.14,173.14,2.08
May2026,Kerala,Ministry of Railways,Railways,3,2846.0,5183.64,3632.49
May2026,Kerala,Ministry of Road Transport & Highways,Roads & Highways,21,55629.95,61868.6,20822.28
May2026,Ladakh,Ministry of Civil Aviation,Aviation & Aviation Infrastructure,1,480.0,640.0,506.13
May2026,Ladakh,Ministry of Health & Family Welfare,Healthcare,1,325.0,325.0,127.0
May2026,Ladakh,Ministry of Road Transport & Highways,Roads & Highways,3,1184.27,1184.27,837.61
May2026,Madhya Pradesh,Department of Higher Education,Education,1,496.28,496.28,78.35
May2026,Madhya Pradesh,Department of Telecommunications,Telecommunication,3,3883.82,2718.14,950.08
May2026,Madhya Pradesh,"Department of Water Resources, River Development & GR",Water Resources,3,23010.18,23323.0,11548.69
May2026,Madhya Pradesh,Ministry of Coal,Coal,15,34550.26,34550.3,3521.47
May2026,Madhya Pradesh,Ministry of Health & Family Welfare,Healthcare,2,650.0,650.0,262.41
May2026,Madhya Pradesh,Ministry of Housing & Urban Affairs,Urban Public Transport,2,14442.2,14442.2,9318.54
May2026,Madhya Pradesh,9318.54,Waste & Water,3,880.74,941.16,823.99
May2026,Madhya Pradesh,Ministry of Mines,Metals & Mining,1,1856.36,3800.0,979.15
May2026,Madhya Pradesh,Ministry of Petroleum & Natural Gas,Energy Storage,1,10088.0,10088.0,8585.71
May2026,Madhya Pradesh,8585.71,Oil & Gas,2,45159.0,45159.0,5603.7
May2026,Madhya Pradesh,Ministry of Power,Electricity Generation,1,20446.0,20446.0,1945.1
May2026,Madhya Pradesh,1945.10,Transmission & Distribution,10,46260.32,46260.3,7613.71
May2026,Madhya Pradesh,Ministry of Railways,Railways,18,55989.79,69626.6,55645.1
May2026,Madhya Pradesh,Ministry of Road Transport & Highways,Roads & Highways,61,43398.77,40100.6,11785.28
May2026,Maharashtra,Department of Telecommunications,Telecommunication,3,7147.17,3937.81,1958.12
May2026,Maharashtra,"Department of Water Resources, River Development & GR",Water Resources,6,10857.15,20187.1,22087.9
May2026,Maharashtra,Ministry of Civil Aviation,Aviation & Aviation Infrastructure,1,500.48,500.48,393.31
May2026,Maharashtra,Ministry of Coal,Coal,26,12900.3,12900.3,3188.3
May2026,Maharashtra,Ministry of Health & Family Welfare,Healthcare,1,189.0,189.0,113.4
May2026,Maharashtra,Ministry of Housing & Urban Affairs,Urban Public Transport,9,60255.66,74569.4,36559.57
May2026,Maharashtra,36559.57,Waste & Water,2,430.15,430.15,357.33
May2026,Maharashtra,Ministry of Labour and Employment,Healthcare,2,455.06,456.83,330.85
May2026,Maharashtra,Ministry of Petroleum & Natural Gas,Energy Storage,2,764.49,872.81,639.77
May2026,Maharashtra,639.77,Oil & Gas,12,41651.03,44399.3,16331.4
May2026,Maharashtra,"Ministry of Ports, Shipping and Waterways",Shipping,1,6000.0,6000.0,5999.89
May2026,Maharashtra,Ministry of Power,Transmission & Distribution,5,29470.41,29470.4,3252.69
May2026,Maharashtra,Ministry of Railways,Railways,34,266393.54,357833.0,288120.08
May2026,Maharashtra,Ministry of Road Transport & Highways,Roads & Highways,101,84448.08,90412.2,28056.33
May2026,Manipur,Department of Sports,Education,1,906.47,611.74,575.68
May2026,Manipur,"Department of Water Resources, River Development & GR",Water Resources,1,1449.44,1822.24,1848.17
May2026,Manipur,Ministry of Civil Aviation,Aviation & Aviation Infrastructure,1,499.0,499.0,206.61
May2026,Manipur,Ministry of Petroleum & Natural Gas,Oil & Gas,1,9265.0,9265.0,6895.77
May2026,Manipur,Ministry of Power,Transmission & Distribution,1,5111.33,6700.0,5577.75
May2026,Manipur,Ministry of Railways,Railways,1,14323.0,21885.9,16226.02
May2026,Manipur,Ministry of Road Transport & Highways,Roads & Highways,30,10790.98,10791.0,6023.36
May2026,Meghalaya,Department of Higher Education,Education,1,494.52,429.7,370.98
May2026,Meghalaya,Department of Telecommunications,Telecommunication,1,971.96,180.46,167.23
May2026,Meghalaya,Ministry of Health & Family Welfare,Healthcare,1,189.0,189.0,170.1
May2026,Meghalaya,Ministry of Petroleum & Natural Gas,Oil & Gas,1,9265.0,9265.0,6895.77
May2026,Meghalaya,Ministry of Power,Transmission & Distribution,1,5111.33,6700.0,5577.75
May2026,Meghalaya,Ministry of Railways,Railways,2,9628.9,9646.9,1524.92
May2026,Meghalaya,Ministry of Road Transport & Highways,Roads & Highways,12,6148.96,5995.63,1048.74
May2026,Mizoram,Department of Higher Education,Education,1,474.23,474.23,167.55
May2026,Mizoram,Ministry of Petroleum & Natural Gas,Energy Storage,1,225.71,225.71,30.4
May2026,Mizoram,30.40,Oil & Gas,1,9265.0,9265.0,6895.77
May2026,Mizoram,Ministry of Power,Transmission & Distribution,1,5111.33,6700.0,5577.75
May2026,Mizoram,Ministry of Road Transport & Highways,Roads & Highways,22,14592.1,14736.7,2554.21
May2026,Nagaland,Department of Higher Education,Education,1,275.63,275.63,263.25
May2026,Nagaland,Ministry of Health & Family Welfare,Healthcare,1,325.0,325.0,155.0
May2026,Nagaland,Ministry of Petroleum & Natural Gas,Oil & Gas,2,9492.62,9492.62,6922.37
May2026,Nagaland,Ministry of Power,Transmission & Distribution,1,5111.33,6700.0,5577.75
May2026,Nagaland,Ministry of Railways,Railways,2,8786.7,8786.7,6663.75
May2026,Nagaland,Ministry of Road Transport & Highways,Roads & Highways,19,6191.03,6745.08,934.92
May2026,Odisha,Department of Higher Education,Education,3,1882.56,1496.33,1018.0
May2026,Odisha,Department of Telecommunications,Telecommunication,3,7147.17,3937.81,1958.12
May2026,Odisha,"Department of Water Resources, River Development & GR",Water Resources,3,4612.34,12314.5,13870.04
May2026,Odisha,Ministry of Coal,Coal,12,36569.58,34261.3,13777.48
May2026,Odisha,13777.48,Electricity Generation,1,27212.96,27213.0,3455.88
May2026,Odisha,Ministry of Labour and Employment,Healthcare,1,164.6,164.6,16.4
May2026,Odisha,Ministry of Mines,Metals & Mining,3,5967.0,8121.17,6136.64
May2026,Odisha,Ministry of Petroleum & Natural Gas,Energy Storage,2,12886.34,15217.0,13302.42
May2026,Odisha,13302.42,Oil & Gas,5,17956.1,16028.5,72349.13
May2026,Odisha,"Ministry of Ports, Shipping and Waterways",Shipping,1,3004.63,3004.63,2220.12
May2026,Odisha,Ministry of Power,Electricity Generation,2,22974.75,23674.0,7117.45
May2026,Odisha,7117.45,Transmission & Distribution,2,3065.19,3065.19,133.34
May2026,Odisha,Ministry of Railways,Railways,30,44824.98,50582.2,33532.95
May2026,Odisha,33532.95,Railways,1,267.61,267.61,0.0
May2026,Odisha,Ministry of Road Transport & Highways,Roads & Highways,42,26739.2,29583.1,12011.7
May2026,Puducherry,Department of Higher Education,Education,1,618.34,544.34,543.74
May2026,Puducherry,Ministry of Railways,Railways,1,713.0,981.0,636.83
May2026,Puducherry,Ministry of Road Transport & Highways,Roads & Highways,4,7027.6,7051.29,2890.16
May2026,Punjab,Department of Higher Education,Education,2,559.3,559.3,380.26
May2026,Punjab,"Department of Water Resources, River Development & GR",Water Resources,2,3727.07,5177.86,4539.36
May2026,Punjab,Ministry of Health & Family Welfare,Healthcare,2,650.0,924.75,2.0
May2026,Punjab,Ministry of Housing & Urban Affairs,Waste & Water,2,545.53,553.64,379.87
May2026,Punjab,Ministry of Petroleum & Natural Gas,Oil & Gas,5,12693.36,12693.4,8361.19
May2026,Punjab,Ministry of Power,Transmission & Distribution,1,5969.0,5969.0,1432.56
May2026,Punjab,Ministry of Railways,Railways,4,15937.42,15937.8,10285.28
May2026,Punjab,Ministry of Road Transport & Highways,Roads & Highways,38,50442.91,55308.3,23164.02
May2026,Rajasthan,Department for Promotion of Industry & Internal Trade,Real Estate,1,921.66,921.66,0.0
May2026,Rajasthan,Department of Telecommunications,Telecommunication,1,421.65,228.94,92.37
May2026,Rajasthan,Ministry of Civil Aviation,Aviation & Aviation Infrastructure,3,2874.0,2874.0,930.11
May2026,Rajasthan,Ministry of Coal,Electricity Generation,1,4147.07,4147.07,224.77
May2026,Rajasthan,Ministry of Housing & Urban Affairs,Urban Public Transport,2,1184.89,1184.89,126.37
May2026,Rajasthan,Ministry of Petroleum & Natural Gas,Energy Storage,3,52618.05,88948.1,77683.89
May2026,Rajasthan,77683.89,Oil & Gas,2,10599.0,10599.0,6775.31
May2026,Rajasthan,Ministry of Power,Transmission & Distribution,18,74683.0,74683.0,23655.69
May2026,Rajasthan,Ministry of Railways,Railways,23,88286.45,164998.0,153744.72
May2026,Rajasthan,Ministry of Road Transport & Highways,Roads & Highways,28,19610.21,18276.4,9280.79
May2026,Sikkim,Department of Higher Education,Education,2,999.82,924.82,575.56
May2026,Sikkim,Ministry of Civil Aviation,Aviation & Aviation Infrastructure,1,323.26,323.26,80.94
May2026,Sikkim,Ministry of Health & Family Welfare,Healthcare,1,250.0,635.21,667.21
May2026,Sikkim,Ministry of Petroleum & Natural Gas,Oil & Gas,1,9265.0,9265.0,6895.77
May2026,Sikkim,Ministry of Power,Electricity Generation,2,6686.33,7576.15,6120.19
May2026,Sikkim,6120.19,Transmission & Distribution,1,4754.42,9129.32,8088.57
May2026,Sikkim,Ministry of Railways,Railways,1,7877.0,11775.0,10933.68
May2026,Sikkim,Ministry of Road Transport & Highways,Roads & Highways,8,3158.89,3287.17,95.46
May2026,Tamil Nadu,Ministry of Civil Aviation,Aviation & Aviation Infrastructure,1,1207.0,1207.0,310.98
May2026,Tamil Nadu,Ministry of Health & Family Welfare,Healthcare,1,1264.0,2021.51,488.26
May2026,Tamil Nadu,Ministry of Housing & Urban Affairs,Urban Public Transport,1,63246.0,63246.0,33774.0
May2026,Tamil Nadu,Ministry of Mines,Metals & Mining,1,166.0,166.0,135.0
May2026,Tamil Nadu,Ministry of Petroleum & Natural Gas,Energy Storage,2,1507.0,2561.0,1518.43
May2026,Tamil Nadu,1518.43,Oil & Gas,4,38385.0,46153.0,6775.21
May2026,Tamil Nadu,Ministry of Power,Transmission & Distribution,1,548.0,548.0,120.56
May2026,Tamil Nadu,Ministry of Railways,Railways,8,8972.13,13326.6,7213.84
May2026,Tamil Nadu,Ministry of Road Transport & Highways,Roads & Highways,51,63713.73,59924.1,21832.91
May2026,Telangana,Department for Promotion of Industry & Internal Trade,Real Estate,1,2360.0,2360.0,0.0
May2026,Telangana,Department of Higher Education,Education,1,262.0,262.0,216.1
May2026,Telangana,Department of Telecommunications,Telecommunication,2,3462.17,2489.2,857.71
May2026,Telangana,"Department of Water Resources, River Development & GR",Water Resources,4,11670.14,24129.6,12086.85
May2026,Telangana,Ministry of Civil Aviation,Aviation & Aviation Infrastructure,1,500.48,500.48,393.31
May2026,Telangana,Ministry of Coal,Coal,7,2986.57,2986.57,1793.13
May2026,Telangana,Ministry of Health & Family Welfare,Healthcare,1,1028.0,1365.95,989.98
May2026,Telangana,Ministry of Housing & Urban Affairs,Construction,1,644.0,644.0,161.57
May2026,Telangana,Ministry of Petroleum & Natural Gas,Oil & Gas,1,215.0,215.0,45.93
May2026,Telangana,Ministry of Power,Electricity Generation,1,29344.85,29344.8,729.63
May2026,Telangana,729.63,Transmission & Distribution,2,4914.94,4914.94,4736.59
May2026,Telangana,Ministry of Railways,Railways,11,19213.75,22977.8,15721.42
May2026,Telangana,Ministry of Road Transport & Highways,Roads & Highways,59,40239.23,43292.0,14136.73
May2026,Tripura,Ministry of Petroleum & Natural Gas,Energy Storage,1,656.0,656.0,541.81
May2026,Tripura,541.81,Oil & Gas,2,9474.33,9396.51,6975.75
May2026,Tripura,Ministry of Power,Transmission & Distribution,1,5111.33,6700.0,5577.75
May2026,Tripura,Ministry of Road Transport & Highways,Roads & Highways,9,6081.38,6105.91,618.31
May2026,Uttar Pradesh,Department for Promotion of Industry & Internal Trade,Logistics Infrastructure,1,1480.0,1480.0,0.0
May2026,Uttar Pradesh,0.00,Real Estate,1,658.0,658.0,0.0
May2026,Uttar Pradesh,Department of Higher Education,Education,1,246.0,246.0,209.68
May2026,Uttar Pradesh,Department of Telecommunications,Telecommunication,3,3883.82,2718.14,950.08
May2026,Uttar Pradesh,"Department of Water Resources, River Development & GR",Waste & Water,2,1532.96,1532.96,243.43
May2026,Uttar Pradesh,243.43,Water Resources,3,22310.57,25667.1,13221.8
May2026,Uttar Pradesh,Ministry of Civil Aviation,Aviation & Aviation Infrastructure,3,3949.13,3949.13,1228.14
May2026,Uttar Pradesh,Ministry of Coal,Coal,2,1328.09,1328.09,1111.88
May2026,Uttar Pradesh,Ministry of Housing & Urban Affairs,Urban Public Transport,4,27511.5,27511.5,15223.43
May2026,Uttar Pradesh,15223.43,Waste & Water,2,704.2,734.95,659.17
May2026,Uttar Pradesh,Ministry of Petroleum & Natural Gas,Energy Storage,2,11068.45,11068.5,8879.59
May2026,Uttar Pradesh,Ministry of Petroleum & Natural Gas,Oil & Gas,4,17302.12,17302.1,970.81
May2026,Uttar Pradesh,"Ministry of Ports, Shipping and Waterways",Inland Waterways,1,5369.18,5061.15,4028.82
May2026,Uttar Pradesh,Ministry of Power,Electricity Generation,1,17195.0,17195.0,3492.41
May2026,Uttar Pradesh,3492.41,Transmission & Distribution,5,36697.81,36697.8,4953.03
May2026,Uttar Pradesh,Ministry of Railways,Railways,26,95077.38,168712.0,148409.9
May2026,Uttar Pradesh,Ministry of Road Transport & Highways,Roads & Highways,123,141720.01,135945.0,44584.52
May2026,Uttarakhand,Department of Higher Education,Education,1,650.85,650.85,347.26
May2026,Uttarakhand,"Department of Water Resources, River Development & GR",Water Resources,1,2584.1,2584.1,1303.15
May2026,Uttarakhand,Ministry of Health & Family Welfare,Healthcare,2,650.0,1093.89,601.08
May2026,Uttarakhand,Ministry of Housing & Urban Affairs,Real Estate,1,150.97,206.0,56.76
May2026,Uttarakhand,Ministry of Labour and Employment,Healthcare,1,102.4,297.63,340.3
May2026,Uttarakhand,Ministry of Power,Electricity Generation,2,6838.35,17312.4,13399.91
May2026,Uttarakhand,Ministry of Railways,Railways,1,38953.0,38953.0,28508.86
May2026,Uttarakhand,Ministry of Road Transport & Highways,Roads & Highways,42,23894.83,22809.0,7919.92
May2026,West Bengal,Department of Higher Education,Education,1,500.0,442.0,416.2
May2026,West Bengal,Department of Telecommunications,Telecommunication,2,3462.17,2489.2,857.71
May2026,West Bengal,"Department of Water Resources, River Development & GR",Waste & Water,1,154.73,154.73,96.17
May2026,West Bengal,Ministry of Civil Aviation,Aviation & Aviation Infrastructure,2,1877.3,1877.3,626.5
May2026,West Bengal,Ministry of Coal,Coal,10,12282.26,12282.2,1920.45
May2026,West Bengal,Ministry of Mines,Construction,1,255.37,255.37,98.92
May2026,West Bengal,Ministry of Petroleum & Natural Gas,Energy Storage,1,10228.0,12407.0,10987.22
May2026,West Bengal,10987.22,Oil & Gas,9,16102.65,17047.2,11652.75
May2026,West Bengal,"Ministry of Ports, Shipping and Waterways",Inland Waterways,1,5369.18,5061.15,4028.82
May2026,West Bengal,4028.82,Shipping,1,832.25,832.25,0.0
May2026,West Bengal,Ministry of Power,Electricity Generation,3,20091.84,21644.6,4764.98
May2026,West Bengal,4764.98,Transmission & Distribution,2,751.63,751.63,126.07
May2026,West Bengal,Ministry of Railways,Railways,16,49559.1,60771.0,38584.77
May2026,West Bengal,Ministry of Road Transport & Highways,Roads & Highways,24,16531.77,15962.0,4165.22
May2026,West Bengal,Ministry of Steel,Steel,6,6733.06,6733.06,1714.03
April2026,Offshore,Ministry of Petroleum & Natural Gas,Oil & Gas,7,25889.58,29147.7,16132.96
April2026,Offshore,Ministry of Railways,Railways,1,819.0,819.0,580.51
April2026,PAN India,Department of Telecommunications,Telecommunication,5,141080.68,263402.0,73544.16
April2026,PAN India,Ministry of Railways,Railways,1,274.39,274.39,0.0
April2026,Andaman & Nicobar,Ministry of Housing & Urban Affairs,Real Estate,1,209.88,209.88,0.0
April2026,Andaman & Nicobar,Ministry of Road Transport & Highways,Roads & Highways,3,653.97,1081.48,0.0
April2026,Andhra Pradesh,Department for Promotion of Industry & Internal Trade,Real Estate,3,7061.44,7061.44,966.01
April2026,Andhra Pradesh,Department of Higher Education,Education,1,305.0,305.0,64.25
April2026,Andhra Pradesh,Department of Telecommunications,Telecommunication,3,7147.17,7147.17,2535.97
April2026,Andhra Pradesh,"Department of Water Resources, River Development & GR",Water Resources,3,10901.5,57269.5,28166.88
April2026,Andhra Pradesh,Ministry of Civil Aviation,Aviation & Aviation Infrastructure,3,1224.86,1224.86,823.0
April2026,Andhra Pradesh,Ministry of Housing & Urban Affairs,Waste & Water,1,172.22,172.22,88.86
April2026,Andhra Pradesh,Ministry of Labour and Employment,Healthcare,1,384.27,384.27,253.37
April2026,Andhra Pradesh,Ministry of Petroleum & Natural Gas,Energy Storage,1,2658.34,2810.0,2315.2
April2026,Andhra Pradesh,2315.20,Oil & Gas,4,36642.34,36702.3,33641.98
April2026,Andhra Pradesh,Ministry of Power,Transmission & Distribution,6,20064.43,20064.4,6687.01
April2026,Andhra Pradesh,Ministry of Railways,Railways,24,47210.95,55165.6,39727.4
April2026,Andhra Pradesh,Ministry of Road Transport & Highways,Roads & Highways,92,84981.17,83517.7,31423.13
April2026,Arunachal Pradesh,Department of Higher Education,Education,1,592.61,592.61,551.3
April2026,Arunachal Pradesh,Department of Telecommunications,Telecommunication,1,1255.49,1255.49,332.43
April2026,Arunachal Pradesh,Ministry of Petroleum & Natural Gas,Oil & Gas,1,9265.0,9265.0,6877.97
April2026,Arunachal Pradesh,Ministry of Power,Electricity Generation,6,64102.68,83892.9,31344.62
April2026,Arunachal Pradesh,31344.62,Transmission & Distribution,2,4963.8,9338.7,8072.54
April2026,Arunachal Pradesh,Ministry of Railways,Railways,1,435.0,1250.0,853.0
April2026,Arunachal Pradesh,Ministry of Road Transport & Highways,Roads & Highways,13,8895.82,8895.82,1181.98
April2026,Assam,Department of Higher Education,Education,1,153.71,153.71,137.84
April2026,Assam,Department of Telecommunications,Telecommunication,1,1255.49,1255.49,332.43
April2026,Assam,"Department of Water Resources, River Development & GR",Water Resources,1,256.16,256.16,44.7
April2026,Assam,Ministry of Civil Aviation,Aviation & Aviation Infrastructure,1,1712.0,2520.0,2627.39
April2026,Assam,Ministry of Coal,Coal,2,449.23,449.23,217.08
April2026,Assam,Ministry of Labour and Employment,Healthcare,1,143.23,154.75,130.08
April2026,Assam,Ministry of Petroleum & Natural Gas,Energy Storage,3,10768.4,11947.4,11231.34
April2026,Assam,11231.34,Oil & Gas,14,27356.06,37710.9,29379.02
April2026,Assam,Ministry of Power,Electricity Generation,1,6285.33,26075.5,26150.32
April2026,Assam,26150.32,Transmission & Distribution,1,5111.33,6700.0,5577.75
April2026,Assam,Ministry of Railways,Railways,9,19531.77,21246.8,12700.19
April2026,Assam,Ministry of Road Transport & Highways,Roads & Highways,55,49110.85,49762.0,14122.53
April2026,Bihar,Department of Higher Education,Education,1,499.21,499.21,449.96
April2026,Bihar,Department of Telecommunications,Telecommunication,3,3883.82,3691.11,1231.42
April2026,Bihar,"Department of Water Resources, River Development & GR",Waste & Water,5,2351.43,2351.43,1303.45
April2026,Bihar,1303.45,Water Resources,1,1622.27,2430.76,172.97
April2026,Bihar,Ministry of Civil Aviation,Aviation & Aviation Infrastructure,3,3541.56,3541.56,1582.8
April2026,Bihar,Ministry of Health & Family Welfare,Healthcare,1,250.0,500.0,102.21
April2026,Bihar,102.21,Healthcare,1,1264.0,1264.0,0.0
April2026,Bihar,Ministry of Housing & Urban Affairs,Urban Public Transport,1,13365.77,13365.8,5197.09
April2026,Bihar,5197.09,Waste & Water,1,158.78,158.78,135.72
April2026,Bihar,Ministry of Petroleum & Natural Gas,Energy Storage,1,10228.0,11407.0,10912.42
April2026,Bihar,10912.42,Oil & Gas,7,25153.5,27018.2,14520.84
April2026,Bihar,"Ministry of Ports, Shipping and Waterways",Inland Waterways,1,5369.18,5061.15,3990.06
April2026,Bihar,Ministry of Power,Electricity Generation,2,40387.09,43704.6,16046.62
April2026,Bihar,16046.62,Transmission & Distribution,3,3119.63,3119.63,144.45
April2026,Bihar,Ministry of Railways,Railways,22,45121.2,49589.6,20003.94
April2026,Bihar,Ministry of Road Transport & Highways,Roads & Highways,80,100804.89,100223.0,29424.11
April2026,Chhattisgarh,Department of Higher Education,Education,1,1188.97,1188.97,0.0
April2026,Chhattisgarh,Department of Telecommunications,Telecommunication,3,7147.17,7147.17,2535.97
April2026,Chhattisgarh,"Department of Water Resources, River Development & GR",Water Resources,2,842.26,1109.33,867.91
April2026,Chhattisgarh,Ministry of Coal,Coal,14,34428.39,34428.4,12684.69
April2026,Chhattisgarh,12684.69,Railways,1,1686.22,2438.53,625.77
April2026,Chhattisgarh,Ministry of Health & Family Welfare,Healthcare,3,975.0,972.85,533.99
April2026,Chhattisgarh,Ministry of Petroleum & Natural Gas,Oil & Gas,3,10613.29,11024.0,7576.97
April2026,Chhattisgarh,Ministry of Power,Electricity Generation,2,25321.0,25897.0,6406.93
April2026,Chhattisgarh,Ministry of Railways,Railways,19,35085.53,39920.6,21279.21
April2026,Chhattisgarh,Ministry of Road Transport & Highways,Roads & Highways,24,19089.87,20458.4,8158.1
April2026,Chhattisgarh,Ministry of Steel,Metals & Mining,1,1700.0,1756.2,258.41
April2026,Chhattisgarh,258.41,Steel,5,7180.39,9700.39,6048.25
April2026,Dadra & Nagar Haveli and Daman & Diu,Ministry of Housing & Urban Affairs,Waste & Water,1,210.0,210.0,0.0
April2026,Dadra & Nagar Haveli and Daman & Diu,Ministry of Power,Transmission & Distribution,1,4546.26,4546.26,4528.07
April2026,Dadra & Nagar Haveli and Daman & Diu,Ministry of Railways,Railways,1,108000.0,108000.0,90501.89
April2026,Dadra & Nagar Haveli and Daman & Diu,Ministry of Road Transport & Highways,Roads & Highways,2,2107.8,2891.81,744.49
April2026,Delhi,Department of Higher Education,Education,2,706.49,709.42,349.89
April2026,Delhi,Department of Telecommunications,Telecommunication,1,248.2,248.2,237.39
April2026,Delhi,Ministry of Health & Family Welfare,Healthcare,2,4799.19,4799.19,24.68
April2026,Delhi,Ministry of Housing & Urban Affairs,Real Estate,1,32850.0,32841.0,13885.72
April2026,Delhi,13885.72,Urban Public Transport,4,51594.36,51594.4,20535.66
April2026,Delhi,Ministry of Power,Transmission & Distribution,3,3038.0,3038.0,2255.75
April2026,Delhi,Ministry of Railways,Railways,5,19348.46,20637.1,10731.3
April2026,Delhi,Ministry of Road Transport & Highways,Roads & Highways,6,11477.2,15088.6,10760.8
April2026,Goa,Ministry of Civil Aviation,Aviation & Aviation Infrastructure,1,255.69,255.69,156.7
April2026,Goa,Ministry of Railways,Railways,3,7696.49,8074.62,6467.33
April2026,Goa,Ministry of Road Transport & Highways,Roads & Highways,4,1729.55,1505.43,236.87
April2026,Gujarat,Department of Higher Education,Education,1,490.63,490.63,335.08
April2026,Gujarat,"Department of Water Resources, River Development & GR",Water Resources,2,25739.93,40082.8,36817.84
April2026,Gujarat,Ministry of Civil Aviation,Aviation & Aviation Infrastructure,2,1668.1,1914.1,984.7
April2026,Gujarat,Ministry of Coal,Electricity Generation,4,5421.78,5421.78,2566.37
April2026,Gujarat,Ministry of Health & Family Welfare,Healthcare,3,1845.0,2477.48,2165.58
April2026,Gujarat,Ministry of Housing & Urban Affairs,Real Estate,1,539.0,539.0,599.76
April2026,Gujarat,599.76,Urban Public Transport,2,22793.32,24944.9,21450.3
April2026,Gujarat,Ministry of Labour and Employment,Healthcare,2,763.99,763.99,107.55
April2026,Gujarat,Ministry of Petroleum & Natural Gas,Energy Storage,3,19472.86,19420.4,15762.72
April2026,Gujarat,15762.72,Oil & Gas,11,32704.12,32400.0,24888.12
April2026,Gujarat,"Ministry of Ports, Shipping and Waterways",Shipping,2,4414.64,4455.25,2393.5
April2026,Gujarat,2393.50,"Tourism, Hospitality & Wellness",1,573.0,1238.05,614.91
April2026,Gujarat,Ministry of Power,Electricity Generation,1,339.35,339.35,370.0
April2026,Gujarat,370.00,Transmission & Distribution,15,69416.71,69416.7,14254.8
April2026,Gujarat,Ministry of Railways,Railways,27,189399.71,267208.0,239144.3
April2026,Gujarat,Ministry of Road Transport & Highways,Roads & Highways,46,50009.07,56623.3,25864.8
April2026,Haryana,Department for Promotion of Industry & Internal Trade,Logistics Infrastructure,1,763.0,763.0,430.0
April2026,Haryana,Ministry of Health & Family Welfare,Healthcare,1,1299.0,1646.43,651.42
April2026,Haryana,Ministry of Housing & Urban Affairs,Urban Public Transport,2,11683.71,11683.7,165.1
April2026,Haryana,165.10,Waste & Water,1,278.01,278.01,228.49
April2026,Haryana,Ministry of Petroleum & Natural Gas,Energy Storage,1,9028.0,9028.0,7160.82
April2026,Haryana,7160.82,Oil & Gas,6,46284.07,49955.1,36928.14
April2026,Haryana,Ministry of Power,Transmission & Distribution,2,11326.0,11326.0,2759.57
April2026,Haryana,Ministry of Railways,Railways,4,53464.0,126368.0,125791.51
April2026,Haryana,Ministry of Road Transport & Highways,Roads & Highways,24,32523.29,35571.1,13971.95
April2026,Himachal Pradesh,Department of Higher Education,Education,3,811.15,921.89,682.18
April2026,Himachal Pradesh,Ministry of Power,Electricity Generation,3,5113.04,11168.7,4115.64
April2026,Himachal Pradesh,Ministry of Railways,Railways,3,17005.0,17005.1,10532.56
April2026,Himachal Pradesh,Ministry of Road Transport & Highways,Roads & Highways,25,22698.11,26851.5,9814.17
April2026,Jammu and Kashmir,Department of Higher Education,Education,1,424.93,500.91,484.52
April2026,Jammu and Kashmir,Ministry of Civil Aviation,Aviation & Aviation Infrastructure,1,861.37,861.37,319.5
April2026,Jammu and Kashmir,Ministry of Health & Family Welfare,Healthcare,1,1828.0,2160.84,1545.05
April2026,Jammu and Kashmir,Ministry of Petroleum & Natural Gas,Oil & Gas,2,1059.9,1059.9,306.82
April2026,Jammu and Kashmir,Ministry of Power,Electricity Generation,4,22207.77,27945.1,15983.32
April2026,Jammu and Kashmir,15983.32,Transmission & Distribution,1,218.6,218.6,3.72
April2026,Jammu and Kashmir,Ministry of Road Transport & Highways,Roads & Highways,37,33781.46,33862.9,13255.67
April2026,Jharkhand,Department of Telecommunications,Telecommunication,3,7147.17,7147.17,2535.97
April2026,Jharkhand,"Department of Water Resources, River Development & GR",Water Resources,2,5430.04,12010.3,6172.77
April2026,Jharkhand,Ministry of Coal,Coal,28,50047.42,49811.8,10660.97
April2026,Jharkhand,10660.97,Railways,1,1799.64,2564.34,1713.19
April2026,Jharkhand,Ministry of Health & Family Welfare,Healthcare,2,500.0,958.9,334.0
April2026,Jharkhand,Ministry of Housing & Urban Affairs,Waste & Water,3,654.14,654.14,403.16
April2026,Jharkhand,Ministry of Petroleum & Natural Gas,Energy Storage,1,10228.0,11407.0,10912.42
April2026,Jharkhand,Ministry of Petroleum & Natural Gas,Oil & Gas,3,2010.07,2010.07,700.94
April2026,Jharkhand,"Ministry of Ports, Shipping and Waterways",Inland Waterways,1,5369.18,5061.15,3990.06
April2026,Jharkhand,Ministry of Power,Coal,2,2083.0,2365.0,1072.11
April2026,Jharkhand,1072.11,Electricity Generation,2,33026.0,34660.0,20580.03
April2026,Jharkhand,20580.03,Transmission & Distribution,1,1842.25,1842.25,1648.05
April2026,Jharkhand,Ministry of Railways,Railways,14,38516.93,39377.6,11390.56
April2026,Jharkhand,Ministry of Road Transport & Highways,Roads & Highways,36,40068.85,39106.5,13475.31
April2026,Jharkhand,Ministry of Steel,Steel,6,2854.58,3572.87,1938.3
April2026,Karnataka,Department for Promotion of Industry & Internal Trade,Real Estate,1,1701.81,1701.81,278.35
April2026,Karnataka,"Department of Water Resources, River Development & GR",Water Resources,1,770.16,1606.07,1515.6
April2026,Karnataka,Ministry of Civil Aviation,Aviation & Aviation Infrastructure,3,1143.4,1143.4,734.38
April2026,Karnataka,Ministry of Housing & Urban Affairs,Urban Public Transport,3,56804.24,61094.2,40079.41
April2026,Karnataka,40079.41,Waste & Water,1,162.73,162.73,79.5
April2026,Karnataka,Ministry of Labour and Employment,Healthcare,2,428.92,428.92,74.99
April2026,Karnataka,Ministry of Petroleum & Natural Gas,Energy Storage,1,678.0,1732.0,1118.26
April2026,Karnataka,1118.26,Oil & Gas,5,9662.0,12693.6,9655.02
April2026,Karnataka,"Ministry of Ports, Shipping and Waterways",Shipping,1,153.23,153.23,58.93
April2026,Karnataka,Ministry of Power,Transmission & Distribution,10,23490.99,23491.0,7293.05
April2026,Karnataka,Ministry of Railways,Railways,20,46557.93,52395.5,19806.28
April2026,Karnataka,Ministry of Road Transport & Highways,Roads & Highways,74,79596.9,83492.5,31736.79
April2026,Karnataka,Ministry of Steel,Steel,1,1043.63,1043.63,609.8
April2026,Kerala,Department for Promotion of Industry & Internal Trade,Real Estate,1,3805.0,3805.0,0.0
April2026,Kerala,Department of Higher Education,Education,2,2533.45,2744.4,690.49
April2026,Kerala,Ministry of Civil Aviation,Aviation & Aviation Infrastructure,1,484.57,484.57,204.6
April2026,Kerala,Ministry of Housing & Urban Affairs,Urban Public Transport,1,1957.05,1957.05,746.33
April2026,Kerala,Ministry of Petroleum & Natural Gas,Oil & Gas,3,8505.0,11889.0,5878.18
April2026,Kerala,Ministry of Power,Transmission & Distribution,1,173.14,173.14,2.08
April2026,Kerala,Ministry of Railways,Railways,3,2846.0,5183.64,3344.67
April2026,Kerala,Ministry of Road Transport & Highways,Roads & Highways,21,55629.95,61868.6,20327.79
April2026,Ladakh,Ministry of Civil Aviation,Aviation & Aviation Infrastructure,1,480.0,640.0,501.81
April2026,Ladakh,Ministry of Road Transport & Highways,Roads & Highways,3,1184.27,1184.27,825.09
April2026,Madhya Pradesh,Department of Higher Education,Education,1,496.28,496.28,78.35
April2026,Madhya Pradesh,Department of Telecommunications,Telecommunication,3,3883.82,3691.11,1231.42
April2026,Madhya Pradesh,"Department of Water Resources, River Development & GR",Water Resources,4,23658.27,23971.1,11742.99
April2026,Madhya Pradesh,Ministry of Coal,Coal,15,34550.26,34550.3,3443.05
April2026,Madhya Pradesh,Ministry of Health & Family Welfare,Healthcare,2,650.0,650.0,260.41
April2026,Madhya Pradesh,Ministry of Housing & Urban Affairs,Urban Public Transport,2,14442.2,14442.2,9182.3
April2026,Madhya Pradesh,9182.30,Waste & Water,3,880.74,941.16,810.5
April2026,Madhya Pradesh,Ministry of Mines,Metals & Mining,1,1856.36,3800.0,965.07
April2026,Madhya Pradesh,Ministry of Petroleum & Natural Gas,Energy Storage,1,10088.0,10088.0,8529.58
April2026,Madhya Pradesh,8529.58,Oil & Gas,3,53003.25,53414.0,12360.8
April2026,Madhya Pradesh,Ministry of Power,Electricity Generation,1,20446.0,20446.0,1721.18
April2026,Madhya Pradesh,1721.18,Transmission & Distribution,10,46260.32,46260.3,7207.11
April2026,Madhya Pradesh,Ministry of Railways,Railways,18,55989.79,69626.6,55110.99
April2026,Madhya Pradesh,Ministry of Road Transport & Highways,Roads & Highways,61,43398.77,40100.6,11482.23
April2026,Maharashtra,Department of Telecommunications,Telecommunication,3,7147.17,7147.17,2535.97
April2026,Maharashtra,"Department of Water Resources, River Development & GR",Water Resources,11,22660.36,32345.7,36882.64
April2026,Maharashtra,Ministry of Civil Aviation,Aviation & Aviation Infrastructure,1,500.48,500.48,381.2
April2026,Maharashtra,Ministry of Coal,Coal,26,12900.3,12900.3,3152.48
April2026,Maharashtra,Ministry of Housing & Urban Affairs,Urban Public Transport,9,60255.66,74569.4,36353.25
April2026,Maharashtra,36353.25,Waste & Water,4,814.94,814.94,715.68
April2026,Maharashtra,Ministry of Labour and Employment,Healthcare,3,884.31,886.08,672.75
April2026,Maharashtra,Ministry of Petroleum & Natural Gas,Energy Storage,2,764.49,872.81,558.28
April2026,Maharashtra,558.28,Oil & Gas,12,45781.88,48746.3,21550.71
April2026,Maharashtra,"Ministry of Ports, Shipping and Waterways",Shipping,1,6000.0,6000.0,5999.89
April2026,Maharashtra,Ministry of Power,Transmission & Distribution,6,34016.67,34016.7,7275.4
April2026,Maharashtra,Ministry of Railways,Railways,34,266393.54,357833.0,287950.7
April2026,Maharashtra,Ministry of Road Transport & Highways,Roads & Highways,101,84448.08,90412.2,27651.08
April2026,Manipur,Department of Sports,Education,1,906.47,611.74,574.12
April2026,Manipur,"Department of Water Resources, River Development & GR",Water Resources,1,1449.44,1822.24,1837.91
April2026,Manipur,Ministry of Civil Aviation,Aviation & Aviation Infrastructure,1,499.0,499.0,201.99
April2026,Manipur,Ministry of Petroleum & Natural Gas,Oil & Gas,1,9265.0,9265.0,6877.97
April2026,Manipur,Ministry of Power,Transmission & Distribution,1,5111.33,6700.0,5577.75
April2026,Manipur,Ministry of Railways,Railways,1,14323.0,21885.9,16020.78
April2026,Manipur,Ministry of Road Transport & Highways,Roads & Highways,30,10790.98,10791.0,5985.39
April2026,Meghalaya,Department of Higher Education,Education,1,494.52,429.7,368.98
April2026,Meghalaya,Department of Telecommunications,Telecommunication,1,971.96,971.96,232.79
April2026,Meghalaya,Ministry of Petroleum & Natural Gas,Oil & Gas,1,9265.0,9265.0,6877.97
April2026,Meghalaya,Ministry of Power,Transmission & Distribution,1,5111.33,6700.0,5577.75
April2026,Meghalaya,Ministry of Railways,Railways,2,9628.9,9646.9,1520.59
April2026,Meghalaya,Ministry of Road Transport & Highways,Roads & Highways,12,6148.96,5995.63,1034.15
April2026,Mizoram,Department of Higher Education,Education,1,474.23,474.23,167.55
April2026,Mizoram,Ministry of Petroleum & Natural Gas,Energy Storage,1,225.71,225.71,22.78
April2026,Mizoram,22.78,Oil & Gas,1,9265.0,9265.0,6877.97
April2026,Mizoram,Ministry of Power,Transmission & Distribution,1,5111.33,6700.0,5577.75
April2026,Mizoram,Ministry of Road Transport & Highways,Roads & Highways,21,14421.14,14565.7,2548.87
April2026,Nagaland,Department of Higher Education,Education,1,275.63,275.63,263.25
April2026,Nagaland,Ministry of Petroleum & Natural Gas,Oil & Gas,2,9492.62,9492.62,6903.91
April2026,Nagaland,Ministry of Power,Transmission & Distribution,1,5111.33,6700.0,5577.75
April2026,Nagaland,Ministry of Railways,Railways,2,8786.7,8786.7,6403.64
April2026,Nagaland,Ministry of Road Transport & Highways,Roads & Highways,19,6191.03,6745.08,925.84
April2026,Odisha,Department of Higher Education,Education,3,1882.56,1496.33,1017.41
April2026,Odisha,Department of Telecommunications,Telecommunication,3,7147.17,7147.17,2535.97
April2026,Odisha,"Department of Water Resources, River Development & GR",Water Resources,3,4612.34,12314.5,13641.21
April2026,Odisha,Ministry of Coal,Coal,13,37048.73,34740.4,14042.31
April2026,Odisha,14042.31,Electricity Generation,1,27212.96,27213.0,3454.06
April2026,Odisha,Ministry of Labour and Employment,Healthcare,1,164.6,164.6,16.4
April2026,Odisha,Ministry of Mines,Metals & Mining,3,5967.0,8121.17,6103.84
April2026,Odisha,Ministry of Petroleum & Natural Gas,Energy Storage,2,12886.34,14217.0,13227.62
April2026,Odisha,13227.62,Oil & Gas,6,25800.35,24283.5,17176.27
April2026,Odisha,"Ministry of Ports, Shipping and Waterways",Shipping,1,3004.63,3004.63,2117.12
April2026,Odisha,Ministry of Power,Electricity Generation,2,22974.75,23674.0,6915.2
April2026,Odisha,6915.20,Transmission & Distribution,2,3065.19,3065.19,116.2
April2026,Odisha,Ministry of Railways,Railways,30,44824.98,50582.2,33089.26
April2026,Odisha,33089.26,Railways,1,267.61,267.61,0.0
April2026,Odisha,Ministry of Road Transport & Highways,Roads & Highways,42,26739.2,29583.1,11855.71
April2026,Puducherry,Department of Higher Education,Education,1,618.34,544.34,543.74
April2026,Puducherry,Ministry of Railways,Railways,1,713.0,981.0,635.3
April2026,Puducherry,Ministry of Road Transport & Highways,Roads & Highways,4,7027.6,7051.29,2842.14
April2026,Punjab,Department of Higher Education,Education,2,559.3,559.3,368.06
April2026,Punjab,"Department of Water Resources, River Development & GR",Water Resources,2,3727.07,5177.86,4424.28
April2026,Punjab,Ministry of Health & Family Welfare,Healthcare,2,650.0,924.75,1.0
April2026,Punjab,Ministry of Housing & Urban Affairs,Waste & Water,2,545.53,553.64,374.66
April2026,Punjab,Ministry of Petroleum & Natural Gas,Oil & Gas,5,12693.36,12693.4,8343.57
April2026,Punjab,Ministry of Power,Transmission & Distribution,1,5969.0,5969.0,1313.18
April2026,Punjab,Ministry of Railways,Railways,4,15937.42,15937.8,10089.5
April2026,Punjab,Ministry of Road Transport & Highways,Roads & Highways,38,50442.91,55308.3,22730.58
April2026,Rajasthan,Department of Telecommunications,Telecommunication,1,421.65,228.94,152.96
April2026,Rajasthan,Ministry of Civil Aviation,Aviation & Aviation Infrastructure,3,2874.0,2874.0,903.97
April2026,Rajasthan,Ministry of Coal,Electricity Generation,2,5960.07,5960.07,1977.84
April2026,Rajasthan,Ministry of Petroleum & Natural Gas,Energy Storage,3,52618.05,88948.1,76588.28
April2026,Rajasthan,76588.28,Oil & Gas,2,10599.0,10599.0,6768.57
April2026,Rajasthan,Ministry of Power,Transmission & Distribution,19,75111.3,75111.3,23447.46
April2026,Rajasthan,Ministry of Railways,Railways,23,88286.45,164998.0,153090.89
April2026,Rajasthan,Ministry of Road Transport & Highways,Roads & Highways,28,19610.21,18276.4,9074.86
April2026,Sikkim,Department of Higher Education,Education,2,999.82,924.82,575.56
April2026,Sikkim,Ministry of Civil Aviation,Aviation & Aviation Infrastructure,1,323.26,323.26,80.84
April2026,Sikkim,Ministry of Health & Family Welfare,Healthcare,1,250.0,635.21,666.21
April2026,Sikkim,Ministry of Petroleum & Natural Gas,Oil & Gas,1,9265.0,9265.0,6877.97
April2026,Sikkim,Ministry of Power,Electricity Generation,2,6686.33,7576.15,5982.08
April2026,Sikkim,5982.08,Transmission & Distribution,1,4754.42,9129.32,8069.4
April2026,Sikkim,Ministry of Railways,Railways,1,7877.0,11775.0,10770.42
April2026,Sikkim,Ministry of Road Transport & Highways,Roads & Highways,8,3158.89,3287.17,95.3
April2026,Tamil Nadu,Ministry of Civil Aviation,Aviation & Aviation Infrastructure,1,1207.0,1207.0,289.5
April2026,Tamil Nadu,Ministry of Coal,Electricity Generation,1,218.03,218.03,169.95
April2026,Tamil Nadu,Ministry of Health & Family Welfare,Healthcare,1,1264.0,2021.51,485.02
April2026,Tamil Nadu,Ministry of Housing & Urban Affairs,Urban Public Transport,1,63246.0,63246.0,33129.33
April2026,Tamil Nadu,Ministry of Mines,Metals & Mining,1,166.0,166.0,135.0
April2026,Tamil Nadu,Ministry of Petroleum & Natural Gas,Energy Storage,2,1507.0,2561.0,1468.47
April2026,Tamil Nadu,1468.47,Oil & Gas,4,38385.0,46153.0,6742.72
April2026,Tamil Nadu,Ministry of Power,Transmission & Distribution,1,548.0,548.0,120.56
April2026,Tamil Nadu,Ministry of Railways,Railways,8,8972.13,13326.6,7163.32
April2026,Tamil Nadu,Ministry of Road Transport & Highways,Roads & Highways,50,61860.57,58070.9,21408.17
April2026,Telangana,Department for Promotion of Industry & Internal Trade,Real Estate,1,2360.0,2360.0,0.0
April2026,Telangana,Department of Higher Education,Education,1,262.0,262.0,213.89
April2026,Telangana,Department of Telecommunications,Telecommunication,2,3462.17,3462.17,1078.46
April2026,Telangana,"Department of Water Resources, River Development & GR",Water Resources,4,11670.14,24129.6,12086.85
April2026,Telangana,Ministry of Civil Aviation,Aviation & Aviation Infrastructure,1,500.48,500.48,381.2
April2026,Telangana,Ministry of Coal,Coal,7,2986.57,2986.57,1785.91
April2026,Telangana,Ministry of Health & Family Welfare,Healthcare,1,1028.0,1365.95,989.98
April2026,Telangana,Ministry of Housing & Urban Affairs,Construction,1,644.0,644.0,161.57
April2026,Telangana,Ministry of Petroleum & Natural Gas,Oil & Gas,1,215.0,215.0,45.69
April2026,Telangana,Ministry of Power,Transmission & Distribution,2,4914.94,4914.94,4722.91
April2026,Telangana,Ministry of Railways,Railways,11,19213.75,22977.8,16890.88
April2026,Telangana,Ministry of Road Transport & Highways,Roads & Highways,59,40276.58,43334.8,13982.12
April2026,Tripura,Ministry of Petroleum & Natural Gas,Energy Storage,1,656.0,656.0,537.17
April2026,Tripura,537.17,Oil & Gas,2,9474.33,9396.51,6956.95
April2026,Tripura,Ministry of Power,Transmission & Distribution,1,5111.33,6700.0,5577.75
April2026,Tripura,Ministry of Road Transport & Highways,Roads & Highways,9,6081.38,6105.91,573.55
April2026,Uttar Pradesh,Department for Promotion of Industry & Internal Trade,Real Estate,1,658.0,658.0,0.0
April2026,Uttar Pradesh,Department of Higher Education,Education,1,246.0,246.0,207.02
April2026,Uttar Pradesh,Department of Telecommunications,Telecommunication,3,3883.82,3691.11,1231.42
April2026,Uttar Pradesh,"Department of Water Resources, River Development & GR",Waste & Water,2,1532.96,1532.96,243.43
April2026,Uttar Pradesh,243.43,Water Resources,4,23983.27,27339.8,13244.04
April2026,Uttar Pradesh,Ministry of Civil Aviation,Aviation & Aviation Infrastructure,3,3949.13,3949.13,1150.85
April2026,Uttar Pradesh,Ministry of Coal,Coal,2,1328.09,1328.09,1112.09
April2026,Uttar Pradesh,1112.09,Electricity Generation,1,17237.8,21780.9,21237.52
April2026,Uttar Pradesh,Ministry of Housing & Urban Affairs,Urban Public Transport,3,25257.15,25257.2,15172.93
April2026,Uttar Pradesh,15172.93,Waste & Water,2,704.2,734.95,652.69
April2026,Uttar Pradesh,Ministry of Petroleum & Natural Gas,Energy Storage,2,11068.45,11068.5,8823.46
April2026,Uttar Pradesh,8823.46,Oil & Gas,4,17302.12,17302.1,952.08
April2026,Uttar Pradesh,"Ministry of Ports, Shipping and Waterways",Inland Waterways,1,5369.18,5061.15,3990.06
April2026,Uttar Pradesh,Ministry of Power,Electricity Generation,1,17195.0,17195.0,3306.21
April2026,Uttar Pradesh,Ministry of Power,Transmission & Distribution,5,36697.81,36697.8,4640.11
April2026,Uttar Pradesh,Ministry of Railways,Railways,26,95077.38,168712.0,147911.14
April2026,Uttar Pradesh,Ministry of Road Transport & Highways,Roads & Highways,121,139961.76,134187.0,43024.55
April2026,Uttarakhand,Department of Higher Education,Education,1,650.85,650.85,345.85
April2026,Uttarakhand,"Department of Water Resources, River Development & GR",Water Resources,1,2584.1,2584.1,1267.4
April2026,Uttarakhand,Ministry of Health & Family Welfare,Healthcare,2,650.0,1093.89,597.08
April2026,Uttarakhand,Ministry of Housing & Urban Affairs,Real Estate,1,150.97,206.0,54.01
April2026,Uttarakhand,Ministry of Labour and Employment,Healthcare,1,102.4,297.63,334.86
April2026,Uttarakhand,Ministry of Power,Electricity Generation,2,6838.35,17312.4,13144.59
April2026,Uttarakhand,Ministry of Railways,Railways,1,38953.0,38953.0,28286.15
April2026,Uttarakhand,Ministry of Road Transport & Highways,Roads & Highways,42,23894.83,22809.0,7758.63
April2026,West Bengal,Department of Higher Education,Education,1,500.0,442.0,415.35
April2026,West Bengal,Department of Telecommunications,Telecommunication,2,3462.17,3462.17,1078.46
April2026,West Bengal,"Department of Water Resources, River Development & GR",Waste & Water,1,154.73,154.73,96.17
April2026,West Bengal,Ministry of Civil Aviation,Aviation & Aviation Infrastructure,2,1877.3,1877.3,581.18
April2026,West Bengal,Ministry of Coal,Coal,12,13202.01,13202.0,2274.29
April2026,West Bengal,Ministry of Mines,Construction,1,255.37,255.37,98.92
April2026,West Bengal,Ministry of Petroleum & Natural Gas,Energy Storage,1,10228.0,11407.0,10912.42
April2026,West Bengal,10912.42,Oil & Gas,10,18730.65,19675.2,12003.18
April2026,West Bengal,"Ministry of Ports, Shipping and Waterways",Inland Waterways,1,5369.18,5061.15,3990.06
April2026,West Bengal,Ministry of Power,Electricity Generation,3,20091.84,21644.6,4652.59
April2026,West Bengal,4652.59,Transmission & Distribution,2,751.63,751.63,108.93
April2026,West Bengal,Ministry of Railways,Railways,16,49559.1,60771.0,37993.71
April2026,West Bengal,Ministry of Road Transport & Highways,Roads & Highways,24,16531.77,15962.0,3926.88
April2026,West Bengal,Ministry of Steel,Steel,6,6733.06,6733.06,1476.68
