project_id,project_name,sector,state,implementing_agency,planned_start_date,planned_completion_date,actual_start_date,approved_cost,revised_cost,current_status,report_month,physical_progress,planned_progress,financial_progress,expenditure,monthly_expenditure,contractor_status,milestones_completed,milestones_total,milestones_overdue,planned_duration_months,report_date,expenditure_ratio,snapshot_id
108000,"(-) (-) Multi-States (Dadra & Nagar Haveli and Daman & Diu, Gujarat, Maharashtra) 03/2015 (09/2017) 08/2027 (12/2029)",,90966.89,108000,,,,705793.0,705793.0,Newly Added,June_2026,,,,,,,,,,,2026-06-01,,108000_June_2026
108841,"Amended BharatNet Program - KTK, GOA, PY",,(-) (-),Department of Telecommunications,2023-08-01,2028-06-01,,3742.0,3742.0,Newly Added,July_2026,435.31,,100.0,3742.0,,,,,,36.0,2026-07-01,0.0005344735435595938,108841_July_2026
124005,"(-) (-) Multi-States (Gujarat, Haryana, Maharashtra, Rajasthan, Uttar Pradesh) 02/2008 (01/2012) 03/2022 (12/2025)",,124623,51101,,,,705453.0,,Newly Added,June_2026,,,,,,,,,,,2026-06-01,,124005_June_2026
124199,Amended BharatNet Program - HR,,PAN India,Department of Telecommunications,2026-03-01,2029-03-01,,837.0,,Newly Added,July_2026,,,1.79,15.0,,,,,,36.0,2026-07-01,0.017921146953405017,124199_July_2026
171218,Amended BharatNet Program - PB,,PAN India,Department of Telecommunications,2025-02-01,2028-02-01,,1245.0,,Newly Added,July_2026,,,1.29,16.0,,,,,,36.0,2026-07-01,0.01285140562248996,171218_July_2026
175860,"Amended BharatNet Program - MP, DD and DNH",,PAN India,Department of Telecommunications,2025-05-01,2028-05-01,,4943.0,,Newly Added,July_2026,,,0.34,17.0,,,,,,36.0,2026-07-01,0.003439206959336435,175860_July_2026
188000,"Multi-States (Meghalaya, Assam, Mizoram, Tripura, Manipur, Nagaland, Sikkim, Arunachal Pradesh) 07/2017 (10/2011) 08/2023 (03/2027)",,48809.69,61109,,,,,,Newly Added,June_2026,,,,217.0,,,,,,,2026-06-01,,188000_June_2026
210914,Amended BharatNet Program - WB & ANI,,PAN India,Department of Telecommunications,2025-02-01,2028-02-01,,1674.0,,Newly Added,July_2026,,,1.08,18.0,,,,,,36.0,2026-07-01,0.010752688172043012,210914_July_2026
222253,Amended BharatNet Program - UP (East),,(-) (-),Department of Telecommunications,2023-08-01,2028-02-01,,5008.0,5008.0,Newly Added,July_2026,502.0,,100.0,5008.0,,,,,,36.0,2026-07-01,0.0005990415335463259,222253_July_2026
240484,Amended BharatNet Program - AS,,Assam,Department of Telecommunications,2026-03-01,2029-03-01,,832.0,832.0,Newly Added,July_2026,0.0,,10.0,83.16,,,,,,36.0,2026-07-01,0.09995192307692308,240484_July_2026
245986,Jaipur Metro Rail Project Phase 2 (Prahladpura to Todi Mod),,(-) (-),Jaipur Metro Rail Corporation,2026-04-01,,,,13037.66,Newly Added,July_2026,1.79,,100.0,13037.66,,,,,,,2026-07-01,,245986_July_2026
298178,"Meja Thermal Power Project, Stage-II , (3x800 MW)",,(-) (-),National Thermal Power Corporation [NTPC],2026-06-01,,,,38358.0,Newly Added,July_2026,1002.73,,100.0,38358.0,,,,,,,2026-07-01,,298178_July_2026
317725,Amended BharatNet Program - OD,,PAN India,Department of Telecommunications,2026-07-01,2029-07-01,,1713.0,,Newly Added,July_2026,,,0.82,14.0,,,,,,36.0,2026-07-01,0.008172796263864565,317725_July_2026
364934,Stamp Charge Battery No.12 By-product Plant at IISCO Steel Plant,,West Bengal,Steel Authority of India Limited (SAIL,2025-02-01,2028-07-01,,999.46,,Newly Added,July_2026,,,3.6,36.0,,,,,,41.0,2026-07-01,0.036019450503271766,364934_July_2026
400005,Transmission Network Expansion in Gujarat to increase its ATC from ISTS Part B,,Multi-States (Dadra &,Power Grid Corporation of India Limited [POWERGRID],,,,,,Completed,May2026,100.0,,,,,,,,,,2026-05-01,,400005_May2026
400006,Jharsuguda-Barpali-Sardega Ph II Works- Rail Connectivity for Coal Loading Bulb at Barpali.,,(-) (-),South Eastern Railway [SER] - I,2021-10-01,2025-10-01,,808.99,808.99,Newly Added,July_2026,743.46,,100.0,808.99,,,,,,48.0,2026-07-01,0.6710589747710107,400006_July_2026
400010,"Construction of Terminal Building & Associated works at Leh Airport, Ladakh",,(-) (-),Airport Authority of India [AAI],2018-07-01,2021-09-01,,480.0,480.0,Newly Added,July_2026,512.55,,133.33,640.0,,,,,,36.0,2026-07-01,1.0254375,400010_July_2026
400012,Kandla Gorakhpur LPG Pipeline,,(-) (-),Indian Oil Corporation Limited [IOCL],2018-12-01,,,,10088.0,Newly Added,July_2026,8504.21,,100.0,10088.0,,,,,,,2026-07-01,,400012_July_2026
400013,Saturation 4G mobile coverage of Uncovered Villages through USOF,,(-) (-),Department of Telecommunications [DoT],2022-07-01,2024-06-01,,26316.0,26316.0,Newly Added,July_2026,8722.82,,58.49,15392.84,,,,,,23.0,2026-07-01,0.37208542331661343,400013_July_2026
400018,HURA C OCP,,(-) (-),Eastern Coal Fields Limited [ECL],2022-08-01,2029-03-01,,859.41,859.41,Newly Added,July_2026,455.95,,100.0,859.41,,,,,,79.0,2026-07-01,0.5290606346214264,400018_July_2026
400019,DHULE [BORVIHIR] - NARDANA NEW LINE [50.60 KMS],,(-) (-),Central Railway,2019-01-01,2026-12-01,,492.76,492.76,Newly Added,June_2026,560.32,,237.61,1170.83,,,,,,44.0,2026-06-01,0.8944110723272993,400019_June_2026
400022,Taranga Hill-Abu Road via Ambaji 116.65 km,,(-) (-),CAOC/NWR NWR mor,,2022-07-01,,,2798.0,Newly Added,July_2026,2798.0,,100.0,2798.0,,,,,,,2026-07-01,,400022_July_2026
400023,Construction of New BG line between Hassan to Belur [27 Km],,(-) (-),South Western Railway [SWR] - II,2019-03-01,2028-04-01,,749.0,749.0,Newly Added,July_2026,3.43,,100.0,749.0,,,,,,28.0,2026-07-01,0.001255006675567423,400023_July_2026
400033,BHATADI EXPANSION OC,,(-) (-),WCL - CIL,2020-02-01,2028-03-01,,580.61,580.61,Newly Added,July_2026,112.17,,100.0,580.61,,,,,,70.0,2026-07-01,0.14944627202425034,400033_July_2026
400035,"Grass Root Rail-fed Depot at Sekerkote, Agartala as resitement of existing Dharmanagar Depot",,Tripura,Indian Oil Corporation Limited [IOCL],2022-06-01,2025-09-01,,656.0,656.0,Completed,June_2026,100.0,,83.32,546.57,,,,,,39.0,2026-06-01,0.8331859756097562,400035_June_2026
400043,Laying of POL Pipelines in Common Corridor for proposed grass root terminal at Vallur [Chennai],,(-) (-),MinistryofPetroleumNaturalGas,2022-01-01,2026-05-01,,829.0,829.0,Newly Added,July_2026,382.47,,100.0,829.0,,,,,,52.0,2026-07-01,0.4002050663449939,400043_July_2026
400045,Proposed 6 nos Road Over Bridge [ROB] at different locations under MCL Talcher Under Deposit Scheme.,,(-) (-),East Coast Railway [ECoR] - II,2022-08-01,2025-03-01,,168.32,168.32,Newly Added,July_2026,69.85,,100.0,168.32,,,,,,32.0,2026-07-01,0.4149833650190114,400045_July_2026
400047,Doubling of Lingaraj SILO connectivity of NTPC line and augmentation of NTPC exchange yard and NTPC Block Cabin.,,(-) (-),East Coast Railway [ECoR] - II,2022-08-01,2024-12-01,,210.0,210.0,Newly Added,July_2026,41.17,,100.0,210.0,,,,,,30.0,2026-07-01,0.17700000000000002,400047_July_2026
400048,Doubling of lines connecting the loading spurs in Talcher Yard.,,(-) (-),East Coast Railway [ECoR] - II,2022-09-01,2024-12-01,,186.21,186.21,Newly Added,July_2026,105.07,,100.0,186.21,,,,,,30.0,2026-07-01,0.4995435261264164,400048_July_2026
400062,"Raghunathpur Thermal Power Station Phase II [2X660 MW] at Raghunathpur, Purulia, West Bengal",,(-) (-),Damodar Valley Corporation,2023-01-01,2029-06-01,,17673.0,17673.0,Newly Added,July_2026,2268.62,,100.0,17673.0,,,,,,52.0,2026-07-01,0.08536128557686866,400062_July_2026
400065,Installation of 4th Slab Caster along with its Auxiliaries and a New Ladle Furnace in SMS-II at Rourkela Steel Plant,,Odisha,Steel Authority of India Limited [SAIL],2022-02-01,2025-05-01,,1105.23,1105.23,Completed,December_2025,100.0,,71.49,790.11,,,,,,39.0,2025-12-01,0.7148828750576803,400065_December_2025
400073,KONAR EXPANSION OCP,,(-) (-),CCL - CIL,2022-01-01,2032-03-01,,799.34,674.65,Newly Added,July_2026,175.59,,100.0,674.65,,,,,,122.0,2026-07-01,0.5374559011184227,400073_July_2026
400074,KARO EXPANSION OCP,,(-) (-),CCL - CIL,2022-01-01,2029-03-01,,908.47,849.31,Newly Added,July_2026,237.61,,100.0,849.31,,,,,,86.0,2026-07-01,0.30638325976642045,400074_July_2026
400077,"Grass root POL Terminal at Vallur, Chennai",,Tamil Nadu,Indian Oil Corporation Limited [IOCL],2022-01-01,2026-03-01,,827.0,827.0,Completed,March_2026,100.0,,107.34,887.71,,,,,,50.0,2026-03-01,0.7755018137847642,400077_March_2026
400078,New Mundra Panipat Crude Oil Pipeline,,Rajasthan,Indian Oil Corporation Limited [IOCL],2021-12-01,2026-07-01,,,9028.0,Completed,July_2026,100.0,,100.0,9028.0,,,,,,55.0,2026-07-01,,400078_July_2026
400081,"National Sports University [NSU], Imphal [Manipur]",,Manipur,Department of Sports & Youth Affairs,2022-01-01,2024-08-01,,906.47,611.74,Newly Added,July_2026,97.5,,94.37,577.32,,,,,,31.0,2026-07-01,0.6368881485322184,400081_July_2026
400087,Redevelopment of Sobhasan Complex,,(-) (-),Oil and Natural Gas Corporation Limited [ONGC],2021-08-01,2027-03-01,,885.63,885.63,Newly Added,July_2026,1062.32,,152.16,1347.61,,,,,,67.0,2026-07-01,1.0555536736560416,400087_July_2026
400093,Saryu Nahar CADWM Project,,(-) (3370),Irrigation & Water Resources-UP,2017-04-01,2019-12-01,,1672.7,1672.7,Newly Added,April2026,22.24,,100.0,1672.7,,,,,,32.0,2026-04-01,0.013295868954385125,400093_April2026
400094,J. ChokhaRao LIS CADWM Project,,Telangana,Irrigation and CAD-TG,2019-12-01,2023-03-01,,13445.4,0.0,Ongoing,July_2025,783.0,,0.0,0.0,,,,,,39.0,2025-07-01,0.0,400094_July_2025
400095,Gosikhurd CADWM Project,,(-) (3368),Department of water resources-MH - II,2017-04-01,2019-12-01,,743.73,743.73,Newly Added,April2026,459.06,,100.0,743.73,,,,,,32.0,2026-04-01,0.5518400494803222,400095_April2026
400096,Omkareshwar CADWM Project,,(-) (3367),Water resource-mp,2017-04-01,2019-12-01,,648.09,648.09,Newly Added,April2026,208.06,,100.0,648.09,,,,,,32.0,2026-04-01,0.3179496674844543,400096_April2026
400097,Sardar Sarovar CADWM Project,,(-) (3365),"Narmada and Water Resources, Water Supply and Kalpsar Department-GJ",2017-04-01,2019-12-01,,5021.76,5021.76,Newly Added,April2026,4956.98,,132.83,6670.31,,,,,,32.0,2026-04-01,0.9871001401898934,400097_April2026
400100,Sardar Gouthu Latchanna Thotapalli Barrage Project,,(-) (-),Water Resources-AP,2005-04-01,2019-12-01,,353.05,353.05,Newly Added,July_2026,879.15,,289.83,1023.24,,,,,,167.0,2026-07-01,2.461719303214842,400100_July_2026
400101,Gundlakamma project,,(-) (-),Water Resources-AP,2005-04-01,2019-12-01,,397.41,397.41,Newly Added,July_2026,624.78,,175.48,697.39,,,,,,176.0,2026-07-01,1.5587428600186206,400101_July_2026
400102,Sri Ram Sagar Project Stage - II,,(-) (-),Irrigation and CAD-TG,1996-04-01,2019-12-01,,736.13,736.13,Newly Added,July_2026,971.47,,129.04,949.87,,,,,,176.0,2026-07-01,1.2778992840938421,400102_July_2026
400103,Indiramma Flood Flow Canal Project,,(-) (-),Irrigation and CAD-TG,1996-04-01,2019-12-01,,1331.3,1331.3,Newly Added,July_2026,4491.08,,446.19,5940.09,,,,,,167.0,2026-07-01,3.373454518140164,400103_July_2026
400104,Punpun Barrage Project,,(-),Water Resources-BR,2007-04-01,2019-12-01,,571.07,571.07,Newly Added,March_2026,447.68,,115.24,658.12,,,,,,152.0,2026-03-01,0.783931917278092,400104_March_2026
400105,Urmodi Irrigation Project,,(-) (3335),Department of water resources-MH - II,2017-04-01,2022-06-01,,580.79,580.79,Newly Added,April2026,713.46,,154.24,895.81,,,,,,50.0,2026-04-01,1.2284302415675203,400105_April2026
400107,Sulwade-Jamphal-Kanoli Lift Irrigation Scheme,,(-) (3330),Department of water resources-MH - II,2017-04-01,2023-06-01,,2407.67,2407.67,Newly Added,April2026,2779.38,,100.0,2407.67,,,,,,52.0,2026-04-01,1.0880270136688168,400107_April2026
400109,Purna Barrage-2 [Ner Dhamana] Medium Irrigation Project,,(-) (3323),Department of water resources-MH - II,2017-04-01,2020-06-01,,848.07,848.07,Newly Added,April2026,690.49,,104.76,888.43,,,,,,26.0,2026-04-01,0.8141898664025375,400109_April2026
400111,Kelo Irrigation Project,,(-) (-),Water Resources-CT,2008-04-01,2019-12-01,,459.97,459.97,Newly Added,July_2026,620.15,,158.06,727.04,,,,,,140.0,2026-07-01,1.3412396460638736,400111_July_2026
400112,Jigaon Irrigation Project,,(-) (3314),Department of water resources-MH - II,2017-04-01,2028-06-01,,7222.95,7222.95,Newly Added,April2026,10516.63,,100.0,7222.95,,,,,,122.0,2026-04-01,1.3001363708733966,400112_April2026
400115,Bargi Diversion Project Phase - IV [km. 154 to km 197],,(-) (-),Water Resources-MP,2008-04-01,2019-12-01,,751.03,751.03,Newly Added,July_2026,814.02,,118.95,893.35,,,,,,131.0,2026-07-01,1.0427013568033234,400115_July_2026
400116,Bargi Diversion Project Phase - III [km. 104 to km 154],,(-) (-),Water Resources-MP,2007-04-01,2019-12-01,,1229.15,1229.15,Newly Added,July_2026,2270.96,,113.88,1399.7,,,,,,152.0,2026-07-01,1.6831062116096487,400116_July_2026
400117,Arjun Sahayak Project,,Uttar Pradesh,Irrigation & Water Resources-UP,2009-04-01,2025-10-01,,741.38,741.38,Completed,September_2025,100.0,,332.58,2465.68,,,,,,198.0,2025-09-01,4.340958752596509,400117_September_2025
400119,Life Extension of 48 well platforms of Mumbai High & Heera Fields,,(-) (-),Oil and Natural Gas Corporation Limited [ONGC],2015-12-01,2018-04-01,,3190.69,3190.69,Newly Added,July_2026,3123.2,,105.8,3375.9,,,,,,28.0,2026-07-01,0.9788478354211784,400119_July_2026
400120,KG-DWN-98/2 Cluster - II Development Project - NELP Block,,(-) (-),Oil and Natural Gas Corporation Limited [ONGC],2016-03-01,2020-06-01,,34012.0,34012.0,Newly Added,July_2026,33192.0,,100.0,34012.0,,,,,,51.0,2026-07-01,0.9572783135363989,400120_July_2026
400121,"Construction of Screening Plant-II for Donimalai and Kumaraswamy Iron Ore Mining Complex of NMDC Limited at Ballari Dt, Karnataka.",,(-) (-),National Mineral Development Corporation Limited [NMDC],2014-11-01,2026-08-01,,1043.63,1043.63,Newly Added,July_2026,649.52,,100.0,1043.63,,,,,,26.0,2026-07-01,0.4248344719871985,400121_July_2026
400136,SANGHMITRA OC,,(-) (-),CCL - CIL,2024-03-01,2032-03-01,,2660.0,2660.0,Newly Added,July_2026,17.03,,100.0,2660.0,,,,,,96.0,2026-07-01,0.002469924812030075,400136_July_2026
400138,CHANDRAGUPT OCP,,(-) (-),CCL - CIL,2020-08-01,2032-03-01,,973.5,973.5,Newly Added,July_2026,772.12,,100.0,973.5,,,,,,139.0,2026-07-01,0.45274781715459683,400138_July_2026
400139,KOTRE BASANTPUR PACHMO OCP,,(-) (-),Ministry of Coal,2020-08-01,2032-03-01,,861.06,625.4,Newly Added,July_2026,456.48,,100.0,625.4,,,,,,139.0,2026-07-01,0.5295217522588438,400139_July_2026
400141,Expansion of Alumina Refinery Plant with addition of 5th Stream having capacity enhancement of 1.0 Million Tonee Per Annum,,(-) (-),National Aluminium Company Limited [NALCO],2017-04-01,2022-12-01,,4103.0,4103.0,Newly Added,July_2026,5023.49,,138.37,5677.4,,,,,,68.0,2026-07-01,1.1105337557884476,400141_July_2026
400142,Pachwara South Coal Block,,(-) (-),NLC India Limited,2016-03-01,2028-09-01,,2242.9,2242.9,Newly Added,July_2026,1432.45,,100.0,2242.9,,,,,,106.0,2026-07-01,0.5748138570600562,400142_July_2026
400144,PORDA CHIMTAPANI OCP [10 MTY],,(-) (-),SECL - CIL,2020-12-01,2029-03-01,,2310.12,2310.12,Newly Added,July_2026,118.97,,100.0,2310.12,,,,,,99.0,2026-07-01,0.04011912801066612,400144_July_2026
400145,CHHAL OC SEAM III [6 MTY],,Chhattisgarh,South Eastern Coalfields Limited [SECL],2013-12-01,2025-12-01,,610.63,610.63,Completed,December_2025,100.0,,95.08,580.56,,,,,,144.0,2025-12-01,0.9507557768206606,400145_December_2025
400147,KUSMUNDA OC EXPANSION [15 TO 50 MTY],,Chhattisgarh,South Eastern Coalfields Limited [SECL],2013-08-01,2023-03-01,,7612.33,7612.33,Newly Added,September_2025,81.0,,61.72,4697.95,,,,,,115.0,2025-09-01,0.6171500710032276,400147_September_2025
400148,AMADAND OCP[4.0MTY],,(-) (-),SECL - CIL,2016-03-01,2021-03-01,,869.44,869.44,Newly Added,July_2026,325.09,,100.0,869.44,,,,,,60.0,2026-07-01,0.3217933382407066,400148_July_2026
400149,BAROUD OC EXPANSION [3.0-10.0M,,(-) (-),SECL - CIL,2020-08-01,2029-03-01,,2309.8,2309.8,Newly Added,July_2026,1039.65,,100.0,2309.8,,,,,,103.0,2026-07-01,0.414832453026236,400149_July_2026
400150,RPR MAGADH EXP OCP,,(-) (-),Ministry of Coal,2020-08-01,2028-03-01,,7254.37,6964.33,Newly Added,July_2026,2299.77,,100.0,6964.33,,,,,,91.0,2026-07-01,0.22314549712793805,400150_July_2026
400151,NORTH URIMARI EXPANSION OCP,,(-) (-),Ministry of Coal,2021-07-01,2029-03-01,,778.8,634.3,Newly Added,July_2026,598.34,,100.0,634.3,,,,,,92.0,2026-07-01,0.7742039034411917,400151_July_2026
400152,RAMPUR BATURA OCP [4.0MTY],,(N06000233),South Eastern Coalfields Limited [SECL],2019-07-01,2026-03-01,,1248.93,1248.93,Newly Added,February_2026,498.6,,100.0,1248.93,,,,,,80.0,2026-02-01,0.39922173380413634,400152_February_2026
400153,EPR ROHINI - KARKETTA OCP,,(-) (-),Ministry of Coal,2021-01-01,2028-03-01,,1020.42,995.57,Newly Added,July_2026,85.34,,100.0,995.57,,,,,,86.0,2026-07-01,0.08324023441328081,400153_July_2026
400154,EPR PUNDI OCP,,(-) (-),Ministry of Coal,2020-11-01,2027-03-01,,713.35,639.6,Newly Added,July_2026,14.78,,100.0,639.6,,,,,,76.0,2026-07-01,0.3316464568584846,400154_July_2026
400155,EPR ASHOK OC,,(-) (-),Ministry of Coal,2021-05-01,2031-03-01,,2898.28,2821.07,Newly Added,July_2026,186.02,,100.0,2821.07,,,,,,118.0,2026-07-01,0.06384821342313372,400155_July_2026
400156,EPR AMRAPALI OCP,,(-) (-),CCL - CIL,2020-02-01,2028-03-01,,5136.15,4983.57,Newly Added,July_2026,1838.82,,100.0,4983.57,,,,,,97.0,2026-07-01,0.24627201308373006,400156_July_2026
400158,Debottlenecking and Augmentation of Cryogenic facilities at Uran LPG Import Terminal,,Maharashtra,"Department of Water Resources, River Development & GR",2021-04-01,2025-12-01,,1164.69,1164.69,Completed,December_2025,100.0,,139.94,1629.86,,,,,,56.0,2025-12-01,0.8691325588783281,400158_December_2025
400160,RAJRAPPA RCE OCP,,(-) (-),CCL - CIL,2009-12-01,2016-03-01,,510.85,510.85,Newly Added,July_2026,488.71,,100.0,510.85,,,,,,75.0,2026-07-01,0.9566604678477048,400160_July_2026
400161,"PP Project, Pata",,Uttar Pradesh,Gas Authority of India Limited [GAIL],2019-03-01,2026-02-01,,910.56,910.56,Completed,February_2026,100.0,,142.66,1299.02,,,,,,83.0,2026-02-01,1.178395712528554,400161_February_2026
400162,BLOCK B EXPANSION  [3.5 TO 8.0,,(-) (-),NCL - CIL,2019-07-01,2023-03-01,,998.71,998.71,Newly Added,July_2026,545.34,,100.0,998.71,,,,,,44.0,2026-07-01,0.4932362747944849,400162_July_2026
400165,SUBHADRA OCP,,(-) (-),MCL - CIL,2021-05-01,2032-04-01,,1693.81,1693.81,Newly Added,July_2026,1332.87,,100.0,1693.81,,,,,,131.0,2026-07-01,0.7833523240505134,400165_July_2026
400166,SIARMAL OCP,,(-) (-),Mahanadi Coalfields Limited [MCL],2021-02-01,2029-03-01,,5194.95,5194.95,Newly Added,July_2026,3543.45,,100.0,5194.95,,,,,,97.0,2026-07-01,0.666576194188587,400166_July_2026
400167,Redevelopment of Santhal Field [Onshore-Mehsana Asset],,(-) (-),Oil and Natural Gas Corporation Limited [ONGC],2017-02-01,2026-03-01,,1162.56,1162.56,Newly Added,July_2026,1127.73,,100.0,1162.56,,,,,,109.0,2026-07-01,0.9832008670520231,400167_July_2026
400168,"500 KTA PDHPP Project, Usar",,(-) (-),Gas Authority of India Limited [GAIL],2021-04-01,2025-04-01,,8797.0,8797.0,Newly Added,July_2026,8861.88,,127.95,11256.0,,,,,,48.0,2026-07-01,0.8603455723542117,400168_July_2026
400169,Redevelopment of Linch Field,,(-) (-),Oil and Natural Gas Corporation Limited [ONGC],2021-04-01,2025-03-01,,631.03,631.03,Newly Added,July_2026,622.24,,133.97,845.42,,,,,,47.0,2026-07-01,0.950937356385592,400169_July_2026
400171,2G Ethanol Biorefinery at Bathinda,,(-) (-),Hindustan Petroleum Corporation Limited,2020-05-01,2023-02-01,,1421.46,1421.46,Newly Added,July_2026,1291.35,,100.0,1421.46,,,,,,33.0,2026-07-01,0.8685013999690459,400171_July_2026
400172,CHITRA EAST OC,,(-) (-),ECL - CIL,2018-08-01,2026-03-01,,513.99,513.99,Newly Added,July_2026,276.0,,100.0,513.99,,,,,,91.0,2026-07-01,0.449386174828304,400172_July_2026
400173,MOHANPUR EXPANSION OC -PHASE I,,(-) (-),Eastern Coal Fields Limited [ECL],2020-11-01,2026-03-01,,888.99,888.99,Newly Added,July_2026,153.96,,100.0,888.99,,,,,,64.0,2026-07-01,0.13649197403795318,400173_July_2026
400174,"New Sinter Plant at BSL, SAIL",,(-) (-),Steel Authority of India Limited [SAIL],2015-03-01,2017-10-01,,1034.01,1034.01,Newly Added,July_2026,1028.11,,169.47,1752.3,,,,,,24.0,2026-07-01,0.8984826065511938,400174_July_2026
400177,AMALGAMATED YEKONA I & YEKONA,,(-) (-),WCL - CIL,2015-08-01,2025-03-01,,727.28,727.28,Newly Added,July_2026,564.25,,100.0,727.28,,,,,,115.0,2026-07-01,0.7411175888241118,400177_July_2026
400178,DINESH[MAKARDHOKRA-III] OC,,(-) (-),WCL - CIL,2020-02-01,2027-03-01,,822.88,822.88,Newly Added,July_2026,792.0,,100.0,822.88,,,,,,85.0,2026-07-01,0.7659075442348824,400178_July_2026
400179,BHUBANESWARI EXPANSION OCP,,Odisha,Mahanadi Coalfields Limited (MCL,2031-03-01,,,6321.73,1250.66,Ongoing,July_2025,,,1.68,21.0,,,,,,,2025-07-01,0.0033218754992699784,400179_July_2025
400180,BONJEMEHARI EXPANSION OCP,,(-) (-),Eastern Coal Fields Limited [ECL],2021-08-01,2026-03-01,,570.11,570.11,Newly Added,July_2026,98.58,,100.0,570.11,,,,,,55.0,2026-07-01,0.14641034186385082,400180_July_2026
400181,NAKRAKONDA KUMARDIH- B OCP,,(-) (-),ECL - CIL,2018-08-01,2029-03-01,,502.68,502.68,Newly Added,July_2026,88.9,,100.0,502.67,,,,,,127.0,2026-07-01,0.1429537678045675,400181_July_2026
400182,SIDULI [OC & UG],,(N06000165) (2998),ECL - CIL,2018-05-01,2027-03-01,,535.18,535.18,Newly Added,April2026,5.74,,100.0,535.17,,,,,,106.0,2026-04-01,0.010445083897006616,400182_April2026
400183,BALARAM EXPANSION OCP,,(-) (-),Mahanadi Coalfields Limited [MCL],2020-08-01,2029-03-01,,3504.21,3504.21,Newly Added,July_2026,963.81,,100.0,3504.21,,,,,,103.0,2026-07-01,0.278622000393812,400183_July_2026
400185,GOPALJI KANIHA OCP [10 TO 30 M,,(-) (-),MCL - CIL,2022-04-01,2030-03-01,,8416.19,8416.19,Newly Added,July_2026,1777.54,,72.57,6107.87,,,,,,95.0,2026-07-01,0.2080086119728761,400185_July_2026
400186,TILABONI UG,,(-) (-),ECL - CIL,2023-01-01,2029-03-01,,749.08,749.08,Newly Added,July_2026,53.97,,100.0,749.07,,,,,,74.0,2026-07-01,0.07060661077588508,400186_July_2026
400187,INTEGRATED LAKHANPUR-BELPAHAR-,,(-) (-),MCL - CIL,2018-05-01,2027-03-01,,2434.75,2434.75,Newly Added,July_2026,2133.7,,100.0,2434.75,,,,,,106.0,2026-07-01,0.7794311530958004,400187_July_2026
400188,Redevelopment of Seven General Pool Residential Accommodation [GPRA] Colonies in Delhi,,(-) (-),National Buildings Construction Corporation [NBCC],2016-07-01,2025-12-01,,32850.0,32850.0,Newly Added,July_2026,14370.45,,99.97,32841.0,,,,,,91.0,2026-07-01,0.37561765601217656,400188_July_2026
400192,Tubed Coal Mine,,(-) (-),Damodar Valley Corporation,2016-07-01,2026-05-01,,1581.0,1581.0,Newly Added,July_2026,624.86,,100.0,1581.0,,,,,,115.0,2026-07-01,0.37934218848829854,400192_July_2026
400203,Dharamjaigarh-Korba,,(-) (-),Railway,2018-05-01,2026-12-01,,1686.22,1686.22,Newly Added,July_2026,792.73,,144.62,2438.53,,,,,,117.0,2026-07-01,0.3180249315035998,400203_July_2026
400204,"Bahraich - Khalilabad via Bhinga, Shravasti,  Balrampur, Utraula, Domriyaganj, Mehdawal, Bansi 240.26 km",,(-) (-),CAOC/NER NER mor,2018-10-01,2030-10-01,,4939.78,4939.78,Newly Added,July_2026,1671.24,,100.0,4939.78,,,,,,163.0,2026-07-01,0.2597443610849066,400204_July_2026
400205,Sahjanwa - Dohrighat 81.17 km,,(-) (-),CAOC/NER NER mor,2019-08-01,2029-03-01,,1319.75,1319.75,Newly Added,July_2026,728.08,,100.0,1319.75,,,,,,144.0,2026-07-01,0.3956734229967797,400205_July_2026
400220,Kharsia-Dharamjaygarh with Spur line [East Corridor-Phase 1],,(-) (-),Indian Railway Construction International Limited [IRCON],2016-03-01,2018-09-01,,3055.0,3055.0,Newly Added,July_2026,2790.19,,124.32,3798.06,,,,,,56.0,2026-07-01,0.8634206219312602,400220_July_2026
400223,Tiruchchirappalli-Nagore-Karaikal with extension of Nagapattinam-Velankani- Tiruthiraipundi incl. new material modification of Karaikal - Peralam 23 km new line,,(-) (-),CAOC/SR SR mor,,2008-07-01,,,713.0,Newly Added,July_2026,713.0,,137.59,713.0,,,,,,,2026-07-01,,400223_July_2026
400231,NLC Talabira Thermal Power Project,,(-) (-),NLC India Limited,2017-01-01,2030-03-01,,27212.96,27212.96,Newly Added,July_2026,3574.21,,100.0,27212.96,,,,,,74.0,2026-07-01,0.0961402214239098,400231_July_2026
400232,Brundamal - Jharsuguda - Fly-over connection for joining down line 6.6 km,,(-) (-),CAO/C/ECOR ECoR mor,2014-01-01,2026-12-01,,297.0,297.0,Newly Added,July_2026,46.39,,99.84,296.51,,,,,,155.0,2026-07-01,0.7272053872053872,400232_July_2026
400234,Third Railway Line between Patratu-Sonnagar [291 kms],,"Multi-States (Bihar,",RVNL - II,2016-11-01,2026-03-01,,8975.0,8975.0,Completed,January_2026,100.0,,100.0,8975.0,,,,,,91.0,2026-01-01,0.5515320334261838,400234_January_2026
400235,"Setting up a common user Petroleum Terminal at Jammu, J&K for resitement of existing PSU OMC's Depots from Jammu City",,Jammu and Kashmir,Bharat Petroleum Corporation Limited [BPCL],2023-04-01,2026-01-01,,676.89,676.89,Completed,January_2026,100.0,,105.76,715.89,,,,,,33.0,2026-01-01,0.7655896822231086,400235_January_2026
400247,"Kalinarayanpur-Krishnanagar with Krishnanagar-Shantipur-Nabadwipghat - GC, Krishnanagar-Chartala, MM for Krishnanagar-Chapra-NL, Naihati-Ranaghat-3rd line, Nabadwipghat-Nabadwipdham upto BB loop 9.58 km, Ranaghat-Lalgola- strengthening bridge No.2",,(-) (-),CAOC/ER ER mor,2015-07-01,2027-02-01,,1000.0,1000.0,Newly Added,July_2026,925.7,,215.39,2153.91,,,,,,255.0,2026-07-01,1.0573599999999999,400247_July_2026
400253,Vizianagaram - Titlagarh 3rd line  [272 Km including By - pass line of 7.68 KM],,(-) (-),RVNL - II,,2016-06-01,,,4803.0,Newly Added,June_2026,4803.0,,138.87,4803.0,,,,,,,2026-06-01,,400253_June_2026
400254,Sakri-Hasanpur 79 km,,(-) (-),CAO/Con/North/MHX ECR mor,2023-12-01,2024-12-01,,735.2,735.2,Newly Added,July_2026,615.69,,109.15,802.45,,,,,,328.0,2026-07-01,0.8008977149075082,400254_July_2026
400259,Ghatampur Thermal Power Plant 3 X 660 MW,,Uttar Pradesh,NLC India Limited [NLCIL],2016-08-01,2026-06-01,,17237.8,17237.8,Completed,May2026,100.0,,126.36,21780.9,,,,,,118.0,2026-05-01,1.2163530148858903,400259_May2026
400261,Patratu Thermal Power Station Expansion Project Phase-I [3x800 MW],,(-) (-),National Thermal Power Corporation [NTPC],2017-11-01,2023-03-01,,18668.0,18668.0,Newly Added,July_2026,19735.72,,108.75,20302.0,,,,,,64.0,2026-07-01,0.9741804156845939,400261_July_2026
400271,Wardha-Nanded Via Yavatmal New BG Line,,(-) (-),Central Railway [CR] - II,2017-12-01,2025-03-01,,3445.0,3445.0,Newly Added,June_2026,3002.93,,100.0,3445.0,,,,,,203.0,2026-06-01,0.871677793904209,400271_June_2026
400273,"Tarakeswar-Bishnupur with extension upto Dhaniakhali, Arambagh-Irphala, Irphala- Ghatal 11.2 km, Arambagh-Champadanga 23.3 km & Bishnupur-Uparsol 31.8 km and new material modification for Mynapur-Kamarpukur via Birsha 19 km",,(-) (-),CAOC/ER ER mor,2001-03-01,2019-03-01,,1189.0,1189.0,Newly Added,July_2026,1607.64,,158.02,1878.82,,,,,,133.0,2026-07-01,1.1350967199327167,400273_July_2026
400275,Tindivanam-Nagari 179.2 km,,(-) (-),CAOC/SR SR mor,,2008-07-01,,,3631.0,Newly Added,July_2026,3631.0,,100.0,3631.0,,,,,,,2026-07-01,,400275_July_2026
400277,Dum Dum Airport-New Garia via Rajarhat-Construction of Metro Railway,,(-) (-),RVNL - II,2010-03-01,2025-12-01,,8964.0,8964.0,Newly Added,June_2026,8984.66,,100.0,8964.0,,,,,,170.0,2026-06-01,0.9462661758143686,400277_June_2026
400280,Phase II extension of MRTS from Velachery to St Thomas Mount,,(-) (-),Ministry of Railways,2007-11-01,2025-07-01,,734.0,734.0,Newly Added,July_2026,486.53,,100.0,734.01,,,,,,200.0,2026-07-01,0.6528474114441417,400280_July_2026
400291,Kirandul-Jagdalpur 150 km,,(-) (-),CAO/C/ECOR ECoR mor,2013-02-01,2020-03-01,,1589.0,1589.0,Newly Added,July_2026,1369.01,,113.15,1798.0,,,,,,84.0,2026-07-01,1.0078854625550662,400291_July_2026
400298,Nadikude-Srikalahasti 308.7 km,,(-) (-),CAO/C/SCoR SCoR mor,2012-03-01,2027-05-01,,2312.0,2312.0,Newly Added,July_2026,2535.68,,255.45,5906.03,,,,,,125.0,2026-07-01,1.1464446366782006,400298_July_2026
400299,Pottangi Bauxite Mines Project,,(-) (-),National Aluminium Company Limited [NALCO],2018-05-01,2025-03-01,,1381.0,1381.0,Newly Added,July_2026,770.37,,141.98,1960.77,,,,,,82.0,2026-07-01,0.5569659666908038,400299_July_2026
400301,Multi Product Pipeline from Irugur to Devangonthi,,(-) (-),MinistryofPetroleumNaturalGas,2012-11-01,2012-11-01,,,678.0,Newly Added,July_2026,1206.36,,255.46,1732.0,,,,,,,2026-07-01,,400301_July_2026
400312,JHANJRA EXPANSION UG,,(-) (-),Eastern Coal Fields Limited [ECL],2020-04-01,2029-03-01,,1210.12,1210.12,Newly Added,July_2026,633.57,,100.0,1210.12,,,,,,107.0,2026-07-01,0.4546656529930917,400312_July_2026
400313,Master Plan for Jharia and Raniganj Coalfields,,(N06000163),Bharat Coking Coal Limited [BCCL],,2009-08-01,,,2661.73,Newly Added,March_2026,2661.73,,100.0,2661.73,,,,,,,2026-03-01,,400313_March_2026
400315,SONEPUR BAZARI EXPANSION OCP [,,(-) (-),Eastern Coal Fields Limited [ECL],2021-07-01,2029-03-01,,5365.88,5365.88,Newly Added,July_2026,697.64,,100.0,5365.88,,,,,,92.0,2026-07-01,0.11170767888957635,400315_July_2026
400321,NIGAHI EXPANSION [15 TO 25 MTP,,(-) (-),NCL - CIL,2020-11-01,2025-03-01,,1729.68,1729.68,Newly Added,July_2026,985.35,,100.0,1729.68,,,,,,52.0,2026-07-01,0.5089033809722029,400321_July_2026
400352,JHARKHAND-LAIYO OCP,,(-) (-),Ministry of Coal,2020-08-01,2031-03-01,,764.57,654.87,Newly Added,July_2026,1.97,,100.0,654.87,,,,,,127.0,2026-07-01,0.19070850281857776,400352_July_2026
400353,DHUPTALA OC [SASTI UG TO OC ],,(-) (-),WCL - CIL,2019-02-01,2028-03-01,,711.01,711.01,Newly Added,July_2026,174.66,,100.0,711.01,,,,,,77.0,2026-07-01,0.2430908144751832,400353_July_2026
400354,DIPKA EXPANSION OCP [40 MTY],,(-) (-),SECL - CIL,2020-12-01,2029-03-01,,5241.4,5241.4,Newly Added,July_2026,2941.23,,100.0,5241.4,,,,,,99.0,2026-07-01,0.5480539550501775,400354_July_2026
400369,BINA KAKRI AMALGAMATION EXPANS,,(-) (-),NCL - CIL,,2020-08-01,,,836.42,Newly Added,July_2026,836.42,,100.0,836.42,,,,,,,2026-07-01,,400369_July_2026
400382,Rewas Port Project,,(-) (-),Reliance Industries Ltd,2019-12-01,2023-03-01,,6000.0,6000.0,Newly Added,June_2026,5999.89,,100.0,6000.0,,,,,,38.0,2026-06-01,0.9999816666666668,400382_June_2026
400392,BHARATPUR RE-ORGANIZATION OCP,,(-) (-),MCL - CIL,2018-11-01,2029-03-01,,2838.86,2838.86,Newly Added,July_2026,1716.58,,100.0,2838.86,,,,,,124.0,2026-07-01,0.5912232374967417,400392_July_2026
400416,Shivpur-Kathautia New Rail [BG] Line [49 km] [Package II of Tori-Shivpur-Kathautia line],,(-) (-),Ministry of Coal,2018-02-01,2025-06-01,,1799.64,1799.64,Newly Added,July_2026,1784.77,,142.49,2564.34,,,,,,37.0,2026-07-01,0.924145940299171,400416_July_2026
400424,GEVRA OC [70 MTY],,(-) (-),SECL - CIL,2016-03-01,2023-03-01,,11816.4,11816.4,Newly Added,July_2026,7825.46,,100.0,11816.4,,,,,,84.0,2026-07-01,0.5773374293354998,400424_July_2026
400425,MOONIDIH XV SEAM UG,,(-) (-),BCCL - CIL,2011-08-01,2019-03-01,,1230.27,1230.27,Newly Added,July_2026,800.25,,100.0,1230.27,,,,,,91.0,2026-07-01,0.5281604850967674,400425_July_2026
400426,Expansion of Malanjkhand Copper Project,,(-) (-),Hindustan Copper Limited [HCL],2011-09-01,2020-04-01,,1856.36,1856.36,Newly Added,July_2026,1018.09,,204.7,3800.0,,,,,,60.0,2026-07-01,0.5145122713266823,400426_July_2026
400429,Exhibition cum Convention Centre Dwarka [Phase I],,Delhi,India International Convention & Expo Centre,2019-10-01,2025-01-01,,5401.0,4470.0,Ongoing,July_2025,,,2.18,97.4,,,,,,63.0,2025-07-01,0.0180336974634327,400429_July_2025
425828,Stamp Charge Battery No.12  Coke Dry Cooling Plant at IISCO Steel Plant,,(-) (-),Steel Authority of India Limited (SAIL,2025-01-01,,,,706.51,Newly Added,July_2026,132.26,,100.0,706.51,,,,,,,2026-07-01,,425828_July_2026
437130,"Amended BharatNet Program - J&K, LAD",,PAN India,Department of Telecommunications,2025-06-01,2028-06-01,,1621.0,,Newly Added,July_2026,,,0.31,5.0,,,,,,36.0,2026-07-01,0.0030845157310302285,437130_July_2026
462136,"Amended BharatNet Program - MGH, MZM, TRP",,PAN India,Department of Telecommunications,2025-04-01,2029-04-01,,768.0,,Newly Added,July_2026,,,0.78,6.0,,,,,,48.0,2026-07-01,0.0078125,462136_July_2026
476006,Amended BharatNet Program - HP,,PAN India,Department of Telecommunications,2025-02-01,2028-02-01,,1292.0,,Newly Added,July_2026,,,0.54,7.0,,,,,,36.0,2026-07-01,0.005417956656346749,476006_July_2026
478482,Stamp Charge Battery No.7 Coke Dry Cooling Plant at RSP,,Odisha,Steel Authority of India Limited (SAIL,2026-02-01,2028-08-01,,1064.55,,Newly Added,July_2026,,,3.1,33.0,,,,,,30.0,2026-07-01,0.030999013667746936,478482_July_2026
505491,Installation of 140 TPH Walking Beam type Reheating Furnace in Plate Mill at BSP,,Chhattisgarh,Steel Authority of India Limited (SAIL,2026-03-01,2028-03-01,,268.36,,Newly Added,July_2026,,,11.18,30.0,,,,,,24.0,2026-07-01,0.11179013265762408,505491_July_2026
547243,BharatNet Phase-II,,(-) (-),Department of Telecommunications,2017-07-01,,,,22174.56,Newly Added,July_2026,20691.72,,100.0,22174.56,,,,,,,2026-07-01,,547243_July_2026
589703,Implementation of Treatment System-2  Under ZLD at RSP,,Odisha,Steel Authority of India Limited (SAIL,2025-03-01,2026-09-01,,216.02,,Newly Added,July_2026,,,16.2,35.0,,,,,,18.0,2026-07-01,0.16202203499675955,589703_July_2026
601812,Development of Zaheerabad Node under Hyderabad Nagpur Industrial Corridor,,(-) (-),National Industrial Corridor Development Corporation,2024-08-01,2029-01-01,,2360.0,2360.0,Newly Added,July_2026,42.89,,100.0,2360.0,,,,,,35.0,2026-07-01,0.00211864406779661,601812_July_2026
602096,Subansiri Lower HE Project [2000 MW],,"Multi-States (Assam,",National Hydroelectric Power Corporation Limited [NHPC],2003-09-01,2003-09-01,,,6285.33,Newly Added,July_2026,26448.07,,414.86,26075.5,,,,,,,2026-07-01,,602096_July_2026
602098,"Construction of Permanent Campus for IIM Jammu Phase-1 at Jagti, Nagrota, Jammu, J&K",,(-) (-),"Indian Institute of Management, Jammu",2019-03-01,2019-03-01,,424.93,424.93,Newly Added,July_2026,484.52,,117.88,424.93,,,,,,32.0,2026-07-01,1.1402348622125997,602098_July_2026
602099,Establishment of Permanent campus Phase 1 of IIM Sirmaur,,(-) (-),"Indian Institute of Management, Sirmaur",2018-09-01,2023-10-01,,392.51,392.51,Newly Added,July_2026,339.65,,115.86,454.78,,,,,,38.0,2026-07-01,0.8383735446230669,602099_July_2026
602181,"TEESTA-VI HE PROJECT, SIKKIM [500 MW], executed by LANCO TEESTA HYDRO POWER LIMITED [A wholly owned Subsidiary of NHPC LTD. acquired through NCLT]",,Sikkim,National Hydroelectric Power Corporation Limited [NHPC],2020-03-01,2024-03-01,,5748.04,5748.04,Newly Added,July_2026,73.78,,79.55,4572.68,,,,,,48.0,2026-07-01,0.7955198641623928,602181_July_2026
602182,Dibang Multipurpose Project,,Arunachal Pradesh,National Hydroelectric Power Corporation Limited [NHPC],2023-02-01,2032-02-01,,31876.39,31876.4,Newly Added,July_2026,17.93,,15.44,4921.36,,,,,,108.0,2026-07-01,0.154388875277282,602182_July_2026
602184,Rammam-III HEPP [3x40 MW],,(-) (-),National Thermal Power Corporation [NTPC],2014-09-01,2019-09-01,,1381.84,1381.84,Newly Added,July_2026,1690.73,,207.37,2865.56,,,,,,60.0,2026-07-01,1.0363500839460429,602184_July_2026
602185,Tapovan-Vishnugad HEP [4x130 MW],,(-) (-),National Thermal Power Corporation [NTPC],2006-11-01,2013-03-01,,2978.0,2978.0,Newly Added,July_2026,7827.81,,366.26,10907.3,,,,,,76.0,2026-07-01,2.485379449294829,602185_July_2026
602193,Tehri Pumped Storage Plant Project [4x250 MW],,Uttarakhand,THDC India Limited,2011-06-01,2026-04-01,,4825.6,4825.6,Completed,March_2026,100.0,,172.81,8339.0,,,,,,178.0,2026-03-01,1.6970055537135276,602193_March_2026
602194,Khurja super Thermal Power Plant [2X660 MW],,Uttar Pradesh,THDC India Limited,2019-08-01,2025-09-01,,11089.42,11089.42,Completed,December_2025,100.0,,119.72,13276.2,,,,,,73.0,2025-12-01,1.1679591899305826,602194_December_2025
602195,Vishnugad Pipalkoti Hydro Electric Project [444 MW],,(-) (-),THDC India Limited,2008-08-01,2022-12-01,,3860.35,3860.35,Newly Added,July_2026,5832.69,,165.92,6405.08,,,,,,107.0,2026-07-01,1.3211962645874078,602195_July_2026
602223,Comprehensive Scheme for Strengthening of Transmission and Distribution [T&D] Systems [CSST&DS] in Arunachal Pradesh and Sikkim,,"Multi-States (Sikkim,",Power Grid Corporation of India Limited [POWERGRID],2014-10-01,2021-03-01,,,4754.42,Newly Added,July_2026,8141.52,,192.02,9129.32,,,,,,,2026-07-01,,602223_July_2026
602525,"Pakal Dul [Drangdhuran] Hydroelectric Project, 1000 MW",,(-) (-),National Hydroelectric Power Corporation Limited [NHPC],2014-10-01,2014-10-01,,8112.12,8112.12,Newly Added,July_2026,8057.69,,156.9,8112.12,,,,,,26.0,2026-07-01,0.852563818089476,602525_July_2026
602532,Kiru HE Project,,(-) (-),National Hydroelectric Power Corporation Limited [NHPC],2019-03-01,2019-03-01,,4287.59,4287.59,Newly Added,July_2026,3313.59,,126.15,4287.59,,,,,,54.0,2026-07-01,0.712724397621974,602532_July_2026
602535,"Ratle HE Project - 850 MW, Ratle Hydroelectric Power Corporation Limited.",,(-) (-),National Hydroelectric Power Corporation Limited [NHPC],2021-02-01,2021-02-01,,5281.94,5281.94,Newly Added,July_2026,1415.21,,100.0,5281.94,,,,,,60.0,2026-07-01,0.19117786267924286,602535_July_2026
602538,Installation of FGD for 4x210 & 2x250 MW MTPS U 1-6,,(-) (-),Damodar Valley Corporation,2019-06-01,2024-01-01,,1037.0,1037.0,Newly Added,July_2026,1143.06,,106.65,1106.0,,,,,,35.0,2026-07-01,1.0836933461909353,602538_July_2026
602579,Buxar Thermal Power Project [1320 MW],,(-) (-),Satluj Jal Vidyut Nigam [SJVN] Thermal Limited,2019-03-01,2024-01-01,,10439.09,10439.09,Newly Added,July_2026,13731.77,,131.78,13756.56,,,,,,55.0,2026-07-01,1.2462283589853138,602579_July_2026
602582,Dhaulasidh Hydro Electric Project [66 MW],,(-) (-),Satluj Jal Vidyut Nigam [SJVN] Thermal Limited,2020-10-01,2025-11-01,,687.97,687.97,Newly Added,July_2026,1275.68,,256.31,1763.31,,,,,,54.0,2026-07-01,1.5234239865110395,602582_July_2026
602593,Luhri Stage-I Hydro Electric Project [210 MW],,(-) (-),Satluj Jal Vidyut Nigam [SJVN] Thermal Limited,2020-11-01,2026-01-01,,1810.56,1810.56,Newly Added,July_2026,1980.59,,240.0,4345.31,,,,,,62.0,2026-07-01,1.0375298250265113,602593_July_2026
602633,382 MW Sunni Dam HEP,,(-),Satluj Jal Vidyut Nigam [SJVN] Thermal Limited,2018-04-01,2027-03-01,,2615.0,2615.0,Newly Added,February_2026,495.57,,100.0,2615.0,,,,,,107.0,2026-02-01,0.18951051625239004,602633_February_2026
602792,Gauge Conversion of Kendri-Dhamtari  including Abhanpur - Rajim Branch line 67.20 Kms - 2nd Material Modification to Raipur Titlagarh doubling.,,(-) (-),SECR,2011-07-01,2025-02-01,,1171.0,1171.0,Newly Added,July_2026,448.77,,100.0,1171.0,,,,,,45.0,2026-07-01,0.3262083689154569,602792_July_2026
602797,"Sainthia, Sitarampur, Mughalsarai, Allahabad & Etawah - Bypass 35 km",,(-) (-),CAOC/ER ER mor,,2017-08-01,,,461.64,Newly Added,July_2026,461.64,,100.0,461.64,,,,,,,2026-07-01,,602797_July_2026
602961,Talcher Thermal Power Station Stage III [2 x 660 MW] Expansion,,(-) (-),National Thermal Power Corporation [NTPC],2022-08-01,2027-05-01,,11843.75,11843.75,Newly Added,July_2026,7031.31,,105.9,12543.0,,,,,,56.0,2026-07-01,0.4595107124010554,602961_July_2026
603210,Development of Jodhpur Pali Marwar Industrial Area JPMIA in Rajasthan,,(-) (-),National Industrial Corridor Development Corporation,2024-08-01,,,,921.66,Newly Added,July_2026,0.0,,100.0,921.66,,,,,,,2026-07-01,,603210_July_2026
603293,Badam Coal Mining project of NTPC,,(-) (-),National Thermal Power Corporation [NTPC],2019-02-01,2056-12-01,,502.0,502.0,Newly Added,July_2026,438.57,,156.18,784.0,,,,,,447.0,2026-07-01,0.7959960159362549,603293_July_2026
603945,Integrated Anandpur Barrage Project,,(-) (-),Water Resources-OR,1997-04-01,2019-12-01,,567.03,567.03,Newly Added,July_2026,2810.1,,527.32,2990.05,,,,,,263.0,2026-07-01,4.8603777577905936,603945_July_2026
604791,Numaligarh Refinery Expansion Project,,Assam,Numaligarh Refinery Limited,2020-07-01,2024-07-01,,12366.0,25313.0,Newly Added,July_2026,87.0,,80.64,20411.19,,,,,,48.0,2026-07-01,1.6505895196506548,604791_July_2026
604792,"Assam Bio Refinery, ABRPL",,Assam,Ministry of Petroleum & Natural Gas,2018-02-01,2025-09-01,,1750.0,1750.0,Completed,September_2025,100.0,,281.71,4930.0,,,,,,91.0,2025-09-01,2.6914285714285713,604792_September_2025
604795,CBR 9 MMTPA Project,,(-) (-),Chennai Petroleum Corporation Limited [CPCL],2021-09-01,2025-06-01,,31580.0,31580.0,Newly Added,July_2026,1615.38,,115.12,36354.0,,,,,,45.0,2026-07-01,0.04447783407219759,604795_July_2026
604833,"Andheri Residential Towers, Mumbai",,(-) (-),Indian Oil Corporation Limited [IOCL],2017-06-01,2025-05-01,,281.35,281.35,Newly Added,July_2026,281.24,,138.5,389.67,,,,,,95.0,2026-07-01,0.8810733961258218,604833_July_2026
604852,"Grass-root Terminal at Mirzapur, Uttar Pradesh",,(-) (-),Indian Oil Corporation Limited [IOCL],2022-09-01,2026-11-01,,980.45,980.45,Newly Added,July_2026,308.35,,100.0,980.45,,,,,,50.0,2026-07-01,0.2601458513947677,604852_July_2026
604853,"Indian Oil Technology Development and Deployment Centre at R&D Campus-II, Faridabad",,(-) (-),Indian Oil Corporation Limited [IOCL],2019-06-01,2022-12-01,,2281.94,2281.94,Newly Added,July_2026,1922.03,,140.23,3200.0,,,,,,42.0,2026-07-01,0.8037064953504474,604853_July_2026
604859,Integrated Para Xylene [PX] and Purified Terephthalic Acid [PTA] Project at Paradip Refinery,,(-) (-),Indian Oil Corporation Limited [IOCL],2020-07-01,2024-01-01,,13805.0,13805.0,Newly Added,July_2026,8870.29,,85.35,11783.0,,,,,,42.0,2026-07-01,0.5921325606664253,604859_July_2026
604863,Development of Surface Facilities for production and evacuation of Crude Oil and Natural Gas from Nadua and East Khagorija,,Assam,Oil India Limited,2018-01-01,2020-02-01,,682.9,726.93,Newly Added,July_2026,94.4,,82.69,601.12,,,,,,25.0,2026-07-01,0.8802460096646655,604863_July_2026
605155,Kwar HE Project,,(-) (-),National Hydroelectric Power Corporation Limited [NHPC],2022-05-01,2022-05-01,,4526.12,4526.12,Newly Added,July_2026,1203.55,,100.0,4526.12,,,,,,54.0,2026-07-01,0.23830786634026493,605155_July_2026
605156,Rangit-IV HE Project [120 MW]  executed by Jal Power Corporation Ltd. [JPCL] - A wholly owned subsidiary of NHPC Ltd. acquired through NCLT,,Sikkim,National Hydroelectric Power Corporation Limited [NHPC],2021-08-01,2024-05-01,,938.29,1828.11,Newly Added,July_2026,97.56,,93.99,1718.16,,,,,,33.0,2026-07-01,1.8311609417131165,605156_July_2026
605292,"Construction of Permanent Campus of Indian Institute of Management [IIM] Amritsar, Punjab, Phase-I",,(-) (-),"Indian intitue of Management, Amritsar",2019-10-01,2023-06-01,,348.31,348.31,Newly Added,July_2026,293.24,,111.07,386.86,,,,,,35.0,2026-07-01,0.8337113490855846,605292_July_2026
606013,Additional Campus  of NITPatna,,(-) (-),NIT Patna,2022-07-01,2024-07-01,,499.21,499.21,Newly Added,July_2026,449.96,,100.0,499.21,,,,,,23.0,2026-07-01,0.8953947236633882,606013_July_2026
606431,CONSTRUCTION OF PERMANENT CAMPUS FOR IIT PALAKKAD UNDER PHASE 1A,,(-) (-),INDIAN INSTITUTE OF TECHNOLOGY PALAKKAD,2017-07-01,2022-06-01,,1006.45,1006.45,Newly Added,July_2026,686.2,,120.96,1217.4,,,,,,27.0,2026-07-01,0.6591484922251477,606431_July_2026
606479,Banaras Hindu University [ Kayakalp of Institute of Medical Sciences],,(-) (-),Banaras Hindu University,2020-06-01,2022-09-01,,246.0,246.0,Newly Added,July_2026,212.35,,100.0,246.0,,,,,,27.0,2026-07-01,0.8134552845528455,606479_July_2026
606781,Transmission System for Strengthening of Srinagar-Leh Tr. System,,Multi-States (Jammu,Power Grid Corporation of India Limited [POWERGRID],2022-03-01,2022-03-01,,,288.71,Completed,November_2025,100.0,,100.0,288.71,,,,,,,2025-11-01,,606781_November_2025
607653,Ludhiana Mullanpur 21Km Doubling Railway project,,(-) (-),CAO/C/NR,,,,,234.78,Newly Added,July_2026,61.39,,100.0,234.78,,,,,,,2026-07-01,,607653_July_2026
607701,"Guwahati Refinery Expansion [1.0 to 1.2 MMTPA] along with installation of CRU, Guwahati Refinery",,Assam,Ministry of Petroleum & Natural Gas,2021-05-01,2026-05-01,,412.3,412.3,Completed,May2026,100.0,,139.95,577.0,,,,,,60.0,2026-05-01,1.1099684695609993,607701_May2026
607709,NORTH EASTERN REGION POWER SYSTEM IMPROVEMENT PROJECT [NERPSIP],,"Multi-States (Nagaland,",Power Grid Corporation of India Limited [POWERGRID],,,,,,Newly Added,July_2026,5111.33,,,,,,,,,,2026-07-01,,607709_July_2026
608301,Transmission system strengthening scheme for evacuation of power from solar energy zones in Rajasthan 8.1 GW under Phase II- Part- G1,,Delhi,Power Grid Corporation of India Limited [POWERGRID],2022-02-01,2025-11-01,,359.47,359.47,Completed,November_2025,100.0,,95.0,341.49,,,,,,45.0,2025-11-01,0.9499819178234623,608301_November_2025
608302,Transmission system for evacuation of Power from Pakaldul HEP in Chenab Valley HEPs - LTA System,,Jammu and Kashmir,Power Grid Corporation of India Limited [POWERGRID],2022-02-01,2025-11-01,,318.12,318.12,Completed,November_2025,100.0,,100.0,318.12,,,,,,45.0,2025-11-01,0.9000062869357475,608302_November_2025
608922,Transmission System Strengthening Scheme for evacuation of power from SEZ in Rajasthan 8.1 GW under Phase II Part G,,"Multi-States (Delhi,",Power Grid Corporation of India Limited [POWERGRID],2022-05-01,2022-05-01,,,1666.0,Completed,November_2025,100.0,,133.13,1666.0,,,,,,,2025-11-01,,608922_November_2025
609019,"HEFA projects on development of student hostels, playgrounds, departmental buildings, class room complex and other campus facilities in IIT Kharagpur",,(-) (-),"Indian Institute of Technology, Kharagpur",2018-06-01,2023-03-01,,500.0,500.0,Newly Added,July_2026,418.86,,88.4,442.0,,,,,,47.0,2026-07-01,0.8072,609019_July_2026
609424,"Development of Container Terminal at Tuna-Tekra, Deendayal Port on BOT Basis Under PPP Mode",,(-) (-),Deendayal Port Trust,2022-10-01,2027-03-01,,4243.64,4243.64,Newly Added,July_2026,2737.7,,100.0,4243.64,,,,,,36.0,2026-07-01,0.26981553571933525,609424_July_2026
609736,"Construction of Sikkim University Campus Phase-I Package-II at Yangang, South Sikkim",,Sikkim,Sikkim University,2022-01-01,2025-01-01,,314.06,340.55,Newly Added,July_2026,96.5,,85.74,292.0,,,,,,36.0,2026-07-01,0.9297586448449341,609736_July_2026
609996,Construction of Precast housing and hostels at IIT Hyderabad,,(-) (-),"Indian Institute of Technology, Hyderabad",2022-09-01,2024-10-01,,262.0,262.0,Newly Added,July_2026,223.65,,100.0,262.0,,,,,,23.0,2026-07-01,0.7637786259541985,609996_July_2026
610315,IISER BERHAMPUR,,(-) (-),"Indian Institutes of Science Education and Research, Behrampur",2018-10-01,2021-03-01,,1229.32,1229.32,Newly Added,July_2026,874.09,,68.58,843.09,,,,,,18.0,2026-07-01,0.6797253766309831,610315_July_2026
610940,"Additional Infrastructure at IISc Bangalore-RCC Monolithic for Men Hostel S14, Women Hostel S11 , Postdoctoral Hostel S12 2 Block , International Hostel S 12 , D&E Block S 12  2 Block FR.",,Karnataka,IISC Bangalore,2021-08-01,2025-12-01,,420.41,420.41,Completed,December_2025,100.0,,100.0,420.41,,,,,,52.0,2025-12-01,0.8747651102495183,610940_December_2025
610984,Development of Jharia CBM Block [Phase-1],,(-) (-),Oil and Natural Gas Corporation Limited [ONGC],2019-11-01,2024-01-01,,431.0,431.0,Newly Added,July_2026,267.74,,100.0,431.0,,,,,,50.0,2026-07-01,0.5537587006960557,610984_July_2026
610985,Construction of lube oil blending plant at Rasayani,,Maharashtra,Ministry of Petroleum & Natural Gas,2022-05-01,2025-12-01,,423.39,423.39,Completed,December_2025,100.0,,124.3,526.26,,,,,,43.0,2025-12-01,0.7711566168308179,610985_December_2025
611016,2.0 MTPA BHOJUDIH NLW WASHERY,,(N06000195) (4835),Ministry of Coal,2015-12-01,2020-09-01,,384.57,384.57,Newly Added,April2026,363.14,,100.0,384.57,,,,,,18.0,2026-04-01,0.9337181787450919,611016_April2026
611017,2.5 MTPA PATHERDIH NLW WASHERY,,(N06000194) (4836),Ministry of Coal,2015-10-01,2018-04-01,,334.27,334.27,Newly Added,April2026,162.75,,100.0,334.27,,,,,,24.0,2026-04-01,0.45211954408113203,611017_April2026
611047,"Construction of NTB complex including apron, taxi track and other associated civil works and electrical & mechanical installations towards Tawi River side at CA Jammu.",,(-) (-),Airport Authority of India [AAI],2023-10-01,2023-10-01,,861.37,861.37,Newly Added,July_2026,271.48,,100.0,861.37,,,,,,35.0,2026-07-01,0.1791332412319909,611047_July_2026
611142,Fairway Development in West Bengal Farakka - Kahelgaon,,(-),Inland Waterways Authority of India [IWAI],2018-01-01,2023-07-01,,177.0,177.0,Newly Added,March_2026,383.41,,111.3,197.0,,,,,,59.0,2026-03-01,2.166158192090396,611142_March_2026
611440,Procurment of 30 Nos ACFTs of WT Capacity 10KL at Various Airports,,Multi-States,Airport Authority of India [AAI],,,,,,Ongoing,July_2025,,,,,,,,,,,2025-07-01,,611440_July_2025
611452,MUMBAI CENTRAL VIRAR VADODARA AHMEDABAAD TRAIN PROTECTION SYSTEM 500 RKM,,(-) (-),Western Railway,,2019-09-01,,,311.0,Newly Added,June_2026,311.0,,100.0,311.0,,,,,,,2026-06-01,,611452_June_2026
611495,Development of New Civil Enclave at Bagdogra Airport,,(-) (-),Airport Authority of India [AAI],2024-08-01,2027-03-01,,1549.0,1549.0,Newly Added,July_2026,548.3,,100.0,1549.0,,,,,,30.0,2026-07-01,0.2459457714654616,611495_July_2026
611509,"Koderma Thermal Power Station Phase II [2X800 MW] At Koderma, Jharkhand",,(-) (-),Damodar Valley Corporation,2023-04-01,2029-03-01,,14358.0,14358.0,Newly Added,July_2026,2229.31,,100.0,14358.0,,,,,,52.0,2026-07-01,0.1137275386544087,611509_July_2026
611570,"SITC of ATM Automation System and ASMGCS [Including SMR & MLAT] for Mumbai, Navi Mumbai, Jewar [earlier MOPA, without ASMGCS], HIAL & BIAL",,(-) (-),Airport Authority of India [AAI],,,,,,Newly Added,July_2026,,,,500.48,,,,,,,2026-07-01,,611570_July_2026
611586,Sunni Dam Hydro Electric Project [382 MW],,(-) (-),Satluj Jal Vidyut Nigam [SJVN] Thermal Limited,2023-01-01,2028-04-01,,2614.51,2614.51,Newly Added,July_2026,1152.21,,174.24,4555.49,,,,,,63.0,2026-07-01,0.3987286336636693,611586_July_2026
611602,"Modernization of Chennai Airport, Phase II, Part 2",,(-) (-),Airport Authority of India [AAI],2018-05-01,2025-07-01,,1207.0,1207.0,Newly Added,July_2026,331.85,,100.0,1207.0,,,,,,25.0,2026-07-01,0.19091963545981772,611602_July_2026
611614,Dedicated Test Track for RDSO Phase II,,Rajasthan,North Western Railway [NWR],2021-11-01,2026-11-01,,819.48,967.06,Newly Added,November_2025,86.0,,48.7,471.0,,,,,,60.0,2025-11-01,0.5747547225069556,611614_November_2025
611615,Malugur- Palasamudram New Line Project [17.975 Km],,Andhra Pradesh,South Western Railway [SWR] - II,2026-07-01,2027-11-01,,342.0,342.0,Newly Added,November_2025,0.0,,0.0,0.0,,,,,,16.0,2025-11-01,0.0,611615_November_2025
611656,Transmission scheme for evacuation of 4.5GW RE injection at Khavda PS under Phase II- Part B,,Gujarat,Power Grid Corporation of India Limited [POWERGRID],2023-03-01,2025-12-01,,1167.55,1167.55,Completed,November_2025,100.0,,99.95,1167.0,,,,,,33.0,2025-11-01,0.9830328465590339,611656_November_2025
611657,Transmission scheme for evacuation of 4.5GW RE injection at Khavda PS under Phase II- Part C,,Gujarat,Power Grid Corporation of India Limited [POWERGRID],2023-03-01,2026-01-01,,2820.99,2820.99,Completed,January_2026,100.0,,98.66,2783.19,,,,,,34.0,2026-01-01,0.9866004487786204,611657_January_2026
611659,Transmission system strengthening scheme for evacuation of power from solar energy zones in Rajasthan[8.1 GW] under phase-II- Part E,,Rajasthan,Power Grid Corporation of India Limited [POWERGRID],2023-03-01,2026-01-01,,1433.28,1433.28,Completed,December_2025,100.0,,99.98,1433.0,,,,,,34.0,2025-12-01,0.989806597454789,611659_December_2025
611660,Establishment of Khavda Pooling Station-2 KPS2 in Khavda RE Park KPS2 TRANSMISSION SYSTEM LIMITED,,Gujarat,Power Grid Corporation of India Limited [POWERGRID],2023-03-01,2025-12-01,,966.79,966.79,Completed,November_2025,100.0,,96.84,936.24,,,,,,33.0,2025-11-01,0.9684005833738455,611660_November_2025
611669,NER Provision of Automatic Block Signalling on Gorakhpur Cantt[Excl]  Chhapra Gramin & Burhwal Jn [Excl]  Sitapur Jn section of high density routes,,(-) (-),North Eastern Railway [NER],,2023-06-01,,,380.47,Newly Added,July_2026,380.47,,100.0,380.47,,,,,,,2026-07-01,,611669_July_2026
611698,240MW Heo HE Project,,Arunachal Pradesh,North Eastern Electric Power Corporation Limited,2025-05-01,2029-07-01,,1938.85,1938.85,Newly Added,July_2026,6.58,,5.48,106.28,,,,,,50.0,2026-07-01,0.05481599917476855,611698_July_2026
611699,186 MW Tato-I H E Project,,Arunachal Pradesh,North Eastern Electric Power Corporation Limited,2025-05-01,2029-07-01,,1750.07,1750.07,Newly Added,July_2026,5.6,,4.54,79.45,,,,,,50.0,2026-07-01,0.0453981840726371,611699_July_2026
611716,700 MW Tato-II HE Project,,Arunachal Pradesh,North Eastern Electric Power Corporation Limited,2025-09-01,2031-09-01,,8146.21,8146.21,Newly Added,July_2026,6.59,,3.12,253.97,,,,,,72.0,2026-07-01,0.03117646120097567,611716_July_2026
611735,Transmission system for evacuation of power from REZ in Rajasthan 20GW under Phase-III Part J,,(-) (-),Power Grid Corporation of India Limited [POWERGRID],2022-12-01,2022-12-01,,331.0,331.0,Newly Added,July_2026,151.73,,100.0,331.0,,,,,,27.0,2026-07-01,0.22936555891238672,611735_July_2026
611737,Western Region Expansion Scheme-XXV,,Chhattisgarh,Power Grid Corporation of India Limited [POWERGRID],2022-05-01,2023-11-01,,385.84,385.84,Completed,November_2025,100.0,,99.11,382.4,,,,,,9.0,2025-11-01,0.9910843873108024,611737_November_2025
611751,Aurangabad-Ankai 98.25 km,,(-) (-),CAOCON/SCR SCR mor,2023-05-01,2027-03-01,,960.64,960.64,Newly Added,July_2026,381.13,,100.0,960.64,,,,,,46.0,2026-07-01,0.8359010659560293,611751_July_2026
611752,Doubling between Gooty-Pendakallu 29.225 km PB73/2023-24/NR,,(-) (-),CAO/C/SCoR SCoR mor,2023-03-01,2027-03-01,,351.83,351.83,Newly Added,July_2026,149.34,,100.0,351.83,,,,,,45.0,2026-07-01,0.34530881391581164,611752_July_2026
611754,South Central Railway - Rail road over double line between Guntakal West-Mallapa Gate 9.64 km PB34/CR/2023-24,,(-) (-),CAO/C/SCoR SCoR mor,2023-07-01,2026-07-01,,293.3,293.3,Newly Added,July_2026,91.42,,100.0,293.3,,,,,,36.0,2026-07-01,0.5468121377429253,611754_July_2026
611798,Rakha Underground Mining Project,,Jharkhand,Hindustan Copper Limited [HCL],2024-03-01,2033-03-01,,2705.0,2705.0,Newly Added,October_2025,0.0,,0.0,0.0,,,,,,108.0,2025-10-01,0.0,611798_October_2025
611800,Surda Underground Copper Mining Project,,Jharkhand,Hindustan Copper Limited [HCL],2024-03-01,2028-03-01,,665.02,665.02,Newly Added,October_2025,1.0,,3.52,23.43,,,,,,48.0,2025-10-01,0.03523202309704972,611800_October_2025
611849,Devgarh Madariya - Nathdwara Gauge Conversion [82.54 Km] part of Marwar - Mavli Gauge Conversion [152 Km],,(N22000608),North Western Railway [NWR],2023-01-01,2028-06-01,,968.92,968.92,Newly Added,March_2026,275.74,,100.0,968.92,,,,,,65.0,2026-03-01,0.20233868637245594,611849_March_2026
611855,Nathdwara Mavli - Devgarh Madariya 82.542 km,,(-) (-),CAOC/NWR NWR mor,2023-01-01,2027-01-01,,968.92,968.92,Newly Added,July_2026,816.16,,113.53,1100.0,,,,,,48.0,2026-07-01,0.5951265326342733,611855_July_2026
611861,Rewari - Kathuwas Doubling Project [27.72 Km],,(-) (-),North Western Railway [NWR],,2023-02-01,,,352.0,Newly Added,June_2026,352.0,,100.0,352.0,,,,,,,2026-06-01,,611861_June_2026
611864,AMALAGAMATED NTST KUJAMA OCP 8.5MTY,,(-) (-),Bharat Coking Coal Limited (BCCL,2023-01-01,2030-03-01,,4011.85,4011.85,Newly Added,July_2026,414.97,,100.0,4011.85,,,,,,86.0,2026-07-01,0.10342610017822203,611864_July_2026
611884,Doubling between Bhiwani - Dobh Bahali PB73/2023-24/NR,,(-) (-),CAOC/NWR NWR mor,2023-02-01,2028-02-01,,471.0,471.0,Newly Added,July_2026,342.36,,100.0,471.0,,,,,,60.0,2026-07-01,0.49908704883227173,611884_July_2026
611917,Poly Butadiene Rubber plant at Panipat,,(-) (-),Indian Oil Corporation Limited [IOCL],2022-03-01,2025-03-01,,1459.0,1459.0,Newly Added,July_2026,1560.24,,173.51,2531.44,,,,,,36.0,2026-07-01,0.9922206991089788,611917_July_2026
611918,Kosamba- Umarpada 69.70 Km PB32/WR/2023-24,,(-) (-),CAOCWR WR mor,2023-07-01,2027-03-01,,468.0,468.0,Newly Added,July_2026,146.38,,100.0,468.0,,,,,,56.0,2026-07-01,0.043333333333333335,611918_July_2026
611927,Kurnool - Setting up facilities for coach midlife rehabilitation workshop,,(-) (-),WPO/Patna,2014-01-01,2023-12-01,,560.72,560.72,Newly Added,July_2026,276.66,,100.0,560.72,,,,,,74.0,2026-07-01,0.49340134113282924,611927_July_2026
611929,Maintenance cum workshop depot for Vande Bharat Sleeper Trains as per conditions under WTA 527,,(-) (-),WPO/Patna,2022-09-01,2024-12-01,,166.86,166.86,Newly Added,July_2026,0.0,,100.0,166.86,,,,,,18.0,2026-07-01,0.0,611929_July_2026
611930,Lara Super Thermal Power Project Stage-II [2 x 800 MW],,(-) (-),National Thermal Power Corporation [NTPC],2023-08-01,2028-06-01,,15530.0,15530.0,Newly Added,July_2026,5472.13,,103.71,16106.0,,,,,,58.0,2026-07-01,0.23325048293625242,611930_July_2026
611937,Adraj Moti Vijapur 40 Kms,,Gujarat,Western Railway (WR) - II,2022-05-01,2025-12-01,,417.53,417.53,Completed,December_2025,100.0,,100.0,417.53,,,,,,43.0,2025-12-01,1.20285967475391,611937_December_2025
611938,Vijapur Ambliyasan Gauge Conversion,,Gujarat,Western Railway (WR) - II,2022-05-01,2025-10-01,,415.38,415.38,Completed,October_2025,100.0,,100.0,415.38,,,,,,41.0,2025-10-01,0.8763060330299967,611938_October_2025
611939,Himmatnagar Khedbrahma Gauge Conversion,,Gujarat,Western Railway (WR) - II,2017-04-01,2025-08-01,,482.42,482.42,Completed,October_2025,100.0,,100.0,482.42,,,,,,100.0,2025-10-01,0.9555988557688321,611939_October_2025
611943,New BG line between Naliya - Jakhau Port 24.88 Km,,(-) (-),CAOCWR WR mor,2023-02-01,2028-01-01,,410.26,410.26,Newly Added,July_2026,11.86,,100.0,410.26,,,,,,59.0,2026-07-01,0.02259542729001121,611943_July_2026
611944,Quadrupling between Gandhidham Adipur with Y connection at Adipur for providing direct entry towards Mundra Port and Bhuj and high level platform at Gopalpur 11Kms,,Gujarat,Western Railway [WR] - II,2023-02-01,2026-02-01,,152.44,152.44,Completed,February_2026,100.0,,100.0,152.44,,,,,,36.0,2026-02-01,0.7895565468381003,611944_February_2026
611945,Petlad-Bhadran 22.5 km,,(-) (-),CAOCWR WR mor,2022-05-01,2030-05-01,,307.11,307.11,Newly Added,July_2026,114.73,,100.0,307.12,,,,,,96.0,2026-07-01,0.04447917684217381,611945_July_2026
611947,Transmission System for Evacuation of Power from REZ in Rajasthan 20GW under Phase III- Part E2,,Rajasthan,Power Grid Corporation of India Limited [POWERGRID],2023-11-01,2026-05-01,,428.3,428.3,Completed,May2026,100.0,,100.0,428.3,,,,,,30.0,2026-05-01,0.8200093392481904,611947_May2026
611948,Transmission system for evacuation of power from REZ in Rajasthan 20 GW under Phase-III part H,,Rajasthan,Power Grid Corporation of India Limited [POWERGRID],2023-10-01,2025-04-01,,1910.0,1910.0,Completed,June_2026,100.0,,100.0,1910.0,,,,,,18.0,2026-06-01,1.0,611948_June_2026
611949,Transmission system for evacuation of power from REZ in Rajasthan 20 GW under Phase-III part C1,,(-) (-),Power Grid Corporation of India Limited [POWERGRID],2023-10-01,2025-04-01,,1796.02,1160.0,Newly Added,July_2026,1148.4,,100.0,1160.0,,,,,,18.0,2026-07-01,0.9199953229919489,611949_July_2026
611950,Transmission system for evacuation of power from REZ in Rajasthan 20 GW under Phase-III part B1,,Rajasthan,Power Grid Corporation of India Limited [POWERGRID],2023-09-01,2026-03-01,,2190.54,2190.54,Completed,February_2026,100.0,,97.67,2139.44,,,,,,30.0,2026-02-01,0.9766724186730213,611950_February_2026
611951,Transmission system for evacuation of power from REZ in Rajasthan 20GW under Phase-III Part E1,,Rajasthan,Power Grid Corporation of India Limited [POWERGRID],2023-08-01,2026-04-01,,688.74,688.74,Completed,April2026,100.0,,100.0,688.74,,,,,,32.0,2026-04-01,0.9959926822893981,611951_April2026
611957,"Phase III A works at IIT Indore [03 Hostels, 01 Studio Apartment, 01 Housing, Heavy & Sophisticated lab complex, Academic POD and  Infrastructure for center of excellence]",,(-) (-),"Indian Institute of Technology, Indore",2023-12-01,2027-02-01,,496.28,496.28,Newly Added,July_2026,97.35,,100.0,496.28,,,,,,34.0,2026-07-01,0.11354477311195293,611957_July_2026
611961,Construction of IIT Bhubaneswar -Phase III,,(-) (-),"Indian Institute of Technology, Bhubaneshwar",2024-02-01,,,,454.27,Newly Added,July_2026,102.15,,100.0,454.27,,,,,,,2026-07-01,,611961_July_2026
611963,"Construction & Development of Infrastructural Facilities in the main campus of NIT Uttarakhand at Sumari, Pauri Garhwal",,(-) (-),National Institute of Technology Uttarakhand,2020-06-01,2027-09-01,,650.85,650.85,Newly Added,July_2026,401.56,,100.0,650.85,,,,,,41.0,2026-07-01,0.4733041407390336,611963_July_2026
611966,Transmission System for Evacuation of power from Potential RE Zone in Khavda Area of Gujarat under phase IV 7GW-Part E4,,Maharashtra,Power Grid Corporation of India Limited [POWERGRID],2023-11-01,2026-06-01,,224.41,224.41,Completed,July_2026,100.0,,100.0,224.41,,,,,,31.0,2026-07-01,0.5399937614188316,611966_July_2026
611967,Transmission Scheme for Solar Energy Zone in Ananthpuram 2500MW and Kurnool 1000MW,,Andhra Pradesh,Power Grid Corporation of India Limited [POWERGRID],2023-09-01,2025-09-01,,823.0,823.0,Completed,June_2026,100.0,,97.0,798.31,,,,,,24.0,2026-06-01,0.97,611967_June_2026
611969,Choranda Motikoral 18 Kms,,Gujarat,PCE/WR,2023-08-01,2026-10-01,,246.0,246.0,Ongoing,August_2025,0.0,,0.0,0.0,,,,,,38.0,2025-08-01,0.0,611969_August_2025
611970,Samlaya-Timba Road 53.53 km,,(-) (-),CAOCWR WR mor,2023-02-01,2030-03-01,,670.17,670.17,Newly Added,July_2026,195.1,,100.0,670.17,,,,,,85.0,2026-07-01,0.06746049509825866,611970_July_2026
611971,Samni-Jambusar 24.08 km,,(-) (-),CAOCWR WR mor,2022-05-01,2030-03-01,,350.0,350.0,Newly Added,July_2026,188.23,,99.98,349.93,,,,,,94.0,2026-07-01,0.20182857142857144,611971_July_2026
611972,Jambusar Kavi 26 Kms,,Gujarat,PCE/WR,2023-04-01,2026-12-01,,318.0,318.0,Ongoing,August_2025,0.0,,0.0,0.0,,,,,,44.0,2025-08-01,0.0,611972_August_2025
611973,miyagam karjan Choranda maalsar 37 kms,,Gujarat,PCE/WR,2023-06-01,2026-12-01,,450.0,450.0,Ongoing,August_2025,0.0,,0.0,0.0,,,,,,42.0,2025-08-01,0.0,611973_August_2025
611974,Western Railway- Samakhiali-Gandhidham Quadrupiling 53 km PB34/CR/2023-24,,(-) (-),CAOCWR WR mor,2023-08-01,2026-12-01,,1430.0,1430.0,Newly Added,July_2026,748.46,,100.0,1430.0,,,,,,40.0,2026-07-01,0.22597902097902095,611974_July_2026
611975,Western Railway Vasai bypass double line between Naigaon  Juchandra 6 km,,Maharashtra,PCE/WR,2023-07-01,2026-03-01,,176.0,176.0,Ongoing,August_2025,0.0,,0.0,0.0,,,,,,32.0,2025-08-01,0.0,611975_August_2025
611976,Jogeshwari AT Development of JOS-AT as Trainset Maintenance Depot for energy efficient Vande Bharat Sleeper Trains,,Maharashtra,PCE/WR,2023-06-01,2025-10-01,,221.0,221.0,Ongoing,August_2025,0.0,,0.0,0.0,,,,,,28.0,2025-08-01,0.0,611976_August_2025
611977,Dahod Creation of Infrastructure facilities for 9000 HP Electric locomotives Manufacturing  at,,(-) (-),PCE/WR,2022-05-01,2025-02-01,,487.0,487.0,Newly Added,June_2026,222.88,,100.0,487.0,,,,,,24.0,2026-06-01,0.45765913757700205,611977_June_2026
611978,Dahod Rolling Stock Workshop Provision of Infrastructure for CBS at,,(-) (-),PCE/WR,2022-11-01,2025-03-01,,158.0,158.0,Newly Added,June_2026,51.87,,100.0,158.0,,,,,,24.0,2026-06-01,0.3282911392405063,611978_June_2026
611979,Sabarmati  Setting up of Maintenance Facilities for Train Sets Phase ii,,(-) (-),Western Railway [WR] - II,2023-01-01,2025-06-01,,250.0,250.0,Newly Added,June_2026,185.02,,100.0,250.0,,,,,,26.0,2026-06-01,0.51024,611979_June_2026
611980,Junagarh Visavadar 42 Kms,,Offshore,Railway,2023-02-01,2028-09-01,,492.83,492.83,Ongoing,August_2025,1.0,,0.61,3.0,,,,,,67.0,2025-08-01,0.006087291763894244,611980_August_2025
612063,"Construction of New Terminal Building, Second Link Taxi Track, Apron Expansion, and associated works at Prayagraj Airport- On Design & Build Basis.",,Uttar Pradesh,Airport Authority of India [AAI],2025-10-01,2024-11-01,,219.18,274.38,Completed,December_2025,100.0,,78.54,215.51,,,,,,15.0,2025-12-01,0.9832557715119992,612063_December_2025
612066,Rajasthan Metro Rail Project Phase 1C from Badi Chaupar to Transport Nagar via Galta Gate,,(-) (-),Jaipur Metro Rail Corporation,2025-10-01,,,,980.08,Newly Added,July_2026,103.03,,100.0,980.08,,,,,,,2026-07-01,,612066_July_2026
612068,Jaipur Metro Phase 1D Project from Mansarovar to Ajmer Road Chauraha,,(-) (-),Jaipur Metro Rail Corporation,2026-05-01,,,,204.81,Newly Added,July_2026,23.34,,100.0,204.81,,,,,,,2026-07-01,,612068_July_2026
612072,Barejadi Nandej Geratpur - Sanand - 4th line 38.20 km,,(-) (-),CAOCWR WR mor,2023-02-01,2027-03-01,,961.67,961.67,Newly Added,July_2026,548.14,,100.0,961.67,,,,,,49.0,2026-07-01,0.3761373444112846,612072_July_2026
612096,Construction of Balurghat-Hilli new BG Line,,(-) (-),Northeast Frontier Railway [NFR],2010-12-01,2027-03-01,,1209.0,1209.0,Newly Added,July_2026,518.15,,97.73,1181.57,,,,,,195.0,2026-07-01,0.34626964433416046,612096_July_2026
612128,Hostel blocks & dining hall block,,(-) (-),"Indian Institute of Technology, Mandi",2023-03-01,2026-03-01,,166.66,166.66,Newly Added,July_2026,138.26,,100.0,166.66,,,,,,24.0,2026-07-01,0.6151446057842314,612128_July_2026
612132,Transmission Scheme for Evacuation of power from REZ in Rajasthan [20 GW] under Phase-III Part D Phase I [Sikar Khetri Transmission Ltd],,(-) (-),Power Grid Corporation of India Limited [POWERGRID],2024-02-01,2024-02-01,,2000.0,2000.0,Newly Added,July_2026,2423.0,,100.0,2423.0,,,,,,18.0,2026-07-01,0.6574,612132_July_2026
612133,Transmission System for Evacuation of power from Rajasthan REZ Ph-IV [Part-1] [Bikaner Complex] Part D [Neemrana Bareilly Transmission Ltd],,(-) (-),Power Grid Corporation of India Limited [POWERGRID],,2023-12-01,,,2056.0,Newly Added,July_2026,3271.0,,100.0,2056.0,,,,,,,2026-07-01,,612133_July_2026
612134,Transmission System for Evacuation of power from Rajasthan REZ Ph-IV [Part-1] [Bikaner Complex] Part A [Bikaner Neemrana  Transmission Ltd],,(-) (-),Power Grid Corporation of India Limited [POWERGRID],2023-12-01,2025-12-01,,2998.34,4741.0,Newly Added,July_2026,3887.62,,100.0,4741.0,,,,,,24.0,2026-07-01,0.7499983324106005,612134_July_2026
612135,Hostel 4 -Earlier Known as Hostel 20,,Maharashtra,"Indian Institute of Technology, Bombay",2023-12-01,2025-12-01,,182.33,182.33,Completed,December_2025,100.0,,86.78,158.23,,,,,,24.0,2025-12-01,0.8678220808424284,612135_December_2025
612138,"Transmission Scheme for Solar Energy Zone in Bidar [2500 MW], Karnataka [Bidar Transmission Ltd]",,(-) (-),Power Grid Corporation of India Limited [POWERGRID],,2024-02-01,,,2147.62,Newly Added,July_2026,1368.0,,100.0,2147.62,,,,,,,2026-07-01,,612138_July_2026
612139,Transmission system for Evacuation of Additional 7 GW RE power from Khavda RE park under Phase-III Part B [Vataman Transmission Limited],,(-) (-),Power Grid Corporation of India Limited [POWERGRID],2023-12-01,2025-12-01,,3751.82,4231.0,Newly Added,July_2026,3175.79,,100.0,4231.0,,,,,,24.0,2026-07-01,0.5699980276239266,612139_July_2026
612140,Transmission Scheme for Integration of Renewable Energy Zone [Phase II] in Koppal II [Phase A&B] and gadag II[Phase A] in Karnataka [POWERGRID KOPPAL GADAG TRANSMISSION LIMITED],,(-) (-),Power Grid Corporation of India Limited [POWERGRID],2023-12-01,2025-12-01,,2889.39,4445.0,Newly Added,July_2026,4089.4,,100.0,4445.0,,,,,,24.0,2026-07-01,0.703698704570861,612140_July_2026
612142,"Singrauli Super Thermal Power Project, Stage-III [2x800 MW]",,(-) (-),National Thermal Power Corporation [NTPC],2024-03-01,2030-02-01,,17195.0,17195.0,Newly Added,July_2026,3840.48,,100.0,17195.0,,,,,,71.0,2026-07-01,0.14299680139575457,612142_July_2026
612151,Transmission System for Evacuation of Power from potential Renewable Energy zone in Khavda Area of Gujarat under Phase IV [7 GW] Part E3,,Gujarat,Power Grid Corporation of India Limited [POWERGRID],2023-07-01,2026-04-01,,334.0,334.0,Completed,April2026,100.0,,100.0,334.0,,,,,,33.0,2026-04-01,0.7666766467065868,612151_April2026
612167,"Construction of 350 beds + 50 Super Specialty beds ESIC Hospital Sheelanagar, Visakhapatnam, Andhra Pradesh",,(-) (-),Employee's State Insurance Company [ESIC],2021-02-01,2025-10-01,,384.27,384.27,Newly Added,July_2026,286.38,,100.0,384.27,,,,,,30.0,2026-07-01,0.4355531267077836,612167_July_2026
612178,"Construction of 100 Bedded ESIC Hospital building and 32 Nos Residential Quarters at Vallam Vadangal, SIPCOT, Sriperumbudur",,Tamil Nadu,Employee's State Insurance Company [ESIC],2023-03-01,2026-05-01,,152.95,152.95,Completed,April2026,100.0,,115.73,177.01,,,,,,38.0,2026-04-01,0.7794704151683557,612178_April2026
612183,Development of New Civil Enclave at Bihta,,(-) (-),Airport Authority of India [AAI],2024-08-01,2027-03-01,,1413.0,1413.0,Newly Added,July_2026,15.53,,100.0,1413.0,,,,,,23.0,2026-07-01,0.0,612183_July_2026
612185,C/o Construction of 200 bedded [Up-gradable to 300 bedded] ESI Hospital at Surat Gujarat.,,Gujarat,Employee's State Insurance Company [ESIC],2021-03-01,2025-06-01,,209.36,209.36,Completed,March_2026,100.0,,100.0,209.36,,,,,,51.0,2026-03-01,0.9678066488345434,612185_March_2026
612186,350 Bedded [Upgradable to 500 beds] ESI Hospital at Sanand,,(-) (-),Employee's State Insurance Company [ESIC],2022-06-01,2026-03-01,,558.12,558.12,Newly Added,July_2026,55.81,,100.0,558.12,,,,,,35.0,2026-07-01,0.11398982297713753,612186_July_2026
612188,"Construction of 200 Bedded [Upgradable to 500 Bedded including 50 beds of SST] ESIC Hospital at Bibewadi, Pune",,Maharashtra,Employee's State Insurance Company [ESIC],2023-03-01,2025-09-01,,429.25,429.25,Completed,May2026,100.0,,100.0,429.25,,,,,,30.0,2026-05-01,0.7547582993593478,612188_May2026
612194,Development of New Civil Enclave and associated works at Darbhanga Airport,,(-) (-),Airport Authority of India [AAI],2024-07-01,2026-07-01,,911.66,911.66,Newly Added,July_2026,426.22,,100.0,911.66,,,,,,24.0,2026-07-01,0.3182107364587676,612194_July_2026
612201,"Construction of 200 bedded ESIC Hospital with 62 Nos Staff quarters , Beltola",,Assam,Employee's State Insurance Company [ESIC],2021-10-01,2026-05-01,,143.23,143.23,Completed,May2026,100.0,,108.04,154.75,,,,,,55.0,2026-05-01,0.9081896250785452,612201_May2026
612203,Academic Block 1 & 2,,Maharashtra,"Indian Institute of Technology, Bombay",2023-05-01,2026-07-01,,68.0,263.93,Newly Added,October_2025,20.0,,10.38,27.4,,,,,,38.0,2025-10-01,0.4029411764705882,612203_October_2025
612211,"Demolition, Construction and upgradation of ESI Hospital, Kalol, Gujarat from 50 beds to 150 beds.",,(-) (-),Employee's State Insurance Company [ESIC],2022-08-01,2025-10-01,,205.87,205.87,Newly Added,July_2026,51.74,,100.0,205.87,,,,,,24.0,2026-07-01,0.11686986933501724,612211_July_2026
612213,"Construction of 200 Bedded ESIC Hospital at Butibori, Nagpur, Maharashtra.",,(-) (-),Employee's State Insurance Company [ESIC],2013-10-01,2025-08-01,,194.93,194.93,Newly Added,July_2026,116.22,,100.91,196.7,,,,,,36.0,2026-07-01,0.586826040116965,612213_July_2026
612239,Construction of 100 bedded ESIC Hospital & 32 nos. of Staff qtrs at OMPURA J&K.,,Jammu and Kashmir,Employee's State Insurance Company [ESIC],2021-12-01,2025-12-01,,131.05,131.05,Completed,December_2025,100.0,,125.85,164.93,,,,,,48.0,2025-12-01,0.0686760778328882,612239_December_2025
612259,CONSTRUCTION OF 300 BEDDED HOSPITAL AT HARIDWAR,,(-) (-),Employee's State Insurance Company [ESIC],2021-02-01,2024-10-01,,102.4,102.4,Newly Added,July_2026,340.3,,290.65,297.63,,,,,,34.0,2026-07-01,3.14990234375,612259_July_2026
612513,"Construction of 100 Bedded ESI Hospital at Duburi, Odisha.",,(-) (-),Employee's State Insurance Company [ESIC],2010-12-01,2027-06-01,,164.6,164.6,Newly Added,July_2026,16.44,,100.0,164.6,,,,,,28.0,2026-07-01,0.09963547995139732,612513_July_2026
612688,"Construction of New OPD Block 200 Bed ward Basement + GF + 6 Floors at the location of old OPD block, at existing ESIC Hospital/ Medical college campus, Sanathnagar, Hyderabad",,Telangana,Employee's State Insurance Company [ESIC],2021-10-01,2025-06-01,,211.13,211.13,Completed,November_2025,100.0,,94.23,198.95,,,,,,44.0,2025-11-01,0.9423104248567233,612688_November_2025
612745,"Construction of 200 bed ESI Hospital at Bommasandra, Karnataka",,(-) (-),Employee's State Insurance Company [ESIC],2015-02-01,2027-01-01,,278.0,278.0,Newly Added,July_2026,80.52,,100.0,278.0,,,,,,27.0,2026-07-01,0.822338129496403,612745_July_2026
612748,"Construction of 100 bed ESI Hospital and Staff Quarters [32 Nos.] at Harohalli, Karnataka",,(-) (-),Employee's State Insurance Company [ESIC],2019-07-01,2027-02-01,,150.92,150.92,Newly Added,July_2026,31.05,,100.0,150.92,,,,,,23.0,2026-07-01,0.044791942751126426,612748_July_2026
612781,Rebuilding of COB 4 at Durgapur Steel Plant,,(-) (-),Steel Authority of India Limited [SAIL],2023-09-01,2026-12-01,,916.78,916.78,Newly Added,July_2026,244.78,,100.0,916.78,,,,,,39.0,2026-07-01,0.1843626606165056,612781_July_2026
612786,"Construction of New Domestic Terminal Building Building and miscellaneous works including maintenance, operations and AICMC at Kadapa Airport",,(-) (-),Airport Authority of India [AAI],2023-03-01,2026-01-01,,265.91,265.91,Newly Added,July_2026,176.38,,100.0,265.91,,,,,,24.0,2026-07-01,0.3653115715843706,612786_July_2026
612787,Construction of New Domestic Terminal Building and Miscellaneous works at Hubli Airport,,(-) (-),Airport Authority of India [AAI],2023-06-01,2026-01-01,,320.47,320.47,Newly Added,July_2026,169.11,,100.0,320.47,,,,,,24.0,2026-07-01,0.3496739164352357,612787_July_2026
612788,Construction of New Domestic Terminal Building and Miscellaneous Works at Belagavi Airport.,,(-) (-),Airport Authority of India [AAI],2023-06-01,2026-02-01,,322.45,322.45,Newly Added,July_2026,240.99,,100.0,322.45,,,,,,24.0,2026-07-01,0.5287331369204529,612788_July_2026
612789,"Development of additional RESA on either end on Runway 10-28  at Calicut Airport. Construction of embankment with slope protection, drainage system and associated works for additional RESA on either end on Runway 10-28",,(-) (-),Airport Authority of India [AAI],2023-06-01,2025-09-01,,484.57,484.57,Newly Added,July_2026,242.51,,100.0,484.57,,,,,,19.0,2026-07-01,0.2658233072621087,612789_July_2026
612790,Power System Upgradation Project,,(-) (-),Mangalore Refinery and Petrochemicals Limited,2023-10-01,2025-11-01,,385.0,385.0,Newly Added,July_2026,271.36,,100.0,385.0,,,,,,25.0,2026-07-01,0.4800779220779221,612790_July_2026
612791,"Re-Construction of Rigid portions of Secondary Runway, K and  A Taxiway and Strengthening of C Taxiway at NSCBI Airport Kolkata.",,(-) (-),Airport Authority of India [AAI],2023-03-01,2025-10-01,,328.3,328.3,Newly Added,July_2026,153.52,,100.0,328.3,,,,,,22.0,2026-07-01,0.3394151690526957,612791_July_2026
612793,"Widening of basic strip at Western Side of Runway Chainage 80m to 920m i/c slope stabilization Measures [Balance work] of uphill and Improvement of Storm Water Drainage System at Pakyong Airport, Sikkim on design & build basis [EPC] with integrated 10 years maintenance.",,Sikkim,Airport Authority of India [AAI],2023-12-01,2026-06-01,,323.26,323.26,Newly Added,July_2026,36.14,,27.1,87.61,,,,,,30.0,2026-07-01,0.271020231392687,612793_July_2026
612815,Nipania-Bhatapra 14.4 km 4th line PB72/NR/2022-23,,(-) (-),CAOC/SECR SECR mor,2022-12-01,2027-03-01,,170.49,170.49,Newly Added,July_2026,12.12,,100.0,170.49,,,,,,34.0,2026-07-01,0.05337556454924042,612815_July_2026
612816,ITAPARA OCP,,(-) (-),Eastern Coal Fields Limited [ECL],2023-12-01,2030-03-01,,929.1,929.1,Newly Added,July_2026,132.43,,100.0,929.1,,,,,,75.0,2026-07-01,0.0753955440749112,612816_July_2026
612819,300 MW SPP part of 510 MW CPSU scheme,,Rajasthan,NLC India Limited [NLCIL],2023-03-01,2026-01-01,,1813.0,1813.0,Completed,May2026,100.0,,100.0,1813.0,,,,,,34.0,2026-05-01,0.9664423607280751,612819_May2026
612827,Flyover between Pendurthi-Simhachalam North to avoid surface crossing at Simhachalam 7.135 km PB73/2023-24/NR,,(-) (-),CAO/C/SCoR SCoR mor,2023-04-01,2027-04-01,,183.65,183.65,Newly Added,July_2026,25.44,,100.0,183.65,,,,,,35.0,2026-07-01,0.07046011434794446,612827_July_2026
612834,3rd & 4th line between Sarla - Sason 8 km PB73/2023-24/NR,,(-) (-),CAO/C/ECOR ECoR mor,2023-04-01,2025-12-01,,252.0,252.0,Newly Added,July_2026,169.6,,100.0,252.0,,,,,,32.0,2026-07-01,0.4193650793650794,612834_July_2026
612838,DIPKA OC,,Gujarat,SECL - CIL,2017-01-01,2025-03-01,,7580.0,7580.0,Newly Added,September_2025,65.0,,40.78,3091.0,,,,,,98.0,2025-09-01,0.4077836411609499,612838_September_2025
612845,Pachora-Jamner with extension upto Malkapur-Narrow gauge to broad gauge 84 km,,(-) (-),CAOC/CR CR mor,2022-08-01,2028-07-01,,955.39,955.39,Newly Added,July_2026,294.53,,219.16,2093.82,,,,,,30.0,2026-07-01,0.03140078920650206,612845_July_2026
612851,"Phase 1B - Construction of Academic Block, Hostel, Residential Tower, Directors Residence and External Development works at National Institute of Technology, Delhi Campus on Engineering, Procurement and Construction basis",,(-) (-),National Institute of Technology Delhi,2009-09-01,2025-09-01,,333.49,333.49,Newly Added,July_2026,336.42,,100.88,336.42,,,,,,34.0,2026-07-01,0.9120213499655161,612851_July_2026
612853,Gurdaspur Jammu Pipeline,,(-) (-),Gas Authority of India Limited [GAIL],2023-07-01,2023-07-01,,,521.9,Newly Added,July_2026,326.4,,100.0,521.9,,,,,,,2026-07-01,,612853_July_2026
612855,Transmission System for Evacuation of Power from Potential Energy Renewable Zone in Khavda Area of Gujarat under Ph-IV [7GW] Part E2,,(-) (-),Power Grid Corporation of India Limited [POWERGRID],2024-05-01,2026-05-01,,679.0,697.0,Newly Added,July_2026,592.45,,100.0,697.0,,,,,,24.0,2026-07-01,0.35248895434462446,612855_July_2026
612856,Augmentation of 1x1500 MVA 3rd  765/400 kV transformation capacity at Kurnool New Substation,,Andhra Pradesh,Power Grid Corporation of India Limited [POWERGRID],2023-12-01,2026-03-01,,163.61,163.61,Completed,March_2026,100.0,,100.0,163.61,,,,,,27.0,2026-03-01,0.8195098099138195,612856_March_2026
612876,"Construction of Permanent Campus for NIT Mizoram at Lengpui, Aizawl",,Mizoram,NIT Mizoram,2014-06-01,2029-12-01,,474.23,474.23,Newly Added,July_2026,4.0,,35.33,167.55,,,,,,186.0,2026-07-01,0.3533095755224258,612876_July_2026
612877,Establishment of NIT Puducherry Permanent Campus [Phase-I and Phase-II],,(-) (-),"National Institute of Technology, Puducherry",2009-09-01,2024-12-01,,618.34,618.34,Newly Added,July_2026,543.74,,88.03,544.34,,,,,,137.0,2026-07-01,0.8585567810589643,612877_July_2026
612878,Bangalore Metro Rail Project - PHASE-3,,(-) (-),Bengaluru Metro Rail,2024-09-01,,,,15611.0,Newly Added,July_2026,0.0,,100.0,15611.0,,,,,,,2026-07-01,,612878_July_2026
612883,Establishment of Permanent Campus of NIT SIkkim at Khamdong-Gangtok District,,Sikkim,NIT Sikkim,2024-03-01,2028-02-01,,685.76,610.76,Newly Added,July_2026,38.0,,46.43,283.56,,,,,,47.0,2026-07-01,0.413497433504433,612883_July_2026
612885,Construction and Developement of National Institute of Technology Meghalaya Permanent Campus at Sohra,,Meghalaya,"National Institute of Technology, Meghalaya",2014-09-01,2022-03-01,,494.52,429.7,Newly Added,July_2026,97.5,,87.93,377.82,,,,,,90.0,2026-07-01,0.7640135889347246,612885_July_2026
612894,"Construction of Permanent Campus of Central University of Himachal Pradesh at Dehra, District - Kangra, [H.P.] on Engineering. Procurement and Construction [EPC Mode 1] Basis.",,(-) (-),"Central University, Himachal Pradesh",2021-03-01,2024-11-01,,251.98,251.98,Newly Added,July_2026,223.6,,119.24,300.45,,,,,,27.0,2026-07-01,0.886419557107707,612894_July_2026
612898,Construction of Permanent Campus of National Institute of Technology Arunachal Pradesh,,Arunachal Pradesh,"National Institute of Technology, Arunachal Pradesh",2013-03-01,2026-08-01,,592.61,592.61,Newly Added,July_2026,80.0,,93.03,551.3,,,,,,161.0,2026-07-01,0.9302914226894584,612898_July_2026
612916,"Construction of permanent campus of Central University of Gujarat at Village kundhela, Dist. Vadodara, Gujarat.",,(-) (-),Central University of Gujarat,2020-12-01,2025-03-01,,490.63,490.63,Newly Added,July_2026,342.26,,100.0,490.63,,,,,,49.0,2026-07-01,0.6516927216028372,612916_July_2026
612998,Bathinda Sangrur Pipeline,,Punjab,Ministry of Petroleum and Natural Gas,2021-11-01,2015-10-01,,367.0,367.0,Completed,October_2025,100.0,,108.17,397.0,,,,,,-73.0,2025-10-01,0.9455040871934605,612998_October_2025
613002,Redevelopment of Chennai Egmore Station,,(-) (-),Ministry of Railways,2022-05-01,2026-03-01,,842.0,842.0,Newly Added,July_2026,340.0,,100.0,842.0,,,,,,41.0,2026-07-01,0.40380047505938244,613002_July_2026
613003,Dharamjaigarh-Korba 63 km,,Chhattisgarh,CERL,2022-07-01,2026-08-01,,1686.26,1686.26,Newly Added,December_2025,18.5,,17.13,288.83,,,,,,49.0,2025-12-01,0.17128438081909075,613003_December_2025
613008,Construction of Permanent Campus of Central Tribal University of Andhra Pradesh Phase-1,,(-) (-),Central Tribal University of Andhra Pradesh,2019-09-01,2027-06-01,,305.0,305.0,Newly Added,July_2026,67.73,,100.0,305.0,,,,,,42.0,2026-07-01,0.20380327868852458,613008_July_2026
613013,Establishment of NIT Nagaland,,Nagaland,NIT Nagaland,2014-12-01,2025-12-01,,275.63,275.63,Newly Added,July_2026,98.0,,95.51,263.25,,,,,,132.0,2026-07-01,0.9550847150165076,613013_July_2026
613015,Redevelopment of Chhatrapati Shivaji Maharaj Terminus [CSMT] and construction of associated infrastructure,,(-) (-),Rail Land Development Authority,2023-04-01,2027-03-01,,1813.0,1813.0,Newly Added,July_2026,873.99,,100.0,1813.0,,,,,,44.0,2026-07-01,0.3820518477661335,613015_July_2026
613785,Redevelopment of New Delhi Railway Station and construction of associated infrastructure,,(-) (-),Rail Land Development Authority,2023-01-01,2028-12-01,,4744.0,4744.0,Newly Added,June_2026,355.8,,100.0,4744.0,,,,,,54.0,2026-06-01,0.03574620573355818,613785_June_2026
613786,"Redevelopment of Ahmedabad railway station and associated infrastructure on engineering, procurement and construction mode",,(-) (-),Rail Land Development Authority,2023-01-01,2028-03-01,,2379.0,2379.0,Newly Added,June_2026,984.21,,100.0,2379.0,,,,,,52.0,2026-06-01,0.34494325346784366,613786_June_2026
613787,Jamrani Dam Multipurpose Project,,(-) (-),Irrigation-UK,2023-10-01,2029-06-01,,2584.1,2584.1,Newly Added,July_2026,1307.15,,100.0,2584.1,,,,,,67.0,2026-07-01,0.3835339189659843,613787_July_2026
613788,AGTHORI KAMAKHYA SECTION WITH CONSTRUCTION OF NEW RAIL CUM- ROAD BRIDGE AT SARAIGHAT - 7.062KM,,Assam,Northeast Frontier Railway [NFR],2029-12-01,,,1473.77,0.0,Ongoing,July_2025,462.0,,0.0,0.0,,,,,,,2025-07-01,0.0,613788_July_2025
613793,SHYAMSUNDARPUR UG INCLUDING SA,,(-) (-),ECL - CIL,2020-04-01,2026-03-01,,483.65,483.65,Newly Added,July_2026,96.8,,100.0,483.65,,,,,,71.0,2026-07-01,0.13162410834280988,613793_July_2026
613794,PARASEA-BELBAID UG PROJECT,,(-) (-),ECL - CIL,2023-01-01,2028-03-01,,389.1,389.1,Newly Added,July_2026,132.48,,100.0,389.1,,,,,,62.0,2026-07-01,0.34047802621434076,613794_July_2026
613795,JAMPALI OC RCE [2.0 MTY],,Chhattisgarh,South Eastern Coalfields Limited [SECL],2020-05-01,2024-08-01,,278.64,278.64,Completed,November_2025,100.0,,75.39,210.07,,,,,,51.0,2025-11-01,0.7539118575940281,613795_November_2025
613798,AMERA OC RCE [1.0 MTY],,(-) (-),SECL - CIL,2015-02-01,2026-03-01,,335.97,335.97,Newly Added,July_2026,91.91,,100.0,335.97,,,,,,133.0,2026-07-01,0.26808941274518555,613798_July_2026
613799,AMGAON OC RCE [1.0 MTY],,(-) (-),SECL - CIL,2015-07-01,2026-03-01,,316.11,316.11,Newly Added,July_2026,193.0,,100.0,316.11,,,,,,128.0,2026-07-01,0.5970073708519186,613799_July_2026
613800,JAGANNATHPUR OC RCE PROJECT,,(-) (-),SECL - CIL,2016-07-01,2025-03-01,,459.49,459.49,Newly Added,July_2026,290.4,,100.0,459.49,,,,,,104.0,2026-07-01,0.597075017954689,613800_July_2026
613801,MAHAMAYA OCP [1.50 MTY],,(-) (-),SECL - CIL,2018-05-01,2026-03-01,,410.26,410.26,Newly Added,July_2026,188.72,,100.0,410.26,,,,,,94.0,2026-07-01,0.4484717008726174,613801_July_2026
613802,KANCHAN OC EXP,,(-) (-),SECL - CIL,2014-12-01,2026-03-01,,371.04,371.04,Newly Added,July_2026,157.9,,100.0,371.04,,,,,,135.0,2026-07-01,0.3897423458387236,613802_July_2026
613803,JHIRIA WEST OCP [1.5 MTY],,(-) (-),SECL - CIL,2024-01-01,2029-03-01,,366.94,366.94,Newly Added,July_2026,37.19,,100.0,366.94,,,,,,62.0,2026-07-01,0.09298522919278356,613803_July_2026
613804,RPR TAWA-III UG 0.84 MTY,,(-) (-),WCL - CIL,2021-12-01,2027-03-01,,314.09,314.09,Newly Added,July_2026,17.9,,100.0,314.09,,,,,,63.0,2026-07-01,0.019389347002451526,613804_July_2026
613808,MURAIDIH UG PROJECT,,(-) (-),BCCL - CIL,2011-02-01,2014-04-01,,339.87,339.87,Newly Added,July_2026,191.14,,100.0,339.87,,,,,,38.0,2026-07-01,0.5619795804278106,613808_July_2026
615183,KHADIA EXPANSION [10 TO 16 MTP,,(-) (-),NCL - CIL,,2021-06-01,,,491.67,Newly Added,July_2026,491.67,,100.0,491.67,,,,,,,2026-07-01,,615183_July_2026
615184,SAONER UG MINE -1 EXPANSION 1.,,(-) (-),WCL - CIL,2022-01-01,2028-03-01,,228.64,228.64,Newly Added,July_2026,157.01,,100.0,228.64,,,,,,74.0,2026-07-01,0.6389083275017495,615184_July_2026
615185,AMALGAMATED DHANKASA & JAMUNIA,,(-) (-),WCL - CIL,2022-09-01,2027-03-01,,399.2,399.2,Newly Added,July_2026,117.2,,100.0,399.2,,,,,,54.0,2026-07-01,0.2469188376753507,615185_July_2026
615186,SASTI  EXPANSION OPENCAST,,(-) (-),WCL - CIL,2020-08-01,2026-03-01,,319.04,319.04,Newly Added,July_2026,155.37,,100.0,319.04,,,,,,67.0,2026-07-01,0.3079551153460381,615186_July_2026
615187,RPR OF VISHNUPURI UG TO OC,,(-) (-),WCL - CIL,2022-11-01,2029-03-01,,220.62,220.62,Newly Added,July_2026,0.0,,100.0,220.62,,,,,,76.0,2026-07-01,0.0,615187_July_2026
615188,NEW MAJRI UG TO OC 3 MTY COST,,(-) (-),WCL - CIL,2019-05-01,2027-03-01,,402.27,402.27,Newly Added,July_2026,67.81,,100.0,402.27,,,,,,54.0,2026-07-01,0.1568598205185572,615188_July_2026
615189,MAKARDHOKRA EXPN OC 4.9 MTY,,(-) (-),WCL - CIL,2022-06-01,2026-03-01,,361.87,361.87,Newly Added,July_2026,104.17,,100.0,361.87,,,,,,45.0,2026-07-01,0.23696355044629286,615189_July_2026
615190,SINGHORI DEEP OC MIN 2.0 MTY,,(-) (-),WCL - CIL,2022-05-01,2029-03-01,,335.75,335.75,Newly Added,July_2026,53.94,,100.0,335.75,,,,,,82.0,2026-07-01,0.11639612807148175,615190_July_2026
615191,KATKONA RO UG MINE,,(-) (-),SECL - CIL,2023-01-01,2029-03-01,,329.21,329.21,Newly Added,July_2026,62.01,,100.0,329.21,,,,,,74.0,2026-07-01,0.1863248382491419,615191_July_2026
615192,GOKUL EXTENSION OC MINE,,(-) (-),WCL - CIL,2021-04-01,2026-03-01,,309.58,309.58,Newly Added,July_2026,62.31,,100.0,309.58,,,,,,59.0,2026-07-01,0.15608243426577945,615192_July_2026
615193,BASUNDHARA WEST EXTENSION OPEN,,(N06000112) (7760),MCL - CIL,2014-05-01,2019-03-01,,479.15,479.15,Newly Added,April2026,281.57,,100.0,479.15,,,,,,58.0,2026-04-01,0.5741417092768445,615193_April2026
615194,URDHAN EXPANSION OC COST PLUS,,(-) (-),WCL - CIL,2022-07-01,2031-03-01,,206.88,206.88,Newly Added,July_2026,50.69,,100.0,206.88,,,,,,98.0,2026-07-01,0.13142884764114462,615194_July_2026
615195,SHARDA UG MINE,,(-) (-),WCL - CIL,2022-07-01,2028-03-01,,166.25,166.25,Newly Added,July_2026,5.93,,100.0,166.25,,,,,,54.0,2026-07-01,0.030857142857142857,615195_July_2026
615199,KOLGAON EXPANSION DEEP OC MINE,,(-) (-),WCL - CIL,2023-01-01,2027-03-01,,198.71,198.71,Newly Added,July_2026,25.08,,100.0,198.71,,,,,,42.0,2026-07-01,0.09143978662372301,615199_July_2026
615202,Capacity expansion of Deposit-14 and 14 NMZ at Kirandul,,(-) (-),National Mineral Development Corporation Limited [NMDC],2021-08-01,2028-12-01,,1700.0,1700.0,Newly Added,July_2026,292.01,,103.31,1756.2,,,,,,77.0,2026-07-01,0.1000764705882353,615202_July_2026
615206,GANDHIGRAM UG MINE,,(-) (-),WCL - CIL,2019-08-01,2026-03-01,,414.15,414.15,Newly Added,July_2026,28.54,,100.0,414.15,,,,,,79.0,2026-07-01,0.04358324278643004,615206_July_2026
615327,50 MW Solar PP Minedout Area,,Tamil Nadu,NLC India Limited [NLCIL],2024-02-01,2026-01-01,,218.03,218.03,Completed,May2026,100.0,,100.0,218.03,,,,,,23.0,2026-05-01,0.7638857038022291,615327_May2026
615330,BALLARPUR NORTH WEST OC MINE,,(-) (-),WCL - CIL,2022-12-01,2029-03-01,,360.81,360.81,Newly Added,July_2026,26.97,,100.0,360.81,,,,,,75.0,2026-07-01,5.5430836174163685e-05,615330_July_2026
615331,GADEGAON OC 3 MTY,,(-) (-),WCL - CIL,2023-10-01,2030-03-01,,497.41,497.41,Newly Added,July_2026,95.69,,100.0,497.41,,,,,,77.0,2026-07-01,0.00016083311553848938,615331_July_2026
615332,Transmission System for Evacuation of Power from Rajasthan REZ Ph-IV [Part-2 5.5 GW][Jaisalmer/Barmer Complex] Part B [SPV Name  POWERGRID Sirohi Transmission Limited],,(-) (-),Power Grid Corporation of India Limited [POWERGRID],2024-08-01,2026-08-01,,3279.0,3279.0,Newly Added,July_2026,1901.82,,100.0,3279.0,,,,,,24.0,2026-07-01,0.42489783470570297,615332_July_2026
615333,Transmission System for Evacuation of Power from Rajasthan REZ Ph-IV [Part-2 5.5 GW] [Jaisalmer/Barmer Complex] Part D [SPV Name POWERGRID Beawar Mandsaur Transmission Limited],,(-) (-),Power Grid Corporation of India Limited [POWERGRID],,2024-08-01,,,2227.0,Newly Added,July_2026,2227.0,,100.0,2227.0,,,,,,,2026-07-01,,615333_July_2026
615334,Transmission System for Evacuation of Power from Rajasthan REZ Ph-IV [Part-2 5.5 GW] [Jaisalmer/Barmer Complex] Part E [SPV Name POWERGRID Mewar Transmission Limited],,(-) (-),Power Grid Corporation of India Limited [POWERGRID],,2024-08-01,,,3251.0,Newly Added,July_2026,3251.0,,100.0,3251.0,,,,,,,2026-07-01,,615334_July_2026
615335,Transmission System Strengthening for Interconnections of  Bhadla-III & Bikaner III Complex [SPV Name POWERGRID BHADLA BIKANER TRANSMISSION LIMITED],,(-) (-),Power Grid Corporation of India Limited [POWERGRID],2024-08-01,2026-08-01,,1382.0,1382.0,Newly Added,July_2026,628.81,,100.0,1382.0,,,,,,24.0,2026-07-01,0.24089725036179452,615335_July_2026
615336,Transmission system for evacuation of Power from REZ in Rajasthan [20 GW] under phase-III Part-D Phase-II,,(-) (-),Power Grid Corporation of India Limited [POWERGRID],2023-11-01,,,,284.0,Newly Added,July_2026,90.88,,100.0,284.0,,,,,,,2026-07-01,,615336_July_2026
615337,Additional Transmission System for evacuation of Power from Bhadla-III PS as part of Rajasthan REZ Phase III Scheme [20 GW] [SPV Name POWERGRID Bhadla-III Power Transmission Limited],,(-) (-),Power Grid Corporation of India Limited [POWERGRID],2024-08-01,2026-02-01,,369.0,369.0,Newly Added,July_2026,258.3,,100.0,369.0,,,,,,18.0,2026-07-01,0.37018970189701894,615337_July_2026
615338,TRANSMISSION SYSTEM FOR EVACUATION OF POWER FROM RAJASTHAN REZ PH -IV [PART-2 5.5 GW] [JAISALMER/BARMER COMPLEX] PART F [SPV Name POWERGRID BARMER I TRANSMISSION LIMITED],,(-) (-),Power Grid Corporation of India Limited [POWERGRID],2024-11-01,2026-11-01,,2735.0,2735.0,Newly Added,July_2026,1121.35,,100.0,2735.0,,,,,,24.0,2026-07-01,0.2936965265082267,615338_July_2026
615339,Transmission system for evacuation of power from Rajasthan REZ Ph-IV [Part- 3/6GW] [Bikaner complex] Part A [SPV Name POWERGRID Bikaner IV Transmission Limited],,(-) (-),Power Grid Corporation of India Limited [POWERGRID],,2024-11-01,,,5969.0,Newly Added,July_2026,5969.0,,100.0,5969.0,,,,,,,2026-07-01,,615339_July_2026
615340,TRANSMISSION SYSTEM FOR EVACUATION OF POWER FROM RAJASTHAN REZ PH-IV [PART-3/ 6 GW] [BIKANER COMPLEX] PART B [SPV Name POWERGRID Siwani Transmission Limited],,(-) (-),Power Grid Corporation of India Limited [POWERGRID],,2024-11-01,,,5357.0,Newly Added,July_2026,5357.0,,100.0,5357.0,,,,,,,2026-07-01,,615340_July_2026
615342,Augmentation of Transformation Capacity at jam Khambhaliya PS [GIS] [SPV Name POWERGRID Jam Khambhaliya Transmission Limited],,(-) (-),Power Grid Corporation of India Limited [POWERGRID],2024-10-01,2026-07-01,,329.0,329.0,Newly Added,July_2026,72.38,,100.0,329.0,,,,,,21.0,2026-07-01,0.044984802431610946,615342_July_2026
615343,Provision of Dynamic Reactive Compensation at Khavda pooling Station 1 [KPS1] and Khavda Pooling station 3 [KPS3],,(-) (-),Power Grid Corporation of India Limited [POWERGRID],2024-11-01,2026-11-01,,501.0,501.0,Newly Added,July_2026,26.45,,100.0,501.0,,,,,,24.0,2026-07-01,0.016187624750499,615343_July_2026
615344,Transmission System for Evacuation of Power from Rajasthan REZ Ph-IV [Part-2 5.5GW] [Jaisalmer/Barmer Complex] Part H1 [POWERGRID KURAWAR TRANSMISSION LIMITED],,(-) (-),Power Grid Corporation of India Limited [POWERGRID],2024-10-01,2026-10-01,,3674.0,3674.0,Newly Added,July_2026,1673.14,,100.0,3674.0,,,,,,24.0,2026-07-01,0.34119760479041916,615344_July_2026
615345,Transmission System for Evacuation of Power from Potential Renewable Energy Zone in Khavda area of Gujarat under Phase-IV [7GW] Part B [SPV Name POWERGRID South Olpad Transmission Limited],,(-) (-),Power Grid Corporation of India Limited [POWERGRID],2024-10-01,2026-10-01,,4766.0,4766.0,Newly Added,July_2026,2144.7,,100.0,4766.0,,,,,,24.0,2026-07-01,0.23539865715484684,615345_July_2026
615346,Transmission System for Evacuation of Power from Rajasthan REZ Ph-IV [Part-2 5.5 GW] [Jaisalmer/Barmer Complex] Part C [SPV Name POWERGRID Mandsaur Transmission Limited],,(-) (-),Power Grid Corporation of India Limited [POWERGRID],2024-08-01,2026-08-01,,2708.0,2708.0,Newly Added,July_2026,1624.8,,100.0,2708.0,,,,,,24.0,2026-07-01,0.42,615346_July_2026
615347,TRANSMISSION SYSTEM FOR EVACUATION OF POWER FROM POTENTIAL RENEWABLE ENERGY ZONE IN KHAVDA AREA OF GUJARAT UNDER PHASE-V [8 GW] PART A   [SPV Name POWERGRID West Central Transmission Limited],,(-) (-),Power Grid Corporation of India Limited [POWERGRID],,2024-11-01,,,24819.0,Newly Added,July_2026,24819.0,,100.0,24819.0,,,,,,,2026-07-01,,615347_July_2026
615349,TAPIN SOUTH EXPN,,(-) (-),CCL - CIL,2020-11-01,2028-03-01,,230.41,230.41,Newly Added,July_2026,22.02,,100.0,230.41,,,,,,88.0,2026-07-01,0.09556876871663557,615349_July_2026
615818,Jawahar Khani Open Cast Mine,,(-) (-),Singareni Collieries Company Limited [SCCL],2021-12-01,2025-03-01,,297.88,297.88,Newly Added,July_2026,50.39,,100.0,297.88,,,,,,39.0,2026-07-01,0.15798308043507453,615818_July_2026
615820,TIKAK EXTENSION OCP,,Assam,INVALID CO.,2022-07-01,2031-07-01,,159.77,159.77,Newly Added,July_2026,89.73,,70.53,112.69,,,,,,108.0,2026-07-01,0.7053264067096451,615820_July_2026
615821,TIRAP OCP,,Assam,INVALID CO.,2022-11-01,2030-11-01,,289.46,289.46,Newly Added,July_2026,5.0,,36.5,105.66,,,,,,96.0,2026-07-01,0.3650245284322532,615821_July_2026
615822,SIRKA OC,,(-) (-),CCL - CIL,2020-05-01,2028-03-01,,222.82,183.18,Newly Added,July_2026,89.92,,100.0,183.18,,,,,,94.0,2026-07-01,0.6309128444484338,615822_July_2026
615843,TETARIAKHAR OC,,(-) (-),CCL - CIL,2019-11-01,2025-03-01,,243.52,232.64,Newly Added,July_2026,50.82,,100.0,232.64,,,,,,64.0,2026-07-01,0.20343298291721418,615843_July_2026
615857,Naini Coal Mine,,(-) (-),Singareni Collieries Company Limited [SCCL],2020-03-01,2026-03-01,,494.3,494.3,Newly Added,July_2026,491.33,,100.0,494.3,,,,,,72.0,2026-07-01,0.9939915031357475,615857_July_2026
615858,Kalyanikhani Opencast Project,,(-) (-),Singareni Collieries Company Limited [SCCL],2016-03-01,2026-03-01,,384.32,384.32,Newly Added,July_2026,304.39,,100.0,384.32,,,,,,106.0,2026-07-01,0.742089925062448,615858_July_2026
615859,Kakathiya Khani Opencast - III Project Phase - I,,Telangana,Singareni Collieries Company Limited [SCCL],2017-05-01,2026-03-01,,413.84,413.84,Newly Added,November_2025,79.0,,96.06,397.55,,,,,,106.0,2025-11-01,0.9606369611444037,615859_November_2025
615860,Godavarikhani Coal Mine - 5,,(-) (-),Singareni Collieries Company Limited [SCCL],2019-07-01,2025-03-01,,607.04,607.04,Newly Added,July_2026,201.0,,100.0,607.04,,,,,,70.0,2026-07-01,0.3249868212967844,615860_July_2026
615861,Indaram Opencast Project,,(-) (-),Singareni Collieries Company Limited [SCCL],2017-08-01,2025-03-01,,424.81,424.81,Newly Added,July_2026,408.69,,100.0,424.81,,,,,,27.0,2026-07-01,0.9537675666768674,615861_July_2026
615862,Goleti Opencast Mine,,(-) (-),Singareni Collieries Company Limited [SCCL],2021-07-01,2026-03-01,,345.6,345.6,Newly Added,July_2026,111.94,,100.0,345.6,,,,,,55.0,2026-07-01,0.28671874999999997,615862_July_2026
615863,Venkatesh Khani Coal Mine,,(-) (-),Singareni Collieries Company Limited [SCCL],2020-10-01,2026-03-01,,484.5,484.5,Newly Added,July_2026,477.14,,100.0,484.5,,,,,,69.0,2026-07-01,0.9848090815273478,615863_July_2026
615864,Ramagundam OC-II Extension Project,,Telangana,Singareni Collieries Company Limited [SCCL],2015-06-01,2026-03-01,,489.62,489.62,Newly Added,November_2025,77.0,,82.83,405.54,,,,,,129.0,2025-11-01,0.8282749887667987,615864_November_2025
615865,Kakatiyakhani OC - 2 Project,,(-) (-),Singareni Collieries Company Limited [SCCL],2017-08-01,2025-03-01,,442.42,442.42,Newly Added,July_2026,253.41,,100.0,442.42,,,,,,90.0,2026-07-01,0.523507074725374,615865_July_2026
615914,GHONSA EXPANSION DEEP OC MINE,,(-) (-),WCL - CIL,2021-03-01,2029-03-01,,184.71,184.71,Newly Added,July_2026,15.72,,100.0,184.71,,,,,,96.0,2026-07-01,0.08055871365924963,615914_July_2026
615915,Rourkela-Bondamunda A-Cabin 5th line 10 km Umbrella work PB57/2019-20/NR,,(-) (-),CAO/C/SER SER mor,2022-09-01,2026-03-01,,244.99,244.99,Newly Added,July_2026,155.23,,100.0,244.99,,,,,,27.0,2026-07-01,0.1387811747418262,615915_July_2026
615916,AMLG GAURI PAUNI EXPANSION OC,,(-) (-),WCL - CIL,2024-04-01,2030-03-01,,1225.21,1225.21,Newly Added,July_2026,92.02,,100.0,1225.21,,,,,,71.0,2026-07-01,0.06615192497612654,615916_July_2026
615917,GAURIDEEP/GAURI CENTRAL OCP 7.,,(-) (-),WCL - CIL,2023-08-01,2030-03-01,,973.07,973.07,Newly Added,July_2026,1.55,,100.0,973.07,,,,,,69.0,2026-07-01,0.001068782307542109,615917_July_2026
615918,RPR OF BHANEGAON OC,,(-) (-),WCL - CIL,2017-02-01,2028-03-01,,405.2,405.2,Newly Added,July_2026,43.16,,100.0,405.2,,,,,,66.0,2026-07-01,0.0383761105626851,615918_July_2026
615919,N. EXTN. MUNGOLI NIRGUDA D OCP,,(-) (-),WCL - CIL,2024-06-01,2029-03-01,,1024.91,1024.91,Newly Added,July_2026,218.26,,100.0,1024.91,,,,,,57.0,2026-07-01,0.17147847128040508,615919_July_2026
615982,NILJAI EXPANSION DEEP  OCP,,(-) (-),WCL - CIL,2016-08-01,2022-03-01,,319.75,319.75,Newly Added,July_2026,196.82,,100.0,319.75,,,,,,67.0,2026-07-01,0.5889913995308835,615982_July_2026
616044,UKNI DEEP OC MINE -COST PLUS,,(-) (-),WCL - CIL,2018-11-01,2021-03-01,,237.06,237.06,Newly Added,July_2026,168.91,,100.0,237.06,,,,,,26.0,2026-07-01,0.7002024803847128,616044_July_2026
616050,AMALGAMATED INDER-KAMPTEE DEEP,,(-) (-),WCL - CIL,2018-09-01,2024-03-01,,235.9,235.9,Newly Added,July_2026,128.49,,100.0,235.9,,,,,,66.0,2026-07-01,0.5599830436625689,616050_July_2026
616221,"Extension of Aqua Line Metro Corridor from Noida Sector-142 station to Botanical Garden, Noida of Noida Metro Rail Corporation",,(-) (-),Noida Metro Rail Corporation Ltd. [NMRCL],2026-03-01,,,,2254.35,Newly Added,July_2026,0.0,,100.0,2254.35,,,,,,,2026-07-01,,616221_July_2026
616223,ADASA UG TO OC MINE,,(-) (-),WCL - CIL,2018-11-01,2024-03-01,,316.0,316.0,Newly Added,July_2026,209.29,,100.0,316.0,,,,,,64.0,2026-07-01,0.6604113924050633,616223_July_2026
616225,CHUPERBHITA SIMLONG OCP MDO 6,,(-) (-),ECL - CIL,2023-12-01,2037-03-01,,979.08,979.08,Newly Added,July_2026,0.0,,100.0,979.08,,,,,,159.0,2026-07-01,0.0,616225_July_2026
616226,INTEGRATED KULDA GARJANBAHAL O,,(-) (-),MCL - CIL,2023-04-01,2033-03-01,,3563.5,3563.5,Newly Added,July_2026,692.76,,100.0,3563.5,,,,,,119.0,2026-07-01,0.17084327206398203,616226_July_2026
616227,3rd line between Chandil - Anara- Damodar section 121.26 km,,(-) (-),CAO/C/SER SER mor,,2024-09-01,,,1932.01,Newly Added,July_2026,1932.01,,100.0,1932.01,,,,,,,2026-07-01,,616227_July_2026
616229,AMAL GONDEGAON GHATROHANA EXPN,,(-) (-),WCL - CIL,2024-09-01,2029-03-01,,668.54,668.54,Newly Added,July_2026,2.95,,100.0,668.54,,,,,,54.0,2026-07-01,0.0017500822688246028,616229_July_2026
616230,PARASCOLE JAMBAD OCP,,(-) (-),ECL - CIL,2024-11-01,2037-03-01,,1193.55,1193.55,Newly Added,July_2026,11.81,,100.0,1193.55,,,,,,148.0,2026-07-01,0.009132420091324202,616230_July_2026
616231,BHUBANESWARI EXPN OCP 50 MTY,,(-) (-),MCL - CIL,2024-03-01,2033-03-01,,5366.27,5366.27,Newly Added,July_2026,477.73,,100.0,5366.27,,,,,,108.0,2026-07-01,0.08813011644960093,616231_July_2026
616232,HINGULA II OC EXPN PH III 15 M,,(-) (-),MCL - CIL,2022-11-01,2029-03-01,,1561.85,1561.85,Newly Added,July_2026,284.22,,100.0,1561.85,,,,,,76.0,2026-07-01,0.17643179562698083,616232_July_2026
616233,BALABHADRA OCP,,(-) (-),MCL - CIL,2023-04-01,2030-03-01,,978.44,978.44,Newly Added,July_2026,461.54,,100.0,978.44,,,,,,83.0,2026-07-01,0.2192878459588733,616233_July_2026
616234,PELMA OC MDO,,(-) (-),SECL - CIL,2022-10-01,2033-03-01,,1725.04,1725.04,Newly Added,July_2026,16.71,,100.0,1725.04,,,,,,125.0,2026-07-01,0.009222974539720818,616234_July_2026
616235,Construction of Aviation Fuel farm Facilities at Bhogapuram Airport,,Andhra Pradesh,Ministry of Petroleum & Natural Gas,2024-08-01,2026-03-01,,240.0,240.0,Completed,March_2026,100.0,,100.0,240.0,,,,,,19.0,2026-03-01,0.6090416666666666,616235_March_2026
616236,JARANGDIH EXPN. OCP 1.5 MTY,,(-) (-),CCL - CIL,2020-02-01,2029-03-01,,414.37,372.06,Newly Added,July_2026,85.6,,100.0,372.06,,,,,,109.0,2026-07-01,0.2065786615826435,616236_July_2026
616253,BLOCK E OCP,,(-) (-),BCCL - CIL,2024-03-01,2029-03-01,,5850.83,5850.83,Newly Added,July_2026,20.32,,100.0,5850.83,,,,,,60.0,2026-07-01,0.003473011521442257,616253_July_2026
616254,Visakh Raipur Pipeline Project,,(-) (-),Hindustan Petroleum Corporation Limited,,,,,,Newly Added,July_2026,2212.0,,,2212.0,,,,,,,2026-07-01,,616254_July_2026
616586,Bangriposi - Gorumahisani 85.60 km PB9/SECR/2023-24,,(-) (-),CAO/C/SER SER mor,2024-08-01,2029-12-01,,2269.49,2269.49,Newly Added,July_2026,2269.49,,100.0,2269.49,,,,,,51.0,2026-07-01,0.0019431678482830948,616586_July_2026
616587,Badampahar-Kendujhargarh new line [82.06 km],,(-) (-),CAO/C/SER,2024-08-01,2029-12-01,,1875.72,1875.72,Newly Added,June_2026,2.35,,100.0,1875.72,,,,,,51.0,2026-06-01,0.0010289382210564475,616587_June_2026
616588,Buramara - Chakulia 59.96 km PB9/SECR/2023-24,,(-) (-),CAO/C/SER SER mor,2024-08-01,,,,1459.13,Newly Added,July_2026,1459.13,,,1459.13,,,,,,,2026-07-01,,616588_July_2026
616594,Interception & Diversion with Rehabilitation of sewerage scheme at Agra under Hybrid annuity based PPP model-Namami Gange Programme,,(-) (-),National Mission for Clean Ganga,2020-05-01,2025-04-01,,842.25,842.25,Newly Added,July_2026,208.64,,100.0,842.25,,,,,,24.0,2026-07-01,0.24771742356782425,616594_July_2026
616600,Interception and Diversion and STP works in Bhagalpur  under Hybrid annuity based PPP mode-Namami Gange Programme,,(-) (-),National Mission for Clean Ganga,2017-10-01,2025-02-01,,413.29,413.29,Newly Added,July_2026,126.67,,100.0,413.29,,,,,,35.0,2026-07-01,0.3064918096252026,616600_July_2026
616604,Pollution Abatement works for River Ganga at Hooghly Chinsurah- Municipal Town Interception & Diversion with STP,,(-) (-),National Mission for Clean Ganga,2018-05-01,2025-03-01,,154.73,154.73,Newly Added,July_2026,102.04,,100.0,154.73,,,,,,39.0,2026-07-01,0.6215342855296323,616604_July_2026
616605,Pollution Abatement Works for River Kali Meerut under Meerut Municipality Interception & Diversion with  STP,,(-) (-),National Mission for Clean Ganga,2020-05-01,2024-12-01,,690.71,690.71,Newly Added,July_2026,34.79,,100.0,690.71,,,,,,1.0,2026-07-01,0.050368461438230226,616605_July_2026
616611,Sewage Treatment Plant  100MLD  and Sewerage Network 288 km in Digha-Patna under Hybrid annuity based PPP mode-Namami Gange Programme,,(-) (-),National Mission for Clean Ganga,2017-08-01,2025-12-01,,824.0,824.0,Newly Added,July_2026,403.34,,100.0,824.0,,,,,,77.0,2026-07-01,0.4814441747572815,616611_July_2026
616612,Sewage Treatment Plant  50MLD  and Sewerage Network 150 km in Kankarbagh Patna under Hybrid annuity based PPP mode Namami Gange Programme,,(-) (-),NMCG1,2017-08-01,2025-12-01,,578.89,578.89,Newly Added,July_2026,174.61,,100.0,578.89,,,,,,77.0,2026-07-01,0.2967575877973363,616612_July_2026
616615,"Sewer Network,  SPS and STP at Begusarai",,(-) (-),National Mission for Clean Ganga,2010-03-01,2025-04-01,,230.06,230.06,Newly Added,July_2026,261.82,,100.0,230.06,,,,,,85.0,2026-07-01,1.1380509432322004,616615_July_2026
616616,"Sewer Networks,  SPS and STP at Hajipur",,(-) (-),National Mission for Clean Ganga,2010-03-01,2025-06-01,,305.19,305.19,Newly Added,July_2026,346.46,,100.0,305.19,,,,,,87.0,2026-07-01,1.1352272354926438,616616_July_2026
616670,Transmission System for evacuation of Power from Rajasthan REZ Ph-IV [Part-4 3.5 GW] Part A  [SPV name POWERGRID Ghiror Transmission Limited],,(-) (-),Power Grid Corporation of India Limited [POWERGRID],,2024-12-01,,,5846.0,Newly Added,July_2026,5846.0,,100.0,5846.0,,,,,,,2026-07-01,,616670_July_2026
616671,Transmission System under ISTS for evacuation of Power from Kudankulam Unit-3&4 [2x1000 MW]  [SPV Name POWERGRID Kudankulam Tarnsmission Limited],,(-) (-),Power Grid Corporation of India Limited [POWERGRID],2025-01-01,2026-12-01,,548.0,548.0,Newly Added,July_2026,208.24,,100.0,548.0,,,,,,23.0,2026-07-01,0.2027919708029197,616671_July_2026
616672,System Strengthening at Koppal-II and GadagII for integration of RE generation projects [SPV Name POWERGRID Koppal Gadag Augmentation Transmission Limited],,(-) (-),Power Grid Corporation of India Limited [POWERGRID],2025-01-01,2027-06-01,,1354.0,1354.0,Newly Added,July_2026,338.5,,100.0,1354.0,,,,,,29.0,2026-07-01,0.06629985228951256,616672_July_2026
616691,"Upgradation & Extension of ESIC Hospital and Construction of PG Hostel / Staff Housing for ESIC Hospital at Andheri, Mumbai",,(-) (-),Employee's State Insurance Company [ESIC],2008-12-01,2025-08-01,,260.13,260.13,Newly Added,July_2026,216.46,,100.0,260.13,,,,,,194.0,2026-07-01,0.8077499711682621,616691_July_2026
616694,Flyover between Siju & Paradeep coaching yard 7 km PB73/2023-24/NR,,(-) (-),CAO/C/ECOR ECoR mor,2023-04-01,2028-07-01,,200.77,200.77,Newly Added,July_2026,55.91,,100.0,200.77,,,,,,33.0,2026-07-01,0.14942471484783582,616694_July_2026
616695,Construction of Paradeep- Badabandha 3rd & 4th line 18.51 km PB34/ECOR/2023-24,,(-) (-),CAO/C/ECOR ECoR mor,2023-08-01,2028-11-01,,300.15,300.15,Newly Added,July_2026,21.5,,100.0,300.15,,,,,,43.0,2026-07-01,0.0003331667499583542,616695_July_2026
616696,RINGUS KHATUSHYAMJI NEW LINE,,Rajasthan,North Western Railway [NWR],2024-03-01,2028-03-01,,254.06,254.06,Ongoing,August_2025,0.0,,1.16,2.94,,,,,,48.0,2025-08-01,0.011572069589860663,616696_August_2025
616697,3rd & 4 th line Vadlapudi-Gate Jn. incl. tie line between Gangavaram Port- Visakhapatnam Steel Plant12.04 km PB73/2023-24/NR,,(-) (-),CAO/C/SCoR SCoR mor,2023-04-01,2026-06-01,,154.28,154.28,Newly Added,July_2026,89.67,,100.0,154.28,,,,,,27.0,2026-07-01,0.2682136375421312,616697_July_2026
616699,Multi tracking of Son Nagar-Andal 374.53 rkm & 814.38 tkm PB34/ECOR/2023-24,,(-) (-),CAO/Con/South/MHX ECR mor,2023-08-01,2023-08-01,,12333.57,12333.57,Newly Added,July_2026,509.75,,100.0,12333.57,,,,,,55.0,2026-07-01,0.036059308051115777,616699_July_2026
616701,Lumding-Furkating section  140 km Umbrella work PB57/2019-20/NR,,Assam,CAO/C-1/NFR NFR mor,2025-04-01,2028-02-01,,2123.7,2123.7,Newly Added,July_2026,1.0,,9.43,200.23,,,,,,34.0,2026-07-01,0.09428356170833922,616701_July_2026
616702,Malkangiri Pandurangapuram new railway line project,,Multi-States,Indian Railways,,,,,,Ongoing,August_2025,3591.76,,,3591.76,,,,,,,2025-08-01,,616702_August_2025
616839,Gunupur - Therubali new line 73.62 km,,(-) (-),CAO/C/ECOR ECoR mor,2024-08-01,2029-12-01,,1165.89,1165.89,Newly Added,July_2026,1.95,,99.99,1165.73,,,,,,44.0,2026-07-01,0.030019984732693475,616839_July_2026
616840,RAS- MERTA CITY NEW LINE INCL BYPASS AT MERTA ROAD,,Rajasthan,North Western Railway [NWR],2024-02-01,2028-03-01,,947.0,947.0,Ongoing,August_2025,0.0,,0.14,1.36,,,,,,49.0,2025-08-01,0.001436114044350581,616840_August_2025
616841,Pushkar - Merta Katyasani  51.346 km,,(-) (-),CAOC/NWR NWR mor,2024-02-01,2026-12-01,,799.64,799.64,Newly Added,July_2026,242.08,,100.0,799.64,,,,,,34.0,2026-07-01,0.0947676454404482,616841_July_2026
616842,LUNI- SAMDARI- BHILDI DOUBLING,,(-) (-),North Western Railway [NWR],,2024-02-01,,,3085.59,Newly Added,July_2026,3085.59,,100.0,3085.59,,,,,,,2026-07-01,,616842_July_2026
616843,Ajmer-Chanderiya section 178.28 km Umbrella work PB57/2019-20/NR,,(-) (-),CAOC/NWR NWR mor,2024-02-01,2027-06-01,,1634.79,1634.79,Newly Added,July_2026,560.17,,100.0,1634.79,,,,,,40.0,2026-07-01,0.12922760721560567,616843_July_2026
616856,Doubling between Bhadrachalam Road and Dornakal,,(-) (-),South Central Railway [SCR] - II,2023-08-01,2029-04-01,,770.12,770.12,Newly Added,June_2026,87.94,,100.0,770.12,,,,,,48.0,2026-06-01,0.06304212330545889,616856_June_2026
616857,Doubling between Motumari  Vishnupuram 88.81 km and Rail over Rail RoR at Motumari  10.877 Km,,(-) (-),CAO/C/SCoR SCoR mor,,2024-02-01,,,1595.55,Newly Added,July_2026,1595.55,,100.0,1595.55,,,,,,,2026-07-01,,616857_July_2026
616858,"Construction of Field Gas Gathering Station at Baghjan area for collection, processing & transportation of natural Gas to be produced from Baghjan Field",,Assam,Oil India Limited,2020-12-01,2024-03-01,,430.76,430.76,Newly Added,July_2026,95.9,,80.94,348.65,,,,,,39.0,2026-07-01,0.8093834153589005,616858_July_2026
616879,Demo Bio-ATF Project,,(-) (-),Mangalore Refinery and Petrochemicals Limited,2024-03-01,2027-01-01,,364.0,364.0,Newly Added,July_2026,91.39,,100.0,364.0,,,,,,34.0,2026-07-01,0.1356868131868132,616879_July_2026
616886,Delhi University Eastern Campus at Surajmal Vihar,,(-) (-),Delhi University,2024-09-01,2026-10-01,,373.0,373.0,Newly Added,July_2026,31.53,,100.0,373.0,,,,,,19.0,2026-07-01,0.07407506702412868,616886_July_2026
616933,Lube Modernization & Bottom Upgradation Project at Mumbai Refinery,,(-) (-),Hindustan Petroleum Corporation Limited,2024-12-01,2028-03-01,,4679.0,4679.0,Newly Added,July_2026,314.9,,128.4,6008.0,,,,,,39.0,2026-07-01,0.050461637101944866,616933_July_2026
616950,PRP-VIII [Group-A],,(-) (-),Oil and Natural Gas Corporation Limited [ONGC],2024-09-01,2026-02-01,,1486.4,1589.4,Newly Added,July_2026,629.46,,93.52,1486.4,,,,,,17.0,2026-07-01,0.26564181916038754,616950_July_2026
616983,Kosamba Umarpada GC PROJECT,,(-) (-),Ministry of Railways-,2023-07-01,2027-06-01,,467.58,467.58,Newly Added,July_2026,70.54,,100.0,467.58,,,,,,47.0,2026-07-01,0.05346678643226828,616983_July_2026
617068,"Augmentation of Transformation Capacity by 3x500 MVA, 400/220 KV ICTS [6th-8th] and 1x1500 MVA, 765/400 KV ICT [4th] at Bidar PS  [SPV Name- POWERGRID Bidar Augmentation Transmission Limited]",,(-) (-),Power Grid Corporation of India Limited [POWERGRID],2025-02-01,2027-06-01,,288.0,288.0,Newly Added,July_2026,28.8,,100.0,288.0,,,,,,28.0,2026-07-01,0.027777777777777776,617068_July_2026
617069,Augmentation of Transformation Capacity at KPS1 [GIS] and KPS2 [GIS] [Phase-V Part B1 and Part B2 Scheme]  [SPV Name- POWERGRID KPS1 and 2 Augmentation Transmission Limited],,(-) (-),Power Grid Corporation of India Limited [POWERGRID],2025-02-01,2027-02-01,,466.0,466.0,Newly Added,July_2026,154.9,,100.0,466.0,,,,,,24.0,2026-07-01,0.060000000000000005,617069_July_2026
617179,Transmission Scheme for evacuation of Power from Ratle HEP [850 MW] & kiru [624 MW] Part B,,(-) (-),Power Grid Corporation of India Limited [POWERGRID],2024-07-01,2024-07-01,,218.6,218.6,Newly Added,July_2026,2.71,,100.0,218.6,,,,,,24.0,2026-07-01,0.0,617179_July_2026
617181,"Augmentation at Fatehgarh-II PS, Fatehgarh-IV PS [Section-II] and Barmer-I PS [POWERGRID Fatehgarh Barmer Augmentation Transmission Limited]",,(-) (-),Power Grid Corporation of India Limited [POWERGRID],2025-03-01,2026-12-01,,404.0,404.0,Newly Added,July_2026,32.32,,100.0,404.0,,,,,,21.0,2026-07-01,0.05207920792079208,617181_July_2026
617182,Augmentation of Banaskantha [Raghanesda] PS [GIS] [POWERGRID Banaskantha Transco Limited],,(-) (-),Power Grid Corporation of India Limited [POWERGRID],2025-03-01,2027-03-01,,172.0,172.0,Newly Added,July_2026,61.92,,100.0,172.0,,,,,,24.0,2026-07-01,0.15,617182_July_2026
617183,Transmission system strengthening at Kurnool- III PS for integration of additional RE generation projects [POWERGRID Kurnool III PS RE Transmission Limited],,(-) (-),Power Grid Corporation of India Limited [POWERGRID],2025-03-01,2027-12-01,,2886.0,2886.0,Newly Added,July_2026,894.66,,100.0,2886.0,,,,,,33.0,2026-07-01,0.0683991683991684,617183_July_2026
617184,Transmission Scheme for integration of Davanagere/ Chitradurga and Bellary REZ in Karnataka  [POWERGRID Chitradurga Bellary REZ Transmission Limited],,(-) (-),Power Grid Corporation of India Limited [POWERGRID],2025-03-01,2027-09-01,,3453.0,3453.0,Newly Added,July_2026,552.48,,100.0,3453.0,,,,,,30.0,2026-07-01,0.02199826238053866,617184_July_2026
617185,Transmission System for Integration of Kurnool-IV REZ  Phase-I [for 4.5 GW] [POWERGRID Kurnool-IV Transmission Limited],,(-) (-),Power Grid Corporation of India Limited [POWERGRID],,2025-03-01,,,5550.0,Newly Added,July_2026,5550.0,,100.0,5550.0,,,,,,,2026-07-01,,617185_July_2026
617186,Rajasthan REZ Ph-V [Part-1- 4 GW] [Sirohi/Nagaur] Complex [Rajasthan V Power Transmission Limited],,(-) (-),Power Grid Corporation of India Limited [POWERGRID],,2025-03-01,,,5028.0,Newly Added,July_2026,5028.0,,100.0,5028.0,,,,,,,2026-07-01,,617186_July_2026
617188,"Sipat Super Thermal Power Project, Stage-III [1x800 MW]",,(-) (-),National Thermal Power Corporation [NTPC],2024-09-01,2029-09-01,,9791.0,9791.0,Newly Added,July_2026,1910.55,,100.0,9791.0,,,,,,60.0,2026-07-01,0.10918700847717291,617188_July_2026
617200,KHARSIA- NAYA RAIPUR-PARMALKASA 5th and 6th Line [278KM],,(-) (-),CAO/C/SECR,2025-04-01,2031-03-01,,7853.84,7853.84,Newly Added,June_2026,0.64,,100.0,7853.84,,,,,,71.0,2026-06-01,0.0,617200_June_2026
617201,Gondia-Balharshah [Chanda Fort] Doubling [240 Km],,(-) (-),South East Central Railway,2025-04-01,2031-03-01,,4373.04,4373.04,Newly Added,June_2026,1.79,,100.0,4373.04,,,,,,71.0,2026-06-01,0.00011662367597826684,617201_June_2026
617206,Delhi Metro Rail Phase-IV [Rithala - Kundli Corridor],,(-) (-),Delhi Metro Rail Corporation Limited [DMRC],2025-01-01,2025-01-01,,6230.99,6230.99,Newly Added,July_2026,72.51,,100.0,6230.99,,,,,,48.0,2026-07-01,2.246833970203772e-05,617206_July_2026
617207,Delhi Metro Rail Phase-IV [2 Corridors],,(-) (-),Delhi Metro Rail Corporation Limited [DMRC],2024-03-01,2029-03-01,,8399.81,8399.81,Newly Added,July_2026,183.23,,100.0,8399.81,,,,,,60.0,2026-07-01,0.00802637202508152,617207_July_2026
617210,Tirupati-Pakala-Katpadi Doubling 104.39 Km Item83/NR/2024-25,,(-) (-),CAO/C/SCoR SCoR mor,2025-04-01,2029-03-01,,1215.56,1215.56,Newly Added,July_2026,1215.56,,100.0,1215.56,,,,,,47.0,2026-07-01,0.00010694659251702919,617210_July_2026
617211,Doubling of Guntur Bibinagar 239 Km,,(-) (-),South Central Railway [SCR] - II,,2023-08-01,,,2853.23,Newly Added,June_2026,2853.23,,100.0,2853.23,,,,,,,2026-06-01,,617211_June_2026
617212,Doubling between Mudkhed  Medchal & Mahbubnagar  Dhone section 417.88 Km,,(-) (-),South Central Railway [SCR] - II,,,,,,Newly Added,June_2026,4686.09,,,4686.09,,,,,,,2026-06-01,,617212_June_2026
617213,"Varanasi- Pt. Deen Dayal Upadhyaya - Multitracking 15 km, including construction of a new Rail- cum- Road Bridge across Ganga River",,(-) (-),CAO/C-II/NR NR mor,2024-10-01,2029-10-01,,2464.46,2464.46,Newly Added,July_2026,109.93,,100.0,2464.46,,,,,,48.0,2026-07-01,0.0,617213_July_2026
617214,"South Central Railway- Rail connectivity to Amaravati, Capital of Andhra Pradesh Errupalem- Amaravati- Namburu New line 57 km PB7/WR/2023-24",,(-) (-),CAO/C/SCoR SCoR mor,2024-11-01,2024-11-01,,,2047.4,Newly Added,July_2026,2047.4,,100.0,2047.4,,,,,,,2026-07-01,,617214_July_2026
617215,Doubling between Parbhani-Parli Vaijnath stations 64.71 km PB34/CR/2023-24,,(-) (-),CAOCON/SCR SCR mor,2023-12-01,2028-03-01,,769.93,769.93,Newly Added,July_2026,174.3,,100.0,769.93,,,,,,51.0,2026-07-01,0.08112425804943307,617215_July_2026
617216,South Central Railway- 3rd line between Gudur-Renigunta stations 83.17 km PB34/CR/2023-24,,(-) (-),CAO/C/SCoR SCoR mor,2024-10-01,2027-03-01,,877.34,877.34,Newly Added,July_2026,53.46,,100.0,877.34,,,,,,29.0,2026-07-01,0.11228258143935077,617216_July_2026
617221,"Construction of Girls Hostel 400 seater, Boys Hostel 600 seater, Academic Block, International Hostel 100 seater, VC Residence and Purchase of Equipment",,(-) (-),Central University of Punjab,2024-08-01,2027-10-01,,210.99,210.99,Newly Added,July_2026,99.02,,100.0,210.99,,,,,,30.0,2026-07-01,0.1854116308829802,617221_July_2026
617224,Gorakhpur-Valmikinagar Doubling project,,(-) (-),NER,,2023-08-01,,,1120.0,Newly Added,July_2026,1120.0,,100.0,1120.0,,,,,,,2026-07-01,,617224_July_2026
617225,PCMC To Nigdi- Extension Of North South Corridor Of Phase-1,,(-) (-),Maharashtra Metro Rail Corporation Limited [MMRCL],2023-10-01,2027-01-01,,910.18,910.18,Newly Added,July_2026,322.59,,105.49,960.18,,,,,,39.0,2026-07-01,0.23966687907886353,617225_July_2026
617226,Pune Metro Phase-1 Extension line towards south from Swargate to Katraj,,(-) (-),Maharashtra Metro Rail Corporation Limited [MMRCL],2024-09-01,2029-03-01,,2954.53,2954.53,Newly Added,July_2026,190.07,,100.0,2954.53,,,,,,54.0,2026-07-01,0.009135124706806157,617226_July_2026
617231,East Central Railway - Construction of Bulb line at Nabinagar Ankorah 17.49Km PB45/ECoR/2024-25.,,(-) (-),CAO/Con/South/MHX ECR mor,2024-06-01,2028-06-01,,611.74,611.74,Newly Added,July_2026,0.0,,100.0,611.74,,,,,,48.0,2026-07-01,0.0,617231_July_2026
617233,WAGHODA UG MINE [1.02 MTY],,(-) (-),WCL - CIL,2024-01-01,2030-03-01,,379.3,379.3,Newly Added,July_2026,0.0,,100.0,379.3,,,,,,62.0,2026-07-01,0.0,617233_July_2026
617239,Narkatiaganj-Raxaul-Sitamarhi-Darbhanga & Sitamarhi-Muzaffarpur Sections doubling 256 km Umbrella work PB57/2019-20/NR,,(-) (-),CAO/Con/North/MHX ECR mor,2024-11-01,2029-11-01,,4079.95,4079.95,Newly Added,July_2026,18.9,,100.0,4079.96,,,,,,48.0,2026-07-01,0.005392222943908627,617239_July_2026
617240,Murarai - Barharwa 3rd line,,Multi-States,Eastern Railway [ER] - II ,,2026-01-01,,,935.19,Ongoing,July_2025,0.0,,100.0,935.19,,,,,,,2025-07-01,,617240_July_2025
617242,Installation of New Bar Mill at Durgapur Steel Plant,,(-) (-),Steel Authority of India Limited [SAIL],2024-07-01,2027-06-01,,2115.44,2115.44,Newly Added,July_2026,935.57,,100.0,2115.44,,,,,,34.0,2026-07-01,0.15291381462012632,617242_July_2026
617243,Replacement of Hot Leveller No.1 of Plate Mill at Bhilai Steel Plant,,(-) (-),Steel Authority of India Limited [SAIL],2024-07-01,2026-07-01,,198.62,198.62,Newly Added,July_2026,129.25,,100.0,198.62,,,,,,23.0,2026-07-01,0.2673950256771725,617243_July_2026
617245,Katihar-Kumedpur & Katihar-Mukuria 64.5 km Umbrella work PB57/2019-20/NR,,(-) (-),CAO/C-II/NFR NFR mor,2022-08-01,2022-08-01,,,942.64,Newly Added,July_2026,942.64,,,942.64,,,,,,,2026-07-01,,617245_July_2026
617246,Up-gradation of Blast Furnace No. 3 at Durgapur Steel Plant,,(-) (-),Steel Authority of India Limited [SAIL],2024-09-01,2026-06-01,,758.09,758.09,Newly Added,July_2026,316.01,,100.0,758.09,,,,,,20.0,2026-07-01,0.18933108206149665,617246_July_2026
617248,Third Ladle Furnace in Secondary Refinery Unit at IISCO Steel Plant,,(-) (-),Steel Authority of India Limited [SAIL],2024-11-01,2026-07-01,,227.96,227.96,Newly Added,July_2026,111.44,,100.0,227.96,,,,,,19.0,2026-07-01,0.250965081593262,617248_July_2026
617249,Replacement of existing Grinders in CRM-I & II at Bokaro Steel Plant,,(-) (-),Steel Authority of India Limited [SAIL],2025-01-01,2027-01-01,,211.94,211.94,Newly Added,July_2026,60.6,,100.0,211.94,,,,,,23.0,2026-07-01,0.11040860620930451,617249_July_2026
617250,Secondary Emission Control in Converters of SMS-II at Bokaro Steel Plant,,(-) (-),Steel Authority of India Limited [SAIL],2025-01-01,2026-10-01,,207.13,207.13,Newly Added,July_2026,103.47,,100.0,207.13,,,,,,20.0,2026-07-01,0.11075170182976875,617250_July_2026
617251,Revamping of Air Pollution Control Systems of SP-1 at Durgapur Steel Plant,,(-) (-),Steel Authority of India Limited [SAIL],2024-07-01,2026-05-01,,196.4,196.4,Newly Added,July_2026,65.74,,100.0,196.4,,,,,,17.0,2026-07-01,0.15926680244399186,617251_July_2026
617252,Anand Nagar - Ghughuli via Maharajganj 53.37 km,,(-) (-),CAOC/NER NER mor,2023-08-01,2028-03-01,,958.27,958.27,Newly Added,July_2026,888.5,,156.65,1501.1,,,,,,52.0,2026-07-01,0.4800212883634049,617252_July_2026
617253,Revamping of old sub-systems of Blast Furnace 3 at Bokaro Steel Plant,,Jharkhand,Steel Authority of India Limited [SAIL],2023-10-01,2025-07-01,,513.82,513.82,Completed,June_2026,100.0,,80.8,415.18,,,,,,21.0,2026-06-01,0.808026157019968,617253_June_2026
617254,Replacement of remaining 04 sets  of Battery Cyclones with 04 Nos. of ESPs in Sinter Plant-1 at Bokaro Steel Plant,,(-) (-),Steel Authority of India Limited [SAIL],2024-03-01,2026-06-01,,260.37,260.37,Newly Added,July_2026,127.53,,100.0,260.37,,,,,,26.0,2026-07-01,0.25248684564273915,617254_July_2026
617255,"Replacement of Converter Vessels, Trunnion Rings, Support System & Installation of Secondary Emission at Bhilai Steel Plant",,(-) (-),Steel Authority of India Limited [SAIL],2023-10-01,2026-06-01,,471.83,471.83,Newly Added,July_2026,266.11,,100.0,471.83,,,,,,30.0,2026-07-01,0.42152894050823386,617255_July_2026
617256,Rebuilding of Coke Oven Battery No.7 & 8 at Bhilai Steel Plant,,(-) (-),Steel Authority of India Limited [SAIL],2023-11-01,2025-10-01,,884.1,884.1,Newly Added,July_2026,693.83,,100.0,884.1,,,,,,21.0,2026-07-01,0.6428232100441127,617256_July_2026
617257,Rebuilding of Coke Oven Battery No.6 at Bokaro Steel Plant,,(-) (-),Steel Authority of India Limited [SAIL],2023-11-01,2026-11-01,,627.31,627.31,Newly Added,July_2026,347.42,,100.0,627.31,,,,,,35.0,2026-07-01,0.33881175176547484,617257_July_2026
617269,Transmission System for Strengthening to facilitate evacuation of power from Bhadla/Bikaner Complex,,(-) (-),Power Grid Corporation of India Limited [POWERGRID],2024-12-01,2026-06-01,,212.81,212.81,Newly Added,July_2026,12.76,,100.0,212.81,,,,,,18.0,2026-07-01,0.010008928151872562,617269_July_2026
617270,Eastern Region  Expansion Scheme-44 [ERES-44],,(-) (-),Power Grid Corporation of India Limited [POWERGRID],,2024-11-01,,,408.94,Newly Added,July_2026,408.94,,100.0,408.94,,,,,,,2026-07-01,,617270_July_2026
617271,Eastern Region  Expansion Scheme-43 [ERES-43],,(-) (-),Power Grid Corporation of India Limited [POWERGRID],,2024-09-01,,,342.69,Newly Added,July_2026,342.69,,100.0,342.69,,,,,,,2026-07-01,,617271_July_2026
617272,Implementation of LILO of both circuits of 400KV vindhyachal PS-Sasan D/C Line at Hindalco Switchyard,,(-) (-),Power Grid Corporation of India Limited [POWERGRID],2024-06-01,2026-12-01,,370.0,370.0,Newly Added,July_2026,148.0,,100.0,370.0,,,,,,30.0,2026-07-01,0.275,617272_July_2026
617278,KOLARPIMPRI EXPANSION OC [2.5,,(-) (-),WCL - CIL,2024-06-01,2030-03-01,,630.37,630.37,Newly Added,July_2026,0.61,,100.0,630.37,,,,,,61.0,2026-07-01,0.0,617278_July_2026
617279,Transmission System for evacuation of power from Mahan Energen Limited Generating Station in Madhya Pradesh [SPV Name - POWERGRID MEL Power Transmission Limited],,(-) (-),Power Grid Corporation of India Limited [POWERGRID],2025-06-01,2027-12-01,,558.0,558.0,Newly Added,July_2026,180.9,,100.0,558.0,,,,,,30.0,2026-07-01,0.0692831541218638,617279_July_2026
617280,"Construction of Basement + Ground Floor+ 10 Storeyed building for State of the Art Director General, GSI Building at plot No.GN-40, Sector-V, Salt Lake, Kolkata",,(-) (-),Central Public Works Department [CPWD],2019-04-01,2026-08-01,,255.37,255.37,Newly Added,July_2026,98.94,,100.0,255.37,,,,,,78.0,2026-07-01,0.371656811685006,617280_July_2026
617282,"C/o 184 MS Flats for Hon'ble MPs at BKS Marg, New Delhi",,Delhi,Central Public Works Department [CPWD],2022-05-01,2025-09-01,,646.53,646.53,Completed,November_2025,100.0,,100.0,646.52,,,,,,40.0,2025-11-01,0.8442918348723184,617282_November_2025
617284,Chunar-Chopan doubling project,,(-) (-),North Central Railway,2023-08-01,2028-03-01,,1423.96,1423.96,Newly Added,June_2026,151.57,,100.0,1423.96,,,,,,38.0,2026-06-01,0.05778954465013062,617284_June_2026
617287,KUSMUNDA OC EXPANSION PROJECT,,(-) (-),SECL - CIL,2024-11-01,2030-03-01,,4516.88,4516.88,Newly Added,July_2026,847.19,,100.0,4516.88,,,,,,64.0,2026-07-01,0.17381909636740406,617287_July_2026
617288,MANIKPUR OC EXPANSION PROJECT,,(-) (-),SECL - CIL,2025-01-01,2029-03-01,,382.61,382.61,Newly Added,July_2026,138.87,,100.0,382.61,,,,,,50.0,2026-07-01,0.2954183110739395,617288_July_2026
617290,Jeypore - Malkangiri New BG Line Project,,Odisha,Indian Railways,2018-02-01,2030-12-01,,2343.64,2343.64,Newly Added,October_2025,13.0,,26.92,630.83,,,,,,154.0,2025-10-01,0.26916676622689495,617290_October_2025
617299,50 MW Wind Power Project,,(-) (-),NLC India Limited,2022-07-01,2025-06-01,,383.84,383.84,Newly Added,July_2026,333.34,,100.0,383.84,,,,,,17.0,2026-07-01,0.8438932888703627,617299_July_2026
617302,Durgapur - Haldia Pipeline [Section-3B of JHBDPL Project],,(-) (-),Gas Authority of India Limited [GAIL],2017-03-01,2020-12-01,,1740.0,1740.0,Newly Added,July_2026,2380.8,,148.45,2583.0,,,,,,45.0,2026-07-01,1.3514942528735632,617302_July_2026
617303,"City Gas Distribution Project at Khagaria, Saharsa and Madhepura",,Bihar,Ministry of Petroleum & Natural Gas,2019-03-01,2025-09-01,,163.0,163.0,Completed,September_2025,100.0,,100.0,163.0,,,,,,78.0,2025-09-01,0.5893865030674846,617303_September_2025
617304,"Setting up of LPG Plant with Rail Unloading Facility at Hathua, Dist. Gopalganj, Bihar",,(-) (-),Bharat Petroleum Corporation Limited [BPCL],2023-10-01,2027-03-01,,340.15,340.15,Newly Added,July_2026,186.21,,100.0,340.15,,,,,,41.0,2026-07-01,0.39364986035572547,617304_July_2026
617320,New B.G Railway Line between Jeypore & Navarangpur [38 Km] with Electrification,,Odisha,Indian Railway and Govt of Odisha,2022-09-01,2025-09-01,,747.91,747.91,Newly Added,October_2025,0.0,,0.96,7.21,,,,,,36.0,2025-10-01,0.009640197349948523,617320_October_2025
617321,Godhani-Kalumna Chord 13.7 km,,Offshore,Ministry of Railways,2018-07-01,2028-07-01,,150000.0,150000.0,Newly Added,October_2025,11.0,,1.29,1940.0,,,,,,120.0,2025-10-01,0.012933333333333333,617321_October_2025
617322,Kalipahari Bakhtarnagar 5th line,,West Bengal,Eastern Railway [ER] - I,2025-07-01,2027-06-01,,350.46,350.46,Ongoing,August_2025,0.0,,0.0,0.0,,,,,,23.0,2025-08-01,0.0,617322_August_2025
617326,Implementation of Transmission Systems in the State of Jharkhand consisting of 400/220/132/33 kV transmission lines and substations under Jharkhand Consultancy Project,,(-) (-),Power Grid Corporation of India Limited [POWERGRID],2012-02-01,2026-03-01,,1842.25,1842.25,Newly Added,July_2026,1648.05,,100.0,1842.25,,,,,,169.0,2026-07-01,0.894585425430859,617326_July_2026
617327,Thane Integral Ring Metro Rail Project,,(-) (-),Maharashtra Metro Rail Corporation Limited [MMRCL],2024-09-01,2029-09-01,,12200.1,12200.1,Newly Added,July_2026,101.17,,100.0,12200.1,,,,,,60.0,2026-07-01,0.0007565511758100343,617327_July_2026
617333,Construction of surface traingle between Bhadaura and new crossing station Karma Dildarnagar-Taraghat line  11.1 km PB72/NR/2022-23,,(-) (-),CAO/Con/South/MHX ECR mor,2022-10-01,2027-02-01,,199.96,199.96,Newly Added,July_2026,199.96,,100.0,199.96,,,,,,33.0,2026-07-01,0.005251050210042008,617333_July_2026
617338,Stamp Charge Battery No.12 Battery Proper at IISCO Steel Plant,,(-) (-),Steel Authority of India Limited [SAIL],2025-01-01,2028-07-01,,2518.39,2518.39,Newly Added,July_2026,472.41,,100.0,2518.39,,,,,,41.0,2026-07-01,0.09267031714706618,617338_July_2026
617345,SER Upgradation of maintenance infrastructure at Shalimar into Vande Bharat Chair Car maintenance cum workshop depot.,,(-) (-),South Eastern Railway - JH,2024-03-01,2026-10-01,,226.87,226.87,Newly Added,June_2026,86.69,,100.0,226.87,,,,,,22.0,2026-06-01,0.14960109313703882,617345_June_2026
617361,Babupeth - Sasti New Rail Line [13.114 KMs],,(-) (-),CentralRailway,2024-10-01,2028-03-01,,362.81,362.81,Newly Added,June_2026,0.48,,100.0,362.81,,,,,,41.0,2026-06-01,0.0013230065323447534,617361_June_2026
617364,Central Railway - Double chord line between Nilaje and Kopar 4.495 km PB34/CR/2023-24,,(-) (-),CAOC/CR CR mor,2023-07-01,2028-07-01,,338.33,338.33,Newly Added,July_2026,57.54,,60.59,205.0,,,,,,42.0,2026-07-01,0.03381314101616765,617364_July_2026
617370,Doubling between Jaunpur Jn - Zaffarabad 6.28 km PB73/2023-24/NR,,(-) (-),CAOC/NR NR mor,2023-03-01,2027-01-01,,180.66,180.66,Newly Added,July_2026,78.47,,131.4,237.38,,,,,,23.0,2026-07-01,0.02214103841470165,617370_July_2026
617372,Pradhankhunta Jn-Patherdih Bazar-Bhojudih 17.1 km Umbrella work PB57/2019- 20/NR,,(-) (-),CAO/Con/South/MHX ECR mor,2022-11-01,2025-12-01,,349.22,349.22,Newly Added,July_2026,162.92,,100.0,349.22,,,,,,37.0,2026-07-01,0.3401007960597904,617372_July_2026
617373,Jhajha-Batai New Line Project,,Bihar,East Central Railway [ECR] - I,2023-03-01,2027-03-01,,588.18,588.18,Newly Added,November_2025,0.0,,0.52,3.05,,,,,,48.0,2025-11-01,0.005185487435818967,617373_November_2025
617374,"Dallirajhara - Rowghat New Rail Line Project, Phase-I",,(-) (-),Rail Vikas Nigam Limited,2009-07-01,2025-03-01,,1516.45,1516.45,Newly Added,June_2026,2154.73,,124.06,1881.26,,,,,,184.0,2026-06-01,1.3747370503478518,617374_June_2026
617375,North Eastern Region Expansion Scheme-XXIII [NERES-XXIII],,Arunachal Pradesh,Power Grid Corporation of India Limited [POWERGRID],2025-08-01,2028-02-01,,209.38,209.38,Newly Added,July_2026,3.89,,1.5,3.14,,,,,,30.0,2026-07-01,0.014996656796255612,617375_July_2026
617379,Development of New Bijwasan Railway Terminal,,(-) (-),Northern Railways,2008-02-01,2020-03-01,,446.21,446.21,Newly Added,June_2026,565.7,,100.0,446.21,,,,,,84.0,2026-06-01,1.175746845655633,617379_June_2026
617390,Sardega -Bhalumuda New Double line [37.24 Km],,(-) (-),SECR,2024-09-01,2024-09-01,,,1281.81,Newly Added,June_2026,1281.81,,,1281.81,,,,,,,2026-06-01,,617390_June_2026
617391,Augmentation of Transformation Capacity at Bhuj-II PS [GIS],,(-) (-),Power Grid Corporation of India Limited [POWERGRID],2025-02-01,2026-11-01,,488.29,488.29,Newly Added,July_2026,14.64,,100.0,488.29,,,,,,21.0,2026-07-01,0.004997030453214278,617391_July_2026
617403,SADULPUR - CHURU  DOUBLING PROJECT,,(-) (-),North Western Railway [NWR],2024-01-01,2026-06-01,,468.64,468.64,Newly Added,July_2026,197.84,,100.0,468.64,,,,,,29.0,2026-07-01,0.29331683168316836,617403_July_2026
617404,North Western Railway  - New line between Ramdevra and Pokhran via Bhairav Gufa - Kailash Tekri 13.38 Km PB30/NR/2025-26,,(-) (-),CAOC/NWR NWR mor,2025-04-01,2028-03-01,,189.21,189.21,Newly Added,July_2026,57.31,,100.0,189.21,,,,,,35.0,2026-07-01,0.0,617404_July_2026
617405,Jamnagar Transmission Limited,,(-) (-),Adani Transmission Limited,2024-10-01,2026-10-01,,4000.0,4000.0,Newly Added,July_2026,698.0,,100.0,4000.0,,,,,,24.0,2026-07-01,0.067,617405_July_2026
617406,RATLAM- DUNGARPUR VIA BANSWARA NEW LINE PROJECT,,(-) (-),North Western Railway [NWR],2015-10-01,2015-10-01,,,2417.24,Newly Added,June_2026,2417.24,,,2417.24,,,,,,,2026-06-01,,617406_June_2026
617408,NATHDWARA- NATHDWARA TOWN NL,,(-) (-),North Western Railway [NWR],2019-03-01,2027-03-01,,166.33,166.33,Newly Added,June_2026,112.55,,100.0,166.33,,,,,,35.0,2026-06-01,0.5829976552636325,617408_June_2026
617409,Railway Manufacturing Unit,,(-) (-),RVNL - II,2016-07-01,2026-12-01,,521.36,521.36,Newly Added,July_2026,492.12,,100.0,521.36,,,,,,46.0,2026-07-01,0.8616502992174313,617409_July_2026
617412,"Construction of One Tower of Office Complex  and another Tower of Residential quarters  i/c internal water supply, sanitary installation and all development and bulk services, Horticulture works on EPC Mode-I basis i/c comprehensive operation  and maintenance of Civil, E&M services for 7 years after completion of original construction work for Ranga Reddy, Secunderabad, Medchal, AuditI, Audit-II Commissionerates of Central Tax at Khajaguda, Serilingampally, Hyderabad.",,(-) (-),Central Public Works Department - CPWD,2024-03-01,2027-09-01,,644.0,644.0,Newly Added,July_2026,188.69,,100.0,644.0,,,,,,34.0,2026-07-01,0.19791925465838509,617412_July_2026
617413,Mobile connectivity in Left Wing Extremism [LWE] affected areas-Phase 1 Upgradation,,(-) (-),Department of Telecommunications [DoT],,,,,,Newly Added,July_2026,,,,,,,,,,,2026-07-01,,617413_July_2026
617416,"Revised Jharia Master Plan for Dealing with Fire, Subsidence & Rehabilitation of affected families in Jharia Coalfield- Reg.",,(-) (-),Bharat Coking Coal Limited [BCCL],2025-06-01,2028-12-01,,5940.47,5940.47,Newly Added,July_2026,520.75,,100.0,5940.47,,,,,,41.0,2026-07-01,0.00501812146176986,617416_July_2026
617422,Bodwad Parisar Sinchan Yojna,,(-) (-),Department of Water Resources-MH,2002-05-01,2027-07-01,,1923.81,1923.81,Newly Added,July_2026,338.91,,100.0,1923.81,,,,,,126.0,2026-07-01,0.920116851456225,617422_July_2026
617727,Orvakal Industrial Area,,(-) (-),NICDC,2024-08-01,2028-10-01,,2786.0,2786.0,Newly Added,July_2026,356.05,,100.0,2786.0,,,,,,36.0,2026-07-01,0.0007178750897343862,617727_July_2026
617729,Kopparthy Industrial Area,,(-) (-),NICDC,2024-08-01,2028-10-01,,2136.0,2136.0,Newly Added,July_2026,39.75,,100.0,2136.0,,,,,,36.0,2026-07-01,0.0014044943820224719,617729_July_2026
617730,600 MW Khavda Solar Power Project,,(-) (-),NLC India Limited [NLCIL],2023-08-01,2026-06-01,,3335.85,3335.85,Newly Added,July_2026,2122.95,,100.0,3335.85,,,,,,24.0,2026-07-01,0.4132410030427028,617730_July_2026
617764,North Dhadu Western Part OCP,,(-) (-),NLC India Limited [NLCIL],2023-10-01,,,,1354.2,Newly Added,July_2026,233.77,,100.0,1354.2,,,,,,,2026-07-01,,617764_July_2026
617801,Provision of ICT Augmentation & Bus Reactor at Bhuj-II PS,,(-) (-),Power Grid Corporation of India Limited [POWERGRID],2025-03-01,2026-12-01,,581.74,581.74,Newly Added,July_2026,17.45,,100.0,581.74,,,,,,21.0,2026-07-01,0.005002234675284492,617801_July_2026
617802,Augmentation of Transformation Capacity and Implementation of Line Bays at Mandsaur S/S for RE Interconnection [SPV Name- POWERGRID Mandsaur I RE Transmission Limited],,(-) (-),Power Grid Corporation of India Limited [POWERGRID],2025-10-01,2028-03-01,,319.0,319.0,Newly Added,July_2026,17.23,,100.0,319.0,,,,,,29.0,2026-07-01,0.023072100313479626,617802_July_2026
617803,Transmission System Strengthening at Davanagere for Integration of RE Generation [SPV Name - POWERGRID Davanagere Power Transmission Limited],,(-) (-),Power Grid Corporation of India Limited [POWERGRID],2025-09-01,2027-09-01,,379.0,379.0,Newly Added,July_2026,17.06,,100.0,379.0,,,,,,24.0,2026-07-01,0.03907651715039578,617803_July_2026
617804,Mechanization of Berth No.14 for handling Containers and other cargo on DBFOT basis - Phase II,,(-) (-),New Mangalore Port Authority,2023-12-01,2027-03-01,,153.23,153.23,Newly Added,July_2026,97.45,,100.0,153.23,,,,,,33.0,2026-07-01,0.25001631534294855,617804_July_2026
617806,Transmission System for Integration of Ananthapur 2 REZ Phase 1 for 4.5 GW. SPV Name Anantapuram 2 REZ Transmission Ltd,,(-) (-),Sterlite Power,2024-08-01,2024-08-01,,,4535.99,Newly Added,July_2026,4535.99,,,4535.99,,,,,,,2026-07-01,,617806_July_2026
617807,Inter-regional [NR-WR] Transmission System strengthening to relieve the loading of 765 kV Vindhyachal-Varanasi D/c line,,(-) (-),Power Grid Corporation of India Limited [POWERGRID],2025-10-01,2025-10-01,,,2368.0,Newly Added,July_2026,2368.0,,,2368.0,,,,,,,2026-07-01,,617807_July_2026
617808,Inter-Regional Strengthening between SR Grid and WR Grid,,(-) (-),Power Grid Corporation of India Limited [POWERGRID],,2025-10-01,,,,Newly Added,July_2026,1007.0,,,1007.0,,,,,,,2026-07-01,,617808_July_2026
617818,"City Gas Distribution [CGD] Project in Gajapati, Kandhamal, Boudh, & Sonepur GA",,(-) (-),GAIL Gas,2022-02-01,2030-02-01,,514.91,514.91,Newly Added,July_2026,25.77,,100.0,514.91,,,,,,96.0,2026-07-01,0.04010409586141268,617818_July_2026
617819,"City Gas Distribution [CGD] Project in Kondagaon, Bastar, Sukma, Narayanpur, Bijapur & Dantewada GA",,(-) (-),GAIL Gas,2022-06-01,2030-06-01,,557.04,557.04,Newly Added,July_2026,11.63,,100.0,557.04,,,,,,96.0,2026-07-01,0.01592345253482694,617819_July_2026
617822,ATF Pipeline from BPCLs Malkapur POL Installation to  Hyderabad International airport,,(-) (-),Bharat Petroleum Corporation Limited [BPCL],2025-03-01,2027-09-01,,215.0,215.0,Newly Added,July_2026,46.87,,100.0,215.0,,,,,,30.0,2026-07-01,0.17748837209302323,617822_July_2026
617824,Bakhtiyarpur-Rajgir-Tilaiya [Single line section]104km,,Bihar,East Central Railway (ECR) - II,2025-10-01,2029-10-01,,2017.38,2017.38,Newly Added,November_2025,0.0,,0.0,0.0,,,,,,48.0,2025-11-01,0.0,617824_November_2025
617827,"Pipeline Rehabilitation Project, Phase-II",,Assam,Oil India Limited,2024-12-01,2029-12-01,,680.0,680.0,Newly Added,July_2026,29.0,,1.99,13.53,,,,,,60.0,2026-07-01,0.01989705882352941,617827_July_2026
617828,Siliguri-Jhapa Pipeline Project,,(-) (-),Indian Oil Corporation Limited [IOCL],2024-09-01,2029-03-01,,267.0,267.0,Newly Added,July_2026,3.19,,100.0,267.0,,,,,,54.0,2026-07-01,0.0066292134831460675,617828_July_2026
617829,LPG Bottling Plant at Mualkhang,,Mizoram,Indian Oil Corporation Limited [IOCL],2024-07-01,2028-10-01,,225.71,225.71,Newly Added,July_2026,34.0,,14.38,32.45,,,,,,51.0,2026-07-01,0.14376855256745383,617829_July_2026
617830,C2/C3 Vijaipur Pata Pipeline,,(-) (-),Gas Authority of India Limited [GAIL],2024-05-01,2027-01-01,,1792.0,1792.0,Newly Added,July_2026,541.2,,100.0,1792.0,,,,,,32.0,2026-07-01,0.25,617830_July_2026
617832,Koderma-Barkakana Arigada 133 Km,,(-) (-),CAO/Con/South/MHX ECR mor,2025-06-01,2029-12-01,,2887.11,2887.11,Newly Added,July_2026,0.85,,100.0,2887.11,,,,,,54.0,2026-07-01,0.0,617832_July_2026
617836,Coke Drum Structure Package,,Assam,Numaligarh Refinery Limited,2022-12-01,2025-12-01,,635.28,635.28,Newly Added,July_2026,72.0,,73.11,464.46,,,,,,36.0,2026-07-01,0.7311106913486967,617836_July_2026
617837,Siliguri Marketing Terminal [SMT] Capacity Augmentation Project,,(-) (-),Numaligarh Refinery Limited,2021-11-01,2025-12-01,,484.0,484.0,Newly Added,July_2026,319.32,,100.0,484.0,,,,,,49.0,2026-07-01,0.6137396694214876,617837_July_2026
617838,Augmentation of CCKPL and IDPL Pipelines capacity along with setting up of Palakkad TOP,,(-) (-),Bharat Petroleum Corporation Limited [BPCL],2024-09-01,2028-08-01,,1130.0,1130.0,Newly Added,July_2026,324.61,,100.0,1130.0,,,,,,47.0,2026-07-01,0.18820353982300883,617838_July_2026
617839,Capacity Augmentation of Kandla LPG Import Terminal [KLIT] from 0.6 MMTPA to 2.5 MMTPA,,(-) (-),Indian Oil Corporation Limited [IOCL],2023-05-01,2026-07-01,,356.86,356.86,Newly Added,July_2026,168.04,,85.3,304.4,,,,,,38.0,2026-07-01,0.2586448467186011,617839_July_2026
617877,Phase B Construction of Permanent Campus of IIT Bhilai,,(-) (-),"Indian Institute of Technology, Bhilai",2025-05-01,2028-10-01,,1188.97,1188.97,Newly Added,July_2026,1.92,,100.0,1188.97,,,,,,33.0,2026-07-01,0.0,617877_July_2026
617878,Phase B of Construction of Permanent Campus of IIT Palakkad,,(-) (-),INDIAN INSTITUTE OF TECHNOLOGY PALAKKAD,2025-05-01,2028-10-01,,1527.0,1527.0,Newly Added,July_2026,9.8,,100.0,1527.0,,,,,,33.0,2026-07-01,0.00641781270464964,617878_July_2026
617880,Desalpar-Hajipir-Luna and Vayor-Lakhpat New Line,,(-) (-),Western Railway [WR] - II,2025-09-01,2028-09-01,,2526.47,2526.47,Newly Added,June_2026,0.0,,100.0,2526.47,,,,,,36.0,2026-06-01,0.009499420139562315,617880_June_2026
617882,"Setting up IT Infrastructure including Network Security and Hosting at AIIMS, New Delhi",,(-) (-),PMSSY AND Institute of NATIONAL Importance,2025-09-01,2026-09-01,,358.19,358.19,Newly Added,July_2026,53.73,,100.0,358.19,,,,,,12.0,2026-07-01,0.0,617882_July_2026
617883,"Redevelopment of Residential colonies at Ayur Vigyan Nagar and West Ansari Nagar campuses of AIIMS, New Delhi",,(-) (-),PMSSY AND Institute of NATIONAL Importance,2016-10-01,2027-06-01,,4441.0,4441.0,Newly Added,July_2026,44.44,,100.0,4441.0,,,,,,60.0,2026-07-01,0.005557306912857465,617883_July_2026
617885,Rehabilitation and Up-gradation of Nongstoin  Wahkaji section of Project Road Km 0000 to Km 43060 to Intermediate Lane with earthern shoulder under SARDP-NE Phase-A in the State of Meghalaya on EPC mode.   Job No- SARDP- NE  ong-Don-Maw/MG/2020-21/294,,Meghalaya,MoRTH,2022-02-01,2023-08-01,,302.88,302.88,Newly Added,July_2026,99.62,,61.99,187.77,,,,,,18.0,2026-07-01,0.6199484944532488,617885_July_2026
617886,Widening of existing Single lane / Intermediate lane road to 2 lane from Km 101 to Km 125 of NH 61,,Nagaland,MoRTH,2024-06-01,2026-06-01,,252.2,252.2,Newly Added,July_2026,44.46,,0.0,0.0,,,,,,24.0,2026-07-01,0.0,617886_July_2026
617887,Beawer Gomti 4LPS from km 58.245 to km 108.600 Pkg-I,,Rajasthan,MoRTH,2021-10-01,2025-12-01,,379.23,379.23,Completed,July_2026,100.0,,100.0,379.23,,,,,,50.0,2026-07-01,0.47222002478706854,617887_July_2026
617888,Landslide treatment work on NH 58 from Kodiyala Km. 266.130 to Devprayag Km. 296.925 10 location under EPC mode in the State of Uttarakhand on EPC Mode,,(-) (-),MoRTH,2023-01-01,2025-02-01,,192.54,192.54,Newly Added,July_2026,0.0,,100.0,192.54,,,,,,12.0,2026-07-01,1.3399813025864755,617888_July_2026
617889,Treatment of landslide zone from location no. 01 to 28 km 62.860 to 152.750 on NH- 12509 in the State of Uttarakhand under EPC mode in NHO Annual Plan 2022-23,,(-) (-),MoRTH,2022-11-01,,,,192.22,Newly Added,July_2026,0.0,,100.0,192.22,,,,,,,2026-07-01,,617889_July_2026
617890,Construction of Champawat Bypass with two lane with paved shoulder configuration starting from existing chainage 121.700 to existing chainage 129.450 Design Length 9.847 of NH-125 in District-Champawat in the state of Uttrakhand on EPC mode.,,(-) (-),MoRTH,2025-02-01,2027-12-01,,220.89,220.89,Newly Added,July_2026,0.0,,100.0,220.89,,,,,,23.0,2026-07-01,0.0,617890_July_2026
617891,"Construction of Two lane with Paved Shoulder for Fatehpur Bypass Design Km 0.000 to Km 7.400 , Mandawa Bypass Design Km 20.925 to Km 27.300 & Jhunjhunu Bypass Design Km 41.625 to Km 54.689 of NH-11 on EPC Mode in the state of Rajasthan .",,Rajasthan,MoRTH,2023-02-01,2024-08-01,,186.29,186.29,Completed,June_2026,100.0,,41.9,78.06,,,,,,18.0,2026-06-01,0.4190241022062376,617891_June_2026
617892,Construction of 2-lane road of Potin to Pangin section of NH-13 from Km 163.59 to Km 206.66 Package-5 on EPC Mode in the State of Arunachal Pradesh under Arunachal Pradesh Package of Roads and Highways of SARDP-NE [Job No SARDP-NE/P-P/Pkg-A/NH-13/Ar.Pr./PWD/2018-19/116],,Arunachal Pradesh,MoRTH,2020-11-01,2023-11-01,,450.65,450.65,Newly Added,July_2026,96.61,,76.56,345.01,,,,,,36.0,2026-07-01,0.7655830467103073,617892_July_2026
617893,Construction of additional major Bridge with 4- lane configuration of length 1.48 km on NH-60   NH-14    over River Kangshabati from Km. 117.770 to Km 119.250 and additional major Bridge with 4- lane configuration of length 0.900 km on NH-60   NH- 14    over River Shilabati from Km. 173.220 to Km 174.120 in the district of Paschim Medinipur of West Bengal under Annual Plan for FY 2023-24 on EPC mode.   Job No 014-W8-2023-24/527   .,,(-) (-),MoRTH,2023-11-01,2028-05-01,,304.83,304.83,Newly Added,July_2026,0.15,,100.0,304.83,,,,,,30.0,2026-07-01,0.0,617893_July_2026
617894,"Construction or 4 lane Raniganj Bypass of length 5.261 km on NH-60   new NH-14 from km 273.00 of NH to km 478.18 of NH-2   New NH 16    in paschim Bardhaman, West Bengal in EPC Mode- reg.   Job No. 014-WB-2022-23/514",,(-) (-),MoRTH,2023-03-01,2026-03-01,,410.83,410.83,Newly Added,July_2026,184.64,,100.0,410.83,,,,,,24.0,2026-07-01,0.640167465861792,617894_July_2026
617895,Construction of Mangaldoi Bypass NH-15 starting at Ch 26400 and terminating at Ch 41505 under Rangia NH Division  L 15.105 Km in the State of Assam. Job No. 15/AS/2021-22/234,,Assam,MoRTH,2023-04-01,2025-04-01,,535.03,535.03,Newly Added,July_2026,76.32,,39.11,209.27,,,,,,24.0,2026-07-01,0.39113694559183604,617895_July_2026
617896,"Construction of 4 lane Gauripur Bypass Starting bfrom Km 852.56 of NH- 31Dumardoha Pt-II and Terminating at Km 862.17 Baladmara via. Khudimari Pt.- II, Fulkumari, Charaldanga, Sajuakuti,Geramari Pt.-III and finally meeting at km 862.17 of NH-17New/ NH-31Old in the State of Assam under EPC Mode Job no. 31/AS/ 2023-24/265",,Assam,MoRTH,2025-04-01,2026-10-01,,421.15,421.15,Newly Added,July_2026,34.0,,0.0,0.0,,,,,,18.0,2026-07-01,0.0,617896_July_2026
617897,Construction of proposed 4Lane Revelgunj bypass NH-19 in the State of Bihar on EPC mode connecting NH 19 to 85 origin,,(-) (-),MoRTH,2022-03-01,2025-07-01,,295.24,295.24,Newly Added,July_2026,44.18,,100.0,295.24,,,,,,24.0,2026-07-01,0.11201056767375694,617897_July_2026
617898,New construction of Major Bridge with Approaches from Km 0.000 to 1.200 Madhopur -Badabanta section of NH-20 under NHO in Annual Plan 2022-23 in the State of Odisha,,(-) (-),MoRTH,2023-03-01,2027-10-01,,199.5,199.5,Newly Added,July_2026,0.32,,100.0,199.5,,,,,,30.0,2026-07-01,0.9624060150375939,617898_July_2026
617899,Widening and Strengthening to 4LPS/2LPS from km 0.000 to 35.800 Kuakhia - Mangalpur section of NH 20 in the state of Odisha on Annual Plan 2021-22,,(-) (-),MoRTH,2022-03-01,2026-02-01,,636.1,636.1,Newly Added,July_2026,296.5,,100.0,636.1,,,,,,24.0,2026-07-01,0.0751296965885867,617899_July_2026
617900,Upgradation to Two Lane Paved Shoulder in km 33/0 to 126/520 of NH-23 Old NH-11B Kothun-Lalsot-Karoli-Dholpur road in the state of Rajasthan under EPC mode Length-93.52 Km.,,Rajasthan,MoRTH,2022-09-01,2024-09-01,,150.11,150.11,Completed,June_2026,100.0,,8.16,12.25,,,,,,24.0,2026-06-01,0.08160682166411298,617900_June_2026
617901,Widening of Pachpadra-Bagundi Section to 4 Lane from Km 73/60 to 95/70 of  NH-25 on EPC mode in the state of Rajasthan.,,(-) (-),MoRTH,2022-01-01,2024-12-01,,194.88,194.88,Newly Added,July_2026,55.29,,100.0,194.88,,,,,,24.0,2026-07-01,0.2487171592775041,617901_July_2026
617902,construction or By-pass road on NH-26 for Nabrangpur Town,,(-) (-),MoRTH,2023-03-01,2026-12-01,,168.95,168.95,Newly Added,July_2026,11.13,,100.0,168.95,,,,,,24.0,2026-07-01,1.142349807635395,617902_July_2026
617904,Construction of Bypass road to Balangir town from km 72/400 Desing km 0/0 to km 79/800 Design km 11/670 of NH-26 in the State of Odisha.,,(-) (-),MoRTH,2022-02-01,2025-10-01,,238.78,238.78,Newly Added,July_2026,6.79,,100.0,238.78,,,,,,30.0,2026-07-01,0.02550464863053857,617904_July_2026
617905,Construction of 4 lane ROB with approaches in lieu of LC No. RV-172 at km 176.00 of NH-201 present NH-26 at Kesinga including land acquisition in the state of Odisha on EPC mode under Annual Plan 2021-22,,(-) (-),MoRTH,2021-12-01,2025-05-01,,324.09,324.09,Newly Added,July_2026,88.48,,100.0,324.09,,,,,,24.0,2026-07-01,0.20312258940417785,617905_July_2026
617906,Up-gradation of Dhoraji-Jamkandorna-Kalavad Section of NH-927D from Design Chainage km 0/00 to km 58/115 to Two lane with PS configuration in the State of Gujarat on EPC,,(-) (-),MoRTH,2022-10-01,2027-01-01,,246.6,246.6,Newly Added,July_2026,0.0,,118.08,291.19,,,,,,35.0,2026-07-01,0.0,617906_July_2026
617907,Rehabilitation and Up-gradation from Km 170700 Bhadrachalam to Km 234567 Konta on NH-30 to Two lane with Paved Shoulder in the State of Andra Pradesh on EPC mode.,,Andhra Pradesh,MoRTH,2022-09-01,2024-09-01,,436.09,436.09,Completed,June_2026,100.0,,55.07,240.15,,,,,,24.0,2026-06-01,0.5506890779426266,617907_June_2026
617908,Bemetara Bypass NH 30,,(-) (-),MoRTH,2024-01-01,2027-04-01,,161.96,161.96,Newly Added,July_2026,0.0,,100.0,161.96,,,,,,24.0,2026-07-01,0.2901951099036799,617908_July_2026
617909,Construction of Rewa Bypass to 4-lane with paved shoulder along with service road from Ratahara Chowk to Chorhata Chowk Road section of NH-30 from km 00.000 to 19.200 in the State of Madhya Pradesh on Hybrid Annuity Mode HAM.,,(-) (-),MoRTH,2024-03-01,2027-02-01,,648.05,648.05,Newly Added,July_2026,0.0,,100.0,648.05,,,,,,24.0,2026-07-01,0.19134326055088344,617909_July_2026
617911,Rehabilitation and upgradation Umaria to Shahdol section of NH-78 from Existing Km. 68/4 to Km. 142/2 to 2LPS including construction of Birshinghpur and Shahdol Bypass on EPC mode under NHDP-IVA,,(-) (-),MoRTH,2015-03-01,2017-07-01,,511.83,511.83,Newly Added,July_2026,0.0,,119.8,613.16,,,,,,23.0,2026-07-01,0.0,617911_July_2026
617912,Construction of 6 lane flyover from Khapari ROB to Mihan Interchange design chainage km 8760 to 11450 L- 2.69 km and upgradation of existing 4L PS road to 6LPS with service road by flexible pavement design chainage km 11450 to 14500 L- 3.05 [total project length 5.74 km] in section of Nagpur - Hyderabad NH-44 Old NH-7 in Nagpur district in the state of Maharashtra on HAM mode.,,(-) (-),MoRTH,2024-03-01,2027-10-01,,619.55,619.55,Newly Added,July_2026,18.35,,100.0,619.55,,,,,,24.0,2026-07-01,0.0,617912_July_2026
617913,6-laning of km 9.900 to km 19/948 Aramgarh to Shamshabad Section of Hyderabad- Bangalore section of NH-44 Under NHO EPC basis in the state of Telangana,,(-) (-),MoRTH,2018-01-01,2020-05-01,,283.15,283.15,Newly Added,July_2026,480.41,,106.2,300.7,,,,,,24.0,2026-07-01,0.8909765142150804,617913_July_2026
617914,Two lane with paved shoulder configuration along with One time improvement in 03 nos of bypassed built-up areas in a total length of 12.341 km in the State of Madhya Pradesh on EPC mode,,(-) (-),MoRTH,2022-03-01,2025-12-01,,241.23,241.23,Newly Added,July_2026,50.78,,103.67,250.09,,,,,,23.0,2026-07-01,0.0,617914_July_2026
617915,Upgradation of Dindori-Sagartola-kabichabutra MP-CG border section of NH -45 from km 000Design to km 77.00 Design to Two lane with paved shoulder configration along with one time improvement in 04 nos. of bypaased built-up areas in a total length of 9.1 km in the state of Madhya Pradesh on EPC mode.,,Madhya Pradesh,MoRTH,2023-09-01,2026-03-01,,329.14,329.14,Completed,July_2026,100.0,,96.95,319.09,,,,,,30.0,2026-07-01,0.0,617915_July_2026
617916,Work of 6 laning/Construction of elevated corridor from km 0/0 to 10/170 Narol Junction to Sarkhej junction including 4 lane Shastri Bridge on Sabarmati river on NH 47 in the State of Gujarat on HAM mode,,(-) (-),MoRTH,2024-03-01,2028-02-01,,1295.39,1295.39,Newly Added,July_2026,0.0,,100.0,1295.39,,,,,,30.0,2026-07-01,0.0,617916_July_2026
617917,"Construction of 4 Lane Flyover at Nagpur RTO Chowk To Nagpur University Campus from Ch 2/250 to 5/100 and 4 lane flyover at wadi/midc junction from km 8/360 to km, 10/300 on NH 53 in state of Maharashtra.",,(N24001883) (-),MoRTH,2021-03-01,2024-03-01,,478.83,478.83,Newly Added,May2026,0.0,,102.44,490.52,,,,,,24.0,2026-05-01,0.0,617917_May2026
617918,"Widening and Strengthening of existing S/L, I/L, & D/L to 2 Lane with PS from Km 256/455 to 256/503, 256/820 to 256/960, 265/760 to 266/010, 266/010 to 266/800, 270/975 to 271/055, 276/460 to 276/560, 276/560 to 276/700, 276/700 to 277/480, 285/780 to 288/290, 288/290 to 291/050 and construction of 3 Nos. of Bypass from Km 266/800 to 267/300, 270/025 to 270/975, & 284/700 to 285/780 on NH-53 under NHO in Annual Plan 2022-23 for the State of Odisha.",,Odisha,MoRTH,2026-06-01,2027-12-01,,174.21,,Newly Added,July_2026,,,14.92,26.0,,,,,,18.0,2026-07-01,0.14924516388267034,617918_July_2026
617919,Construction of 4 Nos Grade separtor between km. 281.000 to km. 307.600 km. 286.400 kumhari km. 299.000 Transport Nagar km. 302.000 Power House km. 304.000 Chandra Moura Chowk to km. 305.000 supeia of NH-53 old NH-06 Raipur - Durg 4 Lane on EPC mode in the state of chhattisgarh job NO. NH-53old NH-06 CG- 2017-18-56,,(-) (-),MoRTH,2018-03-01,2021-01-01,,349.03,349.03,Newly Added,July_2026,304.04,,100.0,349.03,,,,,,24.0,2026-07-01,0.0,617919_July_2026
617920,Widening and Strengthening to 2LPS including LA from km 318.970 to 353.450 Balikuda-Mulkani Section of NH-55 under NHO in Annual Plan 2022-23 in the State of Odisha. Job No. NH-55-OD-2022-23-656,,(-) (-),MoRTH,2022-01-01,2027-06-01,,511.54,511.54,Newly Added,July_2026,7.64,,100.0,511.54,,,,,,24.0,2026-07-01,0.3714274543535207,617920_July_2026
617921,Widening and strengthening to 2LPS including LA of Kandarpur-Balikuda from km 277/500 to 318/970 of NH-55 in the State of Odisha under Annual Plan 2021-22.,,(-) (-),MoRTH,2022-03-01,2025-06-01,,499.79,499.79,Newly Added,July_2026,131.36,,100.0,499.79,,,,,,24.0,2026-07-01,0.19934372436423295,617921_July_2026
617922,Construction of Jharsuguda Bypass including Land acqusition on NH-49 from km 258.636 to km 283.300 design chainage 258.636 to km 289.876 under NHO in Annual Plan 2022-23 for the state of Odisha Job No.NH-49-OD-2022-23-655,,(-) (-),MoRTH,2021-09-01,2027-07-01,,587.1,587.1,Newly Added,July_2026,52.58,,100.0,587.1,,,,,,30.0,2026-07-01,0.3253278828138307,617922_July_2026
617923,Construction of  Daspalla Bypass from km 195.250 To 200.635 of NH-57 including land acquisition in the state of Odisha on EPC mode under Annual Plan 2022-23.,,(-) (-),MoRTH,2023-02-01,2027-05-01,,155.97,155.97,Newly Added,July_2026,53.05,,100.0,155.97,,,,,,24.0,2026-07-01,0.016990446880810414,617923_July_2026
617924,Construction of bypass to Nayagarh town from km 235.469 to 252.482 of NH-57 including land acquisition in the state of Odisha.,,Odisha,MoRTH,2023-05-01,2025-04-01,,300.33,300.33,Completed,June_2026,100.0,,34.51,103.64,,,,,,23.0,2026-06-01,0.3450870708886891,617924_June_2026
617925,Construction of Bypass to Khordha town from Km 294/000 to 300/300 on NH-57 including LA in the State of Odisha on EPC mode.,,(-) (-),MoRTH,2022-02-01,2024-11-01,,157.49,157.49,Newly Added,July_2026,33.69,,100.0,157.49,,,,,,18.0,2026-07-01,0.2134103752619214,617925_July_2026
617926,Construction of new 4 lane major bridge with approaches on Sabarmati River near Dharoi at Km. 82/00 to 86/00 Design length 3.300 km on NH-58 in the State of Gujarat on Hybrid Annuity Mode HAM,,(-) (-),MoRTH,2024-03-01,2027-08-01,,398.4,398.4,Newly Added,July_2026,0.0,,100.0,398.4,,,,,,24.0,2026-07-01,0.0,617926_July_2026
617927,Widening to 2LPS between Km 0/0 to 56/0 Khokhara Gujarat Border  Vijayanagar Antrasuba Mathasur road  of NH 58 in the State of Gujarat,,(-) (-),MoRTH,2024-03-01,2026-08-01,,699.19,699.19,Newly Added,July_2026,0.0,,100.0,699.19,,,,,,11.0,2026-07-01,0.0,617927_July_2026
617928,"Widening 2 lane to 4-lane from KM 92/320 to Km 115/320 Vav Chokdi-Satlasana to to Vrundavan Chokdi, Kheralu on NH-58 in the State of Gujarat.",,(-) (-),MoRTH,2022-03-01,2026-03-01,,151.13,151.13,Newly Added,July_2026,0.0,,113.33,171.27,,,,,,24.0,2026-07-01,0.0,617928_July_2026
617929,Construction of 2 lane with paved shoulder of Kund Bypass from Design Km 35.130 to Km 47.700 existing Km 33.130 to Km 41.260 of NH-109 in the State of Uttarakhand,,(-) (-),MoRTH,2018-02-01,2020-05-01,,247.41,247.41,Newly Added,July_2026,114.6,,100.0,247.41,,,,,,24.0,2026-07-01,0.0,617929_July_2026
617930,Construction of Bypass on NH-59 from Km 336/350 to 349/910 13.56 km near Berhampur town including 4-lane RoB in the state of Odisha.,,(-) (-),MoRTH,2021-03-01,2025-12-01,,196.94,196.94,Newly Added,July_2026,59.55,,100.0,196.94,,,,,,45.0,2026-07-01,0.15466639585660608,617930_July_2026
617931,Construction of ROB and its approaches in lieu of  LC No. 10/B/T at Km 307.050 of NH-60.,,(-) (-),MoRTH,2016-03-01,2025-08-01,,155.87,155.87,Newly Added,July_2026,20.6,,88.9,138.57,,,,,,24.0,2026-07-01,1.6937191249117853,617931_July_2026
617932,Construction of New Four Lane Bypass to Parbhani City Parwa to Asola Km 463/265 to Km 481/180 Design Ch. 19220 to Ch. 34434 Length-15.214 Km section of NH-61 on EPC mode in the State of Maharashtra.,,(-) (-),MoRTH,2022-03-01,2024-10-01,,496.64,496.64,Newly Added,July_2026,210.17,,100.0,496.64,,,,,,15.0,2026-07-01,0.0,617932_July_2026
617933,Up-gradation to four lane/ Two lane with paved shoulders configuration of Kalyan - Murbad - Malshej Ghat - Nirmal Road NH- 61 km 15/200 to Km 38/00 and from Km. 58/00 to Km 84/00 Design length  48.58 km of NH-61 on EPC Mode in Thane District in the state of Maharashtra,,(N24002174) (10141),MoRTH,2023-02-01,2026-08-01,,984.07,984.07,Newly Added,May2026,0.0,,100.0,984.07,,,,,,29.0,2026-05-01,0.0,617933_May2026
617934,Nasratpur to Barasgaon section of NH-61 2L / 4L  PS from Km.514/00 to 558/200,,(-) (-),MoRTH,2017-07-01,2019-09-01,,406.54,406.54,Newly Added,July_2026,528.24,,100.0,406.54,,,,,,24.0,2026-07-01,0.0,617934_July_2026
617935,"Construction of Elevated corridor from Km. 135.650 to 136.300 on 63, from Km. 249 to Km. 250.050 on old NH-4 and from Km. 192.910 to Km. 193.350 on NH-218 from decongestion of traffic in Ranichennamma circle in Hubli city in the state of Karnataka on EPC basis",,(-) (-),MoRTH,2020-08-01,2024-06-01,,298.0,298.0,Newly Added,July_2026,232.09,,117.28,349.49,,,,,,36.0,2026-07-01,0.473993288590604,617935_July_2026
617936,Widening to two/four lane with paved shoulder from Km.180.600 to Km.223.000 of NH-63 on Nizamabad-Jagadalpur road on EPC mode under NHO in the state of Telangana.,,(-) (-),MoRTH,2016-10-01,2019-03-01,,253.99,253.99,Newly Added,July_2026,0.0,,72.15,183.26,,,,,,24.0,2026-07-01,0.0,617936_July_2026
617937,Udgir Raavi Degloor Aadampur phata to Sagroli fata,,(-) (-),MoRTH,2024-11-01,2028-04-01,,809.77,809.77,Newly Added,July_2026,0.93,,100.0,809.77,,,,,,24.0,2026-07-01,0.0617459278560579,617937_July_2026
617939,6-Laning of Pune-Hyderabad Section of NH-65 from Km 493/0 to Km 524/0 from Sangareddy X Roads to Madinaguda in the State of Telangana,,(-) (-),MoRTH,2023-03-01,2026-07-01,,1297.75,1297.75,Newly Added,July_2026,0.0,,100.0,1297.75,,,,,,24.0,2026-07-01,0.17954151415912156,617939_July_2026
617940,"Rehabilitation and Upgradation of LB-Nagar to Malkapur section to 6-Lane main carriageway with service roads, drains cum footpath, including VUPs and widening of Minor bridge & road safety provisions from Km. 15/00 to Km 40/00 of NH-65 Old NH-9 under NH O for the year 2020-21 in the state of Telangana on EPC Mode.",,(-) (-),MoRTH,2021-03-01,2024-07-01,,545.11,545.11,Newly Added,July_2026,290.36,,100.0,545.11,,,,,,24.0,2026-07-01,0.4746748362715782,617940_July_2026
617941,4-Laning from End of Zuari approaches to Start of Margao Bypass section of NH-66 from Km 536.800 to Km 543.450,,(-) (-),MoRTH,2024-07-01,2028-02-01,,398.25,398.25,Newly Added,July_2026,0.28,,100.0,398.25,,,,,,24.0,2026-07-01,0.13308223477715003,617941_July_2026
617942,Construction of Six lane Elevated Corridor from Km. 508.000 to Km. 513.150 including approaches on NH-66,,(-) (-),MoRTH,2023-04-01,2026-04-01,,641.46,641.46,Newly Added,July_2026,0.0,,100.0,641.46,,,,,,24.0,2026-07-01,0.0,617942_July_2026
617943,4-laning of Navelim to Cuncolim Section of NH-66 from Km 554.245 to Km 561.480 on HAM Mode,,(-) (-),MoRTH,2024-12-01,2028-10-01,,746.75,746.75,Newly Added,July_2026,0.0,,100.0,746.75,,,,,,30.0,2026-07-01,0.03213927017073987,617943_July_2026
617944,Kashedi ghat tunnel NH-66 [Bhogaon Khurd - Kashedi section] 4 lanes under NHDP on EPC mode,,(N24001132) (10146),MoRTH,2018-09-01,2021-04-01,,680.43,680.43,Newly Added,May2026,0.0,,103.09,701.46,,,,,,30.0,2026-05-01,0.0,617944_May2026
617945,Balance work of NH-66 from design Km 84/00 to Km 87/100 Indapur Bypass and Km 91/600 to Km 99/100 Mangaon Bypass to four lane with paved shoulder in State of Maharashtra under NHO on EPC Mode.,,(-) (-),MoRTH,2025-03-01,2027-04-01,,354.21,354.21,Newly Added,July_2026,0.0,,100.0,354.21,,,,,,18.0,2026-07-01,0.0,617945_July_2026
617946,Kashedi to Parshuram Ghat section of NH-66 from Km 161/600 - Km 205/400 - 4L  PS,,(-) (-),MoRTH,2016-03-01,2020-02-01,,1142.62,1142.62,Newly Added,July_2026,427.48,,100.0,1142.62,,,,,,24.0,2026-07-01,0.0,617946_July_2026
617947,Arawali Kante section of NH-17New NH-66 4L  PS from Km.241/300 to 281/300,,(-) (-),MoRTH,2016-03-01,2019-11-01,,1006.99,1006.99,Newly Added,July_2026,0.17,,143.31,1443.09,,,,,,24.0,2026-07-01,0.0,617947_July_2026
617948,Kante - Wakad section of NH-66 4L  PS from Km.281/300 to 332/200,,(-) (-),MoRTH,2016-03-01,2019-11-01,,1117.75,1117.75,Newly Added,July_2026,375.93,,180.77,2020.56,,,,,,24.0,2026-07-01,0.1530932677253411,617948_July_2026
617949,Tadipatri Bypass Km 0000 to Km 6285 of 4-Lane on NH-67 in Anantapuramu district of AP state under NHO on EPC Mode under Annual Plan 2022-23,,Andhra Pradesh,MoRTH,2024-03-01,2026-01-01,,159.66,159.66,Completed,July_2026,100.0,,100.0,159.66,,,,,,22.0,2026-07-01,0.20399599148189904,617949_July_2026
617950,Construction of Srinivasapura Bypass from existing Km 453.890   Design Ch. 0000 to existing Km 461.450   Design Ch 10080    on NH-69 in the State of Karnataka Under NH   O    in EPC mode under Annual Plan 2022-23  NH-69-KNT-2022-23-966 dated 22.11.2022,,(-) (-),MoRTH,2022-11-01,2027-01-01,,204.42,204.42,Newly Added,July_2026,9.76,,100.0,204.42,,,,,,18.0,2026-07-01,0.0,617950_July_2026
617951,Construction of Chintamani Bypass from Design Ch.0000 Existing Ch.428880 to Design Ch.15400 Existing Ch.444010 on NH-69 in the State of Karnataka in EPC Mode under NHO Annual Plan 2022-23. NH-69-KNT-2022-23-989 dated 24.03.2023,,(-) (-),MoRTH,2023-03-01,2027-07-01,,314.55,314.55,Newly Added,July_2026,7.02,,100.0,314.55,,,,,,18.0,2026-07-01,0.1494198060721666,617951_July_2026
617954,Balance work of Rehabilitation and upgrading to 2lane/2lane with paved shoulder configuration and strengthening from from Km 343.80 to 400.33 of Gowribidanur- Chik Ballapur section in the state of Karnataka Under Annual Plan 2021-22 under EPC Mode.-952,,Karnataka,MoRTH,2023-02-01,2025-02-01,,398.48,398.48,Completed,June_2026,100.0,,60.74,242.02,,,,,,24.0,2026-06-01,0.607357960248946,617954_June_2026
617955,Widening to two lane with paved Shoulders from Km 40.00 to Km 75.00   Existing chainages    of Mangalore - Tumkur section of NH-73 in the State of Karnataka on EPC Mode under Annual Plan 2021-22   Job No NH-73-KNT-2021-22-945,,(-) (-),MoRTH,2022-03-01,2025-03-01,,718.52,718.52,Newly Added,July_2026,312.83,,100.0,718.52,,,,,,24.0,2026-07-01,0.3618966765016979,617955_July_2026
617957,Construction of Jasra Bypass with four lane paved shoulder configurationfrom Km 379.670 on NH-76New NH-35  to Km 18.00 on NH-27New NH-30 on EPC in the State of Uttar Pradesh.,,(N24002120) (-),MoRTH,2023-02-01,2025-09-01,,274.06,274.06,Newly Added,May2026,0.0,,100.0,274.06,,,,,,18.0,2026-05-01,0.0,617957_May2026
617958,Widening & Strenthening from km132.895 to km 190.15 NH-80,,(-) (-),MoRTH,2021-03-01,2024-11-01,,566.1,566.1,Newly Added,July_2026,293.89,,100.0,566.1,,,,,,24.0,2026-07-01,0.39145027380321495,617958_July_2026
617959,Rehabilitation & Widening work for 2 Lane with Paved Shoulder of Existing NH-80 from km 70.15 to Km 121.025 of Munger-Suttanganj -BhagatpurMirzachowki section on EPC Mode in the State of Bihar.,,Bihar,MoRTH,2023-02-01,2025-01-01,,477.54,477.54,Completed,June_2026,100.0,,71.84,343.05,,,,,,23.0,2026-06-01,0.7183691418519914,617959_June_2026
617960,Construction of new road at the missing link portion of NH-81 along approved alignment between Harishchandrapur and Eastern approach of Kalindri Bridge from Km 46.550 to Km 59.697 in the district of Malda. Job No-081-WB-2015-16/400,,(-) (-),MoRTH,2016-08-01,2018-11-01,,271.17,271.17,Newly Added,July_2026,216.61,,107.39,291.2,,,,,,24.0,2026-07-01,0.0272891544049858,617960_July_2026
617961,Gaya-Hisua-Rajgir-Nalanda-Biharsharif section km0.00 to 92.935 NH-82,,(-) (-),MoRTH,2014-01-01,2019-11-01,,1408.85,1408.85,Newly Added,July_2026,0.0,,151.77,2138.16,,,,,,36.0,2026-07-01,0.0,617961_July_2026
617962,"Construction of Bypass to Madurai  Achambathu  Viratipathu in between km 6/850 10/382 of NH 49 Extn New NH 85 including Land Acquisition on Engineering, Procurement & Construction EPC basis Contract under NH O Annual Plan 2021-22 in the state of Tamil Nadu job No.NH-49 Extn New NH 85 - TN-2021-22-997",,(-) (-),MoRTH,2022-03-01,2026-08-01,,238.97,238.97,Newly Added,July_2026,126.56,,108.83,260.07,,,,,,23.0,2026-07-01,0.35837134368330753,617962_July_2026
617963,Rehabilitation and upgradation to four lane road from km 70.500 to km 78.600 of NH- 92 under EPC mode in the State of Uttar Pradesh,,(-) (-),MoRTH,2022-01-01,2027-01-01,,296.02,296.02,Newly Added,July_2026,75.38,,118.84,351.78,,,,,,24.0,2026-07-01,0.0,617963_July_2026
617964,"Widening to Four Lane rigid pavement configuration from Km 90.00 to Km 100.800 on NH-96 Km 42.0 to Km 53.300 as per new NH-330,design length of 11.300 km under EPC mode in the state of Uttar Pradesh.",,(-) (-),MoRTH,2022-12-01,2026-11-01,,309.63,309.63,Newly Added,July_2026,41.92,,100.0,309.63,,,,,,24.0,2026-07-01,0.08012789458385815,617964_July_2026
617965,Kopargaon to Savali Vihir section,,(-) (-),MoRTH,2022-06-01,2024-07-01,,195.38,195.38,Newly Added,July_2026,105.76,,100.0,195.38,,,,,,18.0,2026-07-01,0.0,617965_July_2026
617966,NHIIP-BR-106-7 [NHIIP-BR-106-7],,(-) (-),MoRTH,2014-01-01,2019-10-01,,780.77,780.77,Newly Added,July_2026,0.04,,123.13,961.33,,,,,,36.0,2026-07-01,0.0,617966_July_2026
617967,Construction of Rudraprayag tunnel of length 900.30 MTR including approaches and one major bridge on river Alaknanda connecting NH-107/old-109 to NH-07old-58 on EPC mode in the state of Uttarakhand.,,(-) (-),MoRTH,2021-02-01,2025-07-01,,251.88,251.88,Newly Added,July_2026,108.94,,100.0,251.88,,,,,,30.0,2026-07-01,1.0322375734476734,617967_July_2026
617968,Construction & Widening Including Augustmuni Bypass Ch-16.545 to Ch - 19.890 to 2L/PS from Km 16.545-Km 33.130 & 45.980 -57.975 Augustmuni to Kund & Guptkashi to Sitapur on NH 109 in UK,,(-) (-),MoRTH,2017-03-01,2020-02-01,,418.89,418.89,Newly Added,July_2026,426.18,,100.0,418.89,,,,,,24.0,2026-07-01,0.42576810141087157,617968_July_2026
617969,Construction of 4 Lane ROB and its approaches at the level crossing LC No 29  B of Km 29 Ekangarsarai at NH  110 New NH 33 & Railway Km 32.63 at Fatwa FUT Islampur IPR section in the state of Bihar on EPC mode.,,(-) (-),MoRTH,2023-03-01,2026-07-01,,201.08,201.08,Newly Added,July_2026,0.01,,100.0,201.08,,,,,,24.0,2026-07-01,4.9731450169086926e-05,617969_July_2026
617970,Reconstruction of existing 2 L/IL to 2L with paved shoulder from existing km 52.200 to 92.880 of NH-,,Uttarakhand,MoRTH,2017-06-01,2019-06-01,,282.08,282.08,Completed,June_2026,100.0,,124.98,352.53,,,,,,24.0,2026-06-01,1.249751843448667,617970_June_2026
617971,Up-gradation to Two/Four lane with paved shoulder Configuration of Kondagaon- Narayanpur from design ch. 0.00 - 48.693   Design Length    47.493 Km. 1.20 Km. retained    on NH-130D under EPC mode in the State Chhattisgarh.,,(-) (-),MoRTH,2022-12-01,2027-03-01,,322.4,322.4,Newly Added,July_2026,1.14,,100.0,322.4,,,,,,24.0,2026-07-01,0.0034119106699751866,617971_July_2026
617972,Upgradation to Two lane with Paved Shoulder Configuration of Narayanpur Kasturmeta pkg-II from design ch. 48.693 to 70.453  design length21.760 Km.    on NH-130D under EPC mode in the state of Chhattisgarh.,,(-) (-),MoRTH,2022-12-01,2026-06-01,,200.67,200.67,Newly Added,July_2026,0.0,,100.0,200.67,,,,,,18.0,2026-07-01,0.22923207255693429,617972_July_2026
617973,Strengthening and widening of existing 2 lane road to two lane paved shoulder from km 7.750 to 26.542 & km. 32.093 to 45.786 of NH-130 on EPC mode in the state of chhattisgarh.job No. 130-CG-2017-18-348,,Chhattisgarh,MoRTH,2019-05-01,2020-11-01,,188.8,188.8,Completed,June_2026,100.0,,57.09,107.79,,,,,,18.0,2026-06-01,0.5709216101694915,617973_June_2026
617974,Rehabilitation and upgradation of 2 lane with paved shoulder from existing km. 195.175 to km. 220.000 Design Chainage km71.300 to Km. 95.947 Excluding existing chainage Km 200.300 to Km 202.400 Design chainage Km 76.400 to Km 78.400 on Dharasu to Yamunotri Road of NH- 134 Old NH-94,,(-) (-),MoRTH,2025-05-01,2028-04-01,,344.73,344.73,Newly Added,July_2026,0.0,,100.0,344.73,,,,,,30.0,2026-07-01,0.0,617974_July_2026
617975,Rehabilitation and upgradation to 2 lane with paved shoulder configuration from km 122.00 Dharasu Bend to km 147.230 Silkyara Bend of NH-94 in the state of Uttarakhand,,Uttarakhand,MoRTH,2017-11-01,2019-11-01,,237.79,237.79,Completed,June_2026,100.0,,82.72,196.69,,,,,,24.0,2026-06-01,0.8271584170907104,617975_June_2026
617976,Work of development and construction of elevated corridorfrom km 38/660 to km 42/690 Iscon junction to start point of approach of sanand flyover of NH-147 in the sate of Gujarat,,(-) (-),MoRTH,2023-03-01,2026-06-01,,530.2,530.2,Newly Added,July_2026,58.29,,100.0,530.2,,,,,,24.0,2026-07-01,0.05407393436439079,617976_July_2026
617977,Development of Chiloda - Gandhinagar- Sarkhej ofNH-147 Package -II,,(-) (-),MoRTH,2018-04-01,2020-11-01,,211.28,211.28,Newly Added,May2026,0.0,,110.96,234.44,,,,,,24.0,2026-05-01,0.2555850056796668,617977_May2026
617978,"Rehabilitation, upgradation & widening of existing highway to 2L/4LPS Rigid Pavement of NH 160 section- Phaltan to Mhaishal near Karnataka Border including Tasgaon Bypass, from existing chainage Km 301/430 to Km 458/415 in the State of Maharashtra- Package-II & Package III combined- starting from existing chainage Km 341/300 to Km 394/130 and design chainage Km 340/250 at Dahiwadi Village to Km 392/950 ending at Vita Village in the State of Maharashtra on EPC Mode.",,(-) (-),MoRTH,2024-03-01,2027-05-01,,631.76,631.76,Newly Added,July_2026,213.18,,100.0,631.76,,,,,,24.0,2026-07-01,0.22793465873116373,617978_July_2026
617979,"Rehabilitation, upgradation & widening of existing highway to 2L/4LPS Rigid Pavement of NH 160 section- Phaltan to Mhaisal near Karnataka Border including Tasgaon Bypass, from existing chainage Km 301/430 to Km 458/415 in the State of Maharashtra. Package-I starting from existing chainage Km 301/430 at Phaltan Village Junction of Phaltan  Baramati Road Design Chainage -301/430km & ending at existing chainage Km 341/300  Dahiwadi Village Bus Stop Design chainage Km 340466km in the S",,(-) (-),MoRTH,2024-03-01,2027-05-01,,533.76,533.76,Newly Added,July_2026,0.0,,100.0,533.76,,,,,,24.0,2026-07-01,0.2716576738609113,617979_July_2026
617980,Construction of six lane elevated corridor from km 7.950  Uppal to km 14.200 of NH- 163 to De-Congest the urban limits of Hyderabad-Bhoopalapatnam section on EPC mode in the state of Telangana,,(-) (-),MoRTH,2018-03-01,2020-07-01,,626.76,626.76,Newly Added,July_2026,24.4,,100.0,626.76,,,,,,24.0,2026-07-01,0.02219350309528368,617980_July_2026
617981,Widening to Two with Paved shoulders from Km 59.500 to Km 132.033 of Manneguda- Ravunapally section of NH-163 Erstwhile SH-4 in the State of Telangana on EPC mode under NH O Annual Plan 2016-17,,Telangana,MoRTH,2017-05-01,2024-10-01,,359.0,359.0,Completed,July_2026,100.0,,100.0,359.0,,,,,,89.0,2026-07-01,0.6434540389972145,617981_July_2026
617982,Widening and strengthening of existing 2-lane to 2- lane with paved shoulders from km 159/0 to 165/4 and 186/0 to 215/0 of NH-163 on EPC mode int the state of Telangana,,Telangana,MoRTH,2018-06-01,2024-11-01,,230.03,230.03,Completed,July_2026,100.0,,100.0,230.03,,,,,,77.0,2026-07-01,0.0,617982_July_2026
617983,Widening & Strengthening of Existing 2LPS to 4 lane  PS from Km 150000 to Km 159000 and Km 165400 to Km 186000 of NH-163 old NH-202 under NH O for the year 2020-21 on EPC Mode in the state of Telangana.,,(-) (-),MoRTH,2021-03-01,2024-07-01,,317.19,317.19,Newly Added,July_2026,190.86,,94.76,300.56,,,,,,24.0,2026-07-01,0.5321731454333365,617983_July_2026
617984,"Gudivada Town 2 RoB, and Road improvement NH-165",,(-) (-),MoRTH,2022-03-01,2025-05-01,,317.22,317.22,Newly Added,July_2026,158.64,,100.0,317.22,,,,,,24.0,2026-07-01,0.0,617984_July_2026
617985,Widening to two lane with paved shoulders from Km 0/0 to 64/020 Pamarru to Akiveedu,,(-) (-),MoRTH,2020-03-01,2023-11-01,,529.54,529.54,Newly Added,July_2026,248.31,,111.16,588.65,,,,,,24.0,2026-07-01,0.0,617985_July_2026
617986,Kurnool/Kadapa Border-Jammalamadugu section of NH-167K i.e. Design Ch. Km 248010 to km 269900 to 2,,(-) (-),MoRTH,2023-03-01,2026-12-01,,292.63,292.63,Newly Added,July_2026,0.0,,100.0,292.63,,,,,,24.0,2026-07-01,0.0,617986_July_2026
617987,Nandyala-Kurnool/Kadapa Border section of NH-167K i.e. Km 186/000 to Km 250/000Design Ch.186000 to 248010 to 2LPS,,(-) (-),MoRTH,2024-10-01,2027-09-01,,691.81,691.81,Newly Added,July_2026,0.0,,100.0,691.81,,,,,,24.0,2026-07-01,0.0,617987_July_2026
617988,Sangameswaram - Atmakuru section   from Km 96 to Km 124    & Velegodu- Nandyal section   including Nandyal Bypass      from Km 143/6 to 185/9       NH-167K,,(-) (-),MoRTH,2024-10-01,2027-07-01,,776.17,776.17,Newly Added,July_2026,0.0,,82.99,644.14,,,,,,24.0,2026-07-01,0.0,617988_July_2026
617989,Construction of Major Bridge at Km.180.865 across river Krishna on NH 167 Hagari Jadcherla section,,(-) (-),MoRTH,2019-03-01,2021-11-01,,157.32,157.32,Newly Added,July_2026,103.33,,119.25,187.61,,,,,,30.0,2026-07-01,0.5863844393592678,617989_July_2026
617990,Construction of bypass road to Adoni town connecting NH-167   Hagari - Jadcharla road    from km.62/700 to 71/400 in Kurnool District in the State of Andhra Pradesh.,,Andhra Pradesh,MoRTH,2024-02-01,2025-11-01,,242.0,242.0,Completed,June_2026,100.0,,40.96,99.13,,,,,,21.0,2026-06-01,0.4096280991735537,617990_June_2026
617991,"Rehabilitation and up-gradation of NH-167 from Km 14/900 to Km70/000 Design Ch. 14/900 to 69/700 Chintakunta to Adoni section to two lane with paved shoulders in the State of Andhra Pradesh under Corridor Approach through Engineering, Procurement",,(-) (-),MoRTH,2016-11-01,2019-05-01,,290.15,290.15,Newly Added,July_2026,141.83,,100.0,290.15,,,,,,24.0,2026-07-01,0.12552128209546787,617991_July_2026
617992,Rehabilitation & upgradation of NH - 167 from design km 187.723 to 234.434 Miryalaguda to Kodad section  to two lane with paved shoulder on EPC mode in the state of Telangana,,Telangana,MoRTH,2018-09-01,2020-09-01,,322.81,322.81,Completed,June_2026,100.0,,47.85,154.47,,,,,,24.0,2026-06-01,0.4785167745732784,617992_June_2026
617993,Rehabilitation and upgradation of NH-167 from design km 157.707 to 187.723 design length 30.016 km to two lane with paved shoulders of Alinagar- Miryalaguda Sec on EPC mode in the state of Telangana,,Telangana,MoRTH,2018-05-01,2025-12-01,,220.28,220.28,Completed,July_2026,100.0,,100.0,220.28,,,,,,91.0,2026-07-01,1.0532050118031595,617993_July_2026
617994,Rehabilitation and upgradation of NH-167 from design km 113.900 to 154.479 Mallepally Haliya section  to two lane with paved shoulders on EPC mode in the stte of Telangana,,(-) (-),MoRTH,2018-02-01,2019-11-01,,294.13,294.13,Newly Added,July_2026,249.23,,87.58,257.61,,,,,,17.0,2026-07-01,0.01074354877095162,617994_July_2026
617995,Widening to Two Lane with Paved Shoulders from Km 67.000 to Km 114.425 of Kalwakurthy- Mallapally Section of NH 167 Erstwhile section of SH 18 in the State of Telangana on EPC mode under NH O Annual Plan 2016-17,,(-) (-),MoRTH,2017-01-01,2019-05-01,,300.0,300.0,Newly Added,July_2026,175.12,,100.0,300.0,,,,,,24.0,2026-07-01,0.006933333333333334,617995_July_2026
617996,Widening to 2/4 Lane with paved shoulders from Km 182.120 to Km 227.600 of NH 167 on Haggari-Jadcherla Road on EPC mode under NHO in the state of Telangana,,Telangana,MoRTH,2017-02-01,2019-02-01,,298.0,298.0,Completed,June_2026,100.0,,79.93,238.2,,,,,,24.0,2026-06-01,0.7993288590604026,617996_June_2026
617997,Widening of existing 2 lane to 4 lane with paved shoulder from Designed km 25.15 to km 56.70 Except Km 52.70 to 53.50 of NH-169  Nellisara Camp to Thirthahalli  of NH- 169 on Shimoga-Mangalore section in the state of Karnataka on EPC mode under Annual plan 2022-23 NH-169-KNT-2022-23-978 dated 08.03.2023,,(-) (-),MoRTH,2023-03-01,2028-02-01,,538.71,538.71,Newly Added,July_2026,20.63,,100.0,538.71,,,,,,24.0,2026-07-01,0.05383230309442928,617997_July_2026
617998,Widening to existing 2 lane with paved Shoulder to 4 Lane with paved shoulder from design Km 153.00 to 168.27 Mala Gate to Karkala of NH -169 on Shimoga - Mangalore section in the state of Karnataka on EPC mode under Annula Plan 2021-22 Job No. NH-169-KNT-2021-22-949,,(-) (-),MoRTH,2022-03-01,2025-02-01,,177.94,177.94,Newly Added,July_2026,115.6,,100.0,177.94,,,,,,24.0,2026-07-01,0.5315836798920985,617998_July_2026
617999,Widening to 2LPS from Km 67 to Km 115 on Kadur-Hosadurga section NH 173 in the state of Karnataka NH-173-KNT-2022-23-980 dated 13.03.2023,,(-) (-),MoRTH,2023-03-01,2026-04-01,,471.62,471.62,Newly Added,July_2026,91.74,,100.0,471.62,,,,,,19.0,2026-07-01,0.20779441075442093,617999_July_2026
618000,Widening to 2-Lane with Paved Shoulders from Km 116.800 to 149.070Design Changes on Hosadurga - Holalkere Section of NH-173 in the State of Karnataka on EPC mode under Annual Plan 2021-22 Job no. NH-173-KNT-2021-22-946,,(-) (-),MoRTH,2022-03-01,2024-02-01,,170.34,170.34,Newly Added,July_2026,111.33,,86.53,147.39,,,,,,18.0,2026-07-01,0.3534695315251849,618000_July_2026
618001,"Construction of 4-lane flyover at Amberpet-X road, Hyderabad on NH-202 in the State of Telangana",,(-) (-),MoRTH,2018-05-01,2023-06-01,,216.53,216.53,Newly Added,July_2026,172.17,,122.79,265.88,,,,,,24.0,2026-07-01,0.7114487599870688,618001_July_2026
618002,Widening of existing single lane to intermediate lane road from Mokokchung to Chare via Dikhu in the state of Nagaland on EPC mode,,Nagaland,MoRTH,2023-06-01,2025-06-01,,192.93,192.93,Completed,June_2026,100.0,,57.52,110.98,,,,,,24.0,2026-06-01,0.5752345410252423,618002_June_2026
618003,Construction of four lane ROB and its approaches in lieu of existing Level Crossing No. RV-71 at km 435 on NH-217 New NH-353 at Khariar including land acquisition under NHO in Annual Plan 2021-22 for the state of Odisha for F.Y. 2021-22 to F.Y 2033-34,,(-) (-),MoRTH,2021-11-01,2024-12-01,,154.49,154.49,Newly Added,July_2026,25.17,,100.0,154.49,,,,,,18.0,2026-07-01,0.1444753705741472,618003_July_2026
618004,16.150 Kmunder EPC mode in the state of Bihar,,(-) (-),MoRTH,2022-02-01,2026-07-01,,179.86,179.86,Newly Added,July_2026,2.37,,100.0,179.86,,,,,,18.0,2026-07-01,0.0,618004_July_2026
618005,Sheohar-Sitamarhi Section km 40.000 to 79.400 km Lot-I,,(-) (-),MoRTH,2016-02-01,2018-05-01,,178.85,178.85,Newly Added,June_2026,0.0,,155.73,278.53,,,,,,24.0,2026-06-01,0.0,618005_June_2026
618006,Sitamarhi-Jaynagar Section km 79.400 to km 156.500 Lot-II,,(N24001590) (10161),MoRTH,2016-02-01,2018-12-01,,369.77,369.77,Newly Added,May2026,0.0,,136.11,503.28,,,,,,30.0,2026-05-01,0.0,618006_May2026
618007,Jaynagar-Narahia Section km 156.500 to km 219.945 Lot-III,,(N24001792) (10162),MoRTH,2016-02-01,2018-11-01,,553.3,553.3,Newly Added,May2026,0.0,,127.67,706.39,,,,,,30.0,2026-05-01,0.0,618007_May2026
618008,"Construction of four-lane elevated viaduct from km.4634 to km.6345 on NH-24A including Retaining wall, service lane, at grade road and improvement of junctions,  on EPC mode",,Uttar Pradesh,MoRTH,2022-03-01,2023-09-01,,185.09,269.81,Completed,June_2026,100.0,,74.24,200.32,,,,,,18.0,2026-06-01,1.0822842941271813,618008_June_2026
618009,Balance work of Construction of Ring Road for Raebareli City on eastern side of NH- 24B Phase-1 on EPC mode.,,(-) (-),MoRTH,2019-12-01,2022-04-01,,319.96,319.96,Newly Added,July_2026,0.0,,108.7,347.8,,,,,,18.0,2026-07-01,0.0,618009_July_2026
618010,Development to 4-lane with paved shoulder for the road section Talwandi Sabo- Raman road to refinery Road junction with Bathinda Dabwali Road of NH-254 from existing Km 131.600 to Km 155.650 Design Km 131600 to km 155600 in the State of Punjab. Job No NH-254-PB-2022-23-565,,(-) (-),MoRTH,2023-03-01,2026-11-01,,546.67,546.67,Newly Added,July_2026,0.0,,100.0,546.67,,,,,,18.0,2026-07-01,0.35853439918049285,618010_July_2026
618011,Construction of 2 lane with paved shoulder for the work of Development of remaining sections of NH-325 Balotra to sanderao via Jalore to 2 lane with paved shoulder configuration by Construction of Byasses for town portions1 Asotra- Brahmdham bypass 2Siwana Bypass 3 Mokalsar Bypass 4 Major realignment at Kathadi 5 Major realignment at Bishangarh 6 Jalore Bypass 7 Ahore Town portion 8 Dujana Bypass in the state of Rajasthan on EPC Mode,,(-) (-),MoRTH,2021-12-01,2024-05-01,,411.44,411.44,Newly Added,July_2026,85.69,,100.0,411.44,,,,,,24.0,2026-07-01,0.16194341823838226,618011_July_2026
618012,"Widening & strengthenlng to 2LPS from km 0,000 to 40.000 Dhaugaon- Podamari section of NH 326 in the State of Odisha under Annual Plan 2021.22.",,(-) (-),MoRTH,2022-03-01,2026-02-01,,186.52,186.52,Newly Added,July_2026,46.39,,100.0,186.52,,,,,,24.0,2026-07-01,0.22892987347201374,618012_July_2026
618013,4-laning of  Puttaparthi-Koduru Section of NH-342,,(-) (-),MoRTH,2022-10-01,2025-11-01,,1318.59,1318.59,Newly Added,July_2026,464.06,,68.95,909.19,,,,,,24.0,2026-07-01,0.013650945327963963,618013_July_2026
618014,"Upgradation of Ambikapur-Ramanujganj-Garwa road of NH-343, Package-III, Badki mahri village to Ramanujganj section from existing km 80.600 to km 110.330 Design Ch. 85.370 to Ch. 114.800 of total length 29.430 km to two lane with paved shoulders udner corridor scheme under EPC Mode in the of Chhattisgarh",,(-) (-),MoRTH,2022-03-01,2026-10-01,,199.05,199.05,Newly Added,July_2026,53.0,,100.0,199.05,,,,,,17.0,2026-07-01,0.20597839738759105,618014_July_2026
618015,"Upgradation of Keonchi - Ratanpur Road of NH 45 Package-I, from design chainage km 237.860 to km 273.200 of length 35.340 km to two lane with paved shoulders under Corridor scheme on EPC mode in the state of Chhattisgarh.",,(-) (-),MoRTH,2022-03-01,,,,225.41,Newly Added,July_2026,83.75,,101.56,228.93,,,,,,,2026-07-01,,618015_July_2026
618016,"Upgradation of Ambikapur  Ramanujganj - Garhwa Road NH 343 of Package-I, Rajpuri Khurd Village to Padih Village section from existing km 7.830 to km 57.650 Design Ch. 13.700 to Ch. 62.700 of total length 49.00 km to two lane with paved shoulders under EPC mode in the state of Chhattisgarh",,(-) (-),MoRTH,2022-03-01,2027-05-01,,397.44,397.44,Newly Added,July_2026,76.67,,100.0,397.44,,,,,,24.0,2026-07-01,0.10819243156199677,618016_July_2026
618017,"Upgradation of Keonchi - Ratanpur Road of NH 45 Package-II, from design chainage km 278.75 to km 321.348 of length 42.598 km to two lane with paved shoulders under Corridor scheme on EPC mode in the state of Chhattisgarh.",,(-) (-),MoRTH,2022-03-01,2026-01-01,,286.0,286.0,Newly Added,July_2026,92.75,,100.0,286.0,,,,,,18.0,2026-07-01,0.15384615384615385,618017_July_2026
618018,Upgradation of Bilaspur-Takhatpur-Mungeli-Pandariya-Pondi Road on N.H.-130A Package  IIIA Takhatpur By-pass from existing Ch. 26.542 to 32.093 [Design Ch. 18.700 to 25.900] & Mungeli By-pass from existing Ch. 45.786 to 56.275 [Design Ch. 29.600 to 51.600] and Package  IIIB Pandariya By-Pass from existing Ch. 82.582 to 87.133 [Design Ch. 77.900 to 81.1000 & Pondi By-pass from existing Ch. 103.166 to 104.756 [Design Ch. 97.000 to 103.395] to two lane with paved shoulder configuration in the,,(-) (-),MoRTH,2022-03-01,2025-07-01,,351.19,351.19,Newly Added,July_2026,11.63,,100.0,351.19,,,,,,18.0,2026-07-01,0.1281357669637518,618018_July_2026
618019,Upgradation & widening of Jharkheda- Berasia - Dholkhedi from design km 0000 to km 87900 Design length 87.90km of NH-346 including 3 nos. bypasses of 13.10 Km in the State of Madhya Pradesh under EPC mode.,,(-) (-),MoRTH,2022-03-01,2025-05-01,,365.21,365.21,Newly Added,July_2026,200.67,,100.0,365.21,,,,,,24.0,2026-07-01,0.0,618019_July_2026
618020,shoulder configuration along with One time improvement in 07 nos of bypassed built- up areas in a total length of 22.615 km in the state of Madhya Pradesh on EPC mode.,,(-) (-),MoRTH,2022-03-01,2025-02-01,,386.49,386.49,Newly Added,July_2026,164.84,,100.0,386.49,,,,,,24.0,2026-07-01,0.414965458355973,618020_July_2026
618021,Up-gradation of Pichhore- Dinara section of NH-346 from Km 292.750 to 334.550 to two lane with paved shoulders in the state of Madhya Pradesh on EPC mode,,(-) (-),MoRTH,2024-02-01,2025-07-01,,425.97,425.97,Newly Added,July_2026,0.0,,100.0,425.97,,,,,,-5.0,2026-07-01,0.0,618021_July_2026
618022,Upgradation  to two lane with paved Shoulder Configuaration from Km. 0/00 to 47/000 of NH 351    Mahuva  to Badhada section    in the State of Gujarat,,(-) (-),MoRTH,2022-12-01,2025-08-01,,173.06,173.06,Newly Added,July_2026,22.63,,126.59,219.08,,,,,,18.0,2026-07-01,0.10065873107592743,618022_July_2026
618023,Work of Widening/upgradation of 2-Lane with paved shoulder of Sri Muktsar Sahib to Malout road from Km 279.400 to Km 307.060 section of NH-354 in the State of Punjab on EPC mode. Job No. NH-354-PB-2021-22-555,,(-) (-),MoRTH,2022-03-01,2025-04-01,,152.58,152.58,Newly Added,June_2026,0.0,,100.0,152.58,,,,,,18.0,2026-06-01,0.0,618023_June_2026
618024,Up-gradation to two lane with paved shoulder configuration of NH-354 Section Arifkes- Ferozepur-Muktsar-Malaut from Km 201.500 to Km 212.500 & Km 229.690 to Km 269.960 and strengthening of existing pavement from Km 212.500 to Km 229.690 excluding Km 218.500 to 223.690 of NH-354 on EPC Mode in the State of Punjab. Job No. NH-354-PB-2020-21-532,,(-) (-),MoRTH,2021-03-01,2025-04-01,,263.19,263.19,Newly Added,July_2026,0.0,,100.0,263.19,,,,,,18.0,2026-07-01,0.0,618024_July_2026
618025,Rehabiitation and upgradation from km 121/000 to 154/000 Nakrekal to Mallampally section of NH-365 to 2 lane with paved shoulders in the state of Telangana in the EPC mode,,(-) (-),MoRTH,2018-03-01,2019-12-01,,192.67,192.67,Newly Added,July_2026,141.82,,100.0,192.67,,,,,,18.0,2026-07-01,0.0,618025_July_2026
618026,Rehabilitation and upgradation to two lane with paved shoulders from Km 0/000 to 72/6 of NH-365 Nakrekal to Tanamcherla section under NHDP IV in the state of Telangana under EPC mode,,Telangana,MoRTH,2017-11-01,2019-10-01,,605.08,605.08,Completed,June_2026,100.0,,96.71,585.2,,,,,,23.0,2026-06-01,0.967144840351689,618026_June_2026
618027,Widening to 2LPS from Km 71.00 to 104.00 Existing chainages Sarjapur to Pattadkallu on Bhanapur to Gaddanakeri section NH-367 in the State of Karnataka under NHO on EPC mode under Annual Plan 2022-23 NH-367-KNT-2022-23-972 dated 08.02.2023,,(-) (-),MoRTH,2023-02-01,2026-03-01,,445.62,445.62,Newly Added,July_2026,198.15,,100.0,445.62,,,,,,24.0,2026-07-01,0.22216238050356807,618027_July_2026
618028,"Construction of Bypass at Kuknoor, Yelburga, Gajendragada of Bhanapur Gaddanakeri section of NH-367 in the State of Karnataka under NHO on EPC mode under Annual Plan 2022-23. NH-367-KNT-2022-23-973 dated 08.02.2023",,(-) (-),MoRTH,2023-02-01,2027-06-01,,333.96,333.96,Newly Added,July_2026,63.62,,100.0,333.96,,,,,,24.0,2026-07-01,0.29943705833033896,618028_July_2026
618029,Widening to 4 lane from Km. 133.00 to 158.04 design Chainage Km. 130.88 to 155.145 Shirur Cross to Gaddankeri of NH-367 in the State of Karnataka on EPC mode. Job No. NH-367-KNT-2021-22-930,,(-) (-),MoRTH,2022-01-01,2025-01-01,,350.69,350.69,Newly Added,July_2026,203.12,,88.98,312.06,,,,,,24.0,2026-07-01,0.5562177421654453,618029_July_2026
618030,Widening to 2 lane with paved shoulder from Km. 103.225 Pattadakal to Km. 133.00 Shirur cross of NH-367 in the state of Karnataka on EPC Mode.Job No. NH-367-KNT- 2021-22-934,,(-) (-),MoRTH,2022-02-01,2024-05-01,,264.14,264.14,Newly Added,June_2026,3.78,,100.0,264.14,,,,,,18.0,2026-06-01,0.01355341864162944,618030_June_2026
618031,Balance work of Construction of Two/Four lane with paved shoulder from Km 422.000 to 523.600  Chitradurga to Shivamogga  of NH-13 in the state of Kanataka on EPC mode.,,(-) (-),MoRTH,2021-01-01,2025-12-01,,516.96,516.96,Newly Added,July_2026,121.75,,100.0,516.96,,,,,,48.0,2026-07-01,0.6450789229340761,618031_July_2026
618033,4-Laning of Itanagar to Bandardewa section of NH-415from km 40430 to km 51735 Package-Bon EPC Mode in the state of Arunachal Pradesh Job NO. 415/Ar. P/2020-21/031,,Arunachal Pradesh,MoRTH,2021-12-01,2024-12-01,,496.47,496.47,Newly Added,June_2026,51.37,,34.63,171.91,,,,,,36.0,2026-06-01,0.3462646282756259,618033_June_2026
618034,Construction of 2 lane Barpeta Bypass from Km 77900Baradi to Km 86150 Deurikuchi Length8.25Km on NH-427 in the state of Assam under EPC ModeJob No.427/AS/2022-23/245,,Assam,MoRTH,2025-02-01,2026-08-01,,173.65,173.65,Newly Added,July_2026,20.0,,6.55,11.38,,,,,,18.0,2026-07-01,0.06553412035704002,618034_July_2026
618035,Rehabilitation & Upgradation of existing intermediate lane to two Lane with paved shoulder from km. 0.600 Gulganj bypass on NH-34 to km. 43.00 Barna River length 42.400 km. on Gulganj-Amanganj-Pawai-Katni NH43 Extn. in the state of Madhya Pradesh on EPCmode.,,(-) (-),MoRTH,2023-03-01,2026-05-01,,275.4,275.4,Newly Added,July_2026,0.0,,100.0,275.4,,,,,,18.0,2026-07-01,0.4429920116194626,618035_July_2026
618036,Upgradation and reconstruction of existing intermediate lane to two Lane with paved shoulder configuration from km. 43.00 Barna River to km. 77.00 ken river length 34.00 km. on Gulganj-Amanganj-Pawai-Katni NH43 Extn. along with One time improvement in 01 no. of bypassed built-up area in a total length of 1.585 km in the state of Madhya Pradesh on EPCmode.,,(-) (-),MoRTH,2023-03-01,2026-11-01,,315.55,315.55,Newly Added,July_2026,0.0,,100.0,315.55,,,,,,24.0,2026-07-01,0.3897955949928696,618036_July_2026
618037,Rehabilitation and Up-gradation of existin of road from 2-lane to 2-lane with paved shoulders from km. 0.00 to km 53.590 total length-53.590 km of Raychoti to Vempalli section of NH-440 in the State of Andhra Pradesh on EPC mode.,,(-) (-),MoRTH,2021-12-01,2024-05-01,,439.82,439.82,Newly Added,July_2026,213.12,,81.74,359.52,,,,,,24.0,2026-07-01,0.27561275067072893,618037_July_2026
618038,Construction of Shopian Bypass  on NH-444 taking off  from existing chainage Km 36500 and re-joining at km 47588  of existing Chainage   New Design Ch.  From km 28000 to km 36925 as 2- lane with paved shoulder in the UT of Jammu & Kashmir on EPC mode.,,(-) (-),MoRTH,2026-01-01,2024-03-01,,224.44,,Newly Added,July_2026,,,35.64,224.44,,,,,,24.0,2026-07-01,0.35644270183567994,618038_July_2026
618039,Widening to 2 Lane from Existing Chainage Km 74.700  Km 100.660 Design Chainage Km 53.365 to Km 78.785 on NH- 507 in the State of Uttarakhand.,,(-) (-),MoRTH,2024-01-01,2028-04-01,,346.82,346.82,Newly Added,July_2026,0.0,,100.0,346.82,,,,,,30.0,2026-07-01,0.0,618039_July_2026
618040,Rehabilitation and Upgradation to Two lanes with Paved Shoulders configuration and Strengthening from Km 175.00 to Km 196.00 Gumkhal to Satpuli of NH-119 New NH- 534 in the State of Uttarakhand under NHO Annual Plan 2021-22 under EPC mode,,(-) (-),MoRTH,2022-03-01,2027-01-01,,452.81,452.81,Newly Added,July_2026,0.0,,100.0,452.81,,,,,,24.0,2026-07-01,0.5764006978644465,618040_July_2026
618041,Rehabilitation and upgrading to two lanes with paved shoulders and Strengthening of Kotdwar-Pauri-Srinagar road section from Km 232.00 to 274.470 on NH-119 New 534 Paidul to Srinagar in the State of Uttarakhand on EPC Mode under NHO Annual Plan 2021-22.,,(-) (-),MoRTH,2022-02-01,2027-12-01,,299.31,299.31,Newly Added,July_2026,0.0,,100.0,299.31,,,,,,24.0,2026-07-01,0.0,618041_July_2026
618042,"Rehabilitation/ Upgradation of existing Highway to four lane standards in Kurkheda town from km.413257 to km 410775, Two lane in Shankarpur Gurnuli km 42400 to km 43100 section and Reconstruction of Major Bridge at Ch. 448558 Bhuti Nallah and Ch. 411695 Sati River bridge, Minor Bridge at Ch. 411477 and Ch. 405800 Lendhari Bridge of NH 543 Bhamhapuri-wadsa-kurkheda-korchi-Deori-Amgaon road on EPC mode in the State of Maharashtra",,(-) (-),MoRTH,2022-03-01,2025-05-01,,163.86,163.86,Newly Added,July_2026,49.03,,100.0,163.86,,,,,,18.0,2026-07-01,0.0,618042_July_2026
618043,configuration along with One time improvement in 04 nos of bypassed built-up areas in a total length of 7.23 km in the state of Madhya Pradesh on EPC mode,,(-) (-),MoRTH,2022-03-01,,,,492.12,Newly Added,July_2026,0.0,,106.42,523.71,,,,,,,2026-07-01,,618043_July_2026
618044,Upgradation of Shahdol- Sagartola Section of NH 543 from km 0000 to km 69400 to 2 lane with paved shoulders under Hybrid Annuity Mode HAM in the State of Madhya Pradesh,,(-) (-),MoRTH,2024-02-01,2028-03-01,,851.4,851.4,Newly Added,July_2026,0.0,,100.0,851.4,,,,,,24.0,2026-07-01,0.05637773079633545,618044_July_2026
618045,"Construction of Mihona bypass, Lahar bypass, Daboh bypass & Bhander Bypass total length 20.60 km to 2-lane with paved shoulder from on Mihona-Bhander- MP/UP border section of NH 552E in the State of Madhya Pradesh on EPC mode",,Madhya Pradesh,MoRTH,2023-06-01,2024-12-01,,179.18,179.18,Completed,June_2026,100.0,,41.8,74.89,,,,,,18.0,2026-06-01,0.4179595937046545,618045_June_2026
618046,Rehabilitation & Up-gradation of Sabalkhed to Ashti Section from Km 37900 to Km 55100 & Chinchpur to Jamkhed Section from km 70000 to km 72922 of NH-561 to Two lane with Paved shoulder/ Four lane configuration in the State of Maharashtra on EPC Mode Length20.122km.,,(N24001902) (-),MoRTH,2022-03-01,2024-09-01,,213.33,213.33,Newly Added,May2026,0.0,,100.0,213.33,,,,,,17.0,2026-05-01,0.0,618046_May2026
618047,"Widening, Reconstruction & Up-gradation to 2 lane with Paved Shoulder/Four Lane configuration for the work of Ahmednagar to Sabalkhed & Ashti to Chinchpur Section of NH-561 from Design km 2915 to km 37728 & Design km 55100 to km 70000 in the State of Maharashtra on EPC mode. Length  49.713 km",,(-) (-),MoRTH,2024-03-01,2027-05-01,,657.16,657.16,Newly Added,July_2026,0.0,,100.0,657.16,,,,,,24.0,2026-07-01,0.1993426258445432,618047_July_2026
618049,Up-gradation to 2/4 lane with paved shoulder configuration of NH-652 from Tuljapur Naldurg-Akkalkot road Chainage from Km. 00.000 to km 30.982 in the State of Maharashtra on EPC mode.,,(-) (-),MoRTH,2024-03-01,2026-07-01,,183.41,183.41,Newly Added,July_2026,64.95,,100.0,183.41,,,,,,18.0,2026-07-01,0.7196990349490213,618049_July_2026
618050,Rehabilitation and Upgradation to 2-lane/Intermediate lane configuration of Ashyari-Shri Kyari Section   km 50.000 to km 75.000    of  NH-707 in the state of Himachal Pradesh under Green National Highways Corridor Project   GNHCP with the loan assistance of World Bank on EPC mode.,,Himachal Pradesh,MoRTH,2021-09-01,2023-09-01,,345.89,359.56,Completed,June_2026,100.0,,64.75,232.82,,,,,,24.0,2026-06-01,0.6731041660643557,618050_June_2026
618051,Rehabilitation and Upgrading of NH-707 OLD 72-B Package - 2 Hewna to Ashyari,,Himachal Pradesh,MoRTH,2021-03-01,2025-12-01,,242.8,242.8,Completed,July_2026,100.0,,91.0,220.95,,,,,,57.0,2026-07-01,0.30836079077429984,618051_July_2026
618052,Gorantla - Hindupur section from Km 120/300 to 165/000 of NH716G in the State of Andhra Pradesh,,(-) (-),MoRTH,2024-10-01,2027-08-01,,808.7,808.7,Newly Added,July_2026,0.0,,100.0,808.7,,,,,,24.0,2026-07-01,0.0,618052_July_2026
618053,Muddanur to B. Kothapalli section of NH-716G from Km. 0/000 to Km. 56/500   56.500 Km    in the State of Andhra Pradesh on EPC mode Job no. 741,,(-) (-),MoRTH,2024-10-01,2027-08-01,,1019.97,1019.97,Newly Added,July_2026,0.0,,100.0,1019.97,,,,,,24.0,2026-07-01,0.0,618053_July_2026
618054,Construction of Balrampur bypass with 2L flexible pavement configuration from km.223.000 of NH-330 to km.328.300 of NH-730 under EPC mode,,(-) (-),MoRTH,2022-12-01,2026-02-01,,515.69,515.69,Newly Added,July_2026,128.55,,100.0,515.69,,,,,,18.0,2026-07-01,0.15697415113731117,618054_July_2026
618055,Construction of Pratapgarh Bypass Extension connecting NH-31 to NH-330 on EPC mode in the State of Uttar Pradesh.,,(-) (-),MoRTH,2022-10-01,2025-06-01,,225.17,225.17,Newly Added,July_2026,66.96,,100.0,225.17,,,,,,17.0,2026-07-01,0.0,618055_July_2026
618056,Improvement and Up-gradation to two Lane with Paved Shoulder Configuration from existing km. 420.00 Shohrathgarh to km. 454.00 Uska Bazar of NH-730 in the state of Uttar Pradesh EPC basis,,(-) (-),MoRTH,2022-01-01,2025-09-01,,509.65,509.65,Newly Added,July_2026,120.57,,95.05,484.42,,,,,,18.0,2026-07-01,0.16509369174923968,618056_July_2026
618057,Construction of Shohratgarh Bypass on NH-730 under EPC mode in the State of Uttar Pradesh,,(-) (-),MoRTH,2022-10-01,2025-05-01,,189.31,189.31,Newly Added,July_2026,31.42,,100.0,189.31,,,,,,18.0,2026-07-01,0.0,618057_July_2026
618060,Widening and Strengthening of existing paveemnt to two lane with paved shoulders from km 116.00 to km 176.355 of NH-75E in the State of Jharkhand on EPC mode.,,(-) (-),MoRTH,2022-01-01,2024-07-01,,315.21,315.21,Newly Added,July_2026,162.16,,100.0,315.21,,,,,,18.0,2026-07-01,0.4108054947495321,618060_July_2026
618061,"Strengthening, Widening & Up-gradation of newly declared NH-761 from NH- 61Junction-BelheAlkutiDevibhoyareNighojShirur, from Design chainage Km 0.000 to Km 37.970 from Single/Intermediate/2L to 2LPS in the State of Maharashtra on EPC Mode Length 37.970 Km",,(-) (-),MoRTH,2024-03-01,2026-09-01,,386.16,386.16,Newly Added,July_2026,57.23,,100.0,386.16,,,,,,18.0,2026-07-01,0.06378185208203853,618061_July_2026
618062,Dornala to Kunta Junction from Design Chainage Km 244000 to 267990 section of NH-765 Package-2,,(N24002147) (-),MoRTH,2022-12-01,2025-09-01,,244.83,244.83,Newly Added,May2026,0.0,,100.0,244.83,,,,,,18.0,2026-05-01,0.0,618062_May2026
618063,Widening & Strenghteningof section from Bharthana chowk to Kodarkoot km.0.00 to km.40.00 of NH-91-A on EPC mode,,(-) (-),MoRTH,2020-03-01,2024-09-01,,262.37,262.37,Newly Added,July_2026,115.38,,131.02,343.77,,,,,,18.0,2026-07-01,0.4286313221786027,618063_July_2026
618064,Up-gradation of NH-930 Sherpar to Kohka from Km.67880 to Km.114860 to 2LPS in Chhattisgarh under EPC mode,,Chhattisgarh,MoRTH,2022-05-01,2024-05-01,,278.97,278.97,Completed,June_2026,100.0,,75.57,210.82,,,,,,24.0,2026-06-01,0.7557084991217693,618064_June_2026
618065,"Rehabilitation/Upgradation of existing Highway to 2LPS/4 lane of Dhawali to Rajoli from Design Km.149476 to 163476 existing Km.150000 to 164000, Pandhasala to Mohadongri from design Km.170476 to 181476 existing Km.171000 to 182000, Ambeshivni Fata to Bodli from design Km.183476 to 185476 existing Km.184000 to 186000 and Made Tukum to Gadchiroli from design Km.188476 to 189476 existing Km.188000 to 18900 having length  28 km of NH-930 of Dhawali to Gadchroli road in the",,(-) (-),MoRTH,2022-03-01,2025-09-01,,316.44,316.44,Newly Added,July_2026,49.78,,100.0,316.44,,,,,,18.0,2026-07-01,0.0,618065_July_2026
618066,Construction of Amethi bypass Part-II at km.30.050 of NH-931 under EPC mode in the state of Uttar Pradesh,,(-) (-),MoRTH,2022-12-01,2027-02-01,,283.86,283.86,Newly Added,July_2026,38.69,,100.0,283.86,,,,,,24.0,2026-07-01,0.05379412386387655,618066_July_2026
618067,"Rehabilitation & Up-gradation from design Km. 0.000 to Km. 69.280 of NH-931 Pratapgarh - Amethi - Gauriganj -Musafirkhana to two lane with paved shoulder on Engineering, Procurement & Construction EpC mode in the State of Uttar Pradesh",,(-) (-),MoRTH,2023-05-01,2027-11-01,,1086.3,1086.3,Newly Added,July_2026,24.29,,100.0,1086.3,,,,,,24.0,2026-07-01,0.0,618067_July_2026
618068,"Construction of Kaithi-Padaria Kala bypass, Patna-Tamoli bypass, Jaso bypass and Nagod bypass   total length 15.44 Km    to 2-lane with paved shoulders flexible pavement on NH-943 in the State of Madhya Pradesh on EPC Mode.",,(-) (-),MoRTH,2022-03-01,2025-10-01,,158.36,158.36,Newly Added,July_2026,36.36,,100.0,158.36,,,,,,24.0,2026-07-01,0.0,618068_July_2026
618069,Upgradation to Two-lane with paved shoulder of Hanumangarh to Kenchiyan section from Km 0.000existing chainage-Km 23.200 to Km 49.605existing chainage-Km 74.645 of NH-54 in the State of Rajasthan on EPC mode.,,(-) (-),MoRTH,2022-03-01,2026-10-01,,334.64,334.64,Newly Added,July_2026,0.0,,100.0,334.64,,,,,,24.0,2026-07-01,0.0,618069_July_2026
618070,Widening to 2 Lanes with paved shoulders from Km.87/000 to 133/720 Nattukal to Thanau Jn. in Palakkad of NH-966 Old NH-213 on EPC mode Basis under NHO Annual Plan 2016-17 in the state of Kerala,,(-) (-),MoRTH,2017-02-01,2019-08-01,,294.28,294.28,Newly Added,July_2026,0.0,,107.25,315.63,,,,,,24.0,2026-07-01,0.0,618070_July_2026
618071,Construction of two lane with paved shoulder Gangtok Bypass Road from Ranipool to Burtuk Ch 0.00 Km to 23.316 L23.316 Km in the State of Sikkim,,Sikkim,MoRTH,2022-05-01,2024-05-01,,385.15,342.89,Newly Added,July_2026,92.0,,59.31,203.36,,,,,,24.0,2026-07-01,0.5280020771128132,618071_July_2026
618072,Widening to Existing single lane /intermediate lane to 2 lane from Km185.00 to Km 220.00 of NH-61 New NH-02 in the state of Nagaland.,,Nagaland,MoRTH,2022-07-01,2024-07-01,,297.25,297.25,Newly Added,July_2026,100.0,,52.2,155.15,,,,,,24.0,2026-07-01,0.5219512195121951,618072_July_2026
618073,Improvement to Two lane with Paved Shoulder from Junction of NH22 near Hajipur to Junction of NH -122 at Bachhwara via Mahnar and Mohiuddin Nagar from Km 0.00 to Km 29.730 of NH 122 B in the State of Bihar.,,(-) (-),MoRTH,2024-02-01,2026-02-01,,226.16,226.16,Newly Added,July_2026,0.0,,100.0,226.16,,,,,,18.0,2026-07-01,0.0,618073_July_2026
618074,Pre construction activity of NH 122B from km 0 to 72.348 and  Improvement to two lane with paved shoulders of NH 122B from km 29.730 to km 72.348 in state of Bihar under EPC mode,,(-) (-),MoRTH,2022-02-01,2024-11-01,,624.43,624.43,Newly Added,July_2026,154.25,,100.0,624.43,,,,,,18.0,2026-07-01,0.245359768108515,618074_July_2026
618075,Construction of two lane with paved shoulder from existing Km.0.000 to Km.55.610 design km. 0.000 to km. 54.048 of NH-124D,,(-) (-),MoRTH,2021-12-01,2026-02-01,,840.93,840.93,Newly Added,July_2026,210.11,,91.99,773.58,,,,,,24.0,2026-07-01,0.16041763285885866,618075_July_2026
618076,Improvement and Widening two lannig with paved Shoulder of NH 127B from km 31.500 Goeragre to km 63.224 Package-II in state of Meghalaya,,Meghalaya,MoRTH,2025-05-01,2027-05-01,,504.0,350.67,Newly Added,July_2026,4.5,,0.0,0.0,,,,,,24.0,2026-07-01,0.0,618076_July_2026
618078,Up-gradation of NH-130C Abhanpur to Paund from NH Km. 0000 to KM 40380 to two lane with paved shoulders in the State of Chhattisgarh on EPC mode.,,Chhattisgarh,MoRTH,2022-03-01,2023-09-01,,193.16,193.16,Completed,June_2026,100.0,,60.31,116.5,,,,,,18.0,2026-06-01,0.6031269413957341,618078_June_2026
618079,Construction of Dharmagarh Bypass on NH-130C including land acquisition in the state of Odisha on EPC Mode under Annual plan 2022-23.,,(-) (-),MoRTH,2023-03-01,,,,172.66,Newly Added,July_2026,0.0,,100.0,172.66,,,,,,,2026-07-01,,618079_July_2026
618080,under EPC mode in the state of Bihar,,(-) (-),MoRTH,2022-01-01,2026-03-01,,353.27,353.27,Newly Added,July_2026,0.0,,100.0,353.27,,,,,,18.0,2026-07-01,0.0,618080_July_2026
618081,Construction of Mariahu Bypass with four lane paved shoulder configuration Km. 53.540 to Km.59.200 of NH-135A on EPC mode in the state of Uttar Pradesh,,(-) (-),MoRTH,2023-03-01,2026-02-01,,438.24,438.24,Newly Added,July_2026,81.45,,82.69,362.39,,,,,,24.0,2026-07-01,0.0,618081_July_2026
618082,Widening & Upgradation to four lane configuration from Km.34.900 Bhadohi to km.73.134 Jaunpur of NH-135A on EPC mode,,(-) (-),MoRTH,2021-03-01,2024-05-01,,395.62,395.62,Newly Added,July_2026,0.0,,99.09,392.03,,,,,,18.0,2026-07-01,0.0,618082_July_2026
618083,Construction of byepass around Lohardaga town of NH-143A in the Sate of Jharkhand under EPC mode.,,(-) (-),MoRTH,2022-02-01,2026-01-01,,458.78,458.78,Newly Added,July_2026,2.32,,100.0,458.78,,,,,,24.0,2026-07-01,0.17437551767731813,618083_July_2026
618084,Widening to 2-lane with paved shoulder from km 0.00 to 44.00 Kuru-Ghaghra section of NH-143A including re-construction of culverts and bridges.,,(-) (-),MoRTH,2020-02-01,2023-08-01,,153.01,153.01,Newly Added,July_2026,100.77,,87.36,133.67,,,,,,24.0,2026-07-01,0.503235082674335,618084_July_2026
618085,Upgradation of Nasrullagani-Rehti-Budhni Scction  to 2-lane with paved shoulder from Km 0150 to Km 50500 of NH-146B in the state of Madhya Pradesh on EPC mode.,,(-) (-),MoRTH,2021-12-01,2024-10-01,,305.12,305.12,Newly Added,July_2026,0.0,,96.27,293.74,,,,,,18.0,2026-07-01,0.0,618085_July_2026
618086,"Widening to Two Lane with Paved Shoulders from KB Cross to Chunchanahalli ie., Design Ch. 485240 Km   Existing Km 494.000    to Design Ch. 523393 Km   Existing km 533.152    & From Design Ch. 530393   Existing Km 540.175    to Design Ch. 534476   Existing Km 544.200    at Nelligere of NH-150A on EPC mode under Annual Plan 2022-23  NH-150A-KNT-2022-23-977 dated 08.03.2023",,(-) (-),MoRTH,2023-03-01,2027-01-01,,617.28,617.28,Newly Added,July_2026,8.03,,100.0,617.28,,,,,,18.0,2026-07-01,0.0012150077760497667,618086_July_2026
618087,Widening to intermediate/two lane to 2 lane with paved shoulder from Existing chanages Km 112.750 to 142.00 Liingasur to Mudabal cross & from Km. 147.070 to Km. 149.070 Maski city limit of Jewargi Chamrajnagar setion of NH-150A in the state of Karnataka on EPC mode. Job No. NH-150A-KNT-2021-22-951,,(-) (-),MoRTH,2022-03-01,2024-07-01,,255.88,255.88,Newly Added,July_2026,185.27,,100.0,255.88,,,,,,18.0,2026-07-01,0.686845396279506,618087_July_2026
618088,Nandurshingote to Kolhar,,(-) (-),MoRTH,2024-09-01,2026-12-01,,325.79,325.79,Newly Added,July_2026,32.41,,100.0,325.79,,,,,,18.0,2026-07-01,0.4143773596488535,618088_July_2026
618089,Rehabilitation & Up-gradation of Mudkhed to Nanded section from Km. 372000 to Km 388400 of NH 161A i.e. Nanded-Bhokar-Himayatnagar-Kinwat-Mahur-Arani Road Design chainage from Km 372000 Mudkhed to Km 387650 Nanded of NH 161A Length 15.65 Km to 2/4Lane with paved shoulders configuration in the State of Maharashtra on EPC mode.,,(-) (-),MoRTH,2022-03-01,2025-04-01,,206.54,206.54,Newly Added,July_2026,74.51,,100.0,206.54,,,,,,24.0,2026-07-01,0.0,618089_July_2026
618090,Sarsam - Kothari of NH-161A - 2L  PS from Km.33/00 to 90/00,,(N24001002) (10176),MoRTH,2017-02-01,2019-06-01,,545.64,545.64,Newly Added,May2026,0.0,,100.0,545.64,,,,,,24.0,2026-05-01,0.0,618090_May2026
618091,Widening to two lane with paved shoulders from Km 0/000 to Km 45/946 of Nizampet- Narayankhed-bidar section of NH-161B in the state of Telangana under Annual Plan 2021-22 on EPC mode under NHO,,(-) (-),MoRTH,2022-03-01,2026-02-01,,512.98,512.98,Newly Added,July_2026,152.49,,100.0,512.98,,,,,,24.0,2026-07-01,0.44251237865023973,618091_July_2026
618092,Up-gradation to 2 lane with paved shoulder from Neechli Oden Nathdwara at Design Km 88.800 existing km 55.95 to Bhatewar at Design Km 142.028 existing km 0.00 of NH-162E in the State of Rajasthan on EPC mode.,,(-) (-),MoRTH,2023-02-01,2026-10-01,,606.61,606.61,Newly Added,July_2026,304.62,,100.0,606.61,,,,,,24.0,2026-07-01,0.7204793854371012,618092_July_2026
618093,Up-gradation to 2 lane with Paved shoulder from Charbhuja at Design km 0.00 existing km 150.00 to Neechli Oden Nathdwara at Design ch. Km 88.800 existing km 55.950 of NH-162E on EPC mode.,,Rajasthan,MoRTH,2023-09-01,2025-09-01,,838.43,838.43,Completed,June_2026,100.0,,5.24,43.9,,,,,,24.0,2026-06-01,0.052359767660985414,618093_June_2026
618094,Pen to Khopoli 2LPS,,(-) (-),MoRTH,2018-03-01,2019-12-01,,369.39,369.39,Newly Added,July_2026,333.1,,100.0,369.39,,,,,,18.0,2026-07-01,0.3888843769457755,618094_July_2026
618095,Widening to Two Lane with Paved Shoulders from Km 0.00 Design Chainage 0.00 to Km 23.338 Design Chainage 23310 of NH-166E MH/KNT Border- Kanamadi- Bijjargi- Tikota section in the state of Karnataka in EPC Mode under Annual plan 2022-23 NH- 166E-KNT-2022-23-974,,(-) (-),MoRTH,2023-02-01,2026-03-01,,196.05,196.05,Newly Added,July_2026,72.94,,100.0,196.05,,,,,,18.0,2026-07-01,0.47946952308084667,618095_July_2026
618096,Rehabilitation and Up-gradation to 2 lane road with paved shoulders configuration for the balance work of 13 km length on Helwak-Patan-Karad section Km. 85000 to 133 417 of NH-166E in the state of Maharashtra on EPC mode.,,(-) (-),MoRTH,2024-02-01,2026-04-01,,181.45,181.45,Newly Added,July_2026,60.25,,100.0,181.45,,,,,,18.0,2026-07-01,0.7329842931937173,618096_July_2026
618097,Guhagar - Rampur - 2L-PS - km 0/00 Guhagar to 26/230 Rampur and 40/00 Mirjoli to 53/600 Sati on NH-166E,,(-) (-),MoRTH,2017-01-01,2019-06-01,,407.2,407.2,Newly Added,July_2026,0.0,,100.0,407.2,,,,,,24.0,2026-07-01,0.0,618097_July_2026
618098,"Upgradation of exhisting 2 lane flexible pavement to 2 lane paved shoulders rigid pavement from design chainage Km 66.00 to Design Km 82.440 Start of Kolhapur Municipal corporation near Phulewadi to kale, design length 16.440 Km section on Talere Gaganbawada-Kolhapur road NH 166G in the state of Maharashtra on EPC mode",,(-) (-),MoRTH,2021-03-01,2024-05-01,,167.97,167.97,Newly Added,July_2026,0.0,,100.0,167.97,,,,,,18.0,2026-07-01,0.0,618098_July_2026
618099,"Rehabilitation & up-gradation for Talere  Gaganbawada - kolhapur Road NH 166G stretch start from km. 0/00 to Km. 06/00 and km. 13/00 to km 19/440 of NH-166G, length 12.440 km in the State of Maharashtra.",,Maharashtra,MoRTH,2024-10-01,2026-04-01,,164.13,164.13,Completed,June_2026,100.0,,70.38,115.51,,,,,,18.0,2026-06-01,0.7037714007189424,618099_June_2026
618101,Kondamodu to Perecherla Section Design Ch. Km 000 to Km 49917 of NH-167AG to to 4LPS,,(-) (-),MoRTH,2024-10-01,2027-04-01,,881.61,881.61,Newly Added,July_2026,0.0,,100.0,881.61,,,,,,24.0,2026-07-01,0.02155147967922324,618101_July_2026
618103,Rehabilitation and upgradation from Km 22300 to 58635 of MudireddyPalle to Kadapa/Nellore Border via porumamilla Section of NH 167 Two Lane with paved Shoulder in,,(-) (-),MoRTH,2022-03-01,2026-04-01,,279.29,279.29,Newly Added,July_2026,168.7,,100.0,279.29,,,,,,18.0,2026-07-01,0.07161015431988256,618103_July_2026
618104,Widening to two lane with paved shoulders from Km 0/000 to Km 79/300 of Kalwakurthy - Kollapur section of NH-167K in the state of Telangana under annual plan 2021-22 on EPC mode under NHO.,,(-) (-),MoRTH,2022-03-01,2025-07-01,,886.69,886.69,Newly Added,July_2026,620.25,,100.0,886.69,,,,,,24.0,2026-07-01,0.6286300736446785,618104_July_2026
618105,Widening and strengthening to 4 lane / 2-lane with paved shoulders of Mahabubnagar - Chincholi section from km 60/255 to Km 102/834 of NH-167N in the State of Telangana on EPC mode.,,(-) (-),MoRTH,2022-03-01,2025-10-01,,631.49,631.49,Newly Added,July_2026,125.34,,100.0,631.49,,,,,,24.0,2026-07-01,0.11387353718982089,618105_July_2026
618106,Widening and Strengthening to 2/4 lane with paved shoulders of Mahabubnagar Chincholi section from Km 0/0 to Km 60/255 of NH-167N in the state of Telangana under Annual plan 2021-22 on EPC modepackage-I under NHO Job No.167N-TS- 2021-22-75,,(-) (-),MoRTH,2022-01-01,2025-01-01,,703.68,703.68,Newly Added,July_2026,304.65,,100.0,703.68,,,,,,24.0,2026-07-01,0.358543656207367,618106_July_2026
618107,Hybrid Annuity Mode HAM,,(-) (-),MoRTH,2024-02-01,2028-06-01,,1155.21,1155.21,Newly Added,July_2026,421.58,,100.0,1155.21,,,,,,30.0,2026-07-01,0.0007877355632309277,618107_July_2026
618108,Up-gradation and strengthening to 2lanePS from Km 95/500 to km 129/775 of Nh 168G Idar-Bhiloda-Samlaji in the state of Gujarat Length  34.275 km,,(-) (-),MoRTH,2022-09-01,2025-12-01,,237.28,237.28,Newly Added,July_2026,41.55,,100.0,237.28,,,,,,24.0,2026-07-01,0.0,618108_July_2026
618109,Widening to 4 lane from Km 51.60 to 76.20 Hebri to Parkala and from Km 85.20 to 88.90 Karavali junction to Malpe of Thirthahalli-Udupi-Malpe Section of NH-169A in the State of Karnataka on EPC Mode under Annual plan 2021-22 Job No. NH-169A- KNT-2021-22-927,,(-) (-),MoRTH,2022-01-01,2024-12-01,,355.72,355.72,Newly Added,July_2026,217.46,,100.0,355.72,,,,,,24.0,2026-07-01,0.4800404812774091,618109_July_2026
618110,Improvement and upgradation to two lane with Paved Shoulder configuration from existing km 55.00 to km 90.00 Design length 34.76 of NH-227A near Chhapia Village to near Sikriganj in the State of UP on EPC Mode.,,Uttar Pradesh,MoRTH,2022-11-01,2024-05-01,,307.11,307.11,Completed,June_2026,100.0,,44.54,136.8,,,,,,18.0,2026-06-01,0.44544300087916383,618110_June_2026
618111,Improvement and upgradation to two lane with paved shoulder configuration from existing km 90.00 to 130.00 Design length 39.15 of NH-227A  near Sikriganj to Barhalganj in the State of UP on EPC Mode.,,(-) (-),MoRTH,2021-08-01,2025-06-01,,403.36,403.36,Newly Added,July_2026,142.17,,85.62,345.34,,,,,,18.0,2026-07-01,0.0,618111_July_2026
618112,"Improvement and up-gradation of NH-227B 84 Kosi Parikrama Marg Package I, from km 228.920 Jagarnathpur to Km 235.960/0.000 MakhaudaDham to Km 29.000 Sarpur in the State of Uttar Pradesh on EPC basis",,(-) (-),MoRTH,2022-03-01,2026-11-01,,912.5,912.5,Newly Added,July_2026,8.72,,100.0,912.5,,,,,,18.0,2026-07-01,0.0,618112_July_2026
618113,"Improvement and up-gradation of NH-227B 84 Kosi Parikrama Marg Package III, from Km.47.800 Gosaiganj to Km.73.300 Bikapur in the State of Uttar Pradesh on EPC basis.",,(-) (-),MoRTH,2022-03-01,2026-11-01,,587.97,587.97,Newly Added,July_2026,80.16,,100.0,587.97,,,,,,18.0,2026-07-01,0.021735802847084033,618113_July_2026
618114,"Improvement and up-gradation of NH-227B 84 Kosi Parikrama Marg PackageV, from Design Km.140.960 Patranga to Km.160.200 Bahuvan Madar Majha on EPC mode in the State of Uttar Pradesh",,(-) (-),MoRTH,2023-03-01,2028-08-01,,1192.33,1192.33,Newly Added,July_2026,0.0,,100.0,1192.33,,,,,,30.0,2026-07-01,0.04612816921489856,618114_July_2026
618116,lmprovement and Up-gradation from Km. 73.300 Bikapur to Km.140.960 Patranga of NH-227B 84 Kosi Parikrama Marg to 2LPS along with Parikrama Path,,(-) (-),MoRTH,2022-11-01,2028-01-01,,1679.75,1679.75,Newly Added,July_2026,172.89,,100.0,1679.75,,,,,,24.0,2026-07-01,0.0,618116_July_2026
618117,Upgradation to 2-Lane with Paved Shoulder from Design Km 36300 to Design Chainage 47918 and from Design Ch 69900 to Design Ch 83940 of NH-248A Natni Ka Bara in the State of Rajasthan on EPC Mode.,,(-) (-),MoRTH,2024-02-01,2026-05-01,,154.89,154.89,Newly Added,July_2026,15.13,,100.0,154.89,,,,,,18.0,2026-07-01,1.317063722641875,618117_July_2026
618118,Upgradation of two lane paved shoulder from Shahpura existing km. 0.00 Design Ch. 000    to Thanagazi existing Km.37352   Design Ch. 36810    of NH- 248A on EPC mode in the State of Rajasthan.,,Rajasthan,MoRTH,2023-02-01,2024-07-01,,174.34,174.34,Completed,June_2026,100.0,,57.63,100.48,,,,,,17.0,2026-06-01,0.5763450728461627,618118_June_2026
618119,Rehabilitation and up-gradation to 2-lane configuration of Bageshwar to Kangarchina road from km 129.600 to Km 161.600 Existing Chainage 136.00 to Km 169.00 of NH- 309Ain the State of Uttarakhand Package-IV under NHO Annual Plan 2021-22,,(-) (-),MoRTH,2022-03-01,2027-02-01,,472.23,472.23,Newly Added,July_2026,0.0,,100.0,472.23,,,,,,30.0,2026-07-01,0.5548143912923786,618119_July_2026
618120,construction of Four-Lane of chausa-Buxar Bypass from Km 45.000 to Km 65.915 Package - 2 in the State of Bihar on EPC Mode.,,(-) (-),MoRTH,2022-09-01,2028-01-01,,1060.16,1060.16,Newly Added,July_2026,0.22,,100.0,1060.16,,,,,,24.0,2026-07-01,0.0,618120_July_2026
618121,Improvement to two lane with paved shoulders of NH-319A from km 0 to km 45 in state of Bihar under EPC mode,,(-) (-),MoRTH,2022-02-01,2024-12-01,,427.29,427.29,Newly Added,July_2026,198.23,,100.0,427.29,,,,,,18.0,2026-07-01,0.4126471483067705,618121_July_2026
618122,Widening to 2 lane with paved shoulded of Jareikela Jharkhand/Odisha Border - Dhabaleswar section from 0/0 to 36/0 of NH-320D in the State of Odisha under Annual Plan 2021-22.,,(-) (-),MoRTH,2022-03-01,2026-10-01,,172.09,172.09,Newly Added,July_2026,7.42,,100.0,172.09,,,,,,24.0,2026-07-01,1.1273171015166483,618122_July_2026
618123,Widening and Strengthening/Reconstruction to Two Lane with Paved Shoulder/ Two Lane with paved shoulders with service road from km 0000 to km 42250 excluding design Ch. 03220 to 04200 & 28350 to 29060 of NH-320G in the state of Jharkhand under EPC mode,,(-) (-),MoRTH,2022-03-01,2025-08-01,,423.18,423.18,Newly Added,June_2026,5.46,,100.0,423.18,,,,,,24.0,2026-06-01,0.009712179214518646,618123_June_2026
618124,Rehabilitation and upgradation from km 51.600 to km 75.700 of NH-321G Nuhkhas to Etah section to two lane with paved shoulder configuration under EPC mode in the State of Uttar Pradesh,,(-) (-),MoRTH,2022-01-01,2025-08-01,,343.54,343.54,Newly Added,July_2026,88.97,,100.0,343.54,,,,,,18.0,2026-07-01,0.1550037841299412,618124_July_2026
618125,Rehabilitation and upgradation of NH 326A from km 0/0 to 41/979 excluding km 2/255 to 3/372 and km 36/820 to 38/275 Odisha border to Narasamapeta to two lane with paved Shoulders in the State of Andhra Pradesh under NHO on EPC Mode,,(-) (-),MoRTH,2018-03-01,2020-03-01,,228.32,228.32,Newly Added,July_2026,44.94,,100.0,228.32,,,,,,18.0,2026-07-01,0.30921513665031536,618125_July_2026
618126,"Pre-Construction activities from Km 134.000 to Km 190.233 of NH-333A and Construction of 4 no. of Bypasses at Katoria, Lakhpura, Banka & Panjwara total length-14.359 Km to two lane with paved shoulders standard in State of Bihar.",,(-) (-),MoRTH,2022-11-01,2026-12-01,,479.37,479.37,Newly Added,July_2026,67.37,,100.0,479.37,,,,,,24.0,2026-07-01,0.08344285207668398,618126_July_2026
618127,Construction of 2- Lane with paved shoulder from km 56.45 Dharampur More to 93.050 Pakur of NH-333A in the State of Jharkhand on EPC mode,,(-) (-),MoRTH,2023-03-01,2027-05-01,,255.73,255.73,Newly Added,July_2026,10.06,,100.0,255.73,,,,,,18.0,2026-07-01,0.0,618127_July_2026
618129,configuration in the State of Madhya Pradesh on EPC mode.,,(-) (-),MoRTH,2023-03-01,2026-12-01,,467.93,467.93,Newly Added,July_2026,167.65,,100.0,467.93,,,,,,24.0,2026-07-01,0.26713397303015407,618129_July_2026
618130,Widening to 2 lane with paved shoulders from 0.00 to 32.970 ofAdilabadto Bela section of NH 353B in the State of Telangana,,(-) (-),MoRTH,2022-10-01,2026-05-01,,490.92,490.92,Newly Added,July_2026,149.79,,100.0,490.92,,,,,,24.0,2026-07-01,0.4644341236861403,618130_July_2026
618132,Widening & strengthening of existing carriageway in 2 lane with paved shoulders from km 25/0 to 59/2 design Ch km 25.467 to 59.200 of NH - 353C on EPC mode in the state of Telangana,,Telangana,MoRTH,2018-06-01,2020-06-01,,206.13,206.13,Completed,June_2026,100.0,,154.57,318.62,,,,,,24.0,2026-06-01,1.5457235725027896,618132_June_2026
618133,Gadchiroli Dist in the State of Maharashtra.,,(-) (-),MoRTH,2021-03-01,2024-05-01,,280.57,280.57,Newly Added,July_2026,144.61,,100.0,280.57,,,,,,23.0,2026-07-01,0.0,618133_July_2026
618134,Rehabilitation /Upgradation from Lagam to Alapalli section Desing Km. 199/400 to km 227/400 Length  28.0 Km to 2 lane with Paved Shoulders/ 4 lane configuration section of NH-353 C Sakoli-Wadsa-Armori-Gadchiroli-Ashti-Alapalli Sironcha in Gadchiroli District on EPC mode in the state of Maharashtra.,,(-) (-),MoRTH,2023-02-01,2026-09-01,,459.39,459.39,Newly Added,July_2026,132.28,,100.0,459.39,,,,,,24.0,2026-07-01,0.0,618134_July_2026
618136,Upgradatiobn and Rehabilitation of Section of NH 361 F from Parli 00/000 to Gangakhed 30/400 to Two Lanes with paved shoulder / Four lane configurations on EPC mode in the State of Maharashtra.,,Maharashtra,MoRTH,2022-02-01,2025-08-01,,224.44,224.44,Completed,July_2026,100.0,,100.0,224.44,,,,,,42.0,2026-07-01,0.0,618136_July_2026
618137,Rehabilitation and Up-gradation of Jarud - Sirsala section of NH-361F km 59500 to km11500 to Two lane with paved shoulder/ Four Lane in the state of Maharashtra on EPC mode Length  55.5 Km.,,(-) (-),MoRTH,2024-03-01,2027-05-01,,540.35,540.35,Newly Added,July_2026,158.38,,100.0,540.35,,,,,,24.0,2026-07-01,0.25168872027389655,618137_July_2026
618138,"Widening, Reconstruction & Up-gradation to 2 lane with Paved Shoulder/Four Lane configuration for the work of Sautada to Shirapur Section of NH-561 from Design km 86300 to km 125589 in the state of Maharashtra on EPC mode. Design length  39.289 km",,(-) (-),MoRTH,2024-03-01,2026-11-01,,349.57,349.57,Newly Added,July_2026,0.0,,100.0,349.57,,,,,,18.0,2026-07-01,0.3919100609320022,618138_July_2026
618139,Rehabilitation and Up-gradation of Gangakhed  Loha section of NH-361F from Km 169/00 to 210/00 to two lane with paved shoulder/ four lane configuration in the state of Maharashtra on EPC mode Length - 41.00 Km.,,(-) (-),MoRTH,2024-03-01,2026-09-01,,355.12,355.12,Newly Added,July_2026,0.0,,100.0,355.12,,,,,,17.0,2026-07-01,0.38860103626943004,618139_July_2026
618140,Widening to two/four lane with paved shoulders from Km.34.250 to Km.71.830 of NH- 365A on Kodad-Khammam-Kurvi road.,,(-) (-),MoRTH,2022-10-01,2027-01-01,,445.76,445.76,Newly Added,July_2026,18.32,,100.0,445.76,,,,,,23.0,2026-07-01,0.5069992821249103,618140_July_2026
618141,Widening and Improvement of existing carriage way to 2 lane with paved shoulders from Km. 86/160 to 131/730 of Jangaon-Duddeda section of NH-365B in the State of Telangana on EPC Mode,,(-) (-),MoRTH,2022-01-01,2024-12-01,,423.48,423.48,Newly Added,July_2026,184.83,,100.0,423.48,,,,,,24.0,2026-07-01,0.3776801737980542,618141_July_2026
618142,Widening to Two lane with Paved shoulders from km.40/410 to 84/037 of Thirumanlagiri-- Suryapet Section of NH-365B earstwhile section of SH-16,,Telangana,MoRTH,2017-05-01,2019-05-01,,244.54,244.54,Completed,June_2026,100.0,,60.31,147.48,,,,,,24.0,2026-06-01,0.6030915187699354,618142_June_2026
618143,widening to two lane with Paved shoulders from Km.0/970 to Km.40/410 of Jangaon - Thirumal giriof NH- 365B in the state of Telanganaon EPC mode under NHO Annual Plan 2016-17,,Telangana,MoRTH,2017-11-01,2019-10-01,,197.0,197.0,Completed,June_2026,100.0,,1.64,3.24,,,,,,23.0,2026-06-01,0.016446700507614213,618143_June_2026
618144,Construction of Major Bridge Across Sharavathi Backwaters and approches between Ambargodu and Kalasavalli Near Sigandhur in Sagar Taluk on NH 369E in the State of Karnataka on EPC mode.Job No. NH-369E-KNT-2018-19-895 dated 06.03.2019.,,(N24001281) (-),MoRTH,2019-03-01,2022-12-01,,423.15,423.15,Newly Added,May2026,0.0,,100.0,423.15,,,,,,36.0,2026-05-01,0.0,618144_May2026
618145,Widening to two lane with paved shoulder of Rampachodavaram - Koyyuru section of NH 516E from Km 43700 to Km 113820  in the State of Andhra Pradesh on EPC mode Job No. 737,,Andhra Pradesh,MoRTH,2023-01-01,2025-01-01,,568.12,568.12,Completed,June_2026,100.0,,57.2,324.96,,,,,,24.0,2026-06-01,0.571991832711399,618145_June_2026
618146,Estimate for Improvement to two lane with paved shoulder from Ramnagar to Roseda from km 3.500 to 43.000 of NH 527 E on EPC mode in State of Bihar,,(-) (-),MoRTH,2022-01-01,2026-04-01,,495.16,495.16,Newly Added,July_2026,0.38,,100.0,495.16,,,,,,18.0,2026-07-01,0.0,618146_July_2026
618147,Widening to 2 Lane with Paved Shoulders from design Km 103.200 Existing Km 103.200 to design Km 116.700 Existing Km 118.470 on AP/KNT Border to Sira Section of NH-544E in the State of Karnatakaon EPC mode under Annual plan 2022-23,,Karnataka,MoRTH,2024-03-01,2025-09-01,,166.58,,Newly Added,February_2026,,,57.63,96.0,,,,,,18.0,2026-02-01,0.5762996758314323,618147_February_2026
618148,Widening to 4LPS of NH-548B from Km 80.000 Near Murgundi to Km 140.200 Near Chikkodi excluding length from Km 118.450 to Km 128.450 in the State of Karnataka under NH O on EPC Mode under Annual Plan 2022-23 - Package  1 NH-548B-KNT- 2022-23-979 dated 09.03.2023,,(-) (-),MoRTH,2023-03-01,2028-04-01,,785.79,785.79,Newly Added,July_2026,6.15,,100.0,785.79,,,,,,24.0,2026-07-01,0.03817813919749551,618148_July_2026
618149,Widening to two lane with paved shoulders from Km 0.00 to 102.310 Design Chainage of NH-548B Murrum-Maharashtra Border in the State of Karnataka,,(-) (-),MoRTH,2023-02-01,2027-01-01,,957.09,957.09,Newly Added,July_2026,288.23,,100.0,957.09,,,,,,24.0,2026-07-01,0.10134888046056274,618149_July_2026
618151,Widening to 4LPS of NH-548B from Km 118.450 Near Shirguppi to Km 128.450 Near Ankali in the State of Karnataka under NH O on EPC Mode Under Annual Plan 2022- 23 NH-548B-KNT-2022-23-982,,(-) (-),MoRTH,2023-03-01,2029-05-01,,1084.29,1084.29,Newly Added,July_2026,1.71,,100.0,1084.29,,,,,,36.0,2026-07-01,0.02859013732488541,618151_July_2026
618152,Mhaswad to Tembhurni section of NH-548C - 2L  PS,,(-) (-),MoRTH,2017-01-01,2019-07-01,,488.6,488.6,Newly Added,July_2026,0.0,,100.0,488.6,,,,,,23.0,2026-07-01,0.0,618152_July_2026
618153,Satara to Mhaswad,,(-) (-),MoRTH,2017-01-01,2019-08-01,,653.46,653.46,Newly Added,July_2026,7.34,,100.0,653.46,,,,,,24.0,2026-07-01,0.0,618153_July_2026
618154,"Rehabilitation & upgradation of Jamkhed to Sautada Section of NH548 D from km 195.375 to km 208.774, Length  13.399 Km to 2L PS /4L configuration with rigid pavement in the state of Maharashtra on EPC mode.",,(-) (-),MoRTH,2022-03-01,2024-07-01,,157.62,157.62,Newly Added,July_2026,0.0,,100.0,157.62,,,,,,18.0,2026-07-01,0.0,618154_July_2026
618155,Development/Widening of Talegaon Chakan Shikrapur Nhavara Section of NH-548D from existing chainage km. 54/000 to 82/300 and Design chainage Km. 54/000 to 82/120 Shikrapur to Nhavara Section to 2LPS/4L Configuration on EPC Mode in the State of Maharashtra.,,(-) (-),MoRTH,2024-03-01,2026-07-01,,396.17,396.17,Newly Added,July_2026,99.7,,100.0,396.17,,,,,,18.0,2026-07-01,0.360956155185905,618155_July_2026
618156,"Construction of Morena bypass, Ambah bypass & Porsa bypass Totat length 27.16 km Section of NH-552 Ext. to TWo lane with paved shoulder configuration in the state of Madhya Pradesh on EPC mode",,(-) (-),MoRTH,2023-02-01,2026-10-01,,492.66,492.66,Newly Added,July_2026,0.0,,100.0,492.66,,,,,,24.0,2026-07-01,0.0,618156_July_2026
618157,NH-552Extn. to Two lane with paved shoulder configuration in the State of Madhya Pradesh on EPC mode.,,(-) (-),MoRTH,2023-03-01,2026-06-01,,348.06,348.06,Newly Added,July_2026,79.84,,100.0,348.06,,,,,,18.0,2026-07-01,0.36200655059472503,618157_July_2026
618158,configuration along with One time improvement of 8.91 km in the state of Madhya Pradesh on EPC mode,,(-) (-),MoRTH,2023-03-01,2026-12-01,,416.96,416.96,Newly Added,July_2026,0.0,,100.0,416.96,,,,,,24.0,2026-07-01,0.30458557175748274,618158_July_2026
618159,20.479 km in the State of Assam Job No. 715K/AS/2023-24/256,,Assam,MoRTH,2025-09-01,2027-03-01,,382.1,382.1,Newly Added,July_2026,6.7,,7.58,28.96,,,,,,18.0,2026-07-01,0.07579167757131641,618159_July_2026
618160,"Construction of 2 lane Major Bridge including approaches over Brahmaputra between Majuli on North Bank and Jorhat on South Bank from km. 11.690 to km. 19.715 length of bridge 6,812.5m Package - II on NH-715K in the state of Assam Job no. 715/AS/2020-21/213",,Assam,MoRTH,2025-12-01,2027-12-01,,1019.17,1019.17,Newly Added,July_2026,3.25,,0.0,0.0,,,,,,24.0,2026-07-01,0.0,618160_July_2026
618161,Widening and Reconstruction of existing road to four lane from Km.56400 to Km 120300 i.e. from B.Kothapalli Junction to Gorantla excluding Kadiri Bypass from Km 70200 to Km 77105 of NH 716G in the State of Andhra Pradesh on EPC mode Job no. 742,,Andhra Pradesh,MoRTH,2023-09-01,2025-12-01,,839.98,839.98,Completed,June_2026,100.0,,49.42,415.11,,,,,,27.0,2026-06-01,0.4941903378651873,618161_June_2026
618162,"Improvement and up-gradation to 2LPS of NH-227B 84-Kosi Parikrama Marg PackageVI, Design Km 160200 Bahuvan Madar Majha to Km 224040 Jagarnathpur under HAM",,(-) (-),MoRTH,2023-05-01,2028-01-01,,2008.7,2008.7,Newly Added,July_2026,0.0,,100.0,2008.7,,,,,,24.0,2026-07-01,0.0,618162_July_2026
618163,"Rehabilitation and Up-gradation from km. 0000 to km.40390 of NH-730S MaharajganjNichloulThuthibari to two lane with paved shoulders in the State of U.P. on Engineering, Procurement & Construction EPC Basis.",,(-) (-),MoRTH,2023-03-01,2025-12-01,,809.25,809.25,Newly Added,July_2026,167.84,,74.54,603.19,,,,,,18.0,2026-07-01,0.0,618163_July_2026
618164,Construction of four lane highway with paved shoulder from Km.74.700 to Km.112.950 of NH-731A i/c Yamuna Bridge on HAM in the state of Uttar Pradesh.,,(-) (-),MoRTH,2022-03-01,2026-06-01,,1141.67,1141.67,Newly Added,July_2026,0.0,,101.37,1157.31,,,,,,24.0,2026-07-01,0.0,618164_July_2026
618165,Construction of 4-lane highway with paved shoulders from Km 49.155 to Km 74.700 of NH-731A on Hybrid Annuity Mode in the state of Uttar Pradesh,,(-) (-),MoRTH,2022-01-01,2026-01-01,,1156.72,1156.72,Newly Added,June_2026,0.0,,100.0,1156.72,,,,,,23.0,2026-06-01,0.0,618165_June_2026
618166,Construction of 4-lane green field highway from Km. 35.000 to Km. 49.155 of NH- 731A with paved shoulders on Hybrid Annuity Mode in the state of Uttar Pradesh,,(-) (-),MoRTH,2022-01-01,2025-10-01,,697.66,697.66,Newly Added,July_2026,0.04,,100.0,697.66,,,,,,24.0,2026-07-01,5.7334518246710435e-05,618166_July_2026
618167,Rehabilitation & Upgradation of NH-731A from Km.0.00 to Km.35.00 to 2-lane with paved shoulder under EPC mode,,(N24001590) (-),MoRTH,2021-03-01,2023-08-01,,264.86,264.86,Newly Added,May2026,0.0,,100.0,264.86,,,,,,12.0,2026-05-01,0.0,618167_May2026
618168,Widening to four lane with paved shoulder from Design Km.49.200 to Km.89.285 of NH-731B on EPC mode in the state of Uttar Pradesh,,(-) (-),MoRTH,2022-03-01,2026-01-01,,917.91,917.91,Newly Added,July_2026,134.41,,105.16,965.3,,,,,,24.0,2026-07-01,0.1273654279831356,618168_July_2026
618169,Construction of Two Lane with paved shoulder highway from Design Ch.0.000 to Ch.49.2OO of NH-731B on EPC Mode,,(-) (-),MoRTH,2022-03-01,2025-11-01,,640.18,640.18,Newly Added,July_2026,270.82,,94.15,602.76,,,,,,24.0,2026-07-01,0.35477521946952423,618169_July_2026
618170,Construction of Two lane with paved shoulder configuration of Shujalpur Bypass section of NH-752C from km 33100 Design to km. 42570 Design total design length 10.470 km in the State of Madhya Pradesh on EPC mode.,,(-) (-),MoRTH,2023-03-01,2025-09-01,,214.07,214.07,Newly Added,July_2026,38.07,,100.0,214.07,,,,,,18.0,2026-07-01,0.5979352548231887,618170_July_2026
618171,"Work of Upgradation of Jirapur-Pachore Road including Pachore, Jirapur, Chhapiheda & Khujner Bypasses from 0000 to 58790 Design Length 58.79 Km section of NH-752C to 2LPS in the State of Madhya Pradesh under EPC mode",,(-) (-),MoRTH,2022-03-01,2026-01-01,,352.69,352.69,Newly Added,July_2026,98.96,,100.0,352.69,,,,,,24.0,2026-07-01,0.3657602994130823,618171_July_2026
618172,Paithan - Shirur section 2LPS Km 0.0 to 55.00,,(-) (-),MoRTH,2017-03-01,2019-06-01,,341.8,341.8,Newly Added,July_2026,208.25,,100.0,341.8,,,,,,24.0,2026-07-01,0.0,618172_July_2026
618173,Shirur-Kharda section from 55937 km to 114486 km to 2LPS/4L,,(-) (-),MoRTH,2017-02-01,2019-06-01,,381.77,381.77,Newly Added,July_2026,0.0,,100.0,381.77,,,,,,24.0,2026-07-01,0.0,618173_July_2026
618174,Rehabilitation and Upgradation to two lane with paved shoulder configuration of NH- 752G from Sakri to Pimpalner Section Design Ch km 0000 to Ch km 21411 in the state of Maharashtra on EPC Mode. Length  21.411 km.,,(-) (-),MoRTH,2024-03-01,2026-10-01,,226.58,226.58,Newly Added,July_2026,0.0,,100.0,226.58,,,,,,18.0,2026-07-01,0.6134698561214582,618174_July_2026
618175,Rehabilitation and Upgradation of Satana to Mangrul Chandwad Section of NH752 G Design Ch Km 64.000 to Ch Km 101.140 two lane with paved shoulder/four lane configuration in the state of Maharashtra on EPC mode.,,Maharashtra,MoRTH,2023-05-01,2026-02-01,,428.8,428.8,Completed,July_2026,100.0,,100.0,428.8,,,,,,33.0,2026-07-01,0.0,618175_July_2026
618176,Rehabilitation and upgradation from ch km 50/200 to 56/800 and km 62/600 to 100/403 of Kolde to Visarwadi Near Junction with NH-6 section of NH 752G total length  44.40 to two-lane with paved shoulder / four lanes in the State of Maharashtra on EPC mode.,,(-) (-),MoRTH,2025-03-01,2028-01-01,,349.08,349.08,Newly Added,July_2026,39.95,,100.0,349.08,,,,,,24.0,2026-07-01,0.0,618176_July_2026
618177,Pal Phata Phulambri - Khultabad 2LPS,,(-) (-),MoRTH,2018-03-01,2019-12-01,,227.19,227.19,Newly Added,July_2026,5.78,,100.0,227.19,,,,,,18.0,2026-07-01,0.0,618177_July_2026
618178,Widening and strengthening of Gangakhed to Kingaon section of NH-752K in Km 38/750 to 72/304   Flexible Pavement      Length33.554 km    to 2-lane configuration on EPC mode in the State of Maharashtra.,,(-) (-),MoRTH,2024-02-01,2026-06-01,,162.67,162.67,Newly Added,July_2026,0.0,,100.0,162.67,,,,,,18.0,2026-07-01,0.8606381016782444,618178_July_2026
618179,Rehabilitation and Upgradation of Shewali phata to Kalambhir section i.e. Km 0443 to Km 4500 & Nizampur to Chadwel section i.e. Km 13485 to Km 26265 Length16.317 Km excluding 2 Major Bridges with approaches Km 13735 to Km 14095 & Km 19660 to Km 20030 of NH 753B to 2LPS Configuration in the State of Maharashtra on EPC Mode.,,(-) (-),MoRTH,2024-03-01,2026-02-01,,181.58,181.58,Newly Added,June_2026,0.0,,100.0,181.58,,,,,,18.0,2026-06-01,0.7765172375812314,618179_June_2026
618180,Pune raigarh District Border To Mangaon    Ch 69000 to 103775    NH-753F,,(-) (-),MoRTH,2018-03-01,2019-12-01,,223.46,223.46,Newly Added,July_2026,0.0,,100.0,223.46,,,,,,18.0,2026-07-01,0.0,618180_July_2026
618181,Rehabilitation / Upgradation to 4 Lane with Paved shoulder of Existing Section in Sillod Town with Design Ch. Km54500 to Km 60679 [Length6.179 km] section of NH 753F Aurangabad-Jalgaon road on EPC Mode in the State of Maharashtra,,(N24002177) (-),MoRTH,2023-03-01,2025-07-01,,153.79,153.79,Newly Added,May2026,0.0,,100.0,153.79,,,,,,18.0,2026-05-01,0.0,618181_May2026
618182,Widening to Two lane with paved shoulders from 106/830 to 158/496 of Yellareddy- Rudrur Section of NH-765D in the state of Telangana on EPC mode under NHO under Annual plan 2022-23,,(-) (-),MoRTH,2022-10-01,2026-07-01,,499.88,499.88,Newly Added,July_2026,207.08,,100.0,499.88,,,,,,24.0,2026-07-01,0.4581099463871329,618182_July_2026
618183,Widening to 2 lane with paved shoulders from Km 62/920 to km 106/830 of Medak - Yellareddy section in the State of Telangana under Annual Plan 2022-23 on EPC mode under NHO,,(-) (-),MoRTH,2022-10-01,2026-08-01,,399.01,399.01,Newly Added,July_2026,146.04,,100.0,399.01,,,,,,24.0,2026-07-01,0.5764266559735345,618183_July_2026
618184,Construction of 2 Lane with paved shoulder from km 55.6 to km 90.7 existing chainages of NH-766C complete Realignment of 13.76 km with 2 major Bridges across Sharavathi Backwaters on EPC mode under Annual Plan 2022-23 in the state of Karnataka NH-766C-KNT-2022-23 dated 14.10.2022,,(-) (-),MoRTH,2023-01-01,2026-02-01,,313.56,313.56,Newly Added,July_2026,160.08,,100.0,313.56,,,,,,24.0,2026-07-01,0.0,618184_July_2026
618185,Widening to 2LPS from Km 0.000 to 37.850 Except Ex. Km 24.45 to 27.20 of NH-766c Byndoor-Ranebennur Section in the state of Karnataka on EPC Mode under Annual Plan 2022-23 NH-766C-KNT-2022-23-969 dated 30.12.2022,,(-) (-),MoRTH,2022-12-01,2027-08-01,,394.95,394.95,Newly Added,July_2026,15.68,,100.0,394.95,,,,,,24.0,2026-07-01,0.0,618185_July_2026
618186,"Rehabilitation and Up-gradation of Valigonda to Thorrur Section to Two Lane with Paved Shoulders from Km 39.180 to Km 108.300 of NH-930P in the State of Telangana on Engineering, Procurement and Construction EPC Basis",,(-) (-),MoRTH,2022-01-01,2024-12-01,,549.28,549.28,Newly Added,July_2026,325.77,,100.0,549.28,,,,,,24.0,2026-07-01,0.5097946402563356,618186_July_2026
618187,53.500 along with One time improvement in 04 no's of realigned/bypassed built-up areas in a total length of 9.732 km in the state of Uttar Pradesh on EPC mode,,(-) (-),MoRTH,2023-05-01,2027-10-01,,947.15,947.15,Newly Added,July_2026,26.64,,100.0,947.15,,,,,,24.0,2026-07-01,0.0,618187_July_2026
618188,Rehabilitation and Up-gradation to 2 lane with paved shoulder configuration of Mahud Sangola road NH 965 G 159400 to 161900and 162400 to 183960 Design Chainage from km. 32/300 to km. 34/800 and km. 35/800 to km. 56/860 Rigid Pavement on EPC mode in the State of Maharashtra.,,(-) (-),MoRTH,2023-02-01,2025-05-01,,253.78,253.78,Newly Added,July_2026,98.95,,100.0,253.78,,,,,,18.0,2026-07-01,0.0,618188_July_2026
618189,Widening to two lane with paved shoulder of NH-73New spur road Ujire - Dharmasthala - Periyashanthi in the State of Karnataka under NHO on HAM Mode Job No. NH-73Spur-KNT-2023-24-996,,(-) (-),MoRTH,2024-01-01,2027-11-01,,613.65,613.65,Newly Added,July_2026,66.04,,100.0,613.65,,,,,,24.0,2026-07-01,0.15481137456204677,618189_July_2026
618190,Widening to two lane with paved shoulders of 'Bodhan Basar Bhainsa ' section from Km 38/900 to 95/300 of NH-161BB in the state of Telangana under Annual Plan 2021- 22 on EPC Mode under NH  O.,,(-) (-),MoRTH,2022-03-01,2025-03-01,,644.45,644.45,Newly Added,July_2026,403.48,,100.0,644.45,,,,,,24.0,2026-07-01,0.5414384358755527,618190_July_2026
618191,"Rehabilitation and upgradation of NH-167AD from Macherla to Dachepalli via Paluvai Junction, Rentachinthala, Gurazala from Km.0.000 to 43.659 to two lane with paved shoulders in the state of Andhra Pradesh job-729",,Andhra Pradesh,MoRTH,2023-01-01,2025-01-01,,403.22,403.22,Completed,June_2026,100.0,,63.53,256.17,,,,,,24.0,2026-06-01,0.6353107484747781,618191_June_2026
618192,Duttalur at NH-565 Junction to Kavali Joining on NH-16 Chainage Km. 36/400 to Km. 107/224 excluding the stretch from Km 101.880 to 105.300 67.404 Km of NH-167BG from in the State of Andhra Pradesh on EPC mode,,(N24001942) (-),MoRTH,2021-03-01,2024-07-01,,423.67,423.67,Newly Added,May2026,0.0,,100.0,423.67,,,,,,24.0,2026-05-01,0.0,618192_May2026
618193,Widening of Existing Road to Two Lane with Paved Shoulder Configuration from Km 0.00 to 26.000 & Km 45.200 To 59.622 Of NH 365BB in the State of Andhra Pradesh Under Annual Plan 2023-24 through EPC Mode,,(-) (-),MoRTH,2024-01-01,,,,368.63,Newly Added,July_2026,76.12,,100.0,368.63,,,,,,,2026-07-01,,618193_July_2026
618194,Rehabilitation and upgradation of New NH 544DD from design Chainage Km. 56/000 to 102/20 of Kalyandrg - Molakalmuru Section,,(-) (-),MoRTH,2018-03-01,2020-02-01,,294.13,294.13,Newly Added,July_2026,312.4,,96.99,285.29,,,,,,18.0,2026-07-01,0.9789548838948764,618194_July_2026
618196,Widening to 2 lane with Paved Shoulders of  Siddipet-Elkathurthy section  from Km 69/978 to km 133/619 of NH-765DG in the State of Telangana under Annual plan 2021-22 on EPC mode,,(-) (-),MoRTH,2022-01-01,2024-12-01,,578.85,578.85,Newly Added,July_2026,0.0,,100.0,578.85,,,,,,24.0,2026-07-01,0.0,618196_July_2026
618197,Widening to 2 lane with Paved Shoulders of Medak - Siddipet section from Km 0/0 to km 69/978 of NH-765DG in the State of Telangana under Annual plan 2021-22 on EPC mode,,(-) (-),MoRTH,2022-01-01,2025-01-01,,882.18,882.18,Newly Added,July_2026,383.75,,100.0,882.18,,,,,,24.0,2026-07-01,0.39381985535831693,618197_July_2026
618198,Balance work of Rehabilitation and Up-gradation to 2-lane road with paved shoulders configuration for NH- 965DD from Pacharal-Mandangad-Mhapral-Rajewadi Upto Junction of NH-66 Ch-22700 to 75100 Km and Ambadave connector Birth place of Dr. Babasaheb Ambedkar Ch-0000 to 7325 Km length Km 59.725 in the state of Maharashtra on EPC mode. Balance Work,,(-) (-),MoRTH,2018-03-01,2024-01-01,,388.93,388.93,Newly Added,July_2026,170.26,,87.85,341.69,,,,,,24.0,2026-07-01,0.0,618198_July_2026
618199,"Rehabilitation, Upgradation & Widening of existing Highway to Rigid Pavement 2 Lane with Paved Shoulder of NH 965DD from Lonand Shirval-Bhor Mandangad-Pchral Section ShindewadiPhata to Varandah Ghat Dist Border from Km 33/550 to 92/550 in the state of Maharashtra on EPC mode.",,(-) (-),MoRTH,2023-02-01,2026-07-01,,723.13,723.13,Newly Added,July_2026,168.06,,100.0,723.13,,,,,,24.0,2026-07-01,0.0,618199_July_2026
618200,Construction of 2 lane with Paved Shoulder for Northern Bypass Phase-II of Kota city in the State of Rajasthan.,,(-) (-),MoRTH,2022-03-01,2025-04-01,,317.74,317.74,Newly Added,July_2026,6.14,,100.0,317.74,,,,,,18.0,2026-07-01,0.018788946937747842,618200_July_2026
618201,"Length43.760 Km on SRINAGAR -BARAMULA  URINH-01 in the UT of Jammu & Kashmir under project BEACON, Border Roads Organization BRO on EPC mode.",,(-) (-),MoRTH,2024-11-01,2023-09-01,,702.1,,Newly Added,July_2026,,,10.68,702.1,,,,,,24.0,2026-07-01,0.10682238997293833,618201_July_2026
618202,length 14.100 km on road Srinagar Baramulla  Uri NH-01 in the UT of Jammu & Kashmir under Project.Package-III,,(-) (-),MoRTH,2023-03-01,2023-03-01,,,992.43,Newly Added,July_2026,0.0,,100.0,992.43,,,,,,,2026-07-01,,618202_July_2026
618203,"Construction of 4 lane with paved shoulder Pattan bypass Greenfield bypass from existing Ch. Km 24320 to Km 33760 and Design Ch. from Km 24400 to Km 35300, total length 10.900 km on road SrinagarBaramulla  Uri NH-01 in the UT of Jammu & Kashmir under Project BEACON, Border Roads Organization BRO on EPC mode. Package-II",,(-) (-),MoRTH,2023-03-01,2023-03-01,,,980.21,Newly Added,July_2026,0.0,,100.0,980.21,,,,,,,2026-07-01,,618203_July_2026
618204,on road Zozila-Kargil -Leh   NH-1    to 2 lane specifications i.e. Drass alignment   9.30 km    Kharboo realignment   6.30 km    & Kargil alignment   11.50 km    under project Vijayak   BRO    in the UT of Ladakh on EPC Mode,,(-) (-),MoRTH,2021-11-01,2021-11-01,,,426.15,Newly Added,July_2026,74.44,,100.0,426.15,,,,,,,2026-07-01,,618204_July_2026
618205,"Construction of 4 lane with paved shoulder from Existing Ch. 14200 to 24320 Design Ch. 14200 to 24400, Ch. 33760 to 42780 Design Ch. 35300 to 44294 & Ch. 43440 to 47020 Design Ch. 44958 to 48500 Delina Flyover  including construction of flyover length 1.704 km of total length 22.736 kms in AOR of 760 BRTF on road SRINAGAR BARAMULA  URI NH-01 in the UT of Jammu & Kashmir under project BEACON, Border Roads Organization BRO  Package-IJob No NH-1-J&K-2022-23-110",,(-) (-),MoRTH,2022-06-01,2022-06-01,,,823.46,Newly Added,July_2026,242.07,,100.0,823.46,,,,,,,2026-07-01,,618205_July_2026
618206,Widening and Strengthening of Rafiabad-Kupwara-Chowkibal-Tangdhar-Chamkot NH- 701 road from design Ch. From 0000 to 51000 to two lanes with paved shoulders under Project Beacon in the UT of Jammu & Kashmir on EPC mode Package-I.,,(-) (-),MoRTH,2024-11-01,2024-03-01,,1404.94,,Newly Added,July_2026,,,5.41,1404.94,,,,,,30.0,2026-07-01,0.05409483679018321,618206_July_2026
618207,Widening to 2-lane with Hard Shoulder configuration of Mana Ch. 0.00 to Mana Pass Ch. 50.987 road on NH-07 under Bharatmala Pariyojna in the state of Uttarakhand under Annual Plan 2022-23 length 50.987,,(-) (-),MoRTH,2022-10-01,2027-10-01,,573.96,573.96,Newly Added,July_2026,0.0,,100.0,573.96,,,,,,48.0,2026-07-01,0.4373127047180988,618207_July_2026
618208,Construction and upgradation of existing road to 2-lane with paved shoulder from existing chainage Km 509.725 to Km 528.000 design chainage Km 490.550 to Km 507.850 of NH-58 new NH-07 Benakuli bend to Mana Village in EPC mode under Chardham Programme in the State of Uttarakhand.,,(-) (-),MoRTH,2019-02-01,2021-10-01,,180.1,180.1,Newly Added,May2026,0.0,,100.0,180.1,,,,,,23.0,2026-05-01,1.3992226540810662,618208_May2026
618209,Construction & up gradation of existing road to 2-Lane with paved shoulder from existing chainage km 468000 to km 489350 Design Chainage km 465150 to km 471500 of NH-07 Old NH-58 including Joshimath bypass on EPC mode in the state of Uttarakhand Length 6.35 km,,(-) (-),MoRTH,2022-03-01,2025-09-01,,258.85,258.85,Newly Added,July_2026,0.0,,100.0,258.85,,,,,,36.0,2026-07-01,0.9774000386324125,618209_July_2026
618210,Rehabilitation and upgradation of Askot-Lipulekh on EPC Basis for Phase-I Existing Km 72.00 to 107.620 Design Chainage Km 21330 to Km 56935 under Project Hirak of BRO in the state of Uttarakhand under Bharatmala Pariyojna Phase-I on EPC Mode Length-35.605 Km CA No EPC/MORT&H/HRK/01/2021-22,,(-) (-),MoRTH,2020-09-01,2023-12-01,,603.92,603.92,Newly Added,July_2026,0.0,,100.0,603.92,,,,,,24.0,2026-07-01,0.42058550801430655,618210_July_2026
618211,Improvement/construction of 2-lane with paved shoulder of Askote Llipulekh road from Tawaghat village to Budhi village design km. 56935 to km 95748 and from end of Tunnel portal to Kali Mandir design km 113828 to km. 133078 [total design length 58.063 km] under project Hirak of BRO in the state of Uttarakhand under Bharatmala Pariyojna on EPC Mode,,(-) (-),MoRTH,2022-05-01,2026-11-01,,649.6,649.6,Newly Added,July_2026,0.0,,100.0,649.6,,,,,,24.0,2026-07-01,0.39254926108374383,618211_July_2026
618212,"STABILIZATION OF LAND SLIDE AND SLOPE PROTECTION AT KM 11.00 TO KM 11.08, 29,730 KM TO 30,060 KM, 30,400 KM TO 31,060 KM, 34,750 KM TO 35,300 KM, 38,950 KM TO 39,030 KM & 39,460 KM TO 39,540 KM TWO LOC CLUBBED, KM 40,400 TO KM 40,650, KM 43,500  KM 43,680,  52,460  RISHIKESH - DHARASU ROAD NH-94 ON EPC MODE IN THE STATE OF UTTARAKHAND. NOSE OF LAND SLIDE - 12 NOS",,(-) (-),MoRTH,2024-01-01,2027-04-01,,197.26,197.26,Newly Added,July_2026,0.0,,100.0,197.26,,,,,,18.0,2026-07-01,0.0,618212_July_2026
618213,Rehabilitation and Upgradation of road Rishikesh  Dharasu Old NH-94 with 2-lane with paved shoulder from km 76.000 to km 110.000 Design Chainage from km 74.733 to km 107.347 32.614 km including construction of Kamand re-alignment from existing Chainage Km 105.200 to Km 108.600 design chainage Km 103.436 to Km 105.949 - total length 2513 mtrs and land slide treatment work between design chainage Km 73.800 to Km 74.00 200m on EPC mode under improvement to NH connectivity to Chardham in,,(-) (-),MoRTH,2018-03-01,2021-01-01,,273.76,273.76,Newly Added,July_2026,0.0,,100.0,273.76,,,,,,24.0,2026-07-01,0.9351256575102279,618213_July_2026
618214,Rehabilitation and upgradation to 2 lane / 2 lane with paved shoulder configuration for design chainage km 107.347 to km 129.208 & km 133.878 to km 138.570 existing chainage km 110.000 to km 133.020 & km 137.330 to km 142.028 and land slide treatment at existing km 138.500 Design chainage km 134.970 of NH -94 on EPC mode under improvement to NH connectivity to Chardham in the state of Uttarakhand.,,(-) (-),MoRTH,2018-03-01,2021-07-01,,346.5,346.5,Newly Added,July_2026,0.0,,100.0,346.5,,,,,,30.0,2026-07-01,0.7417027417027418,618214_July_2026
618215,"Improvement/construction of existing CL-5 Road to NH Intermediate lane specification with hard shoulder from Km 166.000 to 203.77   net Length 37.770 kms    of NH-505 Sumdo-Kaza-Gramphoo road     in the state of Himachal Pradesh on EPC mode under project Deepak, BRO",,(-) (-),MoRTH,2021-06-01,2027-06-01,,274.36,274.36,Newly Added,July_2026,0.0,,70.71,194.0,,,,,,36.0,2026-07-01,0.24784954074938037,618215_July_2026
618216,"Improvement/construction of existing CL-5 Road to NH Intermediate lane specification with hard shoulder from Km 133.000 to 166.000 net Length 33.000 kms of NH-505 Sumdo-Kaza-Gramphoo road  in the state of Himachal Pradesh on EPC mode under project Deepak, BRO",,(-) (-),MoRTH,2021-03-01,2026-06-01,,230.55,230.55,Newly Added,July_2026,31.4,,88.12,203.15,,,,,,35.0,2026-07-01,0.06575580134461072,618216_July_2026
618217,Improvement/construction of existing Class-5 Road to NH Intermediate lane specification with hard shoulder from existing Km 76/340 to 134/940 Design chainage from Km 76/300 to 133/000 net Length 56.700 kms of NH-505 Sumdo-Kaza- Gramphoo road  in the state of Himachal Pradesh Package I,,(-) (-),MoRTH,2021-03-01,2026-05-01,,314.67,314.67,Newly Added,July_2026,93.27,,77.59,244.15,,,,,,36.0,2026-07-01,0.24460545968792702,618217_July_2026
618218,Rehabilitation & upgradation of existing road to 2-lane with hard shoulder from Joshimath km 0.00 to Saraithota km 29.725 road on NH-107B under Bharatmala Pariyojna on EPC mode in the state of Uttarakhand,,(-) (-),MoRTH,2022-10-01,2025-05-01,,338.38,338.38,Newly Added,July_2026,0.0,,100.0,338.38,,,,,,24.0,2026-07-01,0.7358590933270288,618218_July_2026
618219,Upgradation to 2-lane with Hard shoulder configuration of Suraithota Ch. 29.725 km to Malari Ch. 60.550 km road on NH- 107B under in the state of Uttarakhand.,,(-) (-),MoRTH,2022-10-01,2026-05-01,,292.76,292.76,Newly Added,July_2026,0.0,,100.0,292.76,,,,,,24.0,2026-07-01,0.8539417953272305,618219_July_2026
618220,road NH-144A in the UT of Jammu & Kashmir under Project Sampark BRO on EPC mode Package-V Job no  NH-144A-J&K-2020-21-104,,(N24001897) (10216),MoRTH,2021-03-01,2021-03-01,,,642.24,Newly Added,May2026,0.0,,89.14,642.24,,,,,,,2026-05-01,,618220_May2026
618221,on Akhnoor-Poonch Roads on EPC mode NH-144A Package-VII,,(-) (-),MoRTH,2021-09-01,2021-09-01,,,734.64,Newly Added,July_2026,0.0,,100.0,734.64,,,,,,,2026-07-01,,618221_July_2026
618222,Widening and Strengthening up gradation to 2 lane with paved shoulder from existing chainage Km 192.98 to Km 229.820 design chainage Km 162.800 to Km 198.18 under 31 BRTF on Akhnoor-Poonch Road NH-144A in the UT of Jammu and Kashmir under Project Sampark Border Roads Organisation BRO on EPC Mode Package-VIII Job No NH-144A-J&K-2022-2023-111,,(-) (-),MoRTH,2022-10-01,2022-10-01,,,562.45,Newly Added,July_2026,127.43,,100.0,562.45,,,,,,,2026-07-01,,618222_July_2026
618223,Rehabilitation and up-gradation to 2 lane with paved shoulder from existing chainage km 64535 to km 85385 Design chainage km 55800 to km 74350 under 13 TF on Akhnoor-Poonch road NH-144A under Project Sampark BRO in the UT of Jammu & Kashmir on EPC mode Package-III Job no  NH-144A-J&K-2019-20-79,,(-) (-),MoRTH,2020-03-01,2020-03-01,,,152.93,Newly Added,July_2026,66.69,,100.0,152.93,,,,,,,2026-07-01,,618223_July_2026
618224,Akhnoor-Poonch road NH-144A under Project Sampark BRO in the UT of Jammu & Kashmir on EPC mode Package-II Job no  NH-144A-J&K-2019-20-78,,(-) (-),MoRTH,2020-03-01,2020-03-01,,,796.97,Newly Added,July_2026,419.4,,100.0,796.97,,,,,,,2026-07-01,,618224_July_2026
618225,Rehabilitation and up-gradation to 2 lane with paved shoulder from existing chainage km 134950 to km 166100 Design chainage km 116980 to km 146700 under 31 TF on Akhnoor-Poonch road NH-144A in the UT of Jammu & Kashmir under Project Sampark BRO on EPC mode Package-VI Job no  NH-144A-J&K-2021-22-106,,(-) (-),MoRTH,2021-07-01,2021-07-01,,,395.25,Newly Added,July_2026,136.9,,100.0,395.25,,,,,,,2026-07-01,,618225_July_2026
618226,Rehabilitation and upgradation to 2 lane with paved shoulder from existing chainage Km 30.053 to Km 49.150 design chainage Km 30.000 to Km 46.450 including Kandi Tunnel under 31 BRTF on Akhnoor-Poonch Road NH-144A Under Project Sampark in the UT of Jammu & Kashmir EPC modePackage-I Job no NH-144A-J&K-2020-21-83.,,(-) (-),MoRTH,2020-07-01,2020-07-01,,,272.49,Newly Added,July_2026,156.36,,100.0,272.49,,,,,,,2026-07-01,,618226_July_2026
618227,Development to 4/6-lanning of NH-31 New NH-10 with both side service roads from km 569.258 to km 581.030 end of AH-02 project on NH- 31 near Shivmandir to Sevoke Army Cantonment in districts of Darjeeling and Jalpaiguri in the state of West Bengal on EPC Mode Job No. 010/WB/2021-22/490,,(-) (-),MoRTH,2022-03-01,2025-09-01,,995.04,995.04,Newly Added,July_2026,590.78,,106.45,1059.2,,,,,,30.0,2026-07-01,0.437530149541727,618227_July_2026
618228,construction of a new 4 lane Parallel to existing MG Setu  with its approaces from km 0.00 to km 14.500 across river Ganga on NH-19 at Patna in the state of Bihar.,,(-) (-),MoRTH,2019-02-01,2024-09-01,,2926.42,2926.42,Newly Added,July_2026,622.65,,100.0,2926.42,,,,,,42.0,2026-07-01,0.0,618228_July_2026
618229,Rehabilitation and upgradation to 2-lane with paved sholuders configuration of Near Karri village-Etawah section Km30.000 to Km 57.346 Pakage-II of NH-92 in state of Uttar Pradesh undergreen national Highway Corridor ProjectGNHCP with the loan assistance of world Bank on EPC mode.,,(N24001462) (-),MoRTH,2020-04-01,2024-02-01,,211.09,211.09,Newly Added,May2026,0.0,,97.85,206.56,,,,,,18.0,2026-05-01,0.0,618229_May2026
618230,Rehabilitation and Upgradation to 2-lane configuration of Kalwahn-Mandi Section km 208.950 to 250.592 of NH-70 in the State of Himachal Pradesh under Green National Highways Corridor Project GNHCP with the loan assistance of World Bank on EPC mode.Package-3,,(-) (-),MoRTH,2020-08-01,2025-04-01,,314.32,314.32,Newly Added,July_2026,0.0,,100.0,314.32,,,,,,30.0,2026-07-01,0.0,618230_July_2026
618231,Rehabilitation and Upgradation to 2-lane configuration of Hamirpur-Karnohal Section km 141.00 to 181.00 of NH-70 in the State of Himachal Pradesh under Green National Highways Corridor Project GNHCP with the loan assistance of World Bank on EPC mode.Package-1,,(-) (-),MoRTH,2020-08-01,2024-12-01,,371.93,371.93,Newly Added,July_2026,198.34,,100.0,371.93,,,,,,30.0,2026-07-01,0.49805070846664695,618231_July_2026
618232,Rehabilitation and Upgradation to 2-lane configuration of Karnohal- Kalwahn Section km 181.00 to 208.950 of NH-70 in the State of Himachal Pradesh under Green National Highways Corridor Project GNHCP with the loan assistance of World Bank on EPC mode.Package-2,,(-) (-),MoRTH,2020-08-01,2026-05-01,,251.62,251.62,Newly Added,July_2026,77.84,,75.52,190.02,,,,,,30.0,2026-07-01,0.2742230347349177,618232_July_2026
618233,Construction of 6-lane bridge on Ganga on NH-96 and its approaches in Phaphamau Allahabad on EPC mode,,(-) (-),MoRTH,2018-07-01,2024-02-01,,1948.25,1948.25,Newly Added,July_2026,0.43,,75.22,1465.41,,,,,,36.0,2026-07-01,0.0,618233_July_2026
618234,Construction of a new 4-lane major bridge across river Kosi at Phulaut including Rehabilitation and upgradation of existing Birpur and Bihpur section of NH-106 from km 106.000 to km 136.000 to 2-lane with paved shoulders in the State of Bihar on EPC mode,,(-) (-),MoRTH,2018-09-01,2024-06-01,,1478.4,1478.4,Newly Added,July_2026,901.52,,100.0,1478.4,,,,,,36.0,2026-07-01,0.509476461038961,618234_July_2026
618235,Balance work of Rehabilitation and Up-gradation to 4-Lane configuration of Ras- Beawar Section Km 00.000 to km 30.050 of NH-158 in the State of Rajasthan under Green National Highway Corridor Project GNHCP.,,(-) (-),MoRTH,2025-01-01,2026-12-01,,278.1,278.1,Newly Added,July_2026,99.13,,100.0,278.1,,,,,,18.0,2026-07-01,0.7407407407407407,618235_July_2026
618236,Rehabilitation and Up-gradation of Dhindi - Digamarru section from Km 126/510 to Km 135/740 of NH -214  New NH -216    and digamarru -Losari section from Km 0/000 tp Km 34/230 of NH-214 A  New Nh-216    to two lane with paved shoulder in the state of AP-NH,,(-) (-),MoRTH,2016-02-01,2018-05-01,,316.06,316.06,Newly Added,July_2026,222.43,,91.36,288.76,,,,,,24.0,2026-07-01,0.06960703663861292,618236_July_2026
618237,Rehabilitation and Up-gradation of Pasarlapudi to Dhindi section from Km 105/170 to Km 126/510 of NH -214   New NH -216    to two lane with paved shoulder in the state of Andhra Pradesh under NHDP-IV,,Andhra Pradesh,MoRTH,2017-09-01,2019-09-01,,263.45,263.45,Completed,June_2026,100.0,,60.28,158.8,,,,,,24.0,2026-06-01,0.6027709242740559,618237_June_2026
618238,Rehabilitation and Up-gradation of Thimmapuram to Gurajanapalli section from Km 26/150 to Km 41/161 of NH - 214    New NH - 216    to two lane with paved shoulder in the state of Andhra Pradesh under NHDP-IV,,(-) (-),MoRTH,2016-08-01,2018-07-01,,350.61,350.61,Newly Added,July_2026,233.93,,123.47,432.91,,,,,,18.0,2026-07-01,0.6671800576138729,618238_July_2026
618239,"Rehabilitation & Upgradation of NH214  New NH-216    from Km 34/230 to Km 84/550 Losari to Machavaram Section    to two lane with paved shoulder in the state of Andhrapradesh under NHDP-IV through Engineering, Procurement& Construction EPC    mode.",,(-) (-),MoRTH,2016-03-01,2018-09-01,,445.22,445.22,Newly Added,July_2026,512.79,,103.18,459.37,,,,,,24.0,2026-07-01,0.051659853555545567,618239_July_2026
618240,Rehabilitation and upgradation to 2-lane with paved sholuders configuration of Bewar- naer Karri village section   Km0.00 to Km30.00      Pakage-I    of NH-92 in state of Uttar Pradesh   undergreen national Highway Corridor Project  GNHCP    with the loan assistance of world Bank on EPC mode.,,(-) (-),MoRTH,2020-04-01,2024-03-01,,236.47,236.47,Newly Added,July_2026,0.0,,100.0,236.47,,,,,,18.0,2026-07-01,0.0,618240_July_2026
618242,Widening and Reconstruction to 4-lane/4-lane with service road including structures from Pokharia More at Km 47.600 Ex. Km 50.230 to Govindpur at km 62.949 Ex. Km 65.325 of Nh-419 in the State of Jharkhand on EPC mode.,,(-) (-),MoRTH,2022-05-01,2026-01-01,,300.46,300.46,Newly Added,July_2026,94.18,,100.0,300.46,,,,,,24.0,2026-07-01,0.2629301737336085,618242_July_2026
618243,Construction of Basti Ring Road Phase-I with 4L configuration for Basti City in the state of Uttar Pradesh on HAM mode,,(-) (-),MoRTH,2022-12-01,2027-06-01,,1138.72,1138.72,Newly Added,July_2026,0.07,,100.0,1138.72,,,,,,24.0,2026-07-01,0.0,618243_July_2026
618244,Construction of Raebareli Ring Road Phase-2 with four Lane configuration for Raebareli City in the state of Uttar Pradesh on Hybrid Annuity Model HAM basis,,(-) (-),MoRTH,2022-03-01,2027-05-01,,1273.72,1273.72,Newly Added,July_2026,0.0,,100.0,1273.72,,,,,,24.0,2026-07-01,0.0,618244_July_2026
618246,Construction of New 4-Lane Bridge Parallel to existing Vikramashila Setufrom km 8920 to Km 13375including approach road 35m Naugachhia side &53 m Bhagalpur sideacross River Ganga on newly declared NH-131B at Bhagalpur in the State of Bihar,,(-) (-),MoRTH,2020-07-01,2027-05-01,,1110.23,1110.23,Newly Added,July_2026,522.58,,100.0,1110.23,,,,,,48.0,2026-07-01,0.0,618246_July_2026
618247,Construction of 4 lane Mirzapur bypass including bridge over river Ganga from km 0.000 to km 15.000 of NH 135A in the State of Uttar Pradesh on HAM Mode.,,(-) (-),MoRTH,2024-03-01,2029-01-01,,1708.62,1708.62,Newly Added,July_2026,0.0,,100.0,1708.62,,,,,,36.0,2026-07-01,0.0,618247_July_2026
618248,Widening to 4 lane from km. 139.00 to km 179.20 of NH-135A Pkg-III Jaunpur Akbarpur section and Akbarpur bypass on Hybrid Annuity Mode in the state of Uttar Pradesh.,,(-) (-),MoRTH,2023-05-01,2028-01-01,,1653.15,1653.15,Newly Added,July_2026,0.0,,100.0,1653.15,,,,,,24.0,2026-07-01,0.0,618248_July_2026
618249,Widening to 4 lane from km. 108.50 to km 139.00 of NH-135A Pkg-II Jaunpur Akbarpur section on Hybrid Annuity Mode in the state of Uttar Pradesh,,(-) (-),MoRTH,2023-03-01,2027-03-01,,1511.57,1511.57,Newly Added,July_2026,0.0,,100.0,1511.57,,,,,,24.0,2026-07-01,0.0,618249_July_2026
618250,Construction of 6-Lane Elevated / Extra Dose Cable Bridge on River Ganga parallel to & Western side of Digha-Sonepur Rail cum-Road Bridge of NH 139W in the State of Bihar,,(-) (-),MoRTH,2024-01-01,2027-11-01,,3064.45,3064.45,Newly Added,July_2026,0.0,,100.0,3064.45,,,,,,42.0,2026-07-01,0.0,618250_July_2026
618251,"Improvement and Up gradation to four lane with Paved shoulder configuration from Existing Km 0000 to Km 39500 design km 0500 to Km 40342, Design length km of NH 227A  near Mehrauna GhatUP  Bihar Border to Siwan on the state of Bihar on Hybrid Annuity Model HAM basis",,(-) (-),MoRTH,2023-03-01,2028-03-01,,1661.25,1661.25,Newly Added,July_2026,0.83,,100.0,1661.25,,,,,,30.0,2026-07-01,0.0,618251_July_2026
618252,"Improvement and Up-gradation to two Lane with Paved Shoulder/Four Lane configuration from existing Km 130.000 to Km 191.000 design km 131.500 to Km 188.735, Design length 57.235 Km of NH-227A near Barhalganj to Mehrauna Ghat in the state of Uttar Pradesh on Hybrid Annuity Model HAM basis",,(-) (-),MoRTH,2022-01-01,2027-05-01,,974.19,974.19,Newly Added,July_2026,1.2,,138.02,1344.61,,,,,,30.0,2026-07-01,0.0004721871503505476,618252_July_2026
618253,Construction of missing link from Birhu to Lathiani from Km 35/550 Design chainage Km 0.000 to Km 42/800 Design Chainage Km 8.153on NH-503A including Lathiani Bridge on back water of Govindsagar and its approaches in Himachal Pradesh.,,(-) (-),MoRTH,2023-06-01,2029-03-01,,870.95,870.95,Newly Added,July_2026,0.0,,102.97,896.86,,,,,,36.0,2026-07-01,0.05281589069406969,618253_July_2026
618254,Construction of Paderu bypass Km 0000 to Km 13000 of 2- lane with paved shoulder on NH-516E,,(-) (-),MoRTH,2023-03-01,2026-07-01,,244.43,244.43,Newly Added,July_2026,21.96,,100.0,244.43,,,,,,18.0,2026-07-01,0.008755062799165405,618254_July_2026
618255,Two laning with paved shoulders of Lambasingi to Paderusection  of NH 516E,,(-) (-),MoRTH,2020-04-01,2025-11-01,,361.24,361.24,Newly Added,July_2026,145.94,,99.12,358.05,,,,,,24.0,2026-07-01,0.2150370944524416,618255_July_2026
618256,"Rehabilitation and Upgradation to 2-lane with paved should ders Sir, configuration of Chaprathipalem to Lambasingi section Km 165500 to Km 205000 of NH-516E in the State of Andhra Pradesh under Green National Highways Corridor Project GNHCP with the loan assistance of World Bank on EPC mode",,(-) (-),MoRTH,2020-08-01,2024-10-01,,311.22,311.22,Newly Added,July_2026,211.05,,100.0,311.22,,,,,,24.0,2026-07-01,0.5526958421695263,618256_July_2026
618257,Rehabilitation and Upgradation to 2-lane with paved shoulders configuration of Koyyuru to Chaprathipalem section Km 120000 to Km 165500 of NH-516E in the State of Andhra Pradesh under Green National Highways Corridor Project GNHCP with the loan assistance of World Bank on EPC mode,,(-) (-),MoRTH,2020-08-01,2024-07-01,,349.29,349.29,Newly Added,July_2026,264.86,,100.0,349.29,,,,,,24.0,2026-07-01,0.634200807352057,618257_July_2026
618258,Two laning with paved shoulders of Gondiguda to Araku uptoBhallaguda section of NH 516E,,Andhra Pradesh,MoRTH,2021-09-01,2023-09-01,,296.66,289.11,Completed,June_2026,100.0,,95.25,275.38,,,,,,24.0,2026-06-01,0.9282680509674374,618258_June_2026
618259,Two laning with paved shoulders of Paderu to GundigudaSection  of NH 516E,,Andhra Pradesh,MoRTH,2021-03-01,2023-03-01,,222.61,222.61,Completed,June_2026,100.0,,81.33,181.04,,,,,,24.0,2026-06-01,0.8132608597996496,618259_June_2026
618260,"Construction of Salempur bypass to 4LPS from km 64.000 of NH-727A Km 171.00 of Sonauli Balia Marg, old SH-01, near Mahadahan Chauraha to km 61.500 of NH-727B Km 178.500 of Sonauli Balia Marg, old SH-01, near near Ahirauli Village under Hybrid Annuity Mode HAM in the State of Uttar Pradesh",,(-) (-),MoRTH,2022-03-01,2027-11-01,,1348.06,1348.06,Newly Added,July_2026,0.0,,100.0,1348.06,,,,,,24.0,2026-07-01,0.0,618260_July_2026
618262,Construction of Deoria Bypass from existing Km. 27.140 to existing Km. 46.780 Design Km. 49.109 on NH727A Design length 21.969 Km. to four lane with paved shoulder configuration under Hybrid Annuity Mode HAM in the State of Uttar Pradesh,,(-) (-),MoRTH,2023-03-01,2027-07-01,,1734.7,1734.7,Newly Added,July_2026,0.0,,100.0,1734.7,,,,,,23.0,2026-07-01,0.0,618262_July_2026
618263,"Rehabilitation and Up-gradation to 2LPS from Km. 0.000 to Km. 7.800 and Km. 35.400 to Km. 52.345 Design length  24.745 Km., except Bihar portion of NH-727B Tamkuhiraj to Bihar Border and Bihar Border to Majhauli on EPC mode in the State of Uttar Pradesh",,(-) (-),MoRTH,2023-03-01,2026-07-01,,701.02,701.02,Newly Added,July_2026,156.4,,100.0,701.02,,,,,,18.0,2026-07-01,0.0,618263_July_2026
618264,"Widening and Strengthening to two Lane with Paved Shoulder/Four Lane with paved shoulder configuration from km. 61.500 of NH-727B near Nawalpur km 178.500 of Sonauli  Balia Marg, Old SH-01 i.e. end point of Salempur Bypass to km. 106.495 of NH-727B near Sikanderpur under EPC mode",,(-) (-),MoRTH,2023-05-01,2028-05-01,,2061.86,2061.86,Newly Added,July_2026,222.2,,100.0,2061.86,,,,,,29.0,2026-07-01,0.0,618264_July_2026
618265,Rehabilitation and upgradation to 2-lane with paved sholuders configuration of Miranpur Katra to radhaita section of NH-730CKm.114.000 to Km 137.250pakage-III in state of Uttar Pradesh undergreen national Highway Corridor ProjectGNHCP with the loan assistance of world Bank on EPC mode.,,(-) (-),MoRTH,2020-04-01,2024-07-01,,172.5,172.5,Newly Added,July_2026,0.13,,98.3,169.56,,,,,,24.0,2026-07-01,0.0,618265_July_2026
618266,Rehabilitation and upgradation to 2-lane with paved sholuders configuration of Bewar- Allahaganj-  section of NH-730C  Km.0.000 to Km 52.770     pakage-I    in state of Uttar Pradesh undergreen national Highway Corridor Project  GNHCP    with the loan assistance of world Bank on EPC mode.,,(-) (-),MoRTH,2020-04-01,2024-11-01,,325.24,325.24,Newly Added,July_2026,0.0,,104.59,340.16,,,,,,24.0,2026-07-01,0.0,618266_July_2026
618267,Widening/Upgradation to four lane configuration of Shahjahanpur-Bisalpur section from km 0.00 to km 47.026 of NH-731K on Hybrid Annuity Mode in the state of Uttar Pradesh.,,(-) (-),MoRTH,2023-03-01,,,,1590.2,Newly Added,July_2026,0.0,,100.0,1590.2,,,,,,,2026-07-01,,618267_July_2026
618282,4-L Bilasipara-Guwahati Package-10,,Assam,NHIDCL,2023-12-01,2026-06-01,,1264.9,1264.9,Newly Added,July_2026,64.48,,50.04,632.99,,,,,,30.0,2026-07-01,0.5004269112182781,618282_July_2026
618283,4-L Bilasipara-Guwahati Package-9,,Assam,NHIDCL,2023-12-01,2026-06-01,,1000.27,1000.27,Newly Added,July_2026,59.78,,50.53,505.47,,,,,,30.0,2026-07-01,0.5053335599388166,618283_July_2026
618284,Widening/Improvement to 4-Lane with paved shoulder from Km 99930 to Km 143680 Design Chainage 96000 to 139750 of Paikan to Dhupdhara Sahar of Bilasipura-Guwahati Road on NH-17 in the state of Assam on EPC mode under Bharatmala Pariyojana in Economic Corridors Project Length  43.750km under NHO-NE Package-8,,Assam,NHIDCL,2023-12-01,2026-12-01,,1457.59,1457.59,Newly Added,July_2026,85.87,,66.05,962.73,,,,,,36.0,2026-07-01,0.6604943777056649,618284_July_2026
618285,Widening/Improvement to 4 -Lane with Paved Shoulder from Ch. 88.000km to Ch.99.930 km Design Ch.84.100km to Ch.96.000 km of Sagunbashi forest near Nichinta to starting of Krishnai Bypass Section of Bilasipura Guwahati road NH 17 on EPC Package-7,,Assam,NHIDCL,2023-10-01,2025-10-01,,286.72,286.72,Completed,June_2026,100.0,,77.01,220.81,,,,,,24.0,2026-06-01,0.7701241629464285,618285_June_2026
618286,Construction of New 2-Lane Bridge with its approaches from km 0000 to Km 4385 across River Brahmaputra on NH-17 at Jogighopa in Assam on EPC mode,,Assam,NHIDCL,2021-11-01,2024-11-01,,746.76,746.76,Newly Added,July_2026,81.07,,58.36,435.79,,,,,,36.0,2026-07-01,0.5835743746317424,618286_July_2026
618287,"Widening/Improvement to 4-Lane with paved Shoulder from Ch. 25.633 Km to Ch. 52.470 Km Design Ch. 21.850 Km to Ch.48.670 Km for Package-2 of Bilasipura- Guwahati road NH-17 Section Near Mowatari, before Chapar Bypass to Tulungia junction with NH-17 in the state of Assam on HAM mode under NHO- NE Package-2",,Assam,NHIDCL,2024-12-01,2027-06-01,,1338.61,1338.61,Newly Added,July_2026,12.45,,14.88,199.15,,,,,,30.0,2026-07-01,0.14877372797155258,618287_July_2026
618288,"Widening/lmprovement to 4-Lane with Paved Shoulder from Ch.5.580 Km to Ch.25.633 Km Design Ch.0.000 Km to Ch.17.737km Km 901.100 to Km 921.145 of old NH-31 of Bilasipara- Guwahati road NH-17 Section Near Chirakuta to near Mowatari, before Chapar Bypass  in the state ol Assam on HAM mode Package-1",,Assam,NHIDCL,2025-02-01,2027-08-01,,1081.15,1081.15,Newly Added,July_2026,35.0,,15.09,163.12,,,,,,30.0,2026-07-01,0.15087638163067105,618288_July_2026
618289,Construction and up gradation to 4-Lane of existing two lane with paved shoulder from Hapachara to Tulungia road of NH-117 of existing Km 0.00 to km 14.050 and Design Km 0.000 to km 14.660 under BMP on EPC mode,,Assam,NHIDCL,2020-06-01,2022-12-01,,224.85,224.85,Newly Added,July_2026,97.76,,93.37,209.95,,,,,,30.0,2026-07-01,0.9337336001778963,618289_July_2026
618290,"Construction of 2-lane with Paved shoulder of Kohima- Bypass Road Connecting NH-39New NH-02, NH-150New NH-02, NH-61New NH-29, NH-39New NH-02 from Design Km 32.00 to Design Km 43.454Design Length-11.454 Km in the State of Nagaland under SARDP-NE on EPC Mode Package-IV",,Nagaland,NHIDCL,2020-10-01,2022-04-01,,202.36,202.36,Newly Added,July_2026,46.77,,50.56,102.32,,,,,,18.0,2026-07-01,0.5056335244119391,618290_July_2026
618291,"Construction of 2-lane with Paved shoulder of Kohima-Bypass Road connecting NH- 39 New NH-02, NH150New NH-02, NH7-61 New NH-29 and NH-39 New NH-02 from Design km 21.000 to km 32.268 [Design length11.268 km] in the state of Nagaland Under SARDP-NE on EPC Mode Package- 3",,Nagaland,NHIDCL,2023-06-01,2025-06-01,,159.85,342.29,Newly Added,July_2026,39.54,,37.49,128.32,,,,,,24.0,2026-07-01,0.8027525805442602,618291_July_2026
618292,Construction of 2-Lane with paved shoulder of Kohima-Bypass Road connecting New NH-02 and New NH-29 from Design Km 10.500 to design Km 21.000 [Design Length- 10.500 km]  including TUNNEL of 500m at Ch. 11.000 in the state of Nagaland Under SARDP-NE on EPC Mode Package-2,,Nagaland,NHIDCL,2020-10-01,2022-10-01,,277.44,277.44,Newly Added,July_2026,69.76,,72.8,201.99,,,,,,24.0,2026-07-01,0.7280493079584776,618292_July_2026
618293,"Construction of 2-Lane with paved shoulder of Kohima-Bypass Road connecting NH-39New NH-02, NH-150New NH-02, NH-61New NH-29 and NH-39New NH-02 from design Km 0.00 to Km 10.500 in the State of Nagaland under SARDP-NE on EPC Mode Package-1 -Balance work",,Nagaland,NHIDCL,2023-11-01,2026-11-01,,232.29,350.88,Newly Added,July_2026,27.24,,34.46,120.92,,,,,,36.0,2026-07-01,0.520556201300099,618293_July_2026
618294,Improvement and Widening of National Highway No. 127B Darugiri - Songsak - Williamnagar Junction Section to two lane with paved shoulder from design Km 0000 to Km 36635 Design length 36.635 Km existing Km 112000 to Km 151060 of NH-1278 under Bharatmala Pariyojana Lot-1 Pkg-1B Meghalaya portion,,Meghalaya,NHIDCL,2025-09-01,2027-09-01,,801.07,801.07,Newly Added,July_2026,26.8,,22.04,176.55,,,,,,24.0,2026-07-01,0.22039272473067273,618294_July_2026
618295,Improvement/Widening of New NH-217 Dainadubi-Darugiri section to Two lane with paved shoulder in Meghalaya from design Km 0000 to Km 40840 existing Km 8600 to Km 53000 of Old NH-62 under BMP Lot-1 Pkg-1B Meghalaya portion,,Meghalaya,NHIDCL,2025-03-01,2027-03-01,,705.83,705.83,Newly Added,July_2026,46.38,,0.0,0.0,,,,,,24.0,2026-07-01,0.0,618295_July_2026
618296,Balance work of Construction of 2-lane with hard shoulder of Kohima - Jessami road on NH-29 old NH-150 from existing km 98.380 near Chizami vill. to km120.367 Nagaland/Manipur Border [Design km 95.700 to design km 117.200] [Design Length 21.500 km] in the state of Nagaland Under Bharatmala Pariyojna on EPC Mode Package-V under NHO,,Nagaland,NHIDCL,2023-11-01,2025-11-01,,330.8,330.8,Newly Added,July_2026,98.39,,81.07,268.18,,,,,,24.0,2026-07-01,0.8107013301088271,618296_July_2026
618297,Construction of 2-lane with hard shoulder of Kohima - Jessami road on NH-29 Old NH-150 from existing Km 30.474 Near Kidwema road Chakahabama to existing Km 53.220 Near Kikruma Village Design Km 29.60 to Km 51.50 Design length-21.90 Km  in the state of Nagaland Under Bharatmala Pariyojna on EPC Mode under NHO Package-II -Balance work,,Nagaland,NHIDCL,2024-01-01,2026-01-01,,355.79,355.79,Newly Added,July_2026,43.13,,0.0,0.0,,,,,,24.0,2026-07-01,0.0,618297_July_2026
618298,Widening/Improvement of existing 2-Lane road to 4-Lane Divided Highway from Sekmai to Nilakuthi section of  Imphal-Kohima Road Design Chainage from Km 297700 to Km 308729 of NH-39 New NH-02 in state of Manipur on EPC mode Pkg-5B,,Manipur,NHIDCL,2021-07-01,2023-01-01,,211.7,211.7,Newly Added,July_2026,94.71,,128.63,272.3,,,,,,18.0,2026-07-01,1.2862541332073691,618298_July_2026
618299,Improvement/Up-gradation of existing 2-Lane Road to 4-Lane Divided Highway from Daili to Kuraopokpi section of Imphal-Kohima road NH-02 Design Chainage from Km 274610 to Km 287000 in the state of Manipur on EPC mode Pkg-4B,,Manipur,NHIDCL,2024-12-01,2026-06-01,,268.98,268.98,Newly Added,July_2026,76.63,,76.69,206.28,,,,,,18.0,2026-07-01,0.766897167075619,618299_July_2026
618300,Improvement/Up-gradation of existing 2-Lane Road to 4-Lane Divided Highway from Taphukuki to Daili section of Imphal-Kohima road NH-02 Design Chainage from Km 262175 to Km 274610 in the state of Manipur on EPC mode Pkg-4A,,Manipur,NHIDCL,2020-10-01,2022-04-01,,379.39,379.39,Newly Added,July_2026,91.39,,82.96,314.73,,,,,,18.0,2026-07-01,0.8295685178839717,618300_July_2026
618301,Widening/Improvement of existing 2-lane to 4-Lane Divided Highway from Kuraopokpi to Sekmai section of Imphal-Kohima Road Design Ch. km 287.00 to 297.700 of NH-39 New NH-02 in state of Manipur on EPC mode Pkg-5A,,Manipur,NHIDCL,2025-02-01,2026-08-01,,228.97,228.97,Newly Added,July_2026,48.35,,62.57,143.26,,,,,,18.0,2026-07-01,0.6256714853474253,618301_July_2026
618302,Widening/Improvement to 2-lane with earthen shoulder of Yaingangpokpi - Finch corner road section of NH-202 from Km 16.900 to Km 30.970 of NH-202 in the state of Manipur on EPC mode Package-2,,Manipur,NHIDCL,2020-07-01,2022-06-01,,256.04,256.04,Newly Added,July_2026,98.12,,76.16,195.0,,,,,,23.0,2026-07-01,0.7615997500390563,618302_July_2026
618303,Widening/Improvement to 2-lane with earthen shoulder of Yaingangpokpi - Finch corner road section of NH-202 from Km 0.000 to Km 16.900  of NH-202 in the state of Manipur on EPC mode Package-1,,Manipur,NHIDCL,2020-07-01,2022-06-01,,222.77,222.77,Newly Added,July_2026,88.96,,63.25,140.9,,,,,,23.0,2026-07-01,0.632490909907079,618303_July_2026
618304,"Widening/Improvement to 2 Lane with earthen shoulder of Jessami to Laynen bridge Nagaland border section of NH-29 of Imphal -Ukhrul - Jessami Economic Corridor from km 0.000 to km 11.009 in the State of Manipur on EPC mode under Bharatmala Pariyojana, under NHO-NE Package-7",,Manipur,NHIDCL,2024-12-01,2026-06-01,,164.89,164.89,Newly Added,July_2026,28.12,,78.19,128.92,,,,,,18.0,2026-07-01,0.781854569713142,618304_July_2026
618305,Widening/Improvement to 2 lane with earthen shoulder of Marrem Khullen to Jessami section of NH-202 of Imphal - Ukhrul - Jessami Economic Corridor from Design Chainage km 95.700 to km 140.180  in the State of Manipur on EPC mode under Bharatmala Pariyojana under NHO-NE  Package-6,,Manipur,NHIDCL,2024-12-01,2026-12-01,,554.66,554.66,Newly Added,July_2026,26.22,,40.7,225.73,,,,,,24.0,2026-07-01,0.4069700356975444,618305_July_2026
618306,"Widening/Improvement to 2 lane with earthen shoulder of Choithar to Marrem Khullen section of NH-202 of Imphal Ukhrul Jessami Economic Corridor from Design Chainage km 53.110 to km 95.700  in the State of Manipur on EPC mode under Bharatmala Pariyojana, under NHO-NE  Package-5",,Manipur,NHIDCL,2025-05-01,2027-03-01,,564.05,564.05,Newly Added,July_2026,14.5,,30.77,173.58,,,,,,22.0,2026-07-01,0.3077386756493219,618306_July_2026
618307,Rehabilitation and up-gradation of road from km 16.077 to km 43.935 total length 27.858 km of Lalchara-Kanchanpur section via Shivbari on NH-44A to 2 lane with paved shoulder in the state of Tripura on EPC Mode Pkg-2 under BharatMala Pariyojana Manu-Simlung -2,,Tripura,NHIDCL,2023-01-01,2025-01-01,,456.88,456.88,Newly Added,July_2026,54.56,,45.02,205.69,,,,,,24.0,2026-07-01,0.4502057433023989,618307_July_2026
618308,Construction of 4-Lane Panchgram Bypass from Design Chainage km 15500 on NH-37 Old NH-53 at Kalinagar Pt.-I Village to Design Chainage km 27300 at crossing with NH-6 Old NH-44 Near Siddeswar Pt.-I Village on Silchar - Churaibari stretch in the State of Assam on EPC Mode under Bharatmala Pariyojana in Economic Corridors Silchar- Churaibari Package-2,,Assam,NHIDCL,2024-08-01,2027-02-01,,676.18,728.97,Newly Added,July_2026,57.17,,46.61,339.78,,,,,,30.0,2026-07-01,0.5024993344967317,618308_July_2026
618309,Widening/lmprovement to 4-Laning and Greenfield alignment with Paved shoulder of Silchar-Badarpur  Churaibari section of NH-37 & NH-8 from Design chainage 38.600 End point of proposed Badarpur Bypass to Km. 62.800 Start point of proposed Nilambazar/Cheragi Bypass in the state of Assam on HAM Mode Package-4,,Assam,NHIDCL,2025-08-01,2027-08-01,,1319.55,1319.55,Newly Added,July_2026,23.07,,14.03,185.17,,,,,,24.0,2026-07-01,0.14032814216967907,618309_July_2026
618310,Widening/lmprovement to 4-L of Karimgani - sutarkandi section of NH 37 from design Ch 0020 Start of proposed Karimganj Bypass from NH -8 to design Chainage Km 14380 near Sutarkandi Spur Connectivity to Indo/Bangladesh Border on Silchar-Churaibari  in the State of Assam on HAM Mode Package-7,,Assam,NHIDCL,2025-02-01,2027-02-01,,791.79,791.79,Newly Added,July_2026,41.88,,17.12,135.54,,,,,,24.0,2026-07-01,0.17118175273746827,618310_July_2026
618311,Widening/lmprovement to 4-Lane with Paved shoulder for existing as well as Greenfield alignment of Badarpur  Churaibari section of NH-8 from Design chainage 87.700 Chandkhira to Km. 106.500 Churaibari section Assam-Tripura border in the state of Assam on HAM Mode Package-6,,Assam,NHIDCL,2025-03-01,2027-03-01,,870.0,870.0,Newly Added,July_2026,40.99,,18.17,158.08,,,,,,24.0,2026-07-01,0.18170114942528737,618311_July_2026
618312,Widening/lmprovement to 4-Lane with Paved Shoulder from existing road and Greenfield alignment form Design Ch. 62.800 start of proposed Nilambazar/Cheragi Bypass to Design Ch. 87.700 near Chandkhira Village of NH-8 on Silchar-Churaibari in the state of Assam on HAM Mode Package-5,,Assam,NHIDCL,2025-04-01,2027-10-01,,1258.13,1258.13,Newly Added,July_2026,14.04,,14.85,186.86,,,,,,30.0,2026-07-01,0.14852201282856303,618312_July_2026
618313,Widening/lmprovement of Existing 2 lane to 4-Laning of Karimganj-Silchar section of NH-37 from Design Ch 0.000 near Silchar ISBT to Design Ch 15.970 near Kalinagar Pt I on NH-37 in Assam on HAM Mode Pkg-1,,Assam,NHIDCL,2025-09-01,2027-09-01,,1181.55,1181.55,Newly Added,July_2026,41.26,,15.12,178.62,,,,,,24.0,2026-07-01,0.15117430493842834,618313_July_2026
618314,4-Laning of Dhanehari Lailapur / Vairengte section from Existing Chainage km 12920 to km 43000 of NH 306 Design Chainage km 20000 to km 49360 on Silchar - Vairengte Sairang road in the State of Assam under Bharatmala Pariyojna on EPC mode. Project Length 29.360 km under NHO-NE Package-2,,Assam,NHIDCL,2024-02-01,2026-08-01,,1716.21,1716.21,Newly Added,July_2026,81.65,,61.63,1057.72,,,,,,30.0,2026-07-01,0.6163115236480384,618314_July_2026
618315,4-Laning of Silchar - Dhanehari section from Existing Chainage km 263800 of NH 37 to km 12920 of NH 306 Design Chainage km 0000 to km 20000 on Silchar - Vairengte - Sairang road in the State of Assam under Bharatmala Pariyojna on EPC mode Package-1,,Assam,NHIDCL,2024-01-01,2026-07-01,,1256.9,1256.9,Newly Added,July_2026,59.65,,50.3,632.2,,,,,,30.0,2026-07-01,0.5029835309093802,618315_July_2026
618316,4-Laning  of Vairengte - Chhimluang section Package-3 of NH-306 from Existing Chainage km 43000 to Km 59700 Design Chainage km 46000 to km 60850 on Silchar - Vairengte- Sairang road in the State of Mizoram under Bharatmala Pariyojna under NHO-NE. Package-1&2 in Assam state,,Mizoram,NHIDCL,2025-07-01,2027-01-01,,491.39,491.39,Newly Added,July_2026,17.86,,48.44,238.01,,,,,,18.0,2026-07-01,0.48436069110075497,618316_July_2026
618317,4-Laning of chhimluang-Kolasib from section pkg-4 of NH-306 & NH-6 existing chainage km 59700 to km 86000 design chainage km 61000 to km 77500 on Silchar-vairengte-sairang road in the state of Mizoram under Bharatmala Pariyojna on EPC mode Vairengte - Sairang Pkg-4,,Mizoram,NHIDCL,2025-07-01,2027-01-01,,561.91,561.91,Newly Added,July_2026,17.12,,39.86,223.99,,,,,,18.0,2026-07-01,0.3986225552134684,618317_July_2026
618318,4-Laning of Kolasib - Sethawn section Package-5 of NH-6 from Existing Chainage km 86000 to km 107850 Design Chainage km 77500 to km 95500 on silchar - vairengte - sairang road under Bharatmala Pariyojna on EPC mode under NHO-NE Vairengte - Sairang Pkg-5,,Mizoram,NHIDCL,2025-07-01,2027-07-01,,720.4,720.4,Newly Added,July_2026,11.86,,36.07,259.85,,,,,,24.0,2026-07-01,0.36070238756246537,618318_July_2026
618319,"4-Laning of Sethawn - N. Kawnpui section Package-6 of NH-6 from Existing Chainage km 107850 to km 126315 Design Chainage km 95500 to km 111850 on Silchar-Vairengte- Sairang road, Vairengte - Sairang Pkg-6",,Mizoram,NHIDCL,2025-07-01,2027-01-01,,595.65,595.65,Newly Added,July_2026,6.72,,31.8,189.39,,,,,,18.0,2026-07-01,0.3179551750188869,618319_July_2026
618320,Construction of 4-Laning of N. Kawnpui N. Mualvum Mualkhang via Khamrang Village section Package-7 of NH-6 from Existing Chainage km 127200 to km 142000 Design Chainage km 111850 to km 123400 on Silchar - Vairengte - Sairang road in the State of Mizoram on EPC mode,,Mizoram,NHIDCL,2025-10-01,2028-10-01,,866.32,866.32,Newly Added,July_2026,18.9,,21.93,190.01,,,,,,36.0,2026-07-01,0.21933003970819095,618320_July_2026
618321,Construction of 4-Laning of West Serawlg-Sairang section  of NH-6 from Existing Chainage km 142000 to km 158900 Design Chainage km 123400 to km 136260 on Silchar - Vairengte - Sairang road in the State of Mizoram under Bharatmala Pariyojna on EPC mode under NHO-NE Package-8,,Mizoram,NHIDCL,2025-11-01,2028-11-01,,875.79,875.79,Newly Added,July_2026,13.95,,32.92,288.34,,,,,,36.0,2026-07-01,0.32923417714292236,618321_July_2026
618323,Construction of Twin Tube Uni-directional Aizawl Bypass Tunnel of 2.5 km and its approaches of 2.1 km from km 10.600 to km 15.200 on Sarrang - Phaibawk section of NH-6 in the State of Mizoram on EPC Mode under NHO-NE  Package-2,,(-) (-),NHIDCL,2024-01-01,2028-12-01,,1313.28,1313.28,Newly Added,July_2026,0.11,,100.0,1313.28,,,,,,36.0,2026-07-01,0.0,618323_July_2026
618324,Construction of 2-lane Aizawl Bypass from km 15.200 to km 34.500 Package-3 on Sairang - Phaibawk section of NH-6 in the State of Mizoram under Bharatmala Pariyojna on EPC Mode under NHO-NE,,Mizoram,NHIDCL,2025-10-01,2028-11-01,,720.72,720.72,Newly Added,July_2026,15.1,,14.24,102.62,,,,,,37.0,2026-07-01,0.14238539238539238,618324_July_2026
618325,Dillai to Lahorijan Package-7,,Assam,NHIDCL,2023-01-01,2024-07-01,,204.1,204.1,Newly Added,June_2026,0.0,,69.68,142.21,,,,,,18.0,2026-06-01,0.696766291033807,618325_June_2026
618326,Widening/Improvement to 4-Lane with Paved Shoulder from KM 38500 to Km 51246 Design Chainage 38500 to 50959 with proposed Daboka Bypass of Daboka-Parokhaowa of NH 29 on EPC under NHO-NE Package-1,,Assam,NHIDCL,2023-11-01,2025-11-01,,516.88,516.88,Newly Added,July_2026,99.7,,62.49,322.98,,,,,,24.0,2026-07-01,0.6248645720476707,618326_July_2026
618327,Widening/Improvement to 4-Lane with Paved Shoulder from KM 113300 to Km 146230 Design Chainage 113830 to 145712 of Kwaram Taro Village - Dillai Section in Assam on EPC Package-6,,Assam,NHIDCL,2022-07-01,2024-07-01,,625.64,625.64,Completed,June_2026,100.0,,92.42,578.19,,,,,,24.0,2026-06-01,0.9241576625535453,618327_June_2026
618328,4-Laning of Balance work of Dimapur-Kohima Road from design km 152.490 to km 166.700 Existing km 156.000 to km 172.900 Excluding Dimapur & Kohima Bypass under SARDP-NE Package-III,,Nagaland,NHIDCL,2023-09-01,2025-09-01,,562.98,794.75,Newly Added,July_2026,84.32,,68.3,542.85,,,,,,24.0,2026-07-01,0.9642438452520516,618328_July_2026
618329,length of 20.683 Km  of Daboka-Dimapur Section Dimapur Bypass Nagaland Portion of NH-36 & 39 in the State of Nagaland on EPC basis  under PhaseA of SARDP-NE,,Nagaland,NHIDCL,2017-09-01,2020-09-01,,819.39,819.39,Completed,June_2026,100.0,,77.5,635.0,,,,,,36.0,2026-06-01,0.774966743553131,618329_June_2026
618330,Dimapur Section Dimapur Bypass in the state of Assam under SARDP-NE 'Phase-A' on EPC mode Assam Portion,,Assam,NHIDCL,2019-11-01,2022-11-01,,511.02,511.02,Completed,June_2026,100.0,,131.37,671.35,,,,,,36.0,2026-06-01,1.3137450589018043,618330_June_2026
618331,lmprovement to 4-Lane with Paved Shoulder from existing km 260000 Design Ch.4560 km to existing km Ch.233000 D. Ch.24560 of Silchar near Nutan Dayapur village - Budha Nagar Section Length-20.00 Km of NH-37 under Package Silchar-Jiribam Pkg-1 in the state of Assam on HAM Mode,,Assam,NHIDCL,2025-01-01,2028-01-01,,957.95,957.95,Newly Added,July_2026,47.27,,22.41,214.64,,,,,,36.0,2026-07-01,0.22406179863249645,618331_July_2026
618333,Widening to 2 lane with Paved shoulder of lmphal to Jiribam section of NH-37 from Design Ch. from km 169570 Near Nungkao vlllage under Tamenglong District to km 205974 near Jiribam Bridge under Jiribam district  under NHO-NE PKG-7,,Manipur,NHIDCL,2023-12-01,2025-12-01,,760.16,760.16,Newly Added,July_2026,92.52,,56.32,428.13,,,,,,24.0,2026-07-01,0.5632103767627868,618333_July_2026
618334,Widening to 2 Lane with Paved shoulder of lmphal to Jiribam section of NH-37 from Design Ch. from km 131.280 to km 169.570 on EPC mode in Manipur under NHO-TSP PKG-6,,Manipur,NHIDCL,2023-02-01,2025-02-01,,504.76,504.76,Newly Added,July_2026,95.2,,64.56,325.89,,,,,,24.0,2026-07-01,0.6456335684285601,618334_July_2026
618335,Widening to 2 Lane with Paved shoulder of lmphal to Jiribam section of NH-37 from Design Ch. from Km 101280 Near Khongsang Village to Km 131280 near Puilon Kambiron Village on EPC Mode in Manipur PKG-5,,Manipur,NHIDCL,2022-11-01,2024-05-01,,410.68,410.68,Newly Added,July_2026,91.02,,93.18,382.67,,,,,,18.0,2026-07-01,0.9317960455829356,618335_July_2026
618336,Widening to 2 -Lane with Paved shoulder of Imphal to Jiribam section of NH-37 from Design Chainage 66.110 km to 101.280 Km Existing Chainage km 67.496 to km 103.557 on EPC Mode in Manipur PKG-4,,Manipur,NHIDCL,2022-06-01,2023-12-01,,579.63,579.63,Newly Added,July_2026,86.05,,70.43,408.21,,,,,,18.0,2026-07-01,0.7042596138916205,618336_July_2026
618337,Widening to 2 -Lane with Paved shoulder of Imphal to Jiribam section of NH-37 from Design Chainage 33.000 km to 66.390 Km Existing Chainage from km 33.395 to km 67.496 on EPC Mode in Manipur PKG-3,,Manipur,NHIDCL,2021-09-01,2023-03-01,,467.0,467.0,Newly Added,July_2026,86.33,,127.15,593.79,,,,,,18.0,2026-07-01,1.2714989293361885,618337_July_2026
618338,Balance Works & Rectification works,,Manipur,NHIDCL,2025-03-01,2026-03-01,,195.14,195.14,Newly Added,July_2026,93.1,,83.38,162.71,,,,,,12.0,2026-07-01,0.8338116224249258,618338_July_2026
618339,Widening/Improvement to 2-Lane Lane with Paved Shoulder from km 16900 Bogapani to km 27150 Golai Goan on existing Dibrugarh to Ledo section with proposed Digboi Bypass Green Field and Brownfield 2-LanePS of NH-315 OLD NH-38 in Tinsukia District under NHO- NE Package-4,,Assam,NHIDCL,2023-12-01,2025-12-01,,356.65,356.65,Newly Added,June_2026,20.45,,22.45,80.08,,,,,,24.0,2026-06-01,0.22453385672227674,618339_June_2026
618340,Widening/Improvement to 4-Lane with Paved Shoulder from km 626030 Nalani hulla Gaon to km 650450 Chotahapjan on existing Tinsukhia -Makum Bypass of NH-15 OLD NH-37 and Strengthening of existing NH-315 OLD NH-38 from Km 0000 Chotahapjan to Km 16900 Bogapani section 2-Lane PS in Assam on EPCMode under NHO-NE Package-3,,Assam,NHIDCL,2023-05-01,2025-05-01,,458.59,458.59,Newly Added,July_2026,88.99,,56.92,261.02,,,,,,24.0,2026-07-01,0.5691794413310365,618340_July_2026
618341,Up-gradation to 2-lane with paved shoulders of Ngopa - Pawlrang section of NH 102B of Aizawl - Imphal Economic Corridor from Existing Chainage km 32.796 to km 72.030 [Design Chainage km 31.280 to km 68.170] in the State of Mizoram under Bharatmala Pariyojna on EPC mode under NHO-NE Package-2  Keifang- Tuivai Pkg-2,,Mizoram,NHIDCL,2023-09-01,2025-02-01,,523.78,523.78,Completed,June_2026,100.0,,81.46,426.69,,,,,,17.0,2026-06-01,0.8146359158425294,618341_June_2026
618342,Rehabilitation and upgradation to 2 Lane with Paved shoulder of Economic corridor  of NH-6 from Design chaiange Km 0.000 to Km 13.510 Package-1 in the state  of Mizoram under Bharatmala Pariyojana on EPC mode,,Mizoram,NHIDCL,2020-07-01,2024-06-01,,206.9,206.9,Completed,July_2026,100.0,,0.0,0.0,,,,,,47.0,2026-07-01,0.0,618342_July_2026
618343,"Rehabilitation and Up gradation to 2-lane with paved shoulder of Keifang Section Economic Corridor of NH-06 from Existing Chainage Km 30050 Keifang to Km 50360 Keifang, Design Chainage Km 27400 to Km 45040  PkgIII  in the State of Mizoram under Bharatmala Pariyojna on EPC Mode Seling-Dulte - III",,Mizoram,NHIDCL,2020-07-01,2024-10-01,,292.23,292.23,Completed,July_2026,100.0,,0.0,0.0,,,,,,51.0,2026-07-01,0.0,618343_July_2026
618344,Widening to 2-lane with Hard shoulder of Churachandpur to Tuivai Section of NH- 102B from Design Chainage 69.875 Km to 121.769 Km in the State of Manipur on EPC mode Package-3,,Manipur,NHIDCL,2021-08-01,2023-08-01,,673.27,673.27,Newly Added,July_2026,85.84,,83.68,563.39,,,,,,24.0,2026-07-01,0.8367965303667176,618344_July_2026
618345,Widening to 2-lane with Hard shoulder of Churachandpur to Tuivai Section from Km 48.587 to Km 69.875 in the State of Manipur on EPC mode under NHO Package-2B,,Manipur,NHIDCL,2020-08-01,2022-08-01,,365.53,365.53,Newly Added,July_2026,88.2,,54.24,198.28,,,,,,24.0,2026-07-01,0.5424452165348945,618345_July_2026
618346,Widening to 2-lane with Hard shoulder of Churachandpur to Tuivai Section of NH- 102B from km 32.835 to km 48.587 in the State of Manipur on EPC mode under NHO Package-2A,,Manipur,NHIDCL,2020-07-01,2022-06-01,,232.99,232.99,Newly Added,July_2026,100.0,,66.72,155.44,,,,,,23.0,2026-07-01,0.6671530966994291,618346_July_2026
618347,Widening to 2-lane with Hard shoulder of Churachandpur to Tuivai Section of NH- 102B from km 13.747 to km 32.835 in the State of Manipur on EPC mode under NHO Package-1B,,Manipur,NHIDCL,2020-07-01,2022-06-01,,241.52,241.52,Newly Added,July_2026,100.0,,68.26,164.85,,,,,,23.0,2026-07-01,0.6825521695925802,618347_July_2026
618348,Balance work of Widening to 2 Two lane with hard shoulder of Churachandpur to Tuivai section of NH-102B from km 130.000 to km 141.029 Package-4B in the State of Manipur on EPC Mode,,Manipur,NHIDCL,2025-11-01,2026-11-01,,177.76,177.76,Newly Added,July_2026,9.17,,55.09,97.93,,,,,,12.0,2026-07-01,0.5509113411341134,618348_July_2026
618349,Balance work of Widening to 2 Two lane with hard shoulder of Churachandpur to Tuivai section of NH-102B from Design Chainage km 118850 to km 130000 Package-4A in the State of Manipur on EPC Mode,,Manipur,NHIDCL,2025-08-01,2026-08-01,,204.12,204.12,Newly Added,July_2026,25.93,,55.07,112.41,,,,,,12.0,2026-07-01,0.550705467372134,618349_July_2026
618350,Improvement & widening of existing NH-08 to 4-lane with Paved Shoulder from Champak Nagar to Khayerpur section design Km 242500 to Km 261610 in the state of Tripura on EPC basis under NHO-NE,,Tripura,NHIDCL,2024-09-01,2026-09-01,,920.66,920.66,Newly Added,July_2026,48.3,,43.95,404.6,,,,,,24.0,2026-07-01,0.439467338648361,618350_July_2026
618351,Widening & Upgradation to 2 lanes with paved shoulders road from Tamenglong to Mahur NH-137 in the State of Assam starting from km 156.489 near P. Leikul to km 176.410 near Borowapu on EPC mode under NHO-NE Assam portion Package-10,,Assam,NHIDCL,2023-08-01,2025-08-01,,890.33,693.15,Newly Added,July_2026,90.5,,87.34,605.43,,,,,,24.0,2026-07-01,0.6800062898026573,618351_July_2026
618352,Widening & Upgradation to 2 lanes with paved shoulders road from Tamenglong to Mahur NH-137 in the State of Assam starting from km 136.500 near Hejaichak to km 156.489 near P. Leikul Package-9 on EPC mode under  NHO-NE Package-9,,(-) (-),NHIDCL,2023-03-01,2025-08-01,,860.37,860.37,Newly Added,July_2026,559.51,,71.41,614.43,,,,,,24.0,2026-07-01,0.5468926159675488,618352_July_2026
618353,Widening & Upgradation to 2-lanes with paved shoulders road from  Tamenglong to Mahur NH-137 in the State of Assam starting from km 116.480  near Hangrum to km 136.500 near Hejaichak Package-8 on EPC mode under  NHO-NE Package 8,,Assam,NHIDCL,2023-08-01,2025-08-01,,904.04,904.04,Newly Added,July_2026,85.2,,62.33,563.52,,,,,,24.0,2026-07-01,0.623335250652626,618353_July_2026
618354,Wideinig & Upgradation to 2-lanes with paved shoulders road from Tamenglong to Mahur NH-137 in the State of Assam starting from km 96.870 near Jiri River to km 116.550 near Hangrum Package-7 on EPC mode Package7,,Assam,NHIDCL,2024-03-01,2026-03-01,,846.82,846.82,Newly Added,July_2026,90.36,,56.9,481.81,,,,,,24.0,2026-07-01,0.5689638884296544,618354_July_2026
618355,"Construction of of 2 -Lane with paved shoulders road from Tamenglong-Tousem- Lisang-Mahur Road NH-137 starting near Dialong Village from km 10.000 at Dialong to km 31.430 near Old Tamenglong , near Barak River on EPC Mode Package-2",,Manipur,NHIDCL,2021-09-01,2023-03-01,,483.87,483.87,Newly Added,July_2026,95.28,,77.68,375.87,,,,,,18.0,2026-07-01,0.7767995535991072,618355_July_2026
618356,Construction of 2 -Lane with paved shoulders road from Tamenglong to Mahur in the state of Manipur  from km 31.430 at Old Tamenglong to km 43.480 ending near Phelong on EPC Mode Package-3,,Manipur,NHIDCL,2021-06-01,2022-12-01,,234.08,234.08,Newly Added,July_2026,98.5,,85.92,201.13,,,,,,18.0,2026-07-01,0.8592361585782637,618356_July_2026
618357,Construction of 2 -Lane with paved shoulders road from Tamenglong to Mahur NH-137 in Manipur starting from km 54.180 near Azuram to km 80.630 near Mandeu on EPC Mode Package 5,,Manipur,NHIDCL,2021-11-01,2023-05-01,,477.86,477.86,Newly Added,July_2026,84.87,,69.09,330.13,,,,,,18.0,2026-07-01,0.6908508768258486,618357_July_2026
618358,Construction of 2 -Lane with paved shoulders road from Tamenglong to Mahur NH-137 starting from km 80.630 near Mandeu to km 96.870 near Jiri River on EPC Mode Package-6,,Manipur,NHIDCL,2021-11-01,2023-05-01,,311.18,311.18,Newly Added,July_2026,86.87,,74.26,231.08,,,,,,18.0,2026-07-01,0.742592711613857,618358_July_2026
618359,Widening/Improvement to 4-Lane with Paved Shoulder from km 55000 Nagabang Gamsuk to km 82514 Oyan in the State of Assam and Arunachal Pradesh on EPC mode under Bharatmala Pariyojna of Length 27.514 Km Package-3,,Multi-States (Arunachal,NHIDCL,2023-03-01,2027-03-01,,665.47,665.47,Newly Added,July_2026,380.59,,100.0,665.47,,,,,,30.0,2026-07-01,0.0,618359_July_2026
618362,Construction of 2-laning with hard shoulder of Lunglei to Chhumkhum from Design Chainage Km 0.000 to Km 37.420 of NH-302 [Lunglei-Tlabung] Package- A,,Mizoram,NHIDCL,2021-06-01,2022-12-01,,698.45,698.45,Newly Added,July_2026,64.78,,79.3,553.89,,,,,,18.0,2026-07-01,0.7930274178538191,618362_July_2026
618363,Construction of 2-laning with hard shoulder configuration of Chhumkhum to Tlabung from Design Chainage Km 37.420 to Km 74.950 of NH-302 in Mizoram under Bharatmala Pariyojana on EPC mode [Pkg-B],,Mizoram,NHIDCL,2021-07-01,2023-01-01,,740.58,740.58,Newly Added,July_2026,61.34,,66.77,494.49,,,,,,18.0,2026-07-01,0.6677063922871262,618363_July_2026
618364,"Widening to 2 Lane with Hard shoulder of Akegwo-Avangkhu section of NH-202K for Package-I Design Chainage 0000 Km to 34795 Km, in the State of Nagaland on EPC mode under NH O-NE",,Nagaland,NHIDCL,2023-08-01,2026-02-01,,430.24,430.24,Newly Added,July_2026,87.0,,0.0,0.0,,,,,,30.0,2026-07-01,0.0,618364_July_2026
618365,Widening to 2 Lane with Hard shoulder of Akegwo-Avangkhu section of NH-202K for Package-III Design Chainage 69875 Km to 106816 Km in the State of Nagaland on EPC mode under NHO-NE,,Nagaland,NHIDCL,2023-08-01,2026-02-01,,497.18,497.18,Newly Added,July_2026,85.67,,0.0,0.0,,,,,,30.0,2026-07-01,0.0,618365_July_2026
618366,Widening to 2 Lane with Hard shoulder of Akegwo-Avangkhu section of NH-202K for Package-II Design Chainage 34795 Km to 69875 Km in the State of Nagaland on EPC mode under NHO-NE,,Nagaland,NHIDCL,2023-08-01,2026-02-01,,442.54,442.54,Newly Added,July_2026,58.5,,0.0,0.0,,,,,,30.0,2026-07-01,0.0,618366_July_2026
618367,Teliamura to Harina section of NH 208 in the state of Tripura on EPC mode under JICA ODA Loan Phase VI Package-4,,Tripura,NHIDCL,2024-12-01,2026-12-01,,726.9,726.9,Newly Added,July_2026,9.5,,13.79,100.25,,,,,,24.0,2026-07-01,0.1379144311459623,618367_July_2026
618368,on Teliamura to Harina section of NH 208 in the state of Tripura on EPC mode under JICA ODA Loan Phase VI Package-3,,Tripura,NHIDCL,2024-09-01,2026-09-01,,670.9,670.9,Newly Added,July_2026,14.7,,27.31,183.24,,,,,,24.0,2026-07-01,0.2731256521091072,618368_July_2026
618369,the state of Tripura on EPC mode under JICA ODA Loan Phase VI Package-2,,Tripura,NHIDCL,2024-09-01,2026-09-01,,657.21,657.21,Newly Added,July_2026,60.7,,45.93,301.86,,,,,,24.0,2026-07-01,0.45930524489889074,618369_July_2026
618370,Amarpur-Harina-Sabroom section of NH 208 in the state of Tripura on EPC under JICA ODA Loan Phase VI Package-1,,Tripura,NHIDCL,2024-07-01,2026-07-01,,431.78,431.78,Newly Added,July_2026,63.15,,61.46,265.36,,,,,,24.0,2026-07-01,0.6145722358608552,618370_July_2026
618371,"Widening/Improvement to 4-Lane with Paved Shoulder configuration of existing single lane road from Srirampur near Bhairiguri Village to Kachukhana Harichara Paglagaunj Package-I of Srirampur - Dhubri Section of NH-127B from existing Km 0.000 to Km 28.050 Design Km 0.000 to Km 27.650, Design Length27.650 Km under JICA ODA Loan assistance Phase-V -Balance work",,Assam,NHIDCL,2024-11-01,2026-11-01,,613.89,613.89,Newly Added,July_2026,89.5,,62.65,384.6,,,,,,24.0,2026-07-01,0.6264966036260569,618371_July_2026
618372,"Widening / Improvement to 4-Lane with Paved Shoulder  configuration of existing single lane road from Kachukhana Harichara  Paglagaunj to Dhubri - Phulbari Bridge approach Package-II of  Srirampur - Dhubri Section of NH-127B from existing Km 28.050 to Km  55.060 Design Km 27.650 to Km 54.154, Design Length26.504 Km under JICA ODA Loan assistance Phase-V [Srirampur - Dhubri Pkg-2]",,Assam,NHIDCL,2023-01-01,2025-01-01,,909.02,909.02,Completed,June_2026,100.0,,75.22,683.81,,,,,,24.0,2026-06-01,0.752249675474687,618372_June_2026
618373,"Construction of 4-Lane Bridge including approaches over River Brahmaputra between Dhubri on North Bank,Assam and Phulbari on south Bank,Meghalaya on NH-127B under JICA ODA Loan assistance Phase-III",,Assam,NHIDCL,2020-12-01,2028-09-01,,4997.04,4997.04,Newly Added,July_2026,77.14,,61.66,3081.08,,,,,,93.0,2026-07-01,0.6165810159614492,618373_July_2026
618374,Improvement/Widening to 2-L with Paved Shoulder/ 4-Laning of NH-40 section from Km 151330 to Km 163400 design Km 63.530 to Km 71.520 including Dawki Bridge of length 368 m between Shillong-Dawki under JICA ODA Loan assistance Phase-II Pkg-5 -Balance work,,Meghalaya,NHIDCL,2024-05-01,2026-11-01,,284.21,284.21,Newly Added,July_2026,42.91,,60.1,170.81,,,,,,30.0,2026-07-01,0.6009992611097429,618374_July_2026
618375,Improvement/Widening to 2-Lane with Paved Shoulder from design Km 45.760 to Km 63.530 between Shillong-Dawki under JICA ODA Loan assistance Phase-II - Balance work Pkg-4,,Meghalaya,NHIDCL,2024-04-01,2026-04-01,,445.51,445.51,Newly Added,July_2026,53.43,,9.51,42.39,,,,,,24.0,2026-07-01,0.09514937936297727,618375_July_2026
618376,Improvement/Widening to 2-Lane with Paved Shoulder between Shillong-Dawki road up to Bangladesh Border from design Km 10.670 to Km 37.550 under JICA ODA Loan assistance Phase-II -Balance Work-Pkg-2,,Meghalaya,NHIDCL,2024-02-01,2026-08-01,,525.67,525.67,Newly Added,July_2026,53.21,,0.0,0.0,,,,,,30.0,2026-07-01,0.0,618376_July_2026
618377,Improvement/Widening to 2-L with Paved Shoulder/4-L from Km 81740 to Km 93490 design Km 0000 to Km 10670 of NH-40 New NH-106 & 206 section & 4-L from design Km 0.00 to Km 0.930 of NH-44 section between Shillong-Dawki under JICA ODA Loan assistance Phase-II -Balance Work Pkg-1,,Meghalaya,NHIDCL,2023-10-01,2025-10-01,,351.12,351.12,Newly Added,July_2026,100.0,,69.25,243.15,,,,,,24.0,2026-07-01,0.6924982911825017,618377_July_2026
618379,Widening and Up-gradation to 2- Lane with Paved Shoulder Configuration and geometric improvement from Km. 208. 000 to Km 250.000 Package-5 on Aizawl Tuipang Section of NH-54 in the State of Mizoram Package-5,,Mizoram,NHIDCL,2019-10-01,2023-04-01,,752.89,752.89,Newly Added,July_2026,95.35,,16.69,125.64,,,,,,42.0,2026-07-01,0.16687696741887925,618379_July_2026
618380,Widening and Up-gradation to 2- Lane with Paved Shoulder Configuration and geometric improvement from Km. 125. 000 to Km 166 Package-3 on Aizawl Tuipang Section of NH-54 in the State of Mizoram Package-3,,Mizoram,NHIDCL,2019-10-01,2023-04-01,,867.09,867.09,Newly Added,July_2026,97.51,,60.56,525.13,,,,,,42.0,2026-07-01,0.6056234070281055,618380_July_2026
618381,Widening and up-gradation to 2-lane with paved shoulder configuration and geometric improvements from km 250.00 Lunglei to km 298.00 on Aizawl- Tuipang section under JICA ODA Loan assistance Phase-I Package-6,,Mizoram,NHIDCL,2019-12-01,2023-06-01,,768.76,768.76,Completed,June_2026,100.0,,21.95,168.78,,,,,,42.0,2026-06-01,0.2195483635985223,618381_June_2026
618382,Widening and up-gradation to 2-lane with paved shoulder configuration and geometric improvements from km 298.00 to km 339.00 on Aizawl-Tuipang section under JICA ODA Loan assistance Phase-I Package-7,,Mizoram,NHIDCL,2020-10-01,2024-04-01,,605.76,750.32,Completed,June_2026,100.0,,17.64,132.33,,,,,,42.0,2026-06-01,0.21845285261489703,618382_June_2026
618383,Widening and up-gradation to 2-lane with paved shoulder configuration and geometric improvements from km 339.00 to km 380.00 Siaha on Aizawl-Tuipang section under JICA ODA Loan assistance Phase-I Package-8,,Mizoram,NHIDCL,2020-03-01,2023-09-01,,637.06,637.06,Newly Added,July_2026,99.82,,85.86,547.01,,,,,,42.0,2026-07-01,0.8586475371236619,618383_July_2026
618384,Widening and Up-gradation to 2- Lane with Paved Shoulder Configuration and geometric improvement from Km. 166. 000 to Km 208.000 Package-4 on Aizawl Tuipang Section of NH-54 in the State of Mizoram Package-4,,Mizoram,NHIDCL,2019-10-01,2023-04-01,,899.45,899.45,Completed,June_2026,100.0,,21.31,191.68,,,,,,42.0,2026-06-01,0.21310801045083105,618384_June_2026
618385,with paved shoulder on EPC basis under NHO Package-III- Balance Work,,Tripura,NHIDCL,2024-09-01,2026-03-01,,174.43,174.43,Newly Added,July_2026,53.14,,38.47,67.1,,,,,,18.0,2026-07-01,0.38468153413976947,618385_July_2026
618386,18.600 km of Kumarghat-Kailashahar section on NH-208 to 2-lane with Paved shoulder on EPC bais under NHO,,Tripura,NHIDCL,2020-07-01,2022-01-01,,277.5,302.03,Completed,June_2026,100.0,,90.4,273.04,,,,,,18.0,2026-06-01,0.983927927927928,618386_June_2026
618387,Construction of 2-laning with Hard shoulder of Ukhrul Tolloi - Tadubi section of NH-102A from Design Chainage km 9450 to km 50850 in the State of Manipur on EPC mode under NHO-NE Package-2,,Manipur,NHIDCL,2024-03-01,2026-03-01,,578.98,578.98,Newly Added,July_2026,80.04,,48.12,278.6,,,,,,24.0,2026-07-01,0.48119106014024665,618387_July_2026
618388,Construction of 2-laning with Hard shoulder road of Ukhrul - Tolloi - Tadubi section of NH-102A from Design Chainage 50.850 km to 81.870 km in the State of Manipur on EPC mode under NHO-TSP Package -3,,Manipur,NHIDCL,2023-07-01,2025-01-01,,315.56,315.56,Newly Added,July_2026,94.5,,81.57,257.41,,,,,,18.0,2026-07-01,0.8157244264165294,618388_July_2026
618389,Construction of 2-laning with Hard shoulder road of Ukhrul - Tolloi - Tadubi section of NH-102A from Design Chainage 81.870 km to 105.825 km in the State of Manipur on EPC mode under NHO-TSP Package -4,,Manipur,NHIDCL,2022-08-01,2024-02-01,,310.76,310.76,Newly Added,July_2026,97.0,,92.59,287.73,,,,,,18.0,2026-07-01,0.9258913631097955,618389_July_2026
618390,"Construction, Operation & Maintenance of 2-L Bi-directional Silkyara Bend- Barkot Tunnel with escape passage including approaches Tunnel-4.531 & Approach road- 0.328 on Dharasu-Yamunotri section b/w Chainage 25.400km and 51.00km falling along NH-134 Old NH-94 on EPC mode",,(-) (-),NHIDCL,2018-03-01,2022-07-01,,1383.78,1383.78,Newly Added,July_2026,842.44,,100.0,1383.78,,,,,,48.0,2026-07-01,0.4760149734784431,618390_July_2026
618391,"Construction for Mitigation Measures of 5 Nos. Landslides, 05 No. Sinking Zones and 01 No. Bridge from Ch. 450.00 to Ch. 468.00 18 Km. Length on NH-07 Package-III",,(-) (-),NHIDCL,2023-12-01,2025-12-01,,250.33,250.33,Newly Added,July_2026,100.93,,100.0,250.33,,,,,,18.0,2026-07-01,0.0,618391_July_2026
618392,"Construction for Mitigation Measures of 5 Nos. Landslides, 5 Nos. Sinking Zones in between Ch. 433.00 to 450.00 BANERPANI VILLAGE on NH-07 on EPC mode in the state of Uttarakhand Package-2",,(-) (-),NHIDCL,2023-12-01,2026-06-01,,259.64,259.64,Newly Added,July_2026,0.0,,100.0,259.64,,,,,,18.0,2026-07-01,0.0,618392_July_2026
618393,"Construction for Mitigation Measures  of 10 Nos. Landslides, 01 No. Sinking Zones and 1 No. of Minor Bridge in between at Ch. Km 368.00 to Km 433.00 on NH-07 on EPC Mode in Uttarakhand Package-1",,(-) (-),NHIDCL,2023-12-01,2025-12-01,,216.68,216.68,Newly Added,July_2026,117.83,,100.0,216.68,,,,,,18.0,2026-07-01,0.43718848070887945,618393_July_2026
618394,Up-gradation to 2-lane with Paved Shoulder from Km 12.850 to Km20.300 of 7.450Km length on Goha-Khellani section and a link road to Goha village of 2.016 km on NH- 244  in UT of Jammu and Kashmir on EPC Mode Pkg-1,,(-) (-),NHIDCL,2020-07-01,2020-07-01,,,228.39,Newly Added,July_2026,159.56,,98.68,228.39,,,,,,,2026-07-01,,618394_July_2026
618395,"Construction & Upgradation to 2-lane with paved shoulder from Design Ch. Km 51700 at Premnagar km 66315 to Km 66535 New Thatri at Start of Km 83rd, Tunnel Km 82665 of 14.835 Km design length on Chenani-Sudhmahadev-Goha Khellani- Kishtwar-Vailoo Donipawa-Ashajipora section of NH-244 in the UT of J&K on EPC Mode under NHO-Gen Pkg - 2",,(-) (-),NHIDCL,2021-03-01,2021-03-01,,,512.43,Newly Added,July_2026,0.0,,100.0,512.43,,,,,,,2026-07-01,,618395_July_2026
618396,Construction & Upgradation to 2 lane with paved shoulder from Design Km. 31.449 Khellani Ex. Km 44.946 to Km 51.700 Prem Nagar Ex. Km 68617 of 20.251 Km length on Khellani - Kishtwar - Chattroo section of NH-244 in the UT of J&K on EPC Mode under NHO-Gen PKG- 1,,Jammu and Kashmir,NHIDCL,2021-03-01,2021-02-01,,486.45,486.45,Completed,June_2026,100.0,,61.78,300.52,,,,,,,2026-06-01,0.6177818891972453,618396_June_2026
618397,Widening and Up-gradation to 2-Lane with Paved Shoulder of configuration and geometric improvement from Km 0.000 to Km 16.990 on Chenani  Sudhmahadev section of NH-244 in UT of Jammu and Kashmir to be executed on EPC basis,,(-) (-),NHIDCL,2018-11-01,2018-03-01,,255.9,,Newly Added,July_2026,,,30.09,255.9,,,,,,24.0,2026-07-01,0.3008987885892927,618397_July_2026
618398,Up-gradation to 2-lane with Paved Shoulder from Km 20.300  to Km 29.030 of 8.730 Km length on Goha-Khellani section on NH-244 in UT of Jammu and Kashmir on EPC Mode Package II,,(-) (-),NHIDCL,2020-07-01,2020-07-01,,,210.79,Newly Added,July_2026,172.27,,100.0,210.79,,,,,,,2026-07-01,,618398_July_2026
618399,Construction of Kishtwar bypass with 2 lane with paved shoulder from Design Km. 80.675 Dulhasti to km 95.550 Bandarkoot  of 14.88 km & a link road to Kishtwar town from 0000 to 1.871 of length1.871 Km on Khellani - Kishtwar - Chattroo section in UT of Jammu and Kashmir on EPC Mode Pkg-4,,(-) (-),NHIDCL,2021-03-01,2021-03-01,,,859.67,Newly Added,July_2026,0.0,,100.0,859.67,,,,,,,2026-07-01,,618399_July_2026
618400,Construction & Upgradation to 2-lane with paved shoulder from Design Km 67.805 at the end of Km 83rd Tunnel near Dhrabshalla Ex. Km 83905 to Km 80.675 start of Kishtwar Bypass - Dulhasti Ex. Km 970751 of 12.870 Km length on chenani- Sudhmahadev-Goha Khellani-Kishtwar-vailoo-Donipawa-Ashajipora seition of NH-244 in the UT of J&K on EPC Mode under NHO-Gen Pkg-3,,(-) (-),NHIDCL,2021-03-01,2021-03-01,,,398.51,Newly Added,July_2026,97.53,,100.0,398.51,,,,,,,2026-07-01,,618400_July_2026
618401,"Construction of Intermediate Lane with Hard Shoulder of Hunli to Hayuliang Package-III from design Km 60.000 to Km 121.500 Design Length 61.500 km, Greenfield Section of Frontier Highway NH-913 in the State of Arunachal Pradesh on EPC Mode Pkg-3",,Arunachal Pradesh,NHIDCL,2025-07-01,2028-07-01,,1418.67,1418.67,Newly Added,July_2026,1.7,,6.57,93.19,,,,,,36.0,2026-07-01,0.06568828550684795,618401_July_2026
618402,"Construction of Intermediate Lane with Hard Shoulder of Hunli to Hayuliang from Design Km 0.000 to Km 53.000 Design Length 53.000 km, Greenfield Section of Frontier Highway NH-913 in the State of Arunachal Pradesh on EPC Mode Package-I",,Arunachal Pradesh,NHIDCL,2025-03-01,2028-02-01,,1262.43,1262.43,Newly Added,July_2026,19.13,,20.23,255.45,,,,,,35.0,2026-07-01,0.20234785295026256,618402_July_2026
618403,NH-913 Frontier Highway in State of Arunachal Pradesh on EPC mode under NHO-NE,,Arunachal Pradesh,NHIDCL,2025-01-01,2027-01-01,,275.5,275.5,Newly Added,July_2026,56.18,,59.22,163.15,,,,,,24.0,2026-07-01,0.5921960072595281,618403_July_2026
618404,km of Tato to Monigong section of NH-913 Frontier Highway on Nafra Bomdila to Vijaynagar along China border in state of Arunachal pradesh on EPC mode,,Arunachal Pradesh,NHIDCL,2025-05-01,2027-11-01,,625.61,625.61,Newly Added,July_2026,22.81,,43.1,269.64,,,,,,30.0,2026-07-01,0.4310033407394383,618404_July_2026
618405,"Construction of Intermediate Lane of Pango to Jorging Road from 0000 to Design Km Design Km 40000 Design Length 40.00 Km, Pkg-l, Greenfield Alignment in the State of Arunachal Pradesh on EPC mode Pkg-1",,Arunachal Pradesh,NHIDCL,2025-01-01,2027-07-01,,898.19,898.19,Newly Added,July_2026,39.86,,28.45,255.52,,,,,,30.0,2026-07-01,0.2844832385130095,618405_July_2026
618406,Up-gradation to 4-lane with Paved Shoulder of Jammu-Akhnoor road section of NH- 144A from Ganesh Vihar Km 6.000 to Khati Chowk Km 26.350 in UT of Jammu and Kashmir on EPC basis Pkg-3A,,(-) (-),NHIDCL,2018-03-01,2018-03-01,,,322.49,Newly Added,July_2026,0.0,,100.0,322.49,,,,,,,2026-07-01,,618406_July_2026
618407,Jammu-Akhnoor Road Pkg-I,,(-) (-),NHIDCL,2018-03-01,2018-03-01,,,245.3,Newly Added,July_2026,68.85,,100.0,245.3,,,,,,,2026-07-01,,618407_July_2026
618408,Kargil Zanskar Road,,(-) (-),NHIDCL,2021-03-01,2023-01-01,,398.37,398.37,Newly Added,July_2026,337.19,,100.0,398.37,,,,,,18.0,2026-07-01,0.6677209629239149,618408_July_2026
618409,Widening & Up-gradation to 2 lane with Paved shoulder of NH-301 Kargil- Zanskar Road from Design km 57.000 Ex. Km. 57.905 to Km 87.000 Ex. Km. 88.2491 of 30.000 Km length Pkg-lll,,(-) (-),NHIDCL,2021-03-01,2023-01-01,,381.01,381.01,Newly Added,July_2026,313.34,,100.0,381.01,,,,,,18.0,2026-07-01,0.5484108028660665,618409_July_2026
618410,Widening & Up-gradation to 2 lane with paved shoulder of NH-301 Kargil- Zanskar Road from Design Km .30.040 Ex. Km. 30.000 to Design Km 57.000 Ex. Km. 57.905 of 26.960 Km length Pkg-II,,(-) (-),NHIDCL,2021-03-01,2023-01-01,,404.89,404.89,Newly Added,July_2026,360.06,,100.0,404.89,,,,,,18.0,2026-07-01,0.709575440243029,618410_July_2026
618412,Construction of i Connecting Road from Z-Morh Tunnel to Zojila Tunnel Road Length 18.475km and ii 14.150 Km long 2-L Bi-directional single tube Zoji-la Tunnel across Zojila Pass on Sonamarg - Kargil section from Km 82 to Km 118 of NH-01 under PMDP,,(-) (-),NHIDCL,2018-01-01,2026-09-01,,6808.69,6808.69,Newly Added,July_2026,3574.5,,100.0,6808.69,,,,,,71.0,2026-07-01,0.4622886340837959,618412_July_2026
618413,Construction of 2 laning with Hard shoulder of Peren-Dimapur section on NH 129A from Design Km 146.208 to Km 163.592 Length- 17.384 km in the state of Nagaland on EPC mode under NHO-TSP Package-III,,Nagaland,NHIDCL,2023-06-01,2025-06-01,,177.77,199.02,Newly Added,July_2026,95.62,,56.13,111.71,,,,,,24.0,2026-07-01,0.6283962423356021,618413_July_2026
618414,Construction of Balance work for 2-lane with hard shoulder of Peren- Dimapur section on NH-129A from Design Km 126.775 to Km 146.208 Length 19.433 Km in the state of Nagaland on EPC mode under NHO-TSP Package-II,,Nagaland,NHIDCL,2023-09-01,2025-09-01,,258.52,258.52,Newly Added,July_2026,96.53,,52.64,136.09,,,,,,24.0,2026-07-01,0.5264196193718088,618414_July_2026
618415,"Improvement of existing road to 2 laning with Hard Shoulders of Maram-Peren section Package-1B, length- 17.660 km from Design Chainage 22.340 km to 40.000 km on NH-129A in the State of Manipur on EPC mode",,Manipur,NHIDCL,2021-06-01,2022-12-01,,188.36,188.36,Newly Added,July_2026,100.0,,0.0,0.0,,,,,,18.0,2026-07-01,0.0,618415_July_2026
618416,"Improvement of existing road to 2 laning with Hard Shoulders of Maram -Peren section Package-1A, length- 22.340Km from Design Chainage 0.000 km to 22.340 km on NH-129A in the State of Manipur on EPC mode",,Manipur,NHIDCL,2021-06-01,2022-12-01,,226.32,226.32,Newly Added,July_2026,75.08,,84.04,190.19,,,,,,18.0,2026-07-01,0.8403587840226229,618416_July_2026
618417,"Construction of 4-Lane with paved shoulder Agartala bypass Western side, length 25.402 km connecting NH-8 near Amtali to NH-108B near Lembuchhera in the state of Tripura on EPC basis under NHO-NE",,Tripura,NHIDCL,2024-03-01,2027-03-01,,2026.05,2026.05,Newly Added,July_2026,9.2,,22.82,462.34,,,,,,36.0,2026-07-01,0.22819772463660817,618417_July_2026
618418,Rehabilitation and up gradation of Nongstoin-Rambrai-Kyrshai road up to Meghalaya-Assam border from Km 0.335 to km 34.039 to 2-Lane under NHO - NE in the State of Meghalaya  Package-1,,Meghalaya,NHIDCL,2022-05-01,2024-05-01,,359.86,359.86,Newly Added,July_2026,83.05,,86.16,310.07,,,,,,24.0,2026-07-01,0.861640638025899,618418_July_2026
618419,"Construction of 2-Lane with paved shoulders of Shillong Western Bypass starting from NH-06 near Ladumsaw existing Km 60.900 of old NH40 to NH106 old NH 44E Package-III, from km 24700 to km 38256 under SARDP-NE PHASE A in the state of Meghalaya on EPC Mode Greenfield alignment",,Meghalaya,NHIDCL,2024-09-01,2026-09-01,,562.48,562.48,Newly Added,July_2026,52.28,,60.48,340.17,,,,,,24.0,2026-07-01,0.6047681695349169,618419_July_2026
618420,"Construction of 2 lane with paved shoulder of Shillong Western Bypass starting from NH-06 near Ladumsaw existing km 60.900 of old NH-40 to NH-106 old NH- 44E, Package-II km 12800 to km 24700 under SARDP-NE Phase A in the State of Meghalaya on EPC Mode",,Meghalaya,NHIDCL,2024-09-01,2026-09-01,,686.03,686.03,Newly Added,July_2026,50.48,,52.09,357.32,,,,,,24.0,2026-07-01,0.5208518577904756,618420_July_2026
618421,"Construction of 2-Lane with paved shoulder of Shillong Western Bypass starting from NH-06 near Ladumsaw Existing km 60.900 of old NH-40 to NH106 old NH- 44E, km 0000 to km 12800 Package-I under SARDP-NE PHASE A in the State of Meghalaya on EPC Mode Greenfield alignment",,Meghalaya,NHIDCL,2024-09-01,2026-09-01,,620.3,620.3,Newly Added,July_2026,74.85,,53.68,332.95,,,,,,24.0,2026-07-01,0.5367564081895857,618421_July_2026
618422,"Construction of 2-lane with hard shoulders of Merangkong-Tamlu-Mon road Wakching Twon portion on EPC basis from existing Chainage Km 59000 to Km 73640 [Design Km. 59000 to Km, 72450] Design length - 13.450 Km under SARDP-NE package-V  Balance work",,Nagaland,NHIDCL,2023-09-01,2025-09-01,,161.73,161.73,Newly Added,July_2026,99.75,,62.62,101.28,,,,,,24.0,2026-07-01,0.6262289000185495,618422_July_2026
618423,Construction of 2-Lane with hard shoulders of Merangkong-Tamlu-Mon MTM Road from existing Km 20.456 to Km 41.065 Design Km. 20 to Km. 40.0 Design Length-20.000 Km in the State of Nagaland under SARDP-NE Phase-A Pkg-2 Balance work,,Nagaland,NHIDCL,2023-08-01,2025-08-01,,215.79,215.79,Newly Added,July_2026,100.0,,80.23,173.12,,,,,,24.0,2026-07-01,0.8022614578988833,618423_July_2026
618424,Construction of 2-Laning with hard shoulders of Hayuliang Hawai bypass Road on EPC basis from design Km. 51.825 to Km. 63.131 Existing Km 45.050 of HayuliangHawai road to Hawai Town under SARDP-NE -Balance work Pkg - IV,,Arunachal Pradesh,NHIDCL,2021-05-01,2023-05-01,,256.66,256.66,Completed,February_2026,100.0,,84.45,216.76,,,,,,24.0,2026-02-01,0.0,618424_February_2026
618426,Construction/Up gradation of Existing road to 2 Lane with Paved Shoulder including Geometric Improvement from Ranipool to Pakyong Balance work from Km 2.000 to 16.167 of NH-717-A on EPC basis under SARDP-NE Phase A in the State of Sikkim,,Sikkim,NHIDCL,2023-01-01,2024-07-01,,264.84,380.94,Newly Added,July_2026,87.03,,33.43,127.34,,,,,,18.0,2026-07-01,0.48081860746110866,618426_July_2026
618427,Construction & upgradation of existing road to 2-lane with paved shoulder including geometric improvement of Kafer- Lava More section from km 40.00 to km 61.100 of NH717-A on EPC under SARDP-NE A in state of West Bengal Pkg-VA,,(-) (-),NHIDCL,2020-06-01,2023-04-01,,311.02,311.02,Newly Added,July_2026,268.2,,88.03,273.78,,,,,,30.0,2026-07-01,0.019645038904250532,618427_July_2026
618428,Realignment of NH-717A from Design Ch.0.00 Km 77.800 of NH-10 to Design Ch.2.00 Km 3.100 of NH-717A with two lane paved shoulder including Major Bridge of 680 m in the State of Sikkim on EPC Mode-COS work,,Sikkim,NHIDCL,2021-04-01,2023-04-01,,264.84,380.94,Newly Added,July_2026,100.0,,18.56,70.71,,,,,,24.0,2026-07-01,0.2669913910285455,618428_July_2026
618429,Construction & upgradation of existing road to 2-lane with paved shoulder including geometric improvement of sect. from Pedong bypass to Reshi Border km 79.700 to km 96.254 of NH-717A under SARDP-NE-A on EPC as part of Alternate connectivity to Gangtok Lava More-Reshi Border  Pkg-VB,,(-) (-),NHIDCL,2020-06-01,2022-04-01,,345.38,345.38,Newly Added,July_2026,418.73,,114.54,395.59,,,,,,18.0,2026-07-01,1.1086050147663442,618429_July_2026
618430,Construction of alternative highway to Gangtok in Sikkim via Bagrakot -Chuikhim- Nimbong -Kafer-Bakhim-Algarah-Rhenock in the State of West Bengal and from Rhenok-Rorathang-Pakyong along with spur from Aritar-Rolep-Menla in the State of Sikkim from Km 0.00 to Km 13.00 of Bagrakot -Kafer section of NH 717A on EPC Mode under Phase-A of SARDP-NE in the State of West Bengal PKG- IVA,,(-) (-),NHIDCL,2018-03-01,2022-04-01,,402.94,402.94,Newly Added,July_2026,261.9,,100.0,402.94,,,,,,30.0,2026-07-01,0.0,618430_July_2026
618431,Construction of alternative highway to Gangtok in Sikkim via Bagrakot -Chuikhim- Nimbong -Kafer-Bakhim-Algarah-Rhenock in the State of West Bengal and from Rhenok-Rorathang-Pakyong along with spur from Aritar-Rolep-Menla in the State of Sikkim from Km 13.00 to Km 25.60 of Bagrakot -Kafer section of NH 717A on EPC Mode under Phase-A of SARDP-NE in the State of West Bengal PKG- IVB,,(-) (-),NHIDCL,2018-03-01,2023-04-01,,295.97,295.97,Newly Added,July_2026,255.94,,100.0,295.97,,,,,,30.0,2026-07-01,0.00131770111835659,618431_July_2026
618432,Construction of Balance work of 2-Lane with PS of Joram-Koloriang Road NH- 713 on EPC basis from Design Km 44.989 to Km 61.547 Existing Km 50.050 to Km 70.000 in the state of Arunachal Pradesh under SARDP-NE Pkg-3,,Arunachal Pradesh,NHIDCL,2020-10-01,2024-09-01,,228.72,228.72,Completed,July_2026,100.0,,0.0,0.0,,,,,,47.0,2026-07-01,0.0,618432_July_2026
618433,Construction of Balance work of 2-Lane with PS of Joram  Koloriang Road from existing Km122.600 to km138.00 [Design Km108.724 to Km123.714] in Arunachal Pradesh on EPC Mode under SARDP-NE Pkg-7,,Arunachal Pradesh,NHIDCL,2020-10-01,2022-04-01,,184.89,184.89,Newly Added,July_2026,99.69,,84.6,156.42,,,,,,18.0,2026-07-01,0.8460165503813079,618433_July_2026
618434,Roing-Hunli Road Greenfield Alignment Project,,Arunachal Pradesh,NHIDCL,2018-03-01,2022-03-01,,1718.59,1718.59,Newly Added,July_2026,82.45,,65.37,1123.4,,,,,,48.0,2026-07-01,0.6536753966914739,618434_July_2026
618435,4-Laning from Rangagara to Kaliabor Tiniali from km 297.00 to km 315.315 of NH-37 on EPC basis under SARDP-NE in state of Assam,,Assam,NHIDCL,2017-10-01,2020-04-01,,386.51,386.51,Newly Added,June_2026,97.13,,93.21,360.25,,,,,,30.0,2026-06-01,0.9320586789475046,618435_June_2026
618436,4-Laning of Jamugurihat to end of Biswanath Chariali By-Pass from Km 182.000 to Km 208.000 of NH-52 on EPC mode in state of Assam under SARDP-NE,,Assam,NHIDCL,2016-12-01,2019-06-01,,599.0,599.0,Newly Added,July_2026,100.0,,72.22,432.62,,,,,,30.0,2026-07-01,0.722237061769616,618436_July_2026
618437,"Construction of Balance Work of 4-Laning of NH-37 Section between End of Moran Bypass to Bogibeel junction near Lapetketa Km. 561.700-Km. 580.875 under SARDP-NE, Phase 'A' in the State of Assam on EPC mode Pkg-I Road works & Toll Plaza",,Assam,NHIDCL,2024-09-01,2025-03-01,,274.34,274.34,Newly Added,July_2026,100.0,,42.52,116.66,,,,,,6.0,2026-07-01,0.4252387548297733,618437_July_2026
618438,"4-Laning of NH-37 Section between Demow to End of Moran Bypass From Km. 534.800 to Km. 561.700 including Emergency Landing Facility ELF under SARDP-NE, Phase 'A' in the State of Assam on EPC mode",,Assam,NHIDCL,2023-01-01,2024-07-01,,385.57,385.57,Newly Added,July_2026,100.0,,176.48,680.44,,,,,,18.0,2026-07-01,1.7647638561091372,618438_July_2026
618439,"Construction of Balance Work of 4-Laning of the Section from Jorhat to Jhanji of NH-37 Old  from Km 453000 to Km 463000 10.000 Km, under SARDP- NE under EPC Mode in the state of Assam Pkg-I Road Works",,Assam,NHIDCL,2024-02-01,2024-08-01,,478.3,478.3,Newly Added,June_2026,96.79,,0.0,0.0,,,,,,6.0,2026-06-01,0.0,618439_June_2026
618440,"Construction of Balance Work of 4-Laning of the Section from Jhanji to Demow of NH-37 Old from Km 490.800 to Km 534.800, under SARDP- NE on EPC Mode in the state of Assam Pkg- IV Structures & Toll Plaza",,Assam,NHIDCL,2024-10-01,2025-10-01,,187.09,100.22,Newly Added,July_2026,58.19,,16.67,16.71,,,,,,12.0,2026-07-01,0.08931530279544604,618440_July_2026
618441,"Construction of Balance Work of 4-Laning of the Section from Jhanji to Demow of NH-37 Old from Km 490.800 to Km 501.800 11.000 Km, under SARDP- NE under EPC Mode in the state of Assam Pkg-I Road Works",,Assam,NHIDCL,2024-10-01,2025-09-01,,467.79,476.5,Newly Added,July_2026,87.33,,20.54,97.88,,,,,,11.0,2026-07-01,0.20923918852476536,618441_July_2026
618442,"Construction of Balance Work of the 4-Laning of the Section from Jorhat to Jhanji of NH-37 Old from Km 477.000 to Km 490800 13.800 Km, under SARDP- NE under EPC Mode in the state of Assam Pkg-III Road Works",,Assam,NHIDCL,2024-02-01,2024-08-01,,358.72,358.72,Newly Added,July_2026,100.0,,27.99,100.4,,,,,,6.0,2026-07-01,0.2798840321141838,618442_July_2026
618443,"Construction of Balance Work of the 4-Laning of the Section from Jorhat to Jhanji of NH-37 Old from Km 463.00 to Km 477.000 14.000 Km, under SARDP- NE under EPC Mode in the state of Assam Pkg-II Road Works",,Assam,NHIDCL,2024-02-01,2024-08-01,,438.44,438.44,Newly Added,June_2026,95.86,,0.0,0.0,,,,,,6.0,2026-06-01,0.0,618443_June_2026
618444,"Construction of Balance Work of the 4-Laning of the Section from Jorhat to Jhanji of NH-37 Old  from Km 453.000 to Km 490.800, under SARDP- NE , under EPC Mode in the state of Assam  Pkg-IV Structures & Toll Plaza",,Assam,NHIDCL,2024-02-01,2024-08-01,,279.01,279.01,Newly Added,June_2026,94.73,,142.84,398.54,,,,,,6.0,2026-06-01,1.4284075839575643,618444_June_2026
618445,Construction of 2-Laning with hard shoulders of Demwe-Brahmakund section of NH-13 from Ch.0.00 km to 18.464 km on EPC under SARDP-NE NHO-NE - Balance Work,,Arunachal Pradesh,NHIDCL,2025-06-01,2027-12-01,,353.9,353.9,Newly Added,July_2026,19.57,,7.58,26.82,,,,,,30.0,2026-07-01,0.07578411980785534,618445_July_2026
618446,Construction & Upgradation of existing road to 2-lane with paved shoulder from New Rolep Bridge at km 37.600 to Chochenpheri at km 52.00 in the section of Rongli to Chochenpheri of NH 717B Pkg-II C,,Sikkim,NHIDCL,2021-05-01,2024-05-01,,493.42,478.79,Newly Added,July_2026,79.13,,82.54,395.19,,,,,,36.0,2026-07-01,0.8009201086295651,618446_July_2026
618447,Construction of 2-Laning with Paved Shoulder of New Greenfield Alignment From Helipad near Menla at Km 82000 to Menla at Km 94030 of Rhenock-Menla Spur NH-717B Package-IIIB on EPC Basis under SARDP-NE Phase 'A' in the State of Sikkim.,,Sikkim,NHIDCL,2021-02-01,2024-02-01,,410.6,379.3,Newly Added,July_2026,82.64,,63.74,241.77,,,,,,36.0,2026-07-01,0.5888212372138334,618447_July_2026
618448,Construction of 2-Laning with Paved Shoulder of New Greenfield Alignment From Chochenpheri at Km 52000 to Helipad near Menla at Km 82000 of Rhenock- Menla Spur NH-717B Package-IIIA on EPC Basis under SARDP-NE Phase 'A' in the State of Sikkim.,,Sikkim,NHIDCL,2020-12-01,2023-12-01,,816.79,786.6,Newly Added,July_2026,64.31,,60.38,474.96,,,,,,36.0,2026-07-01,0.5814958557279105,618448_July_2026
618449,Construction & Upgradation of existing road to 2-lane with paved shoulder from km27.200 End of Rongli bypass to km37.600New Rolep Bridge of Rhenok-Menla spur NH-717B on EPC Mode under SARDP-NE Phase-A in Sikkim Pkg-II B,,Sikkim,NHIDCL,2020-10-01,2023-04-01,,230.45,244.91,Newly Added,July_2026,86.19,,101.96,249.71,,,,,,30.0,2026-07-01,1.0835756129312215,618449_July_2026
618450,Rehabilitation & Upgradation of existing road to 2-lane with paved shoulder including geometric improvement of section from start of Rabangla km33.600 to km58.840 under SARDP-NE Phase A  Pkg- IV,,Sikkim,NHIDCL,2020-10-01,2022-05-01,,292.8,292.8,Newly Added,July_2026,65.15,,86.62,253.63,,,,,,19.0,2026-07-01,0.8662226775956283,618450_July_2026
618452,"2-laning of Zorinpui - Longmasu section of NH-502A from km 0.000 to km 28.244 in the State of Mizoram on EPC mode under NHO-NE, stretch of IMBR",,Mizoram,NHIDCL,2024-12-01,2026-12-01,,781.85,781.85,Newly Added,July_2026,4.71,,6.17,48.26,,,,,,24.0,2026-07-01,0.06172539489671931,618452_July_2026
618454,"Earthwork in Formation, Road Work, Construction of Bridges, Blanketing, P. Way Linking works including Supply of P. Way Fittings and Track Ballast in connection with Construction of Railway Siding from Jogighopa Railway Station to MMLP at Jogighopa from Ch. 00 to 3760 on Item Rate basis Package -3, Railway Siding from Jogighopa Railway Station to MMLP",,Assam,NHIDCL,2020-12-01,2022-06-01,,693.97,693.97,Newly Added,July_2026,93.23,,5.79,40.17,,,,,,18.0,2026-07-01,0.057884346585587276,618454_July_2026
618455,Development of External Trunk Connectivity and Internal Infrastructure Works at Multi Model Logistics ParkMMLP at Jogighopa in the State of Assam on EPC Mode Package-I Road and Utility Works,,Assam,NHIDCL,2020-09-01,2022-04-01,,693.97,693.97,Newly Added,July_2026,100.0,,44.5,308.85,,,,,,19.0,2026-07-01,0.44504805683242793,618455_July_2026
618456,Delhi-Vadodara Greenfield Alignment NH-148N Pkg-14 Ch. 388.420 to Ch. 419.000 [Junction with NH- 76 to Junction with NH-12 near village Ummedpura],,Rajasthan,NHAI,2021-05-01,2023-05-01,,1119.35,1194.17,Completed,June_2026,100.0,,93.3,1114.19,,,,,,24.0,2026-06-01,0.9953901818019387,618456_June_2026
618457,Delhi-Vadodara Greenfield Alignment NH-148N Pkg-10 Ch. 292.950 to Ch. 319.400 [End of Interchange on NH-166 near village Mui to Hardeoganj village near Indergarh],,(-) (-),NHAI,2019-11-01,2023-05-01,,1272.97,1272.97,Newly Added,July_2026,1150.13,,99.39,1265.16,,,,,,24.0,2026-07-01,0.8485353150506296,618457_July_2026
618458,Delhi-Vadodara Greenfield Alignment NH-148N Pkg-15 Ch. 419.000 to Ch.427.300 [Junction with NH-12 near village Ummedpura to Major bridge over Takli river near Nayagaon Jageer village],,(-) (-),NHAI,2020-07-01,2024-01-01,,1854.68,1854.68,Newly Added,July_2026,1530.92,,100.0,1854.68,,,,,,30.0,2026-07-01,0.7129154355468329,618458_July_2026
618459,Delhi-Vadodara Greenfield Alignment NH-148N Pkg-26 Ch.696890 to Ch.726390,,(-) (-),NHAI,2020-09-01,2024-08-01,,1555.2,1555.2,Newly Added,July_2026,1288.32,,100.08,1556.4,,,,,,20.0,2026-07-01,0.6199652777777778,618459_July_2026
618460,Delhi-Vadodara Greenfield Alignment NH-148N Pkg-28 Ch.756052 to Ch.781282,,Gujarat,NHAI,2021-11-01,2026-04-01,,1263.38,1263.38,Completed,July_2026,100.0,,100.28,1266.98,,,,,,53.0,2026-07-01,0.6839430733429371,618460_July_2026
618461,Delhi-Vadodara Greenfield Alignment NH-148N Pkg-30 Ch 803420 to Ch.824920 [Baletiya Village - Junction near Pratap Nagar Village],,Gujarat,National Highways Authority of India [NHAI],2021-09-01,2023-09-01,,1800.73,1800.73,Completed,March_2026,100.0,,100.0,1800.73,,,,,,24.0,2026-03-01,0.6053433885146579,618461_March_2026
618462,Delhi-Vadodara Greenfield Alignment NH-148N Pkg-31 Ch.824920 to Ch.844382 [Junction near Pratap nagar Village - Junction near Dodka Village],,(-) (-),NHAI,2019-11-01,2023-05-01,,1644.85,1644.85,Newly Added,July_2026,1297.76,,100.38,1651.14,,,,,,24.0,2026-07-01,0.5653889412408427,618462_July_2026
618463,Vadodara Mumbai Expressway Kim to Ankleshwar Phase IA - Pkg V,,(-) (-),NHAI,2018-02-01,2021-10-01,,1324.84,1324.84,Newly Added,July_2026,1546.7,,211.91,2807.48,,,,,,23.0,2026-07-01,0.9364300594788805,618463_July_2026
618464,Vadodara Mumbai Expressway Ena -Kim Phase IB - Pkg VI [Km 217.500 to Km 254.430],,Gujarat,NHAI,2021-12-01,2023-12-01,,2271.86,4297.28,Completed,June_2026,100.0,,69.61,2991.42,,,,,,24.0,2026-06-01,1.316727263123608,618464_June_2026
618465,Vadodara Mumbai Expressway Gandeva to Ena Phase IB - Pkg VII [Km 190.00 to Km 217.500],,Gujarat,NHAI,2021-11-01,2023-11-01,,1710.3,3392.21,Completed,June_2026,100.0,,72.25,2451.01,,,,,,24.0,2026-06-01,1.433087762380869,618465_June_2026
618466,Vadodara Mumbai Expressway Jujuwa - Gandeva from Km. 154.600 to Km. 190.000 Phase-I Package-VIII,,(-) (-),NHAI,2023-07-01,2026-03-01,,3834.24,3834.24,Newly Added,June_2026,197.98,,99.63,3820.2,,,,,,19.0,2026-06-01,0.014866049073610416,618466_June_2026
618467,Vadodara Mumbai Expressway Karvad - Jujuwa from Km. 128.000 to Km. 154.600 Phase-I Package-IX,,(-) (-),NHAI,2023-07-01,2025-10-01,,2594.17,2594.17,Newly Added,July_2026,235.55,,99.73,2587.04,,,,,,18.0,2026-07-01,0.022357825431640947,618467_July_2026
618468,Vadodara Mumbai Expressway Phase II - Pkg XI [Km. 77.000 to Km. 103.400] Ganjad - Talsari,,Maharashtra,NHAI,2022-05-01,2024-05-01,,1524.71,1913.95,Completed,June_2026,100.0,,47.12,901.76,,,,,,24.0,2026-06-01,0.5914305015379974,618468_June_2026
618469,Vadodara Mumbai Expressway Phase II - Pkg XIII [Km. 26.582 to Km. 50.700] Shirsad - Masvan,,(-) (-),NHAI,2020-06-01,2024-02-01,,3536.9,3536.9,Newly Added,July_2026,1986.56,,132.31,4679.54,,,,,,24.0,2026-07-01,0.5049647996833385,618469_July_2026
618470,Vadodara Mumbai Expressway Phase II - Pkg XIV [Km. 3.000 to Km. 20.200 of Spur] Shirsad - Akloli,,(-) (-),NHAI,2021-05-01,2024-05-01,,2058.79,2058.79,Newly Added,July_2026,634.55,,112.92,2324.72,,,,,,18.0,2026-07-01,0.2801159904604161,618470_July_2026
618471,Vadodara Mumbai Expressway Phase II - Pkg XV [Km. 20.200 to Km. 43.000 of Spur] Akloli - Amne,,(-) (-),NHAI,2021-05-01,2024-05-01,,2610.88,2610.88,Newly Added,July_2026,651.95,,111.78,2918.39,,,,,,18.0,2026-07-01,0.2283099950974384,618471_July_2026
618472,Vadodara Mumbai Expressway Phase II - Pkg XVI [Km. 43.000 to Km. 69.800 of Spur] Amne - Bhoj,,(-) (-),NHAI,2021-06-01,2024-10-01,,4051.8,4051.8,Newly Added,July_2026,952.69,,106.51,4315.56,,,,,,23.0,2026-07-01,0.2034898069993583,618472_July_2026
618473,Vadodara Mumbai Expressway Phase II - Pkg XVII [Km. 69.800 to Km. 79.783 of Spur] Bhoj - Morbe,,(-) (-),NHAI,2021-09-01,2025-07-01,,2208.68,2208.68,Newly Added,July_2026,931.24,,111.52,2463.02,,,,,,30.0,2026-07-01,0.365417353351323,618473_July_2026
618475,Bangalore Chennai Expressway Phase-II Pkg-II from km.96.000 to Km 127.000 Baireddypalle to Bangarupalem section,,(-) (-),NHAI,2021-02-01,2025-06-01,,2548.04,2548.04,Newly Added,July_2026,1332.41,,100.0,2548.04,,,,,,24.0,2026-07-01,0.42352160876595346,618475_July_2026
618476,Bangalore Chennai Expressway Phase-II Pkg-III from km.127.000 to Km 156.000 Bangarupalem to Gudipala section,,(-) (-),NHAI,2020-11-01,2024-10-01,,1407.33,1407.33,Newly Added,July_2026,868.62,,100.0,1407.33,,,,,,24.0,2026-07-01,0.4800366651744794,618476_July_2026
618477,Bangalore Chennai Expressway Phase-III  Package I Gudipala to Walajajhpet from Km 156.000 to Km 180.000,,(-) (-),NHAI,,2020-10-01,,,,Newly Added,July_2026,1481.87,,,1481.87,,,,,,,2026-07-01,,618477_July_2026
618478,Bangalore Chennai Expressway Phase-III  Package II Walajahpet to Arakkonam from Km 180.000 to Km 204.500,,(-) (-),NHAI,2021-01-01,2024-07-01,,1106.65,1106.65,Newly Added,July_2026,593.0,,100.0,1106.65,,,,,,24.0,2026-07-01,0.44826277504179274,618478_July_2026
618479,Bangalore Chennai Expressway Phase-III  Package III Arakkonam to Kancheepuram from Km 204.500 to Km 230.000,,(-) (-),NHAI,2020-12-01,2024-07-01,,1525.1,1525.1,Newly Added,July_2026,360.95,,100.0,1525.1,,,,,,23.0,2026-07-01,0.23203068651235986,618479_July_2026
618480,Construction of Trumpet Interchange Connecting Bangalore  Chennai Expressway km.261705 to km. 262800 with Maduravoyal to Walajapet Section of NH 48 near Sriperumbudur Toll Plaza at km. 35700,,(-) (-),NHAI,2023-05-01,2025-08-01,,162.55,162.55,Newly Added,July_2026,54.98,,100.01,162.56,,,,,,18.0,2026-07-01,1.2857582282374653,618480_July_2026
618481,4L Bangalore-Chennai Expressway from Km. 230.000 to Km. 261.705 of Kanchepuram to Sriperumbudur Section Phase-III/Package-IV,,(-) (-),NHAI,2021-02-01,2024-07-01,,3605.73,3605.73,Newly Added,July_2026,987.38,,100.0,3605.73,,,,,,24.0,2026-07-01,0.24448308664264934,618481_July_2026
618482,Delhi-Amritsar-Katra Expressway Phase-I Pkg-I from Jussur Kheri on NH-KMP Expressway to Junction with Rohtak-Panipat road NH-709 near Rukhi Paani village Km 0000 to Km 34000,,(-) (-),NHAI,2020-12-01,2023-12-01,,1866.49,1866.49,Newly Added,July_2026,1609.72,,130.19,2429.9,,,,,,24.0,2026-07-01,0.03482472448285284,618482_July_2026
618483,Delhi-Amritsar-Katra Expressway Phase-I Pkg-II from Junction with Rohtak-Panipat road NH-709 near Rukhi Paani village to Junction with Jind-Panipat road NH-352A near Gangana village Km 34000 to Km 60800,,(-) (-),NHAI,2020-12-01,2024-01-01,,1533.87,1533.87,Newly Added,July_2026,1176.23,,116.86,1792.53,,,,,,24.0,2026-07-01,0.043028418314459506,618483_July_2026
618484,Delhi-Amritsar-Katra Expressway Phase-I Pkg-III from Junction with Jind-Panipat road NH-352A near Gangana village to Junction with Jind-Karnal road NH-709A near Alewa village Km 60800 to Km 91400,,Haryana,NHAI,2021-12-01,2023-12-01,,1606.27,1813.91,Completed,June_2026,100.0,,72.93,1322.85,,,,,,24.0,2026-06-01,0.8235539479664066,618484_June_2026
618485,Delhi-Amritsar-Katra Expressway Phase-I Pkg-IV from Junction with Jind-Karnal road NH-709A near Alewa village to Junction with Ambala-Kaithal-Hissar road NH-152 near Kharak Pandwa village Km 91400 to Km 120250,,Haryana,NHAI,2021-12-01,2023-12-01,,1306.95,1578.66,Completed,June_2026,100.0,,69.61,1098.84,,,,,,24.0,2026-06-01,0.8407666704923676,618485_June_2026
618486,Delhi-Amritsar-Katra Expressway Phase-I Pkg-V from Junction with Ambala-Kaithal- Hissar road NH-152 near Kharak Pandwa village to Junction with Patiala-Samana- Patran road SH-10 near Ghagga village Km 120250 to Km 157920,,(-) (-),NHAI,2021-01-01,2021-01-01,,,1741.86,Newly Added,July_2026,872.6,,130.95,1741.86,,,,,,,2026-07-01,,618486_July_2026
618487,Delhi-Amritsar-Katra Expressway Phase-I Pkg-VII from Junction with Patiala- Bathinda road NH-7 near Bhawanigarh to Junction with Ludhiana-Malerhkotla SH-11 near Bhogiwal village Km 188830 to km 225770,,Punjab,NHAI,2022-07-01,2024-07-01,,1759.82,1774.32,Completed,June_2026,100.0,,95.58,1695.83,,,,,,24.0,2026-06-01,0.9636383266470434,618487_June_2026
618488,Delhi-Amritsar-Katra Expressway Phase-I Pkg-VIII from Junction with Ludhiana- Malerkotla SH-11 near Bhogiwal village to Junction with Ludhiana-Moga road NH-5 near Mullanpur Dakha Km 225770 to km 260860,,(-) (-),NHAI,2020-12-01,2025-03-01,,1895.74,1895.74,Newly Added,June_2026,1274.51,,107.34,2034.94,,,,,,24.0,2026-06-01,0.3966524945403906,618488_June_2026
618489,Delhi-Amritsar-Katra Expressway Phase-I Pkg-IX from Junction with Ludhiana-Moga road NH-5 near Mullanpur Dakha to Junction with Jalandhar - Moga road NH-703 near Kang Sahibu village Km 260860 to km 303900,,(-) (-),NHAI,2020-12-01,2024-07-01,,1851.47,1851.47,Newly Added,July_2026,1935.88,,130.01,2407.14,,,,,,24.0,2026-07-01,0.7179052320588506,618489_July_2026
618490,Delhi-Amritsar-Katra Expressway Phase-I Pkg-X from Jn. with Jalandhar - Moga road NH-703 to Jn. with Jalandhar-Kapurthala road NH-703A and to Jn. with Kapurthala - Sultanpur Lodhi road NH-703A km 000 to km 24000 to Amritsar connectivity,,(-) (-),NHAI,2020-12-01,2024-07-01,,2177.54,2177.54,Newly Added,June_2026,1524.23,,94.73,2062.74,,,,,,24.0,2026-06-01,0.4611993350294369,618490_June_2026
618491,Delhi-Amritsar-Katra Expressway Phase-I Pkg-XI from Junction with Jalandhar - Kapurthala road NH-703A near khojewal village to Junction with Amritsar-Mehta- SriHargobindpur-Tanda road NH-503A near SriHargobindpur Km 319400 to km 362420,,(-) (-),NHAI,2021-03-01,2024-11-01,,2175.35,2175.35,Newly Added,June_2026,1377.13,,101.44,2206.71,,,,,,24.0,2026-06-01,0.4326614108074563,618491_June_2026
618492,Delhi-Amritsar-Katra Expressway Phase-I Pkg-XII from Junction with Amritsar-Mehta- SriHargobindpur-Tanda road NH-503A near SriHargobindpur to Junction with Pathankot-Gurdaspur road NH-54 near Gurdaspur Km 362420 to km 397700,,(-) (-),NHAI,2021-03-01,2025-12-01,,1734.18,1734.18,Newly Added,July_2026,780.61,,88.71,1538.47,,,,,,23.0,2026-07-01,0.2715231406197742,618492_July_2026
618493,Delhi-Amritsar-Katra Expressway Phase-I Spur-I from Jn. with Kapurthala - Sultanpur Lodhi Road NH-703A near Isharwal village to Jn. with Kapurthala - Tarn Taran road NH-703AA near Goinwal Sahib [Km 24000 to Km 41000 of Amritsar connectivity],,(-) (-),NHAI,2021-12-01,2026-04-01,,2165.23,2165.23,Newly Added,July_2026,618.22,,70.18,1519.6,,,,,,36.0,2026-07-01,0.15897156422181477,618493_July_2026
618494,Delhi-Amritsar-Katra Expressway Phase-II Pkg-XV [Junction with Hiranagar Road near village Gurha Baildaran to Junction with Jammu Ring Road NH-244A near Jakh village from Km 468100 to Km 503250],,(-) (-),NHAI,2021-10-01,2021-10-01,,,2714.95,Newly Added,July_2026,1607.97,,136.89,2714.95,,,,,,,2026-07-01,,618494_July_2026
618495,4/6L Access Control Expressway from Design Chainage Km 515.000 to 528.300 Kunjwani to Sidhra Section of NH-44 and from Design Chainage Km 550.900 to Km 566.520 Domel to Katra Section Phase II-Package XVII,,(-) (-),NHAI,2022-06-01,2022-06-01,,,2894.74,Newly Added,July_2026,767.85,,100.0,2894.74,,,,,,,2026-07-01,,618495_July_2026
618496,Delhi-Amritsar-Katra Expressway Phase-II Pkg-XVI Existing Jakh Vijaypur-Kunjwani section of NH-44 including spur Connectivity to Jammu Airport  NH-144A [Km 503500 to km 514500],,(-) (-),NHAI,2021-09-01,2021-09-01,,,1821.72,Newly Added,July_2026,1154.46,,138.47,1821.72,,,,,,,2026-07-01,,618496_July_2026
618497,Delhi Amritsar Katra Expressway Phase-II Pkg XVIII Development and Upgradation of Four lane Access Control Expressway from Design Chainage KM 530.00 to KM 545.300 Sidhra to Domel Section of NH-44,,(-) (-),NHAI,2022-12-01,2022-12-01,,,975.38,Newly Added,July_2026,434.0,,100.0,1025.73,,,,,,,2026-07-01,,618497_July_2026
618498,6L Greenfield Kanpur - Lucknow Expressway Pkg II from km. 28.500 to km. 73.744,,Uttar Pradesh,NHAI,2022-11-01,2025-05-01,,2471.56,2489.0,Completed,June_2026,100.0,,57.83,1439.5,,,,,,30.0,2026-06-01,0.5824256744728026,618498_June_2026
618499,6L Elevated Kanpur - Lucknow Exeressway Pkg-1 from Km. 10980 to Km. 28500,,(-) (-),NHAI,2021-12-01,2025-07-01,,1972.94,1972.94,Newly Added,July_2026,770.81,,98.5,1943.27,,,,,,29.0,2026-07-01,0.3880756637302705,618499_July_2026
618500,Construction of 4L Connector from Delhi Meerut Expressway Km 50.000 of Pkg IV to Km 8.520 of NH-235 Pkg-5,,(-) (-),NHAI,2021-09-01,2024-03-01,,1081.39,1081.39,Newly Added,July_2026,455.0,,103.22,1116.19,,,,,,24.0,2026-07-01,0.37243732603408575,618500_July_2026
618501,Ahmedabad - Dholera Pkg I from km. 0.00 to km. 22.00 [Sardar Patel Ring Road - Sindhrej Village],,Gujarat,NHAI,2022-01-01,2024-01-01,,1298.0,1421.05,Completed,June_2026,100.0,,97.52,1385.83,,,,,,24.0,2026-06-01,1.0676656394453004,618501_June_2026
618502,Ahmedabad - Dholera Pkg II from km. 22.00 to km. 48.52 [Sindhrej Village - Vejallka Village],,Gujarat,NHAI,2022-01-01,2024-01-01,,1415.34,1729.69,Completed,June_2026,100.0,,103.24,1785.68,,,,,,24.0,2026-06-01,1.2616615088953893,618502_June_2026
618503,Ahmedabad - Dholera Pkg III from km. 48.52 to km. 71.06 [Vejallka Village - Start of DSIR zone],,(-) (-),NHAI,2020-05-01,2023-07-01,,1034.04,1034.04,Newly Added,July_2026,1125.55,,111.74,1155.41,,,,,,24.0,2026-07-01,0.9161251015434606,618503_July_2026
618504,Ahmedabad - Dholera Pkg IV from km. 71.06 to km. 109.019 [Start of DSIR zone - Adhelai Village],,(-) (-),NHAI,2020-05-01,2023-12-01,,1181.76,1181.76,Newly Added,July_2026,1222.79,,114.98,1358.73,,,,,,24.0,2026-07-01,1.0172962361223938,618504_July_2026
618505,Additional Structures on 6LGurgaon-Jaipur Section of NH-48 between KM 42.700 to KM 273.00,,(-) (-),NHAI,,2022-08-01,,,,Newly Added,July_2026,409.64,,,409.64,,,,,,,2026-07-01,,618505_July_2026
618506,"Construction of Additional Structures, Improvement of Service Road & Maintenance of Six Lane Gurgaon-Jaipur Section of NH-48 old NH-8 between km 42700 to km 107100 in the State of Haryana",,(-) (-),NHAI,2024-05-01,2027-05-01,,401.74,401.74,Newly Added,July_2026,131.79,,59.75,240.02,,,,,,24.0,2026-07-01,0.1667745307910589,618506_July_2026
618507,"Balance work of Six Laning of Shamlaji-Motachiloda from Km. 401.200 to Km.494.410 section Design Chainage Km.447.385 to Km 540.595, Length- 93.210 Km of old NH-8 NH-48 in the state of Gujarat on single Percentage Item Rate Contract",,(-) (-),NHAI,2024-06-01,2025-06-01,,466.8,466.8,Newly Added,July_2026,577.62,,107.43,501.48,,,,,,10.0,2026-07-01,0.1263924592973436,618507_July_2026
618508,Construction of Additional Structures including Approaches in Vadodara Surat Section of NH48 between existing Km. 108.000 to Km. 250.000,,(-) (-),NHAI,2024-03-01,2027-01-01,,907.39,907.39,Newly Added,July_2026,368.63,,100.0,907.39,,,,,,24.0,2026-07-01,0.06612371747539647,618508_July_2026
618509,Development of 6L UER II [Package - I] NH-1 Near Bakoli till Karala Kanjhawala Road from km. 0.70 to km.15.00,,(-) (-),NHAI,2020-07-01,2023-10-01,,2089.94,2089.94,Newly Added,July_2026,1834.91,,105.43,2203.45,,,,,,24.0,2026-07-01,0.859417016756462,618509_July_2026
618511,Upgradation & rehabilitation of Service Roads on both sides in urban areas of Pune City on PuneSatara section of NH48,,(-) (-),NHAI,2025-01-01,2026-06-01,,604.59,604.59,Newly Added,July_2026,66.39,,64.3,388.78,,,,,,12.0,2026-07-01,0.2530640599414479,618511_July_2026
618512,Tunnel at Khambataki Ghat Section and its approaches from existing Km. 771.730 to existing Km. 782.000,,(-) (-),NHAI,2017-11-01,2022-02-01,,907.03,907.03,Newly Added,July_2026,686.79,,89.98,816.12,,,,,,36.0,2026-07-01,0.5768386933177514,618512_July_2026
618513,6L of Kagal-Satara section from Km 592.500 to Km 658.000 of NH-48 Pkg-I,,(-) (-),NHAI,2021-12-01,2025-01-01,,2111.95,2111.95,Newly Added,July_2026,634.07,,67.97,1435.46,,,,,,24.0,2026-07-01,0.2912474253651839,618513_July_2026
618514,6L of Kagal-Satara section from Km 658.000 to Km 725.000 of NH-48 Pkg-II,,(-) (-),NHAI,2021-12-01,2024-12-01,,2330.71,2330.71,Newly Added,July_2026,206.68,,13.62,317.4,,,,,,24.0,2026-07-01,0.07757292842095327,618514_July_2026
618515,6L from Belgaum to Sankeshwar Bypass from Km. 515.000 to Km. 555.017 of NH-48 Pkg-I,,Multi-States,NHAI,,2021-11-01,,,,Completed,June_2026,100.0,,,1479.3,,,,,,,2026-06-01,,618515_June_2026
618516,6L from Sankeshwar Bypass to MH-KNT Border from Km. 555.017 to Km. 592.853 of NH-48 Pkg-II,,(-) (-),NHAI,,2022-01-01,,,,Newly Added,July_2026,1388.7,,,1388.7,,,,,,,2026-07-01,,618516_July_2026
618517,4/6L of Bangalore - Pune Section of bypass connecting Dharwad - Hubli from km. 403.80 to km. 433.20,,(-) (-),NHAI,2021-12-01,2025-09-01,,1135.39,1135.39,Newly Added,July_2026,744.42,,67.23,763.36,,,,,,30.0,2026-07-01,0.5951699416059679,618517_July_2026
618518,Davanagere - Haveri of NH-48 Old NH-4 from km. 260.00 to km. 338.923,,(-) (-),NHAI,2017-01-01,,,,1454.67,Newly Added,July_2026,1273.5,,124.14,1805.84,,,,,,,2026-07-01,,618518_July_2026
618519,Bangalore Ring Road STRR-NH-948A- Package-I of Phase-III from Belagondapalli TN to TN/KNT border from km 144.480 to 179.969,,(-) (-),NHAI,,2022-03-01,,,,Newly Added,July_2026,1260.74,,,1260.74,,,,,,,2026-07-01,,618519_July_2026
618520,4L of km 0.00 to km 42.00 of Dobbaspet to Doddaballapura Bypass section of NH-648 old NH-207] [Bangalore Ring Road Pkg 1],,(-) (-),NHAI,2020-08-01,2023-04-01,,1438.74,1438.74,Newly Added,July_2026,1294.84,,124.18,1786.57,,,,,,24.0,2026-07-01,0.0708953667792652,618520_July_2026
618521,Karaipettai to Walajapet from Km 71.015 to 107.091,,(-) (-),NHAI,2018-08-01,2021-02-01,,766.51,766.51,Newly Added,July_2026,613.76,,100.0,766.51,,,,,,24.0,2026-07-01,0.5574747883263101,618521_July_2026
618522,Balance Works for six laning of Sriperumbudur to karaipettai section of NH-4 New NH- 48 from 37000 Existing Km 37000 to Km 71015 Existing Km 71000 in Tamilnadu on EPC mode underNHDP Phase-V,,(-) (-),NHAI,2024-06-01,2026-10-01,,411.16,411.16,Newly Added,July_2026,134.65,,100.0,411.16,,,,,,21.0,2026-07-01,0.5107500729642961,618522_July_2026
618523,Bhadrak KM 136.500 to Baleshwar KM 199.141,,(-) (-),NHAI,2014-11-01,2021-09-01,,844.67,844.67,Newly Added,July_2026,783.98,,165.13,1394.82,,,,,,30.0,2026-07-01,0.27384659097635766,618523_July_2026
618524,Construction of 6 lane elevated corridor including its approaches from Km. 629880 to Km. 634470 Design Chainage of NH-16 in Ranasthalam Town portion in the state of Andhra Pradesh on EPC Mode under NHO.,,(-) (-),NHAI,2024-07-01,2027-03-01,,257.98,257.98,Newly Added,July_2026,55.83,,74.75,192.85,,,,,,24.0,2026-07-01,0.09303046747809907,618524_July_2026
618525,Construction of flyover at Gammon Junction at Km.903.265 on NH16 including vent at Diwancheruvu junction at Km.902.308 Blackspot ID No.AP03299 in Andhra Pradesh on EPC mode under NHO,,(-) (-),NHAI,2025-03-01,2027-10-01,,326.61,326.61,Newly Added,July_2026,43.82,,68.37,223.29,,,,,,24.0,2026-07-01,0.016349774960962616,618525_July_2026
618526,6L of Gundugolanu Design km 1023.280 to Kalaparru Design km 1050.680 of NH-5 New NH-16,,(-) (-),NHAI,2018-10-01,2021-07-01,,665.59,665.59,Newly Added,July_2026,643.95,,100.0,665.59,,,,,,18.0,2026-07-01,0.03756066046665364,618526_July_2026
618527,Six Laning of Vijayawada Bypass from Gollapudi to Chinnakakani in Vijayawada - Gundugolanu Section from km. 30.00 to km. 47.881 Pkg-IV,,Andhra Pradesh,NHAI,2021-07-01,2024-01-01,,1194.57,1757.82,Completed,June_2026,100.0,,49.09,862.83,,,,,,30.0,2026-06-01,0.7222933775333384,618527_June_2026
618529,Varanasi Ring Road Pkg-II connecting Sandaha Village km 11.70 / NH-29 with Revasa Village km 818.80 / NH-2,,(-) (-),NHAI,2017-12-01,2022-02-01,,1991.71,1991.71,Newly Added,July_2026,1751.26,,92.01,1832.66,,,,,,36.0,2026-07-01,0.4966034211807944,618529_July_2026
618530,Six Laning of Varanasi to Aurangabad from km. 786.00 to km. 978.40 of Old NH-2,,(-) (-),NHAI,,,,,,Newly Added,July_2026,3241.56,,,3241.56,,,,,,,2026-07-01,,618530_July_2026
618531,6L of Aurangabad to Bihar-Jharkhand border Chordaha section from km. 180.000 to km. 209.827 of NH-2 PKG-01,,(-) (-),NHAI,2021-02-01,2021-02-01,,,1054.46,Newly Added,July_2026,86.04,,74.62,1054.46,,,,,,,2026-07-01,,618531_July_2026
618532,6L of Aurangabad to Bihar-Jharkhand border Chordaha section  from km. 209.827 to Km. 249.525 of NH-19 PKG-02,,"Multi-States (Bihar,",NHAI,2021-06-01,2021-06-01,,,1822.46,Completed,June_2026,100.0,,40.5,738.11,,,,,,,2026-06-01,,618532_June_2026
618533,Barwa Adda Km. 398.240 to Panagarh Km. 521.120,,(-) (-),NHAI,,2010-08-01,,,,Newly Added,July_2026,1560.39,,,1560.39,,,,,,,2026-07-01,,618533_July_2026
618534,Construction of Six lane elevated flyover including reconstruction/rehabilitation of existing pavement from Km 426230 to Km 430500  Length  4.27 Km at Nirsa in the Barwa Adda Panagarh section of NH-19 from Km.398.240 to Km.521.120 including Panagarh Bypass in the State of Jharkhand on EPC Mode.,,(-) (-),NHAI,2025-01-01,2028-08-01,,470.75,470.75,Newly Added,July_2026,0.93,,100.0,470.75,,,,,,30.0,2026-07-01,0.05735528412108338,618534_July_2026
618535,Construction of Six lane elevated flyover including reconstruction/rehabilitation of existing pavement from Km 406100 to Km 411150 Length  5.05 Km at Gobindpur area in the Barwa Adda Panagarh section of NH-19 from Km.398.240 to Km.521.120 including Panagarh Bypass in the State of Jharkhand on EPC Mode.,,(-) (-),NHAI,2025-01-01,2028-03-01,,687.77,687.77,Newly Added,July_2026,67.84,,64.34,442.52,,,,,,30.0,2026-07-01,0.02172237812059264,618535_July_2026
618536,Construction of Ring Road around Kanpur from Ch.68.650 to Ch.93.209 Jarkala to Pakari Package-IV in State of Uttar Pradesh.,,(-) (-),NHAI,2023-02-01,2027-06-01,,1603.53,1603.53,Newly Added,July_2026,266.36,,74.35,1192.16,,,,,,30.0,2026-07-01,0.06559278591607268,618536_July_2026
618537,Construction of Ring Road around Kanpur from Km.000 to Km. 23.325 Chachendi Sachendi I to Maharajpur Package-I,,(-) (-),NHAI,2023-01-01,2026-06-01,,1753.75,1753.75,Newly Added,July_2026,479.56,,74.79,1311.7,,,,,,30.0,2026-07-01,0.18845331432644333,618537_July_2026
618538,Construction of Ring Road around kanpur from Ch.51.200 to Ch. 68.650  Badarka to Harbanch-Uchti Pkg-III,,(-) (-),NHAI,2023-09-01,2027-07-01,,1792.68,1792.68,Newly Added,July_2026,284.83,,62.85,1126.75,,,,,,30.0,2026-07-01,0.13276212151638886,618538_July_2026
618539,Construction of Ring Road Kanpur from Ch. 32.090 to Ch.51.200 Transganaga to Sathara Package-II B,,(-) (-),NHAI,2024-08-01,2027-09-01,,1089.41,1089.41,Newly Added,July_2026,54.19,,101.61,1106.92,,,,,,30.0,2026-07-01,0.21938480461901394,618539_July_2026
618540,Construction of Ring Road  around Kanpur from Ch.23.325 to Ch.32.090 Chaudhariya to Transganga Package-IIA,,(-) (-),NHAI,2024-08-01,2027-10-01,,1089.41,1089.41,Newly Added,July_2026,252.18,,89.72,977.45,,,,,,23.0,2026-07-01,2.7537841583976645e-05,618540_July_2026
618541,4L Ring road/bypass around Srinagar city from km 0.000 to km 42.100 Phase-I,,(-) (-),NHAI,2021-03-01,2021-03-01,,,2919.96,Newly Added,July_2026,1723.4,,89.21,2919.96,,,,,,,2026-07-01,,618541_July_2026
618542,4L of existing Wayul  Ganderbal  Pandach Soura section of old NH-1 as a part of Srinagar Ring Road Phase  IIA,,(-) (-),NHAI,2026-05-01,2024-12-01,,827.98,,Newly Added,July_2026,,,3.14,827.98,,,,,,24.0,2026-07-01,0.03140172467934008,618542_July_2026
618543,4L of twin tube tunnel configuration including approaches from Marog to Digdol from Km.154.210 to Km.158.650 North Bound and from Km.155.940 to Km.160.260 South Bound of  Ramban to Banihal Pkg-I of Old NH-1A New NH-44,,(-) (-),NHAI,2021-07-01,2021-07-01,,,1912.17,Newly Added,July_2026,289.56,,54.09,1912.17,,,,,,,2026-07-01,,618543_July_2026
618544,"4L twin tube tunnel including approaches from Digdol to Khuni Nallah North Bound connecting with existing major bridge on NB and South Bound connecting with Tunnel T4 ,Single tube tunnel of Ramban to Banihal Pkg-II of Old NH-1A New NH-44",,(-) (-),NHAI,2021-07-01,2021-07-01,,,1401.87,Newly Added,July_2026,948.25,,72.83,1401.87,,,,,,,2026-07-01,,618544_July_2026
618545,"4L of Km.165.092 to Km.171.855 North Bound and from Km.166.895 to Km.173.638 South Bound, excl.  certain reaches of North Bound and South Bound of Ramban to Banihal Pkg-III of Old NH-1A New NH-44",,(-) (-),NHAI,2021-07-01,2021-07-01,,,614.48,Newly Added,July_2026,236.96,,72.38,614.48,,,,,,,2026-07-01,,618545_July_2026
618546,Construction of Tunnels/Viaducts at identified sliding/slip zones at Km 130.550 to Km.130.750 Km.  131.170 to Km. 131.763 Km. 132.560 to Km. 133.168 Km. 133.590 to Km. 133.743 and Km. 147.877 to Km. 148.715 of Udhampur-Ramban section of NH-44,,Jammu and Kashmir,National Highways Authority of India [NHAI],2022-04-01,2021-09-01,,,442.14,Completed,March_2026,100.0,,120.57,533.11,,,,,,,2026-03-01,,618546_March_2026
618547,2L NH-1 from km 8.660 to km 33.775 Sumbal to Wayul to 4L dual carriageway NH standard as part of Srinagar Ring Road PhaseII [Design Ch. 41.907 to Ch. 66.609],,(-) (-),NHAI,2022-11-01,2022-11-01,,,961.0,Newly Added,July_2026,366.64,,66.98,961.0,,,,,,,2026-07-01,,618547_July_2026
618548,Stand-alone Ring road/bypass around Jammu City from Raya Morh km. -0.687 to Jagti km. 57.568,,Jammu and Kashmir,National Highways Authority of India [NHAI],2018-01-01,2017-12-01,,,2023.88,Completed,March_2026,100.0,,104.63,2117.63,,,,,,,2026-03-01,,618548_March_2026
618549,Construction of twin tube tunnels on Jammu Kashmir Ring Road NH-244A Between Design Ch. 50600 to 51700 and design Ch. 53535 to 55700 on EPC mode under residual NHDP component of Bharatmala Pariyojna,,(-) (-),NHAI,2022-11-01,2022-11-01,,,242.65,Newly Added,July_2026,637.62,,301.5,242.65,,,,,,,2026-07-01,,618549_July_2026
618550,Corridor Efficiency Improvement including removal of black spots in Lakhanpur - Samba section of NH-44 from Chainage Km. 16.300 to Km. 74.100,,(-) (-),NHAI,2022-06-01,2022-06-01,,,855.74,Newly Added,July_2026,176.54,,25.2,855.74,,,,,,,2026-07-01,,618550_July_2026
618551,Greenfield connectivity from Govindsar village on Delhi Amritsar Katra Expressway to Talwara village on NH-44 Pathankot by-pass,,(-) (-),NHAI,2024-11-01,2027-07-01,,666.81,666.81,Newly Added,July_2026,217.52,,103.55,690.47,,,,,,24.0,2026-07-01,0.052998605299860536,618551_July_2026
618552,Development of 6L Greenfield Jalandhar Bypass starting from Kahlwan NH-03  ending at Kang Sahbu NH-703  via Sarmastpur NH-44 - Madara NH-03 - Khajurla NH-44,,(-) (-),NHAI,2021-03-01,2025-01-01,,1754.84,1754.84,Newly Added,July_2026,1252.02,,123.51,2167.39,,,,,,24.0,2026-07-01,0.4542978277221855,618552_July_2026
618553,6L of Agra Bypass Northern connecting Km. 174.500 of NH-2 new NH-19 to Km. 141.000 of Yamuna Expressways,,Uttar Pradesh,NHAI,2023-02-01,2025-02-01,,957.62,1034.42,Completed,June_2026,100.0,,73.43,759.58,,,,,,24.0,2026-06-01,0.793195630834778,618553_June_2026
618554,Construction of left out portion of Agra Inner Ring Road connecting village Deori to NH-44 village Bad from Km. 0.000 to Km. 7.772,,(-) (-),NHAI,2022-07-01,2024-09-01,,879.26,879.26,Newly Added,July_2026,629.11,,89.57,787.58,,,,,,18.0,2026-07-01,0.6955280576848714,618554_July_2026
618555,"Flyover at Km.544.650 including ROB, Service Roads ,Footpath for RCC drains on urban link to Nagpur -Raipur road Pardi octroi Naka to Itwari",,Maharashtra,National Highways Authority of India [NHAI],2016-03-01,2019-03-01,,1097.81,1097.81,Completed,April2026,100.0,,69.08,758.4,,,,,,36.0,2026-04-01,0.023883914338546742,618555_April2026
618556,"Construction of 26 VUPs, Major Bridge, Service Road etc. on Lalitpur-Sagar- Lakhnadon section of NH-44 NS",,(-) (-),NHAI,2023-02-01,,,,665.91,Newly Added,July_2026,665.91,,100.0,665.91,,,,,,,2026-07-01,,618556_July_2026
618557,4L of Indora Chowk to Pachpaoli and Agrasen Chowk - Ashoka Chowk,,(-) (-),NHAI,2023-03-01,2026-06-01,,1038.84,1038.84,Newly Added,July_2026,696.83,,88.42,918.53,,,,,,35.0,2026-07-01,0.5573043009510609,618557_July_2026
618558,Improvement of Geometrics of Kalkallu to Gundla Pochanpalli from Km 454.00  to Km 471.00 of NH-44,,(-) (-),NHAI,2022-03-01,2025-01-01,,955.49,955.49,Newly Added,June_2026,454.5,,94.52,903.17,,,,,,24.0,2026-06-01,0.4469225214287957,618558_June_2026
618559,6L of existing 4L from Gundlapochampally  to Bowenpally from km 471.300 to  km 481.331 of NH-44,,(-) (-),NHAI,2021-12-01,2024-07-01,,521.53,521.53,Newly Added,June_2026,257.31,,101.28,528.21,,,,,,23.0,2026-06-01,0.4913811286023814,618559_June_2026
618560,Improvement of Geometrics of Thondupally to Kothur from Km 22.300 to Km 34.14 of NH-44,,(-) (-),NHAI,2022-03-01,2024-09-01,,541.58,541.58,Newly Added,June_2026,74.01,,97.39,527.43,,,,,,18.0,2026-06-01,0.08333025591786994,618560_June_2026
618561,Improving the Alignment of Thoppur Ghat Section from Km 158.500 to Km 165.100 in Dharmapuri - Salem Section of NH-44,,(-) (-),NHAI,2024-03-01,2028-03-01,,904.99,904.99,Newly Added,July_2026,211.34,,80.78,731.09,,,,,,36.0,2026-07-01,0.2331517475331219,618561_July_2026
618562,Dindigul Bypass - Samyanallore from km. 373.275 to km. 426.00,,Tamil Nadu,NHAI,2006-07-01,,,579.0,295.5,Completed,June_2026,100.0,,47.75,141.09,,,,,,,2026-06-01,0.24367875647668394,618562_June_2026
618563,4L of Madurai Ring Road Phase 1 [Vadipatti-Thamrapatti] from km 0.00 - km 29.960,,(-) (-),NHAI,2018-12-01,2022-03-01,,900.05,900.05,Newly Added,July_2026,903.57,,100.0,900.05,,,,,,24.0,2026-07-01,0.6739736681295484,618563_July_2026
618564,6L with PS of Samakhiyali to Santalpur section from km. 339.700 to Km. 430.100 of NH-27,,(-) (-),NHAI,2023-01-01,2025-12-01,,1553.76,1553.76,Newly Added,July_2026,28.66,,2.21,34.34,,,,,,24.0,2026-07-01,0.03539800226547214,618564_July_2026
618565,Strengthening of existing 4L Ayodhya Bypass Section from design Km. 121 600 to Km. 144020 of NH 28 New NH 27Pkg-3,,Uttar Pradesh,NHAI,2023-09-01,2025-03-01,,526.45,281.13,Completed,June_2026,100.0,,96.31,270.75,,,,,,18.0,2026-06-01,0.5142938550669579,618565_June_2026
618566,4L Green Field Northern  East side Gorakhpur Bypass 26.616 Kms starting from NH- 29E Chainage 83.308 and end at NH-28 Chainage 285.100,,(-) (-),NHAI,2023-02-01,2026-01-01,,1973.98,1973.98,Newly Added,July_2026,1035.52,,63.04,1244.44,,,,,,24.0,2026-07-01,0.43679267267145566,618566_July_2026
618567,4/6L of Northern Ayodhya Bypass starting Km. 112.540 and ending Km. 139.928 north of existing NH-27 part-1 and part-2 south of NH-27 from km 0.000 to km 5.000.,,(-) (-),NHAI,2024-08-01,2028-01-01,,2289.34,2289.34,Newly Added,July_2026,285.67,,80.12,1834.25,,,,,,30.0,2026-07-01,0.055007119955969845,618567_July_2026
618568,4/6L Southern Ayodhya Bypass from Km 5.000 to Km 37.172 starting near Km. 112.540 and ending at Km. 153.281 of NH-27,,(-) (-),NHAI,2024-08-01,2027-09-01,,2541.13,2541.13,Newly Added,July_2026,318.53,,78.04,1983.05,,,,,,30.0,2026-07-01,0.09208501729545517,618568_July_2026
618569,Balance work - WB-10 Gandak Bridge Km 402.00 to Km 440.00 Devanpur - Kotwa,,(-) (-),NHAI,2021-11-01,2024-01-01,,210.05,210.05,Newly Added,June_2026,181.96,,170.58,358.3,,,,,,18.0,2026-06-01,0.4964532254225184,618569_June_2026
618570,4L Elevated Highway and at grade improvements at Gopalganj Town from Km. 384.000 to Km. 386.750 on NH-27,,Bihar,NHAI,2022-03-01,2024-08-01,,325.57,248.92,Completed,June_2026,100.0,,97.18,241.89,,,,,,29.0,2026-06-01,0.7429738612280001,618570_June_2026
618572,Binnaguri Bypass-Descoped portion of Ghoshpukur-Dhupguri Section of NH-31Dpkg-1,,(-) (-),NHAI,2025-03-01,2027-11-01,,309.99,309.99,Newly Added,July_2026,4.77,,98.72,306.02,,,,,,24.0,2026-07-01,0.0002258137359269654,618572_July_2026
618574,Balance Works of 4L of NH-31D from Km. 113.200 to Km. 154.854 Package-II A Ghoshpukur-Salsalabari Section,,(-) (-),NHAI,2023-11-01,2027-06-01,,1818.46,1818.46,Newly Added,July_2026,461.0,,52.92,962.31,,,,,,30.0,2026-07-01,0.1457277036613398,618574_July_2026
618575,"6L Standalone Flyovers at Bongaigaon, Chapaguri, Pathsala, Simlaguri chowk and Baihata Bypass Junctions on stretches of NH-31 and NH-27",,Assam,National Highways Authority of India [NHAI],2023-01-01,2024-07-01,,457.72,457.72,Completed,March_2026,100.0,,90.04,412.15,,,,,,18.0,2026-03-01,0.8119155815782574,618575_March_2026
618576,"6L Standalone Flyovers at Raha, Demow, Borghat, Kathiatali junctions and ROB at Jagiroad on stretches of NH 36 and NH 27",,Assam,NHAI,2022-12-01,2024-06-01,,280.75,255.53,Completed,June_2026,100.0,,83.07,212.27,,,,,,18.0,2026-06-01,0.7560819234194123,618576_June_2026
618577,Dwarka Expressway Pkg-III Delhi/HR Border to Start of RoB Gurugram,,"Multi-States (Delhi,",NHAI,2018-01-01,2018-01-01,,2228.26,2298.37,Completed,July_2026,100.0,,7.31,2228.26,,,,,,24.0,2026-07-01,0.0753951513737176,618577_July_2026
618578,6L Access Controlled Highway from DND Maharani Bagh - Jn. with Jaitpur - Pushta Road of NH-148NA from km. 0.00 to km. 9.00 in NCR,,Delhi,NHAI,2022-01-01,2024-07-01,,1467.44,2510.34,Completed,June_2026,100.0,,65.82,1652.29,,,,,,30.0,2026-06-01,1.1259676715913427,618578_June_2026
618579,6L of Anandapuram Pendurthi Anakapalli Section from km. 681.000 to km. 731.780 of NH-16,,(-) (-),NHAI,2018-01-01,2021-07-01,,2527.0,2527.0,Newly Added,July_2026,2376.11,,117.03,2957.25,,,,,,30.0,2026-07-01,0.0488405223585279,618579_July_2026
618580,Gohana - Sonipat PKG-2,,(-) (-),NHAI,2019-01-01,2022-07-01,,1275.31,1275.31,Newly Added,July_2026,1225.85,,153.49,1957.44,,,,,,24.0,2026-07-01,0.3590891626349672,618580_July_2026
618581,Hosur to Dhamrapuri Pkg-1 [Neraluru - Thorapalli Agraharam],,(-) (-),NHAI,,2021-10-01,,,,Newly Added,July_2026,1828.66,,,1757.27,,,,,,,2026-07-01,,618581_July_2026
618582,4L of Galgalia - Bahadurganj section from Km 0.000 to Km 49.000 Package-I of NH327E,,Bihar,NHAI,2022-01-01,2024-01-01,,1282.97,1282.97,Completed,June_2026,100.0,,63.61,816.12,,,,,,24.0,2026-06-01,0.6361177580146067,618582_June_2026
618583,4L of Bahadurganj Araria section from Km 49.000 to Km 94.000 Package-II of NH-327E,,Bihar,NHAI,2022-01-01,2024-01-01,,1358.77,1358.77,Completed,June_2026,100.0,,59.78,812.28,,,,,,24.0,2026-06-01,0.5978053680902581,618583_June_2026
618584,4L of Kishanganj - Bahadurganj section from Km. 0.000 to Km. 23.649 & interchange at Start Point Length - 1.200 Km of NH-27,,(-) (-),NHAI,2025-01-01,,,,962.84,Newly Added,July_2026,962.84,,88.86,855.56,,,,,,,2026-07-01,,618584_July_2026
618585,6L of Gonde Km. 439.038 to Pimpri Sado Km. 459.905 section of NH-848 Old NH-3,,(-) (-),NHAI,2024-02-01,,,,856.93,Newly Added,July_2026,160.05,,83.89,718.84,,,,,,,2026-07-01,,618585_July_2026
618586,Improvement and strengthening of existing 2 lane stretch to 2-Lane with PS 1.5m on both sides on Ghoti-Sinnar section of NH-160A using Thin White Topping 200mm thick in the State Of Maharashtra on EPC Mode,,(-) (-),NHAI,2025-03-01,2026-06-01,,254.78,254.78,Newly Added,July_2026,115.05,,57.95,147.64,,,,,,12.0,2026-07-01,0.5848182745898423,618586_July_2026
618588,4L Mitigation Measure structures on CH/MH Border to Wainganga Bridge Section of NH-6 New NH-53,,(-) (-),NHAI,2021-02-01,2023-11-01,,540.24,540.24,Newly Added,July_2026,464.29,,86.8,468.92,,,,,,24.0,2026-07-01,0.8593217829112987,618588_July_2026
618589,Durg-Raipur Bypass Section Package - 1 from km. 0.00 to km. 44.50 near Tendesara to near Khatti Village,,(-) (-),NHAI,2022-06-01,2025-07-01,,1828.0,1828.0,Newly Added,July_2026,1063.62,,90.63,1656.73,,,,,,24.0,2026-07-01,0.2937636761487965,618589_July_2026
618590,Durg-Raipur-Arang Package - 2 from km. 44.50 to km. 92.23 near Khatti Village to near Aurang,,(-) (-),NHAI,2022-06-01,2025-05-01,,1958.9,1958.9,Newly Added,July_2026,1001.18,,79.74,1561.97,,,,,,23.0,2026-07-01,0.20759609985195773,618590_July_2026
618591,"Construction of 6-lane flyover at Ainthapali junction and a 2-lane ROB LHS on NH-53 Earlier NH-6 in Sambalpur, on EPC mode in Odisha under NHO",,(-) (-),NHAI,2024-03-01,2026-12-01,,374.17,374.17,Newly Added,July_2026,106.91,,56.59,211.74,,,,,,30.0,2026-07-01,0.5024454125130288,618591_July_2026
618592,"Balance work of 8 nos. of Elephant Underpasses EUPs, 1 no. of Vehicular Underpass VUP, 1 nos. of Light Vehicular Underpass LVUP, 1 nos. of Pedestrian Underpass PUP, 1 nos. of Foot Over Bridge FOB and A2 side approach of Jharpokharia Flyover at Km.215.270 in Baharagora-Singhara section of NH-49",,(-) (-),NHAI,2023-09-01,2026-05-01,,320.64,320.64,Newly Added,July_2026,55.3,,76.36,244.85,,,,,,18.0,2026-07-01,0.03343313373253493,618592_July_2026
618593,Balance work of Rehabilitation and Upgradation to four laning of Baharagora Singhara section of NH-49 from Km.229.727 to Km.238.990 Length  9.263 Km. including construction of five nos. of Elephant Underpasses EUP and fourteen nos. of Animal Underpasses AUP inside the buffer zone of Similipal Tiger Reserve Area in Bangriposi Ghat section in the State of Odisha on EPC Mode,,(-) (-),NHAI,2025-03-01,2027-11-01,,263.32,263.32,Newly Added,July_2026,13.82,,61.93,163.07,,,,,,30.0,2026-07-01,0.7177578611575269,618593_July_2026
618594,Balance work of 4L Panvel to Indapur section of NH-66 Old NH- 17 from km 0.000 Panvel to km 42.300 Kasu,,(-) (-),NHAI,2022-12-01,2024-10-01,,329.82,329.82,Newly Added,July_2026,184.17,,59.69,196.87,,,,,,19.0,2026-07-01,0.5570614274452732,618594_July_2026
618595,6L of Chengala - Neeleshwaram from km. 56.200 to km. 93.468,,(-) (-),NHAI,2020-06-01,2024-04-01,,1746.45,1746.45,Newly Added,July_2026,1447.45,,145.33,2538.06,,,,,,30.0,2026-07-01,0.44424403790546535,618595_July_2026
618596,6L of Taliparamba to Muzhappilangad from Km 134.650 to Km 170.6 of NH-66,,(-) (-),NHAI,2020-08-01,2024-05-01,,2714.6,2714.6,Newly Added,July_2026,2020.35,,131.06,3557.65,,,,,,30.0,2026-07-01,0.3709496795107935,618596_July_2026
618597,6L of Azhiyur-Vengalam from km. 189.200 to km. 230.400 of NH-66,,(-) (-),NHAI,2020-10-01,2024-07-01,,3205.77,3205.77,Newly Added,July_2026,2406.73,,121.61,3898.46,,,,,,33.0,2026-07-01,0.24057246776905394,618597_July_2026
618598,6L Minor Bridge Paloli Palam at km. 203.160 & Major Bridge Morad at km. 204.895 and allied works,,(-) (-),NHAI,2020-03-01,2022-06-01,,210.0,210.0,Newly Added,July_2026,190.46,,103.3,216.94,,,,,,18.0,2026-07-01,0.3375714285714286,618598_July_2026
618599,6L of Ramanatukkara Junction to start of Valanchery bypass section of NH-66,,(-) (-),NHAI,2021-01-01,2024-07-01,,4924.11,4919.46,Newly Added,July_2026,3765.27,,100.0,4919.46,,,,,,30.0,2026-07-01,0.33891200643364994,618599_July_2026
618600,6L of Valanchery bypass to Kappirikkad of NH  66 from km. 298500 to km 335850,,(-) (-),NHAI,2021-02-01,2024-07-01,,4023.94,4023.94,Newly Added,July_2026,2592.92,,100.0,4023.94,,,,,,30.0,2026-07-01,0.36431209212861027,618600_July_2026
618601,6L of  Kappirikkad to Thalikulam section from km 335.85 to km 369.015 of NH - 66 old NH-17,,(-) (-),NHAI,2021-06-01,2025-01-01,,4225.59,4225.59,Newly Added,July_2026,3345.3,,100.0,4225.59,,,,,,28.0,2026-07-01,0.1530366173717753,618601_July_2026
618602,6L of Thalikulam to Kodugallur section from km 369.015 to km 397.850 of NH - 66 old NH-17,,(-) (-),NHAI,2021-06-01,2025-02-01,,4302.06,4302.06,Newly Added,July_2026,3312.68,,100.0,4302.06,,,,,,29.0,2026-07-01,0.16162954491569154,618602_July_2026
618603,6L of Kodugallur to Edapppally section from km 397.750 to km 423.780 of NH - 66 old NH-17,,(-) (-),NHAI,2021-11-01,2025-04-01,,3465.82,3465.82,Newly Added,July_2026,2178.55,,104.05,3606.2,,,,,,30.0,2026-07-01,0.22146274186195472,618603_July_2026
618604,Aroor-Thuravoor Thekku,,(-) (-),NHAI,2022-08-01,2026-01-01,,2429.52,2429.52,Newly Added,July_2026,1802.58,,98.08,2382.83,,,,,,35.0,2026-07-01,0.671194309987158,618604_July_2026
618605,Thuravoor Thekku-Paravoor,,(-) (-),NHAI,2021-09-01,2024-09-01,,2878.97,2878.97,Newly Added,July_2026,2514.83,,91.65,2638.67,,,,,,30.0,2026-07-01,0.6786767489761965,618605_July_2026
618606,Paravoor-Kottankulangara,,(-) (-),NHAI,2021-12-01,2025-02-01,,3273.61,3273.61,Newly Added,July_2026,2858.55,,97.76,3200.24,,,,,,30.0,2026-07-01,0.353475215434948,618606_July_2026
618607,Kottankulangara- Start of Kollam Bypass,,(-) (-),NHAI,2021-06-01,2024-10-01,,2842.14,2842.14,Newly Added,July_2026,2373.2,,129.5,3680.49,,,,,,30.0,2026-07-01,0.2722490799186528,618607_July_2026
618608,4L of left-over works including additional structures from Kerala/Tamil Nadu border to Kanyakumari Section from Km 43.0 to Km 96.174 of NH66,,(-) (-),NHAI,2022-11-01,2025-08-01,,1564.23,1564.23,Newly Added,July_2026,980.14,,80.77,1263.42,,,,,,24.0,2026-07-01,0.5361104185445874,618608_July_2026
618609,Construction of 4L Flyover from MES College Junction to Bogmalo Junction on NH- 566 from Km. 7.106 to Km. 10.460 and 4L VUP at Queeny Nagar Junction from Km. 3.330 to Km. 4.550,,(-) (-),NHAI,2024-01-01,2026-07-01,,463.08,463.08,Newly Added,July_2026,168.21,,68.3,316.28,,,,,,23.0,2026-07-01,0.11229161268031441,618609_July_2026
618610,6L of Jodhpur Romana Bathinda - Mandi Dabwali Punjab Haryana Border section of NH-54 from km. 0.000 to km. 27.400 of NH-54,,(-) (-),NHAI,2020-05-01,2025-08-01,,789.26,789.26,Newly Added,July_2026,719.18,,167.11,1318.91,,,,,,24.0,2026-07-01,0.6425132402503612,618610_July_2026
618611,Sangariya near Chautala-Rasisar near Bikaner section of NH-754K Phase-I AJ/SR- Package-7,,(-) (-),NHAI,2019-02-01,2023-06-01,,520.63,520.63,Newly Added,July_2026,450.59,,105.34,548.42,,,,,,24.0,2026-07-01,0.3937537214528552,618611_July_2026
618612,Deogarh near Dhandhaniya-Rajasthan/Gujarat Border Phase-I AJ/DRGB-Package-6,,(-) (-),NHAI,2019-10-01,2023-08-01,,846.59,846.59,Newly Added,July_2026,705.48,,87.48,740.62,,,,,,24.0,2026-07-01,0.7876067517924851,618612_July_2026
618613,Deogarh near Dhandhaniya-Rajasthan/Gujarat Border Phase-I AJ/DRGB-Package-7,,(-) (-),NHAI,2019-10-01,2023-07-01,,662.08,662.08,Newly Added,July_2026,561.75,,90.29,597.77,,,,,,24.0,2026-07-01,0.7598779603673272,618613_July_2026
618614,Sanchore - Santalpur from km 67.000 - km 99.000 of NH-754K AJ-RGBS- Package-3,,Gujarat,NHAI,2021-08-01,2023-08-01,,752.3,765.25,Completed,June_2026,100.0,,78.61,601.6,,,,,,24.0,2026-06-01,0.7996809783331119,618614_June_2026
618615,Sanchore - Santalpur from km 99.000 - km 130.073 of NH-754K AJ-RGBS-Package-4,,(-) (-),NHAI,2020-02-01,2023-03-01,,778.15,778.15,Newly Added,July_2026,767.83,,107.38,835.55,,,,,,24.0,2026-07-01,0.8524834543468484,618615_July_2026
618616,4L of Dhrol bypass section of NH-151A Approx. length 5.7 Km & widening upto 4 laning of missing link of Amran section of NH-151A Approx. length 6.55 Km from existing Ch. 42000 to 48500 of ongoing Dhrol-Bhadra-Pipaliya section of NH-151A,,(-) (-),NHAI,2024-03-01,2027-02-01,,625.58,625.58,Newly Added,July_2026,151.99,,72.82,455.54,,,,,,24.0,2026-07-01,0.0805332651299594,618616_July_2026
618617,6L Amritsar-Bathinda Greenfield section from village Tiba on NE-5A to Jn. with Moga Jalandhar road NH-703 near Dharamkot from km 0.000 to km 39.000 of NH-754A Pkg-1,,(-) (-),NHAI,2021-03-01,2024-11-01,,1229.38,1229.38,Newly Added,July_2026,1014.98,,126.02,1549.32,,,,,,24.0,2026-07-01,0.6275195627064049,618617_July_2026
618618,6L Amritsar-Bathinda Greenfield section from Jn. with Bhagta Bhai Ka-Bhadaur Road near Dyalpura Bhai Ka to Jn. with Mandi Dabwali Bathinda Road on NH-54 near Sangat Kalan from km 93.000 to km 154.866 of NH-754A Pkg-3,,(-) (-),NHAI,2021-03-01,2026-06-01,,2029.17,2029.17,Newly Added,July_2026,1442.16,,131.94,2677.23,,,,,,24.0,2026-07-01,0.24955523687024742,618618_July_2026
618619,Bypass on Western side of Gwalior City,,(-) (-),NHAI,2025-03-01,2028-01-01,,998.95,998.95,Newly Added,July_2026,195.31,,100.0,998.95,,,,,,24.0,2026-07-01,0.011221782872015617,618619_July_2026
618620,"Additional works 2VUPs, MR-10 junction flyover and underpass in Six lane Indore- Dewas section of NH-52 in the state of Madhya Pradesh on EPC Mode",,(-) (-),NHAI,2022-08-01,2024-07-01,,207.77,207.77,Newly Added,July_2026,150.59,,101.68,211.27,,,,,,18.0,2026-07-01,0.5727487125186504,618620_July_2026
618621,Indore - Edlabad Pkg-II [Tejajinagar to Balwara],,(-) (-),NHAI,2022-03-01,2025-01-01,,1162.8,1162.8,Newly Added,July_2026,824.5,,131.65,1530.82,,,,,,24.0,2026-07-01,0.4172256621947024,618621_July_2026
618622,4L of Indore - Boregaon Pkg-III [Balwara to Dhangaon] from km. 42.260 to km. 82.660 of NH347BG & 753L,,(-) (-),NHAI,2021-01-01,2024-04-01,,1001.69,1001.69,Newly Added,July_2026,835.15,,88.73,888.81,,,,,,24.0,2026-07-01,0.6861404226856611,618622_July_2026
618623,4L Boregaon Buzurg to Shahpur Pkg I of Boregaon Buzurg to Muktainagar of NH 753L,,(-) (-),NHAI,2022-11-01,2026-01-01,,1504.37,1504.37,Newly Added,July_2026,556.86,,75.27,1132.34,,,,,,23.0,2026-07-01,0.0797676103618126,618623_July_2026
618624,Mangloor to Telangana Maharashtra Border,,Multi-States,NHAI,2018-03-01,2018-03-01,,,1082.65,Completed,June_2026,100.0,,122.21,1082.65,,,,,,,2026-06-01,,618624_June_2026
618625,Indore - Gujarat / MP Border from km. Km 9.500 to Km 171.000 of NH-59 in MP,,Madhya Pradesh,NHAI,2010-08-01,,,1175.0,217.22,Completed,June_2026,100.0,,88.13,191.43,,,,,,,2026-06-01,0.1629191489361702,618625_June_2026
618626,Four laning from Dive Ghat Km. 220.900 to Hadapsar Km. 234.150 of Mohol  Alandi section Pkg  VI of NH-965,,(-) (-),NHAI,2023-12-01,2026-10-01,,819.52,819.52,Newly Added,July_2026,141.4,,48.81,400.0,,,,,,24.0,2026-07-01,0.17815306520890278,618626_July_2026
618627,Construction of 7 Nos of Standalone safety structures/works at different locations on various NHs,,(-) (-),NHAI,2025-01-01,2027-01-01,,168.52,168.52,Newly Added,July_2026,26.78,,66.48,112.03,,,,,,18.0,2026-07-01,0.0039164490861618795,618627_July_2026
618628,Strengthening of Existing Alignment of Pandharpur Town Part Bypassed Section of NH 965 from KM 36.230 to KM 44.230 from Chh. Shivaji Maharaj Chowk to Wakhari,,(-) (-),NHAI,2022-08-01,2025-10-01,,150.21,150.21,Newly Added,July_2026,76.45,,58.31,87.59,,,,,,23.0,2026-07-01,0.9786299181146395,618628_July_2026
618629,Nandigama Bypass and Kanchikacherla bypass,,(-) (-),NHAI,2017-11-01,2019-06-01,,416.07,416.07,Newly Added,July_2026,387.77,,106.85,444.58,,,,,,15.0,2026-07-01,0.06248948494243757,618629_July_2026
618630,6L of MH/KN Border Nimbal Village to KN/TS Border Singnodi Village from Km. 26.000 to Km. 97.000 in Gulbarga of NH-150C Pkg-II,,(-) (-),NHAI,2022-02-01,2025-06-01,,2355.56,2355.56,Newly Added,July_2026,1012.1,,81.65,1923.3,,,,,,30.0,2026-07-01,0.3142479919849208,618630_July_2026
618631,6L of MH/KN Border Nimbal Village to KN/TS Border Singnodi Village from Km. 162.5 to Km. 203.100 in Raichur of NH-150C Pkg-IV,,(-) (-),NHAI,2022-03-01,,,,1499.73,Newly Added,July_2026,1499.73,,97.18,1457.48,,,,,,,2026-07-01,,618631_July_2026
618632,6L Access Controlled Greenfield Highway of Nandinne village to Julekal village from Km 202.900 to Km 242.200 Pkg-1,,(-) (-),NHAI,,2022-02-01,,,,Newly Added,July_2026,972.06,,,972.06,,,,,,,2026-07-01,,618632_July_2026
618633,4L of Kadapa  China Orampadu section of NH-716 Package I of Kadapa-Renigunta section,,(-) (-),NHAI,2022-12-01,2028-03-01,,1732.66,1732.66,Newly Added,July_2026,106.39,,100.0,1732.66,,,,,,24.0,2026-07-01,0.023085891057680098,618633_July_2026
618634,6L of Veera Kaveri Raja Puram to Pondavakkam from km 61.380 to km 96.040 of NH 716B Pkg-III,,(-) (-),NHAI,,2021-03-01,,,,Newly Added,July_2026,1439.77,,,1439.77,,,,,,,2026-07-01,,618634_July_2026
618635,6L of Pondavakkam to Kannigaipair from km 96.040 to km 116.100 of NH 716B Pkg- IV,,(-) (-),NHAI,2021-02-01,2025-01-01,,1359.81,1359.81,Newly Added,July_2026,409.35,,100.0,1359.81,,,,,,24.0,2026-07-01,0.22213397459939258,618635_July_2026
618636,Akkalkot  MH/KN border New Greenfield corridor from Km 512.000 to Km 548.400 of NH-150C part of Akkalkot  KN/TS Border section Package  XIV,,(-) (-),NHAI,2023-03-01,,,,1370.75,Newly Added,July_2026,1370.75,,102.39,1403.49,,,,,,,2026-07-01,,618636_July_2026
618637,Bal. Works of Fagne Km. 510.000 to Maharashtra/Gujarat Border Km. 650.794,,(-) (-),NHAI,,2019-12-01,,,,Newly Added,July_2026,1654.07,,,1654.07,,,,,,,2026-07-01,,618637_July_2026
618638,Tarsod - Fagne section of NH-6,,Maharashtra,NHAI,2019-01-01,2021-07-01,,2267.99,2560.5,Completed,June_2026,100.0,,86.46,2213.75,,,,,,30.0,2026-06-01,0.9760845506373486,618638_June_2026
618639,4L of Bilaspur to Urga km 0.00 to 70.2 of NH-130A,,(-) (-),NHAI,2020-04-01,2024-03-01,,1855.59,1855.59,Newly Added,July_2026,1470.78,,136.01,2523.86,,,,,,24.0,2026-07-01,0.3878874104732188,618639_July_2026
618640,4L of Urga - Pathalgaon from Km. 70.200 to km. 157.745 of NH-130A,,(-) (-),NHAI,2022-03-01,2026-08-01,,2261.3,2261.3,Newly Added,July_2026,1120.45,,126.49,2860.36,,,,,,30.0,2026-07-01,0.021226727988325297,618640_July_2026
618641,4 Lane of CG/JH Border-Gumla from km 0.000 to km 32.370 of  NH-43 in the State of Jhrkhand,,(-) (-),NHAI,2024-08-01,2028-02-01,,1325.8,1325.8,Newly Added,July_2026,293.4,,100.0,1325.8,,,,,,24.0,2026-07-01,0.05883240307738724,618641_July_2026
618642,4L of Palma to Gumla from km. 26.00 to km. 89.170 of NH-23,,(-) (-),NHAI,2020-03-01,2024-03-01,,1882.93,1882.93,Newly Added,July_2026,1371.55,,100.68,1895.75,,,,,,23.0,2026-07-01,0.4407014599586814,618642_July_2026
618644,4L of Ormanjhi-Gola section from Km 81.450 to Km 53.600 of NH- 320BPKG-II,,(-) (-),NHAI,2022-02-01,2025-06-01,,1214.93,1214.93,Newly Added,July_2026,993.6,,120.35,1462.19,,,,,,24.0,2026-07-01,0.6302914571209863,618644_July_2026
618645,4L of Gola-BokaroJaina More section from Km 53.600 to Km 21.110 of NH-320PKG-1,,(-) (-),NHAI,2022-02-01,2025-06-01,,1007.97,1007.97,Newly Added,July_2026,617.85,,102.25,1030.64,,,,,,24.0,2026-07-01,0.3638798773773029,618645_July_2026
618646,4L of Pathalgaon-Kunkuri-CG/JH Border section of NH-43 from Km. 00.000 to Km.104.250,,(-) (-),NHAI,2024-08-01,2029-04-01,,3147.07,3147.07,Newly Added,July_2026,0.03,,100.0,3147.07,,,,,,36.0,2026-07-01,0.0073083852599401975,618646_July_2026
618647,6L Access Controlled Ludhiana-Bathinda Greenfield highway from Jn. with Amritsar- Bathanda Greenfield Road NH-754A near Rampura Phul to Jn. with Moga-Barnala Road NH-703 near village Tallewal from Km 0.0 to Km 30.3 of NH-754AD Pkg-1,,(-) (-),NHAI,2021-06-01,2025-09-01,,906.51,906.51,Newly Added,July_2026,687.82,,112.58,1020.52,,,,,,24.0,2026-07-01,0.49101499156104184,618647_July_2026
618648,"Development of 6-lane Greenfield Southern Ludhiana Bypass from intersection with NH-44 near Village Rajgarh to intersection with Delhi Katra Expressway NE-5 near Village Ballowal, km 0000 to km 25240",,(-) (-),NHAI,2024-11-01,2028-03-01,,1424.55,1424.55,Newly Added,July_2026,162.39,,100.0,1424.55,,,,,,24.0,2026-07-01,0.010529640939243972,618648_July_2026
618649,4 Lane with PS  from Des. Ch 228.500 to Des. Ch. 273.400 of Belgaum-Hungund- Raichur Section of NH 748 A  Package-6,,(-) (-),NHAI,2023-03-01,2026-11-01,,1246.15,1246.15,Newly Added,July_2026,399.31,,81.27,1012.78,,,,,,24.0,2026-07-01,0.08265457609437066,618649_July_2026
618650,4 Lane with PS from Des. Ch 89.900 to Des. Ch. 136.100 of Belgaum-Hungund- Raichur Section of NH-748A Package-3,,(-) (-),NHAI,2024-01-01,2027-04-01,,1363.9,1363.9,Newly Added,July_2026,306.09,,89.42,1219.62,,,,,,24.0,2026-07-01,0.07625192462790527,618650_July_2026
618651,4 Lane with PS from Des. Ch 43.800 to Des. Ch. 89.900 of Belgaum-Hungund- Raichur Section of NH-748A Package-2,,(-) (-),NHAI,2024-02-01,2027-02-01,,1427.88,1427.88,Newly Added,July_2026,594.55,,90.62,1293.94,,,,,,23.0,2026-07-01,0.27866487379891863,618651_July_2026
618652,Chakur Loha Section of NH-361 from km 114.600 to km 187.80,,Maharashtra,NHAI,2019-03-01,2021-03-01,,1241.38,3342.11,Completed,June_2026,100.0,,51.38,1717.21,,,,,,24.0,2026-06-01,1.383307287051507,618652_June_2026
618653,Loha-Waranga Section of NH-361 from km 187.800 to km 244.369,,(-) (-),NHAI,2018-03-01,2021-03-01,,1236.08,1236.08,Newly Added,July_2026,1503.59,,280.45,3466.58,,,,,,24.0,2026-07-01,0.1221603779690635,618653_July_2026
618654,4L Greenfield Rudhi to Deshgaon Pkg V of Betul-Khandwa/Deshgaon,,(-) (-),NHAI,2022-11-01,2025-10-01,,521.21,521.21,Newly Added,July_2026,199.48,,90.11,469.68,,,,,,24.0,2026-07-01,0.32340131616814716,618654_July_2026
618655,2L PS of Roshni to Ashapur Section of NH-347B from Design KM Ch. 89.900 to 114.000 KM Package  III of Betul  Khandwa,,(-) (-),NHAI,2024-03-01,2026-08-01,,200.99,200.99,Newly Added,July_2026,126.72,,60.08,120.75,,,,,,24.0,2026-07-01,0.5671923976317229,618655_July_2026
618661,4L from km 0.000 to 42.040 Bhopal Ratnaigiri Tiraha to Vidisha Morikodi,,(-) (-),NHAI,2024-10-01,2027-11-01,,1032.3,1032.3,Newly Added,July_2026,179.87,,100.57,1038.18,,,,,,24.0,2026-07-01,0.003787658626368304,618661_July_2026
618662,4L Vidisha Gyaraspur section of NH-146 from Design Chainage km 59475 existing chainage km 81240  to Design Chainage km 88361 existing chainage km 110.315,,(-) (-),NHAI,2024-10-01,2028-03-01,,980.2,980.2,Newly Added,July_2026,113.09,,100.0,980.2,,,,,,24.0,2026-07-01,0.04998979800040808,618662_July_2026
618663,i 4L  Vidisha to Hinotiya from km 0.000 to Km 27.000 Vidisha  Mehulwa-Talbehat Pkg- I Section of NH- 346 and ii 4L Vidisha to Morikori from Km 39.000 to 59.476  section of NH-146,,(-) (-),NHAI,2022-09-01,2025-12-01,,1003.87,1003.87,Newly Added,July_2026,434.04,,93.75,941.12,,,,,,24.0,2026-07-01,0.340821022642374,618663_July_2026
618664,Berkhedi to Godpehra on NH-44 Sagar link road,,(-) (-),NHAI,2022-02-01,2024-11-01,,524.84,524.84,Newly Added,July_2026,385.98,,89.8,471.31,,,,,,24.0,2026-07-01,0.5991921347458273,618664_July_2026
618665,4L of Sagar - Mohari from Km.8 to Km.50 Pkg-I,,Madhya Pradesh,NHAI,2022-04-01,2024-04-01,,790.78,660.38,Completed,June_2026,100.0,,84.08,555.28,,,,,,24.0,2026-06-01,0.7021927716937707,618665_June_2026
618666,length 39.575 km Package-2 in the State of Madhya Pradesh on EPC Mode,,(-) (-),NHAI,2022-08-01,2026-08-01,,710.92,710.92,Newly Added,July_2026,518.99,,75.83,539.08,,,,,,24.0,2026-07-01,0.16176222359759188,618666_July_2026
618667,4L of near Satai Ghat to Chowka section of NH-34 from D. Ch. 89.875 to D. Ch. 145.000 Package-3,,(-) (-),NHAI,2024-10-01,2027-10-01,,1005.59,1005.59,Newly Added,July_2026,193.4,,87.73,882.21,,,,,,24.0,2026-07-01,0.014300062649787688,618667_July_2026
618668,4L of Chowka to Kaimaha near MP/UP Border section NH-34 from D. Ch. 145.000 to D. Ch. 197.266 excluding existing Chhatarpur bypass from D. Ch. 160.307 to D. Ch. 168.630 Package-4,,(-) (-),NHAI,2024-10-01,,,,996.5,Newly Added,July_2026,996.5,,84.97,846.68,,,,,,,2026-07-01,,618668_July_2026
618669,4 -Laning of MP/UP Border to Kabarai section of NH-34&35 from km 197.000 to km 242.991 Length 45.991 Km Sagar-Kabrai Package-5 under Bharat Mala Pariyojana EC in MP & UP on HAM,,(-) (-),NHAI,2022-10-01,2027-02-01,,1632.93,1632.93,Newly Added,July_2026,574.07,,87.29,1425.43,,,,,,24.0,2026-07-01,0.1439130887423221,618669_July_2026
618671,4-lanning of Rahatgarh to Berkhedi section of NH-146 from Design Ch 124470 to Ch. 134.549,,(-) (-),NHAI,2025-03-01,2027-12-01,,618.33,618.33,Newly Added,July_2026,53.19,,55.42,342.69,,,,,,24.0,2026-07-01,0.005935341969498487,618671_July_2026
618672,4-lanning of Gyaraspur to Rahatgarh section of NH-146 from Design Ch. 88361 to Ch 124470 in the state of MP on HAM mode,,(-) (-),NHAI,2024-10-01,2027-11-01,,903.44,903.44,Newly Added,July_2026,169.82,,65.58,592.44,,,,,,24.0,2026-07-01,0.05433675728327282,618672_July_2026
618673,Development of 6L of Jhanki  Sargi Section  Road from km 0.000 to km 42.800 of NH- 130CD Pkg-CG-1,,(-) (-),NHAI,2021-11-01,2024-09-01,,1368.19,1368.19,Newly Added,July_2026,715.32,,82.53,1129.14,,,,,,24.0,2026-07-01,0.451494310000804,618673_July_2026
618674,Development of 6L Sargi  Basanwahi Section from km 42.800 to km 99.500 of NH- 130CD Pkg-CG-2,,(-) (-),NHAI,2021-12-01,2025-01-01,,1470.73,1470.73,Newly Added,July_2026,757.62,,99.39,1461.81,,,,,,24.0,2026-07-01,0.47212608704520886,618674_July_2026
618675,Development of 6L of Basanwahi  Marangpuri Section from km 99.500 to km 124.661 of NH-130-CD,,(-) (-),NHAI,2022-03-01,2025-10-01,,1307.16,1307.16,Newly Added,July_2026,489.55,,99.73,1303.63,,,,,,24.0,2026-07-01,0.2922060038556871,618675_July_2026
618676,6L of  Dhanara - Hatibena Section from Km 124.611 to km 146.50 of NH-130-CD Package  OD-1,,Multi-States,NHAI,2021-02-01,2021-02-01,,,477.76,Completed,June_2026,100.0,,133.61,638.32,,,,,,,2026-06-01,,618676_June_2026
618677,6L Greenfield Kaliagura   Baunsaguar Section of NH-130-CD Road from km 249000 to km 293000 Package  OD-5,,(-) (-),NHAI,2021-09-01,2024-05-01,,1539.75,1539.75,Newly Added,July_2026,1026.67,,124.6,1918.49,,,,,,24.0,2026-07-01,0.6183016723494074,618677_July_2026
618678,6L Greenfield Baunsaguar - Baraja Section of NH-130-CD Road from km 293000 to km 338500 Package  OD-6,,(-) (-),NHAI,2021-08-01,2024-05-01,,1265.59,1265.59,Newly Added,July_2026,1001.24,,129.22,1635.44,,,,,,23.0,2026-07-01,0.6666060888597414,618678_July_2026
618680,6L Greenfield  Kandili - Aluru Section of NH-130-CD Road from km 342500 to km 365033 Package-OD-8,,(-) (-),NHAI,2021-12-01,2024-10-01,,1492.74,1492.74,Newly Added,July_2026,1088.96,,128.14,1912.84,,,,,,24.0,2026-07-01,0.6513324490534186,618680_July_2026
618682,6L Korlam-Kantakapalle Section of NH-130CD Road from Km 421.100 to Km 445.100 Pkg-3,,(-) (-),NHAI,2021-02-01,2024-02-01,,1112.7,1112.7,Newly Added,July_2026,849.98,,101.34,1127.63,,,,,,24.0,2026-07-01,0.02426530062011324,618682_July_2026
618684,Outer Ring Road of Jabalpur Town from Manegaon to NH-45 Pkg-2,,(-) (-),NHAI,2022-11-01,2026-03-01,,917.26,917.26,Newly Added,July_2026,520.38,,85.74,786.47,,,,,,24.0,2026-07-01,0.12646359810740684,618684_July_2026
618685,Outer Ring Road of Jabalpur Town from NH45 to Kushner Pkg-3,,(-) (-),NHAI,2022-09-01,2026-03-01,,911.24,911.24,Newly Added,July_2026,552.62,,84.85,773.23,,,,,,24.0,2026-07-01,0.12839647074316315,618685_July_2026
618686,Outer Ring Road of Jabalpur Town from Kushner to Amjhar Road including Airport Connectivity Pkg-IV,,(-) (-),NHAI,2022-08-01,2026-03-01,,612.94,612.94,Newly Added,July_2026,363.91,,83.18,509.82,,,,,,24.0,2026-07-01,0.19251476490357947,618686_July_2026
618687,Outer Ring Road of Jabalpur Town from Barela to Manegaon Pkg-1,,(-) (-),NHAI,2022-09-01,2025-03-01,,652.33,652.33,Newly Added,July_2026,500.97,,99.93,651.88,,,,,,24.0,2026-07-01,0.6818788036729876,618687_July_2026
618688,Outer Ring Road of Jabalpur Town from  Amjhar Road including Airport Connectivity to barela Pkg-V,,(-) (-),NHAI,2024-10-01,2027-10-01,,794.7,794.7,Newly Added,July_2026,105.34,,67.94,539.9,,,,,,24.0,2026-07-01,0.03159682899207248,618688_July_2026
618689,4L Rampur Bypass from Km. 181.000 to Km. 189.500,,Uttar Pradesh,National Highways Authority of India [NHAI],2022-10-01,2024-04-01,,364.47,364.47,Completed,March_2026,100.0,,84.49,307.95,,,,,,18.0,2026-03-01,0.7454111449502017,618689_March_2026
618690,"4 lanning of Aligarh Palwal section from km 0.00 to km 46.39 package -1 from khereshwar junction-kurana of NH33D  , including khair & jattari bypass in the state of UP on HAM mode",,(-) (-),NHAI,2024-03-01,2027-03-01,,1663.38,1663.38,Newly Added,July_2026,590.53,,101.34,1685.69,,,,,,24.0,2026-07-01,0.14187978693984538,618690_July_2026
618691,4 laning of Aligarh-Palwal Section from Km. 46.390 Design Chainage to Km. 69.110 Terminating at junction EPE Package-II from Kurana- Eastern Peripheral Expressway of NH-334D,,(-) (-),NHAI,2024-03-01,,,,939.17,Newly Added,July_2026,939.17,,96.25,903.94,,,,,,,2026-07-01,,618691_July_2026
618692,Aligarh-Kanpur Pkg I [Aligarh-Bhadwas],,Uttar Pradesh,NHAI,2019-02-01,2024-12-01,,1226.64,1226.64,Completed,July_2026,100.0,,168.72,2069.6,,,,,,70.0,2026-07-01,0.19321072197221678,618692_July_2026
618693,Bodhre - Dhule,,(-) (-),NHAI,2021-02-01,2024-07-01,,1344.78,1344.78,Newly Added,July_2026,837.67,,96.13,1292.7,,,,,,30.0,2026-07-01,0.5708963547940927,618693_July_2026
618694,Indore - Harda Pkg-I [Indore to Raghav Garh from km. 0.25 to km. 26.903],,(-) (-),NHAI,2022-01-01,2024-10-01,,1011.29,1011.29,Newly Added,July_2026,688.03,,80.4,813.03,,,,,,23.0,2026-07-01,0.33701509952634756,618694_July_2026
618695,Indore - Harda Pkg-III [Nanasa to Pidgaon Section from km 95.000 to km 142.445],,Madhya Pradesh,NHAI,2021-10-01,2023-10-01,,1146.22,1240.64,Completed,June_2026,100.0,,61.12,758.23,,,,,,24.0,2026-06-01,0.6615047722077786,618695_June_2026
618696,Bellary to Byrapura Section km 253.600 to km 308.550 of NH-150A,,Multi-States (Andhra,National Highways Authority of India [NHAI],2018-03-01,,,,1281.47,Completed,March_2026,100.0,,131.85,1281.47,,,,,,,2026-03-01,,618696_March_2026
618697,4LPS Access Controlled Highway of Bellary Bypass Balance work from Ch. 254750 to Ch. 266837 and construction of 4LPS from Ch. 277.690 to Ch. 278.690 at D. Hirehal Village Balance work of NH 150A of Bellary  Byrapura Section,,(-) (-),NHAI,2024-02-01,2026-07-01,,626.01,626.01,Newly Added,July_2026,113.26,,45.37,284.05,,,,,,23.0,2026-07-01,0.06789028929250332,618697_July_2026
618698,Challakere to Hariyur section from km 358.500 to km 414.205 of NH-150 A,,Karnataka,NHAI,2021-01-01,2023-01-01,,1167.52,1873.58,Completed,June_2026,100.0,,66.37,1243.48,,,,,,24.0,2026-06-01,1.0650609839660135,618698_June_2026
618699,Pipli Bhavnagar-Package 1 from km 136.025 to km 169.328,,Gujarat,NHAI,2019-02-01,2021-09-01,,819.14,1297.38,Completed,June_2026,100.0,,75.22,975.85,,,,,,31.0,2026-06-01,1.191310398710843,618699_June_2026
618700,Renigunta - Poyya - Naidupeta km 124.60 to km 183.4 of NH 71,,(-) (-),NHAI,2020-03-01,2024-01-01,,1863.09,1863.09,Newly Added,July_2026,1677.19,,134.73,2510.14,,,,,,24.0,2026-07-01,0.7173566494372253,618700_July_2026
618701,Balance work of 4L of Nauradehi Sanctuary de-scoped stretch of Hiran River to Sindoor River from Km. 66.00 to 130.00  NH-12 New NH-45,,Madhya Pradesh,NHAI,2021-07-01,2023-07-01,,178.18,153.15,Completed,June_2026,100.0,,93.61,143.37,,,,,,24.0,2026-06-01,0.804635761589404,618701_June_2026
618702,4L of Addahole Near Gundya to Bantwal Cross section Pkg-02 from Design Km 270.270 to Design km 318.55 including flyover at Kalladka Town including approaches from Km. 311.57 to Km. 313.67 of NH-75 Old NH-48,,(-) (-),NHAI,2020-12-01,2023-11-01,,1660.19,1660.19,Newly Added,July_2026,1452.0,,79.4,1318.24,,,,,,24.0,2026-07-01,0.7476072015853608,618702_July_2026
618704,6L Flyover including RE Wall approaches with Flexible Pavement in the Elephant Corridor of Angul  Sambalpur Section of NH-42 New NH-55 Km.202.533,,(-) (-),NHAI,2023-09-01,2027-01-01,,150.86,150.86,Newly Added,July_2026,106.14,,70.48,106.32,,,,,,31.0,2026-07-01,1.2329311944849528,618704_July_2026
618705,"4L Godibandha to Ballhar Chhak, Ballhar Chhak to Banarpal & Banarpal to Start of Angul bypass at Km.314.130 to Km.321.035 of NH53, at Km.75.200 to Km.84.000 of NH149 & at Km.84.000 to Km.86.100 of NH55",,(-) (-),NHAI,2024-12-01,2028-02-01,,973.12,973.12,Newly Added,July_2026,241.06,,100.0,973.12,,,,,,24.0,2026-07-01,0.05240874712265702,618705_July_2026
618706,Bangalore-Nidagatta Pkg. I,,(-) (-),NHAI,2018-02-01,2021-11-01,,3496.01,3496.01,Newly Added,July_2026,4315.21,,116.92,4087.42,,,,,,30.0,2026-07-01,0.024313431597735705,618706_July_2026
618707,Additional works under BM1 to ensure road safety under 6L of Bengaluru  Mysuru Access control with close toll from Km.17.300 to  Km.136.300 of NH-275,,(-) (-),NHAI,2024-11-01,2028-01-01,,738.37,738.37,Newly Added,July_2026,32.83,,100.0,738.37,,,,,,24.0,2026-07-01,0.0,618707_July_2026
618708,Widening/Development of Existing NH-85 from Km 0.000 to Km 124.636 section to 2L/LPS section in the state of Kerala on EPC Mode under Bharatmala Pariyojana,,(-) (-),NHAI,2022-09-01,2025-06-01,,1187.47,1187.47,Newly Added,July_2026,782.54,,106.57,1265.47,,,,,,24.0,2026-07-01,0.48518278356505845,618708_July_2026
618709,4L of Left-Over Works of Hospet-Bellary -Karnataka/AP border from Km.280.080 Dec.Ch. to Km.375450Des.Ch. of NH-63 New-67,,(-) (-),NHAI,2023-03-01,2025-05-01,,1340.15,1340.15,Newly Added,July_2026,929.02,,74.07,992.6,,,,,,24.0,2026-07-01,0.6292579188896764,618709_July_2026
618710,DL/UP Border - EPE Crossing Pkg-02,,(-) (-),NHAI,2020-09-01,2023-11-01,,2002.79,2002.79,Newly Added,July_2026,1739.72,,94.36,1889.78,,,,,,30.0,2026-07-01,0.8649034596737551,618710_July_2026
618711,6L with access control provision Saharanpur bypass to Ganeshpur section from 13.89 Km to 41.820 Km of Delhi- Dehradun Economic Corridor package-2,,(-) (-),NHAI,,2022-04-01,,,,Newly Added,July_2026,796.65,,,796.65,,,,,,,2026-07-01,,618711_July_2026
618712,6L Access Controlled Greenfield Highway from Kodur Ch. 0000 to Vanavolu Ch. 24300 of [NH-544G]  Package-1,,(-) (-),NHAI,2023-01-01,2026-02-01,,912.94,912.94,Newly Added,July_2026,357.89,,87.44,798.25,,,,,,24.0,2026-07-01,0.3293863780752294,618712_July_2026
618713,6L Access Controlled Greenfield Highway from Yerragudipadu Ch. 129000 to Audireddipalle Ch. 160000 of [NH  544G]  Package-6,,(-) (-),NHAI,2023-02-01,2026-02-01,,1200.42,1200.42,Newly Added,July_2026,282.16,,84.94,1019.69,,,,,,24.0,2026-07-01,0.14851468652638242,618713_July_2026
618714,6L Access Controlled Greenfield Highway from Nallacheruvu palli Ch. 96300 to Yerragudipadu Ch. 129000 of [NH-544G]  Package-5,,(-) (-),NHAI,2022-02-01,2026-02-01,,1253.26,1253.26,Newly Added,July_2026,389.19,,87.43,1095.78,,,,,,24.0,2026-07-01,0.20406779120054896,618714_July_2026
618715,6L Access Controlled Greenfield Highway from Odulapalle Ch. 72000 to Nallacheruvu- palli Ch. 96300 of [NH-544G]Package-4,,(-) (-),NHAI,2023-01-01,2026-02-01,,1058.9,1058.9,Newly Added,July_2026,403.17,,89.35,946.1,,,,,,24.0,2026-07-01,0.3104636887335914,618715_July_2026
618716,6L Access Controlled Greenfield Highway from Vankarakunta Ch. 45700 to Odulapalle Ch. 72000 of [NH-544G]Package-3,,(-) (-),NHAI,2022-12-01,2026-03-01,,992.91,992.91,Newly Added,July_2026,351.23,,89.44,888.07,,,,,,24.0,2026-07-01,0.28154616229064067,618716_July_2026
618717,6L Access Controlled Greenfield Highway from Vanavolu Ch. 24300 to Vankarakunta Ch. 45700 of [NH-544G]  Package-2,,(-) (-),NHAI,2023-01-01,2026-03-01,,750.81,750.81,Newly Added,July_2026,261.4,,83.5,626.91,,,,,,24.0,2026-07-01,0.27056112731583226,618717_July_2026
618718,6L  Access Controlled Greenfield Highway from Kavulakuntla Ch. 196000 to Narayanmpet Ch. 203500Package-09,,(-) (-),NHAI,2023-02-01,2027-02-01,,1092.18,1092.18,Newly Added,July_2026,242.13,,87.57,956.4,,,,,,24.0,2026-07-01,0.10855353513157172,618718_July_2026
618719,6L  Access Controlled Greenfield Highway from Mallapalle Ch. 176000 to Kavulakuntla Ch. 196000 Package-08,,(-) (-),NHAI,2023-02-01,2026-02-01,,909.02,909.02,Newly Added,July_2026,290.04,,82.71,751.81,,,,,,24.0,2026-07-01,0.2485863897383996,618719_July_2026
618720,6L  Access Controlled Greenfield Highway from Audireddipalle Ch. 160000 to Mallapalle Ch. 176000Package-07,,(-) (-),NHAI,2023-02-01,2026-03-01,,987.1,987.1,Newly Added,July_2026,338.45,,85.91,848.06,,,,,,24.0,2026-07-01,0.2576334717860399,618720_July_2026
618721,6L  Access Controlled Greenfield Highway from Chandrasekharapuram Ch. 228000 to Polavaram Ch. 260000of [NH-544G] Package-11,,(-) (-),NHAI,2023-02-01,2026-02-01,,1292.65,1292.65,Newly Added,July_2026,358.41,,85.9,1110.33,,,,,,24.0,2026-07-01,0.19793447568947511,618721_July_2026
618722,6L access Controlled Greenfield Highway from Gogwan Jalalpur Shamli to Ranipur Barsi Saharanpur of Shamli -Ambala section Package-I Design Ch. Form km 00.600 to km 45.500,,(-) (-),NHAI,2022-06-01,2025-05-01,,1843.59,1843.59,Newly Added,July_2026,759.32,,67.67,1247.55,,,,,,24.0,2026-07-01,0.33185252686334815,618722_July_2026
618723,6L access Controlled Greenfield Highway from Ranipur Barsi to Adhoya Musalmana section of Shamli -Ambala Package-II Design Ch. Form km 45.500 to km 84.400,,(-) (-),NHAI,,2022-06-01,,,,Newly Added,July_2026,1554.21,,,1554.21,,,,,,,2026-07-01,,618723_July_2026
618724,6L Greenfield Varanasi-Ranchi-Kolkata Highway from  Anarbansalea village to Sagrampur village From KM. 151200 to KM. 184700Package-7,,(-) (-),NHAI,2023-03-01,2023-03-01,,,1719.2,Newly Added,July_2026,1.76,,100.25,1719.2,,,,,,,2026-07-01,,618724_July_2026
618725,6L Greenfield Varanasi-Ranchi-Kolkata Highway from Pachmon village to Anarbansalea village From KM. 116000 to KM. 151200 Package-6,,(-) (-),NHAI,2023-03-01,2027-09-01,,1915.99,1915.99,Newly Added,July_2026,431.04,,100.22,1920.21,,,,,,24.0,2026-07-01,0.0003862233101425373,618725_July_2026
618726,6L Greenfield Varanasi-Ranchi-Kolkata Highway from junction with Chandauli- Chainpur Road near Khainti village to junction with Bhabhua-Adhaura road near Palka village from Km. 27.000 to Km. 54.000 Pkg-2,,(-) (-),NHAI,2023-03-01,2027-10-01,,1240.93,1240.93,Newly Added,July_2026,252.44,,108.11,1341.52,,,,,,24.0,2026-07-01,0.025682351139870902,618726_July_2026
618727,6L Greenfield Varanasi-Ranchi-Kolkata Highway from junction with Bhabhua-Adhaura road in Bhairopur village to Konki village From KM. 54.000 to KM. 90.000Pkg-3,,(-) (-),NHAI,2023-03-01,2027-10-01,,1576.94,1576.94,Newly Added,July_2026,328.2,,108.53,1711.44,,,,,,24.0,2026-07-01,0.011807678161502657,618727_July_2026
618728,6L Greenfield Varanasi-Ranchi-Kolkata Highway from junction with NH-19 & Varanasi Ring Road near Rewasa village to junction with Chandauli-Chainpur road near Khainti village from Km. 0.000 to Km. 27.000 - Pkg-1,,(-) (-),NHAI,2023-03-01,,,,1433.39,Newly Added,July_2026,1433.39,,109.12,1564.15,,,,,,,2026-07-01,,618728_July_2026
618729,6 Lane Greenfield Varanasi- Ranchi- Kolkata Highway from Donoreshan village to junction with  NH-20 in Bongabar village from km 288.600 to km 325.500 Pkg -11,,(-) (-),NHAI,2023-03-01,2028-07-01,,1856.12,1856.12,Newly Added,July_2026,261.78,,100.0,1856.12,,,,,,24.0,2026-07-01,0.004848824429454992,618729_July_2026
618730,6 Lane Greenfield Varanasi- Ranchi- Kolkata Highway from Deoria village to Donoreshan village from km 253.000 to km 288.600  Pkg -10,,(-) (-),NHAI,2023-03-01,2028-05-01,,1546.27,1546.27,Newly Added,July_2026,183.44,,100.0,1546.27,,,,,,24.0,2026-07-01,0.018108092377139826,618730_July_2026
618731,6 Lane Greenfield Varanasi- Ranchi- Kolkata Highway from Chatra to junction with NH- 100 in Deoria village from km 222.000 to km 253.000 Pkg -9,,(-) (-),NHAI,2023-03-01,,,,1418.16,Newly Added,July_2026,143.72,,100.0,1418.16,,,,,,,2026-07-01,,618731_July_2026
618733,6L Greenfield Varanasi- Ranchi- Kolkata Highway from junction with  NH-20 in Bongabar village to junction with NH-30 in Lepo village from km 325.500 to km 358.500  Pkg -12,,(-) (-),NHAI,2023-03-01,2028-07-01,,1525.52,1525.52,Newly Added,July_2026,218.28,,100.0,1525.52,,,,,,24.0,2026-07-01,0.0065551418532697045,618733_July_2026
618734,6L Greenfield Varanasi- Ranchi- Kolkata Highway from junction  with  NH-320 in Lepo village to Kamlapur villageJH/WB border  from km 358.500 to km 387.200 Pkg -13,,(-) (-),NHAI,2023-03-01,,,,1154.49,Newly Added,July_2026,1154.49,,114.27,1319.18,,,,,,,2026-07-01,,618734_July_2026
618735,4L of  Chandesara  to Khedakhajuriya  from Km. 0.000 to - 750 & Km 0.000 to km 41.400 of  NH-148NG Pkg-I,,(-) (-),NHAI,2021-12-01,2024-05-01,,909.84,909.84,Newly Added,July_2026,587.81,,107.33,976.55,,,,,,20.0,2026-07-01,0.4385606260441396,618735_July_2026
618736,4L Elevated corridor of Kalimandir-Dimna Chowk-Baliguma Jamshedpur Section of NH-33 New NH-18 from km 241940 to km 251961 Length 10.021 km,,(-) (-),NHAI,2024-03-01,2027-03-01,,936.26,936.26,Newly Added,July_2026,328.76,,88.89,832.2,,,,,,30.0,2026-07-01,0.0897186678913977,618736_July_2026
618737,Grade separated Interchanges at Km. 113.730 junction with Ranchi  Hazaribagh Road & Km. 139.225 junction with Ranchi  Jamshedpur road on 4L Ranchi Bypass of NH-33,,(-) (-),NHAI,2025-01-01,2027-12-01,,303.53,303.53,Newly Added,July_2026,4.98,,1.84,5.58,,,,,,24.0,2026-07-01,0.0024050340987711266,618737_July_2026
618738,6L Bridge and its approaches across River Ganga as Part of Patna Ring Road NH- 131G starting from Km 8.480 near Sherpur to Km 23.000 near Dighwara,,(-) (-),NHAI,2022-09-01,2027-09-01,,6291.69,6291.69,Newly Added,July_2026,734.19,,53.27,3351.62,,,,,,48.0,2026-07-01,0.07273403489364544,618738_July_2026
618739,4L Greenfield Alignment  of Amas to Shivrampur from 0.000 Km. to 55.002 Km. of NH 119 D Pkg-I,,(-) (-),NHAI,2022-02-01,2025-03-01,,1390.92,1390.92,Newly Added,July_2026,642.43,,102.62,1427.43,,,,,,24.0,2026-07-01,0.20299513990739942,618739_July_2026
618740,4L Greenfield Alignment of Shivrampur  to Ramnagar from Km. 55.002 to Km. 109.300 of NH 119 D Pkg-II,,(-) (-),NHAI,2022-02-01,2025-07-01,,1494.31,1494.31,Newly Added,July_2026,702.39,,103.46,1546.07,,,,,,24.0,2026-07-01,0.12951797150524322,618740_July_2026
618741,4L  Greenfield Alignment from Kalyanapur to Tal Dashraha of NH-119D Pkg-III,,(-) (-),NHAI,2022-03-01,2025-02-01,,1857.58,1857.58,Newly Added,July_2026,957.28,,106.01,1969.3,,,,,,24.0,2026-07-01,0.18613464830586032,618741_July_2026
618742,"Construction of 6-lane Greenfield corridor from Ramnagar to Kacchi Dargah NH-119D from Km 109700 to Km 122300, including widening of the existing NH-31 from Km 196700 to Km 198600, as part of the Amas-Darbhanga.",,(-) (-),NHAI,2025-01-01,,,,1113.46,Newly Added,July_2026,12.44,,100.0,1113.46,,,,,,,2026-07-01,,618742_July_2026
618743,Trichy 135.800 to Karur 218.000 section of NH-67 - Trichy Bypass,,Tamil Nadu,NHAI,2008-01-01,,,876.88,360.88,Completed,June_2026,100.0,,93.3,336.71,,,,,,,2026-06-01,0.3839864063497856,618743_June_2026
618744,4L of Thirumangalam to Vadugapatti section from km 0.000 to km 36.000 of NH-744,,(-) (-),NHAI,2022-03-01,2025-02-01,,1076.97,1076.97,Newly Added,July_2026,685.52,,73.5,791.6,,,,,,24.0,2026-07-01,0.6156253191825213,618744_July_2026
618745,4L of Vadugapatti to Therkuvenganallur Rajapalyam section from km 36.000 to km 71.600 of NH-744,,Tamil Nadu,NHAI,2023-04-01,2025-04-01,,1317.6,1137.16,Completed,June_2026,100.0,,83.9,954.04,,,,,,24.0,2026-06-01,0.7240740740740741,618745_June_2026
618746,Khammam-Devarapalle Pkg I [4L  Access Controlled Greenfield from Thallampadu village to Somavaram village Design Chainage 0000 to 33604],,(-) (-),NHAI,2021-01-01,2024-10-01,,797.36,797.36,Newly Added,July_2026,684.62,,167.7,1337.18,,,,,,24.0,2026-07-01,0.7156616835557339,618746_July_2026
618747,Khammam-Devarapalle Pkg III [4L Access Controlled Greenfield from Chintagudem village to Recherla village Design Chainage 63117 to 105236],,(-) (-),NHAI,,2021-01-01,,,,Newly Added,July_2026,829.5,,,829.5,,,,,,,2026-07-01,,618747_July_2026
618748,Khammam-Devarapalle Pkg IV [4L Access Controlled Greenfield from Recherla village to Gurvaygudem village Design Chainage 105236 to 132664],,Andhra Pradesh,NHAI,2022-09-01,2024-09-01,,569.37,752.02,Completed,June_2026,100.0,,66.49,499.99,,,,,,24.0,2026-06-01,0.8781460210407995,618748_June_2026
618749,Khammam-Devarapalle Pkg V [4L Access Controlled Greenfield from Gurvaygudem village to Devarapalle village Design Chainage 132664 to 162126,,Andhra Pradesh,NHAI,2022-09-01,2026-05-01,,711.94,711.94,Completed,July_2026,100.0,,130.13,926.48,,,,,,44.0,2026-07-01,0.528415315897407,618749_July_2026
618751,2L PS of Hinotiya-Mehulwa section of NH-346 from Km. 27.000 to Km 75.700 Vidisha Mehulwa-Talbehat Pkg-II Section of NH- 346,,(-) (-),NHAI,2022-10-01,2025-09-01,,581.65,581.65,Newly Added,July_2026,273.7,,101.9,592.71,,,,,,24.0,2026-07-01,0.3562451646178974,618751_July_2026
618754,Upgradation of 2L/4L with Paved Shoulder of Shirwal-Lonand Section from KM 159900 To KM 188025 of NH-965DD Section I and 2L With Paved Shoulder of Lonand-Satara Section from KM 51500 To KM 96246 Of NH-965D Section II in Satara District in the State of Maharashtra on EPC Mode under NHO-,,(-) (-),NHAI,2025-03-01,2027-06-01,,538.11,538.11,Newly Added,July_2026,160.77,,57.1,307.24,,,,,,24.0,2026-07-01,0.2880451952203081,618754_July_2026
618755,4L of left out existing road section from Lalgopalganj Km 161.450 to Nawabganj Km 180.200 in Prayagraj,,"Multi-States (Rajasthan,",NHAI,2024-03-01,,,,159.53,Completed,June_2026,100.0,,63.15,100.74,,,,,,,2026-06-01,,618755_June_2026
618756,Melur - Pilayarpatti - Karaikudi from km 99.920 of NH 38 to km 12.9 of NH 383 Ext.,,(-) (-),NHAI,2018-12-01,2022-03-01,,1103.86,1103.86,Newly Added,July_2026,956.44,,98.33,1085.41,,,,,,24.0,2026-07-01,0.14281702389795808,618756_July_2026
618757,6L access controlled Highway from Km 40080 to Km 86513 Mator to Barodameo Section,,(-) (-),NHAI,2022-09-01,2026-03-01,,2010.2,2010.2,Newly Added,July_2026,708.28,,77.9,1565.88,,,,,,24.0,2026-07-01,0.09999005074121978,618757_July_2026
618758,6L accesscontrolled highway from km 0000 to km 40080 Paniyala to Mator Section of Paniyala-Barodameo ICR,,(-) (-),NHAI,2022-09-01,2026-09-01,,1764.86,1764.86,Newly Added,July_2026,571.41,,70.22,1239.24,,,,,,24.0,2026-07-01,0.11445667078408486,618758_July_2026
618759,4L PS Mydukur - Badvel from Km 585.820 to Km 630.960 of NH-67,,(-) (-),NHAI,2022-05-01,2025-09-01,,1063.57,1063.57,Newly Added,July_2026,585.79,,103.79,1103.87,,,,,,24.0,2026-07-01,0.43972658123113667,618759_July_2026
618760,4L Greenfield a Malout bypass from ch. Km 44.500 to ch. Km 35.500 on NH-07 and Ch. Km 0.000 to Km 6.984 on NH-09 bMandi Dabwali Bypass from Ch. 38.450 Km to  Km 27.910 Pkg-02,,"Multi-States (Punjab,",NHAI,2021-11-01,2021-11-01,,,646.42,Completed,June_2026,100.0,,86.03,556.09,,,,,,,2026-06-01,,618760_June_2026
618761,4L Spur of Meerut-Garh-Mukteshwar section connecting NH-119 and NH-58 bypassing Meerut Town of NH 709 A,,(-) (-),NHAI,2021-10-01,2025-02-01,,991.89,991.89,Newly Added,July_2026,865.93,,98.57,977.73,,,,,,24.0,2026-07-01,0.8072266077891701,618761_July_2026
618762,Itarsi Km. 63.000 to Betul Km. 137.000 of NH-69 in Madhya Pradesh,,(-) (-),NHAI,2017-08-01,2020-02-01,,950.27,950.27,Newly Added,July_2026,663.67,,82.96,788.33,,,,,,24.0,2026-07-01,0.11786123943721258,618762_July_2026
618764,Moga - Bagha Purana - Bajakhana from km. 0.00 to km. 43.32,,(-) (-),NHAI,2020-05-01,2024-12-01,,1032.59,1032.59,Newly Added,July_2026,799.77,,122.43,1264.17,,,,,,24.0,2026-07-01,0.6061844488131786,618764_July_2026
618765,4L of Karimnagar-Warangal section from km 49.500 to km 117.820 of NH-563,,(-) (-),NHAI,2022-03-01,2025-07-01,,2146.86,2146.86,Newly Added,July_2026,1272.62,,115.82,2486.51,,,,,,24.0,2026-07-01,0.39429212896975113,618765_July_2026
618766,Up-gradation to Four Lane with Paved Shoulder configuration of the highway starting from existing km 88.400 Savali Vihir to km 163.400 start of Ahmednagar bypass Design Length  75.000 km section of NH-160 in the State of Maharashtra under Bharatmala Pariyojana on EPC Mode,,(-) (-),NHAI,2024-10-01,2027-04-01,,862.0,862.0,Newly Added,July_2026,298.45,,71.69,617.93,,,,,,24.0,2026-07-01,0.17865429234338748,618766_July_2026
618768,Four laning of Agra-Aligarh Section from Km. 0.000 Junction of NH-34 Aligarh Km 144.60 to Km. 28.000 near Asroi village in Hathras of NH-509 Package-I,,(-) (-),NHAI,2024-06-01,,,,1309.08,Newly Added,July_2026,310.08,,100.0,1309.08,,,,,,,2026-07-01,,618768_July_2026
618769,Walajahpet/Ranipet to TN/AP Border Section of from Km.106.800 to  Km.133.36 NH-4,,(-) (-),NHAI,2024-12-01,,,,1338.14,Newly Added,July_2026,1338.14,,90.78,1214.7,,,,,,,2026-07-01,,618769_July_2026
618770,4L Spur of Panipat - Shamli connecting NH-709AD Panipat  Shamli Muzaffarnagar and NH-709A Karnal  Meerut bypassing Shamli district UP,,Uttar Pradesh,NHAI,2022-10-01,2024-10-01,,516.16,273.42,Completed,June_2026,100.0,,90.41,247.21,,,,,,24.0,2026-06-01,0.47894063856168634,618770_June_2026
618771,6L of Varadharajula to Kumarajapet from km 0.000 to km 43.800 of NH-716B Pkg-I,,Multi-States (Andhra,NHAI,2021-02-01,2021-02-01,,,1924.75,Completed,June_2026,100.0,,98.06,1887.38,,,,,,,2026-06-01,,618771_June_2026
618772,6L of Kumarajapet to Veera Kaveri Raja Puram from km 43.800 to km 61.380 of NH- 716B Pkg-II,,(-) (-),NHAI,,2021-02-01,,,,Newly Added,July_2026,702.52,,,702.52,,,,,,,2026-07-01,,618772_July_2026
618773,Tuticorin - Tirunelveli from km. 0.00 to km. 47.250,,Tamil Nadu,NHAI,2010-04-01,,,449.85,452.48,Completed,June_2026,100.0,,0.62,2.8,,,,,,,2026-06-01,0.00622429698788485,618773_June_2026
618774,Ara - Mohania Pkg-II,,Bihar,NHAI,2021-01-01,2023-07-01,,984.63,827.51,Completed,June_2026,100.0,,96.46,798.25,,,,,,30.0,2026-06-01,0.8107106222642008,618774_June_2026
618775,Ara Bypass,,(-) (-),NHAI,2025-03-01,2027-04-01,,226.32,226.32,Newly Added,July_2026,5.95,,100.0,226.32,,,,,,18.0,2026-07-01,0.0003534817956875221,618775_July_2026
618776,4L of Greenfield section from  Sirhind to Mohali,,(-) (-),NHAI,2022-03-01,2025-05-01,,1237.65,1237.65,Newly Added,July_2026,1391.6,,105.13,1301.15,,,,,,24.0,2026-07-01,0.16078859128186482,618776_July_2026
618777,4L of Pileru to Kalur Section from Km 55.900 to Km 92.800 & Km 94.500 to Km 95.717 of NH-71Package-II,,(-) (-),NHAI,2022-03-01,2025-11-01,,1877.47,1877.47,Newly Added,July_2026,246.42,,31.58,592.85,,,,,,25.0,2026-07-01,0.1310220669304969,618777_July_2026
618778,4L of Madanapalle to Pileru Section from Km 0.000 to Km 55.900 of NH-71Package-I,,(-) (-),NHAI,2022-02-01,2025-01-01,,1877.47,1877.47,Newly Added,July_2026,1182.65,,106.21,1994.1,,,,,,24.0,2026-07-01,0.588312995680357,618778_July_2026
618779,4L of Aurangabad-Paithan,,Bihar,NHAI,2023-01-01,2024-07-01,,1505.0,349.96,Completed,June_2026,100.0,,93.82,328.32,,,,,,18.0,2026-06-01,0.21815282392026578,618779_June_2026
618782,4L of Bareilly-Pilibhit-Sitarganj from Km. 0.000 to Km. 32.500 of NH-30 Pkg-1,,(-) (-),NHAI,2023-02-01,2026-03-01,,1394.14,1394.14,Newly Added,July_2026,622.58,,100.0,1394.14,,,,,,24.0,2026-07-01,0.1735837146914944,618782_July_2026
618783,4-laning of Pilibhit - Sitarganj from Km. 32.500 to Km. 70.800 Pkg-2 of NH-30,,(-) (-),NHAI,2023-01-01,,,,1471.19,Newly Added,July_2026,1471.19,,100.0,1471.19,,,,,,,2026-07-01,,618783_July_2026
618784,Balance works of 4 lane divided carriageway of Missing Link section of NH-39 Rewa Bypass from junction with NH 30 near Bela to Junction with MPRDC ring road near Silpara on SH 9 design length 13.100 km on EPC Mode under Bharatmala Pariyojana in the State of Madhya Pradesh,,(-) (-),NHAI,2023-08-01,2026-04-01,,355.36,355.36,Newly Added,July_2026,253.13,,100.0,355.36,,,,,,24.0,2026-07-01,0.3179873930661864,618784_July_2026
618785,4/6L Greenfield LudhianaRupnagar highway from Jn. with NE-5 village near to ManewalLudhiana to Jn. with NH-205 near Bheora Village Rupnagar from Km 66.0 to Km 91.0 i/c spur to Kharar from Km 0.0 to Km 19.5 with Ludhiana bypass of NH-205K Pkg-3,,(-) (-),NHAI,2021-07-01,2025-02-01,,1501.02,1501.02,Newly Added,July_2026,1162.52,,120.93,1815.13,,,,,,24.0,2026-07-01,0.6613502818083703,618785_July_2026
618786,4L of Phagwara - Hoshiarpur,,(-) (-),NHAI,2022-11-01,2027-03-01,,1196.38,1196.38,Newly Added,July_2026,556.23,,125.7,1503.79,,,,,,24.0,2026-07-01,0.16466340126046908,618786_July_2026
618787,"Upgradation to 4L PS  from Bhimasar, Junction of NH-41 to Anjar- Bhuj upto Airport Junction from Km 0.000 to Km 65.478 of NH-341",,(-) (-),NHAI,2022-03-01,2025-06-01,,1373.06,1373.06,Newly Added,July_2026,837.85,,122.88,1687.25,,,,,,29.0,2026-07-01,0.5471792929660757,618787_July_2026
618788,4L Greenfield Jalbhera  Shahbad section from km. 0.000 to km. 22.850 of NH-152G,,(-) (-),NHAI,2022-03-01,2025-05-01,,927.22,927.22,Newly Added,July_2026,550.65,,126.58,1173.66,,,,,,23.0,2026-07-01,0.36554431526498565,618788_July_2026
618789,6L of IT City Chowk to Kurali Chandigarh Road,,Punjab,National Highways Authority of India [NHAI],2022-10-01,2024-10-01,,1525.31,1525.31,Completed,March_2026,100.0,,126.96,1936.54,,,,,,24.0,2026-03-01,1.107860041565321,618789_March_2026
618790,Construction of four laning of Bakarpur- Manikpur road section starting from village Chitarsenpur km 0000 and terminating at SH-74 near Manikpur 38814 at NH-139W under Bharatmalapariyona,,(-) (-),NHAI,2023-03-01,2027-04-01,,1422.37,1422.37,Newly Added,July_2026,635.91,,108.13,1537.99,,,,,,30.0,2026-07-01,0.030934285734372916,618790_July_2026
618791,4L PS under NH configuration of Manikpur-Sahebganj of NH-139W,,(-) (-),NHAI,2024-10-01,2027-12-01,,1538.76,1538.76,Newly Added,July_2026,595.95,,100.0,1538.76,,,,,,23.0,2026-07-01,0.00014947100262549065,618791_July_2026
618792,4L Bhiwani-Hansi road section of NH-148B,,(-) (-),NHAI,2022-11-01,2025-12-01,,1330.23,1330.23,Newly Added,July_2026,455.86,,86.02,1144.21,,,,,,24.0,2026-07-01,0.29738466280267317,618792_July_2026
618793,4L of Fazilka to Abohar section of NH-07 including construction of Greenfield Abohar & Fazilka Bypasses,,(-) (-),NHAI,2023-03-01,2026-04-01,,1409.88,1409.88,Newly Added,July_2026,913.89,,118.74,1674.04,,,,,,24.0,2026-07-01,0.140437484041195,618793_July_2026
618794,Amritsarairport Junction - Ramdas from km. 100.835 to km. 139.813 Pkg - IV,,(-) (-),NHAI,2020-12-01,2023-09-01,,524.88,524.88,Newly Added,July_2026,395.48,,79.37,416.58,,,,,,18.0,2026-07-01,0.6598651120256059,618794_July_2026
618795,Amritsar Bypass Pkg III from km. 71.496 to km. 105.158,,(-) (-),NHAI,2021-02-01,2024-08-01,,1474.77,1474.77,Newly Added,July_2026,1222.67,,83.3,1228.42,,,,,,24.0,2026-07-01,0.5868033659485886,618795_July_2026
618796,Tanot -Ramgarh-Bhadasar-Jaisalmer NH-68 and BhadasarMokal-Sarkaritala up to Pakisthan Border NH-968 Pkg-BM/5,,(-) (-),NHAI,2018-02-01,2021-04-01,,828.58,828.58,Newly Added,July_2026,755.88,,100.22,830.37,,,,,,24.0,2026-07-01,0.27402302734799294,618796_July_2026
618797,"Widening Strengthening of 2-Lane with Paved Shoulder from MyajlarJaisalmer from Design Chainage 0000 to 98350 Section of NH-11 & SundraMyajlarAmbasingh ki Dhani Road from Design Chainage 46000 to 81601, part of MunabaoTanot Road Section of NH-70 along with Strengthening/Widening of Existing Connection of NH-70 & NH-11 of length 0.914 km in the State of Rajasthan under NHO on Hybrid Annuity Mode",,(-) (-),NHAI,2025-03-01,2027-12-01,,1237.71,1237.71,Newly Added,July_2026,94.08,,74.9,927.02,,,,,,24.0,2026-07-01,0.00042821016231588984,618797_July_2026
618798,4L of Sonauli - Gorakhpur,,(-) (-),NHAI,2021-12-01,2025-03-01,,2555.5,2555.5,Newly Added,July_2026,1328.22,,89.04,2275.43,,,,,,24.0,2026-07-01,0.48583447466249263,618798_July_2026
618799,Belakeri Port to Kumta - Sirsi road from km 0.00 - km 4.265 of Belekeri Port Road Link Rd. and km 4.965 - km 60.00 of SH-69,,(-) (-),NHAI,2018-03-01,2022-12-01,,456.32,440.16,Newly Added,July_2026,471.12,,103.78,456.79,,,,,,24.0,2026-07-01,0.8379207573632539,618799_July_2026
618800,Construction of New Double Tier 4L Elevated Corridor from Chennai Port to Maduravoyal in Chennai District from km -0.342 to Km 20.593 and Package II from Km 4.604 to Km 9.700,,(-) (-),NHAI,2023-03-01,2026-05-01,,1616.97,1616.97,Newly Added,July_2026,250.4,,100.0,1616.97,,,,,,30.0,2026-07-01,0.08734237493583677,618800_July_2026
618801,Construction of New Double Tier 4-lane Elevated Corridor from Chennai Port to Maduravoyal in Chennai District from Km -0342 to Km 20223 Package 1 from Km - 0342 to Km 4604,,(-) (-),NHAI,2023-03-01,2026-05-01,,1388.59,1388.59,Newly Added,July_2026,275.2,,100.0,1388.59,,,,,,30.0,2026-07-01,0.10824649464564776,618801_July_2026
618803,Development of 4L Road from Samarlakota to Achampeta Junction as part of Kakinada Port Connectivity to NH-16 Rajanagaram Junction in East Godavari District,,(-) (-),NHAI,2022-09-01,2025-08-01,,645.63,645.63,Newly Added,July_2026,680.09,,116.2,750.2,,,,,,24.0,2026-07-01,0.8630794727630376,618803_July_2026
618804,Dedicated Port road to Krishnapatnam Port Package-I from Km. 0.000 to Km. 18.000,,(-) (-),NHAI,2018-03-01,2020-12-01,,348.72,348.72,Newly Added,July_2026,310.54,,97.89,341.36,,,,,,24.0,2026-07-01,0.1717997247075017,618804_July_2026
618805,6L Connectivity to Port Road from Sabbavaram Sheelanagar-NH516C,,(-) (-),NHAI,2024-12-01,2028-02-01,,977.33,977.33,Newly Added,July_2026,155.51,,100.0,977.33,,,,,,24.0,2026-07-01,0.01534793774876449,618805_July_2026
618806,Improvement of 4L road to 6L road and 4L dedicated Port Roads for the Port connectivity road from Convent junction to Sheelanagar Junction,,(-) (-),NHAI,2023-01-01,2026-02-01,,685.99,685.99,Newly Added,July_2026,493.92,,99.16,680.21,,,,,,24.0,2026-07-01,0.023323955159696205,618806_July_2026
618807,"4L Greenfield Road connecting North and South industrial cluster of Khandaleru Creek near Krishnapatnam port at Thamminapatnam to Mollur  from Km 0.0 to Km 16.046, Part I & 6L  extension of dedicated port road of NH-67 Km 18.0 to Km 19.3, Part II",,(-) (-),NHAI,2022-08-01,2025-09-01,,609.43,609.43,Newly Added,July_2026,579.22,,91.89,559.98,,,,,,24.0,2026-07-01,0.6988825623943686,618807_July_2026
618808,6L Elevated Kona Expressway from Km. 0.145 to Km. 7.337 of NH-117,,(-) (-),NHAI,2023-03-01,2026-12-01,,1212.56,1212.56,Newly Added,July_2026,433.18,,99.22,1203.11,,,,,,30.0,2026-07-01,0.21937058784719932,618808_July_2026
618809,4L of Beas-Mehta-Batala-Dera Baba Nanak from intersection with Jalandhar-Amritsar Highway NH-3 near Beas till start of Batala Bypass near Village Acchhal from Km. 0.000 to Km. 31.300 Pkg-1,,(-) (-),NHAI,2021-08-01,2025-06-01,,809.51,809.51,Newly Added,July_2026,670.85,,119.45,966.99,,,,,,24.0,2026-07-01,0.6052920902768342,618809_July_2026
618810,4L of existing Beas  Baba Bakala - Dera Baba Nanak Section from start of Batala Bypass  till intersection with Ajnala Gurdaspur Highway NH 354 near Dera Baba Nanak  from Km. 31.300 to Km. 69.100  with Additional batala Bypass Pkg-II,,(-) (-),NHAI,2021-10-01,2025-06-01,,1003.38,1003.38,Newly Added,July_2026,800.86,,99.03,993.6,,,,,,24.0,2026-07-01,0.5797305108732485,618810_July_2026
618811,4L Access Controlled  Greenfield Highway Section Mancherial  Warangal from Pangidipalle village at Design Ch. 72.350 Km to Oorugonda village at Design Ch. 112.240 KmPackage-III,,(-) (-),NHAI,2023-03-01,2027-06-01,,1183.71,1183.71,Newly Added,July_2026,209.72,,98.9,1170.64,,,,,,24.0,2026-07-01,0.07036351809142442,618811_July_2026
618812,4L Access Controlled Greenfield Section Mancherial  Warangal from Puttapaka village at Design Ch. 35.300 Km to Pangidipalle village at Design Ch. 72.350 KmPackage-II,,(-) (-),NHAI,2023-01-01,2027-06-01,,1129.33,1129.33,Newly Added,July_2026,210.45,,101.42,1145.41,,,,,,24.0,2026-07-01,0.19746221210806408,618812_July_2026
618813,4L Access Controlled Greenfield Section Mancherial  Warangal from Narva village at Design Ch. 3.834 Km to Puttapaka village at Design Ch. 35.300 Km Package-I,,(-) (-),NHAI,2023-03-01,2026-12-01,,1127.9,1127.9,Newly Added,July_2026,161.67,,97.9,1104.27,,,,,,24.0,2026-07-01,0.19859916659278304,618813_July_2026
618814,4L Access Controlled Greenfield Highway section on NH163G Warangal-Khammam from Oorugonda village in Hanamkonda District at Design Ch. 112.240 Km to Venkatpur village in Warangal District at Design Ch. 150.240 KmPackage-I,,(-) (-),NHAI,2023-03-01,2027-06-01,,1142.6,1142.6,Newly Added,July_2026,160.19,,99.84,1140.82,,,,,,24.0,2026-07-01,0.04430246805531245,618814_July_2026
618815,4L Access Controlled Greenfield Highway section on NH-163G Warangal-Khammam from Venkatpur village in Warangal District at Design Ch. 150.240 Km to Thallasenkesa village in Mahabubabed District at Design Ch. 189.650 kmPackage-II,,(-) (-),NHAI,2023-03-01,2026-04-01,,1092.88,1092.88,Newly Added,July_2026,408.59,,99.11,1083.11,,,,,,24.0,2026-07-01,0.20587804699509551,618815_July_2026
618816,4L Access Controlled Greenfield Highway section on NH-163G Warangal-Khammam from Thallasenkesa village at Design Ch. 189.650 km to V.Vekatayapalem village in Khammam District at Design Ch. 220.480 KmPackage-III,,(-) (-),NHAI,2023-03-01,2027-07-01,,1105.25,1105.25,Newly Added,July_2026,168.28,,99.35,1098.05,,,,,,24.0,2026-07-01,0.06501696448767247,618816_July_2026
618817,4L Access Controlled Greenfield Highway section on NH-163G Khammam Vijayawada from V. Venkatayapalem village at Design Ch. 220.480 Km to BrahmanapalliK village at Design Ch. 250.400 Km Package-I.,,(-) (-),NHAI,2023-03-01,2027-03-01,,973.45,973.45,Newly Added,July_2026,271.03,,104.98,1021.96,,,,,,32.0,2026-07-01,0.14191792079716473,618817_July_2026
618818,4L Access Controlled Greenfield Highway section on NH-163G Khammam Vijayawada from Remidicherla village at Design Ch. 280.200 Km to Jakkampudi village on NH-16 at Design Ch. 309.909 Km Package-III,,(-) (-),NHAI,2023-03-01,,,,1183.23,Newly Added,July_2026,1183.23,,103.54,1225.14,,,,,,,2026-07-01,,618818_July_2026
618819,Balance work of Panikoili Rimoli Section of new NH-20 from Km 0.00 to Km. 163.000,,Odisha,NHAI,2021-03-01,2022-03-01,,183.03,200.79,Completed,June_2026,100.0,,92.34,185.4,,,,,,12.0,2026-06-01,1.0129486969349286,618819_June_2026
618820,Rehabilitation and Up gradation from 4 to 8 laning of Chandikhole  Paradip Section of NH-53 Old NH  5A from Km.39.000 to Km.60.00 Package-3,,(-) (-),NHAI,2023-03-01,2025-12-01,,861.84,861.84,Newly Added,July_2026,395.96,,108.9,938.55,,,,,,24.0,2026-07-01,0.3994592963891209,618820_July_2026
618821,Rehabilitation and Up gradation from 4 to 8 laning of Chandikhole  Paradip Section of NH-53 Old NH  5A from Km 18.00 to Km 39.00 in the State of Odisha on HAM mode Package-2,,(-) (-),NHAI,2023-03-01,2025-12-01,,920.47,920.47,Newly Added,July_2026,424.45,,103.25,950.4,,,,,,24.0,2026-07-01,0.3979814659902006,618821_July_2026
618822,Rehabilitation and Up gradation from 4 to 8 laning of Chandikhole  Paradip Section of NH-53 Old NH  5A from Km.0.00 to Km.18.00Package-1,,(-) (-),NHAI,2023-03-01,2025-12-01,,929.91,929.91,Newly Added,July_2026,398.91,,93.5,869.45,,,,,,24.0,2026-07-01,0.20109472959748795,618822_July_2026
618823,4 laning of Barasat - Barajaguli Section of NH-12 from Km. 31.000 to Km. 48.679 in the district of North 24 - Parganas,,(-) (-),NHAI,2024-02-01,2026-02-01,,352.01,352.01,Newly Added,July_2026,97.88,,98.4,346.39,,,,,,18.0,2026-07-01,0.75850117894378,618823_July_2026
618824,"Development to 4-laning of the de-scoped stretches from Km 115.342 to Km 191.700 of NH-34 in Nadia District 3.962 & Murshidabad District 5.538 pertaining to Krishnagar to Berhampore section of NH-34 New NH-12 , in the state of West Bengal under NHO.",,(-) (-),NHAI,2024-03-01,2026-01-01,,201.1,201.1,Newly Added,July_2026,64.63,,98.33,197.74,,,,,,18.0,2026-07-01,1.3326703132769766,618824_July_2026
618825,Bridge over Ganga River at d/s of Farraka Barrage including Approaches connecting Farakka-Raiganj,,(-) (-),NHAI,2018-08-01,2021-12-01,,622.04,622.04,Newly Added,July_2026,628.08,,103.87,646.1,,,,,,36.0,2026-07-01,0.5457205324416436,618825_July_2026
618826,4 Laning of NH-544D from Km 0.000 to km 37.000 of Anantapur- Muchukota section Pkg-1,,(-) (-),NHAI,2022-10-01,2025-07-01,,907.76,907.76,Newly Added,July_2026,468.12,,99.8,905.98,,,,,,24.0,2026-07-01,0.4530712963778972,618826_July_2026
618827,4 Laning of NH-544D from Km 37.000 to km 69.000 of Muchukota- Bugga section Pkg-2,,(-) (-),NHAI,2022-10-01,2025-08-01,,1097.57,1097.57,Newly Added,July_2026,466.9,,96.14,1055.23,,,,,,24.0,2026-07-01,0.29170804595606664,618827_July_2026
618828,4L from Km 219.600 Khajuri to Km 260.483 Wyndhamganj on NH-75 Sec-V,,Multi-States (Uttar,NHAI,2022-03-01,2022-03-01,,,1436.49,Completed,June_2026,100.0,,102.02,1465.55,,,,,,,2026-06-01,,618828_June_2026
618829,4L from km 196.87 Sankha to km 219.6 Khajuri on NH-75 [Rehla / Garhwa Bypass],,Jharkhand,NHAI,2021-10-01,2023-10-01,,1129.48,1129.48,Completed,June_2026,100.0,,70.0,790.59,,,,,,24.0,2026-06-01,0.6999592732939052,618829_June_2026
618830,4L from Km 147.450 Bhogu to Km 196.870 Sankha on NH-75 Sec-III,,(-) (-),NHAI,2022-10-01,2025-11-01,,1517.87,1517.87,Newly Added,July_2026,1131.52,,108.84,1652.09,,,,,,24.0,2026-07-01,0.6339080421907015,618830_July_2026
618831,4L from Km 95.400 Udaipura to Km 147.450 Bhogu on NH-75 Sec-II,,(-) (-),NHAI,2023-03-01,2026-10-01,,1436.8,1436.8,Newly Added,July_2026,419.62,,90.59,1301.54,,,,,,24.0,2026-07-01,0.057071269487750556,618831_July_2026
618832,4L from Km 55.00 Kuru to Km 95.400 Udaipura on NH-75 Sec-I,,(-) (-),NHAI,2024-02-01,2028-01-01,,1274.82,1274.82,Newly Added,July_2026,253.64,,100.0,1274.82,,,,,,24.0,2026-07-01,0.06510723082474389,618832_July_2026
618833,Kodinar - Veraval Package VI from km. 221.610 to km. 263.00 of NH-8E & km. 120.900 to km. 121.150 of NH-8D,,Gujarat,NHAI,2018-02-01,2026-05-01,,894.01,894.01,Completed,July_2026,100.0,,126.11,1127.42,,,,,,99.0,2026-07-01,0.4988087381572913,618833_July_2026
618834,4L Kodinar - Veraval Package VI from km. 222.400 to km. 230.00 Kodinar Bypass of NH-8E NH 51 new,,Gujarat,NHAI,2022-04-01,2023-09-01,,162.73,192.01,Completed,June_2026,100.0,,98.93,189.95,,,,,,17.0,2026-06-01,1.1672709395931913,618834_June_2026
618835,4L of Bal Works of Talaja - Mahuva from 54.990 km. to 100.450 km. of Old NH- 8E Package-II,,Gujarat,NHAI,2021-03-01,2022-09-01,,698.4,735.51,Completed,June_2026,100.0,,98.71,726.01,,,,,,18.0,2026-06-01,1.0395332187857962,618835_June_2026
618836,4L of Ratnagiri - Kolhapur section from km 67.140 to km 112.340 of NH-166 Pkg  II,,(-) (-),NHAI,2022-02-01,2025-05-01,,1985.38,1985.38,Newly Added,July_2026,1239.53,,90.56,1798.0,,,,,,24.0,2026-07-01,0.17422357432834015,618836_July_2026
618837,4L of Ratnagiri - Kolhapur section from km 112.340 to km 145.300 of NH-166 PkgIII,,(-) (-),NHAI,2022-02-01,2025-05-01,,1939.23,1939.23,Newly Added,July_2026,1079.17,,98.51,1910.41,,,,,,24.0,2026-07-01,0.20119841380341683,618837_July_2026
618838,4L of Karwar Km. 281.980 of NH-62 Nagaur road to Dangiyavas of Jodhpur Ring Road Pkg-II,,(-) (-),NHAI,2021-11-01,2024-08-01,,736.75,736.75,Newly Added,July_2026,463.98,,69.6,512.77,,,,,,24.0,2026-07-01,0.5366270783847982,618838_July_2026
618839,Aunta - Simaria including Ganga Bridge,,Bihar,NHAI,2018-08-01,2022-02-01,,1309.47,2107.68,Completed,June_2026,100.0,,57.38,1209.46,,,,,,42.0,2026-06-01,0.9236255889787471,618839_June_2026
618840,Simaria Km. 206.050 to Khagaria Km. 266.282,,(-) (-),NHAI,2015-12-01,2019-04-01,,664.02,664.02,Newly Added,July_2026,814.22,,134.28,891.64,,,,,,30.0,2026-07-01,0.5121532483961326,618840_July_2026
618841,4L Elevated Section and at-grade improvements at Begusarai town Simaria - Khagaria section  from Km. 221.047 to Km. 225.302 of NH-31,,(-) (-),NHAI,2021-10-01,2024-12-01,,491.04,491.04,Newly Added,July_2026,354.17,,70.95,348.38,,,,,,30.0,2026-07-01,0.6630824372759857,618841_July_2026
618842,"2L PS  Greenfield bypass lalganj ajhara, mohanganj and Raniganj on Raebareli - Jaunpur Section  Design km 0.00 to Km 53177 of NH-31",,(-) (-),NHAI,2024-12-01,,,,1280.68,Newly Added,July_2026,199.56,,100.0,1280.68,,,,,,,2026-07-01,,618842_July_2026
618843,Construction of two lane with paved shoulders bypass to Mungrabadshapur town starting from near Kodahu at Km 47/225 of NH-319D and ending near Nauwadandi at Km 219/720 of NH-31 under NHO in the state of Uttar Pradesh on EPC mode,,(-) (-),NHAI,2025-02-01,2027-03-01,,197.6,197.6,Newly Added,July_2026,54.54,,83.64,165.28,,,,,,18.0,2026-07-01,0.1069838056680162,618843_July_2026
618844,Viluppuram Km.0.000 to Puducherry Km.29.000,,(-) (-),NHAI,2018-03-01,,,,1358.31,Newly Added,July_2026,1358.31,,85.58,1162.44,,,,,,,2026-07-01,,618844_July_2026
618845,Puducherry Km.29.000 to Poondiyankuppam Km.67.000,,(-) (-),NHAI,,2018-03-01,,,,Newly Added,July_2026,1588.4,,,1588.4,,,,,,,2026-07-01,,618845_July_2026
618846,Poondiyankuppam Km.67.000 to Sattanathapuram Km.123.800,,(-) (-),NHAI,2018-03-01,2024-01-01,,2565.63,2565.63,Newly Added,July_2026,1210.2,,90.4,2319.35,,,,,,24.0,2026-07-01,0.08302054466154511,618846_July_2026
618847,Sattanathapuram to Nagapattinam from Km 123.800 to Km 179.555,,(-) (-),NHAI,,2018-03-01,,,,Newly Added,July_2026,2899.77,,,2899.77,,,,,,,2026-07-01,,618847_July_2026
618848,Construction of Underpass beneath airport runway on NH-31 old NH-56 for proposed expansion of runway of Babatpur Airport Varanasi,,(-) (-),NHAI,2025-02-01,2027-09-01,,649.44,649.44,Newly Added,July_2026,0.09,,100.0,649.44,,,,,,24.0,2026-07-01,0.00013858093126385807,618848_July_2026
618849,Conversion of Partially Excavated Escape Tunnel to Uni-Directional 2L Tunnelincluding construction of cross passages and approach roads on either side of the tunnel from Km 12.732 to Km 14.568 of Kiratpur to Nerchowk Section of NH-21,,Chhattisgarh,NHAI,2022-09-01,2024-03-01,,444.21,412.88,Completed,June_2026,100.0,,95.6,394.73,,,,,,18.0,2026-06-01,0.8886112424303821,618849_June_2026
618850,Nerchowk km 190.000 to Pandoh including Pandoh bypass  km221.305,,(-) (-),NHAI,2016-03-01,2020-07-01,,1464.12,1464.12,Newly Added,July_2026,1574.85,,112.81,1651.67,,,,,,30.0,2026-07-01,0.5744201294975821,618850_July_2026
618851,Pandoh bypass 221.305 to Takoli 242.000 of NH-21 in the state of Himachal Pradesh,,(-) (-),NHAI,2017-06-01,2021-09-01,,3419.95,3419.95,Newly Added,July_2026,2883.58,,130.58,4465.94,,,,,,42.0,2026-07-01,0.020468135499057006,618851_July_2026
618852,4L  Sundar Nagar Bypass from  Km.173.900 to Km.179.600 of NH-21,,(-) (-),NHAI,2022-02-01,2024-06-01,,191.11,191.11,Newly Added,July_2026,182.6,,100.52,192.11,,,,,,24.0,2026-07-01,0.9485113285542358,618852_July_2026
618853,Construction of Four lane Elevated Structure at Raniwada Circle in Sanchore City on NH-68,,(-) (-),NHAI,2024-01-01,2026-07-01,,353.3,353.3,Newly Added,July_2026,192.88,,68.31,241.34,,,,,,24.0,2026-07-01,0.5745825077837532,618853_July_2026
618854,2L PS of Raebareli - Jagdishpur with 4L Jagdishpur Bypass Spur,,Uttar Pradesh,NHAI,2022-01-01,2024-01-01,,706.41,752.52,Completed,June_2026,100.0,,71.0,534.31,,,,,,24.0,2026-06-01,0.7563737772681587,618854_June_2026
618855,"Improvement and Up-Gradation of Existing Road to 2/4L PS from Km 40.000 to 88.750, start of Khutar bypass to start of Shahjahanpur bypass of NH 731Pkg-I",,Uttar Pradesh,NHAI,2023-02-01,2025-02-01,,838.68,838.68,Completed,June_2026,100.0,,73.52,616.56,,,,,,24.0,2026-06-01,0.735155243954786,618855_June_2026
618856,"Improvement and Up-Gradation of Existing Road to 4L PS from Km 123.650 to 175.080, from Start of Shahabad Bypass to End of Hardoi bypass of NH 731 Pkg-2B",,(-) (-),NHAI,2022-09-01,2025-11-01,,1101.79,1101.79,Newly Added,July_2026,519.69,,110.03,1212.26,,,,,,24.0,2026-07-01,0.2839198032292905,618856_July_2026
618858,"Improvement and Up-Gradation of Existing Road to 4L PS from Km 88.750 to 123.650, from Start of Shahjahanpur Bypass to start of Shahabad bypass of NH 731Pkg.-2A",,(-) (-),NHAI,2022-09-01,,,,955.34,Newly Added,July_2026,369.94,,100.0,955.34,,,,,,,2026-07-01,,618858_July_2026
618859,"Improvement and Up-Gradation of Existing Road to 4L PS from Km 229.070 to 260.800, End of Hardoi District to Lucknow Ring road of NH 731 Pkg-4",,(-) (-),NHAI,2021-09-01,2024-10-01,,575.66,575.66,Newly Added,July_2026,390.09,,96.17,553.61,,,,,,24.0,2026-07-01,0.645016155369489,618859_July_2026
618861,Bakhtiyarpur-Rajauli Pkg-II from km. 54.405 to km.101.630,,(-) (-),NHAI,2020-09-01,2023-07-01,,897.45,897.45,Newly Added,July_2026,914.25,,155.72,1397.47,,,,,,27.0,2026-07-01,0.7771129310825114,618861_July_2026
618862,Bakhtiyarpur-Rajauli Pkg-III from km. 101.630 to km.152.520,,(-) (-),NHAI,2020-09-01,2024-06-01,,2156.22,2156.22,Newly Added,July_2026,1818.91,,141.29,3046.61,,,,,,30.0,2026-07-01,0.01715965903293727,618862_July_2026
618863,Barhi-Koderma Section of NH31 km 0.00 - km 27.5,,(-) (-),NHAI,2017-02-01,2024-08-01,,662.44,662.44,Newly Added,July_2026,825.2,,124.78,826.59,,,,,,57.0,2026-07-01,0.12227522492603103,618863_July_2026
618864,4L from Mathura Bypass Start at Existing Km. 154.20 of NH-44 to Gaju Village at Km 32.982 of NH-530B Pkg-IB,,Uttar Pradesh,NHAI,2023-03-01,2025-03-01,,1722.11,1820.77,Completed,June_2026,100.0,,58.05,1057.04,,,,,,24.0,2026-06-01,0.6138051576264002,618864_June_2026
618865,4L from Gaju Village at Km. 32.982 to Devinagar Bypass End at Km. 208.000 of NH-530B Pkg-1C.,,Uttar Pradesh,NHAI,2023-01-01,2025-01-01,,1384.79,1496.44,Completed,June_2026,100.0,,57.65,862.65,,,,,,24.0,2026-06-01,0.6229464395323479,618865_June_2026
618866,"Four Lane Highway from Chandan Nagar Existing Km. 59.025 of NH 530B/Design Km. 179.5000 to Bareilly BypassStartExisting Km. 59.025 of NH 530B/Design Km. 218.000 Section of NH 530B, in the State of Uttar Pradesh on HAM Mode under NH0",,(-) (-),NHAI,2024-12-01,2027-11-01,,2077.0,2077.0,Newly Added,July_2026,486.09,,53.56,1112.44,,,,,,24.0,2026-07-01,0.03263360616273472,618866_July_2026
618867,4L Kasganj-Badaun Section from Km. 123.100 to Km. 179.500 Pkg-III of NH530B,,(-) (-),NHAI,2023-03-01,2027-05-01,,2009.11,2009.11,Newly Added,July_2026,590.99,,96.39,1936.61,,,,,,24.0,2026-07-01,0.010412570740278035,618867_July_2026
618868,4L from Devinagar Bypass End Existing Km. 208.000 of NH 530B/Design Km. 66.000 to Kasganj Bypass End Existing Km.150.100 of NH 530B/ Design Km. 123.100 of NH 530B,,(-) (-),NHAI,2023-03-01,2026-06-01,,2289.52,2289.52,Newly Added,July_2026,1027.01,,97.13,2223.71,,,,,,24.0,2026-07-01,0.10526223837310877,618868_July_2026
618869,"Construction of 4/6 lane Highway of Southern Bareilly Bypass, starting at Ch. 237000 of NH 530 near Jhumka chauraha,  Dhantiya village and ending at Ch. 267000 of NH 30 near Invertis University including Trumpet Interchange",,(-) (-),NHAI,2024-12-01,2028-06-01,,1122.02,1122.02,Newly Added,July_2026,620.25,,166.63,1869.59,,,,,,30.0,2026-07-01,0.046327159943673014,618869_July_2026
618870,4L PS from near Hemmige Village Periyapatna - Hassan Road Jn. to near Hunsur - KR Nagar Jn section from Km. 144.900 to Km. 169.000 of NH-275  Pkg. III,,(-) (-),NHAI,2023-02-01,,,,883.62,Newly Added,July_2026,447.11,,195.41,1726.65,,,,,,,2026-07-01,,618870_July_2026
618871,4L PS from Near Guddehosur to Start of Kushalnagara Bypass to near Hemmige Village Periyapatna - Hassan Road Jn from Km. 122.200 to Km. 144.900 of NH-275 Pkg. II,,(-) (-),NHAI,2023-02-01,2027-12-01,,909.86,909.86,Newly Added,July_2026,325.85,,98.52,896.42,,,,,,24.0,2026-07-01,0.00205526124898336,618871_July_2026
618872,4L PS from near Hunsur - KR Nagar Junction to near Yalachahalli village KR Nagara - Yelawala Road Junction fcrom Km 169.000 to Km 195.550 of NH-275 Pkg-IV,,(-) (-),NHAI,2023-02-01,2027-04-01,,1062.76,1062.76,Newly Added,July_2026,272.55,,89.58,952.03,,,,,,24.0,2026-07-01,0.08186232074974595,618872_July_2026
618873,4L PS from near Yalachahalli village KR Nagara - Yelawala Road junction to Srirangapatna Bypass Near Paschima Vahini from km 195.550 to Km 214.535 of NH- 275 Pkg-V,,(-) (-),NHAI,2023-01-01,2027-04-01,,1272.71,1272.71,Newly Added,July_2026,462.59,,94.54,1203.2,,,,,,24.0,2026-07-01,0.06914379552293924,618873_July_2026
618874,Four Laning of Trichy - Dindigul from km. 333.00 to km. 421.273 of NH-45,,Tamil Nadu,NHAI,2008-01-01,,,1003.11,435.81,Completed,June_2026,100.0,,86.67,377.7,,,,,,,2026-06-01,0.37652899482609087,618874_June_2026
618875,4L of Haridwar  Nagina section Design Ch. LME from km 13.829 to km 17.110 & km 26.077 to km 27.508 and Design Ch. RME from km 13.839 to km 17.120 & km 26.078 to km 27.509 of EUP mitigation measures on NH74,,(-) (-),NHAI,2021-11-01,2024-02-01,,183.92,183.92,Newly Added,July_2026,119.67,,77.27,142.11,,,,,,18.0,2026-07-01,1.3484123531970422,618875_July_2026
618876,4L of Nagina-Kashipur section from km. 73.00 to km. 175.00 of NH-74,,Multi-States (Uttar,National Highways Authority of India [NHAI],2015-01-01,,,,2125.03,Completed,March_2026,100.0,,119.11,2125.03,,,,,,,2026-03-01,,618876_March_2026
618878,Rehabilitation and Upgradation to 4L configuration & Strengthening of Sihuni to Rajol from Km 51.000 to Km 72.000 of NH-154 Package-IIA,,(-) (-),NHAI,2022-03-01,2025-09-01,,696.65,696.65,Newly Added,July_2026,496.48,,111.47,776.59,,,,,,24.0,2026-07-01,0.41370846192492644,618878_July_2026
618879,Rehabilitation and Upgradation to 2L PS configuration & Strengthening of Padhar to Bijni section from Km 180.000 to Km 202.815 of NH-154 Pkg-VA,,(-) (-),NHAI,2022-06-01,2026-11-01,,930.86,930.86,Newly Added,July_2026,666.12,,100.0,930.86,,,,,,24.0,2026-07-01,0.07734782888941409,618879_July_2026
618880,Rehabilitation and Up-gradation to 4L configuration & Strengthening of Thanpuri to Paror section from Km 85.135 to Km 100.840 of NH-154 Pkg-IIC,,(-) (-),NHAI,2022-07-01,2025-12-01,,815.68,815.68,Newly Added,July_2026,496.91,,81.75,666.79,,,,,,21.0,2026-07-01,0.08949588073754414,618880_July_2026
618881,4L PS  bijni to mandi section from Km 202.815 to Km 208.000 of NH-20 New NH-154 of Pathankot-Mandi Package-VB,,(-) (-),NHAI,2023-02-01,2027-09-01,,1113.02,1113.02,Newly Added,July_2026,547.08,,99.94,1112.39,,,,,,30.0,2026-07-01,0.15091373021149665,618881_July_2026
618882,Construction of additional 3-Lane Bridge over River Ganga for connection between Buxar and Bharauli on NH-922 in the State of Uttar Pradesh and Bihar on Hybrid Annuity Mode,,(-) (-),NHAI,2024-03-01,,,,531.61,Newly Added,July_2026,531.61,,83.69,444.92,,,,,,,2026-07-01,,618882_July_2026
618883,Construction of Four Lane Highway form Ghazipur- Ballia-UP/Bihar State Border Greenfield section of NH-31 Package I [from Hridaipur km 0.000 to Shahapur km 42.500] on EPC Mode in the state of Uttar Pradesh.,,(-) (-),NHAI,2022-10-01,2025-07-01,,1706.47,1706.47,Newly Added,July_2026,1447.58,,92.56,1579.59,,,,,,24.0,2026-07-01,0.4383434809870668,618883_July_2026
618884,Construction of Four Lane Highway from Ghazipur- Ballia-UP/Bihar State Border Greenfield section of NH-31 Package II [from Shahapur km 42.500 to Pindari km 78.150] on EPC Mode in the state of Uttar Pradesh.,,(-) (-),NHAI,2022-10-01,2025-10-01,,1493.65,1493.65,Newly Added,July_2026,775.96,,87.8,1311.44,,,,,,24.0,2026-07-01,0.4260301944900077,618884_July_2026
618885,Construction of Four Lane Highway from Ghazipur- Ballia-UP/Bihar State Border Greenfield section of NH-31 Package IV [from Buxur Spur of length km 17.270 on EPC Mode in the state of Uttar Pradesh.,,(-) (-),NHAI,2022-10-01,2025-06-01,,617.88,617.88,Newly Added,July_2026,286.1,,88.86,549.02,,,,,,24.0,2026-07-01,0.3544215705314948,618885_July_2026
618886,Road Safety Improvement of Critical Junctions on MuzaffarnagarHaridwar Section of NH-334 from Km 143000 to Km 196000,,(-) (-),NHAI,2025-04-01,,,,238.66,Newly Added,July_2026,238.66,,0.04,0.1,,,,,,,2026-07-01,,618886_July_2026
618887,4L of Bettadahalli- Shivamogga section from Km.170.415 to km. 226.750 of NH-206 Tumkur- Shivamogga Pkg-IV,,(-) (-),NHAI,2019-01-01,2023-10-01,,2082.98,2082.98,Newly Added,July_2026,1645.24,,122.19,2545.11,,,,,,24.0,2026-07-01,0.4134461204620304,618887_July_2026
618888,Rehabilitation and Up-gradation of existing road to 2L PS from End of Hamirpur Bypass near Chilbahal to Bhangbar section from Km. 138.295 to Km.175.270 of NH- 88 Pkg-IV,,(-) (-),NHAI,2022-03-01,2025-04-01,,1146.19,1146.19,Newly Added,July_2026,987.35,,118.53,1358.62,,,,,,24.0,2026-07-01,0.23598181802318988,618888_July_2026
618889,"4L of Bhangbar Near Ranital to Kangra Bypass Section of Old NH-88 New NH- 303,503 up to Intersection with NH-154 from Km 175.270 to Km 193.400 Pkg-VB",,(-) (-),NHAI,2021-03-01,2024-12-01,,1322.95,1322.95,Newly Added,July_2026,1102.58,,138.29,1829.49,,,,,,24.0,2026-07-01,0.5588041876110208,618889_July_2026
618890,2L PS of Hamirpur Bypass from Km 121.175 to Km.138.295 of NH-103&3,,(-) (-),NHAI,2022-08-01,2025-10-01,,739.39,739.39,Newly Added,July_2026,369.94,,102.09,754.82,,,,,,24.0,2026-07-01,0.31469184057128174,618890_July_2026
618891,4L PS from Kalar Bala Village to Nauni Chowk of NH 205 from Km 41.000 to Km 58.450,,(-) (-),NHAI,2024-01-01,2027-05-01,,1244.43,1244.43,Newly Added,July_2026,145.72,,63.23,786.91,,,,,,24.0,2026-07-01,0.05946497593275636,618891_July_2026
618892,"4 Lane with Paved Shoulder from Dareota Village to Kalar Bala NH 205, Design Chainage -Km 33185 to Km 41000, Design Length-7.815 Km Package-IIB",,(-) (-),NHAI,2025-06-01,2028-06-01,,992.85,992.85,Newly Added,July_2026,5.27,,100.0,992.85,,,,,,24.0,2026-07-01,0.00805761192526565,618892_July_2026
618893,Varanasi Gorakhpur Section Packege IV from km. 149.540 to km. 215.160 Mau- Gorakhpur,,(-) (-),NHAI,2015-04-01,2019-10-01,,2966.63,2966.63,Newly Added,July_2026,3455.15,,117.16,3475.65,,,,,,30.0,2026-07-01,0.08325945601574851,618893_July_2026
618895,Kamalapuram to Oddanchatram from km. 0.00 to km. 35.822,,(-) (-),NHAI,2019-01-01,2023-01-01,,1319.42,1319.42,Newly Added,July_2026,649.83,,100.0,1319.42,,,,,,24.0,2026-07-01,0.25215625047369294,618895_July_2026
618896,4L of Sannur to Bikarnakatte section from Km 691.350 to Km 736.362 of NH-169 Karkala - Mangalore Package-III,,(-) (-),NHAI,2021-03-01,2024-10-01,,1386.41,1386.41,Newly Added,July_2026,1251.68,,147.05,2038.71,,,,,,24.0,2026-07-01,0.6528804610468764,618896_July_2026
618897,4L of Sethiyathope -Cholapuram section from Km. 65.960 to Km. 116.440 section of NH45 C Pkg-II,,Tamil Nadu,NHAI,2018-08-01,2020-08-01,,2356.19,2356.9,Completed,June_2026,100.0,,72.02,1697.35,,,,,,24.0,2026-06-01,0.7203790865762099,618897_June_2026
618898,Balance Works for Four laning of Vikravandi to Sethiyathope section from Km 0.0 to Km 65.96 of NH-45C in Tamil Nadu under NHDP Phase-IV on EPC mode,,(-) (-),NHAI,2025-01-01,2027-06-01,,1163.17,1163.17,Newly Added,July_2026,264.13,,71.74,834.46,,,,,,24.0,2026-07-01,0.1865591444070944,618898_July_2026
618899,Kallagam km.38.700 to Meensurutti Km.98.433 of NH-227 in Tamil Nadu,,(-) (-),NHAI,2018-02-01,,,,1499.12,Newly Added,July_2026,1111.9,,100.0,1499.12,,,,,,,2026-07-01,,618899_July_2026
618901,4L PS Divided Carriageway  from Patan Near Rajpur to Gojariya From Km 52.000  to Km 128.940 of NH-68,,(-) (-),NHAI,2021-12-01,2025-03-01,,1181.34,1181.34,Newly Added,July_2026,934.16,,92.96,1098.23,,,,,,24.0,2026-07-01,0.05248277379924493,618901_July_2026
618902,Maheshkunt-Saharsa-Purnea Pkg I km 0.00 to km. 90.00 of NH-107,,(-) (-),NHAI,2017-02-01,2021-12-01,,662.44,662.44,Newly Added,July_2026,1126.22,,197.94,1311.22,,,,,,24.0,2026-07-01,1.3622969627437955,618902_July_2026
618903,Maheshkunt -Saharsa-Purnea Pkg II,,(-) (-),NHAI,2017-03-01,2020-12-01,,1028.28,1245.33,Newly Added,July_2026,1230.43,,99.9,1244.09,,,,,,24.0,2026-07-01,0.7920508032831525,618903_July_2026
618904,Chhapra - Hajipur from km. 143.200 to km. 209.200,,(-) (-),NHAI,2010-07-01,2013-07-01,,2127.86,2127.86,Newly Added,June_2026,526.04,,102.06,2171.6,,,,,,30.0,2026-06-01,0.0017764326600434237,618904_June_2026
618905,Widening with additional 3L abetting Chhapra Bypass Section of NH-19 from Km. 143.200 to Km. 159.255 Pkg-1,,(-) (-),NHAI,2024-02-01,2026-08-01,,470.5,470.5,Newly Added,July_2026,302.74,,112.32,528.48,,,,,,24.0,2026-07-01,0.07226354941551541,618905_July_2026
618906,4L of Amritsar-Ghoman - Tanda - Una Section from Km 8.270 to Km 54.000 of NH- 503A Package-I,,(-) (-),NHAI,2020-12-01,2024-06-01,,857.91,857.91,Newly Added,July_2026,772.91,,168.25,1443.47,,,,,,24.0,2026-07-01,0.5441946124884895,618906_July_2026
618907,2L/4L of Hoshiarpur to Una section including Hoshiarpur Bypass of NH 503A,,(-) (-),NHAI,2023-03-01,,,,571.34,Newly Added,July_2026,571.34,,84.34,481.88,,,,,,,2026-07-01,,618907_July_2026
618908,3L Major Bridge over River Brahmani at Km. 401.250 Duburi - Chandikhole Section of NH-200 New NH -53,,(-) (-),NHAI,2022-04-01,2025-01-01,,153.61,153.61,Newly Added,July_2026,73.76,,67.5,103.68,,,,,,29.0,2026-07-01,0.4024477573074669,618908_July_2026
618909,2L PS of JH / WB Border km. 70.524 - Purulia km.84.400 & Purulia km. 94.30 - Chandil Junction with NH-33 km. 153.705 of Old NH-32,,(-) (-),NHAI,,2018-03-01,,,,Newly Added,July_2026,1652.4,,,1652.4,,,,,,,2026-07-01,,618909_July_2026
618910,4L of Purulia Bypass section from Km 84.030 to Km 94.345 of NH-32,,(-) (-),NHAI,2021-01-01,2023-08-01,,557.55,557.55,Newly Added,June_2026,488.7,,100.9,562.57,,,,,,18.0,2026-06-01,0.7971123666038921,618910_June_2026
618911,4L Greenfield Western Side spur of Rampur-Rudrapur Section from Km 0.000 to Km 13.700 connecting NH-24 to NH-87 bypassing rampur town,,(-) (-),NHAI,2021-12-01,2024-11-01,,646.27,646.27,Newly Added,July_2026,369.67,,98.69,637.83,,,,,,18.0,2026-07-01,0.22606650471165302,618911_July_2026
618912,Construction of Rudrapur Bypass Section from Km. 0.000 to 20.640 in the state of Uttar Pradesh & Uttarakhand,,Multi-States (Uttar,NHAI,2023-03-01,,,,1051.73,Completed,June_2026,100.0,,106.22,1117.17,,,,,,,2026-06-01,,618912_June_2026
618913,4-L of Rajamunda to Barkote Section of NH-23 from km. 287.200 to km. 337.185,,Odisha,NHAI,2018-12-01,2021-06-01,,609.63,630.97,Completed,June_2026,100.0,,96.39,608.19,,,,,,30.0,2026-06-01,0.9976379115201025,618913_June_2026
618914,"4L Elevated Corridor and at-grade improvements from Design Ch0000 to Design Ch 19870 of Danapur  Bihta Section, Design Ch0000 to Design Ch0231 connecting the existing RoB near Danapur station ,1.35 Km ramps and at-grade improvements to 4- lane section on Danapur side and Upgradation of existing Two lane carriageway to Four Lane carriageway from Design Ch19870 to Design Ch23500 of Bihta - Koilwar section",,(-) (-),NHAI,2022-10-01,2026-09-01,,4432.97,4432.97,Newly Added,July_2026,1578.15,,59.22,2625.4,,,,,,30.0,2026-07-01,0.007895383907402936,618914_July_2026
618915,4L of Bal. works of Patna - Gaya -Dobhi Pkg-II from km. 39.00 to km. 83.00 of Old NH-83,,Bihar,NHAI,2020-11-01,,,1637.29,777.2,Completed,June_2026,100.0,,98.39,764.68,,,,,,,2026-06-01,0.46704004788400344,618915_June_2026
618916,4L of Bal. works of Patna - Gaya -Dobhi Pkg-III from km. 83.00 to km. 127.217 of Old NH-83,,Bihar,NHAI,2020-11-01,2022-11-01,,1077.46,799.7,Completed,June_2026,100.0,,100.45,803.33,,,,,,24.0,2026-06-01,0.7455775620440667,618916_June_2026
618917,4L Greenfield starting from NH-30 near Saristabad Patna to Nathupur Project end point of Patna-Gaya-Dobhi Section of NH-83,,(-) (-),NHAI,2023-07-01,2025-08-01,,488.24,488.24,Newly Added,July_2026,101.06,,85.95,419.66,,,,,,17.0,2026-07-01,0.07373422906767163,618917_July_2026
618919,4L PS from Mandlem Existing Km. 38.000/Design Km.30.600 to Atmakur Existing Km.73.000/Design Km 66.115 of NH340C  Package2,,Andhra Pradesh,NHAI,2023-11-01,2025-11-01,,887.28,913.03,Completed,June_2026,100.0,,60.28,550.42,,,,,,24.0,2026-06-01,0.6203453250383193,618919_June_2026
618920,Access Controlled Highway of 4 Lane with Paved Shoulders from TN/AP Border Design Chainage Km 6151 to Puttur Design Chainage Km 81540 of NH-716 & 6 Lane with Paved Shoulders from Mallavaram to Renigunta,,(-) (-),NHAI,2024-03-01,2026-12-01,,1346.82,1346.82,Newly Added,July_2026,188.68,,93.58,1260.37,,,,,,24.0,2026-07-01,0.012622325180796246,618920_July_2026
618921,4L of Kathlighat to Shakral Village from Km 128.835 to Km 146.300 of NH- 5 Shimla Bypass - Pkg I,,(-) (-),NHAI,2022-03-01,2026-04-01,,1703.48,1703.48,Newly Added,July_2026,1182.61,,155.49,2648.8,,,,,,36.0,2026-07-01,0.4979395120576702,618921_July_2026
618922,4L of Shakral Village to Dhalli Section from Km 146.300 to Km 156.560 Shimla Bypass - Pkg II and Shimla connectivity from Km 0.000 to Km 0.725 of NH-5,,(-) (-),NHAI,2022-04-01,2027-03-01,,1956.26,1956.26,Newly Added,July_2026,1505.86,,147.26,2880.72,,,,,,36.0,2026-07-01,0.03629374418533324,618922_July_2026
618923,4L Behsuma at Km 39.250 Ex. Km 39240 To Bijnor at Km 78.810 Ex. Km 86590 Design Length 39.560 Km  of NH-119 Pkg-II,,(-) (-),NHAI,2023-03-01,2026-05-01,,2158.2,2158.2,Newly Added,July_2026,1234.06,,118.3,2553.12,,,,,,24.0,2026-07-01,0.11352052636456307,618923_July_2026
618924,2L PS of Najibabad Kotdwar section from 112.575 to Km. 138.635 of NH 119,,(-) (-),NHAI,2021-10-01,2025-09-01,,188.87,188.87,Newly Added,July_2026,51.17,,52.52,99.2,,,,,,18.0,2026-07-01,1.30248318949542,618924_July_2026
618925,Bijnor-Kotawali,,(-) (-),NHAI,2021-02-01,2023-05-01,,300.58,300.58,Newly Added,July_2026,299.77,,111.28,334.48,,,,,,18.0,2026-07-01,0.821910972120567,618925_July_2026
618926,4L of Siwan- Masrakh section of Ram Janki Marg from Km 230.385 to Km 281.391 of NH-227A,,(-) (-),NHAI,2022-08-01,2026-11-01,,1431.36,1431.36,Newly Added,July_2026,504.03,,134.63,1927.04,,,,,,24.0,2026-07-01,0.023054996646545943,618926_July_2026
618927,4L of Moradabad-Thakurdwara-Kashipur Section from Km. 0.000 to Km. 38.77 of NH- 734 Pkg-II,,(-) (-),NHAI,2022-10-01,2026-03-01,,2006.82,2006.82,Newly Added,July_2026,981.64,,94.18,1890.05,,,,,,24.0,2026-07-01,0.12108709301282626,618927_July_2026
618928,"Improvement & Up-gradation of NH-734 Section of Moradabad-Thakurdwara Kashipur including Moradabad & Kashipur Bypasse Package-III  Kashipur Bypass Length 14.490 Km., Starts from Ch. 38770 and ends at Ch. 53260 existing Ch. 05560",,(-) (-),NHAI,,2023-02-01,,,,Newly Added,July_2026,936.12,,,936.12,,,,,,,2026-07-01,,618928_July_2026
618929,4L of Moradabad western side spur connecting NH-734 & NH-24 from Km. 0.000 to Km. 33.200 Pkg-I,,(-) (-),NHAI,2022-11-01,2025-09-01,,1841.92,1841.92,Newly Added,July_2026,1132.25,,100.09,1843.54,,,,,,24.0,2026-07-01,0.13247046560111186,618929_July_2026
618930,4L PS from Ch. 94.030 in Jabugam Village  to Ch. 132.320 in Dhamasiya Village of NH-56 Pkg-III,,(-) (-),NHAI,2023-03-01,2027-11-01,,1188.46,1188.46,Newly Added,July_2026,179.47,,75.56,898.0,,,,,,24.0,2026-07-01,-0.004106154182723861,618930_July_2026
618931,4L PS from Ch. 179.780 in Bitada/Movi Village to Ch. 208.900 in Nasarpore Village of NH-56 Pkg-V,,(-) (-),NHAI,2023-03-01,2027-11-01,,764.02,764.02,Newly Added,July_2026,82.38,,74.21,566.96,,,,,,24.0,2026-07-01,0.00031412790241093166,618931_July_2026
618932,Construction of 6 lane Indore western bypass from km 0000 to Km 34000 Pkg -l  in the State of Madhya Pradesh on Hybrid Annuity Mode under NHO,,(-) (-),NHAI,2024-02-01,2027-12-01,,1534.7,1534.7,Newly Added,July_2026,657.89,,95.96,1472.68,,,,,,23.0,2026-07-01,0.11421776242913924,618932_July_2026
618933,Construction of 6 lane Indore western bypass from km 34000 to Km 64000 Pkg-II in the state of Madhya Pradesh on Hybrid Annuity Mode under NHO,,(-) (-),NHAI,2024-03-01,,,,1430.56,Newly Added,July_2026,662.93,,100.0,1430.56,,,,,,,2026-07-01,,618933_July_2026
618934,Guwahati Ring Road in the State of Assam,,Assam,NHAI,2026-01-01,2030-01-01,,5729.47,5729.47,Newly Added,July_2026,0.0,,5.73,328.42,,,,,,48.0,2026-07-01,0.057321183285714034,618934_July_2026
618935,4L  Ambala - Kalaamb from Km. -0.800 to Km. 33.015 of old NH-72,,"Multi-States (Punjab,",NHAI,2022-10-01,2022-10-01,,,1183.7,Completed,June_2026,100.0,,100.56,1190.34,,,,,,,2026-06-01,,618935_June_2026
618936,Jagadhari - Tajewala from Km -0.175 to 32.337 km of NH-344,,(-) (-),NHAI,2022-03-01,2025-02-01,,1269.5,1269.5,Newly Added,July_2026,712.77,,72.42,919.43,,,,,,24.0,2026-07-01,0.4984403308389129,618936_July_2026
618937,4L of Nagpur-Katol Section from Km. 13.00 to Km. 62.900 of NH-353J,,(-) (-),NHAI,2021-02-01,2023-10-01,,1166.96,1166.96,Newly Added,July_2026,1181.42,,122.78,1432.82,,,,,,24.0,2026-07-01,0.7167940632069651,618937_July_2026
618938,4L of Rajura-Korpana-Adilabad Road upto M.S. Border from km 32.910 to km 89.090 of NH-353B,,Multi-States,NHAI,,2022-03-01,,,,Completed,June_2026,100.0,,,1013.33,,,,,,,2026-06-01,,618938_June_2026
618939,Construction of Standalone Flyover cum ROB from Design Ch.66.600 to Design Ch.68.800 in Gadchandur Town on NH-353B,,(-) (-),NHAI,2025-02-01,2027-07-01,,191.31,191.31,Newly Added,July_2026,37.07,,56.33,107.76,,,,,,24.0,2026-07-01,0.07819768961371597,618939_July_2026
618941,4L of Bamni - Rajura - Warur - Devada upto M.S. Border of NH - 930D from km 19.000 to km 51.985,,(-) (-),NHAI,2022-03-01,,,,968.05,Newly Added,July_2026,968.05,,122.64,1187.19,,,,,,,2026-07-01,,618941_July_2026
618942,Balance work of 2L PS  from Km 30.800 to Km 70.800 and 2L with Rigid Carriageway from Km 70.800 to  km 84.120 of Khanapur- KA/GOA Border section of NH-4A,,(-) (-),NHAI,2022-01-01,2022-01-01,,,226.76,Newly Added,July_2026,102.5,,65.9,226.76,,,,,,,2026-07-01,,618942_July_2026
618943,Salem - Ulundurpet section from km 0.313 to km 136.670 of NH-68,,Tamil Nadu,NHAI,2008-01-01,2011-01-01,,861.23,1019.85,Completed,June_2026,100.0,,92.21,940.44,,,,,,36.0,2026-06-01,1.0919731082289283,618943_June_2026
618944,Hyderabad - Maneguda,,(-) (-),NHAI,2021-10-01,2026-11-01,,958.86,958.86,Newly Added,July_2026,431.45,,127.08,1218.49,,,,,,24.0,2026-07-01,0.23152493586133532,618944_July_2026
618945,4L of Kodad Design Km 0.00/Existing Km 185.00 of NH-65 to Khammam Design Km 31.800/Existing Km 29.400 of NH-365A,,(-) (-),NHAI,2021-01-01,2024-05-01,,1149.17,1149.17,Newly Added,July_2026,871.58,,139.84,1606.99,,,,,,28.0,2026-07-01,0.5988496044971587,618945_July_2026
618946,4L of Mehgama - Hansdiha from  km. 41.900 to km. 93.000 of NH -133A Pkg-II,,Jharkhand,NHAI,2023-05-01,2025-05-01,,1479.72,1568.18,Completed,June_2026,100.0,,65.97,1034.52,,,,,,24.0,2026-06-01,0.6991322682669694,618946_June_2026
618947,4L of NH-80 from km 215.00 to km 260.00 Mirza Chauki to Farkka Pkg-I,,(-) (-),NHAI,2018-03-01,2023-07-01,,1504.8,1504.8,Newly Added,July_2026,1038.65,,100.23,1508.21,,,,,,19.0,2026-07-01,0.521424774056353,618947_July_2026
618948,4L of NH-80 section of Mirza Chauki to Farakka section from existing km 190.00 to design km 200.75 junction at km 3.100 of NH 133 B and from existing km 260.00 to existing km 283.00 design km 274.133 in the state of Jharkhand  package - II,,(-) (-),NHAI,2025-02-01,,,,782.18,Newly Added,July_2026,782.18,,,,,,,,,,2026-07-01,,618948_July_2026
618949,4L of Basukinath- Deoghar Section of NH-114A,,(-) (-),NHAI,2022-09-01,2025-12-01,,1444.94,1444.94,Newly Added,July_2026,781.51,,107.53,1553.76,,,,,,24.0,2026-07-01,0.44540949797223417,618949_July_2026
618950,Construction of Bypass to NH-114A Connecting NH-333 and NH-133 Deoghar Bypass from design km 0.000 to design Km 49.000,,(-) (-),NHAI,2024-11-01,2028-01-01,,1565.47,1565.47,Newly Added,July_2026,106.04,,100.0,1565.47,,,,,,24.0,2026-07-01,0.0,618950_July_2026
618951,Hariharganj to Parwa Mode section from km 23.284 to km 57.049 of NH-98,,(-) (-),NHAI,2020-09-01,2020-09-01,,,1125.78,Newly Added,July_2026,474.41,,105.4,1125.78,,,,,,,2026-07-01,,618951_July_2026
618952,4L of Sahibganj - Manihari Ganga Bridge including Manihari Bypass,,(-) (-),NHAI,2016-10-01,2016-10-01,,,1954.77,Newly Added,July_2026,1703.84,,101.19,1954.77,,,,,,,2026-07-01,,618952_July_2026
618953,Umagaon-Saharsa Package-IV Koshi Bridge & approach Road - Bheja-Bakaur,,(-) (-),NHAI,2019-02-01,2023-08-01,,1199.58,1199.58,Newly Added,July_2026,1312.28,,102.03,1223.94,,,,,,42.0,2026-07-01,0.7203521232431351,618953_July_2026
618954,Umagaon - Saharsa Package - I Combined Umagaon-Kaluahi0.000KM to 21.609Km of NH227LSaharghat-Rahika0.000 Km to 26.130KM of NH227JRahika-Rampatti 0.00 KM to 15.00KM of NH527ABideshwarsthan-Bheja0.000KM to 25.915KM of NH527A.,,(-) (-),NHAI,2022-08-01,2027-07-01,,1473.2,1473.2,Newly Added,July_2026,644.37,,115.6,1703.02,,,,,,30.0,2026-07-01,0.021042628292153136,618954_July_2026
618955,2L PS of Majhauli to Charout section from km. 0.00 to km. 63.655,,(-) (-),NHAI,2018-01-01,2021-11-01,,638.29,638.29,Newly Added,July_2026,1096.16,,167.25,1067.51,,,,,,24.0,2026-07-01,0.19611775211894283,618955_July_2026
618956,Construction of Major Bridge over Baghmati and Lakhandei River along with Approaches from Design km.16.500 to km.21.500,,(-) (-),NHAI,2024-02-01,2027-04-01,,498.97,498.97,Newly Added,July_2026,57.23,,76.22,380.3,,,,,,30.0,2026-07-01,0.06413211215103112,618956_July_2026
618957,4 laning of Champa - Korba from km 0.00 to km 38.2,,(-) (-),NHAI,2021-02-01,2024-01-01,,1002.33,1002.33,Newly Added,July_2026,944.68,,130.14,1304.47,,,,,,24.0,2026-07-01,0.0488860953977233,618957_July_2026
618958,2L with ES of Yagyi - Kalewa section from Milepost 40/0 to Milepost 115/5 in Myanmar,,Assam,NHAI,2018-05-01,2023-06-01,,1200.14,1200.14,Newly Added,July_2026,52.0,,0.0,0.0,,,,,,61.0,2026-07-01,0.0,618958_July_2026
618959,4L Prayagraj Greenfield By-pass from design Km 50860 near Nibi Kala Uperhar to design Km 64763 on NH-19 near Khodaypur Kasgaon including Interchange loop at NH-19,,Uttar Pradesh,NHAI,2023-12-01,2025-03-01,,1017.99,427.54,Completed,June_2026,100.0,,96.54,412.74,,,,,,15.0,2026-06-01,0.40544602599239676,618959_June_2026
618960,4 Lane Inner Ring Road around Allahabad City Pkg-2 Prayagraj Southern Bypass 43.200 - 50.860,,(-) (-),NHAI,2023-08-01,2026-06-01,,1377.51,1377.51,Newly Added,July_2026,448.99,,73.15,1007.62,,,,,,30.0,2026-07-01,0.21655741156144057,618960_July_2026
618961,4 Lane Inner Ring Road around Allahabad City Pkg-1 Prayagraj Southern Bypass 34.400  43.200,,(-) (-),NHAI,2025-02-01,2027-12-01,,775.94,775.94,Newly Added,July_2026,70.02,,64.31,498.97,,,,,,24.0,2026-07-01,1.2887594401628992e-05,618961_July_2026
618962,4L of Budhni to Shahganj Bypass End Package-III of NH-146B from Km. 73.750 to Km. 102.000,,(-) (-),NHAI,2024-03-01,2027-08-01,,1102.97,1102.97,Newly Added,July_2026,196.68,,69.83,770.21,,,,,,24.0,2026-07-01,0.010517058487538191,618962_July_2026
618963,Construction work of 4-laning of Shahganj bypass end to Badi Package-IV of NH-146B from design km 102.000 to design km 142.357 Design length 40.357 km,,(-) (-),NHAI,2024-02-01,2027-03-01,,784.14,784.14,Newly Added,July_2026,318.16,,106.7,836.64,,,,,,24.0,2026-07-01,0.14028107225750505,618963_July_2026
618964,4 Laning of Sandalpur to Nasrullaganj Pkg-1 section of NH-146B Length 43.2 Km.,,(-) (-),NHAI,2025-03-01,2028-01-01,,1425.98,1425.98,Newly Added,July_2026,197.81,,100.0,1425.98,,,,,,24.0,2026-07-01,0.004628395910181068,618964_July_2026
618966,Six laning with both sides Service Road of Ayodhya Bypass from Design Km 0000 near Ashram Tiraha on NH-46 to Km 16439 end at Ratnagiri Tiraha on Nh-146,,(-) (-),NHAI,2024-02-01,2027-08-01,,1123.17,1123.17,Newly Added,July_2026,173.6,,98.22,1103.22,,,,,,24.0,2026-07-01,0.01118263486382293,618966_July_2026
618967,Upgradation and Strengthening of Chenani to Nashri Section via Patnitop of NH244 from Km 0.000 to Km 39.100,,(-) (-),NHAI,2024-08-01,2024-03-01,,295.06,295.06,Newly Added,July_2026,,,26.77,295.06,,,,,,24.0,2026-07-01,0.2677421541381414,618967_July_2026
618968,6L access control Greenfield highway of Vill-Khyawari to Vill-Latifpur at Saharanpur Bypass  from Km. 82.000 to Km. 119.790 Pkg-4,,(-) (-),NHAI,2021-03-01,2024-09-01,,1428.19,1428.19,Newly Added,July_2026,1394.63,,100.78,1439.35,,,,,,24.0,2026-07-01,0.8290423543086003,618968_July_2026
618969,4/6L of  Spur to Haridwar Greenfield from Km. 0.000 to Km. 50.70,,(-) (-),NHAI,,2021-11-01,,,,Newly Added,July_2026,2155.95,,,2155.95,,,,,,,2026-07-01,,618969_July_2026
618970,6L access control Greenfield highway of Vill-Lohadda to Vill-Karaunda Mahajan from Km. 27.000 to Km. 56.500 Pkg-2,,(-) (-),NHAI,2021-03-01,2024-09-01,,1335.45,1335.45,Newly Added,July_2026,1253.61,,99.99,1335.38,,,,,,24.0,2026-07-01,0.7327417724362574,618970_July_2026
618971,Pune Metro Rail Project Phase-2 Corridor 2A Vanaz to Chandani Chowk and Corridor 2B Ramwadi to Wagholi/Vitthalwadi,,(-) (-),Maharashtra Metro Rail Corporation Limited [MMRCL],2025-07-01,2029-07-01,,3626.24,3626.24,Newly Added,July_2026,16.17,,100.0,3626.24,,,,,,48.0,2026-07-01,0.00017373367454994707,618971_July_2026
618972,Devbhumi Dwarka [Okha] - Kanalus Doubling,,(-) (-),Western Railway [WR] - II,2025-12-01,2028-12-01,,1456.77,1456.77,Newly Added,June_2026,0.28,,100.0,1456.77,,,,,,36.0,2026-06-01,0.0,618972_June_2026
618976,"Gadarwara Super Thermal Power Project, Stage-II [2x800 MW]",,(-) (-),National Thermal Power Corporation [NTPC],2024-11-01,2030-03-01,,20446.0,20446.0,Newly Added,July_2026,2329.76,,100.0,20446.0,,,,,,58.0,2026-07-01,0.060143304313802215,618976_July_2026
618977,"Development of New Greenfield Airport at Bundi, Kota Rajasthan.",,(-) (-),Airport Authority of India [AAI],2025-08-01,2027-10-01,,1507.0,1507.0,Newly Added,July_2026,81.41,,100.0,1507.0,,,,,,24.0,2026-07-01,0.012475116124751162,618977_July_2026
618978,Gondia - Dongargarh 4th line [84 Km],,(-) (-),South Eastern Central Railway,2025-10-01,2025-10-01,,,2222.53,Newly Added,June_2026,2222.53,,,2222.53,,,,,,,2026-06-01,,618978_June_2026
618981,810 MW Solar Power Project - Rajasthan,,(-) (-),NLC India Limited [NLCIL],2024-10-01,,,,4147.07,Newly Added,July_2026,249.95,,100.0,4147.07,,,,,,,2026-07-01,,618981_July_2026
618982,Talabira II & III OCP - FMC,,(-) (-),NLC India Limited [NLCIL],2022-10-01,2026-06-01,,522.45,522.45,Newly Added,July_2026,334.44,,100.0,522.45,,,,,,37.0,2026-07-01,0.6174944970810604,618982_July_2026
618985,Pune Metro Rail Project Phase-2 Line-4 Kharadi to Khadakwasla with Spur Line 4A Nal Stop - Warje - Manikbaug,,(-) (-),Maharashtra Metro Rail Corporation Limited [MMRCL],2025-12-01,2030-12-01,,9857.85,9857.85,Newly Added,July_2026,8.62,,100.0,9857.85,,,,,,60.0,2026-07-01,9.129779820143337e-06,618985_July_2026
618986,Furkating-New Tinsukia[194 Km],,Assam,Northeast Frontier Railway [NFR],2025-09-01,2029-06-01,,3633.58,3633.58,Newly Added,June_2026,0.0,,0.0,0.0,,,,,,45.0,2026-06-01,0.0,618986_June_2026
618991,200 MW SPP part of 510 MW CPSU scheme,,(-) (-),NLC India Limited [NLCIL],2022-07-01,2026-12-01,,1221.41,1221.41,Newly Added,July_2026,71.51,,100.0,1221.41,,,,,,33.0,2026-07-01,0.05204640538394151,618991_July_2026
618992,100 MW SPP part of SECI 150 MW Hybrid,,(-) (-),NLC India Limited [NLCIL],2022-07-01,2026-12-01,,480.68,480.68,Newly Added,July_2026,2.75,,100.0,480.68,,,,,,32.0,2026-07-01,0.00534659232753599,618992_July_2026
618995,New Line between Junagarh - Nabarangpur [116.21 Km],,(-) (-),Indian Railway,2024-08-01,2030-08-01,,2864.51,2864.51,Newly Added,June_2026,1.06,,100.0,2864.51,,,,,,60.0,2026-06-01,0.0,618995_June_2026
619003,Solan - Kaithlighat Section of NH-22 Now NH-5 from Km. 106.139 to Km.129.05,,(-) (-),NHAI,2018-03-01,2021-05-01,,881.74,881.74,Newly Added,July_2026,1347.79,,172.33,1519.53,,,,,,30.0,2026-07-01,0.6413341801438066,619003_July_2026
619004,"Construction of Dubrajpur Bypass with 4-lane configuration of length 5.676 km on NH- 60   new NH-14    from design chainage 0.00   existing km 316.135 on NH-60    to design chainage 5.676   existing km 320.980 on NH-60    in the district of Birbhum, West Bengal under Annual Plan 2022-23 in EPC Mode- reg.    Job. No. 014-WB-2022- 23/518   .",,(-) (-),MoRTH,2023-03-01,2027-12-01,,560.79,560.79,Newly Added,July_2026,0.31,,100.0,560.79,,,,,,24.0,2026-07-01,0.0,619004_July_2026
619005,Construction of bypass around Chatra Town on NH-22 old NH-99 in the state of Jharkhand under EPC Mode,,(-) (-),MoRTH,2023-03-01,2028-01-01,,235.42,235.42,Newly Added,July_2026,0.86,,84.61,199.2,,,,,,24.0,2026-07-01,0.0,619005_July_2026
619007,shoulder configuration along with One time improvement of 1 .95 km in the State of Madhya Pradesh on EPC mode.,,(-) (-),MoRTH,2023-03-01,2028-01-01,,461.23,461.23,Newly Added,July_2026,2.77,,100.0,461.23,,,,,,24.0,2026-07-01,0.24066084166251112,619007_July_2026
619008,Rehabilitation and Up gradation of Charthana  Jintur Section of NH 752 I Km 25100 to 47100 to 2 Lane with Paved Shoulder configuration Flexible Pavement in the state of Maharashtra on EPC mode. Reg- Resubmission of Annual Plan Estimate.,,(-) (-),MoRTH,2025-03-01,2027-07-01,,157.69,157.69,Newly Added,July_2026,0.01,,100.0,157.69,,,,,,18.0,2026-07-01,0.989282769991756,619008_July_2026
619009,Upgradation to Two Lane with Paved Shoulders from Km 0.000 to Km 41.920 Green Field Alignment of Gowrelly to Valigonda Section of NH-930P in the State of Telangana on EPC Mode under Annual Plan 2022-23,,(-) (-),MoRTH,2022-11-01,2028-04-01,,690.33,690.33,Newly Added,July_2026,0.0,,100.0,690.33,,,,,,23.0,2026-07-01,0.07822345834600843,619009_July_2026
619010,Up-gradation to 2 lane with paved shoutders of Pawlrang - Rulchawm section- of NH-102B of Aizawl - Imphal Economic Corridor from Existing Chainage km 72.030 to km 104.129 including 2.459 km re-alignment section from Tuivai River to Rulchawm connecting km 48.150 of NH-6 [Design Chainage km 68.170 to km 98.579] in the State of Mizoram under Bharatmala Pariyojna on EPC mode under NHO-NE Package-3  Keifang- Tuivai Pkg-3,,Mizoram,NHIDCL,2023-11-01,2025-05-01,,500.88,500.88,Newly Added,July_2026,99.52,,88.57,443.61,,,,,,18.0,2026-07-01,0.8856612362242454,619010_July_2026
619013,"Construction of Balance Work of 4-Laning of the Section from Jhanji to Demow of NH-37 Old from Km 501.800 to Km 514.800 13.000 Km, under SARDP- NE under EPC Mode in the state of Assam Pkg-II Road Works",,Assam,NHIDCL,2024-10-01,2026-01-01,,508.76,542.87,Newly Added,July_2026,73.88,,20.48,111.18,,,,,,15.0,2026-07-01,0.2185313310794874,619013_July_2026
619014,"lmprovement and Widening to 2 lane with paved Shoulder of NH-15 old NH-52 from Existing Km 770.600 Design Km 24.819 to Existing km 805.750 Design Km 59.885 Kamlang T-Junction to Chowkham, Existing Length 35.150 Km, Design Length-35.066 Km in the state of Arunachal Pradesh on EPC mode Pkg-2",,Arunachal Pradesh,NHIDCL,2026-02-01,2028-02-01,,316.73,316.73,Newly Added,July_2026,15.06,,11.04,34.98,,,,,,24.0,2026-07-01,0.11044106968080067,619014_July_2026
619022,"Metro connectivity from Millennium  City Centre to Cyber City with Spur to Dwarka Expressway, Gurugram.",,(-) (-),Gurugram Metro Rail Limited [GMRL],2023-07-01,2027-07-01,,5452.72,5452.72,Newly Added,July_2026,193.32,,100.0,5452.72,,,,,,35.0,2026-07-01,0.01689432063263839,619022_July_2026
619024,Mahan Transmission Limited,,(-) (-),Adani Transmission Limited,2025-03-01,2027-04-01,,3125.32,3125.32,Newly Added,July_2026,542.79,,100.0,3125.32,,,,,,25.0,2026-07-01,0.01625113588368551,619024_July_2026
619025,RAJASTHAN PART I POWER TRANSMISSION LIMITED,,(-) (-),Adani Transmission Limited,,2025-01-01,,,,Newly Added,July_2026,,,,25000.0,,,,,,,2026-07-01,,619025_July_2026
619026,KPSIII HVDC Transmission Limited,,(-) (-),Adani Transmission Limited,2025-12-01,2029-12-01,,19000.0,19000.0,Newly Added,July_2026,20.0,,100.0,19000.0,,,,,,48.0,2026-07-01,0.0,619026_July_2026
619027,WRNES Talegaon Power Transmission Limited,,(-) (-),Adani Transmission Limited,2025-05-01,2028-01-01,,2000.0,2000.0,Newly Added,July_2026,25.0,,100.0,2000.0,,,,,,32.0,2026-07-01,0.0,619027_July_2026
619028,Augmentation of 1x500 MVA 400/220kV ICT [3rd] at Thrissur VSC HVDC Station in Kerala,,(-) (-),Power Grid Corporation of India Limited [POWERGRID],2025-08-01,2027-08-01,,173.14,173.14,Newly Added,July_2026,2.08,,100.0,173.14,,,,,,24.0,2026-07-01,0.005198105579299989,619028_July_2026
619029,Transmission System for Reliable Power Supply to Dholera,,(-) (-),Power Grid Corporation of India Limited [POWERGRID],2024-09-01,2026-03-01,,319.42,319.42,Newly Added,July_2026,70.27,,100.0,319.42,,,,,,18.0,2026-07-01,0.040072631644856305,619029_July_2026
619030,Inter-Regional Strengthening between SR Grid and ER Grid,,(-) (-),Power Grid Corporation of India Limited [POWERGRID],2026-02-01,,,,2722.5,Newly Added,July_2026,2722.5,,,,,,,,,,2026-07-01,,619030_July_2026
619031,Delhi Metro Rail Phase V A,,(-) (-),Delhi Metro Rail Corporation Limited [DMRC],2026-01-01,2028-12-01,,12014.91,12014.91,Newly Added,July_2026,264.98,,100.0,12014.91,,,,,,35.0,2026-07-01,0.0001722859347261028,619031_July_2026
619032,JAYANT EXPN. [20 TO 38 MTPA],,(-) (-),NCL - CIL,2025-02-01,2032-03-01,,25560.48,25560.48,Newly Added,July_2026,333.3,,100.0,25560.48,,,,,,85.0,2026-07-01,0.0010758796391930042,619032_July_2026
619033,"1000 seater Boys hostel, 500 seater Girls hostel, 1.5 MLD Sewage Treatment Plant and Faculty Residence - 72 nos. Flats",,(-) (-),NIT Rourkela,2023-09-01,2026-06-01,,198.97,198.97,Newly Added,July_2026,53.01,,100.0,198.97,,,,,,29.0,2026-07-01,0.15821480625219883,619033_July_2026
619038,Construction/upgradation to 2-lane with paved shoulder from Design Km 95.55 Bandarkoot to Km. 111.06 Chattroo of 15.52 Km length on Khellani-Kishtwar-Chattroo section on NH-244  in UT of Jammu and Kashmir on EPC Mode Pkg-5,,(-) (-),NHIDCL,2021-03-01,2021-03-01,,,497.09,Newly Added,July_2026,88.25,,100.0,497.09,,,,,,,2026-07-01,,619038_July_2026
619039,"Balance Works of Rehabilitation and Up gradation of NH-43 New NH-30 from Krn 162120 to Krn 173500 Length 11.380 Km. Keshkal Bypass 4-Lane with Paved shoulder in the State Of Chhattisgarh under NHDP-IV through Engineering, Procurement & Construction EPC Basis",,(-) (-),MoRTH,2025-06-01,2028-06-01,,307.96,307.96,Newly Added,July_2026,0.0,,100.0,307.96,,,,,,24.0,2026-07-01,0.019483049746720355,619039_July_2026
619042,"Construction of six lane Flyover at Katraj junction at Km, 3/880 of NH 548-DD Vadgaon - Katraj - Kondhwa - Mantarwadi Chowk - Loni Kalbhor - Theur Phata - Lonikand Road    in Pune Dist of the State of Maharashtra. On Engineering Procurement and construction   EPC    Basis mode   L.1.326 Km,",,(-) (-),MoRTH,2021-02-01,2024-02-01,,163.51,163.51,Newly Added,July_2026,80.23,,100.0,163.51,,,,,,23.0,2026-07-01,0.0,619042_July_2026
619043,Capacity Augmentation in the stretch of DhulePimpalgaon section of NH60 Km. 261.720 to Km. 380.000 by Construction of Slip/Service Road on either side at various locations total length 30.30 Km LHSRHS and Flyover 2 x 30m at Sawadgaon Phata Km. 310.415,,Maharashtra,NHAI,2026-04-01,2026-10-01,,341.63,,Newly Added,July_2026,,,7.32,25.0,,,,,,6.0,2026-07-01,0.07317858501888008,619043_July_2026
619045,Construction of New Double Tier 4L Elevated Corridor from Chennai Port to Maduravoyal in Chennai District from km -0.342 to Km 20.593 and Package IV from Km 14.185 to Km 20.593,,(-) (-),NHAI,2023-03-01,2026-05-01,,1205.4,1205.4,Newly Added,July_2026,88.16,,100.4,1210.21,,,,,,30.0,2026-07-01,0.17919362867098057,619045_July_2026
619049,Khavda IVA Power Transmission Limited,,(-) (-),Adani Transmission Limited,2024-08-01,2026-08-01,,4500.0,4500.0,Newly Added,July_2026,2772.7,,100.0,4500.0,,,,,,24.0,2026-07-01,0.4169622222222222,619049_July_2026
619051,"Nabinagar Super Thermal Power Project, Stage-II [3x800 MW]",,(-) (-),National Thermal Power Corporation [NTPC],2024-11-01,2030-07-01,,29948.0,29948.0,Newly Added,July_2026,3422.25,,100.0,29948.0,,,,,,64.0,2026-07-01,0.06445305195672499,619051_July_2026
619052,LUCKNOW METRO RAIL PROJECT PHASE-1B EAST WEST CORRIDOR,,(-) (-),Uttar Pradesh metro rail corporation [UPMRC],2025-09-01,2031-04-01,,5801.05,5801.05,Newly Added,July_2026,0.05,,100.0,5801.05,,,,,,59.0,2026-07-01,0.0,619052_July_2026
619053,RPR FOR RAMPUR BATURA OCP,,(-) (-),SECL - CIL,2025-05-01,2030-03-01,,1604.69,1604.69,Newly Added,July_2026,75.28,,100.0,1604.69,,,,,,58.0,2026-07-01,0.0,619053_July_2026
619054,Development of Keshod Airport.,,(-) (-),Airport Authority of India [AAI],2024-01-01,2027-01-01,,363.1,363.1,Newly Added,July_2026,108.64,,100.0,363.1,,,,,,18.0,2026-07-01,0.05637565408978242,619054_July_2026
619055,SAONER-III EXPN UG MINE 1.54,,(-) (-),WCL - CIL,2025-08-01,2032-03-01,,444.42,444.42,Newly Added,July_2026,0.0,,100.0,444.42,,,,,,79.0,2026-07-01,0.0,619055_July_2026
619056,"Darlipali Super Thermal Power Project, Stage-II [1x800 MW]",,(-) (-),National Thermal Power Corporation [NTPC],2025-11-01,,,,11131.0,Newly Added,July_2026,566.2,,100.0,11131.0,,,,,,,2026-07-01,,619056_July_2026
619057,Construction of 4-Lane Badarpur Bypass from Design Chainage km 27300 at crossing with NH-6 Old NH-44 Near Siddeswar Pt.-I Village to Design Chainage km 38600 on NH-37 Old NH-44 at Kandigram Chaita Village on Silchar - Churaibari stretch in the State of Assam on EPC Mode under Bharatmala Pariyojana in Economic Corridors Silchar- Churaibari Pkg-3,,Assam,NHIDCL,2024-02-01,2026-08-01,,574.26,574.26,Newly Added,July_2026,71.09,,57.64,330.98,,,,,,30.0,2026-07-01,0.5763591404590256,619057_July_2026
619059,Construction of 2-Lane with hard shoulders of Merangkong-Tamlu-Mon Road on EPC Basis from existing road Km. 76.640 to Km 98.065 Design chainage Km. 63.800 to Km. 86.835 Design Length-23.035 Km in the state of Nagaland under SARDP-NE  PKG-IV Balance work,,Nagaland,NHIDCL,2023-09-01,2025-09-01,,323.98,323.98,Newly Added,July_2026,79.03,,45.49,147.37,,,,,,24.0,2026-07-01,0.45487375763936044,619059_July_2026
619060,"Construction of Balance Work of 4-Laning of the Section from Jhanji to Demow of NH-37 Old from Km 514.800 to Km 534.800 20.000 Km, under SARDP- NE under EPC Mode in the state of Assam Pkg-III Road Works",,Assam,NHIDCL,2024-10-01,2025-09-01,,344.71,619.7,Newly Added,July_2026,72.0,,9.13,56.58,,,,,,11.0,2026-07-01,0.1641379710481274,619060_July_2026
619061,Construction of 4 lane with PS Idar-Badoli bypass section from design km 81/300 to km 95/500 of NH 168G in the State of Gujarat,,(-) (-),MoRTH,2025-03-01,2028-05-01,,705.09,705.09,Newly Added,July_2026,0.0,,100.0,705.09,,,,,,24.0,2026-07-01,0.03545646655036946,619061_July_2026
619063,4L Greenfield spur from Delhi-Vadodara Greenfield expressway near Bandikui to Jaipur,,Rajasthan,NHAI,2022-11-01,2024-11-01,,1636.15,2170.39,Completed,June_2026,100.0,,59.13,1283.3,,,,,,24.0,2026-06-01,0.7843412890016196,619063_June_2026
619064,Vadodara Mumbai Expressway Talsari to Karvad Phase IB - Pkg X [Km 103.400 to Km 128.000],,(-) (-),NHAI,,,,,,Newly Added,July_2026,,,,,,,,,,,2026-07-01,,619064_July_2026
619065,4L Expressway from Km 26.400 to km 53.500 of Malur to Bangarpet section of Bangalore-Chennai Expressway Phase-I Package-II,,(-) (-),NHAI,2020-12-01,2023-09-01,,1745.0,1745.0,Newly Added,July_2026,1103.49,,99.12,1729.63,,,,,,24.0,2026-07-01,-0.03127220630372493,619065_July_2026
619066,Delhi-Amritsar-Katra Expressway Phase-II Pkg-XIV from Junction with Pathankot- Gurdaspur road NH-54 near Balsua to Junction with Hiranagar Road near village Gurha Baildaran km 423500 to km 468100,,(-) (-),NHAI,,2021-10-01,,,,Newly Added,July_2026,3044.02,,,3044.02,,,,,,,2026-07-01,,619066_July_2026
619067,6L of Chiloda-Naroda section from Km. 540.595 to  Km. 555.595 of NH- 8Package-VII,,Gujarat,NHAI,2017-05-01,2019-05-01,,356.6,463.03,Completed,June_2026,100.0,,95.69,443.07,,,,,,24.0,2026-06-01,1.2424845765563657,619067_June_2026
619068,Construction of Greenfield Connectivity to Jewar International Airport from DND- Faridabad-Ballabhgarh Bypass KMP Link - Spur to Delhi Mumbai Expressway,,(-) (-),NHAI,,2022-07-01,,,,Newly Added,July_2026,2920.69,,,2920.69,,,,,,,2026-07-01,,619068_July_2026
619069,Satara Km 725.000 to Pune Km 865.350 of NH - 4 New NH - 48 in Maharashtra,,(-) (-),NHAI,2009-09-01,2022-05-01,,361.72,361.72,Newly Added,July_2026,387.04,,117.64,425.51,,,,,,139.0,2026-07-01,0.1304323786354086,619069_July_2026
619070,Tumkur-Chitradurga,,Karnataka,National Highways Authority of India [NHAI],2011-06-01,2013-12-01,,839.0,839.0,Completed,May2026,100.0,,5.65,47.44,,,,,,30.0,2026-05-01,0.0007747318235995233,619070_May2026
619071,Tumkur - Nelamangala 6L,,(-) (-),NHAI,2021-03-01,2025-08-01,,2032.15,2032.15,Newly Added,July_2026,1086.24,,81.89,1664.2,,,,,,36.0,2026-07-01,0.2472356863420515,619071_July_2026
619072,Bangalore/TN border to Hoskote,,(-) (-),NHAI,2022-02-01,2025-02-01,,1181.68,1181.68,Newly Added,July_2026,1153.14,,109.82,1297.76,,,,,,24.0,2026-07-01,0.6545511475187868,619072_July_2026
619073,4L of 42.000 to km 80.00 of Dodaballapur Bypass to Hoskote section of NH-648  Old NH-207 [Bangalore Ring Road Pkg 2],,(-) (-),NHAI,2020-02-01,2023-02-01,,1317.74,1317.74,Newly Added,July_2026,1367.2,,140.13,1846.52,,,,,,24.0,2026-07-01,0.5628196761121314,619073_July_2026
619074,6-laning of Krishnagiri Km.0.000 to Walajahpet Km.148.300 section on NH-46 under NHDP-V,,(-) (-),NHAI,2009-12-01,2013-12-01,,1673.17,1673.17,Newly Added,July_2026,707.81,,46.72,781.74,,,,,,30.0,2026-07-01,0.005050293753772778,619074_July_2026
619075,6L of Bhubaneswar - Jagatpur - Chandikhole Section of NH-16,,Odisha,NHAI,2011-12-01,2014-06-01,,639.3,632.89,Completed,June_2026,100.0,,91.52,579.23,,,,,,30.0,2026-06-01,0.9060378539027062,619075_June_2026
619076,Six Laning of Vijayawada Bypass from Chinna Avutapalli to Gollapudi in Vijayawada - Gundugolanu Section from km. 0.00 to km. 30.00 Pkg-III,,(-) (-),NHAI,2020-01-01,2023-02-01,,1581.24,1581.24,Newly Added,July_2026,1024.51,,119.13,1883.71,,,,,,24.0,2026-07-01,0.36699678733146135,619076_July_2026
619077,6 laning of Balance Work of Chennai - Tada from km. 21.40 to km. 54.40,,(-) (-),NHAI,2017-12-01,,,,464.62,Newly Added,July_2026,464.62,,101.67,472.37,,,,,,,2026-07-01,,619077_July_2026
619078,Six Laning of Bihar - Jharkhand Border Chordaha - Gorhar section of NH-2 from km 249.525 to km 320.810,,(-) (-),NHAI,2017-12-01,2017-12-01,,,1772.7,Newly Added,July_2026,253.22,,95.29,1772.7,,,,,,,2026-07-01,,619078_July_2026
619080,4L PS of Ambala Ring Road of New NH-44,,(-) (-),NHAI,2023-02-01,2025-10-01,,1093.35,1093.35,Newly Added,July_2026,595.59,,112.08,1225.41,,,,,,24.0,2026-07-01,0.32287007820002744,619080_July_2026
619083,Thumbipadi-Namakkal from km. 180.00 to km. 248.625 Package No. NS- 2/BOT/TN-02,,Tamil Nadu,NHAI,2006-08-01,,,255.53,395.43,Completed,June_2026,100.0,,99.24,392.41,,,,,,,2026-06-01,1.535670958400188,619083_June_2026
619084,Start of Karur Bypass - Dindigul from km. 292.600 to km. 305.600 Contract Package No. NS2/BOT/TN-4,,Tamil Nadu,NHAI,2006-10-01,2009-04-01,,461.54,515.03,Completed,June_2026,100.0,,43.24,222.72,,,,,,30.0,2026-06-01,0.4825583914720284,619084_June_2026
619086,Chengapalli km 102.035 to Neelambur Km144.680 and Madukkarai Km 170.880 to Walayar K183.010 Package No. NS-2/BOT/TN-08,,(-) (-),NHAI,2009-10-01,2013-03-01,,852.0,1247.43,Newly Added,July_2026,7.24,,22.89,285.55,,,,,,30.0,2026-07-01,0.0003755868544600939,619086_July_2026
619087,Widening to 6L of Existing 4L Jetpur - Gondal - Rajkot Section from Km. 117.600 to Km. 185.00 on NH-27,,(-) (-),NHAI,2022-03-01,2025-09-01,,2070.44,2070.44,Newly Added,July_2026,1117.01,,67.15,1390.29,,,,,,24.0,2026-07-01,0.3615898069975464,619087_July_2026
619089,Balance work of 4L of NarimbangloJatinga Junction- Harangajoroad section from Km 0.000 to Km 49.230 of NH-27,,Assam,NHAI,2023-01-01,2026-01-01,,1909.98,2745.74,Newly Added,July_2026,98.0,,50.74,1393.08,,,,,,36.0,2026-07-01,0.7293688939151195,619089_July_2026
619090,8L of Dwarka Expressway Pkg-II RuB near Dwarka Sector 21-DL/HR Border from 5.300 Km.to 9.500 Km. of NH-248BB,,(-) (-),NHAI,2018-01-01,2021-10-01,,2067.67,2067.67,Newly Added,July_2026,2381.53,,129.14,2670.22,,,,,,24.0,2026-07-01,0.30405238746995406,619090_July_2026
619092,4L of Jind-Gohana road Package-1 from km. 0.00 to km. 40.601 of NH-352 A under NHO,,(-) (-),NHAI,2019-01-01,2022-07-01,,994.22,994.22,Newly Added,July_2026,1064.47,,161.62,1606.82,,,,,,24.0,2026-07-01,0.41921305143730764,619092_July_2026
619093,4L Ismailabad to Ambala Section of NH-152 Lot-4/Package-1,,(-) (-),NHAI,2023-02-01,2023-02-01,,,609.32,Newly Added,July_2026,153.43,,74.57,609.32,,,,,,,2026-07-01,,619093_July_2026
619094,Thorapalli - Agraharam - Jittandahalli Section from km 23.350 to km 60.100 [Hosur to Dhamrapuri Pkg-2],,(-) (-),NHAI,2019-02-01,2023-12-01,,1243.57,1243.57,Newly Added,July_2026,827.88,,102.3,1272.11,,,,,,24.0,2026-07-01,0.41002919015415296,619094_July_2026
619095,Balance works of 4L Panvel  Indapur section of NH66 old NH17 from km 42.300 kasu to km 84.600 Indapur,,(-) (-),NHAI,2022-06-01,2024-05-01,,546.44,546.44,Newly Added,July_2026,420.83,,86.4,472.1,,,,,,18.0,2026-07-01,0.6968926140106873,619095_July_2026
619096,Goa / Karnataka Km.93.700 to Kundapur Km.283.30,,(-) (-),NHAI,2012-07-01,2016-08-01,,1644.92,1644.92,Newly Added,July_2026,1849.51,,121.04,1990.99,,,,,,29.0,2026-07-01,0.015356369914646305,619096_July_2026
619097,Thalassery Mahe Bypass Km 170.600 to Km 189.200 of NH-17New NH-66 in Kerala,,(-) (-),NHAI,2017-09-01,,,,1181.12,Newly Added,July_2026,1181.12,,133.19,1573.18,,,,,,,2026-07-01,,619097_July_2026
619098,Kozhikode Bypass Calicut Bypass Vengalam Jn. to Ramanattukara Jn.,,(-) (-),NHAI,2018-02-01,2023-02-01,,1424.77,1424.77,Newly Added,July_2026,1066.67,,150.14,2139.18,,,,,,24.0,2026-07-01,0.32729493181355584,619098_July_2026
619099,6L Amritsar-Bathinda Greenfield section  from Jn. with Moga Jalandhar road NH-703 near Dharamkot to Jn. with Bhagta Bhai Ka-Bhadaur Road near Dyalpura Bhai Ka from km 39.000 to km 93.000 of NH-754A Pkg-2,,(-) (-),NHAI,2021-03-01,2026-06-01,,1801.37,1801.37,Newly Added,July_2026,1268.39,,120.61,2172.71,,,,,,24.0,2026-07-01,0.3216329793434997,619099_July_2026
619100,Dhangaon - Borgaon section km 81.000 to km 139.000 [Indore - Edlabad Pkg IV],,(-) (-),NHAI,2020-01-01,2023-08-01,,866.0,866.0,Newly Added,July_2026,746.57,,136.84,1185.04,,,,,,24.0,2026-07-01,0.6064665127020785,619100_July_2026
619101,4L Shahpur to Muktainagar from Km. 186.000 to km 216.278  of NH 753L Pkg II of Boregaon Buzurg to Muktainagar,,(-) (-),NHAI,2022-12-01,,,,784.35,Newly Added,July_2026,784.35,,84.08,659.52,,,,,,,2026-07-01,,619101_July_2026
619102,4 L of China Orampadu-Renigunta section of NH-716 Package-II of Kadapa- Renigunta section,,(-) (-),NHAI,2022-12-01,2028-03-01,,1500.11,1500.11,Newly Added,July_2026,121.06,,100.0,1500.11,,,,,,24.0,2026-07-01,0.025998093473145304,619102_July_2026
619103,4/6 Laning of Raipur-Simga Pkg-I from km. 0.00 to km. 48.58,,(-) (-),NHAI,2015-10-01,2018-04-01,,1096.52,1096.52,Newly Added,July_2026,905.32,,106.92,1172.36,,,,,,24.0,2026-07-01,0.01706307226498377,619103_July_2026
619104,4L/2L PS of Govindpur Raiganj - Chas - WB border section of from km. 0.00 to km. 56.889 of Old NH-32,,Multi-States (West,NHAI,2016-03-01,2019-12-01,,1139.65,1139.65,Completed,June_2026,100.0,,101.33,1154.8,,,,,,24.0,2026-06-01,0.13425174395647785,619104_June_2026
619105,6L Access Controlled Ludhiana-Bathinda Greenfield highway from Jn. with Moga- Barnala Road NH-703 near village Tallewal to Jn. with Delhi-Katra Expressway NE-5 near Ludhiana village Ballowal from Km 30.300 to Km 75.543 of NH-754AD Pkg-2,,(-) (-),NHAI,2021-07-01,2027-09-01,,1555.13,1555.13,Newly Added,July_2026,711.39,,100.61,1564.66,,,,,,24.0,2026-07-01,0.08601853221274106,619105_July_2026
619106,4 Lane with PS from Des. Ch 182.300 to Des. Ch. 228.500 of Belgaum-Hungund- Raichur Section of NH 748 A  Package-5,,(-) (-),NHAI,2023-03-01,2026-11-01,,1141.88,1141.88,Newly Added,July_2026,255.41,,76.07,868.65,,,,,,24.0,2026-07-01,0.15321224647073245,619106_July_2026
619107,4 Lane with PS from Des. Ch 136.100 to Des. Ch. 182.300 of Belgaum-Hungund- Raichur Section of NH-748A Package-4,,(-) (-),NHAI,2024-02-01,2027-09-01,,1311.41,1311.41,Newly Added,July_2026,227.73,,85.66,1123.35,,,,,,24.0,2026-07-01,0.0009226710182170335,619107_July_2026
619108,4 Lane with PS from Des. Ch 0.000 to Des. Ch. 43.800 of Belgaum-Hungund-Raichur Section of NH-748A Package-1,,(-) (-),NHAI,2024-02-01,2027-06-01,,1452.43,1452.43,Newly Added,July_2026,490.31,,86.51,1256.55,,,,,,24.0,2026-07-01,0.0803618763038494,619108_July_2026
619109,6L of Badakumari - Karki Section from Km 179.000 to km 226.500 of NH-130-CD Package  OD-3,,(-) (-),NHAI,2021-03-01,2024-04-01,,1101.76,1101.76,Newly Added,July_2026,713.46,,124.75,1374.43,,,,,,24.0,2026-07-01,0.46541896601800753,619109_July_2026
619112,6L Kantakapalle  Sabbavaram Section of NH-130CD Road from Km 445.100 to Km 464.662 Pkg-4,,(-) (-),NHAI,2021-02-01,2024-10-01,,1012.57,1012.57,Newly Added,July_2026,702.4,,100.0,1012.57,,,,,,24.0,2026-07-01,0.5015060687162369,619112_July_2026
619113,4L of Padalur - Trichy section from km. 285.00 to km. 325.00 of NH - 45 Pkg VI-C,,Tamil Nadu,NHAI,2006-11-01,2026-02-01,,555.8,555.8,Completed,July_2026,100.0,,42.43,235.8,,,,,,231.0,2026-07-01,-0.0001439366678661389,619113_July_2026
619114,Indore - Harda Pkg-II [Raghavgarh to Nanasa from km. 29.30 to km. 92.30],,(-) (-),NHAI,2023-01-01,2026-03-01,,1081.51,1081.51,Newly Added,July_2026,369.46,,106.02,1146.63,,,,,,24.0,2026-07-01,0.27749165518580504,619114_July_2026
619115,4L of Byrapura to Challakere Section from km 308.550 to km 358.500 of NH-150 A,,Karnataka,National Highways Authority of India [NHAI],2018-12-01,2020-12-01,,796.77,796.77,Completed,March_2026,100.0,,150.05,1195.54,,,,,,24.0,2026-03-01,0.09776974534683787,619115_March_2026
619117,Hassan km 184.912 to Maranahally km 230.060 of NH - 75 in Karnataka,,(-) (-),NHAI,2015-12-01,2019-03-01,,1021.57,1021.57,Newly Added,July_2026,1068.91,,106.84,1091.4,,,,,,24.0,2026-07-01,0.06151316111475474,619117_July_2026
619118,Four Laning of Angul to Sambalpur from Km.112.000 to Km.265.000,,(-) (-),NHAI,2016-09-01,2019-08-01,,2510.04,2510.04,Newly Added,July_2026,2464.91,,104.9,2632.91,,,,,,29.0,2026-07-01,0.012430080795525171,619118_July_2026
619119,Cuttack-Angul Section of NH-42 New NH-55 from km 0.400 to km 60.200 Pkg-I in the State of Odisha,,(-) (-),NHAI,2017-10-01,2020-07-01,,999.32,999.32,Newly Added,July_2026,1128.52,,117.91,1178.31,,,,,,30.0,2026-07-01,0.016040907817315774,619119_July_2026
619120,Nidagatta-Mysore Pkg II,,(-) (-),NHAI,2018-02-01,2022-06-01,,2919.8,2919.8,Newly Added,July_2026,3715.84,,140.9,4113.89,,,,,,30.0,2026-07-01,0.24366052469347216,619120_July_2026
619121,4L of Hubli - Hospet Section of NH-63 from Km 128.850 to Km 272.571,,Karnataka,NHAI,2017-03-01,2020-03-01,,2531.99,3619.32,Completed,June_2026,100.0,,97.33,3522.85,,,,,,36.0,2026-06-01,1.3913364586747974,619121_June_2026
619122,Akshardham - DL/UP Border Pkg-01,,Multi-States (Uttar,NHAI,2020-09-01,2020-09-01,,,1479.22,Completed,June_2026,100.0,,99.83,1476.75,,,,,,,2026-06-01,,619122_June_2026
619123,6L  Access Controlled Greenfield Highway from Narayanmpet Ch. 203500 to Chandrasekharpuram Ch. 228000Package-10,,(-) (-),NHAI,2023-02-01,2026-02-01,,813.66,813.66,Newly Added,July_2026,223.35,,83.35,678.21,,,,,,24.0,2026-07-01,0.20603200353956197,619123_July_2026
619124,6L Access Controlled Greenfield Highway from Polavaram Ch. 260000 to Marripudi Ch. 285500 of [NH-544G]Package-12,,(-) (-),NHAI,2023-02-01,2026-02-01,,747.29,747.29,Newly Added,July_2026,250.93,,83.88,626.83,,,,,,24.0,2026-07-01,0.23921101580377097,619124_July_2026
619125,6L  Access Controlled Greenfield Highway from Somavarappadu Ch.314.600 to Muppavaram Ch.343240 of [NH-544G] Package-14,,(-) (-),NHAI,2023-02-01,2026-02-01,,1103.9,1103.9,Newly Added,July_2026,267.61,,85.48,943.66,,,,,,24.0,2026-07-01,0.14635383639822447,619125_July_2026
619126,6L  Access Controlled Greenfield Highway from Marripudi Ch. 285500 to Somavarappadu Ch. 314600 of [NH-544G] Package-13,,(-) (-),NHAI,2023-02-01,2026-02-01,,976.41,976.41,Newly Added,July_2026,370.82,,81.8,798.71,,,,,,24.0,2026-07-01,0.26599481775073996,619126_July_2026
619127,4L of Greenfield Alignment from Km. 47.000 to Km. 89.210 of  Balbhadarpur to Bela Nawda Section  of NH-119D,,(-) (-),NHAI,2022-03-01,2026-03-01,,2185.75,2185.75,Newly Added,July_2026,764.97,,96.92,2118.46,,,,,,24.0,2026-07-01,0.17092531167791378,619127_July_2026
619128,Khammam-Devarapalle Pkg II [4L Access Controlled Greenfield from Somavaram village to Chintagudem village Design Chainage 33604 to 63117],,(-) (-),NHAI,2021-01-01,2024-09-01,,615.78,615.78,Newly Added,July_2026,524.11,,159.41,981.64,,,,,,24.0,2026-07-01,0.5905680600214362,619128_July_2026
619129,Mahabalipuram - Pondicherry Pkg-I [Mamallapuram to Mugaiyur],,(-) (-),NHAI,2019-02-01,2024-05-01,,1360.54,1360.54,Newly Added,July_2026,904.84,,108.63,1477.94,,,,,,24.0,2026-07-01,0.40583150807767504,619129_July_2026
619130,Mahabalipuram - Pondicherry Pkg-II [Mugaiyur to Marakkanam],,(-) (-),NHAI,2019-02-01,2025-12-01,,1116.13,1116.13,Newly Added,July_2026,804.69,,131.15,1463.75,,,,,,24.0,2026-07-01,0.4646591346886115,619130_July_2026
619131,Four Laning of Chettikulam to Natham section of NH-785,,(-) (-),NHAI,2018-03-01,2020-11-01,,837.61,837.61,Newly Added,July_2026,641.93,,98.37,823.93,,,,,,24.0,2026-07-01,0.0006805076348181133,619131_July_2026
619132,4/6L of Gurgaon - Pataudi - Rewari from km. 0.00 to km.43.87 of NH-352W,,(-) (-),NHAI,2020-05-01,2023-11-01,,1810.04,1810.04,Newly Added,July_2026,1267.55,,105.94,1917.5,,,,,,24.0,2026-07-01,0.2552540275353031,619132_July_2026
619134,6L of Ambala-Chandigarh greenfield section from Km. 0.000 to Km. 25.000 with 4L spur to Lalru from Km. 0.000 to Km. 5.828  & spur to PR-7 road from Km. 0.000 to Km. 11.157,,(-) (-),NHAI,2022-03-01,2022-03-01,,,1641.66,Newly Added,July_2026,495.6,,116.03,1641.66,,,,,,,2026-07-01,,619134_July_2026
619136,Rehabilitation and Upgradation of  Chorma - Bairgania Section of National Highway No 227F to 2 lane with paved shoulders from Design Ch.0.000 to Ch. 34.566,,(-) (-),NHAI,2022-06-01,2026-01-01,,610.78,610.78,Newly Added,July_2026,337.4,,102.93,628.65,,,,,,23.0,2026-07-01,0.49047120075968437,619136_July_2026
619137,4L of Dwarka-Khambaliya-Devariya section from km 203.500 to km 176.500 and from km 171.800 to km 125.000 of NH-151A,,Gujarat,National Highways Authority of India [NHAI],2020-02-01,2022-08-01,,1024.69,1024.69,Completed,May2026,100.0,,171.17,1753.95,,,,,,30.0,2026-05-01,0.5290478095814344,619137_May2026
619138,Yekkambi-Haveri,,(-) (-),NHAI,2021-09-01,2024-03-01,,309.9,294.62,Newly Added,July_2026,94.8,,105.19,309.9,,,,,,24.0,2026-07-01,0.11884478864149726,619138_July_2026
619139,Construction of New Double Tier 4L Elevated Corridor from Chennai Port to Maduravoyal in Chennai District from km -0.342 to Km 20.593 and Package III from Km 9.700 to Km 14.185,,(-) (-),NHAI,2023-03-01,2026-05-01,,1299.36,1299.36,Newly Added,July_2026,193.34,,100.0,1299.36,,,,,,30.0,2026-07-01,0.09476203669498831,619139_July_2026
619140,6L of Naidupeta Junction - Turpukanupur Section from km 57.046 to km 91.927,,(-) (-),NHAI,2022-08-01,2025-10-01,,1398.84,1398.84,Newly Added,July_2026,388.87,,69.03,965.58,,,,,,24.0,2026-07-01,0.16124074232935862,619140_July_2026
619141,Construction of four lane access controlled highway from Chillakuru cross road to Turpu KanupurPart 1 of Package - II km 0.000 131.500 of NH - 16 to km 23.770 on New NH-516W including six lane flyover and approaches on NH-16 length km 1.050 and six lane access controlled from Turpu Kanupur to Port South Gate Part 2 of Package - II km 23.770 to km 35.015 on New NH-516W in the state of Andhra Pradesh on HAM Mode under Bharatmala Pariyojana Phase I,,(-) (-),NHAI,2022-08-01,2025-12-01,,864.2,864.2,Newly Added,July_2026,358.97,,97.71,844.39,,,,,,24.0,2026-07-01,0.2997222865077528,619141_July_2026
619142,Construction of 4-lane connectivity to Banbasa ICP at India Nepal border from NH-09 old NH-125 Sitarganj-Tanakpur at Km 40.00 near Jagbuda bridge under Bharatmala Priyojana of NH-109D on EPC mode in the State of Uttarakhand,,(-) (-),NHAI,2022-06-01,2024-09-01,,216.97,216.97,Newly Added,July_2026,213.92,,109.24,237.01,,,,,,18.0,2026-07-01,0.7012490206019265,619142_July_2026
619143,4L Access Controlled Greenfield Highway section on NH-163G Khammam Vijayawada from BrahmanapalliK village at Design Ch. 250.400 Km to Remidicherla village at Design Ch. 280.200 KmPackage-II,,(-) (-),NHAI,2023-03-01,,,,826.01,Newly Added,July_2026,826.01,,104.43,862.58,,,,,,,2026-07-01,,619143_July_2026
619144,Hospet - Chitradurga from km. 299.00 to km. 418.750,,Karnataka,NHAI,2016-02-01,2018-08-01,,1519.72,387.48,Completed,June_2026,100.0,,85.49,331.26,,,,,,30.0,2026-06-01,0.21797436369857603,619144_June_2026
619145,Four Laning of Una to Kodinar from km. 180.478 to km. 221.610 Package-V,,(-) (-),NHAI,2016-02-01,2019-08-01,,877.71,877.71,Newly Added,July_2026,1008.79,,128.36,1126.66,,,,,,30.0,2026-07-01,0.1300087728292944,619145_July_2026
619146,Kagvadar - Una Package-IV,,Gujarat,NHAI,2017-03-01,2026-06-01,,750.53,750.53,Completed,July_2026,100.0,,127.35,955.78,,,,,,111.0,2026-07-01,0.05534755439489428,619146_July_2026
619147,4L of Bal Works of  Mahuva to Kagvadar from 100.450 Km. to 140.470 Km. of NH-8E Pkg- III,,Gujarat,NHAI,2021-03-01,2022-09-01,,603.08,628.49,Completed,June_2026,100.0,,99.35,624.43,,,,,,18.0,2026-06-01,1.0354016050938515,619147_June_2026
619148,4L of Bhavnagar - Talaja Package-I from Km. 6.945 to Km. 54.990 of Old NH-8E,,Gujarat,NHAI,2017-02-01,2019-08-01,,1185.66,1343.16,Completed,June_2026,100.0,,98.02,1316.53,,,,,,30.0,2026-06-01,1.11037734257713,619148_June_2026
619149,4L of Ratnagiri - Kolhapur section of NH-166  from km 0.000 to km 19.769 and km 31.000 to km 67.140 Pkg  I,,(-) (-),NHAI,2022-02-01,2024-11-01,,1774.03,1774.03,Newly Added,July_2026,1444.74,,118.85,2108.41,,,,,,24.0,2026-07-01,0.3507606973951963,619149_July_2026
619150,BRT Tiger Reserve Boundary Km.287.500 to Bangalore Section Km.458.420 of NH- 209 in Karnataka,,(-) (-),NHAI,2016-04-01,2019-08-01,,2082.69,2082.69,Newly Added,July_2026,2242.71,,137.32,2859.93,,,,,,24.0,2026-07-01,0.06930940274356721,619150_July_2026
619152,Bakhtiyarpur Km 153.300 to Mokama Km 197.900,,(-) (-),NHAI,2015-12-01,2019-12-01,,1182.94,1898.84,Newly Added,July_2026,1799.23,,100.0,1898.84,,,,,,30.0,2026-07-01,0.05039139770402556,619152_July_2026
619153,4L of HP/Punjab Border - Mo from km. 11.00 to km. 42.00 of Old NH-20 New NH-154 Package-IA,,(-) (-),NHAI,2021-03-01,2024-05-01,,1002.11,1002.11,Newly Added,July_2026,819.72,,136.02,1363.04,,,,,,24.0,2026-07-01,0.48979652932312817,619153_July_2026
619154,Construction of Four Lane Highway from Ghazipur- Ballia-UP/Bihar State Border Greenfield section of NH-31 Package III [from Pindari km 78.150 to Rawalganj Bypass Km 117.120] on EPC Mode in the state of Uttar Pradesh.,,(-) (-),NHAI,2022-10-01,,,,1493.5,Newly Added,July_2026,1493.5,,100.01,1493.59,,,,,,,2026-07-01,,619154_July_2026
619155,Upgradation and 4L of Haridwar Bypass from Km 0.000 Km 188.100 of NH-58 to Km. 15.100 Km 5.100 of NH 74 PKg-1,,(-) (-),NHAI,2021-11-01,2024-10-01,,1602.89,1602.89,Newly Added,July_2026,770.27,,88.83,1423.89,,,,,,24.0,2026-07-01,0.3357934730393227,619155_July_2026
619156,4 Laning of Paramakudi to Ramanathapuram Section of NH-87 Old NH-49,,(-) (-),NHAI,2025-07-01,2028-05-01,,1853.16,1853.16,Newly Added,July_2026,169.53,,100.0,1853.16,,,,,,24.0,2026-07-01,0.0183470396511904,619156_July_2026
619157,4 Laning of Talcher to end of Kamakhyanagar Bypass km 8.844 - km 15.725 of NH- 149 and km 301.875 - km 335.946 of NH-53 Pkg-I,,(-) (-),NHAI,2018-01-01,2021-08-01,,795.18,795.18,Newly Added,July_2026,715.74,,101.95,810.71,,,,,,30.0,2026-07-01,0.23709097311300587,619157_July_2026
619158,4 Laning of Duburi Chandikhole from km 388.376 to km 428.074 Pkg-III,,(-) (-),NHAI,2018-01-01,2022-08-01,,789.0,789.0,Newly Added,July_2026,724.96,,115.03,907.61,,,,,,30.0,2026-07-01,0.42599493029150826,619158_July_2026
619160,Balance works in AP Portion and punch list items in TN & AP portion of NH-205,,(-) (-),NHAI,2022-10-01,2025-01-01,,166.52,166.52,Newly Added,July_2026,98.52,,68.14,113.46,,,,,,18.0,2026-07-01,0.5855152534230122,619160_July_2026
619161,Access Controlled Highway of 4 Lane with Paved Shoulders from Tiruvallur Design Chainage Km 1756 to TN/AP Broder Design Chainage Km 6151 of NH-716 Chennai- Tirupati Package-1,,(-) (-),NHAI,2024-03-01,2026-12-01,,1376.1,1376.1,Newly Added,July_2026,181.78,,90.67,1247.7,,,,,,24.0,2026-07-01,0.06492260736865055,619161_July_2026
619162,4L of Najibabad Bypass  from Km. 105.423 to Km. 118.373 excluding 2.45 Km. of NH- 74 Bypass of NH-119,,(-) (-),NHAI,2022-01-01,2024-06-01,,578.02,578.02,Newly Added,July_2026,440.93,,98.08,566.9,,,,,,18.0,2026-07-01,0.758295560707242,619162_July_2026
619163,4L of Baramati to Indapur Pkg-II from km. 41.400 to km. 84.550 of NH-965G Saint Tukaram Marg,,(-) (-),NHAI,2021-01-01,2023-09-01,,1471.32,1471.32,Newly Added,July_2026,1071.0,,88.18,1297.48,,,,,,24.0,2026-07-01,0.5847810129679472,619163_July_2026
619164,Belgaum-Khanapur Pkg I Km 0.000-Km 30.800 of NH-4A,,(-) (-),NHAI,2018-03-01,2021-09-01,,1214.3,1214.3,Newly Added,July_2026,917.82,,98.47,1195.74,,,,,,30.0,2026-07-01,0.13985835460759286,619164_July_2026
619165,Thanamcherla-Jamandlapally 2LPS,,(-) (-),NHAI,2013-11-01,2023-02-01,,177.18,177.18,Newly Added,July_2026,8.3,,10.53,18.65,,,,,,107.0,2026-07-01,0.020374760130940285,619165_July_2026
619166,Umagaon-Saharsa Package-V Bakaur-Parsarma-Bangaon-Bariyahi & Spur to Mahishi,,(-) (-),NHAI,2022-10-01,2025-12-01,,768.35,768.35,Newly Added,July_2026,509.32,,126.04,968.42,,,,,,24.0,2026-07-01,0.4985228086158652,619166_July_2026
619167,4 Laning with PS of Pathrapalli-Katghora km 53.3 to km 92.6 Pkg-II of Bilaspur Kathghora,,(-) (-),NHAI,2019-12-01,2022-12-01,,865.1,865.1,Newly Added,July_2026,853.85,,147.41,1275.26,,,,,,24.0,2026-07-01,0.4766385388972373,619167_July_2026
619168,6L access controlled Greenfield highway of Junction of EPE Vill.-Mavikalan to Vill.- Lohadda from Km. 0.000  to Km. 27.000 Pkg-1,,(-) (-),NHAI,2021-03-01,2024-09-01,,1602.48,1602.48,Newly Added,July_2026,1423.29,,93.48,1497.94,,,,,,24.0,2026-07-01,0.7459562677849334,619168_July_2026
619171,RPR FOR DURGAPUR OCP 10 MTY,,(-) (-),SECL - CIL,2025-09-01,2032-03-01,,2415.91,2415.91,Newly Added,July_2026,2.99,,100.0,2415.91,,,,,,78.0,2026-07-01,0.0016556908162969647,619171_July_2026
619172,MADANNAGAR OCP 12 MTY - MDO,,(-) (-),SECL - CIL,2024-12-01,,,,1859.19,Newly Added,July_2026,0.45,,100.0,1859.19,,,,,,,2026-07-01,,619172_July_2026
619181,Rehabilitation and Up gradation from 4 to 8 laning of Chandikhole  Paradip Section of NH-53 Old NH  5A from Km.60.000 to Km.76.646 Package-4,,(-) (-),NHAI,2023-03-01,2026-10-01,,882.45,882.45,Newly Added,July_2026,196.67,,114.45,1009.92,,,,,,23.0,2026-07-01,0.20964360587002095,619181_July_2026
619183,Widening of Existing Road from Intermediate Lane 2-lane to 4-lane Between Km 19.994 to Km 35.180 of NH-848A Rakholi-Khadoli-Velugam Section in U.T. of Dadra and Nagar Haveli and Daman and Diu,,(-) (-),MoRTH,2022-10-01,,,,198.06,Newly Added,July_2026,198.06,,120.96,239.57,,,,,,,2026-07-01,,619183_July_2026
619184,"Rehabilitation and up-gradation and completion of balance works of the section from Km 107.760 km to 129.445 km After Middle strait to Humphrey, Km 130.600 to 138.300 After Humphrey to Kadamtala of NH-4 Intermediate/2-Lane with hard shoulder in the Union Territory of Andaman & Nicobar Islands on EPC basis Package- IIIA",,(-) (-),NHIDCL,2024-03-01,2018-02-01,,207.45,376.48,Newly Added,July_2026,,,3.19,207.45,,,,,,18.0,2026-07-01,0.057845263919016635,619184_July_2026
619185,Intermediate Lane/2-lane with hard shoulders in the UT of A&N Islands on EPC basis - Package-III.B Balance work,,(-) (-),NHIDCL,2024-05-01,2018-02-01,,183.56,333.12,Newly Added,July_2026,,,3.9,183.56,,,,,,17.0,2026-07-01,0.0708215297450425,619185_July_2026
619186,Construction of Balance works of Major Bridge over Middle Strait Creek between Km.106.590 to km108.553 of NH-04 connecting South Andaman  & Baratang Island in the Union Territory of Andaman & Nicobar Islands on EPC basis,,(-) (-),NHIDCL,2024-05-01,2015-03-01,,262.96,371.88,Newly Added,July_2026,,,3.76,262.96,,,,,,21.0,2026-07-01,0.05324003650745361,619186_July_2026
619187,"Slope protection and landslide mitigation at 4 vulnerable locations km 1.950 to Km 2.100, km 11.100 to 11.450, km 22.435 to km 22.485 and km 22.610 to km 22.680 within Sevoke-Rangpo section of NH-10 old NH-31A in Darjeeling & Kalimpong district in the State of West Bengal on EPC mode",,(-) (-),NHIDCL,2024-02-01,,,,152.27,Newly Added,July_2026,21.2,,100.0,152.27,,,,,,,2026-07-01,,619187_July_2026
619191,Kanpur LPG Bottling Plant,,(-) (-),Bharat Petroleum Corporation Limited [BPCL],2025-09-01,,,,202.0,Newly Added,July_2026,132.75,,100.0,202.0,,,,,,,2026-07-01,,619191_July_2026
619193,Rehabilitation and upgradation of NH-221 from km 121/0 to 165/0 Rudrampur to Bhadrachalam section to two lane with paved shoulder under NHDPIV in the state of Telangana through EPC mode,,(-) (-),MoRTH,2015-01-01,2017-02-01,,295.47,295.47,Newly Added,July_2026,375.14,,113.32,334.82,,,,,,24.0,2026-07-01,0.7479608758926456,619193_July_2026
619194,"Construction of Four Lane Gola Flyover at Km 99.850 of NH 730 Major Junction with State Highways -93 of Engineering, Procurement and Construction EPC mode in the State of Uttar Pradesh.",,(-) (-),MoRTH,2025-03-01,2027-10-01,,168.05,168.05,Newly Added,July_2026,0.0,,100.0,168.05,,,,,,17.0,2026-07-01,0.20827134781315082,619194_July_2026
619196,Change of service of existing Mundra-Panipat Pipeline [Panipat - Churwa section] from Crude oil to Product,,(-) (-),Indian Oil Corporation Limited [IOCL],2025-05-01,2027-03-01,,359.0,359.0,Newly Added,July_2026,359.0,,100.0,359.0,,,,,,22.0,2026-07-01,0.019498607242339833,619196_July_2026
619197,Delhi-Vadodara Greenfield Alignment NH-148N Pkg-27 Ch.729.700 to Ch.756.052,,(-) (-),NHAI,2020-09-01,2024-02-01,,1185.69,1185.69,Newly Added,July_2026,1045.08,,106.21,1259.27,,,,,,24.0,2026-07-01,0.051446836862923694,619197_July_2026
619198,Vadodara Mumbai Expressway Phase II - Pkg XII [Km. 50.700 to Km. 77.000] Masvan - Ganjad,,(-) (-),NHAI,2020-08-01,2024-03-01,,1711.38,1711.38,Newly Added,July_2026,979.42,,139.57,2388.52,,,,,,24.0,2026-07-01,0.0934918019376176,619198_July_2026
619199,Bangalore Chennai Expressway Phase-II Pkg-I from km.71.000 to Km 96.000 Bethamangala in the state of Karnataka to Byreddypalli,,(-) (-),NHAI,2020-12-01,,,,1410.01,Newly Added,July_2026,1410.01,,100.0,1410.01,,,,,,,2026-07-01,,619199_July_2026
619200,Delhi-Amritsar-Katra Expressway Phase-I Spur-III from Junction with Amritsar- Jalandhar road NH-3 near Bhishambarpura to Junction with Amritsar-Anjala road NH- 354 near Amritsar Airport [Km 71000 to Km 99000 of Amritsar connectivity],,(-) (-),NHAI,2021-03-01,2024-10-01,,1641.75,1641.75,Newly Added,July_2026,1364.2,,118.88,1951.7,,,,,,23.0,2026-07-01,0.12182122734886554,619200_July_2026
619201,Karnal ring road Lot-4/Pkg-1,,(-) (-),NHAI,2022-11-01,,,,1741.45,Newly Added,July_2026,834.54,,117.23,2041.54,,,,,,,2026-07-01,,619201_July_2026
619202,Dwarka Expressway from Km -0.600 to Km 5.300 - Pkg-I Shivmurti Chowk-RuB near Dwarka Sector 21,,(-) (-),NHAI,2018-03-01,2022-09-01,,2144.67,2144.67,Newly Added,July_2026,3512.17,,183.22,3929.5,,,,,,24.0,2026-07-01,0.02377988221964218,619202_July_2026
619203,Vadape to Thane from km 539.202 to km 563.000 section of NH-3 new NH-848,,(-) (-),NHAI,2018-03-01,2021-07-01,,1252.92,1252.92,Newly Added,July_2026,491.86,,109.45,1371.27,,,,,,30.0,2026-07-01,0.12690355329949238,619203_July_2026
619204,"Capacity Augmentation in the stretch of Pimpri Sado  Vadape section of NH848 Km. 460900 to Km. 537000 by Construction of Slip/Service Road on either side at various locations total length 25.140 Km LHSRHS, Flyover 2 x 25m at Borivali Junction Km. 528550 & LVUP 1 x 15m at Sherekarpada Km. 528800",,(-) (-),NHAI,2025-12-01,2027-10-01,,372.03,372.03,Newly Added,July_2026,1.5,,100.0,372.03,,,,,,18.0,2026-07-01,0.029567507996666936,619204_July_2026
619205,Six Laning of KT/KL Border Thalapaddy -Chengala from Km. 17.200 to Km. 57.20,,(-) (-),NHAI,2020-05-01,,,,1981.07,Newly Added,July_2026,1981.07,,135.36,2681.48,,,,,,,2026-07-01,,619205_July_2026
619206,6L of Perole Nileshwar town to Taliparamba from Km 94.248 to Km 134.650 of NH-66,,(-) (-),NHAI,2020-06-01,2024-01-01,,3041.65,3041.65,Newly Added,July_2026,2526.45,,127.16,3867.66,,,,,,27.0,2026-07-01,0.034849506024690544,619206_July_2026
619207,Start of Kollam Bypass - Kadambattukonam,,(-) (-),NHAI,2021-06-01,2025-03-01,,2641.37,2641.37,Newly Added,July_2026,1990.71,,125.28,3309.06,,,,,,29.0,2026-07-01,0.04050928116848454,619207_July_2026
619208,Kadambattukonam-Kazhakuttom,,(-) (-),NHAI,2021-12-01,2025-01-01,,3635.64,3635.64,Newly Added,July_2026,2124.13,,96.99,3526.33,,,,,,30.0,2026-07-01,0.029705911476383802,619208_July_2026
619209,4L of existing 2/4L stretch from Lonand  to Dive Ghat Km 166.400 to Km 220.900 of Mohol  Alandi section of NH-965 Pkg - V,,Maharashtra,NHAI,2022-05-01,2024-05-01,,1709.56,2049.51,Completed,June_2026,100.0,,63.19,1295.04,,,,,,24.0,2026-06-01,0.757528252883783,619209_June_2026
619210,Dharampuri-Lonand from km. 117.00 to 166.40 Pkg-IV on Mohol-Alandi Section,,(-) (-),NHAI,2021-01-01,2023-09-01,,1411.71,1411.71,Newly Added,July_2026,1474.28,,96.24,1358.68,,,,,,24.0,2026-07-01,0.11192100360555637,619210_July_2026
619211,6L of MH/KN Border Nimbal Village to KN/TS Border Singnodi Village from Km. 97.000 to Km. 162.500 in Yadgir of NH-150C Pkg-III,,(-) (-),NHAI,2022-03-01,2025-10-01,,2104.7,2104.7,Newly Added,July_2026,984.28,,98.15,2065.83,,,,,,30.0,2026-07-01,0.04228631158834989,619211_July_2026
619212,6L Access Controlled Greenfield Highway of Julekal village to Dinnedevarapadu village from Km 242.200 to Km 280.400 Pkg-2,,(-) (-),NHAI,2022-01-01,,,,1227.57,Newly Added,July_2026,1227.57,,107.19,1315.87,,,,,,,2026-07-01,,619212_July_2026
619213,6L of Hatibena - Badakumari Section from Km 146.50 to km 179.00 of NH-130-CD Package  OD-2,,(-) (-),NHAI,2021-02-01,2024-03-01,,791.17,791.17,Newly Added,July_2026,733.61,,135.32,1070.63,,,,,,24.0,2026-07-01,0.23130300693909023,619213_July_2026
619214,4L of Channarayapatna Bypass and Hassan Bypass with structures in Devihalli - Hassan section,,(-) (-),NHAI,2020-04-01,2023-01-01,,688.0,688.0,Newly Added,July_2026,600.43,,99.5,684.54,,,,,,24.0,2026-07-01,0.1308139534883721,619214_July_2026
619215,Cuttack-Angul Section of NH-42 New NH-55 from Km.60.200 to Km. 112.000 Pkg-II in the State of Odisha,,(-) (-),NHAI,2017-10-01,2020-09-01,,991.41,991.41,Newly Added,July_2026,1083.8,,117.89,1168.82,,,,,,30.0,2026-07-01,0.18559425464742135,619215_July_2026
619216,6L access Controlled Greenfield Highway from Adhoya Musalmana to Sadopur section of Shamli -Ambala Package-III Design Ch. Form km 84.400 to km 121.786,,(-) (-),NHAI,2022-05-01,2022-05-01,,,1491.72,Newly Added,July_2026,169.0,,75.27,1491.72,,,,,,,2026-07-01,,619216_July_2026
619217,4L of Haridwar-Nagina section from km. 0.00 to km. 71.614 of NH-74,,(-) (-),NHAI,2018-01-01,2020-07-01,,1659.12,1622.49,Newly Added,July_2026,1659.12,,11.22,182.0,,,,,,30.0,2026-07-01,0.10969670668788274,619217_July_2026
619218,4L Tumkur-Shimoga Pkg-I from Mallasandra to Karadi village of NH-206 from Km. 12.300 to Km. 65.195,,(-) (-),NHAI,2018-02-01,2021-10-01,,1364.14,1364.14,Newly Added,July_2026,1336.55,,124.04,1692.12,,,,,,24.0,2026-07-01,0.06670869558842933,619218_July_2026
619219,4L of Tumkur-Shimoga Pkg-II from Km 65.195 Karadi to Km 121.900 Banawara of NH-206,,(-) (-),NHAI,2018-02-01,,,,1505.85,Newly Added,July_2026,1298.78,,132.14,1989.89,,,,,,,2026-07-01,,619219_July_2026
619220,Tumkur-Shimoga Pkg-III from Km 121.900 Banawara to Km 170.415 Bettadahalli of Old NH-206,,(-) (-),NHAI,2018-02-01,2023-03-01,,1444.5,1444.5,Newly Added,July_2026,872.97,,127.02,1834.81,,,,,,24.0,2026-07-01,0.06438213914849429,619220_July_2026
619221,Realignment of Rudrapur-Kathgodam Section of NH-87 New NH-109 From Design Chainage 000 Existing Chainage Km.54050 To Design Chainage 7875 Existing Chainage Km.61550 Due To Proposed Expansion Of Pantnagar Airport in the state of Uttarakhand.,,(-) (-),NHAI,2025-08-01,,,,252.97,Newly Added,July_2026,0.14,,100.0,252.97,,,,,,,2026-07-01,,619221_July_2026
619222,"Balance works of four lane from km 43.950 Thiruvallur Bypass to km 61.470 Veppampattu Bypass passing through Thannerkulam, Thozur and Sevapet Bypass 17.520 kms of Tirupathi- Tiruttani- Chennai section of NH 205",,(-) (-),NHAI,2022-03-01,2024-09-01,,467.99,467.99,Newly Added,July_2026,595.08,,149.51,699.68,,,,,,24.0,2026-07-01,0.47009551486142864,619222_July_2026
619223,Petro Resid Fluidized Catalytic Cracking [PRFCC] Unit and its associated facilities at Mumbai Refinery,,(-) (-),Bharat Petroleum Corporation Limited [BPCL],2025-05-01,2029-09-01,,13626.0,13626.0,Newly Added,July_2026,93.6,,100.0,13626.0,,,,,,52.0,2026-07-01,0.0005871128724497284,619223_July_2026
619224,Augmentation of DUPL-DPPL Pipeline,,(-) (-),Gas Authority of India Limited [GAIL],2025-06-01,2028-03-01,,844.0,844.0,Newly Added,July_2026,1.2,,100.0,844.0,,,,,,33.0,2026-07-01,0.01066350710900474,619224_July_2026
619225,Installation of Compression facility at GAIL Usar,,(-) (-),Gas Authority of India Limited [GAIL],2025-04-01,2027-04-01,,260.2,260.2,Newly Added,July_2026,0.0,,100.0,260.2,,,,,,24.0,2026-07-01,0.03843197540353575,619225_July_2026
619226,Provision of four bitumen tanks with capacity of 5 TMT each at Visakh Refinery,,(-) (-),Hindustan Petroleum Corporation Limited,2025-09-01,2028-03-01,,258.34,258.34,Newly Added,July_2026,8.67,,100.0,258.34,,,,,,30.0,2026-07-01,0.0232252070914299,619226_July_2026
619227,Network Expansion Scheme in Maharashtra for removal of Transmission constraints in Pune Region-I [765/400kV AIS Pune East],,(-) (-),Power Grid Corporation of India Limited [POWERGRID],2026-03-01,,,,1420.0,Newly Added,July_2026,38.9,,100.0,1420.0,,,,,,,2026-07-01,,619227_July_2026
619228,Transmission System Strengthening for integration of additional RE Potential at Davanagere [0.25 GW] and Bellary [2.75 GW],,(-) (-),Power Grid Corporation of India Limited [POWERGRID],2026-02-01,2028-02-01,,1111.0,1111.0,Newly Added,July_2026,22.22,,100.0,1111.0,,,,,,24.0,2026-07-01,0.018001800180018002,619228_July_2026
619229,"Integrated development of Outer Container Terminal and berth No. 1 though 5 NSD at KDS, SMPK on DBFOT basis through PPP mode",,(-) (-),Syama Prasad Mookerjee Port Kolkata,2025-03-01,,,,832.25,Newly Added,June_2026,0.0,,100.0,832.25,,,,,,,2026-06-01,,619229_June_2026
619248,"lmprovement and Widening to 2-lane with Paved Shoulder of NH-13 & 15 Old NH-52 from Existing Km 745.60 Design Km 0.000 to Existing km 770.600 Design Km 24.819 Brahmakund T-junction to Kamlang T-Junction, Existing Length 25.00 Km, Design Length 24.819 Km in the state of Arunachal Pradesh on EPC mode Pkg-1",,Arunachal Pradesh,NHIDCL,2026-06-01,2028-06-01,,441.41,441.41,Newly Added,July_2026,14.69,,5.86,25.88,,,,,,24.0,2026-07-01,0.058630298362067006,619248_July_2026
619251,Construction of two lane with paved shoulder of Ghatol Bypass from km 133.250 to km 140.950 of NH-56 old NH No. 113 on EPC mode in the State of Rajasthan.,,(-) (-),MoRTH,2025-03-01,2027-09-01,,170.49,170.49,Newly Added,July_2026,0.0,,100.0,170.49,,,,,,18.0,2026-07-01,0.04692357323010147,619251_July_2026
619253,Construction of 4 lane Bypass to Nalgonda Town lrorn Km 000 Existing Ch. 181590 to Km 14.00 Existing Ch. 28/685 ol Nakrekal to Nagarjunsagar Section of NH -565 in the State of Telangara on EPC under Annual Plan 2024 -25,,(-) (-),MoRTH,2024-10-01,2027-10-01,,516.17,516.17,Newly Added,July_2026,0.0,,100.0,516.17,,,,,,24.0,2026-07-01,0.10267934982660752,619253_July_2026
619265,Rehabilitation & Upgradation of Thorrur to Nehru Nagar section to Two Lane with Paved shoulders from Km 109/420 to Km 178/500 of NH 930P in the state of Telangana on EPC mode under Annual Plan 2022-2023,,Telangana,MoRTH,2026-07-01,2028-07-01,,675.45,,Newly Added,July_2026,,,4.0,27.0,,,,,,24.0,2026-07-01,0.039973351099267154,619265_July_2026
619270,"Upgradation of 6 laned Jaipur- Kishangarh section of NH-48 from km 274100 to 363885 involving construction of flyovers and Service road in Rajasthan On Engineering, Procurement & Construction EPC Mode",,(-) (-),NHAI,2026-03-01,2029-01-01,,910.91,910.91,Newly Added,July_2026,0.0,,100.0,910.91,,,,,,30.0,2026-07-01,0.017564852729687896,619270_July_2026
619271,Construction of Elevated Corridor at Kherwara Town on Udaipur Ratanpur Shamlaji Section of NH-48 in Udaipur District in the State of Rajasthan on EPC mode,,(-) (-),NHAI,2026-03-01,2029-01-01,,363.89,363.89,Newly Added,July_2026,0.38,,100.0,363.89,,,,,,30.0,2026-07-01,0.04671741460331419,619271_July_2026
619289,4L of Munger  Mirzachauki section from Munger to Kharia village junction from Km 69520 to Km 95580 Pkg-1,,(-) (-),NHAI,2021-01-01,2024-03-01,,1659.81,1659.81,Newly Added,July_2026,685.48,,102.22,1696.66,,,,,,24.0,2026-07-01,0.0012049571938956868,619289_July_2026
619291,4L Poanta SahebMednipur from Km. 435.65 to km. 458.65 of NH-07Pkg-1,,Multi-States,NHAI,2022-03-01,2022-03-01,,,524.54,Completed,July_2026,100.0,,125.31,657.32,,,,,,,2026-07-01,,619291_July_2026
619292,4L Medinipur to Ballupur from Km. 458.65 to Km. 487.65 of NH-07Pkg-2,,(-) (-),NHAI,2022-03-01,2025-02-01,,1092.9,1092.9,Newly Added,July_2026,739.13,,98.13,1072.5,,,,,,24.0,2026-07-01,0.009149967975112087,619292_July_2026
619293,Construction of 4 Lane Access Controlled Bypass for Dehradun on NH307 from Design Chainage km 0050 Jhajra on NH-07 to Design Chainage km 12220 Asharori on EPC Mode in the State of Uttarakhand under NHO,,(-) (-),NHAI,2023-12-01,2027-04-01,,715.97,715.97,Newly Added,July_2026,191.78,,47.08,337.11,,,,,,24.0,2026-07-01,0.01536377222509323,619293_July_2026
619294,Road Safety Improvement of existing four lane section of Dehradun-Lal Tappar-Nepali Farm Section of NH-7 and Nepali Farm-Motichur NH-34 on EPC Mode in Uttarakhand under NHO.,,(-) (-),NHAI,2025-05-01,2028-08-01,,720.67,720.67,Newly Added,July_2026,10.86,,53.87,388.19,,,,,,30.0,2026-07-01,0.01665117182621727,619294_July_2026
619295,Four/Six laning of Bhaniyawala-Jollygrant-Rishikesh spur section of NH-07 from Km. 0.000 to Km 19.780,,(-) (-),NHAI,2023-02-01,2027-11-01,,742.43,742.43,Newly Added,July_2026,13.35,,89.56,664.92,,,,,,23.0,2026-07-01,,619295_July_2026
619297,Upgradation of Existing Two Lane Carriageway to Two Lane Carriageway with Paved Shoulder from Ch. 665686 Existing Km. 665.686 in Khanpur Village in Vansda Taluka to Ch. 710470 Existing Km. 710.483 in Karvad Village in Vapi Taluka Length 44.784 Km Section of NH-56 in the State of Gujarat on EPC Mode,,Gujarat,NHAI,2026-07-01,2028-07-01,,647.2,,Newly Added,July_2026,,,3.55,23.0,,,,,,24.0,2026-07-01,0.03553770086526576,619297_July_2026
619298,Construction of 6 Lane Elevated corridor from KM 612582 to KM 617540 including construction of Service Roads in Kolhapur City on NH -48 in the State of Maharashtra on EPC mode under NHO,,(-) (-),NHAI,2026-02-01,2029-06-01,,1039.0,1039.0,Newly Added,July_2026,0.06,,100.0,1039.0,,,,,,36.0,2026-07-01,0.011549566891241578,619298_July_2026
619299,Construction of a 6-Lane Elevated Corridor from Km 593766  to Km 596620 Including Construction of Service Roads in Kagal City  on NH-48 in the State of Maharashtra on EPC Mode.,,(-) (-),NHAI,2026-03-01,2028-06-01,,357.99,357.99,Newly Added,July_2026,0.08,,100.0,357.99,,,,,,24.0,2026-07-01,0.03631386351574066,619299_July_2026
619300,Construction of Four Lane Nagpur-Katol section of NH-353J including Mitigation Structures from Design Ch. 37000 to Ch. 45990 Tiger Corridor-I Mitigation Structures from Design Ch. 37000 to Ch. 45990 Tiger Corridor-I in the State of Maharashtra on EPC Mode,,(-) (-),NHAI,2026-01-01,2027-12-01,,300.68,300.68,Newly Added,July_2026,0.0,,100.0,300.68,,,,,,18.0,2026-07-01,0.0465611281096182,619300_July_2026
619301,Construction of Approach Road to Rail-cum- Road Bridge across river Ganga at Munger Ghat  NH-333 B,,(-) (-),NHAI,2013-07-01,,,,537.88,Newly Added,July_2026,573.97,,117.85,633.91,,,,,,,2026-07-01,,619301_July_2026
619305,4L of Munger  Mirzachauki section from start of existing Bhagalpur bypass to Rasulpur from Km 125000 to Km 157350 Pkg-3,,(-) (-),NHAI,2021-01-01,2024-04-01,,1769.5,1769.5,Newly Added,July_2026,675.5,,114.42,2024.59,,,,,,24.0,2026-07-01,0.0022605255721955355,619305_July_2026
619306,4L of Munger  Mirzachauki section from Km 95580 to Km 125000 Pkg-2,,(-) (-),NHAI,2021-02-01,2024-03-01,,1020.84,1020.84,Newly Added,July_2026,643.0,,121.04,1235.65,,,,,,24.0,2026-07-01,0.00489792719721014,619306_July_2026
619307,4L of Munger  Mirzachauki section from Km 157350 to Km 193931 Pkg-4,,(-) (-),NHAI,2021-02-01,2021-02-01,,,1376.56,Newly Added,July_2026,6.0,,107.63,1376.56,,,,,,,2026-07-01,,619307_July_2026
619308,6L access-controlled highway from  Ganeshpur tonear Mohand of Ganeshpur Dehradun  section  from Km.0 to Km.8.3 of NH-72A  Package-1,,(-) (-),NHAI,2020-11-01,2023-10-01,,836.24,836.24,Newly Added,July_2026,811.86,,99.94,835.74,,,,,,24.0,2026-07-01,0.010762460537644696,619308_July_2026
619311,Kalai-II Hydro Electric Project [1200 MW],,Arunachal Pradesh,THDC India Limited,2026-04-01,2032-10-01,,14105.83,14105.8,Newly Added,July_2026,0.0,,1.34,189.68,,,,,,78.0,2026-07-01,0.013446922300920967,619311_July_2026
619312,Bulk Loading Hub- Kanpur,,(-) (-),Bharat Petroleum Corporation Limited [BPCL],2025-09-01,2027-09-01,,186.0,186.0,Newly Added,July_2026,104.24,,100.0,186.0,,,,,,24.0,2026-07-01,,619312_July_2026
619313,Setting up of 50 MW [plus/minus 5 percent] Wind Power Plant for Captive Consumption at MR,,(-) (-),Bharat Petroleum Corporation Limited [BPCL],2023-05-01,2027-04-01,,483.14,483.14,Newly Added,July_2026,380.62,,100.0,483.14,,,,,,47.0,2026-07-01,,619313_July_2026
619314,Pipeline Replacement Project- PRP-IX,,(-) (-),Oil and Natural Gas Corporation Limited [ONGC],2025-08-01,2027-05-01,,6175.0,6684.0,Newly Added,July_2026,979.47,,92.38,6175.0,,,,,,21.0,2026-07-01,0.0022672064777327933,619314_July_2026
619316,"Group Gathering Station, Lakwagaon",,Assam,Oil India Limited,2025-10-01,2027-10-01,,495.59,495.59,Newly Added,July_2026,7.8,,4.04,20.04,,,,,,24.0,2026-07-01,0.0404366512641498,619316_July_2026
619317,4L of Hajipur-Muzaffarpur Section of the existing NH-77  from Km. 0000 Ramashish Chowk to Km. 46300 and new bypass starting at Km. 46300 and connecting NH-28 of E-W Corridor at Km. 515045,,(-) (-),NHAI,2010-08-01,,,,2723.39,Newly Added,July_2026,2160.8,,106.73,2906.78,,,,,,,2026-07-01,,619317_July_2026
619318,4/6L Greenfield Ludhiana Rupnagar highway from Jn. with NE-5 village near to ManewalLudhiana to Jn. with NH-205 near Bheora Village Rupnagar from Km. 0.00 to Km. 37.7 including spur to Kharar with Ludhiana bypass of NH-205K Pkg-1,,(-) (-),NHAI,2021-05-01,2024-12-01,,1368.91,1368.91,Newly Added,July_2026,533.33,,100.99,1382.48,,,,,,24.0,2026-07-01,0.03798642715737338,619318_July_2026
619320,Muzaffarpur - Sonbarsa Section of NH-77 from km 2.800 to km 89.000,,Bihar,NHAI,2011-05-01,,,2290.72,2311.1,Completed,June_2026,100.0,,99.87,2308.19,,,,,,,2026-06-01,1.007626423133338,619320_June_2026
619321,Balance work of widening to two laning/re-alignment and geometric improvement from Km. 11000 to Km. 114618 with rectification of damaged stretches and provision of protection works in vulnerable location of NH-44 in the State of Mizoram.,,Mizoram,MoRTH,2026-05-01,2028-05-01,,170.96,170.96,Newly Added,July_2026,2.0,,0.0,0.0,,,,,,24.0,2026-07-01,0.0,619321_July_2026
619326,Nidadavolu-Duvvada 3rd & 4th Lines,,(-) (-),South Central Railway [SCR] - II,2026-04-01,,,,9889.24,Newly Added,June_2026,0.0,,100.0,9889.24,,,,,,,2026-06-01,,619326_June_2026
619328,ONGC-BP Redevelopment Phase-1 Scheme of Mumbai High Field,,(-) (-),Oil and Natural Gas Corporation Limited [ONGC],2025-11-01,2027-03-01,,3713.4,3713.4,Newly Added,July_2026,2304.68,,105.24,3908.0,,,,,,16.0,2026-07-01,,619328_July_2026
619341,"Telangana Super Thermal Power Project , Stage-II [3 x 800 MW]",,(-) (-),National Thermal Power Corporation [NTPC],2026-03-01,,,,29344.85,Newly Added,July_2026,732.96,,100.0,29344.85,,,,,,,2026-07-01,,619341_July_2026
619347,Balance Work Estimate of Rehabilitation and Up-gradation of NH- 43 from Km. 468.600 to Km. 531.250 Pathalgaon to kunkuri Section to two-lane with paved shoulder in the State of Chhattisgarh on SBD mode under NHO under Annual plan 2025-26,,(-) (-),MoRTH,2026-03-01,2028-06-01,,201.16,201.16,Newly Added,July_2026,0.0,,100.0,201.16,,,,,,24.0,2026-07-01,0.03479817061045934,619347_July_2026
635651,"New Product Testing Laboratory for NPM, SPP & NHSM at RSP",,Odisha,Steel Authority of India Limited (SAIL,2025-07-01,2027-08-01,,155.26,,Newly Added,July_2026,,,21.9,34.0,,,,,,25.0,2026-07-01,0.21898750483060675,635651_July_2026
660056,Amended BharatNet Program - KL,,PAN India,Department of Telecommunications,2025-06-01,2028-06-01,,765.0,,Newly Added,July_2026,,,1.05,8.0,,,,,,36.0,2026-07-01,0.01045751633986928,660056_July_2026
665021,Amended BharatNet Program - UKD,,PAN India,Department of Telecommunications,2025-05-01,2028-05-01,,1821.0,,Newly Added,July_2026,,,0.49,9.0,,,,,,36.0,2026-07-01,0.004942339373970346,665021_July_2026
701091,Lucknow Airport-Terminal 3- Phase 1 & Other Associated Works,,Uttar Pradesh,Adani Airport Holdings Limited,2018-09-01,2024-03-01,,3100.0,3100.0,Completed,November_2025,100.0,,516.92,16024.42,,,,,,66.0,2025-11-01,5.169167741935484,701091_November_2025
701101,"Construction of New Domestic Terminal Building [Phase-I and II] and other allied structures at JPNI Airport, Patna",,(-) (-),Airport Authority of India [AAI],2018-10-01,2026-05-01,,1216.9,1216.9,Newly Added,July_2026,1203.48,,100.0,1216.9,,,,,,91.0,2026-07-01,0.971337003862273,701101_July_2026
701105,Goa Airport Terminal Building Extension Project,,Goa,Airport Authority of India [AAI],2019-12-01,2021-12-01,,255.69,255.69,Completed,June_2026,100.0,,62.99,161.06,,,,,,24.0,2026-06-01,0.6299033986467989,701105_June_2026
701107,Construction of New Integrated Terminal Building and associated works including apron to park 3 code E type of aircraft or 6 code C type of aircraft at Vijayawada Airport.,,(-) (-),Airport Authority of India [AAI],2020-06-01,2022-09-01,,611.8,611.8,Newly Added,July_2026,572.99,,134.73,824.28,,,,,,24.0,2026-07-01,0.8550833605753515,701107_July_2026
701113,"Development of Lal Bahadur Shastri International airport, Varanasi including C/o New Terminal Building, Apron Extension, Runway Extension, PTT and allied works.",,(-) (-),Airport Authority of India [AAI],2024-07-01,2027-07-01,,2869.65,2869.65,Newly Added,July_2026,746.93,,100.0,2869.65,,,,,,36.0,2026-07-01,0.1555764640287143,701113_July_2026
701121,Construction of New  Domestic Terminal Building  at Rajahmundry Airport.,,(-) (-),Airport Authority of India [AAI],2022-12-01,2025-08-01,,347.15,347.15,Newly Added,July_2026,189.48,,100.0,347.15,,,,,,24.0,2026-07-01,0.39161745643093765,701121_July_2026
701122,Development of New Integrated Civil Enclave at Agra Airport,,(-) (-),Airport Authority of India [AAI],2024-06-01,2026-07-01,,579.0,579.0,Newly Added,July_2026,224.58,,100.0,579.0,,,,,,24.0,2026-07-01,0.2664939550949914,701122_July_2026
701126,"Development of Dholera International Greenfield Airport , Gujarat",,(-) (-),Airport Authority of India [AAI],2022-06-01,2026-06-01,,1305.0,1305.0,Newly Added,July_2026,966.36,,118.85,1551.0,,,,,,47.0,2026-07-01,0.6254022988505747,701126_July_2026
701127,Construction of New Passenger Terminal Building for Domestic Operations at Jodhpur Airport.,,(-) (-),Airport Authority of India [AAI],2022-06-01,2026-03-01,,480.0,480.0,Newly Added,July_2026,348.2,,100.0,480.0,,,,,,34.0,2026-07-01,0.6903125,701127_July_2026
701128,Construction of New Integrated Passenger Terminal Building at Udaipur Airport,,(-) (-),Airport Authority of India [AAI],2023-06-01,2026-03-01,,887.0,887.0,Newly Added,July_2026,587.22,,100.0,887.0,,,,,,28.0,2026-07-01,0.5408680947012401,701128_July_2026
701167,AIIMS Kashmir at Awantipora Jammu & Kashmir,,(-) (-),PMSSY AND Institute of NATIONAL Importance,2019-01-01,2019-01-01,,1828.0,1828.0,Newly Added,July_2026,1504.97,,118.21,1828.0,,,,,,72.0,2026-07-01,0.8232549234135668,701167_July_2026
701168,ALL India Institute of Medical Sciences-AIIMS  Madurai,,(-) (-),PMSSY AND Institute of NATIONAL Importance,2018-12-01,2022-08-01,,1264.0,1264.0,Newly Added,July_2026,540.92,,159.93,2021.51,,,,,,44.0,2026-07-01,0.3062262658227848,701168_July_2026
701170,AIIMS Rajkot,,(-) (-),PMSSY AND Institute of NATIONAL Importance,2019-01-01,2026-03-01,,1195.0,1195.0,Newly Added,July_2026,805.48,,100.0,1195.0,,,,,,86.0,2026-07-01,0.6486192468619247,701170_July_2026
701171,AIIMS Bibinagar,,(-) (-),PMSSY AND Institute of NATIONAL Importance,2018-12-01,2026-06-01,,1028.0,1028.0,Newly Added,July_2026,1028.94,,132.87,1365.95,,,,,,47.0,2026-07-01,0.9217217898832685,701171_July_2026
701172,AIIMS Darbhanga,,(-) (-),PMSSY AND Institute of NATIONAL Importance,2020-09-01,2024-09-01,,1264.0,2006.07,Newly Added,July_2026,40.33,,100.0,2006.07,,,,,,48.0,2026-07-01,0.0,701172_July_2026
701173,AIIMS Majra Rewari Haryana,,(-) (-),Ministry of Health and Family Welfare,2019-02-01,2026-12-01,,1299.0,1299.0,Newly Added,July_2026,747.62,,126.75,1646.43,,,,,,94.0,2026-07-01,0.4075904541955351,701173_July_2026
701228,Kochi - Koottanad - Bangalore - Mangalore Pipeline Phase-II,,(-) (-),Gas Authority of India Limited [GAIL],2009-06-01,,,,2915.0,Newly Added,July_2026,4881.8,,202.71,5909.0,,,,,,,2026-07-01,,701228_July_2026
701263,Rajasthan Refinery Project,,Rajasthan,MinistryofPetroleumNaturalGas,2017-10-01,2022-10-01,,43129.0,79459.0,Completed,June_2026,100.0,,88.47,70293.57,,,,,,60.0,2026-06-01,1.629844652090241,701263_June_2026
701269,"Construction of 80,000 MT LPG Cavern at Mangalore",,Karnataka,Ministry of Petroleum & Natural Gas,2022-12-01,2025-08-01,,854.0,712.3,Ongoing,July_2025,327.0,,13.9,99.0,,,,,,32.0,2025-07-01,0.11592505854800937,701269_July_2025
701289,Capacity Expansion of Panipat Refinery from 15 to 25 MMTPA,,(-) (-),Indian Oil Corporation Limited [IOCL],2021-02-01,2024-09-01,,34627.0,34627.0,Newly Added,July_2026,28007.35,,104.61,36225.0,,,,,,43.0,2026-07-01,0.7516544892713779,701289_July_2026
701324,Barauni Refinery Capacity Expansion from 6.0 to 9.0 MMTPA,,(-) (-),Indian Oil Corporation Limited [IOCL],2020-01-01,2023-04-01,,14810.0,14810.0,Newly Added,July_2026,13089.84,,112.92,16724.0,,,,,,39.0,2026-07-01,0.8189743416610399,701324_July_2026
701329,Petrochemical and Lube Integration Project at Gujarat Refinery,,(-) (-),Indian Oil Corporation Limited [IOCL],2020-09-01,2024-08-01,,18936.0,18936.0,Newly Added,July_2026,13901.13,,94.13,17825.0,,,,,,47.0,2026-07-01,0.6868219264892269,701329_July_2026
701330,Mehsana-Bhatinda & Bhatinda-Jammu Natural Gas Pipeline,,(-) (-),Indian Oil Corporation Limited [IOCL],2011-07-01,,,,7392.0,Newly Added,July_2026,6360.86,,100.0,7392.0,,,,,,,2026-07-01,,701330_July_2026
701338,City Gas Distribution Maharashtra Natural Gas Limited,,(-) (-),Gas Authority of India Limited [GAIL],2006-01-01,2006-01-01,,,5535.0,Newly Added,July_2026,4481.93,,100.0,5535.0,,,,,,,2026-07-01,,701338_July_2026
701341,Multi-product Pipeline from Krishnapatnam Coastal Installation to the proposed Installation at Hyderabad [Malkapur],,Multi-States,Ministry of Petroleum & Natural Gas,,2019-09-01,,,1932.0,Ongoing,July_2025,1552.37,,114.29,2208.0,,,,,,,2025-07-01,,701341_July_2025
701343,Srikakulam Angul Gas Pipeline Project,,Odisha,Gas Authority of India Limited [GAIL],2019-09-01,2026-07-01,,,2658.34,Completed,July_2026,100.0,,105.71,2810.0,,,,,,82.0,2026-07-01,,701343_July_2026
701344,Dhamra Haldia Pipeline Project,,(-) (-),Gas Authority of India Limited [GAIL],2020-03-01,2020-03-01,,,1030.65,Newly Added,July_2026,927.4,,109.15,1125.0,,,,,,,2026-07-01,,701344_July_2026
701346,North East Gas Grid,,Tripura,Indradhanush Gas Grid Limited,2020-04-01,2024-03-01,,9265.0,9265.0,Newly Added,July_2026,88.2,,75.64,7008.0,,,,,,47.0,2026-07-01,0.7563950350782515,701346_July_2026
701349,Paradip-Numaligarh Crude Oil Pipeline [PNCPL] & Crude Oil Import Terminal [COIT] at Paradip,,(-) (-),Numaligarh Refinery Limited,2019-01-01,2024-07-01,,10228.0,10228.0,Newly Added,July_2026,11168.49,,121.3,12407.0,,,,,,66.0,2026-07-01,1.0789988267500978,701349_July_2026
701350,Upgradation of Facilities of Numaligarh-Siliguri Product Pipeline [NSPL] for transportation of additional products from existing 1.72 MMTPA to 5.5 MMTPA,,"Multi-States (Assam,",Ministry of Petroleum & Natural Gas,2021-06-01,2024-12-01,,860.0,860.0,Completed,March_2026,100.0,,74.06,860.0,,,,,,42.0,2026-03-01,0.7406046511627906,701350_March_2026
701354,Mumbai Nagpur Jharsuguda Pipeline Project,,Multi-States,Ministry of Petroleum & Natural Gas,,,,,,Completed,May2026,100.0,,,,,,,,,,2026-05-01,,701354_May2026
701370,Borolia Irrigation Project,,Assam,"Department of Water Resources, River Development & GR",1996-12-01,2022-12-01,,256.16,256.16,Newly Added,July_2026,55.44,,17.45,44.7,,,,,,312.0,2026-07-01,0.1745003123048095,701370_July_2026
701371,Durgawati Reservoir Project,,Bihar,Irrigation and CAD-TG,1997-04-01,2025-09-01,,691.15,691.15,Completed,September_2025,100.0,,140.63,971.96,,,,,,341.0,2025-09-01,1.4157708167546843,701371_September_2025
701372,Sardar Sarovar Project,,(-) (-),"Narmada and Water Resources, Water Supply and Kalpsar Department-GJ",1996-04-01,2019-12-01,,20718.17,20718.17,Newly Added,July_2026,31969.4,,161.27,33412.5,,,,,,284.0,2026-07-01,1.5378221145979594,701372_July_2026
701376,"Subernarekha   Multipurpose Project, Jharkhand",,(-) (-),Department of Water Resources-JH,2011-04-01,2019-12-01,,3807.77,3807.77,Newly Added,July_2026,6040.27,,251.58,9579.58,,,,,,95.0,2026-07-01,1.5463460240508224,701376_July_2026
701377,Upper Tunga Irrigation Project,,(-) (-),Water Resources-KA,2014-04-01,2019-12-01,,770.16,770.16,Newly Added,July_2026,1515.6,,208.54,1606.07,,,,,,68.0,2026-07-01,1.9679027734496728,701377_July_2026
701383,Waghur Project,,(-) (-),Department of water resources-MH - II,1996-04-01,2019-12-01,,1058.99,1058.99,Newly Added,July_2026,1642.5,,166.06,1758.51,,,,,,284.0,2026-07-01,1.47095817713104,701383_July_2026
701384,Tillari Irrigation Project,,Maharashtra,Department of water resources-MH - II,2019-12-01,2025-01-01,,649.6,724.36,Ongoing,July_2025,769.0,,13.67,99.0,,,,,,61.0,2025-07-01,0.15240147783251232,701384_July_2025
701386,Gosikhurd Project,,(-) (-),Department of water resources-MH - II,2008-04-01,2019-12-01,,7196.47,7196.47,Newly Added,July_2026,14439.46,,177.45,12770.1,,,,,,140.0,2026-07-01,1.9407000932401581,701386_July_2026
701388,Bembla Irrigation Project,,Maharashtra,Department of water resources-MH - II,2019-12-01,2025-06-01,,2685.41,2689.7,Ongoing,July_2025,771.0,,3.64,98.0,,,,,,66.0,2025-07-01,0.036493496337616976,701388_July_2025
701390,Arjuna Medium Irrigation project,,Maharashtra,Department of water resources-MH - II,2019-12-01,2024-12-01,,611.0,803.89,Ongoing,July_2025,772.0,,12.44,100.0,,,,,,60.0,2025-07-01,0.16366612111292964,701390_July_2025
701391,Aruna Medium Irrigation Project,,(-) (-),Department of water resources-MH - II,2009-04-01,2019-12-01,,210.45,210.45,Newly Added,July_2026,1734.71,,699.52,1472.14,,,,,,119.0,2026-07-01,8.105630791161797,701391_July_2026
701392,Krishna Koyana Lift Irrigation Project,,Maharashtra,Department of water resources-MH - II,2019-12-01,2023-12-01,,2774.9,1069.82,Ongoing,July_2025,774.0,,8.41,90.0,,,,,,48.0,2025-07-01,0.032433601210854444,701392_July_2025
701395,Morna [Gureghar] Irrigation Project,,(-) (-),"Department of Water Resources, River Development & GR",2007-04-01,2025-12-01,,219.9,219.9,Newly Added,June_2026,115.2,,100.0,219.9,,,,,,216.0,2026-06-01,0.5238744884038199,701395_June_2026
701396,Lower Pedhi Project,,(-) (-),Department of water resources-MH - II,2008-04-01,2019-12-01,,255.97,255.97,Newly Added,July_2026,3066.05,,578.47,1480.7,,,,,,140.0,2026-07-01,5.176309723795757,701396_July_2026
701398,Nardave Medium Irrigation Project,,(-) (-),Department of water resources-MH - II,2009-04-01,2019-12-01,,211.46,211.46,Newly Added,July_2026,879.8,,369.74,781.85,,,,,,128.0,2026-07-01,2.9606544973044544,701398_July_2026
701399,Kudali Irrigation Project,,(-) (-),"Department of Water Resources, River Development & GR",2009-04-01,2025-12-01,,382.29,382.29,Newly Added,July_2026,249.06,,100.0,382.29,,,,,,192.0,2026-07-01,0.6252583117528577,701399_July_2026
701400,Thoubal Multipurpose Project,,Manipur,Water Resources Department-MN,1997-04-01,2019-12-01,,1449.44,1822.24,Newly Added,July_2026,99.0,,101.42,1848.17,,,,,,272.0,2026-07-01,1.2750924494977371,701400_July_2026
701402,"Subernarekha Project, Odisha",,(-) (-),"Department of Water Resources, River Development & GR",1995-12-01,,,7023.19,3055.88,Newly Added,July_2026,8327.62,,229.83,7023.19,,,,,,,2026-07-01,3.429478627233494,701402_July_2026
701404,Kanupur Irrigation Project,,(-) (-),Irrigation and CAD-TG,2003-04-01,2019-12-01,,989.43,989.43,Newly Added,July_2026,2804.16,,232.59,2301.28,,,,,,191.0,2026-07-01,2.8341166125951305,701404_July_2026
701405,J. Chokka Rao Devadula Lift Irrigation Scheme,,(-) (-),Irrigation and CAD-TG,2006-04-01,2019-12-01,,8200.71,8200.71,Newly Added,July_2026,4841.09,,179.62,14730.0,,,,,,164.0,2026-07-01,0.5688287965310321,701405_July_2026
701406,Rajiv Bhima Lift Irrigation Scheme,,Telangana,Irrigation and CAD-TG,2008-01-01,2026-06-01,,1402.0,1402.0,Completed,July_2026,100.0,,179.01,2509.66,,,,,,221.0,2026-07-01,1.3122396576319544,701406_July_2026
701408,Madhya Ganga canal Phase-II,,(-) (-),Irrigation & Water Resources-UP,2008-04-01,2019-12-01,,1060.67,1060.67,Newly Added,July_2026,4575.74,,416.45,4417.21,,,,,,140.0,2026-07-01,4.314009069738938,701408_July_2026
701410,Relining of  Rajasthan feeder and Sirhind Feeder canal,,(-) (-),Department of Water Resources-PB,2016-02-01,2021-06-01,,1441.26,1441.26,Newly Added,July_2026,2364.12,,170.83,2462.16,,,,,,38.0,2026-07-01,1.4905915657133342,701410_July_2026
701411,Shahpur Kandi Dam Project,,(-) (-),Department of Water Resources-PB,2010-02-01,2022-06-01,,2285.81,2285.81,Newly Added,July_2026,2201.94,,118.81,2715.7,,,,,,50.0,2026-07-01,0.9557749769228413,701411_July_2026
701412,North Koel Reservoir Project,,(-) (-),"Department of Water Resources, River Development & GR",2017-08-01,2017-08-01,,1622.27,1622.27,Newly Added,July_2026,172.97,,149.84,1622.27,,,,,,2.0,2026-07-01,0.08759331060797525,701412_July_2026
701415,Polavaram Irrigation Project,,(-) (-),Water Resources-AP,2009-01-01,2022-04-01,,10151.04,10151.04,Newly Added,July_2026,27961.55,,547.22,55548.87,,,,,,149.0,2026-07-01,2.5553145293487165,701415_July_2026
701530,Ken-Betwa Linking Development Project,,(-) (-),"Department of Water Resources, River Development,",2022-03-01,2029-03-01,,21030.0,,Newly Added,July_2026,21030.0,,0.01,2.0,,,,,,84.0,2026-07-01,9.51022349025202e-05,701530_July_2026
701564,"Construction of new dry dock at exisitng Cochin Shipyard Limited premises at Perumanoor, Kochi 682 015",,Kerala,Cochin Shipyard,2018-05-01,2025-03-01,,1799.0,1799.0,Completed,November_2025,100.0,,86.63,1558.39,,,,,,82.0,2025-11-01,0.8662534741523069,701564_November_2025
701565,Jal Marg Vikas Project,,(-) (-),Inland Waterways Authority of India [IWAI],,,,,,Newly Added,July_2026,5369.18,,,5369.18,,,,,,,2026-07-01,,701565_July_2026
701568,Construction of oil jetty No.8 at old kandla through internal resources,,Gujarat,Deendayal Port Trust [DPT],2021-02-01,2024-03-01,,100.0,100.0,Completed,March_2026,100.0,,225.85,225.85,,,,,,37.0,2026-03-01,1.8647,701568_March_2026
701570,"Replacement and revamping of pipeline projects in oil jetty area, Kandla",,(-) (-),Deendayal Port Trust [DPT],2021-09-01,2023-09-01,,171.0,171.0,Newly Added,July_2026,149.5,,123.75,211.61,,,,,,24.0,2026-07-01,0.8041520467836257,701570_July_2026
701574,Deepening and Optimization of Inner Harbour facilities including development of Western Dock on BOT basis to handle Cape size vessels,,(-) (-),Paradip Port Trust [PPT],2022-05-01,2027-12-01,,3004.63,3004.63,Newly Added,July_2026,2261.12,,100.0,3004.63,,,,,,59.0,2026-07-01,0.42518379966917724,701574_July_2026
701576,Berth No. 2 [previously Berth 3] of HDC Mechanization Project,,West Bengal,"Haldia Dock Complex, Syama Prasad Mookerjee Port Authority",2023-03-01,2026-01-01,,298.26,298.26,Completed,March_2026,100.0,,100.0,298.26,,,,,,34.0,2026-03-01,1.6093341380004025,701576_March_2026
701577,Shalukkhali Liquid Cargo Handling Facility Development Project,,(-),"Haldia Dock Complex, Syama Prasad Mookerjee Port Authority",2022-01-01,2025-08-01,,253.65,253.65,Newly Added,March_2026,9.28,,100.0,253.65,,,,,,36.0,2026-03-01,0.03658584663906958,701577_March_2026
701586,Setting up of a Floating Storage and Regasification Unit [FSRU] - Mumbai,,(-),Mumbai Port Trust [MPT],2020-11-01,2026-11-01,,900.0,900.0,Newly Added,March_2026,65.0,,100.0,900.0,,,,,,67.0,2026-03-01,0.07222222222222222,701586_March_2026
701593,4G Services by BSNL,,(-) (-),Department of Telecommunications [DoT],2020-11-01,2024-03-01,,28466.0,28466.0,Newly Added,July_2026,9165.04,,68.83,19592.0,,,,,,40.0,2026-07-01,0.2975897562003794,701593_July_2026
701597,Provision of 4G Mobile Services in Uncovered Villages of Arunachal Pradesh and 2 Districts of Assam,,Multi-States (Arunachal,Department of Telecommunications,2020-12-01,2020-12-01,,,1255.49,Newly Added,July_2026,237.98,,22.03,276.62,,,,,,,2026-07-01,,701597_July_2026
701598,Provision of 4G based Mobile Services in Uncovered Villages and National Highways of Meghalaya,,Meghalaya,Department of Telecommunications,2020-09-01,2022-03-01,,971.96,180.46,Newly Added,July_2026,99.84,,92.67,167.23,,,,,,18.0,2026-07-01,0.1720544055310918,701598_July_2026
701599,Mobile connectivity in Left Wing Extremism [LWE] affected areas-Phase2,,(-) (-),Department of Telecommunications [DoT],,,,,,Newly Added,July_2026,,,,,,,,,,,2026-07-01,,701599_July_2026
701600,354 Uncovered Villages Scheme,,"Multi-States (Bihar,",Department of Telecommunications [DoT],,,,,,Completed,March_2026,100.0,,,,,,,,,,2026-03-01,,701600_March_2026
701602,"Provision of 4G based mobile services in 7,287 uncovered villages of 44 Aspirational District across 5 states of Andhra Pradesh, Chhattisgarh, Jharkhand, Maharashtra & Odisha",,(-) (-),Department of Telecommunications [DoT],,,,,,Newly Added,July_2026,,,,,,,,,,,2026-07-01,,701602_July_2026
701657,Tumakuru Node - Phase 1 - Roads and Services Development,,(-) (-),NICDC,2020-12-01,2026-09-01,,1701.81,1701.81,Newly Added,July_2026,337.56,,100.0,1701.81,,,,,,43.0,2026-07-01,0.10821419547423038,701657_July_2026
701658,Krishnapatnam Node - Phase 1 - Roads and Services Development,,(-) (-),National Industrial Corridor Development Corporation,2020-12-01,2028-02-01,,2139.44,2139.44,Newly Added,July_2026,984.13,,100.0,2139.44,,,,,,48.0,2026-07-01,0.29239427139812285,701658_July_2026
701661,Development of IMC Khurpia Farms under AKIC Project,,(-) (-),National Industrial Corridor Development Corporation,2024-08-01,,,,1265.37,Newly Added,July_2026,0.0,,100.0,1265.37,,,,,,,2026-07-01,,701661_July_2026
701662,IMC Rajpura - Patiala Development Project,,Punjab,National Industrial Corridor Development Corporation,2026-03-01,2028-09-01,,1367.72,,Newly Added,July_2026,,,0.22,3.0,,,,,,30.0,2026-07-01,0.002193431404088556,701662_July_2026
701668,Development of Palakkad Node under extension of CBIC to Kochi,,(-) (-),National Industrial Corridor Development Corporation,2024-08-01,2029-04-01,,3805.0,3805.0,Newly Added,July_2026,57.93,,100.0,3805.0,,,,,,42.0,2026-07-01,0.0010512483574244415,701668_July_2026
701719,Rehablitation in Junavadaj Area Smart City Project,,(-) (-),ministry of housing and urban affairs,2016-02-01,2022-07-01,,539.0,539.0,Newly Added,July_2026,623.44,,100.0,539.0,,,,,,73.0,2026-07-01,0.07352504638218925,701719_July_2026
701745,New Suburba Station Development Project,,(-) (-),ministry of housing and urban affairs,2018-04-01,2022-07-01,,262.76,262.76,Newly Added,July_2026,163.21,,100.0,262.76,,,,,,40.0,2026-07-01,0.06705739077485158,701745_July_2026
701766,Green Building Development Project,,(-) (-),ministry of housing and urban affairs,2019-11-01,2023-11-01,,150.97,150.97,Newly Added,July_2026,59.51,,136.45,206.0,,,,,,51.0,2026-07-01,0.12552162681327417,701766_July_2026
701991,Kalyan Station Precinct Imporvement Project,,(-) (-),ministry of housing and urban affairs,2018-04-01,2023-07-01,,600.0,600.0,Newly Added,July_2026,530.04,,120.62,723.7,,,,,,36.0,2026-07-01,0.45403333333333334,701991_July_2026
702355,Storm water drainag Development Project,,(-) (-),ministry of housing and urban affairs,,2020-08-01,,,210.0,Newly Added,April2026,210.0,,100.0,210.0,,,,,,,2026-04-01,,702355_April2026
702522,In-Situ Slum Redevelopment Project in Bihar,,Bihar,"PMAY, Ministry of Housing and Urban Affairs",2024-03-01,,,454.65,204.64,Ongoing,July_2025,251.0,,0.0,0.0,,,,,,,2025-07-01,0.0,702522_July_2025
702524,Affordable Housing Construction Project in Chhattisgarh,,Chhattisgarh,"PMAY, Ministry of Housing and Urban Affairs",2024-03-01,,,3797.69,2694.0,Ongoing,July_2025,253.0,,0.0,0.0,,,,,,,2025-07-01,0.0,702524_July_2025
702540,In-Situ Slum Redevelopment Project in Gujarat,,Gujarat,"PMAY, Ministry of Housing and Urban Affairs",2024-03-01,,,5477.4,3035.81,Ongoing,July_2025,256.0,,0.0,0.0,,,,,,,2025-07-01,0.0,702540_July_2025
702544,In-Situ Slum Redevelopment Project in Haryana,,Chandigarh,"PMAY, Ministry of Housing and Urban Affairs",2024-03-01,,,285.85,127.58,Ongoing,July_2025,252.0,,0.0,0.0,,,,,,,2025-07-01,0.0,702544_July_2025
702555,In-Situ Slum Redevelopment Project in Jharkhand,,Jharkhand,"PMAY, Ministry of Housing and Urban Affairs",2024-03-01,,,212.74,41.0,Ongoing,July_2025,257.0,,0.0,0.0,,,,,,,2025-07-01,0.0,702555_July_2025
702612,In-Situ Slum Redevelopment Project in Uttar Pradesh,,Uttar Pradesh,"PMAY, Ministry of Housing and Urban Affairs",2024-03-01,,,576.99,141.94,Ongoing,July_2025,258.0,,0.0,0.0,,,,,,,2025-07-01,0.0,702612_July_2025
702625,Bhopal Metro Rail Project,,(-) (-),Madhya Pradesh Metro Rail Co Limited [MPMRCL],2018-11-01,2022-11-01,,6941.4,6941.4,Newly Added,July_2026,4498.76,,100.0,6941.4,,,,,,48.0,2026-07-01,0.5688060045523958,702625_July_2026
702626,Indore Metro Rail Project,,(-) (-),Madhya Pradesh Metro Rail Co Limited [MPMRCL],2018-11-01,2022-11-01,,7500.8,7500.8,Newly Added,July_2026,5093.95,,100.0,7500.8,,,,,,48.0,2026-07-01,0.6063059940273037,702626_July_2026
702627,Patna Metro Rail Project,,(-) (-),Patna Metro Rail Corporation Ltd. [PMRCL],2019-02-01,2024-02-01,,13365.77,13365.77,Newly Added,July_2026,5198.09,,100.0,13365.77,,,,,,60.0,2026-07-01,0.3494157089340906,702627_July_2026
702628,Kanpur Metro Rail Project,,(-) (-),Uttar Pradesh metro rail corporation [UPMRC],2019-05-01,2024-05-01,,11076.48,11076.48,Newly Added,July_2026,9463.15,,100.0,11076.48,,,,,,54.0,2026-07-01,0.8209765196163403,702628_July_2026
702629,Agra Metro Rail Project,,(-) (-),Uttar Pradesh metro rail corporation [UPMRC],2019-05-01,2024-05-01,,8379.62,8379.62,Newly Added,July_2026,6368.28,,100.0,8379.62,,,,,,41.0,2026-07-01,0.7240399922669524,702629_July_2026
702630,Surat Metro Rail Project,,(-) (-),Gujarat Metro Rail Corporation Limited [GMRCL],2019-03-01,2024-03-01,,12020.32,12020.32,Newly Added,July_2026,9332.21,,100.0,12020.32,,,,,,59.0,2026-07-01,0.6964273829648463,702630_July_2026
702631,"Ahmedabad Metro Rail Project, Phase-II",,Gujarat,Gujarat Metro Rail Corporation Limited [GMRCL],2019-03-01,2024-03-01,,5384.17,5384.17,Completed,March_2026,100.0,,100.0,5384.17,,,,,,60.0,2026-03-01,0.9212227697119519,702631_March_2026
702632,DMRTS Phase - IV [3 Priority Corridors],,(-) (-),Delhi Metro Rail Corporation Limited [DMRC],2019-07-01,2025-03-01,,24948.65,24948.65,Newly Added,July_2026,21420.76,,100.0,24948.65,,,,,,68.0,2026-07-01,0.752279582261966,702632_July_2026
702633,Delhi-Ghaziabad-Meerut Regional Rapid Transit System [RRTS] corridor,,"Multi-States (Delhi, Uttar",National Capital Region Transport Corporation [NCRTC],2019-03-01,2019-03-01,,30274.0,30274.0,Completed,March_2026,100.0,,100.0,30274.0,,,,,,75.0,2026-03-01,0.8526213912928585,702633_March_2026
702635,Construction of Bangalore Metro Rail Project Phase 2.,,(-) (-),Bengaluru Metro Rail,2014-02-01,2021-03-01,,26405.14,26405.14,Newly Added,July_2026,29834.97,,116.25,30695.12,,,,,,61.0,2026-07-01,1.1254615578633556,702635_July_2026
702637,Mumbai Metro Line 3,,(-) (-),Mumbai Metro Rail Corporation Limited [MMRC],2013-07-01,2023-03-01,,23136.0,23136.0,Newly Added,July_2026,35959.97,,161.12,37276.0,,,,,,81.0,2026-07-01,1.4147998789764868,702637_July_2026
702639,Ahmedabad Metro Rail Project [Phase-I],,Gujarat,Gujarat Metro Rail Corporation Limited [GMRCL],2015-02-01,2026-05-01,,10773.0,10773.0,Completed,May2026,100.0,,119.97,12924.5,,,,,,135.0,2026-05-01,1.1445530492898914,702639_May2026
702658,Nagpur Metro Rail Phase II Development Project,,(-) (-),Maharashtra Metro Rail Corporation Limited [MMRCL],2022-12-01,2027-12-01,,6708.0,6708.0,Newly Added,July_2026,2161.73,,100.0,6708.0,,,,,,60.0,2026-07-01,0.2282289803220036,702658_July_2026
702664,Kochi Metro Rail Phase 2 Development  Project,,(-) (-),CSPCC Projects,2022-11-01,2026-11-01,,1957.05,1957.05,Newly Added,July_2026,816.8,,100.0,1957.05,,,,,,48.0,2026-07-01,0.2898903962596766,702664_July_2026
702665,Construction Bangalore Metro Rail Project Phase-2A & 2B,,(-) (-),Bengaluru Metro Rail,2021-06-01,2026-06-01,,14788.1,14788.1,Newly Added,July_2026,10878.48,,100.0,14788.1,,,,,,89.0,2026-07-01,0.63526754620269,702665_July_2026
702668,Chennai Metro Rail Phase-II Development Project,,(-) (-),Chennai Metro Rail Limited [CMRL],2024-10-01,2029-08-01,,63246.0,63246.0,Newly Added,July_2026,34698.0,,100.0,63246.0,,,,,,105.0,2026-07-01,0.48574724093223287,702668_July_2026
702674,"ESR - 8 nos., distribution system - 216 Km, new house service connections - 38760 nos. upgrading of feeder mains, pumping station etc. - Phase II",,(-) (-),Ministry of Housing & Urban Affairs,2017-02-01,2023-03-01,,172.22,172.22,Newly Added,July_2026,88.86,,100.0,172.22,,,,,,56.0,2026-07-01,0.5159679479735222,702674_July_2026
702682,Dibrugarh Water Supply Infrastructure Project,,Assam,Ministry of Housing & Urban Affairs,2020-01-01,2025-12-01,,186.8,186.8,Completed,November_2025,100.0,,891.01,1664.41,,,,,,71.0,2025-11-01,8.910117773019271,702682_November_2025
702699,Muzaffarpur Storm Water Drainage Phase-I Project,,(-) (-),Ministry of Housing & Urban Affairs,2016-11-01,2023-10-01,,158.78,158.78,Newly Added,July_2026,135.72,,100.0,158.78,,,,,,56.0,2026-07-01,0.587920392996599,702699_July_2026
702734,Sewerage Management Scheme Part-3 Implementation,,(-) (-),Ministry of Housing & Urban Affairs,2017-03-01,2023-09-01,,278.01,278.01,Newly Added,July_2026,228.49,,100.0,278.01,,,,,,70.0,2026-07-01,0.7873457789288155,702734_July_2026
702735,Sewerage Management Scheme Part-3 Implementation,,Haryana,Ministry of Housing & Urban Affairs,2018-10-01,2026-04-01,,213.19,213.19,Completed,April2026,100.0,,100.0,213.19,,,,,,90.0,2026-04-01,0.7886861485060275,702735_April2026
702741,Dhanbad Water Supply Infrastructure Project,,(-) (-),Ministry of Housing & Urban Affairs,2017-02-01,2023-03-01,,216.55,216.55,Newly Added,July_2026,129.16,,100.0,216.55,,,,,,51.0,2026-07-01,0.5964442392057261,702741_July_2026
702742,SAAP-3 Water Supply Infrastructure SAAP-3 Project,,(-) (-),Ministry of Housing & Urban Affairs,2017-02-01,2023-10-01,,159.31,159.31,Newly Added,July_2026,87.5,,100.0,159.31,,,,,,58.0,2026-07-01,0.5492436130814136,702742_July_2026
702746,Augmentation and Strenghthning of Urban Water Supply Phase 1 - SAAP 3,,(-) (-),Ministry of Housing & Urban Affairs,2017-02-01,2023-03-01,,278.28,278.28,Newly Added,July_2026,186.5,,100.0,278.28,,,,,,51.0,2026-07-01,0.6701882995544057,702746_July_2026
702760,Belgavi Improvement in Sewerage System Project,,(-) (-),Ministry of Housing & Urban Affairs,2015-12-01,2023-07-01,,162.73,162.73,Newly Added,July_2026,79.5,,100.0,162.73,,,,,,81.0,2026-07-01,0.5267006698211761,702760_July_2026
702764,24/7 water supply under AMRUT for Davanagere,,Karnataka,Ministry of Housing & Urban Affairs,2018-01-01,2026-05-01,,174.96,174.96,Completed,April2026,100.0,,100.0,174.96,,,,,,100.0,2026-04-01,0.5325788751714677,702764_April2026
702793,Indore Water Supply Infrastructure Project,,(-) (-),Ministry of Housing & Urban Affairs,2016-12-01,2023-03-01,,287.17,287.17,Newly Added,July_2026,252.5,,100.0,287.17,,,,,,64.0,2026-07-01,0.8792701187449942,702793_July_2026
702798,Jabalpur Sewerage Management and Treatment Infrastructure Project,,Madhya Pradesh,Ministry of Housing & Urban Affairs,2017-12-01,2026-04-01,,362.31,362.31,Completed,April2026,100.0,,100.0,362.31,,,,,,100.0,2026-04-01,0.896442273191466,702798_April2026
702808,Satna Sewerage Management and Treatment Infrastructure Project,,(-) (-),Ministry of Housing & Urban Affairs,2015-11-01,2024-03-01,,191.56,191.56,Newly Added,July_2026,200.32,,112.7,215.89,,,,,,87.0,2026-07-01,1.0064209647107956,702808_July_2026
702810,Singrauli Sewerage Management and Treatment Infrastructure Project,,(-) (-),Ministry of Housing & Urban Affairs,2016-05-01,2023-03-01,,402.01,402.01,Newly Added,July_2026,371.17,,108.98,438.1,,,,,,64.0,2026-07-01,0.889729111216139,702810_July_2026
702833,Kalyan-Dombivali Water Supply Infrastructure Project,,(-) (-),Ministry of Housing & Urban Affairs,2016-07-01,2023-10-01,,194.2,194.2,Newly Added,July_2026,136.56,,100.0,194.2,,,,,,49.0,2026-07-01,0.7031925849639548,702833_July_2026
702840,Mira-Bhayandar Water Supply Infrastructure Project,,Maharashtra,Ministry of Housing & Urban Affairs,2018-08-01,2026-06-01,,204.55,204.55,Completed,May2026,100.0,,100.0,204.55,,,,,,94.0,2026-05-01,0.909948667807382,702840_May2026
702842,Nagpur Water Supply Infrastructure Project,,Maharashtra,Ministry of Housing & Urban Affairs,2018-08-01,2026-01-01,,273.78,273.78,Completed,December_2025,100.0,,99.3,271.86,,,,,,89.0,2025-12-01,0.9719848053181388,702842_December_2025
702851,Pune Water Supply Infrastructure Project,,Maharashtra,Ministry of Housing & Urban Affairs,2017-07-01,2026-07-01,,235.95,235.95,Completed,July_2026,100.0,,100.0,235.95,,,,,,108.0,2026-07-01,0.7839796567069294,702851_July_2026
702854,Solapur Sewerage Management Infrastructure Project,,Maharashtra,Ministry of Housing & Urban Affairs,2018-04-01,2026-06-01,,180.24,180.24,Completed,May2026,100.0,,100.0,180.24,,,,,,98.0,2026-05-01,0.9227696404793607,702854_May2026
702948,Jaunpur Sewerage Management Infrastructure Project,,Uttar Pradesh,Ministry of Housing & Urban Affairs,2019-08-01,2026-03-01,,235.73,235.73,Completed,February_2026,100.0,,98.26,231.62,,,,,,79.0,2026-02-01,0.9386586348788869,702948_February_2026
702949,Jhansi Water Supply Infrastructure Phase-II Project,,(-) (-),Ministry of Housing & Urban Affairs,2017-03-01,2023-07-01,,561.74,561.74,Newly Added,July_2026,506.52,,100.0,561.74,,,,,,49.0,2026-07-01,0.8650087228967138,702949_July_2026
702958,Lucknow Sewerage Management Infrastructure Project,,(-) (-),Ministry of Housing & Urban Affairs,2016-09-01,,,173.21,142.46,Newly Added,July_2026,152.65,,121.59,173.21,,,,,,,2026-07-01,0.8224698343051787,702958_July_2026
703021,Jalandhar Water Supply Infrastructure Project,,(-) (-),Ministry of Housing & Urban Affairs,2016-11-01,2023-08-01,,258.53,258.53,Newly Added,July_2026,161.02,,103.14,266.64,,,,,,36.0,2026-07-01,0.6228290720612696,703021_July_2026
703057,Patiala Water Supply Infrastructure Part-2 Project,,(-) (-),Ministry of Housing & Urban Affairs,2016-11-01,2023-10-01,,287.0,287.0,Newly Added,July_2026,213.64,,100.0,287.0,,,,,,38.0,2026-07-01,0.744390243902439,703057_July_2026
703585,Yeshvanthpur - Channasandra Doubling Project [21.70 Km],,(-) (-),Karnataka Rail Infrastructure Development Company Limited [K-RIDE],2019-04-01,2024-03-01,,314.1,314.1,Newly Added,June_2026,173.5,,217.63,683.57,,,,,,53.0,2026-06-01,0.5206940464820121,703585_June_2026
703586,Baiyyappanahalli-Hosur 48 km,,(-) (-),M.D/KRIDE SWR mor,,2019-04-01,,,499.0,Newly Added,July_2026,498.7,,100.0,498.7,,,,,,,2026-07-01,,703586_July_2026
704495,"502 Aspirational District Scheme in Four states - Bihar, Madhya Pradesh, Rajastha and Uttar Pradesh",,(-) (-),Department of Telecommunications [DoT],,,,,,Newly Added,July_2026,421.65,,,,,,,,,,2026-07-01,,704495_July_2026
705237,Western Dedicated Freight Corridor,,(-) (-),DFCCIL,,,,,,Newly Added,July_2026,51101.0,,,,,,,,,,2026-07-01,,705237_July_2026
705244,Coach Production Factory Upgradation Project,,(-) (-),CPM/ICF,2017-12-01,2021-12-01,,520.0,520.0,Newly Added,July_2026,192.25,,100.0,520.0,,,,,,41.0,2026-07-01,0.3697115384615385,705244_July_2026
705252,Kazipet Wagon Overhauling Project,,(-) (-),RVNL,2017-09-01,2023-12-01,,385.0,385.0,Newly Added,June_2026,0.0,,100.0,385.0,,,,,,77.0,2026-06-01,0.0,705252_June_2026
705253,Kurnool Coach Midlife Rehabilitation Project,,(-) (-),South Central Railway [SCR] - II,2016-05-01,2020-12-01,,563.0,563.0,Newly Added,July_2026,959.27,,99.6,560.72,,,,,,77.0,2026-07-01,0.21314387211367672,705253_July_2026
705298,North Region Video Surveillance Project,,(-) (-),RCIL,2020-06-01,2024-03-01,,274.39,274.39,Newly Added,July_2026,0.0,,100.0,274.39,,,,,,11.0,2026-07-01,0.0,705298_July_2026
705300,Western Region Video Surveillance Project,,PAN India,RCIL,2023-04-01,2026-01-01,,227.59,227.59,Completed,December_2025,100.0,,0.0,0.0,,,,,,33.0,2025-12-01,0.0,705300_December_2025
705356,Ahmednagar - Beed - Parli - Vaijnath New Broad Gauge Line Railway Project [261.3 km],,(-) (-),CAOC/CR CR mor,1997-02-01,2026-03-01,,2538.67,2538.67,Newly Added,July_2026,5054.69,,234.08,5942.48,,,,,,281.0,2026-07-01,2.0526890064482584,705356_July_2026
705357,Baramati - Lonand 54 km,,(-) (-),CAOC/CR CR mor,1999-02-01,2027-03-01,,138.48,138.48,Newly Added,July_2026,1132.25,,1292.97,1790.5,,,,,,336.0,2026-07-01,6.527657423454651,705357_July_2026
705358,Khurda Road-Bolangir 301 km,,(-) (-),CAO/C/ECOR ECoR mor,1994-03-01,2026-12-01,,3792.0,3792.0,Newly Added,July_2026,4825.28,,164.08,6221.98,,,,,,309.0,2026-07-01,1.4163185654008439,705358_July_2026
705359,Talcher-Bimlagarh 154 km,,(-) (-),CAO/C/ECOR ECoR mor,2004-03-01,2025-03-01,,1928.0,1928.0,Newly Added,July_2026,2164.01,,235.83,4546.84,,,,,,243.0,2026-07-01,1.0485632780082987,705359_July_2026
705362,"Jaynagar-Bijalpura, incl. extn. Bet, Bijalpura-Bardibas [Nepal]",,(-) (-),East Central Railway [ECR] - I,2015-08-01,2022-03-01,,819.0,819.0,Newly Added,June_2026,580.51,,100.0,819.0,,,,,,132.0,2026-06-01,0.7088034188034188,705362_June_2026
705363,Sakri-Hasanpur Road New  Rail Line Project,,Bihar,East Central Railway [ECR] - I,2024-12-01,2025-03-01,,735.0,605.0,Ongoing,July_2025,467.0,,12.89,78.0,,,,,,3.0,2025-07-01,0.10612244897959183,705363_July_2025
705364,Khagaria-Kusheshwar Asthan [42Km] new line project,,(-) (-),East Central Railway [ECR] - I,2019-04-01,2024-12-01,,614.0,614.0,Newly Added,June_2026,491.56,,225.43,1384.16,,,,,,312.0,2026-06-01,0.79871335504886,705364_June_2026
705366,Hajipur-Sagauli via Vaishali 148.3 km,,(-) (-),CAO/Con/North/MHX ECR mor,2007-10-01,2020-03-01,,2067.0,2067.0,Newly Added,July_2026,2843.39,,193.1,3991.33,,,,,,185.0,2026-07-01,0.9750459603289793,705366_July_2026
705368,Araria-Supaul 92 km,,(-) (-),CAO/Con/North/MHX ECR mor,2009-08-01,2024-03-01,,1605.0,1605.0,Newly Added,July_2026,2140.8,,163.31,2621.05,,,,,,180.0,2026-07-01,1.0289345794392524,705368_July_2026
705373,Fatuah-Islampur incl. material modification for extension of new line from Neora to Daniawan Daniawan to Biharsharif Biharsharif to Barbigha Barbigha to Sheikhpura,,(-) (-),CAO/Con/South/MHX ECR mor,2002-08-01,2023-03-01,,1473.0,1473.0,Newly Added,July_2026,3041.78,,221.27,3259.35,,,,,,252.0,2026-07-01,1.726286490156144,705373_July_2026
705375,Koderma-Tilaiya 68 km,,(-) (-),CAO/Con/South/MHX ECR mor,2004-11-01,2004-11-01,,1626.0,1626.0,Newly Added,July_2026,2156.71,,152.93,1626.0,,,,,,275.0,2026-07-01,1.2675092250922508,705375_July_2026
705385,Pirpainti - Jasidih 97 km,,(-) (-),CAOC/ER ER mor,2014-03-01,2014-03-01,,2555.0,2555.0,Newly Added,July_2026,1105.03,,100.0,2555.0,,,,,,72.0,2026-07-01,0.29866144814090023,705385_July_2026
705391,Jiribam-Imphal 110 km,,Manipur,CAO/C-III/NFR NFR mor,2009-04-01,2026-12-01,,14323.0,21886.0,Newly Added,July_2026,78.0,,77.36,16931.5,,,,,,212.0,2026-07-01,1.1821196676673882,705391_July_2026
705392,Dimapur-Kohima 88 km,,"Multi-States (Assam,",CAO/C-1/NFR NFR mor,2006-11-01,2015-08-01,,,6663.0,Newly Added,July_2026,6719.53,,229.78,15310.2,,,,,,,2026-07-01,,705392_July_2026
705394,Teteliya-Byrnihat 21.5 km,,Multi-States,CAO/C-II/NFR NFR mor,2006-11-01,,,,1304.62,Newly Added,July_2026,1272.35,,109.77,1432.14,,,,,,,2026-07-01,,705394_July_2026
705396,Byrnihat-Shillong New Rail Line- 108 km,,Meghalaya,Northeast Frontier Railway [NFR],2010-03-01,2021-03-01,,8324.28,8342.28,Newly Added,June_2026,2.04,,3.19,266.12,,,,,,132.0,2026-06-01,0.03196913126420543,705396_June_2026
705400,New B.G. Railway Line- Araria to Galgalia  [Thakurgunj],,Bihar,Northeast Frontier Railway [NFR],2024-12-01,2025-07-01,,4412.0,4152.4,Ongoing,July_2025,472.0,,2.31,96.0,,,,,,7.0,2025-07-01,0.021758839528558477,705400_July_2025
705401,Murkongselek-Pasighat 26.15 km,,Multi-States (Arunachal,CAO/C-II/NFR NFR mor,2011-02-01,2012-03-01,,,435.0,Newly Added,July_2026,1057.21,,306.77,1334.45,,,,,,,2026-07-01,,705401_July_2026
705410,Nangal Dam-Talwara 83.74 km - New broad gauge line & taking over siding Mukerian- Talwara 29.16 km,,(-) (-),CAOC/NR NR mor,,1983-03-01,,,2018.0,Newly Added,July_2026,2018.0,,100.0,2018.0,,,,,,,2026-07-01,,705410_July_2026
705419,Gwalior-Sheorpurkalan with extension to Kota 284 km,,(-) (-),CAO/C/NCR NCR mor,2010-02-01,2011-03-01,,,2913.0,Newly Added,July_2026,3068.75,,135.5,3947.0,,,,,,,2026-07-01,,705419_July_2026
705424,Chandigarh-Baddi 33.23 km,,(-) (-),CAOC/NR NR mor,,2018-02-01,,,1540.0,Newly Added,July_2026,1540.0,,100.0,1540.0,,,,,,,2026-07-01,,705424_July_2026
705428,Bhanupalli-Bilaspur-Beri New Railway Line Project,,(-) (-),RVNL - II,,2009-03-01,,,13447.0,Newly Added,June_2026,13447.0,,100.0,13447.0,,,,,,,2026-06-01,,705428_June_2026
705429,Rishikesh-Karnaprayag New Rail Line- 125 km,,(-) (-),RVNL - II,2016-11-01,2025-12-01,,38953.0,38953.0,Newly Added,June_2026,28828.18,,100.0,38953.0,,,,,,88.0,2026-06-01,0.7071550329884734,705429_June_2026
705432,Sivok-Rangpo New Rail Line,,Sikkim,Indian Railway Construction International Limited [IRCON],2010-05-01,2015-05-01,,7877.0,11775.0,Newly Added,July_2026,80.0,,94.19,11090.47,,,,,,60.0,2026-07-01,1.4079560746477084,705432_July_2026
705433,Dallirajhra- Rowghat New Railway Line - Phase I [95 km],,(-) (-),Rail Vikas Nigam Limited,2009-07-01,2025-09-01,,1628.0,1628.0,Newly Added,July_2026,1440.85,,100.0,1628.0,,,,,,189.0,2026-07-01,0.8850429975429975,705433_July_2026
705434,New Railway Line between Ginigera and Raichur [165.57 km],,(-) (-),South Western Railway [SWR] - II,2008-03-01,2019-03-01,,2565.0,2565.0,Newly Added,June_2026,2412.11,,118.32,3034.98,,,,,,118.0,2026-06-01,0.8409005847953216,705434_June_2026
705436,Kotapalli - Narasapur New Line,,(-) (-),South Central Railway [SCR] - II,2009-03-01,2028-03-01,,2501.0,2501.0,Newly Added,June_2026,1417.7,,100.0,2501.0,,,,,,174.0,2026-06-01,0.5412994802079168,705436_June_2026
705437,Manoharabad-Kothapalli New Rail Line [151 km],,(-) (-),South Central Railway [SCR] - II,2016-07-01,2027-03-01,,1160.0,1160.0,Newly Added,June_2026,3073.41,,239.74,2781.0,,,,,,122.0,2026-06-01,2.0195344827586204,705437_June_2026
705444,Gevra Road-Pendra Road New Railway Line [135 km],,(-) (-),Indian Railway Construction International Limited [IRCON],2014-04-01,2022-03-01,,4970.0,4970.0,Newly Added,July_2026,5327.55,,149.87,7448.52,,,,,,95.0,2026-07-01,0.9743903420523139,705444_July_2026
705450,Jogbani-Biratnagar New Rail Line project,,(-) (-),Indian Railway Construction International Limited [IRCON],2010-06-01,2022-03-01,,402.0,402.0,Newly Added,July_2026,369.48,,120.9,486.0,,,,,,134.0,2026-07-01,0.9167164179104477,705450_July_2026
705453,"Dahod-Indore via Sardarpur, Jhabua & Dhar 200.97 km incl. material modification for change in alignment via Amjhera 4.82 km",,(-) (-),CAOCWR WR mor,,,,,,Newly Added,July_2026,456.07,,,,,,,,,,2026-07-01,,705453_July_2026
705454,Chhota Udepur-Dhar 157 km,,(-) (-),CAOCWR WR mor,,2008-11-01,,,1794.0,Newly Added,July_2026,1794.0,,100.0,1794.0,,,,,,,2026-07-01,,705454_July_2026
705457,Ratlam-Mhow-Khandwa-Akola 472.64 km including material modification for Fatehabad-Chandrawati Ganj-Ujjain 22.96 km and Rau-DADN doubling 9.40 km,,(-) (-),CAOCWR WR mor,,2008-04-01,,,5678.0,Newly Added,July_2026,1656.25,,115.04,1656.25,,,,,,,2026-07-01,,705457_July_2026
705458,Miyagam-Karjan-Dabhoi-Samlaya 96.46 km- Gauge conversion with electrification,,(-) (-),CAOCWR WR mor,2017-01-01,2021-03-01,,483.88,483.88,Newly Added,July_2026,816.25,,209.78,1015.07,,,,,,50.0,2026-07-01,1.3395469951227577,705458_July_2026
705464,Bangalore-Satyamanglam New Line Project [260 Km] - Part Hejjala - Chamarajanagar [142 Km],,(-) (-),South Western Railway [SWR] - II,1999-02-01,2031-12-01,,1382.78,1382.78,Newly Added,June_2026,0.0,,100.0,1382.78,,,,,,65.0,2026-06-01,0.020972244319414513,705464_June_2026
705479,Wadsa-Gadchiroli 49.5 km,,(-) (-),CAOC/SECR SECR mor,2017-05-01,2027-03-01,,1886.0,1886.0,Newly Added,July_2026,1015.46,,99.71,1880.61,,,,,,180.0,2026-07-01,0.38723753976670205,705479_July_2026
705480,"Lalitpur-Satna, Rewa-Singrauli & Mahoba-Khajuraho 541 km",,(-) (-),CE/C-4/WCR WCR mor,2007-01-01,2027-03-01,,8914.0,8914.0,Newly Added,July_2026,8914.0,,100.0,8914.0,,,,,,348.0,2026-07-01,0.7463046892528608,705480_July_2026
705481,Ramganj Mandi-Bhopal 262 km,,(-) (-),CPM/Kota WCR mor,,2001-03-01,,,3032.0,Newly Added,July_2026,3032.0,,167.32,3032.0,,,,,,,2026-07-01,,705481_July_2026
705482,Dholpur - Sirmuttra Gauge Conversion,,(-) (-),North Central Railway,2022-03-01,2019-02-01,,747.0,747.0,Newly Added,June_2026,509.8,,100.0,747.0,,,,,,-14.0,2026-06-01,0.5978447121820616,705482_June_2026
705489,Madurai-Tuticorin via Aruppukkottai 143.5 km,,(-) (-),CAOC/SR SR mor,2011-04-01,2021-07-01,,601.43,601.43,Newly Added,July_2026,351.21,,341.42,2053.39,,,,,,58.0,2026-07-01,,705489_July_2026
705490,Gadag - Wadi 252 km,,(-) (-),CAOC/SWR SWR mor,2013-04-01,2027-03-01,,2842.0,2842.0,Newly Added,July_2026,2252.04,,129.07,3668.17,,,,,,115.0,2026-07-01,0.505503166783955,705490_July_2026
705491,Marikuppam-Kuppam 23.7 km,,(-) (-),CAOC/SWR SWR mor,,2012-04-01,,,297.0,Newly Added,July_2026,297.0,,100.0,297.0,,,,,,,2026-07-01,,705491_July_2026
705492,Kadur-Chickmagalur-Sakleshpur 93 km,,(-) (-),CAOC/SWR SWR mor,2014-01-01,2025-06-01,,825.0,825.0,Newly Added,July_2026,790.72,,126.44,1043.15,,,,,,103.0,2026-07-01,0.8881212121212122,705492_July_2026
705493,Hubli-Ankola 167 km,,(-) (-),CAOC/SWR SWR mor,1999-01-01,2005-03-01,,5174.0,5174.0,Newly Added,July_2026,186.31,,10.31,533.32,,,,,,62.0,2026-07-01,0.005411673753382296,705493_July_2026
705494,Rayadurg-Tumkur via Kalyandurg 213 km,,(-) (-),CAOC/SWR SWR mor,,2008-03-01,,,2496.0,Newly Added,July_2026,2496.0,,100.0,2496.0,,,,,,,2026-07-01,,705494_July_2026
705495,Bagalkot-Kudachi 142 km,,(-) (-),CAOC/SWR SWR mor,2010-02-01,2027-03-01,,1378.0,1378.0,Newly Added,July_2026,797.37,,124.12,1710.44,,,,,,172.0,2026-07-01,0.5445573294629898,705495_July_2026
705496,Tumkur-Chitradurg-Davangere 199.7 km,,(-) (-),CAOC/SWR SWR mor,2011-03-01,2019-03-01,,1876.0,1876.0,Newly Added,July_2026,676.71,,96.0,1801.01,,,,,,26.0,2026-07-01,0.2792857142857143,705496_July_2026
705497,Wardha - Yavatmal Nanded Railway Line Project,,(-) (-),Central Railways,2008-02-01,2026-12-01,,3445.34,3445.34,Newly Added,July_2026,4053.03,,116.99,4030.69,,,,,,164.0,2026-07-01,0.008997660608241857,705497_July_2026
705498,Kalyan-Kasara - 3rd line 67.62 km,,(-) (-),CAOC/CR CR mor,2015-09-01,2026-12-01,,792.89,792.89,Newly Added,July_2026,1159.82,,176.0,1395.5,,,,,,135.0,2026-07-01,1.2919068218794536,705498_July_2026
705500,Wardha Sevagram-Nagpur - 3rd line 76.3 km,,(-) (-),CAOC/CR CR mor,2015-09-01,2025-12-01,,540.02,540.02,Newly Added,July_2026,836.27,,166.57,899.52,,,,,,115.0,2026-07-01,1.4793711344024296,705500_July_2026
705502,Wardha-Balharshah - 3rd line 132 km,,(-) (-),CAOC/CR CR mor,2016-03-01,2025-12-01,,1384.72,1384.72,Newly Added,July_2026,1894.7,,187.99,2603.11,,,,,,108.0,2026-07-01,1.2589332139349472,705502_July_2026
705503,Pune - Miraj-Londa  [467 Kilometres],,Maharashtra,Central Railway,2016-06-01,2025-02-01,,4027.53,4027.53,Completed,April2026,100.0,,120.98,4872.52,,,,,,104.0,2026-04-01,1.2768048903422196,705503_April2026
705504,Daund - Manmad 247.50 km,,(-) (-),CAOC/CR CR mor,2017-10-01,2025-12-01,,2081.27,2081.27,Newly Added,July_2026,3191.56,,170.8,3554.74,,,,,,105.0,2026-07-01,1.4331105526913857,705504_July_2026
705505,Wardha-Nagpur - 4th line 78.70 km,,(-) (-),CAOC/CR CR mor,2017-04-01,2025-12-01,,637.95,637.95,Newly Added,July_2026,1090.49,,187.25,1194.59,,,,,,91.0,2026-07-01,1.631569872247041,705505_July_2026
705506,3rd Line Manmad - Jalgaon [160 Kilometres],,(-) (-),Central Railway [CR] - II,2017-05-01,2024-12-01,,1035.16,1035.16,Newly Added,July_2026,1843.54,,180.65,1870.0,,,,,,80.0,2026-07-01,1.7390161907337995,705506_July_2026
705507,Itarsi-Nagpur bal. 280 km,,(-) (-),CAOC/CR CR mor,,2016-09-01,,,2450.0,Newly Added,July_2026,2449.91,,100.0,2449.91,,,,,,,2026-07-01,,705507_July_2026
705510,Bhadrak-Nergundi - 3rd line 80 km,,(-) (-),CAO/C/ECOR ECoR mor,2012-03-01,2024-11-01,,1284.0,1284.0,Newly Added,July_2026,1395.78,,124.61,1600.0,,,,,,115.0,2026-07-01,1.0308566978193145,705510_July_2026
705511,Jagdalpur-Koraput 110.22 km,,(-) (-),CAO/C/ECOR ECoR mor,,2015-12-01,,,1547.0,Newly Added,July_2026,1547.0,,100.0,1547.0,,,,,,,2026-07-01,,705511_July_2026
705512,Kottavalasa-Koraput 189.278 km,,(-) (-),CAO/C/ECOR ECoR mor,,2015-12-01,,,2500.0,Newly Added,July_2026,2500.0,,100.0,2500.0,,,,,,,2026-07-01,,705512_July_2026
705513,Koraput-Singapur Road 164.56 km,,(-) (-),CAO/C/ECOR ECoR mor,2015-12-01,2027-12-01,,2362.0,2362.0,Newly Added,July_2026,2093.47,,104.24,2462.17,,,,,,144.0,2026-07-01,0.8012912785774767,705513_July_2026
705514,Jarapaada-Budhapank with flyover at Talcher Road - 3rd & 4th line 47 44 km,,(-) (-),CAO/C/ECOR ECoR mor,2015-11-01,2018-11-01,,1000.0,1000.0,Newly Added,July_2026,758.57,,92.85,928.54,,,,,,35.0,2026-07-01,0.43483999999999995,705514_July_2026
705515,Budhapank-Salegaon via Rajatgarh - 3rd & 4th line 85 85 km,,(-) (-),CAO/C/ECOR ECoR mor,2015-12-01,2026-03-01,,1173.0,1173.0,Newly Added,July_2026,2213.72,,258.72,3034.8,,,,,,123.0,2026-07-01,1.7758653026427964,705515_July_2026
705520,Vizianagaram-Sambhalpur 3rd Line Project,,Multi-States,RVNL,,2016-06-01,,,,Newly Added,November_2025,,,,4803.16,,,,,,,2025-11-01,,705520_November_2025
705526,Samastipur-Darbhanga 38 km,,(-) (-),CAO/Con/North/MHX ECR mor,2015-11-01,2025-03-01,,519.0,519.0,Newly Added,July_2026,746.81,,187.58,973.56,,,,,,111.0,2026-07-01,103.33770712909441,705526_July_2026
705527,Sagauli - Valmikinagar 109.7 km,,(-) (-),CAO/Con/North/MHX ECR mor,2018-03-01,2025-12-01,,1216.0,1216.0,Newly Added,July_2026,1460.42,,128.19,1558.77,,,,,,105.0,2026-07-01,1.7144654605263157,705527_July_2026
705528,Muzaffarpur - Sagauli 100.6 km,,(-) (-),CAO/Con/North/MHX ECR mor,2018-03-01,2024-06-01,,1586.0,1586.0,Newly Added,July_2026,1554.88,,110.02,1744.84,,,,,,87.0,2026-07-01,0.9333606557377049,705528_July_2026
705562,Chhapra-Ballia - Patch doubling 65 km,,(-) (-),CAOC/NER NER mor,,2013-03-01,,,963.0,Newly Added,July_2026,963.0,,108.62,963.0,,,,,,,2026-07-01,,705562_July_2026
705566,Domingarh-Gorakhpur-Gorakhpur Cantt.-Kusumhi - 3rd Railway Line Project,,Uttar Pradesh,North Eastern Railway [NER],2018-06-01,2025-09-01,,351.0,351.0,Completed,October_2025,100.0,,148.57,521.47,,,,,,87.0,2025-10-01,1.4234757834757834,705566_October_2025
705567,Burhwal - Gonda - 3rd line 61.72 km,,(-) (-),CAOC/NER NER mor,2017-11-01,2025-03-01,,1016.0,1016.0,Newly Added,July_2026,777.21,,128.7,1307.62,,,,,,68.0,2026-07-01,1.4659153543307086,705567_July_2026
705572,New Bongaigaon - Goalpara - Guwahati Kamakhya 176 km,,Assam,CAO/C-III/NFR NFR mor,2017-06-01,2026-03-01,,4060.0,4983.94,Newly Added,July_2026,91.0,,76.69,3821.96,,,,,,105.0,2026-07-01,0.9413694581280788,705572_July_2026
705583,Anand Vihar-Tilak Bridge - 3rd & 4th line 9.77 km,,(-) (-),CAOC/NR NR mor,2012-06-01,2023-03-01,,667.0,667.0,Newly Added,July_2026,393.68,,105.23,701.88,,,,,,120.0,2026-07-01,0.43686656671664165,705583_July_2026
705588,Janghai - Pratapgarh - Amethi 87 km,,(-) (-),CAO/C-II/NR NR mor,2017-11-01,2025-03-01,,722.0,722.0,Newly Added,July_2026,1216.52,,211.75,1528.83,,,,,,96.0,2026-07-01,2.242382271468144,705588_July_2026
705598,Jhansi-Bina - 3rd line 152.57 km,,(-) (-),CAO/C/NCR NCR mor,,2016-09-01,,,2002.0,Newly Added,July_2026,2002.0,,100.0,2002.0,,,,,,,2026-07-01,,705598_July_2026
705608,Jhansi-Khairar-Manikpur & Khirar-Bhimsen,,(-) (-),North Central Railway,,2018-03-01,,,4330.0,Newly Added,July_2026,4330.0,,100.0,4330.0,,,,,,,2026-07-01,,705608_July_2026
705610,"Renigunta 9.60 km, Wadi 7.60 km & Gooty 3.8 km - Bypass",,(-) (-),CAO/C/SCoR SCoR mor,,2016-04-01,,,302.0,Newly Added,July_2026,302.0,,179.8,302.0,,,,,,,2026-07-01,,705610_July_2026
705612,Kazipet-Vijayawada 3rd line with electrification [220 km],,(-) (-),South Central Railway [SCR] - II,,2013-03-01,,,1953.0,Newly Added,June_2026,1953.0,,172.2,1953.0,,,,,,,2026-06-01,,705612_June_2026
705613,Third Line [new] between Kazipet - Balharshah  with electrification [201.04 Km],,(-) (-),South Central Railway [SCR] - II,,2016-09-01,,,2595.0,Newly Added,June_2026,2595.0,,118.34,2595.0,,,,,,,2026-06-01,,705613_June_2026
705616,Jharsuguda - Bilaspur - 4th line 206 km,,(-) (-),CAOC/SECR SECR mor,,2016-09-01,,,2140.0,Newly Added,July_2026,2140.0,,139.21,2140.0,,,,,,,2026-07-01,,705616_July_2026
705617,Rajnandgaon-Nagpur - 3rd line 228 km,,(-) (-),CAOC/SECR SECR mor,,2016-09-01,,,3545.0,Newly Added,July_2026,3545.0,,100.0,3545.0,,,,,,,2026-07-01,,705617_July_2026
705628,Bondamunda - Ranchi 158.50 km,,(-) (-),CAO/C/SER SER mor,,2016-03-01,,,3029.0,Newly Added,July_2026,3029.0,,100.0,3029.0,,,,,,,2026-07-01,,705628_July_2026
705629,Narayangarh - Bhadrak - 3rd line 155 km,,(-) (-),CAO/C/SER SER mor,,2019-03-01,,,2400.0,Newly Added,July_2026,2400.0,,100.0,2400.0,,,,,,,2026-07-01,,705629_July_2026
705632,Vijayawada19.50 km & Kazipet10.65 km -Byepass line,,(-) (-),CAO/C/SCoR SCoR mor,,2016-04-01,,,647.0,Newly Added,July_2026,647.0,,139.72,647.0,,,,,,,2026-07-01,,705632_July_2026
705633,Guntur-Guntakal Doubling Project,,(-) (-),South Central Railway [SCR] - II,2017-03-01,2025-12-01,,3733.0,3733.0,Newly Added,June_2026,5552.65,,115.05,4295.0,,,,,,97.0,2026-06-01,1.2883444950442005,705633_June_2026
705635,Trivandrum- Kanyakumari,,(-) (-),CAO/CN/ERS SR mor,2017-08-01,2017-08-01,,,1432.0,Newly Added,July_2026,1432.0,,264.32,1432.0,,,,,,,2026-07-01,,705635_July_2026
705638,Kumbalam-Turavur - Patch doubling 15.59 km,,(-) (-),CAO/CN/ERS SR mor,2023-04-01,2027-03-01,,813.0,813.0,Newly Added,July_2026,395.03,,144.09,1171.46,,,,,,47.0,2026-07-01,0.10675276752767529,705638_July_2026
705639,Ernakulam-Kumbalam - Patch doubling 7.71 km,,(-) (-),CAO/CN/ERS SR mor,2023-04-01,2028-03-01,,601.0,601.0,Newly Added,July_2026,312.63,,137.69,827.5,,,,,,59.0,2026-07-01,0.4970216306156406,705639_July_2026
705648,Vijaywada-Gudur 3rd Line,,(-) (-),RVNL - II,2016-08-01,2024-11-01,,6654.0,6654.0,Newly Added,June_2026,6213.64,,100.0,6654.0,,,,,,79.0,2026-06-01,0.9189720468890893,705648_June_2026
705650,Hospet - Tinaighat - Vasco Rail Doubling Project,,(-) (-),RVNL - II,2010-03-01,2010-03-01,,5060.0,5060.0,Newly Added,June_2026,5282.88,,100.0,5060.0,,,,,,176.0,2026-06-01,0.989687747035573,705650_June_2026
705651,Katni - Bina Third Railway Line [279 km],,Madhya Pradesh,West Central Railway WCR I,2017-01-01,2026-03-01,,2478.23,2478.23,Completed,March_2026,100.0,,166.54,4127.23,,,,,,110.0,2026-03-01,1.3547854718892112,705651_March_2026
705659,Satna - Rewa 50 km,,(-) (-),CE/C-4/WCR WCR mor,2015-11-01,2026-03-01,,500.0,500.0,Newly Added,July_2026,618.19,,129.22,646.1,,,,,,103.0,2026-07-01,1.11898,705659_July_2026
705660,Doubling of Katni - Singrauli Railway Line [261 km],,(-) (-),Indian Railway Construction International Limited [IRCON],2016-03-01,2025-12-01,,2445.0,2445.0,Newly Added,June_2026,3368.46,,179.02,4377.0,,,,,,105.0,2026-06-01,1.3365766871165643,705660_June_2026
705661,Katni - Grade separator / bypass 21.50 km,,(-) (-),GM IRCON KATNI WCR mor,2016-08-01,2024-09-01,,1248.0,1248.0,Newly Added,July_2026,1839.46,,184.29,2300.0,,,,,,84.0,2026-07-01,1.3803846153846153,705661_July_2026
705662,Hotgi-Kudgi-Gadag Doubling Project,,"Multi-States (Karnataka,",South Western Railway [SWR] - II,2014-04-01,2014-04-01,,,1878.0,Completed,March_2026,100.0,,130.94,1878.0,,,,,,,2026-03-01,,705662_March_2026
705663,Bangalore-Whitefield-Bangalore City-Krishnarajapuram 23.08 km - Quadrupling,,(-) (-),CPM/GS/SBC SWR mor,2018-03-01,2026-02-01,,493.0,493.0,Newly Added,July_2026,459.94,,145.55,717.54,,,,,,44.0,2026-07-01,0.5730831643002028,705663_July_2026
705667,Mathura-Jhansi - 3rd line 273.80 km,,(-) (-),CMD / RVNL RVNL mor,,,,,,Newly Added,July_2026,5961.0,,,5961.0,,,,,,,2026-07-01,,705667_July_2026
705668,Kharagpur-Adityapur - 3rd line 132 km,,(-) (-),CMD / RVNL RVNL mor,,2016-09-01,,,3250.0,Newly Added,July_2026,3250.0,,100.0,3250.0,,,,,,,2026-07-01,,705668_July_2026
705694,Provision of Work-site Tampers [WST] Railway Project,,Delhi,EDTK[MC]/RB,2016-01-01,2023-12-01,,187.72,187.72,Newly Added,November_2025,100.0,,75.6,141.91,,,,,,95.0,2025-11-01,0.7559663328361389,705694_November_2025
705708,WST Machine Procurement Project,,Delhi,EDTK[MC]/RB,2018-06-01,2024-03-01,,176.0,176.0,Newly Added,November_2025,0.0,,0.0,0.0,,,,,,69.0,2025-11-01,0.0,705708_November_2025
705710,PCT Machine Procurement Project,,Delhi,EDTK[MC]/RB,2019-04-01,2024-04-01,,336.0,336.0,Newly Added,November_2025,85.0,,22.12,74.32,,,,,,60.0,2025-11-01,0.22119047619047616,705710_November_2025
705712,RBMV Machine Procurement Project,,Delhi,EDTK[MC]/RB,2019-10-01,2024-06-01,,480.0,480.0,Newly Added,November_2025,27.0,,4.3,20.65,,,,,,56.0,2025-11-01,0.04302083333333333,705712_November_2025
705717,SRGM Machine Procurement Project,,Delhi,EDTK[MC]/RB,2019-10-01,2023-12-01,,440.0,440.0,Newly Added,November_2025,90.0,,88.64,390.03,,,,,,50.0,2025-11-01,0.8864318181818182,705717_November_2025
705720,WST Machine Procurement Project,,Delhi,EDTK[MC]/RB,2019-12-01,2024-04-01,,384.0,384.0,Newly Added,November_2025,0.0,,0.0,0.0,,,,,,52.0,2025-11-01,0.0,705720_November_2025
705721,DTS Machine Procurement Project,,Delhi,EDTK[MC]/RB,2019-12-01,2024-12-01,,447.6,447.6,Newly Added,November_2025,0.0,,0.0,0.0,,,,,,60.0,2025-11-01,0.0,705721_November_2025
705722,BRM Machine Procurement Project,,Delhi,EDTK[MC]/RB,2019-09-01,2024-06-01,,210.0,210.0,Newly Added,November_2025,0.0,,0.01,0.02,,,,,,57.0,2025-11-01,9.523809523809524e-05,705722_November_2025
705726,Track Machine Procurement Project,,Delhi,EDTK[MC]/RB,2020-04-01,2025-03-01,,6339.0,6339.0,Newly Added,November_2025,62.0,,66.28,4201.26,,,,,,59.0,2025-11-01,0.6627638428774255,705726_November_2025
705728,Mumbai-Ahmedabad High Speed Rail Project- 508 km,,(-) (-),National High Speed Rail Corporation [NHSRC],,,,,,Newly Added,July_2026,108000.0,,,,,,,,,,2026-07-01,,705728_July_2026
705730,Joka-BBD Bag new metro project,,(-) (-),RVNL - II,2010-03-01,2026-12-01,,4835.0,4835.0,Newly Added,June_2026,5098.73,,214.31,10362.0,,,,,,200.0,2026-06-01,0.9926535677352636,705730_June_2026
705735,Solapur-Osmanabad - New line via Tuljapur 84.44 km umbrella work PB23/2018- 19/NR,,(-) (-),CAOC/CR CR mor,2019-01-01,2027-03-01,,904.92,904.92,Newly Added,July_2026,1202.73,,182.1,1647.87,,,,,,39.0,2026-07-01,1.325409980992795,705735_July_2026
705741,Jeypore - Navarangpur 38 km,,(-) (-),CAO/C/ECOR ECoR mor,2017-07-01,2028-07-01,,748.0,748.0,Newly Added,July_2026,15.93,,99.99,747.91,,,,,,63.0,2026-07-01,0.01907754010695187,705741_July_2026
705742,Jeypore - Malkangiri 130 km,,(-) (-),CAO/C/ECOR ECoR mor,2018-02-01,2033-07-01,,2344.0,2344.0,Newly Added,July_2026,736.58,,99.98,2343.64,,,,,,115.0,2026-07-01,0.21074658703071672,705742_July_2026
705743,Talcher-Angul  New Line with Y-Connection at Talcher,,Odisha,CAO/C/ECoR,2018-07-01,2027-05-01,,495.0,495.0,Ongoing,August_2025,1.0,,5.96,29.5,,,,,,106.0,2025-08-01,0.0595959595959596,705743_August_2025
705747,Parasnath-Madhuban-Giridih new line,,(-) (-),East Central Railway [ECR] - I,2019-03-01,2024-03-01,,902.86,902.86,Newly Added,June_2026,0.0,,100.0,902.86,,,,,,60.0,2026-06-01,0.0287973772234898,705747_June_2026
705752,Gudha-Thathana Mithri - Construction of dedicated test track for testing and trial of rolling stocks and infrastructure components umbrella work PB23/2018-19/NR,,(-) (-),CAOC/NWR NWR mor,2019-04-01,2026-11-01,,819.48,819.48,Newly Added,July_2026,326.2,,65.9,540.0,,,,,,91.0,2026-07-01,0.4728120271391614,705752_July_2026
705755,Morappur - Dharmpuri New Railway Line Project,,Tamil Nadu,Southern Railway [SR] - I,2016-12-01,2028-03-01,,359.0,359.0,Ongoing,August_2025,1.0,,11.14,40.0,,,,,,135.0,2025-08-01,0.11142061281337047,705755_August_2025
705756,Chirimiri-Nagpur Halt New Railway Line Project,,Chhattisgarh,South East Central Railway [SECR] - II,2020-06-01,2030-06-01,,241.0,656.52,Ongoing,August_2025,0.0,,10.81,71.0,,,,,,120.0,2025-08-01,0.2946058091286307,705756_August_2025
705761,Shimoga-Shikaripura-Ranebennur 103 km umbrella work PB23/2018-19/NR,,(-) (-),CAOC/SWR SWR mor,2019-09-01,2027-12-01,,1454.0,1454.0,Newly Added,July_2026,106.18,,31.35,455.86,,,,,,58.0,2026-07-01,0.05595598349381018,705761_July_2026
705762,Construction of New BG line between Hassan [Alur] to Belur [ Km 27.34],,(-) (-),CAOC/SWR SWR mor,2019-06-01,2027-04-01,,748.86,748.86,Newly Added,June_2026,3.64,,100.0,748.86,,,,,,55.0,2026-06-01,0.03605480330101755,705762_June_2026
705763,Indore - Budni New Railway Line [198 kms],,(-) (-),RVNL - II,2019-08-01,2030-09-01,,7474.0,7474.0,Newly Added,June_2026,2879.62,,100.0,7474.0,,,,,,119.0,2026-06-01,0.27627107305325127,705763_June_2026
705764,Nimach-Badi Sadri NL Project 48 km,,(-) (-),CAOC/NWR NWR mor,,2017-04-01,,,495.0,Newly Added,July_2026,495.0,,166.67,495.0,,,,,,,2026-07-01,,705764_July_2026
705765,Gomoh - Flyover for down trains 20 km,,(-) (-),CAO/Con/South/MHX ECR mor,2018-01-01,2026-03-01,,686.0,686.0,Newly Added,July_2026,531.63,,100.0,686.03,,,,,,98.0,2026-07-01,0.878338192419825,705765_July_2026
705766,Lalitpur - Birari with flyover at Lalitpur 15.80 km,,(-) (-),CAO/C/NCR NCR mor,2017-03-01,2024-12-01,,304.44,304.44,Newly Added,July_2026,287.11,,116.97,356.1,,,,,,85.0,2026-07-01,0.7981868348443043,705766_July_2026
705767,Baghuapal Flyover  Construction Project,,Odisha,CAO/C/ECoR,2022-10-01,2028-03-01,,257.97,258.0,Ongoing,August_2025,0.0,,0.32,0.83,,,,,,65.0,2025-08-01,0.0032174283831453263,705767_August_2025
705771,Allahabad-Bamhrauli Flyover Construction & 4th Railway Line Project,,(-) (-),North Central Railway,2019-04-01,2026-03-01,,494.0,494.0,Newly Added,June_2026,410.3,,100.0,494.0,,,,,,65.0,2026-06-01,0.7789676113360324,705771_June_2026
705772,Mughalsarai - Allahabad - 3rd line 150 km,,(-) (-),CAO/C/NCR NCR mor,2019-08-01,2026-12-01,,2649.0,2649.0,Newly Added,July_2026,2027.64,,100.02,2649.44,,,,,,129.0,2026-07-01,0.6666779916949792,705772_July_2026
705774,Aligarh-Daud Khan - 3rd line 6.9 km & construction of flyover at Daud Khan,,(-) (-),CAO/C/NCR NCR mor,2019-04-01,2025-01-01,,758.0,758.0,Newly Added,July_2026,395.24,,102.84,779.49,,,,,,52.0,2026-07-01,0.5984960422163589,705774_July_2026
705777,Bhandai - Flyover for Etawah bound down trains 10 km,,(-) (-),CAO/C/NCR NCR mor,2019-04-01,2026-02-01,,250.18,250.18,Newly Added,July_2026,146.85,,100.0,250.18,,,,,,58.0,2026-07-01,0.462427052522184,705777_July_2026
705779,"Phephna-Indara, Mau-Shahganj doubling excluding Indara-Mau",,Uttar Pradesh,RVNL - I,2019-10-01,2025-12-01,,1178.0,1178.0,Completed,December_2025,100.0,,188.03,2215.0,,,,,,74.0,2025-12-01,1.2644312393887946,705779_December_2025
705780,Bhatni - Aunrihar with electrification 125 km excl Indara - Mau 116.95 km,,(-) (-),CMD / RVNL RVNL mor,2018-03-01,2024-12-01,,2529.0,2529.0,Newly Added,July_2026,2295.3,,100.02,2529.46,,,,,,93.0,2026-07-01,0.8226413602214314,705780_July_2026
705782,Barabanki-Malhaur - 3rd & 4th Line 32.84 km,,(-) (-),CAO/C-II/NR NR mor,2019-01-01,2025-03-01,,407.0,407.0,Newly Added,July_2026,444.11,,117.97,480.13,,,,,,95.0,2026-07-01,0.9361179361179361,705782_July_2026
705783,Ludhiana-Kila Raipur 19 km with freight line at Gill station,,(-) (-),CAOC/NR NR mor,2019-03-01,2025-03-01,,237.64,237.64,Newly Added,July_2026,108.49,,109.55,260.33,,,,,,27.0,2026-07-01,0.571957582898502,705783_July_2026
705784,Janghai-Phaphamau Doubling Rail Line Project,,Uttar Pradesh,RVNL,2020-03-01,2025-01-01,,357.0,357.0,Completed,December_2025,100.0,,274.17,978.77,,,,,,58.0,2025-12-01,1.6218487394957983,705784_December_2025
705785,Lodhma-Piska - Link line bypassing Hatia / Ranchi with Y connection 17.2 km,,(-) (-),CAO/C/SER SER mor,2021-08-01,2026-06-01,,473.0,473.0,Newly Added,July_2026,344.5,,99.89,472.5,,,,,,87.0,2026-07-01,0.6154756871035941,705785_July_2026
705789,Penukonda - Dharmavaram Doubling Project [41.5 Km],,Andhra Pradesh,South Western Railway [SWR] - II,2018-12-01,2026-02-01,,307.66,307.66,Completed,February_2026,100.0,,100.0,307.66,,,,,,86.0,2026-02-01,0.963986218552948,705789_February_2026
705793,Raising of speed to 160 kmph/200 kmph on existing New Delhi-Mumbai route incl. Vadodara-Ahmedabad,,(-) (-),PCE/WR,,,,,,Newly Added,July_2026,,,,,,,,,,,2026-07-01,,705793_July_2026
705794,New Delhi- Howrah Speed Booster[160Kmph] Project,,(-) (-),PCE/NCR,,,,,,Newly Added,June_2026,6684.81,,,,,,,,,,2026-06-01,,705794_June_2026
705799,Nagpur- Nagbhir Railway Line Gauge Conversion Project,,(-) (-),MRIDC,2019-10-01,2025-12-01,,1400.0,1400.0,Newly Added,June_2026,1472.0,,100.0,1400.0,,,,,,68.0,2026-06-01,1.0514285714285714,705799_June_2026
705863,Bahraich - Nanpara - Nepalganj Road Gauge Conversion,,Uttar Pradesh,North Eastern Railway [NER],2021-04-01,2025-09-01,,950.0,950.0,Completed,October_2025,100.0,,57.89,550.0,,,,,,53.0,2025-10-01,0.5337052631578947,705863_October_2025
705912,Sawai Madhopur-Jaipur Railway Line Project,,(-) (-),North Western Railway [NWR],2024-02-01,2027-03-01,,1203.89,1203.89,Newly Added,June_2026,240.33,,100.0,1203.89,,,,,,47.0,2026-06-01,0.12269393383116398,705912_June_2026
705918,Allahabad division - Aligarh - Harduaganj Flyover,,(-) (-),North Central Railway,2020-04-01,2026-10-01,,1457.0,1457.0,Newly Added,June_2026,400.19,,100.0,1457.0,,,,,,68.0,2026-06-01,0.2746671242278655,705918_June_2026
705919,Agra Fort-Bandikui Doubling Line Project,,(-) (-),CAO/C/NCR,2022-06-01,2027-06-01,,1390.0,1390.0,Newly Added,July_2026,529.92,,100.0,1390.0,,,,,,76.0,2026-07-01,0.2805611510791367,705919_July_2026
705933,Nimach-Ratlam 133 km,,(-) (-),CAOCWR WR mor,2021-10-01,2027-10-01,,1095.88,1095.88,Newly Added,July_2026,1488.18,,161.57,1770.58,,,,,,72.0,2026-07-01,0.9740938788918494,705933_July_2026
705941,Bangalore Suburban Railway Project,,(-) (-),Karnataka Rail Infrastructure Development Company Limited [K-RIDE],2020-10-01,2026-12-01,,15767.0,15767.0,Newly Added,July_2026,3277.99,,100.0,15767.0,,,,,,74.0,2026-07-01,0.15125642164013448,705941_July_2026
706718,C/o NITB Imphal Airport,,Manipur,Airport Authority of India [AAI],2022-07-01,2024-07-01,,499.0,499.0,Newly Added,July_2026,53.14,,42.52,212.17,,,,,,24.0,2026-07-01,0.42519038076152305,706718_July_2026
706724,Guwahati Airport New Integrated Terminal Building Construction Project,,Assam,Adani Airport Holdings Limited,2018-03-01,2025-03-01,,1712.0,2520.0,Newly Added,July_2026,99.5,,105.96,2670.23,,,,,,84.0,2026-07-01,1.559713785046729,706724_July_2026
706757,Modasa-Shamlaji Road Railway Line Project,,(-) (-),Western Railway WR - II,2012-09-01,2025-03-01,,262.0,262.0,Newly Added,June_2026,387.82,,100.0,262.0,,,,,,203.0,2026-06-01,1.3089694656488549,706757_June_2026
706759,Rampur Dumra-Tal-Rajendrapul - Addl bridge and doubling 14 km,,(-) (-),CGM/CIVIL ECR mor,2016-03-01,2024-12-01,,2373.64,2373.64,Newly Added,July_2026,2028.18,,106.8,2535.13,,,,,,91.0,2026-07-01,0.6290591665121923,706759_July_2026
706763,Rajkot-Kanalus 111.20 km,,(-) (-),CAOCWR WR mor,2021-10-01,2026-10-01,,1080.58,1080.58,Newly Added,July_2026,1107.75,,111.53,1205.18,,,,,,58.0,2026-07-01,0.7969608913731515,706763_July_2026
706775,BharatNet,,(-) (-),Department of Telecommunications [DoT],2017-07-01,2023-08-01,,61109.0,61109.0,Newly Added,July_2026,48809.69,,20.8,12709.0,,,,,,142.0,2026-07-01,0.7598150845211017,706775_July_2026
706776,Noapara-Barasat via Bimanbandar - Construction of Metro railway [18 km],,(-) (-),"Metro Railway, Kolkata",2010-11-01,2026-08-01,,4830.0,4830.0,Newly Added,June_2026,3350.62,,100.0,4830.0,,,,,,197.0,2026-06-01,0.5722836438923395,706776_June_2026
706777,Baranagar-Barrackpore and Dakshineshwar- Construction of Metro Railway,,(-) (-),RVNL - II,2010-03-01,2026-12-01,,2298.0,2298.0,Newly Added,June_2026,429.56,,118.97,2734.0,,,,,,201.0,2026-06-01,0.17102697998259356,706777_June_2026
706779,Mumbai Urban Transport Project [MUTP] - PHASE II,,(-) (-),Mumbai Rail Vikas Corporation Ltd.[MRVC],2008-05-01,2014-03-01,,8087.0,8087.0,Newly Added,June_2026,7559.14,,100.0,8087.0,,,,,,71.0,2026-06-01,0.9203301595152714,706779_June_2026
706780,Mumbai Urban Transport Project [MUTP]  Phase-IIIA,,(-) (-),Mumbai Rail Vikas Corporation Ltd.[MRVC],2019-04-01,2027-12-01,,33690.0,33690.0,Newly Added,June_2026,3854.46,,100.0,33690.0,,,,,,104.0,2026-06-01,0.09111546452953398,706780_June_2026
706781,Mumbai Urban Transport Project Phase-III,,(-) (-),Mumbai Rail Vikas Corporation Ltd.[MRVC],2016-11-01,2022-03-01,,10947.0,10947.0,Newly Added,June_2026,6880.48,,100.0,10947.0,,,,,,63.0,2026-06-01,0.5402968849913218,706781_June_2026
706811,NMDC Slurry Pipeline Project Phase-1,,(-) (-),National Mineral Development Corporation Limited [NMDC],2015-11-01,2023-06-01,,2907.0,2907.0,Newly Added,July_2026,3649.08,,186.69,5427.0,,,,,,33.0,2026-07-01,1.1568558651530787,706811_July_2026
706835,Belgaum-Dharwad via Kittur [73.10Km],,(-) (-),South Western Railway [SWR] - II,2020-09-01,2027-12-01,,1591.0,1591.0,Newly Added,June_2026,0.38,,100.0,1591.0,,,,,,33.0,2026-06-01,0.00023884349465744814,706835_June_2026
706836,Dedicatedtest track for RDSO Phase-2 34 km Umbrella work PB22/2019-20/NR,,(-) (-),CAOC/NWR NWR mor,2021-11-01,2026-03-01,,466.42,466.42,Newly Added,July_2026,586.33,,132.75,619.19,,,,,,50.0,2026-07-01,0.07932764461215214,706836_July_2026
706837,Pradhan Kuntha Jn Line Doubling Project,,(-) (-),East Central Railway [ECR] - I,2022-11-01,2027-11-01,,349.22,349.22,Newly Added,July_2026,145.57,,100.0,349.22,,,,,,60.0,2026-07-01,0.3401007960597904,706837_July_2026
706844,Katihar - Kumedpur Doubling Line Project,,Multi-States,GM/C/ NFR,,2022-08-01,,,,Newly Added,November_2025,,,,942.0,,,,,,,2025-11-01,,706844_November_2025
706854,Boridand-Ambikapur 118.81 km Umbrella work PB57/2019-20/NR,,(-) (-),CAOC/SECR SECR mor,2022-06-01,2030-06-01,,1376.0,1376.0,Newly Added,July_2026,499.37,,114.59,1576.72,,,,,,98.0,2026-07-01,0.1304651162790698,706854_July_2026
706856,Rourkela - Bondamunda 5th Line Doubling Project,,Odisha,South Eastern Railway [SER] - I,2026-09-01,2026-09-01,,245.0,82.0,Ongoing,July_2025,651.0,,42.68,35.0,,,,,,0.0,2025-07-01,0.14285714285714285,706856_July_2025
706860,Barauni-Bachwara 16 km - 3rd & 4th line incl Barauni yard remodelling 32 km Umbrella work PB57/2019-20/NR,,(-) (-),CAO/Con/North/MHX ECR mor,2022-10-01,2025-08-01,,645.0,645.0,Newly Added,July_2026,228.43,,75.28,485.58,,,,,,0.0,2026-07-01,0.06699224806201551,706860_July_2026
706865,Chandorgaon-Cansaulim rail flyover 16 km Umbrella work PB57/2019-20/NR,,(-) (-),CAOC/SWR SWR mor,,,,,1892.0,Newly Added,July_2026,0.0,,100.0,1892.0,,,,,,,2026-07-01,,706865_July_2026
706866,Sawaimadhopur - Bypass line 6.98 km Umbrella work PB57/2019-20/NR,,(-) (-),CAOC/NWR NWR mor,2022-12-01,2026-03-01,,304.0,304.0,Newly Added,July_2026,188.07,,78.62,239.0,,,,,,38.0,2026-07-01,0.21332236842105262,706866_July_2026
706898,Khurda Road - Balangir Electrification of Railway Track Project,,(-) (-),Ministry of Railways,2018-09-01,2021-03-01,,267.61,267.61,Newly Added,June_2026,0.0,,100.0,267.61,,,,,,18.0,2026-06-01,0.0,706898_June_2026
706922,Guwahati-Dibrugarh via Tinsukia & Simaluguri-Dibrugarh,,Assam,Central Organisation for Railway Electrification [CORE],2018-09-01,2020-09-01,,890.36,889.36,Newly Added,June_2026,89.0,,44.05,391.73,,,,,,24.0,2026-06-01,0.43996810278988274,706922_June_2026
706940,"Mariani-Jorhat, Tinsukia-Dangri and Makum -TirapTrack Electrification Project",,Assam,GM/C/ NFR,2022-01-01,2024-05-01,,183.99,183.99,Newly Added,June_2026,0.0,,0.0,0.0,,,,,,28.0,2026-06-01,0.0,706940_June_2026
706942,Harmuty-Murkongselek Branch Line Electrification Project,,Assam,GM/C/ NFR,2022-01-01,2024-05-01,,237.52,237.52,Newly Added,June_2026,0.0,,0.0,0.0,,,,,,28.0,2026-06-01,0.0,706942_June_2026
706950,Hospet-Hubli-Vasco da Gama Line Electrification Project,,(-) (-),RVNL,2015-07-01,2015-07-01,,744.49,744.49,Newly Added,June_2026,1154.0,,150.79,744.49,,,,,,58.0,2026-06-01,1.301629303281441,706950_June_2026
706965,Establishment of new GMC Saran [Chhapara],,(-) (-),"Medical Education, Ministry of Health and Family Welfare",,,,189.0,189.0,Newly Added,July_2026,113.4,,100.0,189.0,,,,,,,2026-07-01,0.6,706965_July_2026
706966,Establishment of new GMC Samastipur,,(-) (-),"Medical Education, Ministry of Health and Family Welfare",,,,189.0,189.0,Newly Added,July_2026,113.4,,100.0,189.0,,,,,,,2026-07-01,0.6,706966_July_2026
706988,Establishment of new GMC Gondia,,(-) (-),"Medical Education, Ministry of Health and Family Welfare",2021-07-01,,,189.0,189.0,Newly Added,July_2026,113.4,,100.0,189.0,,,,,,,2026-07-01,0.6,706988_July_2026
706989,Establishment of new GMC West Garo Hills [Tura],,Meghalaya,"Medical Education, Ministry of Health and Family Welfare",1900-01-01,1900-01-01,,189.0,189.0,Newly Added,July_2026,0.0,,90.0,170.1,,,,,,0.0,2026-07-01,0.9,706989_July_2026
707016,Establishment of new GMC Sitamarhi,,(-) (-),"Medical Education, Ministry of Health and Family Welfare",,,,250.0,250.0,Newly Added,July_2026,150.0,,100.0,250.0,,,,,,,2026-07-01,0.6,707016_July_2026
707017,Establishment of new GMC Jhanjharpur,,(-) (-),"Medical Education, Ministry of Health and Family Welfare",,,,250.0,250.0,Newly Added,July_2026,150.0,,100.0,250.0,,,,,,,2026-07-01,0.6,707017_July_2026
707018,Establishment of new GMC Siwan,,(-) (-),"Medical Education, Ministry of Health and Family Welfare",,,,250.0,250.0,Newly Added,July_2026,150.0,,100.0,250.0,,,,,,,2026-07-01,0.6,707018_July_2026
707019,Establishment of new GMC Buxar,,(-) (-),"Medical Education, Ministry of Health and Family Welfare",,,,250.0,250.0,Newly Added,July_2026,150.0,,100.0,250.0,,,,,,,2026-07-01,0.6,707019_July_2026
707020,Establishment of new GMC Jamui,,(-) (-),"Medical Education, Ministry of Health and Family Welfare",2019-03-01,2025-10-01,,250.0,250.0,Newly Added,July_2026,103.21,,200.0,500.0,,,,,,36.0,2026-07-01,0.34484,707020_July_2026
707021,Establishment of new GMC Koderma,,(-) (-),"Medical Education, Ministry of Health and Family Welfare",2023-09-01,2026-08-01,,250.0,250.0,Newly Added,July_2026,271.0,,201.92,504.8,,,,,,30.0,2026-07-01,1.02,707021_July_2026
707022,Establishment of new GMC Chaibasa [Singhbhum],,(-) (-),"Medical Education, Ministry of Health and Family Welfare",2018-06-01,2025-09-01,,250.0,250.0,Newly Added,July_2026,65.0,,181.64,454.1,,,,,,30.0,2026-07-01,0.02,707022_July_2026
707039,Establishment of new GMC Gangtok,,Sikkim,"Medical Education, Ministry of Health and Family Welfare",2018-12-01,2026-12-01,,250.0,635.21,Newly Added,July_2026,92.0,,105.04,667.21,,,,,,96.0,2026-07-01,2.6688400000000003,707039_July_2026
707044,Establishment of new GMC Korba,,(-) (-),"Medical Education, Ministry of Health and Family Welfare",2023-02-01,2026-12-01,,325.0,325.0,Newly Added,July_2026,179.49,,99.34,322.85,,,,,,38.0,2026-07-01,0.4876615384615385,707044_July_2026
707045,Establishment of new GMC Mahasamund,,(-) (-),"Medical Education, Ministry of Health and Family Welfare",2023-10-01,2026-05-01,,325.0,325.0,Newly Added,July_2026,321.7,,100.0,325.0,,,,,,31.0,2026-07-01,0.9307692307692308,707045_July_2026
707046,Establishment of new GMC Kanker,,(-) (-),"Medical Education, Ministry of Health and Family Welfare",2020-02-01,2027-03-01,,325.0,325.0,Newly Added,July_2026,37.0,,100.0,325.0,,,,,,30.0,2026-07-01,0.06153846153846154,707046_July_2026
707049,Establishment of new GMC Panchmahal,,(-) (-),"Medical Education, Ministry of Health and Family Welfare",2022-09-01,2026-03-01,,325.0,325.0,Newly Added,July_2026,467.34,,204.15,663.5,,,,,,42.0,2026-07-01,1.3087384615384614,707049_July_2026
707050,Establishment of new GMC Porbandar,,(-) (-),"Medical Education, Ministry of Health and Family Welfare",2022-04-01,2024-09-01,,325.0,325.0,Newly Added,July_2026,936.64,,190.46,618.98,,,,,,23.0,2026-07-01,2.8265846153846153,707050_July_2026
707051,Establishment of new GMc Udhampur,,(-) (-),"Medical Education, Ministry of Health and Family Welfare",2022-01-01,2019-09-01,,325.0,,Newly Added,July_2026,,,3.08,325.0,,,,,,62.0,2026-07-01,0.03076923076923077,707051_July_2026
707052,Establishment of new GMC Handwara [Distt. Kupwara],,(-) (-),"Medical Education, Ministry of Health and Family Welfare",,,,,325.0,Newly Added,July_2026,173.0,,100.0,325.0,,,,,,,2026-07-01,,707052_July_2026
707057,Establishment of new GMC Leh,,(-) (-),"Medical Education, Ministry of Health and Family Welfare",2019-10-01,,,325.0,325.0,Newly Added,July_2026,127.0,,100.0,325.0,,,,,,,2026-07-01,0.39076923076923076,707057_July_2026
707058,Establishment of new GMC Rajgarh,,(-) (-),"Medical Education, Ministry of Health and Family Welfare",2021-12-01,2024-04-01,,325.0,325.0,Newly Added,July_2026,179.5,,100.0,325.0,,,,,,17.0,2026-07-01,0.48615384615384616,707058_July_2026
707059,Establishment of new GMC Mandla,,(-) (-),"Medical Education, Ministry of Health and Family Welfare",2023-08-01,2026-04-01,,325.0,325.0,Newly Added,July_2026,89.41,,100.0,325.0,,,,,,30.0,2026-07-01,0.1951076923076923,707059_July_2026
707067,Establishment of new GMC Mon,,Nagaland,"Medical Education, Ministry of Health and Family Welfare",1900-01-01,1900-01-01,,325.0,325.0,Newly Added,July_2026,0.0,,47.69,155.0,,,,,,0.0,2026-07-01,0.47692307692307695,707067_July_2026
707069,Establishment of new GMC Kapurthala,,(-) (-),"Medical Education, Ministry of Health and Family Welfare",2019-11-01,2028-12-01,,325.0,325.0,Newly Added,July_2026,50.0,,169.23,550.0,,,,,,17.0,2026-07-01,0.0,707069_July_2026
707070,Establishment of new GMC Hoshiarpur,,(-) (-),"Medical Education, Ministry of Health and Family Welfare",2020-01-01,2028-12-01,,325.0,325.0,Newly Added,July_2026,2.04,,115.31,374.75,,,,,,33.0,2026-07-01,0.0,707070_July_2026
707086,Establishment of new GMC Rudrapur,,(-) (-),"Medical Education, Ministry of Health and Family Welfare",2022-10-01,2026-12-01,,325.0,325.0,Newly Added,July_2026,353.01,,100.0,325.0,,,,,,34.0,2026-07-01,0.803076923076923,707086_July_2026
707087,Establishment of new GMC Pithoragarh,,(-) (-),"Medical Education, Ministry of Health and Family Welfare",2021-08-01,2026-12-01,,325.0,325.0,Newly Added,July_2026,470.08,,236.58,768.89,,,,,,44.0,2026-07-01,0.9633230769230768,707087_July_2026
707215,National Maritime Heritage Complex [NMHC] Phase-I,,(-) (-),Indian Port Rail & Ropeway Corporation Ltd. [IPRCL],2019-02-01,2024-03-01,,573.0,573.0,Newly Added,July_2026,656.38,,216.06,1238.05,,,,,,26.0,2026-07-01,0.9520244328097731,707215_July_2026
707229,"Integrated Command control Center [ICCC] - Construction and Development of Integrated Command Control Center with Security, Surveillance, ITMS, Connecting Port, Ship Service, Smart Solid Waste Management, Smart Public Transport System",,(-) (-),ministry of housing and urban affairs,2021-07-01,2021-07-01,,209.88,209.88,Newly Added,July_2026,0.0,,100.0,209.88,,,,,,18.0,2026-07-01,0.0,707229_July_2026
707267,Upgradation of Sewerage system in Gandhinagar City,,Gujarat,ministry of housing and urban affairs,2021-03-01,2026-03-01,,200.0,200.0,Completed,April2026,100.0,,100.0,200.0,,,,,,60.0,2026-04-01,0.5,707267_April2026
707410,Integrated Multi Modal Logistics Hub at Nangal Chaudhary in Haryana - Other Trunk Infrastructure Development Phase 1,,(-) (-),NICDC,2018-05-01,2023-12-01,,763.0,763.0,Newly Added,July_2026,430.0,,100.0,763.0,,,,,,24.0,2026-07-01,0.563564875491481,707410_July_2026
707414,Multi Modal Transport Hub [MMTH] Project at Boraki in Greater Noida - Infrastructure Development - Phase 1,,(-) (4804),National Industrial Corridor Development Corporation,2020-12-01,,,,1480.0,Newly Added,May2026,0.0,,100.0,1480.0,,,,,,,2026-05-01,,707414_May2026
707419,IMC at Prayagraj,,(-) (-),National Industrial Corridor Development Corporation,2024-08-01,,,,658.0,Newly Added,July_2026,75.63,,100.0,658.0,,,,,,,2026-07-01,,707419_July_2026
707420,Gaya Integrated Manufacturing Cluster IMC in Bihar,,Bihar,National Industrial Corridor Development Corporation,2026-04-01,2029-04-01,,1339.02,,Newly Added,July_2026,,,0.15,2.0,,,,,,36.0,2026-07-01,0.0014936296694597541,707420_July_2026
708655,Operationalization of Coastal Berth & Shallow Water Berth through PPP,,Maharashtra,Jawaharlal Nehru Port Authority [JNPA],2021-07-01,2026-01-01,,366.8,366.8,Completed,September_2025,100.0,,102.74,376.86,,,,,,54.0,2025-09-01,1.0274263904034897,708655_September_2025
708662,Establishment of 600 bed super specialty hospital with optional development of Medical college and further expansion on PPP basis.,,(-),Mumbai Port Trust [MPT],2019-08-01,2026-06-01,,693.0,693.0,Newly Added,March_2026,58.0,,100.0,693.0,,,,,,53.0,2026-03-01,0.0836940836940837,708662_March_2026
708687,Amended BharatNet Program - UP (West),,(-) (-),Department of Telecommunications,2023-08-01,,,,1917.0,Newly Added,July_2026,0.0,,100.0,1917.0,,,,,,,2026-07-01,,708687_July_2026
709747,Bagodara Solar Power Project,,(-) (-),Satluj Jal Vidyut Nigam [SJVN] Thermal Limited,2021-03-01,2025-12-01,,339.35,339.35,Newly Added,July_2026,370.0,,100.0,339.35,,,,,,55.0,2026-07-01,0.9358774127007513,709747_July_2026
709748,BIKANER SOLAR POWER PROJECT,,Rajasthan,Satluj Jal Vidyut Nigam [SJVN] Thermal Limited,2022-05-01,2025-12-01,,5491.89,5491.89,Completed,December_2025,100.0,,97.9,5376.34,,,,,,43.0,2025-12-01,0.9789598844842121,709748_December_2025
709749,PHASE-I OF CONSOLIDATION OF EXISTING CDR DATA CENTERS AND NIB-P3 DATA CENTERS WITH STATE OF THE ART,,(N26000114),BSNL,,2020-03-01,,,461.42,Newly Added,February_2026,461.42,,100.0,461.42,,,,,,,2026-02-01,,709749_February_2026
709750,Laying of new 28 inch Desal Water Pipeline and 10 inch Reject Water Pipeline between CPCL Manali Refinery and CPCL Desalination plant at Ennore,,(-) (-),Chennai Petroleum Corporation Limited [CPCL],2024-01-01,2025-09-01,,205.0,205.0,Newly Added,July_2026,117.88,,100.0,205.0,,,,,,20.0,2026-07-01,0.39424390243902435,709750_July_2026
709752,HP-COAT [Crude to Olefins and Aromatics Technology] demo unit at Visakh Refinery,,(-) (-),Hindustan Petroleum Corporation Limited,2021-09-01,2024-06-01,,160.0,160.0,Newly Added,July_2026,158.94,,137.5,220.0,,,,,,33.0,2026-07-01,0.6641874999999999,709752_July_2026
709753,Haldia Panagarh Pipeline Project,,(-) (-),Hindustan Petroleum Corporation Limited,2022-11-01,2025-11-01,,1010.0,1010.0,Newly Added,July_2026,884.2,,109.6,1107.0,,,,,,36.0,2026-07-01,0.7551485148514852,709753_July_2026
709754,"Construction of LPG Facilities at Kamardanga, Assam",,Assam,Hindustan Petroleum Corporation Limited,2023-03-01,2027-07-01,,156.36,156.36,Newly Added,July_2026,83.8,,72.97,114.1,,,,,,52.0,2026-07-01,0.7297262727040162,709754_July_2026
709755,"Setting up of new rail fed POL facility at Kamardanga, Assam",,Assam,Hindustan Petroleum Corporation Limited,2023-03-01,2027-07-01,,384.04,384.04,Newly Added,July_2026,87.5,,65.12,250.07,,,,,,52.0,2026-07-01,0.6511561295698364,709755_July_2026
709757,"CGD Project in Banka, Dumka, Godda, Jamtara, Pakur, Sahibganj GA ID 11A.02",,"Multi-States (Bihar,",Hindustan Petroleum Corporation Limited,2022-06-01,2022-06-01,,1377.0,1377.0,Completed,May2026,100.0,,100.0,1377.0,,,,,,96.0,2026-05-01,0.23923747276688453,709757_May2026
709758,"CGD Project in Malda, Birbhum, Murshidabad, Dakshin Dinajpur GA ID 11A.03",,West Bengal,Hindustan Petroleum Corporation Limited,2022-06-01,2026-05-01,,2628.0,2628.0,Completed,May2026,100.0,,100.0,2628.0,,,,,,47.0,2026-05-01,0.1414649923896499,709758_May2026
709759,"Petrochemical evacuation marketing terminal at Barmer, Rajasthan",,(-) (-),Hindustan Petroleum Corporation Limited,2023-12-01,2026-12-01,,461.05,461.05,Newly Added,July_2026,252.18,,100.0,461.05,,,,,,36.0,2026-07-01,0.3882008458952391,709759_July_2026
709760,HP TDAE Unit in Mumbai Refinery,,Maharashtra,Hindustan Petroleum Corporation Limited,2024-06-01,2026-04-01,,240.0,240.0,Completed,June_2026,100.0,,67.0,160.8,,,,,,22.0,2026-06-01,0.67,709760_June_2026
709761,HP Trijet Unit in Visakh Refinery,,Andhra Pradesh,Hindustan Petroleum Corporation Limited,2024-07-01,2025-11-01,,193.0,193.0,Completed,October_2025,100.0,,100.0,193.0,,,,,,16.0,2025-10-01,0.002227979274611399,709761_October_2025
709766,"City Gas Distribution Project at Kurnool, Guntur & Prakasam Districts",,Andhra Pradesh,MinistryofPetroleumNaturalGas,2022-03-01,2026-03-01,,1420.0,1420.0,Completed,March_2026,100.0,,100.0,1420.0,,,,,,48.0,2026-03-01,0.11911267605633802,709766_March_2026
709768,City Gas Distribution Project at Dharmapuri and Krishnagiri Districts,,Tamil Nadu,MinistryofPetroleumNaturalGas,2030-12-01,2030-12-01,,501.0,111.55,Ongoing,July_2025,421.0,,4.48,5.0,,,,,,0.0,2025-07-01,0.00998003992015968,709768_July_2025
709770,City Gas Distribution Project at Pathankot District,,(-) (-),Indian Oil Corporation Limited [IOCL],2022-03-01,2033-09-01,,151.0,151.0,Newly Added,July_2026,9.02,,100.0,151.0,,,,,,138.0,2026-07-01,0.058344370860927156,709770_July_2026
709771,"City Gas Distribution Project at Beed, Jalgaon and Jalna Districts",,(-) (-),Indian Oil Corporation Limited [IOCL],2022-03-01,2031-09-01,,865.0,865.0,Newly Added,July_2026,89.23,,100.0,865.0,,,,,,114.0,2026-07-01,0.08930635838150289,709771_July_2026
709772,"City Gas Distribution Project at East Mednipore, West Mednipore & Jhargram Districts",,(-) (-),Indian Oil Corporation Limited [IOCL],2022-03-01,2031-06-01,,609.0,609.0,Newly Added,July_2026,64.44,,100.0,609.0,,,,,,111.0,2026-07-01,0.10067323481116584,709772_July_2026
709773,"City Gas Distribution Project at Jammu, Udhampur, Reasi, Samba and Kathua Districts",,(-) (-),Indian Oil Corporation Limited [IOCL],2022-03-01,2022-03-01,,538.0,538.0,Newly Added,July_2026,4.29,,100.0,538.0,,,,,,120.0,2026-07-01,0.007602230483271375,709773_July_2026
709774,Revamping/ Augmentation of facilities at existing port terminal at Mangalore,,(-) (-),Indian Oil Corporation Limited [IOCL],2022-01-01,2025-12-01,,463.0,463.0,Newly Added,July_2026,327.65,,108.13,500.62,,,,,,47.0,2026-07-01,0.6339956803455724,709774_July_2026
709776,Augmentation/Revamping of Facilities at existing Guwahati Terminal at Betkuchi,,Assam,Indian Oil Corporation Limited [IOCL],2022-04-01,2026-09-01,,277.0,323.09,Newly Added,July_2026,84.3,,73.09,236.16,,,,,,53.0,2026-07-01,0.8525631768953068,709776_July_2026
709777,Installation of Bitumen Manufacturing Unit along with allied facilities at Barauni Refinery,,(-) (-),Indian Oil Corporation Limited [IOCL],2022-01-01,2025-04-01,,389.35,389.35,Newly Added,July_2026,124.57,,105.38,410.3,,,,,,39.0,2026-07-01,0.23431359958905867,709777_July_2026
709778,Installation of new Biturox Unit along with allied facilities at Gujarat Refinery,,(-) (-),Indian Oil Corporation Limited [IOCL],2022-01-01,2025-08-01,,328.29,328.29,Newly Added,July_2026,218.17,,104.9,344.36,,,,,,43.0,2026-07-01,0.49818757805598707,709778_July_2026
709779,Capacity Expansion of Digboi Refinery from 0.65 to 1.0 MMTPA,,Assam,Indian Oil Corporation Limited [IOCL],2022-06-01,2026-03-01,,768.0,740.0,Newly Added,July_2026,60.1,,33.9,250.84,,,,,,45.0,2026-07-01,0.3266145833333333,709779_July_2026
709780,Construction of Additional Tankages and Allied Facilities at JNPT Terminal,,(-) (-),Indian Oil Corporation Limited [IOCL],2022-04-01,2026-08-01,,341.43,341.43,Newly Added,July_2026,305.01,,127.74,436.14,,,,,,52.0,2026-07-01,0.8342559236153823,709780_July_2026
709781,Revamping / Augmentation of Facilities at Mathura Bitumen Plant,,(-) (-),Indian Oil Corporation Limited [IOCL],2022-04-01,2027-06-01,,260.12,260.12,Newly Added,July_2026,23.58,,100.0,260.12,,,,,,62.0,2026-07-01,0.051553129324926956,709781_July_2026
709782,ATF Pipeline from Jawaharlal Nehru Port Trust to Navi Mumbai International Airport,,Maharashtra,Indian Oil Corporation Limited [IOCL],2022-08-01,2025-08-01,,165.0,165.0,Completed,June_2026,100.0,,62.64,103.36,,,,,,36.0,2026-06-01,0.6264242424242424,709782_June_2026
709783,"Installation of Multiple Effect Evaporator [MEE] for ETP-1, 2 & 4 of Panipat Refinery and Petrochemical Complex.",,(-) (-),Indian Oil Corporation Limited [IOCL],2020-12-01,2023-06-01,,165.13,165.13,Newly Added,July_2026,193.38,,150.0,247.69,,,,,,30.0,2026-07-01,0.9964270574698721,709783_July_2026
709785,Laying of Natural Gas Pipeline from Hazaribagh to Ranchi [HRPL],,(-) (-),Indian Oil Corporation Limited [IOCL],2023-02-01,2026-02-01,,202.07,202.07,Newly Added,July_2026,65.98,,100.0,202.07,,,,,,36.0,2026-07-01,0.3133567575592617,709785_July_2026
709786,"Augmentation/ Revamping of Dimapur Depot, Dimapur",,Nagaland,Indian Oil Corporation Limited [IOCL],2023-08-01,2027-11-01,,227.62,227.62,Newly Added,July_2026,43.0,,12.31,28.03,,,,,,51.0,2026-07-01,0.1231438362182585,709786_July_2026
709789,Installation of Independent De- Aromatized Solvents [DAS] production facilities at MR,,Maharashtra,Bharat Petroleum Corporation Limited [BPCL],2023-03-01,2026-02-01,,405.0,405.0,Completed,February_2026,100.0,,84.69,343.0,,,,,,35.0,2026-02-01,0.6182962962962962,709789_February_2026
709790,Replacement and Extension of Jetty Pipelines [REJP] at KR,,Kerala,Bharat Petroleum Corporation Limited [BPCL],2023-03-01,2026-02-01,,621.87,621.87,Completed,February_2026,100.0,,59.82,372.0,,,,,,35.0,2026-02-01,0.3537716886165919,709790_February_2026
709792,Sheohar districts,,(-) (-),Bharat Petroleum Corporation Limited [BPCL],2022-12-01,2030-03-01,,3638.0,3638.0,Newly Added,July_2026,493.91,,100.0,3638.0,,,,,,87.0,2026-07-01,0.12257559098405718,709792_July_2026
709793,Champaran and Deoria districts,,(-) (-),Bharat Petroleum Corporation Limited [BPCL],2022-12-01,2030-06-01,,3919.0,3919.0,Newly Added,July_2026,527.15,,100.0,3919.0,,,,,,90.0,2026-07-01,0.12162796631793825,709793_July_2026
709794,and Hanumangarh districts,,(-) (-),Bharat Petroleum Corporation Limited [BPCL],2022-12-01,2022-12-01,,,3207.0,Newly Added,July_2026,429.3,,100.0,3207.0,,,,,,,2026-07-01,,709794_July_2026
709795,"Shravasti,Balrampur, Siddharth Nagar & Maharajganj districts",,(-) (-),Bharat Petroleum Corporation Limited [BPCL],2022-12-01,2030-06-01,,16654.0,16654.0,Newly Added,July_2026,754.7,,100.0,16654.0,,,,,,90.0,2026-07-01,0.0396385252792122,709795_July_2026
709797,POL & LOBS Installations with Receipt Pipelines at Rasayani,,(-) (-),Bharat Petroleum Corporation Limited [BPCL],2023-05-01,2026-05-01,,2585.0,2585.0,Newly Added,July_2026,1507.62,,100.0,2585.0,,,,,,36.0,2026-07-01,0.376147001934236,709797_July_2026
709798,Ethylene Cracker Project at Bina Refinery including downstream Petrochemical Plants and expansion of Refinery,,(-) (-),Bharat Petroleum Corporation Limited [BPCL],2023-05-01,2028-05-01,,43367.0,43367.0,Newly Added,July_2026,6104.0,,100.0,43367.0,,,,,,60.0,2026-07-01,0.06234233403278991,709798_July_2026
709799,Setting up Polypropylene Unit at Kochi Refinery,,(-) (-),Bharat Petroleum Corporation Limited [BPCL],2023-12-01,2027-10-01,,4460.0,4460.0,Newly Added,July_2026,1026.0,,108.74,4850.0,,,,,,46.0,2026-07-01,0.0993542600896861,709799_July_2026
709800,"CUF POL Depot at Sadashibpur [Meramundali], Odisha",,(-) (-),Bharat Petroleum Corporation Limited [BPCL],2021-04-01,2026-03-01,,393.54,393.54,Newly Added,July_2026,233.3,,100.0,393.54,,,,,,59.0,2026-07-01,0.394801036743406,709800_July_2026
709801,71 MWp [DC] Solar power project at Prayagraj,,Uttar Pradesh,Bharat Petroleum Corporation Limited [BPCL],2025-08-01,,,308.32,183.37,Ongoing,July_2025,427.0,,51.81,95.0,,,,,,,2025-07-01,0.3081214322781526,709801_July_2025
709808,PACHORA-JAMNER WITH EXTENSION UPTO MALKAPUR NG TO BG,,Maharashtra,CR,2022-01-01,2027-08-01,,955.39,2093.82,Newly Added,November_2025,11.0,,6.23,130.42,,,,,,67.0,2025-11-01,0.13650969761039994,709808_November_2025
709809,KALYAN-MURBAD VIA ULHASNAGAR  [UMBRELLA WORK],,Maharashtra,Central Railway [CR] - II,2023-04-01,2027-03-01,,726.46,836.12,Ongoing,August_2025,0.0,,1.11,9.29,,,,,,47.0,2025-08-01,0.012788040635410069,709809_August_2025
709810,KODINGAMALI BAUXITE MINES TO SINGARAM RAILWAY STATION,,Odisha,Indian Railway,2026-01-01,2027-08-01,,190.9,190.9,Ongoing,August_2025,0.0,,0.0,0.0,,,,,,19.0,2025-08-01,0.0,709810_August_2025
709811,GANDHAMARDAN IRON ORE MINES TO GOALDIH STATION/12.76kms,,(-) (-),East Coast Railway [ECoR] - II,2022-09-01,2027-09-01,,190.0,190.0,Newly Added,June_2026,3.4,,99.96,189.93,,,,,,28.0,2026-06-01,0.0,709811_June_2026
709812,Nadiad-Petlad 37.26 km,,(-) (-),CAOCWR WR mor,2022-05-01,2030-06-01,,461.91,461.91,Newly Added,July_2026,142.21,,100.0,461.91,,,,,,80.0,2026-07-01,0.3860708796085818,709812_July_2026
709813,New BG line intersection 5 nos between Geratpur-Sanand & Botad-Ahmedabad 16.51 km  PB29/NR/2022-23,,(-) (-),CAOCWR WR mor,2022-10-01,2028-06-01,,437.21,437.21,Newly Added,July_2026,463.96,,106.12,463.95,,,,,,35.0,2026-07-01,0.2188650762791336,709813_July_2026
709814,NIPANIA-BHATAPRA [14.4 KM] 4TH LINE [PB-72/NR/2022-23],,Chhattisgarh,SECR,2024-05-01,2026-12-01,,170.0,184.0,Newly Added,September_2025,2.0,,0.0,0.0,,,,,,31.0,2025-09-01,0.0,709814_September_2025
709815,4th line - Bhatapara-Hathband 8.8 km PB72/NR/2022-23,,(-) (-),CAOC/SECR SECR mor,2022-09-01,2027-01-01,,177.03,177.03,Newly Added,July_2026,177.03,,100.0,177.03,,,,,,32.0,2026-07-01,0.0,709815_July_2026
709816,4th line - Bhilai-Bhilai nagar 8.8 km PB72/NR/2022-23,,(-) (-),CAOC/SECR SECR mor,2022-09-01,2027-02-01,,177.34,177.34,Newly Added,July_2026,177.34,,100.0,177.34,,,,,,33.0,2026-07-01,0.010770271794293447,709816_July_2026
709817,4th line - Dadhapara-Belha 9.2 km PB72/NR/2022-23,,(-) (-),CAOC/SECR SECR mor,2022-09-01,2026-11-01,,169.06,169.06,Newly Added,July_2026,169.06,,100.0,169.06,,,,,,30.0,2026-07-01,0.12108127292085649,709817_July_2026
709818,4th line - Rajnandgaon-Dongarhgarh 31.2 km PB72/NR/2022-23,,(-) (-),CAOC/SECR SECR mor,2022-09-01,2027-01-01,,328.34,328.34,Newly Added,July_2026,98.21,,100.0,328.34,,,,,,32.0,2026-07-01,0.19342754461838338,709818_July_2026
709819,3rd & 4th line - Saragbundia & Madwarani 12.2 km PB72/NR/2022-23,,(-) (-),CAOC/SECR SECR mor,2022-09-01,2026-12-01,,167.64,167.64,Newly Added,July_2026,28.44,,100.0,167.64,,,,,,19.0,2026-07-01,0.0010737294201861132,709819_July_2026
709820,OMKARESHWAR FLOATING SOLAR POWER PROJECT [90 MW],,Madhya Pradesh,Satluj Jal Vidyut Nigam [SJVN] Thermal Limited,2024-08-01,,,646.17,0.0,Ongoing,July_2025,173.0,,0.0,0.0,,,,,,,2025-07-01,0.0,709820_July_2025
709826,SCREENING PLANT-III AT KIRANDUL,,(-) (-),National Mineral Development Corporation Limited [NMDC],2009-01-01,2026-01-01,,2718.84,2718.84,Newly Added,July_2026,1754.7,,112.64,3062.39,,,,,,51.0,2026-07-01,0.5259706345353165,709826_July_2026
709827,CONSTRUCTION OF RESIDENTIAL TOWERS AT BIOM KIRANDUL COMPLEX,,Chhattisgarh,National Mineral Development Corporation Limited [NMDC],2022-10-01,2026-03-01,,349.75,349.75,Completed,March_2026,100.0,,100.0,349.75,,,,,,41.0,2026-03-01,0.8843459614010007,709827_March_2026
709829,UTKAL D AND E COAL BLOCK,,Odisha,National Aluminium Company Limited [NALCO],2016-02-01,2025-03-01,,1021.97,1021.97,Newly Added,October_2025,0.0,,0.0,0.0,,,,,,109.0,2025-10-01,0.0,709829_October_2025
709830,CONVERSION OF FLAT BOTTOM SETTLERS AND WASHERS WITH A SINGLE TRAIN OF HRDS AND DCWS IN STREAMS 1 AND,,(N10000012),Ministry of Mines,2017-04-01,2026-11-01,,355.0,355.0,Newly Added,February_2026,163.55,,163.66,581.0,,,,,,115.0,2026-02-01,0.4607042253521127,709830_February_2026
709831,SOURCING OF BAUXITE ARRANGEMENT FOR 5TH STREAM ALUMINA REFINERY FROM SOUTH BLOCK MINING LEASE OF PANCHPATMAILI MINES,,(-) (-),National Aluminium Company Limited [NALCO],2017-11-01,2025-05-01,,483.0,483.0,Newly Added,July_2026,453.89,,100.0,483.0,,,,,,66.0,2026-07-01,0.8764389233954452,709831_July_2026
709832,25.5 MW WIND POWER PROJECT AT KAYATHAR IN TAMILNADU,,(-) (-),National Aluminium Company Limited [NALCO],2017-09-01,2025-03-01,,166.0,166.0,Newly Added,July_2026,135.0,,100.0,166.0,,,,,,87.0,2026-07-01,0.8132530120481928,709832_July_2026
709837,"Creation of Gas Dehydration  Facilities, Tripura Asset",,Tripura,Oil and Natural Gas Corporation Limited [ONGC],2022-03-01,2024-05-01,,209.33,131.51,Newly Added,July_2026,71.3,,61.83,81.31,,,,,,26.0,2026-07-01,0.3884297520661157,709837_July_2026
709838,Commercial Polymer Flooding Project in Bechraji field,,(-) (-),Oil and Natural Gas Corporation Limited [ONGC],2022-01-01,2024-11-01,,621.4,621.4,Newly Added,July_2026,280.45,,118.93,739.02,,,,,,34.0,2026-07-01,0.24748953974895396,709838_July_2026
709839,Daman Upside Development Project,,(-) (-),Oil and Natural Gas Corporation Limited [ONGC],2022-06-01,2025-10-01,,4144.41,4144.41,Newly Added,July_2026,6302.5,,154.59,6406.9,,,,,,40.0,2026-07-01,1.2793135814265482,709839_July_2026
709840,"Restoration of Gas Terminal, Phase-I [Part-A], Hazira",,(-) (-),Oil and Natural Gas Corporation Limited [ONGC],2022-05-01,2025-02-01,,249.43,249.43,Newly Added,July_2026,219.56,,100.0,249.43,,,,,,33.0,2026-07-01,0.8437236900132301,709840_July_2026
709841,Old Pipe Line Replacement [OPRP] Group-A,,(-) (-),Oil and Natural Gas Corporation Limited [ONGC],2021-07-01,2025-07-01,,173.03,173.03,Newly Added,July_2026,168.22,,98.16,169.84,,,,,,48.0,2026-07-01,0.9120383748482922,709841_July_2026
709842,"Kalol Redevelopment Project, Ahmedabad Asset",,(-) (-),Oil and Natural Gas Corporation Limited [ONGC],2022-08-01,2027-03-01,,1487.41,1487.41,Newly Added,July_2026,946.45,,100.0,1487.41,,,,,,55.0,2026-07-01,0.6319710100106897,709842_July_2026
709845,"Revamping of SV Stations, Gas Terminal & Kribhco Terminal",,(-) (-),Oil and Natural Gas Corporation Limited [ONGC],2022-11-01,2026-08-01,,837.34,837.34,Newly Added,July_2026,469.99,,133.74,1119.86,,,,,,45.0,2026-07-01,0.39117921035660547,709845_July_2026
709846,Part Replacement Pipeline Project  [PRPP],,Maharashtra,Oil and Natural Gas Corporation Limited [ONGC],2022-11-01,2026-03-01,,1219.48,1219.48,Completed,March_2026,100.0,,93.9,1145.1,,,,,,40.0,2026-03-01,0.6109161281857841,709846_March_2026
709847,Pipeline Network Project Rudrasagar,,Assam,Oil and Natural Gas Corporation Limited [ONGC],2023-01-01,2026-04-01,,481.03,481.03,Newly Added,July_2026,55.4,,49.65,238.83,,,,,,39.0,2026-07-01,0.4964970999729747,709847_July_2026
709848,MHN TCPP PGC BGC Project [MTPBP],,(-) (-),Oil and Natural Gas Corporation Limited [ONGC],2022-06-01,2026-05-01,,2329.45,2329.45,Newly Added,July_2026,1930.25,,101.06,2354.23,,,,,,47.0,2026-07-01,0.5252312777694306,709848_July_2026
709849,PRP-VIII Group B [NH & BS Asset],,(-) (-),Oil and Natural Gas Corporation Limited [ONGC],2024-06-01,2026-02-01,,2379.84,2546.9,Newly Added,July_2026,3003.9,,131.48,3348.6,,,,,,20.0,2026-07-01,0.8888034489713594,709849_July_2026
709850,Borholla GGS Life Extension Project [BLEP],,Assam,Oil and Natural Gas Corporation Limited [ONGC],2023-09-01,2026-05-01,,198.7,198.7,Newly Added,July_2026,63.5,,55.86,110.99,,,,,,32.0,2026-07-01,0.5585807750377454,709850_July_2026
709851,Integrated Development of 4 Contract Areas under DSF-II,,(-) (-),Oil and Natural Gas Corporation Limited [ONGC],2023-05-01,2027-04-01,,6183.79,6183.79,Newly Added,July_2026,2053.0,,100.0,6183.79,,,,,,47.0,2026-07-01,0.14482380546558016,709851_July_2026
709855,SUPER EDGE ROUTERS FOR BSNL INTERNET PROTOCOL - MULTI PROTOCOL LEBEL SWITCHING [IPMPLS] NETWORK,,PAN India,BSNL,2024-03-01,2025-03-01,,239.6,179.63,Ongoing,July_2025,736.0,,55.67,100.0,,,,,,12.0,2025-07-01,0.41736227045075125,709855_July_2025
709856,MPLS-IP BASED ACCESS AND AGGREGATION NETWORK [MAAN] IN BSNL ALONG WITH TEST AND MEASURING EQUIPMENT,,(-) (-),BSNL,2023-05-01,2024-08-01,,645.13,645.13,Newly Added,July_2026,407.9,,100.0,645.13,,,,,,15.0,2026-07-01,0.5852928867050051,709856_July_2026
709857,"Planning, Engineering, Supply, Installation, Testing, Commissioning, Integration & Annual Maintenance of 4G mobile network at 1 Lakh sites on PAN India basis including Mumbai & Delhi LSA on turnkey basis under Phase IX.2 Project.",,(-) (-),BSNL,2023-05-01,2025-06-01,,24544.55,24544.55,Newly Added,July_2026,9165.89,,100.0,24544.55,,,,,,24.0,2026-07-01,0.3451699053354004,709857_July_2026
709858,OPTICAL TRANSPORT NETWORK [OTN] PH-4 IN BSNL,,PAN India,BSNL,2024-02-01,2025-10-01,,810.99,810.99,Completed,December_2025,100.0,,97.02,786.86,,,,,,20.0,2025-12-01,0.9702462422471301,709858_December_2025
709859,SETTING UP OF PHYSICAL INFRASTRUCTURE FOR THE NATIONAL INSTITUTE OF COMMUNICATION FINANCE [NICF] AT GHITORNI,,(-) (-),National Communication Academy - Finance [Erstwhile NICF],2014-10-01,2020-02-01,,248.2,248.2,Newly Added,July_2026,237.43,,100.0,248.2,,,,,,22.0,2026-07-01,0.9545124899274778,709859_July_2026
709864,DCU Revamp Project,,Assam,Numaligarh Refinery Limited,2021-08-01,2024-07-01,,370.0,370.0,Newly Added,July_2026,80.5,,83.89,310.38,,,,,,35.0,2026-07-01,0.8388648648648649,709864_July_2026
709865,Power Recovery Turbine [PRT] in PFCCU unit as an Energy Conservation Scheme,,Assam,Numaligarh Refinery Limited,2023-04-01,2024-12-01,,293.5,293.5,Newly Added,July_2026,99.0,,27.88,81.84,,,,,,20.0,2026-07-01,0.27884156729131176,709865_July_2026
738679,Stamp Charge Battery No.7 Battery Proper at RSP,,Odisha,Steel Authority of India Limited (SAIL,2024-10-01,2028-03-01,,2584.41,,Newly Added,July_2026,,,1.2,31.0,,,,,,41.0,2026-07-01,0.011995000793217796,738679_July_2026
834015,Stamp Charge Battery No.12 By-product Plant at RSP,,Odisha,Steel Authority of India Limited (SAIL,2024-10-01,2028-03-01,,1140.07,,Newly Added,July_2026,,,2.81,32.0,,,,,,41.0,2026-07-01,0.028068451937161756,834015_July_2026
900808,Transmission System for Kurnool Wind Energy Zone/ Solar Energy Zone  Part-A and Part-B,,"Multi-States (Telangana,",Power Grid Corporation of India Limited [POWERGRID],2022-11-01,2022-11-01,,,3546.94,Completed,June_2026,100.0,,100.0,3546.94,,,,,,,2026-06-01,,900808_June_2026
900872,DOUBLING BETWEEN JAUNPUR JN-ZAFFARABAD [6.28 KM],,Uttar Pradesh,Northen Railway [NR],2023-01-01,2027-01-01,,177.0,177.0,Ongoing,August_2025,10.0,,23.16,41.0,,,,,,48.0,2025-08-01,0.23163841807909605,900872_August_2025
900874,Jhajha - Batia 20 km Umbrella work PB23/2018-19/NR,,(-) (-),CAO/Con/South/MHX ECR mor,2019-02-01,2028-03-01,,588.18,588.18,Newly Added,July_2026,26.52,,100.0,588.18,,,,,,60.0,2026-07-01,0.0020231901798769083,900874_July_2026
914467,Amended BharatNet Program - BR,,PAN India,Department of Telecommunications,2025-03-01,2028-03-01,,1550.0,,Newly Added,July_2026,,,0.65,10.0,,,,,,36.0,2026-07-01,0.0064516129032258064,914467_July_2026
938832,Amended BharatNet Program - RJ,,PAN India,Department of Telecommunications,2026-03-01,2029-03-01,,2839.0,,Newly Added,July_2026,,,0.39,11.0,,,,,,36.0,2026-07-01,0.0038746037337090526,938832_July_2026
944288,Super accelerated cooling system (Uniform Cooling) for high strength plates in Plate Mill at BSP,,Chhattisgarh,Steel Authority of India Limited (SAIL,2025-06-01,2026-12-01,,192.21,,Newly Added,July_2026,,,15.09,29.0,,,,,,18.0,2026-07-01,0.1508766453358306,944288_July_2026
946208,Amended BharatNet Program - SKM,,Sikkim,Department of Telecommunications,2026-06-01,2029-06-01,,160.0,160.0,Newly Added,July_2026,0.0,,0.0,0.0,,,,,,36.0,2026-07-01,0.0,946208_July_2026
976009,"Amended BharatNet Program - ARP, NGL, MNP",,PAN India,Department of Telecommunications,2025-06-01,2028-06-01,,1168.0,,Newly Added,July_2026,,,1.11,13.0,,,,,,36.0,2026-07-01,0.01113013698630137,976009_July_2026
