project_id,sector,state,implementing_agency,approved_cost,planned_duration_months,is_overrun,overrun_pct
108000,,78690.89,108000,705793.0,,0,0.0
108841,,PAN India,Department of Telecommunications,3742.0,36.0,0,0.0
124005,,124623,51101,705453.0,,0,
124199,,PAN India,Department of Telecommunications,837.0,36.0,0,0.0
171218,,PAN India,Department of Telecommunications,1245.0,36.0,0,0.0
175860,,PAN India,Department of Telecommunications,4943.0,36.0,0,0.0
188000,,48809.69,61109,,,0,
210914,,PAN India,Department of Telecommunications,1674.0,36.0,0,0.0
222253,,Uttar Pradesh,Department of Telecommunications,5008.0,36.0,0,0.0
240484,,PAN India,Department of Telecommunications,832.0,36.0,0,0.0
245986,,Rajasthan,Jaipur Metro Rail Corporation,13037.66,66.0,0,0.0
298178,,Uttar Pradesh,National Thermal Power Corporation [NTPC],38358.0,78.0,0,0.0
317725,,PAN India,Department of Telecommunications,1713.0,36.0,0,0.0
364934,,West Bengal,Steel Authority of India Limited (SAIL,999.46,41.0,0,0.0
400005,,Multi-States,Power Grid Corporation of India Limited [POWERGRID],,,0,
400006,,Odisha,South Eastern Railway [SER] - I,808.99,48.0,0,0.0
400010,,Ladakh,Airport Authority of India [AAI],640.0,49.0,0,0.0
400012,,Multi-States,Ministry of Petroleum & Natural Gas,,,0,
400013,,PAN India,Department of Telecommunications [DoT],30620.0,21.0,0,0.0
400018,,Jharkhand,ECL - CIL,859.41,79.0,0,0.0
400019,,Maharashtra,CR,1171.0,9.0,0,0.0
400022,,Multi-States,North Western Railway [NWR],,,0,
400023,,Karnataka,South Western Railway [SWR] - II,749.0,-12.0,0,0.0
400033,,Maharashtra,Western Coalfields Limited [WCL],580.61,70.0,0,0.0
400035,,Tripura,Indian Oil Corporation Limited [IOCL],656.0,0.0,0,0.0
400043,,Tamil Nadu,Ministry of Petroleum & Natural Gas,829.0,0.0,0,0.0
400045,,Odisha,East Coast Railway [ECoR] - II,168.32,-2.0,0,0.0
400047,,Odisha,East Coast Railway [ECoR] - II,210.0,30.0,0,0.0
400048,,Odisha,East Coast Railway [ECoR] - II,186.21,30.0,0,0.0
400062,,West Bengal,Damodar Valley Corporation,17673.0,52.0,0,0.0
400065,,Odisha,Steel Authority of India Limited [SAIL],1105.23,2.0,0,0.0
400073,,Jharkhand,Ministry of Coal,799.34,122.0,0,0.0
400074,,Jharkhand,Ministry of Coal,908.47,86.0,0,0.0
400077,,Tamil Nadu,Indian Oil Corporation Limited [IOCL],887.71,15.0,0,0.0
400078,,Multi-States,Ministry of Petroleum & Natural Gas,,55.0,0,
400081,,Manipur,Department of Sports & Youth Affairs,611.74,31.0,0,0.0
400087,,Gujarat,Oil and Natural Gas Corporation Limited [ONGC],1286.67,0.0,0,0.0
400093,,Uttar Pradesh,Irrigation & Water Resources-UP,1672.7,75.0,0,0.0
400094,,Telangana,Irrigation and CAD-TG,13445.4,39.0,0,-100.0
400095,,Maharashtra,Department of water resources-MH - II,743.73,78.0,0,0.0
400096,,Madhya Pradesh,Water resource-mp,648.09,75.0,0,0.0
400097,,Gujarat,"Narmada and Water Resources, Water Supply and Kalpsar Department-GJ",6670.31,63.0,0,0.0
400100,,Andhra Pradesh,Water Resources-AP,1023.24,63.0,0,0.0
400101,,Andhra Pradesh,Water Resources-AP,697.39,87.0,0,0.0
400102,,Telangana,Irrigation and CAD-TG,949.87,60.0,0,0.0
400103,,Telangana,Irrigation and CAD-TG,5940.09,63.0,0,0.0
400104,,Bihar,Water Resources-BR,658.12,75.0,0,0.0
400105,,Maharashtra,Department of water resources-MH - II,895.81,36.0,0,0.0
400107,,Maharashtra,Department of water resources-MH - II,2407.67,48.0,0,0.0
400109,,Maharashtra,Department of water resources-MH - II,888.43,60.0,0,0.0
400111,,Chhattisgarh,Water Resources-CT,727.04,66.0,0,0.0
400112,,Maharashtra,Department of water resources-MH - II,7222.95,122.0,0,0.0
400115,,Madhya Pradesh,Water Resources-MP,893.35,67.0,0,0.0
400116,,Madhya Pradesh,Water Resources-MP,1399.7,67.0,0,0.0
400117,,Uttar Pradesh,Irrigation & Water Resources-UP,2465.68,0.0,0,0.0
400119,,Offshore,Oil and Natural Gas Corporation Limited [ONGC],3375.9,92.0,0,0.0
400120,,Andhra Pradesh,Oil and Natural Gas Corporation Limited [ONGC],34012.0,72.0,0,0.0
400121,,Karnataka,National Mineral Development Corporation Limited [NMDC],1043.63,26.0,0,0.0
400136,,Jharkhand,Ministry of Coal,2660.0,60.0,0,0.0
400138,,Jharkhand,Ministry of Coal,973.5,139.0,0,0.0
400139,,Jharkhand,Ministry of Coal,625.4,139.0,0,0.0
400141,,Odisha,National Aluminium Company Limited [NALCO],5677.4,33.0,0,0.0
400142,,Jharkhand,NLC India Limited [NLCIL],2242.9,105.0,0,0.0
400144,,Chhattisgarh,South Eastern Coalfields Limited [SECL],2310.12,99.0,0,0.0
400145,,Chhattisgarh,South Eastern Coalfields Limited [SECL],610.63,42.0,0,0.0
400147,,Chhattisgarh,South Eastern Coalfields Limited [SECL],7612.33,84.0,0,0.0
400148,,Madhya Pradesh,Ministry of Coal,869.44,72.0,0,0.0
400149,,Chhattisgarh,South Eastern Coalfields Limited [SECL],2309.8,103.0,0,0.0
400150,,Jharkhand,Ministry of Coal,7254.37,91.0,0,0.0
400151,,Jharkhand,Ministry of Coal,778.8,92.0,0,0.0
400152,,Madhya Pradesh,South Eastern Coalfields Limited [SECL],1248.93,80.0,0,0.0
400153,,Jharkhand,Ministry of Coal,1020.42,86.0,0,0.0
400154,,Jharkhand,Ministry of Coal,713.35,76.0,0,0.0
400155,,Jharkhand,Ministry of Coal,2898.28,82.0,0,0.0
400156,,Jharkhand,Ministry of Coal,5136.15,97.0,0,0.0
400158,,Maharashtra,"Department of Water Resources, River Development & GR",1629.86,22.0,0,0.0
400160,,Jharkhand,Ministry of Coal,510.85,132.0,0,0.0
400161,,Uttar Pradesh,Gas Authority of India Limited [GAIL],1299.02,19.0,0,0.0
400162,,Madhya Pradesh,Northern Coalfields Limited [NCL],998.71,48.0,0,0.0
400165,,Odisha,Mahanadi Coalfields Limited (MCL,1693.81,0.0,0,0.0
400166,,Odisha,Mahanadi Coalfields Limited (MCL,5194.95,-12.0,0,0.0
400167,,Gujarat,Oil and Natural Gas Corporation Limited [ONGC],1162.56,0.0,0,0.0
400168,,Maharashtra,Ministry of Petroleum & Natural Gas,11256.0,6.0,0,0.0
400169,,Gujarat,Oil and Natural Gas Corporation Limited [ONGC],860.04,7.0,0,0.0
400171,,Punjab,Hindustan Petroleum Corporation Limited [HPCL],1421.46,37.0,0,0.0
400172,,Jharkhand,Eastern Coal Fields Limited [ECL],513.99,91.0,0,0.0
400173,,West Bengal,Eastern Coal Fields Limited [ECL],888.99,64.0,0,0.0
400174,,Jharkhand,Steel Authority of India Limited [SAIL],1752.3,116.0,0,0.0
400177,,Maharashtra,Western Coalfields Limited [WCL],727.28,12.0,0,0.0
400178,,Maharashtra,Western Coalfields Limited [WCL],822.88,85.0,0,0.0
400179,,Odisha,Mahanadi Coalfields Limited (MCL,6321.73,,0,-80.21649137182385
400180,,West Bengal,Eastern Coal Fields Limited [ECL],570.11,0.0,0,0.0
400181,,West Bengal,Eastern Coal Fields Limited [ECL],502.68,127.0,0,0.0
400182,,West Bengal,ECL - CIL,535.18,106.0,0,0.0
400183,,Odisha,Mahanadi Coalfields Limited (MCL,3504.21,103.0,0,0.0
400185,,Odisha,Mahanadi Coalfields Limited (MCL,6107.87,95.0,0,0.0
400186,,West Bengal,Eastern Coal Fields Limited [ECL],749.08,0.0,0,0.0
400187,,Odisha,Mahanadi Coalfields Limited (MCL,2434.75,106.0,0,0.0
400188,,Delhi,National Buildings Construction Corporation [NBCC],32850.0,36.0,0,0.0
400192,,Jharkhand,Damodar Valley Corporation,1581.0,0.0,0,0.0
400203,,Chhattisgarh,WR,1686.22,-4.0,0,0.0
400204,,Uttar Pradesh,North Eastern Railway [NER],4939.78,0.0,0,0.0
400205,,Uttar Pradesh,North Eastern Railway [NER],1319.75,0.0,0,0.0
400220,,Chhattisgarh,Indian Railway Construction International Limited [IRCON],3438.0,90.0,0,0.0
400223,,Multi-States,Southern Railway [SR] - II,,,0,
400231,,Odisha,NLC India Limited [NLCIL],27213.0,74.0,0,0.0
400232,,Odisha,East Coast Railway [ECoR] - II,297.0,0.0,0,0.0
400234,,Multi-States,RVNL - II,8975.0,91.0,0,0.0
400235,,Jammu and,Bharat Petroleum Corporation Limited [BPCL],676.89,23.0,0,0.0
400247,,West Bengal,Eastern Railway [ER] - I,1000.0,0.0,0,0.0
400253,,Multi-States,RVNL - II,,,0,
400254,,Bihar,East Central Railway [ECR] - I,735.2,27.0,0,0.0
400259,,Uttar Pradesh,NLC India Limited [NLCIL],21780.9,59.0,0,0.0
400261,,Jharkhand,National Thermal Power Corporation [NTPC],20302.0,44.0,0,0.0
400271,,Maharashtra,Central Railway [CR] - II,3445.0,0.0,0,0.0
400273,,West Bengal,Eastern Railway [ER] - I,1542.0,83.0,0,0.0
400275,,Multi-States,Southern Railway [SR] - II,,,0,
400277,,West Bengal,RVNL - II,8964.0,3.0,0,0.0
400280,,Tamil Nadu,Southern Railways [SR] - construction,982.0,13.0,0,0.0
400291,,Chhattisgarh,East Coast Railway [ECoR] - II,1798.0,69.0,0,0.0
400298,,Andhra Pradesh,South Central Railway [SCR] - II,5200.0,10.0,0,0.0
400299,,Odisha,National Aluminium Company Limited [NALCO],1960.77,14.0,0,0.0
400301,,Multi-States,"Department of Water Resources, River Development & GR",,,0,
400312,,West Bengal,Eastern Coal Fields Limited [ECL],1210.12,107.0,0,0.0
400313,,Multi-States,Bharat Coking Coal Limited [BCCL],,,0,
400315,,West Bengal,Eastern Coal Fields Limited [ECL],5365.88,92.0,0,0.0
400321,,Madhya Pradesh,Northern Coalfields Limited [NCL],1729.68,36.0,0,0.0
400352,,Jharkhand,Ministry of Coal,764.57,127.0,0,0.0
400353,,Maharashtra,Western Coalfields Limited [WCL],711.01,77.0,0,0.0
400354,,Chhattisgarh,South Eastern Coalfields Limited [SECL],5241.4,99.0,0,0.0
400369,,Multi-States,Northern Coalfields Limited [NCL],,,0,
400382,,Maharashtra,Reliance Industries Ltd,6000.0,38.0,0,0.0
400392,,Odisha,Mahanadi Coalfields Limited (MCL,2838.86,124.0,0,0.0
400416,,Jharkhand,Ministry of Coal,1799.64,37.0,0,0.0
400424,,Chhattisgarh,South Eastern Coalfields Limited [SECL],11816.4,36.0,0,0.0
400425,,Jharkhand,BCCL - CIL,1230.27,86.0,0,0.0
400426,,Madhya Pradesh,Hindustan Copper Limited [HCL],1856.36,72.0,0,0.0
400429,,Delhi,India International Convention & Expo Centre,5401.0,63.0,0,-17.23754860211072
425828,,West Bengal,Steel Authority of India Limited (SAIL,706.51,41.0,0,0.0
437130,,PAN India,Department of Telecommunications,1621.0,36.0,0,0.0
462136,,PAN India,Department of Telecommunications,768.0,48.0,0,0.0
476006,,PAN India,Department of Telecommunications,1292.0,36.0,0,0.0
478482,,Odisha,Steel Authority of India Limited (SAIL,1064.55,30.0,0,0.0
505491,,Chhattisgarh,Steel Authority of India Limited (SAIL,268.36,24.0,0,0.0
547243,,PAN India,Department of Telecommunications,22174.56,66.0,0,0.0
589703,,Odisha,Steel Authority of India Limited (SAIL,216.02,18.0,0,0.0
601812,,(-) (-),National Industrial Corridor Development Corporation,2360.0,35.0,0,0.0
602096,,Multi-States,National Highways & Infrastructure Development Corporation Ltd. [NHIDCL],,,0,
602098,,Jammu and,"Indian Institute of Management, Jammu",424.93,32.0,0,0.0
602099,,Himachal Pradesh,"Indian Institute of Management, Sirmaur",454.78,28.0,0,0.0
602181,,Sikkim,National Highways & Infrastructure Development Corporation Ltd. [NHIDCL],5748.04,45.0,0,0.0
602182,,Arunachal Pradesh,National Highways & Infrastructure Development Corporation Ltd. [NHIDCL],31876.4,0.0,0,0.0
602184,,West Bengal,National Thermal Power Corporation [NTPC],1381.84,114.0,0,0.0
602185,,Uttarakhand,National Thermal Power Corporation [NTPC],10907.3,193.0,0,0.0
602193,,Uttarakhand,THDC India Limited,8339.0,41.0,0,0.0
602194,,Uttar Pradesh,THDC India Limited,13276.2,18.0,0,0.0
602195,,Uttarakhand,THDC India Limited,6823.72,51.0,0,0.0
602223,,Multi-States,Power Grid Corporation of India Limited [POWERGRID],,,0,
602525,,Jammu and,National Highways & Infrastructure Development Corporation Ltd. [NHIDCL],8112.12,26.0,0,0.0
602532,,Jammu and,National Highways & Infrastructure Development Corporation Ltd. [NHIDCL],4287.59,54.0,0,0.0
602535,,Jammu and,National Highways & Infrastructure Development Corporation Ltd. [NHIDCL],5281.94,60.0,0,0.0
602538,,West Bengal,Damodar Valley Corporation,1106.0,23.0,0,0.0
602579,,Bihar,Satluj Jal Vidyut Nigam [SJVN] Thermal Limited,13756.6,22.0,0,0.0
602582,,Himachal Pradesh,Satluj Jal Vidyut Nigam [SJVN] Thermal Limited,1511.87,16.0,0,0.0
602593,,Himachal Pradesh,Satluj Jal Vidyut Nigam [SJVN] Thermal Limited,3584.53,43.0,0,0.0
602633,,Himachal Pradesh,Satluj Jal Vidyut Nigam [SJVN] Thermal Limited,2615.0,107.0,0,0.0
602792,,Chhattisgarh,SECR,1171.0,9.0,0,0.0
602797,,Multi-States (Uttar,Eastern Railway [ER] - I,,,0,
602961,,Odisha,National Thermal Power Corporation [NTPC],12543.0,10.0,0,0.0
603210,,(-) (-),National Industrial Corridor Development Corporation,921.66,30.0,0,0.0
603293,,Jharkhand,National Thermal Power Corporation [NTPC],784.0,-356.0,0,0.0
603945,,Odisha,Water Resources-OR,2990.05,66.0,0,0.0
604791,,Assam,Ministry of Petroleum & Natural Gas,22494.0,17.0,0,0.0
604792,,Assam,Ministry of Petroleum & Natural Gas,4200.0,46.0,0,0.0
604795,,Tamil Nadu,Chennai Petroleum Corporation Limited [CPCL],36354.0,40.0,0,0.0
604833,,Maharashtra,Ministry of Petroleum & Natural Gas,389.67,13.0,0,0.0
604852,,Uttar Pradesh,Ministry of Petroleum & Natural Gas,980.45,0.0,0,0.0
604853,,Haryana,Ministry of Petroleum & Natural Gas,3200.0,39.0,0,0.0
604859,,Odisha,Ministry of Petroleum & Natural Gas,11783.0,31.0,0,0.0
604863,,Assam,Ministry of Petroleum & Natural Gas,726.93,70.0,0,0.0
605155,,Jammu and,National Highways & Infrastructure Development Corporation Ltd. [NHIDCL],4526.12,54.0,0,0.0
605156,,Sikkim,National Highways & Infrastructure Development Corporation Ltd. [NHIDCL],1828.11,19.0,0,0.0
605292,,Punjab,"Indian intitue of Management, Amritsar",348.31,30.0,0,0.0
606013,,Bihar,NIT Patna,499.21,18.0,0,0.0
606431,,Kerala,INDIAN INSTITUTE OF TECHNOLOGY PALAKKAD,1217.4,53.0,0,0.0
606479,,Uttar Pradesh,Banaras Hindu University,246.0,42.0,0,0.0
606781,,Multi-States,Power Grid Corporation of India Limited [POWERGRID],,,0,
607653,,(-) (-),CAO/C/NR,,,0,
607701,,Assam,Ministry of Petroleum & Natural Gas,577.0,31.0,0,0.0
607709,,Multi-States,Power Grid Corporation of India Limited [POWERGRID],,,0,
608301,,"Multi-States (Delhi,",Power Grid Corporation of India Limited [POWERGRID],359.47,19.0,0,0.0
608302,,Jammu and,Power Grid Corporation of India Limited [POWERGRID],318.12,38.0,0,0.0
608922,,"Multi-States (Delhi,",Power Grid Corporation of India Limited [POWERGRID],,,0,
609019,,West Bengal,"Indian Institute of Technology, Kharagpur",442.0,36.0,0,0.0
609424,,Gujarat,Deendayal Port Trust [DPT],4243.64,36.0,0,0.0
609736,,Sikkim,Sikkim University,314.06,8.0,0,0.0
609996,,Telangana,"Indian Institute of Technology, Hyderabad",262.0,15.0,0,0.0
610315,,Odisha,"Indian Institutes of Science Education and Research, Behrampur",773.76,56.0,0,0.0
610940,,Karnataka,IISC Bangalore,420.41,18.0,0,0.0
610984,,Jharkhand,Oil and Natural Gas Corporation Limited [ONGC],431.0,19.0,0,0.0
610985,,Maharashtra,Ministry of Petroleum & Natural Gas,526.26,24.0,0,0.0
611016,,West Bengal,Ministry of Coal,384.57,60.0,0,0.0
611017,,Jharkhand,Ministry of Coal,334.27,95.0,0,0.0
611047,,Jammu and,Airport Authority of India [AAI],861.37,35.0,0,0.0
611142,,Offshore,Inland Waterways Authority of India [IWAI],197.0,59.0,0,0.0
611440,,Multi-States,Airport Authority of India [AAI],,,0,
611452,,Multi-States,Western Railway,,,0,
611495,,West Bengal,Airport Authority of India [AAI],1549.0,0.0,0,0.0
611509,,Jharkhand,Damodar Valley Corporation,14358.0,52.0,0,0.0
611570,,"Multi-States (Goa,",Airport Authority of India [AAI],,,0,
611586,,Himachal Pradesh,Satluj Jal Vidyut Nigam [SJVN] Thermal Limited,4540.71,8.0,0,0.0
611602,,Tamil Nadu,Airport Authority of India [AAI],1207.0,8.0,0,0.0
611614,,Rajasthan,North Western Railway [NWR],967.06,0.0,1,18.008981305217933
611615,,Andhra Pradesh,South Western Railway [SWR] - II,342.14,1.0,0,0.0
611656,,Gujarat,Power Grid Corporation of India Limited [POWERGRID],1167.0,7.0,0,0.0
611657,,Gujarat,Power Grid Corporation of India Limited [POWERGRID],2820.99,8.0,0,0.0
611659,,Rajasthan,Power Grid Corporation of India Limited [POWERGRID],1433.0,13.0,0,0.0
611660,,Gujarat,Power Grid Corporation of India Limited [POWERGRID],966.79,8.0,0,0.0
611669,,Multi-States,North Eastern Railway [NER],,,0,
611698,,Arunachal Pradesh,North Eastern Electric Power Corporation Limited,1938.85,50.0,0,0.0
611699,,Arunachal Pradesh,North Eastern Electric Power Corporation Limited,1750.07,50.0,0,0.0
611716,,Arunachal Pradesh,North Eastern Electric Power Corporation Limited,8146.21,72.0,0,0.0
611735,,"Multi-States (Delhi,",Power Grid Corporation of India Limited [POWERGRID],331.0,27.0,0,0.0
611737,,Chhattisgarh,Power Grid Corporation of India Limited [POWERGRID],385.84,22.0,0,0.0
611751,,Maharashtra,South Central Railway [SCR] - II,960.64,46.0,0,0.0
611752,,Andhra Pradesh,South Central Railway [SCR] - II,351.83,0.0,0,0.0
611754,,Andhra Pradesh,South Central Railway [SCR] - II,293.3,36.0,0,0.0
611798,,Jharkhand,Hindustan Copper Limited [HCL],2705.0,108.0,0,0.0
611800,,Jharkhand,Hindustan Copper Limited [HCL],665.02,48.0,0,0.0
611849,,Rajasthan,North Western Railway [NWR],969.0,0.0,0,0.0
611855,,Rajasthan,North Western Railway [NWR],968.92,48.0,0,0.0
611861,,Multi-States,North Western Railway [NWR],,,0,
611864,,Jharkhand,Ministry of Coal,4011.85,86.0,0,0.0
611884,,Haryana,North Western Railway [NWR],471.0,0.0,0,0.0
611917,,Haryana,Indian Oil Corporation Limited [IOCL],2531.44,15.0,0,0.0
611918,,Gujarat,PCE/WR,468.0,56.0,0,0.0
611927,,Andhra Pradesh,WPO/Patna,560.72,74.0,0,0.0
611929,,Rajasthan,WPO/Patna,166.86,18.0,0,0.0
611930,,Chhattisgarh,National Thermal Power Corporation [NTPC],15530.0,58.0,0,0.0
611937,,Gujarat,Western Railway [WR] - II,417.53,0.0,0,0.0
611938,,Gujarat,PCE/WR,415.38,0.0,0,0.0
611939,,Gujarat,WR,482.42,300.0,0,0.0
611943,,Gujarat,PCE/WR,410.26,0.0,0,0.0
611944,,Gujarat,PCE/WR,152.44,0.0,0,0.0
611945,,Gujarat,PCE/WR,307.11,0.0,0,0.0
611947,,Rajasthan,Power Grid Corporation of India Limited [POWERGRID],428.3,3.0,0,0.0
611948,,Rajasthan,Power Grid Corporation of India Limited [POWERGRID],2211.29,8.0,0,0.0
611949,,Rajasthan,Power Grid Corporation of India Limited [POWERGRID],1796.02,6.0,0,-35.41274596051269
611950,,Rajasthan,Power Grid Corporation of India Limited [POWERGRID],2190.54,8.0,0,0.0
611951,,Rajasthan,Power Grid Corporation of India Limited [POWERGRID],688.74,7.0,0,0.0
611957,,Madhya Pradesh,"Indian Institute of Technology, Indore",496.28,37.0,0,0.0
611961,,(-) (-),"Indian Institute of Technology, Bhubaneshwar",454.27,30.0,0,0.0
611963,,Uttarakhand,National Institute of Technology Uttarakhand,650.85,41.0,0,0.0
611966,,Maharashtra,Power Grid Corporation of India Limited [POWERGRID],224.41,4.0,0,0.0
611967,,Andhra Pradesh,Power Grid Corporation of India Limited [POWERGRID],1248.69,7.0,0,0.0
611969,,Gujarat,PCE/WR,246.0,38.0,0,0.0
611970,,Gujarat,PCE/WR,670.17,0.0,0,0.0
611971,,Gujarat,PCE/WR,349.93,0.0,0,0.0
611972,,Gujarat,PCE/WR,318.0,44.0,0,0.0
611973,,Gujarat,PCE/WR,450.0,42.0,0,0.0
611974,,Gujarat,PCE/WR,1430.0,40.0,0,0.0
611975,,Maharashtra,PCE/WR,176.0,32.0,0,0.0
611976,,Maharashtra,PCE/WR,221.0,28.0,0,0.0
611977,,Gujarat,PCE/WR,487.0,24.0,0,0.0
611978,,Gujarat,PCE/WR,158.0,24.0,0,0.0
611979,,Gujarat,PCE/WR,250.0,26.0,0,0.0
611980,,Offshore,WR,492.83,0.0,0,0.0
612063,,Uttar Pradesh,Airport Authority of India [AAI],274.38,9.0,1,25.184779633178206
612066,,(-) (-),Jaipur Metro Rail Corporation,,,0,
612068,,(-) (-),Jaipur Metro Rail Corporation,,,0,
612072,,Gujarat,Western Railway,961.67,0.0,0,0.0
612096,,West Bengal,Northeast Frontier Railway [NFR],1209.0,-24.0,0,0.0
612128,,Himachal Pradesh,"Indian Institute of Technology, Mandi",166.66,0.0,0,0.0
612132,,"Multi-States (Delhi,",Power Grid Corporation of India Limited [POWERGRID],2000.0,18.0,0,0.0
612133,,Multi-States,Power Grid Corporation of India Limited [POWERGRID],,,0,
612134,,Rajasthan,Power Grid Corporation of India Limited [POWERGRID],2998.34,3.0,1,58.12082685752783
612135,,Maharashtra,"Indian Institute of Technology, Bombay",182.33,40.0,0,0.0
612138,,Multi-States,Power Grid Corporation of India Limited [POWERGRID],,,0,
612139,,Gujarat,Power Grid Corporation of India Limited [POWERGRID],3751.82,6.0,1,12.771934687698232
612140,,Karnataka,Power Grid Corporation of India Limited [POWERGRID],2889.39,24.0,1,53.83869951789133
612142,,Uttar Pradesh,National Thermal Power Corporation [NTPC],17195.0,71.0,0,0.0
612151,,Gujarat,Power Grid Corporation of India Limited [POWERGRID],334.0,3.0,0,0.0
612167,,Andhra Pradesh,Employee's State Insurance Company [ESIC],384.27,30.0,0,0.0
612178,,Tamil Nadu,Employee's State Insurance Company [ESIC],152.95,27.0,0,0.0
612183,,Bihar,Airport Authority of India [AAI],1413.0,30.0,0,0.0
612185,,Gujarat,Employee's State Insurance Company [ESIC],209.36,51.0,0,0.0
612186,,Gujarat,Employee's State Insurance Company [ESIC],558.12,35.0,0,0.0
612188,,Maharashtra,Employee's State Insurance Company [ESIC],429.25,30.0,0,0.0
612194,,Bihar,Airport Authority of India [AAI],911.66,18.0,0,0.0
612201,,Assam,Employee's State Insurance Company [ESIC],143.23,42.0,0,0.0
612203,,Maharashtra,"Indian Institute of Technology, Bombay",263.93,8.0,1,288.13235294117646
612211,,Gujarat,Employee's State Insurance Company [ESIC],205.87,24.0,0,0.0
612213,,Maharashtra,Employee's State Insurance Company [ESIC],194.93,36.0,0,0.0
612239,,Jammu and Kashmir,Employee's State Insurance Company [ESIC],131.05,33.0,0,0.0
612259,,Uttarakhand,Employee's State Insurance Company [ESIC],102.4,34.0,0,0.0
612513,,Odisha,Employee's State Insurance Company [ESIC],164.6,28.0,0,0.0
612688,,Telangana,Employee's State Insurance Company [ESIC],211.13,32.0,0,0.0
612745,,Karnataka,Employee's State Insurance Company [ESIC],278.0,27.0,0,0.0
612748,,Karnataka,Employee's State Insurance Company [ESIC],150.92,23.0,0,0.0
612781,,West Bengal,Steel Authority of India Limited [SAIL],916.78,36.0,0,0.0
612786,,Andhra Pradesh,Airport Authority of India [AAI],265.91,2.0,0,0.0
612787,,Karnataka,Airport Authority of India [AAI],320.47,2.0,0,0.0
612788,,Karnataka,Airport Authority of India [AAI],322.45,0.0,0,0.0
612789,,Kerala,Airport Authority of India [AAI],484.57,6.0,0,0.0
612790,,Karnataka,Mangalore Refinary and Petrochemicals Limited,385.0,0.0,0,0.0
612791,,West Bengal,Airport Authority of India [AAI],328.3,18.0,0,0.0
612793,,Sikkim,Airport Authority of India [AAI],323.26,26.0,0,0.0
612815,,Chhattisgarh,South East Central Railway [SECR] - II,170.49,34.0,0,0.0
612816,,West Bengal,Eastern Coal Fields Limited [ECL],929.1,75.0,0,0.0
612819,,Rajasthan,NLC India Limited [NLCIL],1813.0,12.0,0,0.0
612827,,Andhra Pradesh,East Coast Railway [ECoR] - II,183.65,35.0,0,0.0
612834,,Odisha,East Coast Railway [ECoR] - II,252.0,32.0,0,0.0
612838,,Gujarat,SECL - CIL,7580.0,98.0,0,0.0
612845,,(-) (-),Central Railway [CR] - II,955.39,30.0,0,0.0
612851,,Delhi,Ministry of Education,333.49,34.0,0,0.0
612853,,Multi-States,Gas Authority of India Limited [GAIL],,,0,
612855,,Gujarat,Power Grid Corporation of India Limited [POWERGRID],679.0,-3.0,1,2.6509572901325478
612856,,Andhra Pradesh,Power Grid Corporation of India Limited [POWERGRID],163.61,2.0,0,0.0
612876,,Mizoram,Ministry of Education,474.23,0.0,0,0.0
612877,,Puducherry,"National Institute of Technology, Puducherry",544.34,8.0,0,0.0
612878,,(-) (-),Bengaluru Metro Rail,,,0,
612883,,Sikkim,Ministry of Education,610.76,-14.0,0,0.0
612885,,Meghalaya,"National Institute of Technology, Meghalaya",494.52,40.0,0,0.0
612894,,Himachal Pradesh,"Central University, Himachal Pradesh",300.45,12.0,0,0.0
612898,,Arunachal Pradesh,"National Institute of Technology, Arunachal Pradesh",592.61,161.0,0,0.0
612916,,Gujarat,Gujarat,490.63,12.0,0,0.0
612998,,Punjab,Ministry of Petroleum and Natural Gas,397.0,15.0,0,0.0
613002,,Tamil Nadu,WR,842.0,41.0,0,0.0
613003,,Chhattisgarh,CERL,1686.26,49.0,0,0.0
613008,,Andhra Pradesh,Central Tribal University of Andhra Pradesh,305.0,42.0,0,0.0
613013,,Nagaland,NIT Nagaland,275.63,159.0,0,0.0
613015,,Maharashtra,Ministry of Railways,1813.0,44.0,0,0.0
613785,,Delhi,Ministry of Railways,4744.0,54.0,0,0.0
613786,,Gujarat,Ministry of Railways,2379.0,52.0,0,0.0
613787,,Uttarakhand,Irrigation-UK,2584.1,74.0,0,0.0
613788,,Assam,Northeast Frontier Railway [NFR],1473.77,,0,-100.0
613793,,West Bengal,Eastern Coal Fields Limited [ECL],483.65,71.0,0,0.0
613794,,West Bengal,Eastern Coal Fields Limited [ECL],389.1,62.0,0,0.0
613795,,Chhattisgarh,SECL - CIL,278.64,3.0,0,0.0
613798,,Chhattisgarh,South Eastern Coalfields Limited [SECL],335.97,133.0,0,0.0
613799,,Chhattisgarh,South Eastern Coalfields Limited [SECL],316.11,128.0,0,0.0
613800,,Chhattisgarh,South Eastern Coalfields Limited [SECL],459.49,12.0,0,0.0
613801,,Chhattisgarh,South Eastern Coalfields Limited [SECL],410.26,94.0,0,0.0
613802,,Madhya Pradesh,South Eastern Coalfields Limited [SECL],371.04,135.0,0,0.0
613803,,Madhya Pradesh,South Eastern Coalfields Limited [SECL],366.94,26.0,0,0.0
613804,,Madhya Pradesh,WCL - CIL,314.09,63.0,0,0.0
613808,,Jharkhand,Ministry of Coal,339.87,152.0,0,0.0
615183,,Multi-States,Northern Coalfields Limited [NCL],,,0,
615184,,Maharashtra,Western Coalfields Limited [WCL],228.64,74.0,0,0.0
615185,,Madhya Pradesh,Western Coalfields Limited [WCL],399.2,54.0,0,0.0
615186,,Maharashtra,Western Coalfields Limited [WCL],319.04,67.0,0,0.0
615187,,Madhya Pradesh,Western Coalfields Limited [WCL],220.62,76.0,0,0.0
615188,,Maharashtra,Western Coalfields Limited [WCL],402.27,54.0,0,0.0
615189,,Maharashtra,Western Coalfields Limited [WCL],361.87,45.0,0,0.0
615190,,Maharashtra,Western Coalfields Limited [WCL],335.75,82.0,0,0.0
615191,,Chhattisgarh,South Eastern Coalfields Limited [SECL],329.21,74.0,0,0.0
615192,,Maharashtra,Western Coalfields Limited [WCL],309.58,59.0,0,0.0
615193,,Odisha,Mahanadi Coalfields Limited (MCL,479.15,58.0,0,0.0
615194,,Madhya Pradesh,Western Coalfields Limited [WCL],206.88,98.0,0,0.0
615195,,Madhya Pradesh,Western Coalfields Limited [WCL],166.25,54.0,0,0.0
615199,,Maharashtra,Western Coalfields Limited [WCL],198.71,42.0,0,0.0
615202,,Chhattisgarh,National Mineral Development Corporation Limited [NMDC],1756.2,-9.0,0,0.0
615206,,Madhya Pradesh,Western Coalfields Limited [WCL],414.15,79.0,0,0.0
615327,,Tamil Nadu,NLC India Limited [NLCIL],218.03,6.0,0,0.0
615330,,Maharashtra,Western Coalfields Limited [WCL],360.81,75.0,0,0.0
615331,,Maharashtra,Western Coalfields Limited [WCL],497.41,77.0,0,0.0
615332,,Rajasthan,Power Grid Corporation of India Limited [POWERGRID],3279.0,24.0,0,0.0
615333,,Multi-States,Power Grid Corporation of India Limited [POWERGRID],,,0,
615334,,Multi-States,Power Grid Corporation of India Limited [POWERGRID],,,0,
615335,,Rajasthan,Power Grid Corporation of India Limited [POWERGRID],1382.0,24.0,0,0.0
615336,,(-) (-),Power Grid Corporation of India Limited [POWERGRID],284.0,16.0,0,0.0
615337,,Rajasthan,Power Grid Corporation of India Limited [POWERGRID],369.0,18.0,0,0.0
615338,,Rajasthan,Power Grid Corporation of India Limited [POWERGRID],2735.0,24.0,0,0.0
615339,,Multi-States,Power Grid Corporation of India Limited [POWERGRID],,,0,
615340,,Multi-States,Power Grid Corporation of India Limited [POWERGRID],,,0,
615342,,Gujarat,Power Grid Corporation of India Limited [POWERGRID],329.0,21.0,0,0.0
615343,,Gujarat,Power Grid Corporation of India Limited [POWERGRID],501.0,24.0,0,0.0
615344,,Madhya Pradesh,Power Grid Corporation of India Limited [POWERGRID],3674.0,24.0,0,0.0
615345,,Gujarat,Power Grid Corporation of India Limited [POWERGRID],4766.0,24.0,0,0.0
615346,,Madhya Pradesh,Power Grid Corporation of India Limited [POWERGRID],2708.0,24.0,0,0.0
615347,,Multi-States,Power Grid Corporation of India Limited [POWERGRID],,,0,
615349,,Jharkhand,Ministry of Coal,230.41,88.0,0,0.0
615818,,Telangana,Singareni Collieries Company Limited [SCCL],297.88,24.0,0,0.0
615820,,Assam,MIS MoCoal Integration Logins,159.77,108.0,0,0.0
615821,,Assam,MIS MoCoal Integration Logins,289.46,96.0,0,0.0
615822,,Jharkhand,Ministry of Coal,222.82,94.0,0,0.0
615843,,Jharkhand,Ministry of Coal,243.52,24.0,0,0.0
615857,,Odisha,Singareni Collieries Company Limited [SCCL],494.3,72.0,0,0.0
615858,,Telangana,Singareni Collieries Company Limited [SCCL],384.32,106.0,0,0.0
615859,,Telangana,Singareni Collieries Company Limited [SCCL],413.84,106.0,0,0.0
615860,,Telangana,Singareni Collieries Company Limited [SCCL],607.04,12.0,0,0.0
615861,,Telangana,Singareni Collieries Company Limited [SCCL],424.81,12.0,0,0.0
615862,,Telangana,Singareni Collieries Company Limited [SCCL],345.6,55.0,0,0.0
615863,,Telangana,Singareni Collieries Company Limited [SCCL],484.5,69.0,0,0.0
615864,,Telangana,Singareni Collieries Company Limited [SCCL],489.62,129.0,0,0.0
615865,,Telangana,Singareni Collieries Company Limited [SCCL],442.42,12.0,0,0.0
615914,,Maharashtra,Western Coalfields Limited [WCL],184.71,96.0,0,0.0
615915,,(-) (-),CAO/C/SER,244.99,27.0,0,0.0
615916,,Maharashtra,Western Coalfields Limited [WCL],1225.21,71.0,0,0.0
615917,,Maharashtra,Western Coalfields Limited [WCL],973.07,69.0,0,0.0
615918,,Maharashtra,Western Coalfields Limited [WCL],405.2,66.0,0,0.0
615919,,Maharashtra,Western Coalfields Limited [WCL],1024.91,69.0,0,0.0
615982,,Maharashtra,Western Coalfields Limited [WCL],319.75,48.0,0,0.0
616044,,Maharashtra,Western Coalfields Limited [WCL],237.06,60.0,0,0.0
616050,,Maharashtra,Western Coalfields Limited [WCL],235.9,24.0,0,0.0
616221,,(-) (-),Noida Metro Rail Corporation Ltd. [NMRCL],2254.35,48.0,0,0.0
616223,,Maharashtra,Western Coalfields Limited [WCL],316.0,24.0,0,0.0
616225,,Jharkhand,Eastern Coal Fields Limited [ECL],979.08,159.0,0,0.0
616226,,Odisha,Mahanadi Coalfields Limited (MCL,3563.5,119.0,0,0.0
616227,,Multi-States,CAO/C/SER,,,0,
616229,,Maharashtra,Western Coalfields Limited [WCL],668.54,66.0,0,0.0
616230,,West Bengal,Eastern Coal Fields Limited [ECL],1193.55,148.0,0,0.0
616231,,Odisha,Mahanadi Coalfields Limited (MCL,5366.27,108.0,0,0.0
616232,,Odisha,Mahanadi Coalfields Limited (MCL,1561.85,76.0,0,0.0
616233,,Odisha,Mahanadi Coalfields Limited (MCL,978.44,83.0,0,0.0
616234,,Chhattisgarh,South Eastern Coalfields Limited [SECL],1725.04,125.0,0,0.0
616235,,Andhra Pradesh,Ministry of Petroleum & Natural Gas,240.0,0.0,0,0.0
616236,,Jharkhand,CCL - CIL,414.37,109.0,0,0.0
616253,,Jharkhand,Ministry of Coal,5850.83,60.0,0,0.0
616254,,Multi-States,Ministry of Petroleum and Natural Gas,,,0,
616586,,Odisha,CAO/C/SER,2269.49,51.0,0,0.0
616587,,Odisha,CAO/C/SER,1875.72,51.0,0,0.0
616588,,Multi-States,South Eastern Railway [SER] - I,,,0,
616594,,Uttar Pradesh,National Mission for Clean Ganga,842.25,8.0,0,0.0
616600,,Bihar,National Mission for Clean Ganga,413.29,10.0,0,0.0
616604,,West Bengal,National Mission for Clean Ganga,154.73,9.0,0,0.0
616605,,Uttar Pradesh,National Mission for Clean Ganga,690.71,29.0,0,0.0
616611,,Bihar,National Mission for Clean Ganga,824.0,77.0,0,0.0
616612,,Bihar,National Mission for Clean Ganga,578.89,77.0,0,0.0
616615,,Bihar,National Mission for Clean Ganga,230.06,8.0,0,0.0
616616,,Bihar,National Mission for Clean Ganga,305.19,6.0,0,0.0
616670,,Multi-States,Power Grid Corporation of India Limited [POWERGRID],,,0,
616671,,Tamil Nadu,Power Grid Corporation of India Limited [POWERGRID],548.0,0.0,0,0.0
616672,,Karnataka,Power Grid Corporation of India Limited [POWERGRID],1354.0,29.0,0,0.0
616691,,Maharashtra,Employee's State Insurance Company [ESIC],260.13,194.0,0,0.0
616694,,Odisha,East Coast Railway [ECoR] - II,200.77,33.0,0,0.0
616695,,Odisha,East Coast Railway [ECoR] - II,300.15,43.0,0,0.0
616696,,Rajasthan,North Western Railway [NWR],254.06,48.0,0,0.0
616697,,Andhra Pradesh,East Coast Railway [ECoR] - II,154.28,27.0,0,0.0
616699,,Multi-States,East Central Railway [ECR] - I,12333.57,55.0,0,0.0
616701,,Multi-States,Northeast Frontier Railway [NFR],2123.7,34.0,0,0.0
616702,,Multi-States,Indian Railways,,,0,
616839,,(-) (-),Indian Railway,1165.89,44.0,0,0.0
616840,,Rajasthan,North Western Railway [NWR],947.0,49.0,0,0.0
616841,,Rajasthan,North Western Railway [NWR],799.64,34.0,0,0.0
616842,,Multi-States,North Western Railway [NWR],,,0,
616843,,Rajasthan,North Western Railway [NWR],1634.79,40.0,0,0.0
616856,,Telangana,South Central Railway [SCR] - II,770.12,48.0,0,0.0
616857,,Multi-States,South Central Railway [SCR] - II,,,0,
616858,,Assam,Ministry of Petroleum & Natural Gas,430.76,21.0,0,0.0
616879,,Karnataka,Ministry of Petroleum & Natural Gas,364.0,0.0,0,0.0
616886,,Delhi,Delhi University,373.0,21.0,0,0.0
616933,,Maharashtra,Ministry of Petroleum and Natural Gas,4679.0,0.0,0,0.0
616950,,Offshore,Ministry of Petroleum & Natural Gas,1486.4,0.0,0,0.0
616983,,(-) (-),Ministry of Railways-,467.58,47.0,0,0.0
617068,,Karnataka,Power Grid Corporation of India Limited [POWERGRID],288.0,28.0,0,0.0
617069,,Gujarat,Power Grid Corporation of India Limited [POWERGRID],466.0,24.0,0,0.0
617179,,Jammu and,Power Grid Corporation of India Limited [POWERGRID],218.6,24.0,0,0.0
617181,,Rajasthan,Power Grid Corporation of India Limited [POWERGRID],404.0,21.0,0,0.0
617182,,Gujarat,Power Grid Corporation of India Limited [POWERGRID],172.0,24.0,0,0.0
617183,,Andhra Pradesh,Power Grid Corporation of India Limited [POWERGRID],2886.0,33.0,0,0.0
617184,,Karnataka,Power Grid Corporation of India Limited [POWERGRID],3453.0,30.0,0,0.0
617185,,Multi-States,Power Grid Corporation of India Limited [POWERGRID],,,0,
617186,,Multi-States,Power Grid Corporation of India Limited [POWERGRID],,,0,
617188,,Chhattisgarh,National Thermal Power Corporation [NTPC],9791.0,60.0,0,0.0
617200,,Chhattisgarh,CAO/C/SECR,7853.84,71.0,0,0.0
617201,,Maharashtra,South East Central Railway,4373.04,60.0,0,0.0
617206,,"Multi-States (Delhi,",Delhi Metro Rail Corporation Limited [DMRC],6230.99,48.0,0,0.0
617207,,Delhi,Delhi Metro Rail Corporation Limited [DMRC],8399.81,60.0,0,0.0
617210,,Andhra Pradesh,South Central Railway [SCR] - II,1215.56,47.0,0,0.0
617211,,Multi-States,South Central Railway [SCR] - II,,,0,
617212,,Multi-States,South Central Railway [SCR] - II,,,0,
617213,,Uttar Pradesh,Northern Railways,2464.46,48.0,0,0.0
617214,,Multi-States,South Central Railway [SCR] - II,,,0,
617215,,Maharashtra,South Central Railway [SCR] - II,769.93,51.0,0,0.0
617216,,Andhra Pradesh,South Central Railway [SCR] - II,877.34,29.0,0,0.0
617221,,Punjab,Central University of Punjab,210.99,30.0,0,0.0
617224,,Multi-States,NER,,,0,
617225,,Maharashtra,Maharashtra Metro Rail Corporation Limited [MMRCL],910.18,39.0,0,0.0
617226,,Maharashtra,Maharashtra Metro Rail Corporation Limited [MMRCL],2954.53,54.0,0,0.0
617231,,Bihar,East Central Railway [ECR] - I,611.74,48.0,0,0.0
617233,,Maharashtra,Western Coalfields Limited [WCL],379.3,62.0,0,0.0
617239,,(-) (-),East Central Railway [ECR] - I,4079.95,48.0,0,0.0
617240,,Multi-States,Eastern Railway [ER] - II ,,,0,
617242,,West Bengal,Steel Authority of India Limited [SAIL],2115.44,32.0,0,0.0
617243,,Chhattisgarh,Steel Authority of India Limited [SAIL],198.62,23.0,0,0.0
617245,,"Multi-States (Bihar, West",Northeast Frontier Railway [NFR],,,0,
617246,,West Bengal,Steel Authority of India Limited [SAIL],758.09,20.0,0,0.0
617248,,West Bengal,Steel Authority of India Limited [SAIL],227.96,19.0,0,0.0
617249,,Jharkhand,Steel Authority of India Limited [SAIL],211.94,23.0,0,0.0
617250,,Jharkhand,Steel Authority of India Limited [SAIL],207.13,20.0,0,0.0
617251,,West Bengal,Steel Authority of India Limited [SAIL],196.4,17.0,0,0.0
617252,,Uttar Pradesh,Construction NER,958.27,52.0,0,0.0
617253,,Jharkhand,Steel Authority of India Limited [SAIL],513.82,4.0,0,0.0
617254,,Jharkhand,Steel Authority of India Limited [SAIL],260.37,26.0,0,0.0
617255,,Chhattisgarh,Steel Authority of India Limited [SAIL],471.83,30.0,0,0.0
617256,,Chhattisgarh,Steel Authority of India Limited [SAIL],884.1,21.0,0,0.0
617257,,Jharkhand,Steel Authority of India Limited [SAIL],627.31,35.0,0,0.0
617269,,Uttar Pradesh,Power Grid Corporation of India Limited [POWERGRID],212.81,18.0,0,0.0
617270,,Multi-States,Power Grid Corporation of India Limited [POWERGRID],,,0,
617271,,Multi-States,Power Grid Corporation of India Limited [POWERGRID],,,0,
617272,,Haryana,Power Grid Corporation of India Limited [POWERGRID],370.0,30.0,0,0.0
617278,,Maharashtra,Western Coalfields Limited [WCL],630.37,61.0,0,0.0
617279,,Madhya Pradesh,Power Grid Corporation of India Limited [POWERGRID],558.0,30.0,0,0.0
617280,,West Bengal,Central Public Works Department (CPWD,255.37,78.0,0,0.0
617282,,Delhi,Central Public Works Department [CPWD],646.52,3.0,0,0.0
617284,,Uttar Pradesh,North Central Railway,1423.96,38.0,0,0.0
617287,,Chhattisgarh,SECL - CIL,4516.88,64.0,0,0.0
617288,,Chhattisgarh,South Eastern Coalfields Limited [SECL],382.61,50.0,0,0.0
617290,,Odisha,Indian Railways,2343.64,154.0,0,0.0
617299,,Gujarat,NLC India Limited [NLCIL],383.84,7.0,0,0.0
617302,,West Bengal,Ministry of Petroleum & Natural Gas,2493.15,60.0,0,0.0
617303,,Bihar,Ministry of Petroleum & Natural Gas,163.0,0.0,0,0.0
617304,,Bihar,MinistryofPetroleumNaturalGas,340.15,0.0,0,0.0
617320,,Odisha,Indian Railway and Govt of Odisha,747.91,36.0,0,0.0
617321,,Offshore,Ministry of Railways,150000.0,120.0,0,0.0
617322,,West Bengal,Eastern Railway [ER] - I,350.46,0.0,0,0.0
617326,,Jharkhand,Power Grid Corporation of India Limited [POWERGRID],1842.25,169.0,0,0.0
617327,,Maharashtra,Maharashtra Metro Rail Corporation Limited [MMRCL],12200.1,60.0,0,0.0
617333,,Uttar Pradesh,East Central Railway [ECR] - I,199.96,33.0,0,0.0
617338,,01/2025,Steel Authority of India Limited [SAIL],2518.39,41.0,0,0.0
617345,,West Bengal,South Eastern Railway - JH,226.87,22.0,0,0.0
617361,,Maharashtra,Central Railway (CR) - II,362.81,41.0,0,0.0
617364,,Maharashtra,Central Railway (CR) - II,338.33,42.0,0,0.0
617370,,Uttar Pradesh,M/S SRC company Infra Private Limited,180.66,23.0,0,0.0
617372,,Jharkhand,East Central Railway [ECR] - I,349.22,37.0,0,0.0
617373,,Bihar,East Central Railway [ECR] - I,588.18,48.0,0,0.0
617374,,Chhattisgarh,Rail Vikas Nigam Limited,1516.45,184.0,0,0.0
617375,,Arunachal Pradesh,Power Grid Corporation of India Limited [POWERGRID],209.38,30.0,0,0.0
617379,,Delhi,Northern Railways,446.21,84.0,0,0.0
617390,,"Multi-States (Chhattisgarh,",SECR,,,0,
617391,,Gujarat,Power Grid Corporation of India Limited [POWERGRID],488.29,21.0,0,0.0
617403,,Rajasthan,North Western Railway [NWR],468.64,29.0,0,0.0
617404,,Rajasthan,North Western Railway [NWR],189.21,35.0,0,0.0
617405,,Gujarat,Adani Transmission Limited,4000.0,24.0,0,0.0
617406,,Multi-States (Madhya,North Western Railway [NWR],,,0,
617408,,Rajasthan,North Western Railway [NWR],166.33,35.0,0,0.0
617409,,Telangana,South Central Railway [SCR] - II,521.36,46.0,0,0.0
617412,,Telangana,Central Public Works Department - CPWD,644.0,34.0,0,0.0
617413,,"Multi-States (Andhra Pradesh,",Department of Telecommunications [DoT],,,0,
617416,,Jharkhand,Bharat Coking Coal Limited (BCCL,5940.47,41.0,0,0.0
617422,,Maharashtra,Department of Water Resources-MH,1923.81,126.0,0,0.0
617727,,(-) (-),NICDC,2786.0,36.0,0,0.0
617729,,(-) (-),NICDC,2136.0,36.0,0,0.0
617730,,Gujarat,NLC India Limited [NLCIL],3335.85,24.0,0,0.0
617764,,(-) (-),NLC India Limited [NLCIL],1354.2,63.0,0,0.0
617801,,Gujarat,Power Grid Corporation of India Limited [POWERGRID],581.74,21.0,0,0.0
617802,,Madhya Pradesh,Power Grid Corporation of India Limited [POWERGRID],319.0,29.0,0,0.0
617803,,Karnataka,Power Grid Corporation of India Limited [POWERGRID],379.0,24.0,0,0.0
617804,,Karnataka,New Mangalore Port Authority,153.23,33.0,0,0.0
617806,,"Multi-States (Andhra Pradesh,",Sterlite Power,,,0,
617807,,"Multi-States (Bihar, Uttar",Power Grid Corporation of India Limited [POWERGRID],,,0,
617808,,"Multi-States (Karnataka,",Power Grid Corporation of India Limited [POWERGRID],,,0,
617818,,Odisha,Ministry of Petroleum & Natural Gas,514.91,96.0,0,0.0
617819,,Chhattisgarh,Ministry of Petroleum & Natural Gas,557.04,96.0,0,0.0
617822,,Telangana,MinistryofPetroleumNaturalGas,215.0,30.0,0,0.0
617824,,Bihar,East Central Railway (ECR) - II,2017.38,48.0,0,0.0
617827,,Assam,Ministry of Petroleum & Natural Gas,680.0,60.0,0,0.0
617828,,West Bengal,Indian Oil Corporation Limited (IOCL,267.0,54.0,0,0.0
617829,,Mizoram,Ministry of Petroleum & Natural Gas,225.71,40.0,0,0.0
617830,,Madhya Pradesh,Ministry of Petroleum & Natural Gas,1792.0,32.0,0,0.0
617832,,Jharkhand,East Central Railway [ECR] - I,2887.11,54.0,0,0.0
617836,,Assam,Ministry of Petroleum & Natural Gas,635.28,36.0,0,0.0
617837,,West Bengal,Ministry of Petroleum & Natural Gas,484.0,49.0,0,0.0
617838,,Kerala,Ministry of Petroleum & Natural Gas,1130.0,47.0,0,0.0
617839,,Gujarat,Ministry of Petroleum & Natural Gas,356.86,38.0,0,0.0
617877,,Chhattisgarh,"Indian Institute of Technology, Bhilai",1188.97,40.0,0,0.0
617878,,Kerala,INDIAN INSTITUTE OF TECHNOLOGY PALAKKAD,1527.0,33.0,0,0.0
617880,,(-) (-),Western Railway [WR] - II,2526.47,36.0,0,0.0
617882,,Delhi,PMSSY AND Institute of NATIONAL Importance,358.19,12.0,0,0.0
617883,,Delhi,PMSSY AND Institute of NATIONAL Importance,4441.0,60.0,0,0.0
617885,,Meghalaya,MoRTH,302.88,18.0,0,0.0
617886,,Nagaland,MoRTH,252.2,24.0,0,0.0
617887,,Rajasthan,MoRTH,379.23,24.0,0,0.0
617888,,Uttarakhand,MoRTH,192.54,12.0,0,0.0
617889,,Uttarakhand,MoRTH,192.22,12.0,0,0.0
617890,,Uttarakhand,MoRTH,220.89,23.0,0,0.0
617891,,Rajasthan,MoRTH,186.29,18.0,0,0.0
617892,,Arunachal Pradesh,MoRTH,450.65,36.0,0,0.0
617893,,West Bengal,MoRTH,304.83,30.0,0,0.0
617894,,West Bengal,MoRTH,410.83,24.0,0,0.0
617895,,Assam,MoRTH,535.03,24.0,0,0.0
617896,,Assam,MoRTH,421.15,18.0,0,0.0
617897,,Bihar,MoRTH,295.24,24.0,0,0.0
617898,,Odisha,MoRTH,199.5,30.0,0,0.0
617899,,Odisha,MoRTH,636.1,24.0,0,0.0
617900,,Rajasthan,MoRTH,150.11,24.0,0,0.0
617901,,Rajasthan,MoRTH,194.88,24.0,0,0.0
617902,,Odisha,MoRTH,168.95,24.0,0,0.0
617904,,Odisha,MoRTH,238.78,30.0,0,0.0
617905,,Odisha,MoRTH,324.09,24.0,0,0.0
617906,,Gujarat,MoRTH,246.6,35.0,0,0.0
617907,,Andhra Pradesh,MoRTH,436.09,24.0,0,0.0
617908,,Chhattisgarh,MoRTH,161.96,24.0,0,0.0
617909,,Madhya Pradesh,MoRTH,648.05,24.0,0,0.0
617911,,Madhya Pradesh,MoRTH,511.83,23.0,0,0.0
617912,,Maharashtra,MoRTH,619.55,24.0,0,0.0
617913,,Telangana,MoRTH,283.15,24.0,0,0.0
617914,,Madhya Pradesh,MoRTH,241.23,23.0,0,0.0
617915,,Madhya Pradesh,MoRTH,329.14,24.0,0,0.0
617916,,Gujarat,MoRTH,1295.39,30.0,0,0.0
617917,,Maharashtra,MoRTH,478.83,24.0,0,0.0
617918,,Odisha,MoRTH,174.21,18.0,0,0.0
617919,,Chhattisgarh,MoRTH,349.03,24.0,0,0.0
617920,,Odisha,MoRTH,511.54,24.0,0,0.0
617921,,Odisha,MoRTH,499.79,24.0,0,0.0
617922,,Odisha,MoRTH,587.1,30.0,0,0.0
617923,,Odisha,MoRTH,155.97,24.0,0,0.0
617924,,Odisha,MoRTH,300.33,23.0,0,0.0
617925,,Odisha,MoRTH,157.49,18.0,0,0.0
617926,,Gujarat,MoRTH,398.4,24.0,0,0.0
617927,,Gujarat,MoRTH,699.19,11.0,0,0.0
617928,,Gujarat,MoRTH,151.13,24.0,0,0.0
617929,,Uttarakhand,MoRTH,247.41,24.0,0,0.0
617930,,Odisha,MoRTH,196.94,24.0,0,0.0
617931,,West Bengal,MoRTH,155.87,24.0,0,0.0
617932,,Maharashtra,MoRTH,496.64,15.0,0,0.0
617933,,Maharashtra,MoRTH,984.07,29.0,0,0.0
617934,,Maharashtra,MoRTH,406.54,24.0,0,0.0
617935,,Karnataka,MoRTH,298.0,36.0,0,0.0
617936,,Telangana,MoRTH,253.99,24.0,0,0.0
617937,,(-) (-),MoRTH,809.77,24.0,0,0.0
617939,,Telangana,MoRTH,1297.75,24.0,0,0.0
617940,,Telangana,MoRTH,545.11,24.0,0,0.0
617941,,Goa,MoRTH,398.25,24.0,0,0.0
617942,,Goa,MoRTH,641.46,24.0,0,0.0
617943,,(-) (-),MoRTH,746.75,30.0,0,0.0
617944,,Maharashtra,MoRTH,680.43,30.0,0,0.0
617945,,Maharashtra,MoRTH,354.21,18.0,0,0.0
617946,,Maharashtra,MoRTH,1142.62,24.0,0,0.0
617947,,Maharashtra,MoRTH,1006.99,24.0,0,0.0
617948,,Maharashtra,MoRTH,1117.75,24.0,0,0.0
617949,,Andhra Pradesh,MoRTH,159.66,24.0,0,0.0
617950,,Karnataka,MoRTH,204.42,18.0,0,0.0
617951,,(-) (-),MoRTH,314.55,18.0,0,0.0
617954,,Karnataka,MoRTH,398.48,24.0,0,0.0
617955,,Karnataka,MoRTH,718.52,24.0,0,0.0
617957,,Uttar Pradesh,MoRTH,274.06,18.0,0,0.0
617958,,Bihar,MoRTH,566.1,24.0,0,0.0
617959,,Bihar,MoRTH,477.54,23.0,0,0.0
617960,,West Bengal,MoRTH,271.17,24.0,0,0.0
617961,,Bihar,MoRTH,1408.85,36.0,0,0.0
617962,,Tamil Nadu,MoRTH,238.97,23.0,0,0.0
617963,,Uttar Pradesh,MoRTH,296.02,24.0,0,0.0
617964,,Uttar Pradesh,MoRTH,309.63,24.0,0,0.0
617965,,Maharashtra,MoRTH,195.38,18.0,0,0.0
617966,,Bihar,MoRTH,780.77,36.0,0,0.0
617967,,Uttarakhand,MoRTH,251.88,30.0,0,0.0
617968,,Uttarakhand,MoRTH,418.89,24.0,0,0.0
617969,,Bihar,MoRTH,201.08,24.0,0,0.0
617970,,Uttarakhand,MoRTH,282.08,24.0,0,0.0
617971,,Chhattisgarh,MoRTH,322.4,24.0,0,0.0
617972,,Chhattisgarh,MoRTH,200.67,18.0,0,0.0
617973,,Chhattisgarh,MoRTH,188.8,18.0,0,0.0
617974,,Uttarakhand,MoRTH,344.73,30.0,0,0.0
617975,,Uttarakhand,MoRTH,237.79,24.0,0,0.0
617976,,Gujarat,MoRTH,530.2,24.0,0,0.0
617977,,Gujarat,MoRTH,211.28,24.0,0,0.0
617978,,Maharashtra,MoRTH,631.76,24.0,0,0.0
617979,,Maharashtra,MoRTH,533.76,24.0,0,0.0
617980,,Telangana,MoRTH,626.76,24.0,0,0.0
617981,,Telangana,MoRTH,359.0,24.0,0,0.0
617982,,Telangana,MoRTH,230.03,17.0,0,0.0
617983,,Telangana,MoRTH,317.19,24.0,0,0.0
617984,,Andhra Pradesh,MoRTH,317.22,24.0,0,0.0
617985,,Andhra Pradesh,MoRTH,529.54,24.0,0,0.0
617986,,Andhra Pradesh,MoRTH,292.63,24.0,0,0.0
617987,,Andhra Pradesh,MoRTH,691.81,24.0,0,0.0
617988,,Andhra Pradesh,MoRTH,776.17,24.0,0,0.0
617989,,Karnataka,MoRTH,157.32,30.0,0,0.0
617990,,Andhra Pradesh,MoRTH,242.0,21.0,0,0.0
617991,,Andhra Pradesh,MoRTH,290.15,24.0,0,0.0
617992,,Telangana,MoRTH,322.81,24.0,0,0.0
617993,,Telangana,MoRTH,220.28,18.0,0,0.0
617994,,Telangana,MoRTH,294.13,17.0,0,0.0
617995,,Telangana,MoRTH,300.0,24.0,0,0.0
617996,,Telangana,MoRTH,298.0,24.0,0,0.0
617997,,(-) (-),MoRTH,538.71,24.0,0,0.0
617998,,Karnataka,MoRTH,177.94,24.0,0,0.0
617999,,Karnataka,MoRTH,471.62,19.0,0,0.0
618000,,Karnataka,MoRTH,170.34,18.0,0,0.0
618001,,Telangana,MoRTH,216.53,24.0,0,0.0
618002,,Nagaland,MoRTH,192.93,24.0,0,0.0
618003,,Odisha,MoRTH,154.49,18.0,0,0.0
618004,,Bihar,MoRTH,179.86,18.0,0,0.0
618005,,Bihar,MoRTH,178.85,24.0,0,0.0
618006,,Bihar,MoRTH,369.77,30.0,0,0.0
618007,,Bihar,MoRTH,553.3,30.0,0,0.0
618008,,Uttar Pradesh,MoRTH,185.09,18.0,0,0.0
618009,,Uttar Pradesh,MoRTH,319.96,18.0,0,0.0
618010,,Punjab,MoRTH,546.67,18.0,0,0.0
618011,,Rajasthan,MoRTH,411.44,24.0,0,0.0
618012,,Odisha,MoRTH,186.52,24.0,0,0.0
618013,,Andhra Pradesh,MoRTH,1318.59,24.0,0,0.0
618014,,Chhattisgarh,MoRTH,199.05,17.0,0,0.0
618015,,Chhattisgarh,MoRTH,225.41,18.0,0,0.0
618016,,Chhattisgarh,MoRTH,397.44,24.0,0,0.0
618017,,Chhattisgarh,MoRTH,286.0,18.0,0,0.0
618018,,Chhattisgarh,MoRTH,351.19,18.0,0,0.0
618019,,Madhya Pradesh,MoRTH,365.21,24.0,0,0.0
618020,,Madhya Pradesh,MoRTH,386.49,24.0,0,0.0
618021,,Madhya Pradesh,MoRTH,425.97,-5.0,0,0.0
618022,,Gujarat,MoRTH,173.06,18.0,0,0.0
618023,,Punjab,MoRTH,152.58,18.0,0,0.0
618024,,Punjab,MoRTH,263.19,18.0,0,0.0
618025,,Telangana,MoRTH,192.67,18.0,0,0.0
618026,,Telangana,MoRTH,605.08,23.0,0,0.0
618027,,Karnataka,MoRTH,445.62,24.0,0,0.0
618028,,Karnataka,MoRTH,333.96,24.0,0,0.0
618029,,Karnataka,MoRTH,350.69,24.0,0,0.0
618030,,Karnataka,MoRTH,264.14,18.0,0,0.0
618031,,Karnataka,MoRTH,516.96,30.0,0,0.0
618033,,Arunachal Pradesh,MoRTH,496.47,36.0,0,0.0
618034,,Assam,MoRTH,173.65,18.0,0,0.0
618035,,Madhya Pradesh,MoRTH,275.4,18.0,0,0.0
618036,,Madhya Pradesh,MoRTH,315.55,24.0,0,0.0
618037,,Andhra Pradesh,MoRTH,439.82,24.0,0,0.0
618038,,Jammu and Kashmir,MoRTH,224.44,24.0,0,0.0
618039,,Uttarakhand,MoRTH,346.82,30.0,0,0.0
618040,,Uttarakhand,MoRTH,452.81,24.0,0,0.0
618041,,Uttarakhand,MoRTH,299.31,24.0,0,0.0
618042,,Maharashtra,MoRTH,163.86,18.0,0,0.0
618043,,Madhya Pradesh,MoRTH,492.12,30.0,0,0.0
618044,,(-) (-),MoRTH,851.4,24.0,0,0.0
618045,,Madhya Pradesh,MoRTH,179.18,18.0,0,0.0
618046,,Maharashtra,MoRTH,213.33,17.0,0,0.0
618047,,Maharashtra,MoRTH,657.16,24.0,0,0.0
618049,,Maharashtra,MoRTH,183.41,18.0,0,0.0
618050,,Himachal Pradesh,MoRTH,345.89,24.0,0,0.0
618051,,Himachal Pradesh,MoRTH,242.8,24.0,0,0.0
618052,,Andhra Pradesh,MoRTH,808.7,24.0,0,0.0
618053,,Andhra Pradesh,MoRTH,1019.97,24.0,0,0.0
618054,,Uttar Pradesh,MoRTH,515.69,18.0,0,0.0
618055,,Uttar Pradesh,MoRTH,225.17,17.0,0,0.0
618056,,Uttar Pradesh,MoRTH,509.65,18.0,0,0.0
618057,,Uttar Pradesh,MoRTH,189.31,18.0,0,0.0
618060,,Jharkhand,MoRTH,315.21,18.0,0,0.0
618061,,Maharashtra,MoRTH,386.16,18.0,0,0.0
618062,,Andhra Pradesh,MoRTH,244.83,18.0,0,0.0
618063,,Uttar Pradesh,MoRTH,262.37,18.0,0,0.0
618064,,Chhattisgarh,MoRTH,278.97,24.0,0,0.0
618065,,Maharashtra,MoRTH,316.44,18.0,0,0.0
618066,,Uttar Pradesh,MoRTH,283.86,24.0,0,0.0
618067,,Uttar Pradesh,MoRTH,1086.3,24.0,0,0.0
618068,,Madhya Pradesh,MoRTH,158.36,24.0,0,0.0
618069,,Rajasthan,MoRTH,334.64,24.0,0,0.0
618070,,Kerala,MoRTH,294.28,24.0,0,0.0
618071,,Sikkim,MoRTH,385.15,24.0,0,0.0
618072,,Nagaland,MoRTH,297.25,24.0,0,0.0
618073,,Bihar,MoRTH,226.16,15.0,0,0.0
618074,,Bihar,MoRTH,624.43,18.0,0,0.0
618075,,Uttar Pradesh,MoRTH,840.93,24.0,0,0.0
618076,,Meghalaya,MoRTH,504.0,24.0,0,0.0
618078,,Chhattisgarh,MoRTH,193.16,18.0,0,0.0
618079,,Odisha,MoRTH,172.66,18.0,0,0.0
618080,,Bihar,MoRTH,353.27,18.0,0,0.0
618081,,Uttar Pradesh,MoRTH,438.24,24.0,0,0.0
618082,,Uttar Pradesh,MoRTH,395.62,18.0,0,0.0
618083,,Jharkhand,MoRTH,458.78,24.0,0,0.0
618084,,Jharkhand,MoRTH,153.01,24.0,0,0.0
618085,,Madhya Pradesh,MoRTH,305.12,18.0,0,0.0
618086,,Karnataka,MoRTH,617.28,18.0,0,0.0
618087,,Karnataka,MoRTH,255.88,18.0,0,0.0
618088,,Maharashtra,MoRTH,325.79,18.0,0,0.0
618089,,Maharashtra,MoRTH,206.54,24.0,0,0.0
618090,,Maharashtra,MoRTH,545.64,24.0,0,0.0
618091,,Telangana,MoRTH,512.98,24.0,0,0.0
618092,,Rajasthan,MoRTH,606.61,24.0,0,0.0
618093,,Rajasthan,MoRTH,838.43,24.0,0,0.0
618094,,Maharashtra,MoRTH,369.39,18.0,0,0.0
618095,,Karnataka,MoRTH,196.05,18.0,0,0.0
618096,,Maharashtra,MoRTH,181.45,18.0,0,0.0
618097,,Maharashtra,MoRTH,407.2,24.0,0,0.0
618098,,Maharashtra,MoRTH,167.97,18.0,0,0.0
618099,,Maharashtra,MoRTH,164.13,18.0,0,0.0
618101,,Andhra Pradesh,MoRTH,881.61,24.0,0,0.0
618103,,Andhra Pradesh,MoRTH,279.29,18.0,0,0.0
618104,,Telangana,MoRTH,886.69,24.0,0,0.0
618105,,Telangana,MoRTH,631.49,24.0,0,0.0
618106,,Telangana,MoRTH,703.68,24.0,0,0.0
618107,,Gujarat,MoRTH,1155.21,30.0,0,0.0
618108,,Gujarat,MoRTH,237.28,24.0,0,0.0
618109,,Karnataka,MoRTH,355.72,24.0,0,0.0
618110,,Uttar Pradesh,MoRTH,307.11,18.0,0,0.0
618111,,Uttar Pradesh,MoRTH,403.36,18.0,0,0.0
618112,,Uttar Pradesh,MoRTH,912.5,18.0,0,0.0
618113,,Uttar Pradesh,MoRTH,587.97,18.0,0,0.0
618114,,(-) (-),MoRTH,1192.33,30.0,0,0.0
618116,,Uttar Pradesh,MoRTH,1679.75,24.0,0,0.0
618117,,Rajasthan,MoRTH,154.89,18.0,0,0.0
618118,,Rajasthan,MoRTH,174.34,17.0,0,0.0
618119,,Uttarakhand,MoRTH,472.23,30.0,0,0.0
618120,,Bihar,MoRTH,1060.16,24.0,0,0.0
618121,,Bihar,MoRTH,427.29,18.0,0,0.0
618122,,Odisha,MoRTH,172.09,24.0,0,0.0
618123,,Jharkhand,MoRTH,423.18,24.0,0,0.0
618124,,Uttar Pradesh,MoRTH,343.54,18.0,0,0.0
618125,,Andhra Pradesh,MoRTH,228.32,18.0,0,0.0
618126,,Bihar,MoRTH,479.37,24.0,0,0.0
618127,,Jharkhand,MoRTH,255.73,18.0,0,0.0
618129,,Madhya Pradesh,MoRTH,467.93,24.0,0,0.0
618130,,Telangana,MoRTH,490.92,24.0,0,0.0
618132,,Telangana,MoRTH,206.13,24.0,0,0.0
618133,,Maharashtra,MoRTH,280.57,23.0,0,0.0
618134,,Maharashtra,MoRTH,459.39,24.0,0,0.0
618136,,Maharashtra,MoRTH,224.44,19.0,0,0.0
618137,,Maharashtra,MoRTH,540.35,24.0,0,0.0
618138,,Maharashtra,MoRTH,349.57,18.0,0,0.0
618139,,Maharashtra,MoRTH,355.12,17.0,0,0.0
618140,,Telangana,MoRTH,445.76,23.0,0,0.0
618141,,Telangana,MoRTH,423.48,24.0,0,0.0
618142,,Telangana,MoRTH,244.54,24.0,0,0.0
618143,,Telangana,MoRTH,197.0,23.0,0,0.0
618144,,Karnataka,MoRTH,423.15,36.0,0,0.0
618145,,Andhra Pradesh,MoRTH,568.12,24.0,0,0.0
618146,,Bihar,MoRTH,495.16,18.0,0,0.0
618147,,Karnataka,MoRTH,166.58,18.0,0,
618148,,(-) (-),MoRTH,785.79,24.0,0,0.0
618149,,Karnataka,MoRTH,957.09,24.0,0,0.0
618151,,(-) (-),MoRTH,1084.29,36.0,0,0.0
618152,,Maharashtra,MoRTH,488.6,23.0,0,0.0
618153,,Maharashtra,MoRTH,653.46,24.0,0,0.0
618154,,Maharashtra,MoRTH,157.62,18.0,0,0.0
618155,,Maharashtra,MoRTH,396.17,18.0,0,0.0
618156,,Madhya Pradesh,MoRTH,492.66,24.0,0,0.0
618157,,Madhya Pradesh,MoRTH,348.06,18.0,0,0.0
618158,,Madhya Pradesh,MoRTH,416.96,24.0,0,0.0
618159,,Assam,MoRTH,382.1,18.0,0,0.0
618160,,Assam,MoRTH,1019.17,24.0,0,0.0
618161,,Andhra Pradesh,MoRTH,839.98,27.0,0,0.0
618162,,Uttar Pradesh,MoRTH,2008.7,24.0,0,0.0
618163,,Uttar Pradesh,MoRTH,809.25,18.0,0,0.0
618164,,Uttar Pradesh,MoRTH,1141.67,24.0,0,0.0
618165,,Uttar Pradesh,MoRTH,1156.72,23.0,0,0.0
618166,,Uttar Pradesh,MoRTH,697.66,24.0,0,0.0
618167,,Uttar Pradesh,MoRTH,264.86,12.0,0,0.0
618168,,Uttar Pradesh,MoRTH,917.91,24.0,0,0.0
618169,,Uttar Pradesh,MoRTH,640.18,24.0,0,0.0
618170,,Madhya Pradesh,MoRTH,214.07,18.0,0,0.0
618171,,Madhya Pradesh,MoRTH,352.69,24.0,0,0.0
618172,,Maharashtra,MoRTH,341.8,24.0,0,0.0
618173,,Maharashtra,MoRTH,381.77,24.0,0,0.0
618174,,Maharashtra,MoRTH,226.58,18.0,0,0.0
618175,,Maharashtra,MoRTH,428.8,24.0,0,0.0
618176,,Maharashtra,MoRTH,349.08,24.0,0,0.0
618177,,Maharashtra,MoRTH,227.19,18.0,0,0.0
618178,,Maharashtra,MoRTH,162.67,18.0,0,0.0
618179,,Maharashtra,MoRTH,181.58,18.0,0,0.0
618180,,Maharashtra,MoRTH,223.46,18.0,0,0.0
618181,,Maharashtra,MoRTH,153.79,18.0,0,0.0
618182,,Telangana,MoRTH,499.88,24.0,0,0.0
618183,,Telangana,MoRTH,399.01,24.0,0,0.0
618184,,Karnataka,MoRTH,313.56,24.0,0,0.0
618185,,Karnataka,MoRTH,394.95,24.0,0,0.0
618186,,Telangana,MoRTH,549.28,24.0,0,0.0
618187,,Uttar Pradesh,MoRTH,947.15,24.0,0,0.0
618188,,Maharashtra,MoRTH,253.78,18.0,0,0.0
618189,,Karnataka,MoRTH,613.65,24.0,0,0.0
618190,,Telangana,MoRTH,644.45,24.0,0,0.0
618191,,Andhra Pradesh,MoRTH,403.22,24.0,0,0.0
618192,,Andhra Pradesh,MoRTH,423.67,24.0,0,0.0
618193,,Andhra Pradesh,MoRTH,368.63,20.0,0,0.0
618194,,Andhra Pradesh,MoRTH,294.13,18.0,0,0.0
618196,,Telangana,MoRTH,578.85,24.0,0,0.0
618197,,Telangana,MoRTH,882.18,24.0,0,0.0
618198,,Maharashtra,MoRTH,388.93,24.0,0,0.0
618199,,Maharashtra,MoRTH,723.13,24.0,0,0.0
618200,,Rajasthan,MoRTH,317.74,18.0,0,0.0
618201,,Jammu and Kashmir,MoRTH,702.1,24.0,0,
618202,,Jammu and,MoRTH,,,0,
618203,,Jammu and,MoRTH,,,0,
618204,,Jammu and,MoRTH,,,0,
618205,,Jammu and,MoRTH,,,0,
618206,,Jammu and Kashmir,MoRTH,1404.94,30.0,0,
618207,,Uttarakhand,MoRTH,573.96,48.0,0,0.0
618208,,Uttarakhand,MoRTH,180.1,23.0,0,0.0
618209,,Uttarakhand,MoRTH,258.85,36.0,0,0.0
618210,,Uttarakhand,MoRTH,603.92,24.0,0,0.0
618211,,Uttarakhand,MoRTH,649.6,24.0,0,0.0
618212,,Uttarakhand,MoRTH,197.26,18.0,0,0.0
618213,,Uttarakhand,MoRTH,273.76,24.0,0,0.0
618214,,Uttarakhand,MoRTH,346.5,30.0,0,0.0
618215,,Himachal Pradesh,MoRTH,274.36,36.0,0,0.0
618216,,Himachal Pradesh,MoRTH,230.55,35.0,0,0.0
618217,,Himachal Pradesh,MoRTH,314.67,36.0,0,0.0
618218,,Uttarakhand,MoRTH,338.38,24.0,0,0.0
618219,,Uttarakhand,MoRTH,292.76,24.0,0,0.0
618220,,Jammu and,MoRTH,,,0,
618221,,Jammu and,MoRTH,,,0,
618222,,Jammu and,MoRTH,,,0,
618223,,Jammu and,MoRTH,,,0,
618224,,Jammu and,MoRTH,,,0,
618225,,Jammu and,MoRTH,,,0,
618226,,Jammu and,MoRTH,,,0,
618227,,West Bengal,MoRTH,995.04,30.0,0,0.0
618228,,Bihar,MoRTH,2926.42,42.0,0,0.0
618229,,Uttar Pradesh,MoRTH,211.09,18.0,0,0.0
618230,,Himachal Pradesh,MoRTH,314.32,30.0,0,0.0
618231,,Himachal Pradesh,MoRTH,371.93,30.0,0,0.0
618232,,Himachal Pradesh,MoRTH,251.62,30.0,0,0.0
618233,,Uttar Pradesh,MoRTH,1948.25,36.0,0,0.0
618234,,Bihar,MoRTH,1478.4,36.0,0,0.0
618235,,Rajasthan,MoRTH,278.1,18.0,0,0.0
618236,,Andhra Pradesh,MoRTH,316.06,24.0,0,0.0
618237,,Andhra Pradesh,MoRTH,263.45,24.0,0,0.0
618238,,Andhra Pradesh,MoRTH,350.61,18.0,0,0.0
618239,,Andhra Pradesh,MoRTH,445.22,24.0,0,0.0
618240,,Uttar Pradesh,MoRTH,236.47,18.0,0,0.0
618242,,Jharkhand,MoRTH,300.46,24.0,0,0.0
618243,,Uttar Pradesh,MoRTH,1138.72,24.0,0,0.0
618244,,Uttar Pradesh,MoRTH,1273.72,24.0,0,0.0
618246,,Bihar,MoRTH,1110.23,48.0,0,0.0
618247,,Uttar Pradesh,MoRTH,1708.62,36.0,0,0.0
618248,,Uttar Pradesh,MoRTH,1653.15,24.0,0,0.0
618249,,Uttar Pradesh,MoRTH,1511.57,24.0,0,0.0
618250,,Bihar,MoRTH,3064.45,42.0,0,0.0
618251,,Bihar,MoRTH,1661.25,30.0,0,0.0
618252,,Uttar Pradesh,MoRTH,974.19,30.0,0,0.0
618253,,(-) (-),MoRTH,870.95,36.0,0,0.0
618254,,Andhra Pradesh,MoRTH,244.43,18.0,0,0.0
618255,,Andhra Pradesh,MoRTH,361.24,24.0,0,0.0
618256,,Andhra Pradesh,MoRTH,311.22,24.0,0,0.0
618257,,Andhra Pradesh,MoRTH,349.29,24.0,0,0.0
618258,,Andhra Pradesh,MoRTH,296.66,24.0,0,0.0
618259,,Andhra Pradesh,MoRTH,222.61,24.0,0,0.0
618260,,Uttar Pradesh,MoRTH,1348.06,24.0,0,0.0
618262,,Uttar Pradesh,MoRTH,1734.7,23.0,0,0.0
618263,,Uttar Pradesh,MoRTH,701.02,18.0,0,0.0
618264,,Uttar Pradesh,MoRTH,2061.86,29.0,0,0.0
618265,,Uttar Pradesh,MoRTH,172.5,24.0,0,0.0
618266,,Uttar Pradesh,MoRTH,325.24,24.0,0,0.0
618267,,(-) (-),MoRTH,1590.2,24.0,0,0.0
618282,,Assam,NHIDCL,1264.9,30.0,0,0.0
618283,,Assam,NHIDCL,1000.27,30.0,0,0.0
618284,,Assam,NHIDCL,1457.59,36.0,0,0.0
618285,,Assam,NHIDCL,286.72,24.0,0,0.0
618286,,Assam,NHIDCL,746.76,36.0,0,0.0
618287,,Assam,NHIDCL,1338.61,30.0,0,0.0
618288,,Assam,NHIDCL,1081.15,30.0,0,0.0
618289,,Assam,NHIDCL,224.85,30.0,0,0.0
618290,,Nagaland,NHIDCL,202.36,18.0,0,0.0
618291,,Nagaland,NHIDCL,159.85,24.0,0,0.0
618292,,Nagaland,NHIDCL,277.44,24.0,0,0.0
618293,,Nagaland,NHIDCL,232.29,36.0,0,0.0
618294,,Meghalaya,NHIDCL,801.07,24.0,0,0.0
618295,,Meghalaya,NHIDCL,705.83,24.0,0,0.0
618296,,Nagaland,NHIDCL,330.8,24.0,0,0.0
618297,,Nagaland,NHIDCL,355.79,24.0,0,0.0
618298,,Manipur,NHIDCL,211.7,18.0,0,0.0
618299,,Manipur,NHIDCL,268.98,18.0,0,0.0
618300,,Manipur,NHIDCL,379.39,18.0,0,0.0
618301,,Manipur,NHIDCL,228.97,18.0,0,0.0
618302,,Manipur,NHIDCL,256.04,23.0,0,0.0
618303,,Manipur,NHIDCL,222.77,23.0,0,0.0
618304,,Manipur,NHIDCL,164.89,18.0,0,0.0
618305,,Manipur,NHIDCL,554.66,24.0,0,0.0
618306,,Manipur,NHIDCL,564.05,22.0,0,0.0
618307,,Tripura,NHIDCL,456.88,24.0,0,0.0
618308,,Assam,NHIDCL,676.18,30.0,0,0.0
618309,,Assam,NHIDCL,1319.55,24.0,0,0.0
618310,,Assam,NHIDCL,791.79,24.0,0,0.0
618311,,Assam,NHIDCL,870.0,24.0,0,0.0
618312,,Assam,NHIDCL,1258.13,30.0,0,0.0
618313,,Assam,NHIDCL,1181.55,24.0,0,0.0
618314,,Assam,NHIDCL,1716.21,30.0,0,0.0
618315,,Assam,NHIDCL,1256.9,30.0,0,0.0
618316,,Mizoram,NHIDCL,491.39,18.0,0,0.0
618317,,Mizoram,NHIDCL,561.91,18.0,0,0.0
618318,,Mizoram,NHIDCL,720.4,24.0,0,0.0
618319,,Mizoram,NHIDCL,595.65,18.0,0,0.0
618320,,Mizoram,NHIDCL,866.32,36.0,0,0.0
618321,,Mizoram,NHIDCL,875.79,36.0,0,0.0
618323,,Mizoram,NHIDCL,1313.28,36.0,0,0.0
618324,,Mizoram,NHIDCL,720.72,37.0,0,0.0
618325,,Assam,NHIDCL,204.1,18.0,0,0.0
618326,,Assam,NHIDCL,516.88,24.0,0,0.0
618327,,Assam,NHIDCL,625.64,24.0,0,0.0
618328,,Nagaland,NHIDCL,562.98,24.0,0,0.0
618329,,Nagaland,NHIDCL,819.39,36.0,0,0.0
618330,,Assam,NHIDCL,511.02,36.0,0,0.0
618331,,Assam,NHIDCL,957.95,36.0,0,0.0
618333,,Manipur,NHIDCL,760.16,24.0,0,0.0
618334,,Manipur,NHIDCL,504.76,24.0,0,0.0
618335,,Manipur,NHIDCL,410.68,18.0,0,0.0
618336,,Manipur,NHIDCL,579.63,18.0,0,0.0
618337,,Manipur,NHIDCL,467.0,18.0,0,0.0
618338,,Manipur,NHIDCL,195.14,12.0,0,0.0
618339,,Assam,NHIDCL,356.65,36.0,0,0.0
618340,,Assam,NHIDCL,458.59,28.0,0,0.0
618341,,Mizoram,NHIDCL,523.78,17.0,0,0.0
618342,,Mizoram,NHIDCL,206.9,23.0,0,0.0
618343,,Mizoram,NHIDCL,292.23,23.0,0,0.0
618344,,Manipur,NHIDCL,673.27,24.0,0,0.0
618345,,Manipur,NHIDCL,365.53,24.0,0,0.0
618346,,Manipur,NHIDCL,232.99,23.0,0,0.0
618347,,Manipur,NHIDCL,241.52,23.0,0,0.0
618348,,Manipur,NHIDCL,177.76,12.0,0,0.0
618349,,Manipur,NHIDCL,204.12,12.0,0,0.0
618350,,Tripura,NHIDCL,920.66,24.0,0,0.0
618351,,Assam,NHIDCL,890.33,24.0,0,0.0
618352,,Assam,NHIDCL,860.37,24.0,0,0.0
618353,,Assam,NHIDCL,904.04,24.0,0,0.0
618354,,Assam,NHIDCL,846.82,24.0,0,0.0
618355,,Manipur,NHIDCL,483.87,18.0,0,0.0
618356,,Manipur,NHIDCL,234.08,18.0,0,0.0
618357,,Manipur,NHIDCL,477.86,18.0,0,0.0
618358,,Manipur,NHIDCL,311.18,18.0,0,0.0
618359,,Assam,NHIDCL,665.47,11.0,0,0.0
618362,,Mizoram,NHIDCL,698.45,18.0,0,0.0
618363,,Mizoram,NHIDCL,740.58,18.0,0,0.0
618364,,Nagaland,NHIDCL,430.24,30.0,0,0.0
618365,,Nagaland,NHIDCL,497.18,30.0,0,0.0
618366,,Nagaland,NHIDCL,442.54,30.0,0,0.0
618367,,Tripura,NHIDCL,726.9,24.0,0,0.0
618368,,Tripura,NHIDCL,670.9,24.0,0,0.0
618369,,Tripura,NHIDCL,657.21,24.0,0,0.0
618370,,Tripura,NHIDCL,431.78,24.0,0,0.0
618371,,Assam,NHIDCL,613.89,24.0,0,0.0
618372,,Assam,NHIDCL,909.02,29.0,0,0.0
618373,,Assam,NHIDCL,4997.04,93.0,0,0.0
618374,,Meghalaya,NHIDCL,284.21,30.0,0,0.0
618375,,Meghalaya,NHIDCL,445.51,24.0,0,0.0
618376,,Meghalaya,NHIDCL,525.67,30.0,0,0.0
618377,,Meghalaya,NHIDCL,351.12,24.0,0,0.0
618379,,Mizoram,NHIDCL,752.89,42.0,0,0.0
618380,,Mizoram,NHIDCL,867.09,42.0,0,0.0
618381,,Mizoram,NHIDCL,768.76,42.0,0,0.0
618382,,Mizoram,NHIDCL,605.76,42.0,0,0.0
618383,,Mizoram,NHIDCL,637.06,42.0,0,0.0
618384,,Mizoram,NHIDCL,899.45,42.0,0,0.0
618385,,Tripura,NHIDCL,174.43,12.0,0,0.0
618386,,Tripura,NHIDCL,277.5,18.0,0,0.0
618387,,Manipur,NHIDCL,578.98,24.0,0,0.0
618388,,Manipur,NHIDCL,315.56,18.0,0,0.0
618389,,Manipur,NHIDCL,310.76,18.0,0,0.0
618390,,Uttarakhand,NHIDCL,1383.78,48.0,0,0.0
618391,,Uttarakhand,NHIDCL,250.33,18.0,0,0.0
618392,,Uttarakhand,NHIDCL,259.64,18.0,0,0.0
618393,,Uttarakhand,NHIDCL,216.68,18.0,0,0.0
618394,,Jammu and,NHIDCL,,,0,
618395,,Jammu and,NHIDCL,,,0,
618396,,Jammu and,NHIDCL,486.45,,0,0.0
618397,,Jammu and Kashmir,NHIDCL,255.9,24.0,0,
618398,,Jammu and,NHIDCL,,,0,
618399,,Jammu and,NHIDCL,,,0,
618400,,Jammu and,NHIDCL,,,0,
618401,,Arunachal Pradesh,NHIDCL,1418.67,36.0,0,0.0
618402,,Arunachal Pradesh,NHIDCL,1262.43,35.0,0,0.0
618403,,Arunachal Pradesh,NHIDCL,275.5,24.0,0,0.0
618404,,Arunachal Pradesh,NHIDCL,625.61,30.0,0,0.0
618405,,Arunachal Pradesh,NHIDCL,898.19,30.0,0,0.0
618406,,Jammu and,NHIDCL,,,0,
618407,,Jammu and,NHIDCL,,,0,
618408,,Ladakh,NHIDCL,398.37,18.0,0,0.0
618409,,Ladakh,NHIDCL,381.01,18.0,0,0.0
618410,,Ladakh,NHIDCL,404.89,18.0,0,0.0
618412,,Andhra Pradesh,NHIDCL,6808.69,71.0,0,0.0
618413,,Nagaland,NHIDCL,177.77,24.0,0,0.0
618414,,Nagaland,NHIDCL,258.52,24.0,0,0.0
618415,,Manipur,NHIDCL,188.36,18.0,0,0.0
618416,,Manipur,NHIDCL,226.32,18.0,0,0.0
618417,,Tripura,NHIDCL,2026.05,36.0,0,0.0
618418,,Meghalaya,NHIDCL,359.86,24.0,0,0.0
618419,,Meghalaya,NHIDCL,562.48,24.0,0,0.0
618420,,Meghalaya,NHIDCL,686.03,24.0,0,0.0
618421,,Meghalaya,NHIDCL,620.3,24.0,0,0.0
618422,,Nagaland,NHIDCL,161.73,24.0,0,0.0
618423,,Nagaland,NHIDCL,215.79,24.0,0,0.0
618424,,Arunachal Pradesh,NHIDCL,256.66,24.0,0,0.0
618426,,Sikkim,NHIDCL,264.84,18.0,0,0.0
618427,,West Bengal,NHIDCL,311.02,30.0,0,0.0
618428,,Sikkim,NHIDCL,264.84,24.0,0,0.0
618429,,West Bengal,NHIDCL,345.38,18.0,0,0.0
618430,,West Bengal,NHIDCL,402.94,30.0,0,0.0
618431,,West Bengal,NHIDCL,295.97,30.0,0,0.0
618432,,Arunachal Pradesh,NHIDCL,228.72,18.0,0,0.0
618433,,Arunachal Pradesh,NHIDCL,184.89,18.0,0,0.0
618434,,Arunachal Pradesh,NHIDCL,1718.59,48.0,0,0.0
618435,,Assam,NHIDCL,386.51,30.0,0,0.0
618436,,Assam,NHIDCL,599.0,30.0,0,0.0
618437,,Assam,NHIDCL,274.34,11.0,0,0.0
618438,,Assam,NHIDCL,385.57,31.0,0,0.0
618439,,Assam,NHIDCL,478.3,6.0,0,0.0
618440,,Assam,NHIDCL,187.09,12.0,0,0.0
618441,,Assam,NHIDCL,467.79,11.0,0,0.0
618442,,Assam,NHIDCL,358.72,6.0,0,0.0
618443,,Assam,NHIDCL,438.44,6.0,0,0.0
618444,,Assam,NHIDCL,279.01,6.0,0,0.0
618445,,Arunachal Pradesh,NHIDCL,353.9,30.0,0,0.0
618446,,Sikkim,NHIDCL,493.42,36.0,0,0.0
618447,,Sikkim,NHIDCL,410.6,36.0,0,0.0
618448,,Sikkim,NHIDCL,816.79,36.0,0,0.0
618449,,Sikkim,NHIDCL,230.45,30.0,0,0.0
618450,,Sikkim,NHIDCL,292.8,19.0,0,0.0
618452,,Mizoram,NHIDCL,781.85,24.0,0,0.0
618454,,Assam,NHIDCL,693.97,18.0,0,0.0
618455,,Assam,NHIDCL,693.97,48.0,0,0.0
618456,,Rajasthan,National Highways Authority of India [NHAI],1119.35,24.0,0,0.0
618457,,Rajasthan,National Highways Authority of India [NHAI],1272.97,24.0,0,0.0
618458,,Rajasthan,National Highways Authority of India [NHAI],1854.68,30.0,0,0.0
618459,,Gujarat,National Highways Authority of India [NHAI],1555.2,20.0,0,0.0
618460,,Gujarat,National Highways Authority of India [NHAI],1263.38,24.0,0,0.0
618461,,Gujarat,National Highways Authority of India [NHAI],1800.73,24.0,0,0.0
618462,,Gujarat,National Highways Authority of India [NHAI],1644.85,24.0,0,0.0
618463,,Gujarat,National Highways Authority of India [NHAI],1324.84,23.0,0,0.0
618464,,Gujarat,National Highways Authority of India [NHAI],2271.86,24.0,0,0.0
618465,,Gujarat,National Highways Authority of India [NHAI],1710.3,24.0,0,0.0
618466,,Gujarat,National Highways Authority of India [NHAI],3834.24,19.0,0,0.0
618467,,Gujarat,National Highways Authority of India [NHAI],2594.17,18.0,0,0.0
618468,,Maharashtra,National Highways Authority of India [NHAI],1524.71,24.0,0,0.0
618469,,Maharashtra,National Highways Authority of India [NHAI],3536.9,24.0,0,0.0
618470,,Maharashtra,National Highways Authority of India [NHAI],2058.79,18.0,0,0.0
618471,,Maharashtra,National Highways Authority of India [NHAI],2610.88,18.0,0,0.0
618472,,Maharashtra,National Highways Authority of India [NHAI],4051.8,23.0,0,0.0
618473,,Maharashtra,National Highways Authority of India [NHAI],2208.68,30.0,0,0.0
618475,,Andhra Pradesh,National Highways Authority of India [NHAI],2548.04,24.0,0,0.0
618476,,Andhra Pradesh,National Highways Authority of India [NHAI],1407.33,24.0,0,0.0
618477,,Multi-States,National Highways Authority of India [NHAI],,,0,
618478,,Tamil Nadu,National Highways Authority of India [NHAI],1106.65,24.0,0,0.0
618479,,Tamil Nadu,National Highways Authority of India [NHAI],1525.1,23.0,0,0.0
618480,,Tamil Nadu,National Highways Authority of India [NHAI],162.55,18.0,0,0.0
618481,,Tamil Nadu,National Highways Authority of India [NHAI],3605.73,24.0,0,0.0
618482,,Haryana,National Highways Authority of India [NHAI],1866.49,24.0,0,0.0
618483,,Haryana,National Highways Authority of India [NHAI],1533.87,24.0,0,0.0
618484,,Haryana,National Highways Authority of India [NHAI],1606.27,24.0,0,0.0
618485,,Haryana,National Highways Authority of India [NHAI],1306.95,24.0,0,0.0
618486,,Multi-States,National Highways Authority of India [NHAI],,,0,
618487,,Punjab,National Highways Authority of India [NHAI],1759.82,24.0,0,0.0
618488,,Punjab,National Highways Authority of India [NHAI],1895.74,24.0,0,0.0
618489,,Punjab,National Highways Authority of India [NHAI],1851.47,24.0,0,0.0
618490,,Punjab,National Highways Authority of India [NHAI],2177.54,24.0,0,0.0
618491,,Punjab,National Highways Authority of India [NHAI],2175.35,24.0,0,0.0
618492,,Punjab,National Highways Authority of India [NHAI],1734.18,23.0,0,0.0
618493,,Punjab,National Highways Authority of India [NHAI],2165.23,36.0,0,0.0
618494,,Jammu and,National Highways Authority of India [NHAI],,,0,
618495,,Jammu and,National Highways Authority of India [NHAI],,,0,
618496,,Jammu and,National Highways Authority of India [NHAI],,,0,
618497,,Jammu and,National Highways Authority of India [NHAI],,,0,
618498,,Uttar Pradesh,National Highways Authority of India [NHAI],2471.56,30.0,0,0.0
618499,,Uttar Pradesh,National Highways Authority of India [NHAI],1972.94,29.0,0,0.0
618500,,Uttar Pradesh,National Highways Authority of India [NHAI],1081.39,24.0,0,0.0
618501,,Gujarat,National Highways Authority of India [NHAI],1298.0,24.0,0,0.0
618502,,Gujarat,National Highways Authority of India [NHAI],1415.34,24.0,0,0.0
618503,,Gujarat,National Highways Authority of India [NHAI],1034.04,24.0,0,0.0
618504,,Gujarat,National Highways Authority of India [NHAI],1181.76,24.0,0,0.0
618505,,Multi-States,National Highways Authority of India [NHAI],,,0,
618506,,Haryana,National Highways Authority of India [NHAI],401.74,24.0,0,0.0
618507,,Gujarat,National Highways Authority of India [NHAI],466.8,10.0,0,0.0
618508,,Gujarat,National Highways Authority of India [NHAI],907.39,24.0,0,0.0
618509,,Delhi,National Highways Authority of India [NHAI],2089.94,24.0,0,0.0
618511,,Maharashtra,National Highways Authority of India [NHAI],604.59,12.0,0,0.0
618512,,Maharashtra,National Highways Authority of India [NHAI],907.03,36.0,0,0.0
618513,,Maharashtra,National Highways Authority of India [NHAI],2111.95,24.0,0,0.0
618514,,Maharashtra,National Highways Authority of India [NHAI],2330.71,24.0,0,0.0
618515,,Multi-States,National Highways Authority of India [NHAI],,,0,
618516,,Multi-States,National Highways Authority of India [NHAI],,,0,
618517,,Karnataka,National Highways Authority of India [NHAI],1135.39,30.0,0,0.0
618518,,Karnataka,National Highways Authority of India [NHAI],1805.84,,0,-19.446351836264554
618519,,Multi-States,National Highways Authority of India [NHAI],,,0,
618520,,Karnataka,National Highways Authority of India [NHAI],1438.74,24.0,0,0.0
618521,,Tamil Nadu,National Highways Authority of India [NHAI],766.51,24.0,0,0.0
618522,,Tamil Nadu,National Highways Authority of India [NHAI],411.16,21.0,0,0.0
618523,,Odisha,National Highways Authority of India [NHAI],844.67,30.0,0,0.0
618524,,Andhra Pradesh,National Highways Authority of India [NHAI],257.98,24.0,0,0.0
618525,,Andhra Pradesh,National Highways Authority of India [NHAI],326.61,24.0,0,0.0
618526,,Andhra Pradesh,National Highways Authority of India [NHAI],665.59,18.0,0,0.0
618527,,Andhra Pradesh,National Highways Authority of India [NHAI],1194.57,30.0,0,0.0
618529,,Uttar Pradesh,National Highways Authority of India [NHAI],1991.71,36.0,0,0.0
618530,,Multi-States,National Highways Authority of India [NHAI],,,0,
618531,,Multi-States,National Highways Authority of India [NHAI],,,0,
618532,,Multi-States,National Highways Authority of India [NHAI],,,0,
618533,,Multi-States,National Highways Authority of India [NHAI],,,0,
618534,,(-) (-),NHAI,470.75,30.0,0,0.0
618535,,Jharkhand,National Highways Authority of India [NHAI],687.77,30.0,0,0.0
618536,,Uttar Pradesh,National Highways Authority of India [NHAI],1603.53,30.0,0,0.0
618537,,Uttar Pradesh,National Highways Authority of India [NHAI],1753.75,30.0,0,0.0
618538,,Uttar Pradesh,National Highways Authority of India [NHAI],1792.68,30.0,0,0.0
618539,,Uttar Pradesh,National Highways Authority of India [NHAI],1089.41,30.0,0,0.0
618540,,Uttar Pradesh,National Highways Authority of India [NHAI],1089.41,23.0,0,0.0
618541,,Jammu and,National Highways Authority of India [NHAI],,,0,
618542,,(-) (-),NHAI,827.98,24.0,0,
618543,,Jammu and,National Highways Authority of India [NHAI],,,0,
618544,,Jammu and,National Highways Authority of India [NHAI],,,0,
618545,,Jammu and,National Highways Authority of India [NHAI],,,0,
618546,,Jammu and,National Highways Authority of India [NHAI],,,0,
618547,,Jammu and,National Highways Authority of India [NHAI],,,0,
618548,,Jammu and,National Highways Authority of India [NHAI],,,0,
618549,,Jammu and,National Highways Authority of India [NHAI],,,0,
618550,,Jammu and,National Highways Authority of India [NHAI],,,0,
618551,,Punjab,National Highways Authority of India [NHAI],666.81,24.0,0,0.0
618552,,Punjab,National Highways Authority of India [NHAI],1754.84,24.0,0,0.0
618553,,Uttar Pradesh,National Highways Authority of India [NHAI],957.62,24.0,0,0.0
618554,,Uttar Pradesh,National Highways Authority of India [NHAI],879.26,18.0,0,0.0
618555,,Maharashtra,National Highways Authority of India [NHAI],1097.81,36.0,0,0.0
618556,,Multi-States (Madhya,National Highways Authority of India [NHAI],,,0,
618557,,Maharashtra,National Highways Authority of India [NHAI],1038.84,35.0,0,0.0
618558,,Telangana,National Highways Authority of India [NHAI],955.49,24.0,0,0.0
618559,,Telangana,National Highways Authority of India [NHAI],521.53,23.0,0,0.0
618560,,Telangana,National Highways Authority of India [NHAI],541.58,18.0,0,0.0
618561,,Tamil Nadu,National Highways Authority of India [NHAI],904.99,36.0,0,0.0
618562,,Tamil Nadu,National Highways Authority of India [NHAI],295.5,,0,0.0
618563,,Tamil Nadu,National Highways Authority of India [NHAI],900.05,24.0,0,0.0
618564,,Gujarat,National Highways Authority of India [NHAI],1553.76,24.0,0,0.0
618565,,Uttar Pradesh,NHAI,526.45,18.0,0,0.0
618566,,Uttar Pradesh,National Highways Authority of India [NHAI],1973.98,24.0,0,0.0
618567,,Uttar Pradesh,NHAI,2289.34,30.0,0,0.0
618568,,Uttar Pradesh,NHAI,2541.13,30.0,0,0.0
618569,,Bihar,National Highways Authority of India [NHAI],210.05,18.0,0,0.0
618570,,Bihar,National Highways Authority of India [NHAI],325.57,29.0,0,0.0
618572,,West Bengal,National Highways Authority of India [NHAI],309.99,24.0,0,0.0
618574,,West Bengal,National Highways Authority of India [NHAI],1818.46,30.0,0,0.0
618575,,Assam,National Highways Authority of India [NHAI],457.72,18.0,0,0.0
618576,,Assam,National Highways Authority of India [NHAI],280.75,18.0,0,0.0
618577,,"Multi-States (Delhi, Haryana)",National Highways Authority of India [NHAI],2228.26,24.0,1,3.1464012278638784
618578,,Delhi,National Highways Authority of India [NHAI],1467.44,30.0,0,0.0
618579,,Andhra Pradesh,National Highways Authority of India [NHAI],2527.0,30.0,0,0.0
618580,,Haryana,National Highways Authority of India [NHAI],1275.31,24.0,0,0.0
618581,,Multi-States,National Highways Authority of India [NHAI],,,0,
618582,,Bihar,National Highways Authority of India [NHAI],1282.97,24.0,0,0.0
618583,,Bihar,National Highways Authority of India [NHAI],1358.77,24.0,0,0.0
618584,,"Multi-States (Bihar, West",National Highways Authority of India [NHAI],,,0,
618585,,Maharashtra,National Highways Authority of India [NHAI],856.93,30.0,0,0.0
618586,,Maharashtra,National Highways Authority of India [NHAI],254.78,12.0,0,0.0
618588,,Maharashtra,National Highways Authority of India [NHAI],540.24,24.0,0,0.0
618589,,Chhattisgarh,National Highways Authority of India [NHAI],1072.99,24.0,0,0.0
618590,,Chhattisgarh,National Highways Authority of India [NHAI],1216.23,23.0,0,0.0
618591,,Odisha,National Highways Authority of India [NHAI],374.17,30.0,0,0.0
618592,,Odisha,National Highways Authority of India [NHAI],320.64,18.0,0,0.0
618593,,Odisha,National Highways Authority of India [NHAI],263.32,30.0,0,0.0
618594,,Maharashtra,National Highways Authority of India [NHAI],329.82,19.0,0,0.0
618595,,Kerala,National Highways Authority of India [NHAI],1746.45,30.0,0,0.0
618596,,Kerala,National Highways Authority of India [NHAI],2714.6,30.0,0,0.0
618597,,Kerala,National Highways Authority of India [NHAI],3205.77,33.0,0,0.0
618598,,Kerala,National Highways Authority of India [NHAI],210.0,18.0,0,0.0
618599,,Kerala,National Highways Authority of India [NHAI],4924.11,30.0,0,0.0
618600,,Kerala,National Highways Authority of India [NHAI],4023.94,30.0,0,0.0
618601,,Kerala,National Highways Authority of India [NHAI],4225.59,28.0,0,0.0
618602,,Kerala,National Highways Authority of India [NHAI],4302.06,29.0,0,0.0
618603,,Kerala,National Highways Authority of India [NHAI],3465.82,30.0,0,0.0
618604,,Kerala,National Highways Authority of India [NHAI],2429.52,35.0,0,0.0
618605,,Kerala,National Highways Authority of India [NHAI],2878.97,30.0,0,0.0
618606,,Kerala,National Highways Authority of India [NHAI],3273.61,30.0,0,0.0
618607,,Kerala,National Highways Authority of India [NHAI],2842.14,30.0,0,0.0
618608,,Tamil Nadu,National Highways Authority of India [NHAI],1564.23,24.0,0,0.0
618609,,Goa,National Highways Authority of India [NHAI],463.08,23.0,0,0.0
618610,,Punjab,National Highways Authority of India [NHAI],789.26,24.0,0,0.0
618611,,Rajasthan,National Highways Authority of India [NHAI],520.63,24.0,0,0.0
618612,,Rajasthan,National Highways Authority of India [NHAI],846.59,24.0,0,0.0
618613,,Rajasthan,National Highways Authority of India [NHAI],662.08,24.0,0,0.0
618614,,Gujarat,National Highways Authority of India [NHAI],752.3,24.0,0,0.0
618615,,Gujarat,National Highways Authority of India [NHAI],778.15,24.0,0,0.0
618616,,Gujarat,National Highways Authority of India [NHAI],625.58,24.0,0,0.0
618617,,Punjab,National Highways Authority of India [NHAI],1229.38,24.0,0,0.0
618618,,Punjab,National Highways Authority of India [NHAI],2029.17,24.0,0,0.0
618619,,Madhya Pradesh,National Highways Authority of India [NHAI],998.95,24.0,0,0.0
618620,,Madhya Pradesh,National Highways Authority of India [NHAI],207.77,18.0,0,0.0
618621,,Madhya Pradesh,National Highways Authority of India [NHAI],1162.8,24.0,0,0.0
618622,,Madhya Pradesh,National Highways Authority of India [NHAI],1001.69,24.0,0,0.0
618623,,Madhya Pradesh,National Highways Authority of India [NHAI],1504.37,23.0,0,0.0
618624,,"Multi-States (Maharashtra,",National Highways Authority of India [NHAI],,,0,
618625,,Madhya Pradesh,National Highways Authority of India [NHAI],217.22,,0,0.0
618626,,Maharashtra,National Highways Authority of India [NHAI],819.52,24.0,0,0.0
618627,,Maharashtra,National Highways Authority of India [NHAI],168.52,18.0,0,0.0
618628,,Maharashtra,National Highways Authority of India [NHAI],150.21,23.0,0,0.0
618629,,Andhra Pradesh,National Highways Authority of India [NHAI],416.07,15.0,0,0.0
618630,,Karnataka,National Highways Authority of India [NHAI],2355.56,30.0,0,0.0
618631,,"Multi-States (Karnataka,",National Highways Authority of India [NHAI],,,0,
618632,,Multi-States,National Highways Authority of India [NHAI],,,0,
618633,,(-) (-),NHAI,1732.66,24.0,0,0.0
618634,,Multi-States,National Highways Authority of India [NHAI],,,0,
618635,,Tamil Nadu,National Highways Authority of India [NHAI],1359.81,24.0,0,0.0
618636,,"Multi-States (Karnataka,",National Highways Authority of India [NHAI],,,0,
618637,,Multi-States,National Highways Authority of India [NHAI],,,0,
618638,,Maharashtra,National Highways Authority of India [NHAI],2267.99,30.0,0,0.0
618639,,Chhattisgarh,National Highways Authority of India [NHAI],1855.59,24.0,0,0.0
618640,,Chhattisgarh,National Highways Authority of India [NHAI],2261.3,30.0,0,0.0
618641,,Jharkhand,National Highways Authority of India [NHAI],1325.8,24.0,0,0.0
618642,,Jharkhand,National Highways Authority of India [NHAI],1882.93,23.0,0,0.0
618644,,Jharkhand,National Highways Authority of India [NHAI],1214.93,24.0,0,0.0
618645,,Jharkhand,National Highways Authority of India [NHAI],1007.97,24.0,0,0.0
618646,,(-) (-),NHAI,3147.07,36.0,0,0.0
618647,,Punjab,National Highways Authority of India [NHAI],906.51,24.0,0,0.0
618648,,Punjab,NHAI,1424.55,24.0,0,0.0
618649,,Karnataka,National Highways Authority of India [NHAI],1246.15,24.0,0,0.0
618650,,Karnataka,National Highways Authority of India [NHAI],1363.9,24.0,0,0.0
618651,,Karnataka,National Highways Authority of India [NHAI],1427.88,23.0,0,0.0
618652,,Maharashtra,National Highways Authority of India [NHAI],1241.38,24.0,0,0.0
618653,,Maharashtra,National Highways Authority of India [NHAI],1236.08,24.0,0,0.0
618654,,Madhya Pradesh,National Highways Authority of India [NHAI],521.21,24.0,0,0.0
618655,,Madhya Pradesh,National Highways Authority of India [NHAI],200.99,24.0,0,0.0
618661,,Madhya Pradesh,National Highways Authority of India [NHAI],1032.3,24.0,0,0.0
618662,,(-) (-),NHAI,980.2,24.0,0,0.0
618663,,Madhya Pradesh,National Highways Authority of India [NHAI],1003.87,24.0,0,0.0
618664,,Madhya Pradesh,National Highways Authority of India [NHAI],524.84,24.0,0,0.0
618665,,Madhya Pradesh,National Highways Authority of India [NHAI],790.78,24.0,0,0.0
618666,,Madhya Pradesh,National Highways Authority of India [NHAI],710.92,24.0,0,0.0
618667,,Madhya Pradesh,National Highways Authority of India [NHAI],1005.59,24.0,0,0.0
618668,,Multi-States (Madhya,National Highways Authority of India [NHAI],,,0,
618669,,Uttar Pradesh,National Highways Authority of India [NHAI],1632.93,24.0,0,0.0
618671,,Madhya Pradesh,National Highways Authority of India [NHAI],618.33,24.0,0,0.0
618672,,Madhya Pradesh,National Highways Authority of India [NHAI],903.44,24.0,0,0.0
618673,,Chhattisgarh,National Highways Authority of India [NHAI],1368.19,24.0,0,0.0
618674,,Chhattisgarh,National Highways Authority of India [NHAI],1470.73,24.0,0,0.0
618675,,Chhattisgarh,National Highways Authority of India [NHAI],1307.16,24.0,0,0.0
618676,,Multi-States,National Highways Authority of India [NHAI],,,0,
618677,,Odisha,National Highways Authority of India [NHAI],1539.75,24.0,0,0.0
618678,,Odisha,National Highways Authority of India [NHAI],1265.59,23.0,0,0.0
618680,,Odisha,National Highways Authority of India [NHAI],1492.74,24.0,0,0.0
618682,,Andhra Pradesh,National Highways Authority of India [NHAI],1112.7,24.0,0,0.0
618684,,Madhya Pradesh,National Highways Authority of India [NHAI],917.26,24.0,0,0.0
618685,,Madhya Pradesh,National Highways Authority of India [NHAI],911.24,24.0,0,0.0
618686,,Madhya Pradesh,National Highways Authority of India [NHAI],612.94,24.0,0,0.0
618687,,Madhya Pradesh,National Highways Authority of India [NHAI],652.33,24.0,0,0.0
618688,,Madhya Pradesh,National Highways Authority of India [NHAI],794.7,24.0,0,0.0
618689,,Uttar Pradesh,National Highways Authority of India [NHAI],364.47,18.0,0,0.0
618690,,Uttar Pradesh,National Highways Authority of India [NHAI],1663.38,24.0,0,0.0
618691,,"Multi-States (Haryana, Uttar",National Highways Authority of India [NHAI],,,0,
618692,,Uttar Pradesh,National Highways Authority of India [NHAI],1226.64,40.0,0,0.0
618693,,Maharashtra,National Highways Authority of India [NHAI],1344.78,30.0,0,0.0
618694,,Madhya Pradesh,National Highways Authority of India [NHAI],1011.29,23.0,0,0.0
618695,,Madhya Pradesh,National Highways Authority of India [NHAI],1146.22,24.0,0,0.0
618696,,"Multi-States (Andhra Pradesh,",National Highways Authority of India [NHAI],,,0,
618697,,Karnataka,National Highways Authority of India [NHAI],626.01,23.0,0,0.0
618698,,Karnataka,National Highways Authority of India [NHAI],1167.52,24.0,0,0.0
618699,,Gujarat,National Highways Authority of India [NHAI],819.14,31.0,0,0.0
618700,,Andhra Pradesh,National Highways Authority of India [NHAI],1863.09,24.0,0,0.0
618701,,Madhya Pradesh,National Highways Authority of India [NHAI],178.18,24.0,0,0.0
618702,,Karnataka,National Highways Authority of India [NHAI],1660.19,24.0,0,0.0
618704,,Odisha,National Highways Authority of India [NHAI],150.86,31.0,0,0.0
618705,,(-) (-),NHAI,973.12,24.0,0,0.0
618706,,Karnataka,National Highways Authority of India [NHAI],3496.01,30.0,0,0.0
618707,,Karnataka,National Highways Authority of India [NHAI],738.37,24.0,0,0.0
618708,,Kerala,National Highways Authority of India [NHAI],1187.47,24.0,0,0.0
618709,,Karnataka,National Highways Authority of India [NHAI],1340.15,24.0,0,0.0
618710,,Uttar Pradesh,National Highways Authority of India [NHAI],2002.79,30.0,0,0.0
618711,,Multi-States (Uttar,National Highways Authority of India [NHAI],,,0,
618712,,Andhra Pradesh,National Highways Authority of India [NHAI],912.94,24.0,0,0.0
618713,,Andhra Pradesh,National Highways Authority of India [NHAI],1200.42,24.0,0,0.0
618714,,Andhra Pradesh,National Highways Authority of India [NHAI],1253.26,24.0,0,0.0
618715,,Andhra Pradesh,National Highways Authority of India [NHAI],1058.9,24.0,0,0.0
618716,,Andhra Pradesh,National Highways Authority of India [NHAI],992.91,24.0,0,0.0
618717,,Andhra Pradesh,National Highways Authority of India [NHAI],750.81,24.0,0,0.0
618718,,Andhra Pradesh,National Highways Authority of India [NHAI],1092.18,24.0,0,0.0
618719,,Andhra Pradesh,National Highways Authority of India [NHAI],909.02,24.0,0,0.0
618720,,Andhra Pradesh,National Highways Authority of India [NHAI],987.1,24.0,0,0.0
618721,,Andhra Pradesh,National Highways Authority of India [NHAI],1292.65,24.0,0,0.0
618722,,Uttar Pradesh,National Highways Authority of India [NHAI],1843.59,24.0,0,0.0
618723,,Multi-States,National Highways Authority of India [NHAI],,,0,
618724,,"Multi-States (Bihar,",National Highways Authority of India [NHAI],,,0,
618725,,Bihar,National Highways Authority of India [NHAI],1915.99,24.0,0,0.0
618726,,Bihar,National Highways Authority of India [NHAI],1240.93,24.0,0,0.0
618727,,Bihar,National Highways Authority of India [NHAI],1576.94,24.0,0,0.0
618728,,"Multi-States (Bihar, Uttar",National Highways Authority of India [NHAI],,,0,
618729,,Jharkhand,NHAI,1856.12,24.0,0,0.0
618730,,(-) (-),NHAI,1546.27,24.0,0,0.0
618731,,Jharkhand,NHAI,1418.16,24.0,0,0.0
618733,,Jharkhand,NHAI,1525.52,24.0,0,0.0
618734,,"Multi-States (Jharkhand, West",National Highways Authority of India [NHAI],,,0,
618735,,Madhya Pradesh,National Highways Authority of India [NHAI],909.84,20.0,0,0.0
618736,,Jharkhand,National Highways Authority of India [NHAI],936.26,30.0,0,0.0
618737,,Jharkhand,National Highways Authority of India [NHAI],303.53,24.0,0,0.0
618738,,Bihar,National Highways Authority of India [NHAI],6291.69,48.0,0,0.0
618739,,Bihar,National Highways Authority of India [NHAI],1390.92,20.0,0,0.0
618740,,Bihar,National Highways Authority of India [NHAI],1494.31,24.0,0,0.0
618741,,Bihar,NHAI,1857.58,24.0,0,0.0
618742,,(-) (-),NHAI,1113.46,24.0,0,0.0
618743,,Tamil Nadu,National Highways Authority of India [NHAI],360.88,,0,0.0
618744,,Tamil Nadu,National Highways Authority of India [NHAI],1076.97,24.0,0,0.0
618745,,Tamil Nadu,National Highways Authority of India [NHAI],1317.6,24.0,0,0.0
618746,,Telangana,National Highways Authority of India [NHAI],797.36,24.0,0,0.0
618747,,Multi-States,National Highways Authority of India [NHAI],,,0,
618748,,Andhra Pradesh,National Highways Authority of India [NHAI],569.37,24.0,0,0.0
618749,,Andhra Pradesh,National Highways Authority of India [NHAI],711.94,24.0,0,0.0
618751,,Madhya Pradesh,National Highways Authority of India [NHAI],581.65,24.0,0,0.0
618754,,Maharashtra,National Highways Authority of India [NHAI],538.11,24.0,0,0.0
618755,,"Multi-States (Rajasthan, Uttar",National Highways Authority of India [NHAI],,,0,
618756,,Tamil Nadu,National Highways Authority of India [NHAI],1103.86,24.0,0,0.0
618757,,Rajasthan,National Highways Authority of India [NHAI],2010.2,24.0,0,0.0
618758,,Rajasthan,National Highways Authority of India [NHAI],1764.86,24.0,0,0.0
618759,,Andhra Pradesh,National Highways Authority of India [NHAI],1063.57,24.0,0,0.0
618760,,Multi-States,National Highways Authority of India [NHAI],,,0,
618761,,Uttar Pradesh,National Highways Authority of India [NHAI],991.89,24.0,0,0.0
618762,,Madhya Pradesh,National Highways Authority of India [NHAI],950.27,24.0,0,0.0
618764,,Punjab,National Highways Authority of India [NHAI],864.23,24.0,0,0.0
618765,,Telangana,National Highways Authority of India [NHAI],2146.86,24.0,0,0.0
618766,,Maharashtra,NHAI,862.0,24.0,0,0.0
618768,,(-) (-),NHAI,1309.08,24.0,0,0.0
618769,,"Multi-States (Andhra Pradesh,",National Highways Authority of India [NHAI],,,0,
618770,,Uttar Pradesh,National Highways Authority of India [NHAI],516.16,24.0,0,0.0
618771,,Multi-States,National Highways Authority of India [NHAI],,,0,
618772,,Multi-States,National Highways Authority of India [NHAI],,,0,
618773,,Tamil Nadu,National Highways Authority of India [NHAI],452.48,,0,0.0
618774,,Bihar,National Highways Authority of India [NHAI],984.63,30.0,0,0.0
618775,,Bihar,National Highways Authority of India [NHAI],226.32,18.0,0,0.0
618776,,Punjab,National Highways Authority of India [NHAI],1237.65,24.0,0,0.0
618777,,Andhra Pradesh,National Highways Authority of India [NHAI],1877.47,25.0,0,0.0
618778,,Andhra Pradesh,National Highways Authority of India [NHAI],1877.47,24.0,0,0.0
618779,,Bihar,NHAI,1505.0,18.0,0,0.0
618782,,Uttar Pradesh,National Highways Authority of India [NHAI],1394.14,24.0,0,0.0
618783,,"Multi-States (Uttar Pradesh,",National Highways Authority of India [NHAI],,,0,
618784,,Madhya Pradesh,NHAI,355.36,24.0,0,0.0
618785,,Punjab,National Highways Authority of India [NHAI],1501.02,24.0,0,0.0
618786,,Punjab,National Highways Authority of India [NHAI],1196.38,24.0,0,0.0
618787,,Gujarat,National Highways Authority of India [NHAI],1373.06,29.0,0,0.0
618788,,Haryana,National Highways Authority of India [NHAI],927.22,23.0,0,0.0
618789,,Punjab,National Highways Authority of India [NHAI],1525.31,24.0,0,0.0
618790,,(-) (-),NHAI,1422.37,30.0,0,0.0
618791,,Bihar,National Highways Authority of India [NHAI],1538.76,23.0,0,0.0
618792,,Haryana,National Highways Authority of India [NHAI],1330.23,24.0,0,0.0
618793,,Punjab,National Highways Authority of India [NHAI],1409.88,24.0,0,0.0
618794,,Punjab,National Highways Authority of India [NHAI],524.88,18.0,0,0.0
618795,,Punjab,National Highways Authority of India [NHAI],1474.77,24.0,0,0.0
618796,,Rajasthan,National Highways Authority of India [NHAI],828.58,24.0,0,0.0
618797,,Rajasthan,National Highways Authority of India [NHAI],1237.71,24.0,0,0.0
618798,,Uttar Pradesh,National Highways Authority of India [NHAI],2555.5,24.0,0,0.0
618799,,Karnataka,National Highways Authority of India [NHAI],456.32,24.0,1,0.10299789621318971
618800,,Tamil Nadu,National Highways Authority of India [NHAI],1616.97,30.0,0,0.0
618801,,Tamil Nadu,National Highways Authority of India [NHAI],1388.59,30.0,0,0.0
618803,,Andhra Pradesh,National Highways Authority of India [NHAI],645.63,24.0,0,0.0
618804,,Andhra Pradesh,National Highways Authority of India [NHAI],348.72,24.0,0,0.0
618805,,Andhra Pradesh,National Highways Authority of India [NHAI],977.33,24.0,0,0.0
618806,,Andhra Pradesh,National Highways Authority of India [NHAI],685.99,24.0,0,0.0
618807,,Andhra Pradesh,National Highways Authority of India [NHAI],609.43,24.0,0,0.0
618808,,West Bengal,National Highways Authority of India [NHAI],1212.56,30.0,0,0.0
618809,,Punjab,National Highways Authority of India [NHAI],809.51,24.0,0,0.0
618810,,Punjab,National Highways Authority of India [NHAI],1003.38,24.0,0,0.0
618811,,Telangana,National Highways Authority of India [NHAI],1183.71,24.0,0,0.0
618812,,Telangana,National Highways Authority of India [NHAI],1129.33,24.0,0,0.0
618813,,Telangana,National Highways Authority of India [NHAI],1127.9,24.0,0,0.0
618814,,Telangana,National Highways Authority of India [NHAI],1142.6,24.0,0,0.0
618815,,Telangana,National Highways Authority of India [NHAI],1092.88,24.0,0,0.0
618816,,Telangana,National Highways Authority of India [NHAI],1105.25,24.0,0,0.0
618817,,Telangana,National Highways Authority of India [NHAI],973.45,32.0,0,0.0
618818,,"Multi-States (Andhra Pradesh,",National Highways Authority of India [NHAI],,,0,
618819,,Odisha,National Highways Authority of India [NHAI],183.03,12.0,0,0.0
618820,,Odisha,National Highways Authority of India [NHAI],861.84,24.0,0,0.0
618821,,Odisha,National Highways Authority of India [NHAI],920.47,24.0,0,0.0
618822,,Odisha,National Highways Authority of India [NHAI],929.91,24.0,0,0.0
618823,,West Bengal,National Highways Authority of India [NHAI],352.01,18.0,0,0.0
618824,,West Bengal,National Highways Authority of India [NHAI],201.1,18.0,0,0.0
618825,,West Bengal,National Highways Authority of India [NHAI],622.04,36.0,0,0.0
618826,,Andhra Pradesh,National Highways Authority of India [NHAI],907.76,24.0,0,0.0
618827,,Andhra Pradesh,National Highways Authority of India [NHAI],1097.57,24.0,0,0.0
618828,,Multi-States,National Highways Authority of India [NHAI],,,0,
618829,,Jharkhand,National Highways Authority of India [NHAI],1129.48,24.0,0,0.0
618830,,Jharkhand,National Highways Authority of India [NHAI],1517.87,24.0,0,0.0
618831,,Jharkhand,National Highways Authority of India [NHAI],1436.8,24.0,0,0.0
618832,,Jharkhand,National Highways Authority of India [NHAI],1274.82,24.0,0,0.0
618833,,Gujarat,National Highways Authority of India [NHAI],894.01,29.0,0,0.0
618834,,Gujarat,National Highways Authority of India [NHAI],162.73,17.0,0,0.0
618835,,Gujarat,National Highways Authority of India [NHAI],698.4,18.0,0,0.0
618836,,Maharashtra,National Highways Authority of India [NHAI],1985.38,24.0,0,0.0
618837,,Maharashtra,National Highways Authority of India [NHAI],1939.23,24.0,0,0.0
618838,,Rajasthan,National Highways Authority of India [NHAI],736.75,24.0,0,0.0
618839,,Bihar,National Highways Authority of India [NHAI],1309.47,42.0,0,0.0
618840,,Bihar,National Highways Authority of India [NHAI],664.02,30.0,0,0.0
618841,,Bihar,National Highways Authority of India [NHAI],491.04,30.0,0,0.0
618842,,Uttar Pradesh,NHAI,1280.68,24.0,0,0.0
618843,,Uttar Pradesh,National Highways Authority of India [NHAI],197.6,18.0,0,0.0
618844,,"Multi-States (Puducherry,",National Highways Authority of India [NHAI],,,0,
618845,,Multi-States,National Highways Authority of India [NHAI],,,0,
618846,,Tamil Nadu,National Highways Authority of India [NHAI],2565.63,24.0,0,0.0
618847,,Multi-States,National Highways Authority of India [NHAI],,,0,
618848,,Uttar Pradesh,National Highways Authority of India [NHAI],649.44,24.0,0,0.0
618849,,Chhattisgarh,National Highways Authority of India [NHAI],444.21,18.0,0,0.0
618850,,Himachal Pradesh,National Highways Authority of India [NHAI],1464.12,30.0,0,0.0
618851,,Himachal Pradesh,National Highways Authority of India [NHAI],3419.95,42.0,0,0.0
618852,,Himachal Pradesh,National Highways Authority of India [NHAI],191.11,24.0,0,0.0
618853,,Rajasthan,National Highways Authority of India [NHAI],353.3,24.0,0,0.0
618854,,Uttar Pradesh,National Highways Authority of India [NHAI],706.41,24.0,0,0.0
618855,,Uttar Pradesh,National Highways Authority of India [NHAI],838.68,24.0,0,0.0
618856,,Uttar Pradesh,National Highways Authority of India [NHAI],1101.79,24.0,0,0.0
618858,,Uttar Pradesh,National Highways Authority of India [NHAI],955.34,24.0,0,0.0
618859,,Uttar Pradesh,National Highways Authority of India [NHAI],575.66,24.0,0,0.0
618861,,Bihar,National Highways Authority of India [NHAI],897.45,27.0,0,0.0
618862,,Bihar,National Highways Authority of India [NHAI],2156.22,30.0,0,0.0
618863,,Jharkhand,National Highways Authority of India [NHAI],662.44,57.0,0,0.0
618864,,Uttar Pradesh,National Highways Authority of India [NHAI],1722.11,24.0,0,0.0
618865,,Uttar Pradesh,National Highways Authority of India [NHAI],1384.79,24.0,0,0.0
618866,,Uttar Pradesh,National Highways Authority of India [NHAI],2077.0,24.0,0,0.0
618867,,Uttar Pradesh,National Highways Authority of India [NHAI],2009.11,24.0,0,0.0
618868,,Uttar Pradesh,National Highways Authority of India [NHAI],2289.52,24.0,0,0.0
618869,,Uttar Pradesh,National Highways Authority of India [NHAI],1122.02,30.0,0,0.0
618870,,Karnataka,National Highways Authority of India [NHAI],883.62,24.0,0,0.0
618871,,Karnataka,National Highways Authority of India [NHAI],909.86,24.0,0,0.0
618872,,Karnataka,National Highways Authority of India [NHAI],1062.76,24.0,0,0.0
618873,,Karnataka,National Highways Authority of India [NHAI],1272.71,24.0,0,0.0
618874,,Tamil Nadu,National Highways Authority of India [NHAI],435.81,,0,0.0
618875,,Uttarakhand,National Highways Authority of India [NHAI],183.92,18.0,0,0.0
618876,,"Multi-States (Uttar Pradesh,",National Highways Authority of India [NHAI],,,0,
618878,,Himachal Pradesh,National Highways Authority of India [NHAI],696.65,24.0,0,0.0
618879,,Himachal Pradesh,National Highways Authority of India [NHAI],930.86,24.0,0,0.0
618880,,Himachal Pradesh,National Highways Authority of India [NHAI],815.68,21.0,0,0.0
618881,,Himachal Pradesh,National Highways Authority of India [NHAI],1113.02,30.0,0,0.0
618882,,"Multi-States (Bihar, Uttar",National Highways Authority of India [NHAI],,,0,
618883,,Uttar Pradesh,National Highways Authority of India [NHAI],1706.47,24.0,0,0.0
618884,,Uttar Pradesh,National Highways Authority of India [NHAI],1493.65,24.0,0,0.0
618885,,Uttar Pradesh,National Highways Authority of India [NHAI],617.88,24.0,0,0.0
618886,,"Multi-States (Uttar Pradesh,",National Highways Authority of India [NHAI],,,0,
618887,,Karnataka,National Highways Authority of India [NHAI],2082.98,24.0,0,0.0
618888,,Himachal Pradesh,National Highways Authority of India [NHAI],1146.19,24.0,0,0.0
618889,,Himachal Pradesh,National Highways Authority of India [NHAI],1322.95,24.0,0,0.0
618890,,Himachal Pradesh,National Highways Authority of India [NHAI],739.39,24.0,0,0.0
618891,,Himachal Pradesh,National Highways Authority of India [NHAI],1244.43,24.0,0,0.0
618892,,Himachal Pradesh,NHAI,992.85,24.0,0,0.0
618893,,Uttar Pradesh,National Highways Authority of India [NHAI],2966.63,30.0,0,0.0
618895,,Tamil Nadu,National Highways Authority of India [NHAI],1319.42,24.0,0,0.0
618896,,Karnataka,National Highways Authority of India [NHAI],1386.41,24.0,0,0.0
618897,,Tamil Nadu,National Highways Authority of India [NHAI],2356.19,24.0,0,0.0
618898,,Tamil Nadu,National Highways Authority of India [NHAI],1163.17,24.0,0,0.0
618899,,Tamil Nadu,National Highways Authority of India [NHAI],1499.12,24.0,0,0.0
618901,,Gujarat,National Highways Authority of India [NHAI],1181.34,24.0,0,0.0
618902,,Bihar,National Highways Authority of India [NHAI],662.44,24.0,0,0.0
618903,,Bihar,National Highways Authority of India [NHAI],1028.28,24.0,0,0.0
618904,,Bihar,National Highways Authority of India [NHAI],2127.86,30.0,0,0.0
618905,,Bihar,National Highways Authority of India [NHAI],470.5,24.0,0,0.0
618906,,Punjab,National Highways Authority of India [NHAI],857.91,24.0,0,0.0
618907,,Multi-States (Himachal,National Highways Authority of India [NHAI],,,0,
618908,,Odisha,National Highways Authority of India [NHAI],153.61,29.0,0,0.0
618909,,Multi-States,National Highways Authority of India [NHAI],,,0,
618910,,West Bengal,National Highways Authority of India [NHAI],557.55,18.0,0,0.0
618911,,Uttar Pradesh,National Highways Authority of India [NHAI],646.27,18.0,0,0.0
618912,,"Multi-States (Uttar Pradesh,",National Highways Authority of India [NHAI],,,0,
618913,,Odisha,National Highways Authority of India [NHAI],609.63,30.0,0,0.0
618914,,Bihar,National Highways Authority of India [NHAI],4432.97,30.0,0,0.0
618915,,Bihar,NHAI,1637.29,,0,-52.53131699332433
618916,,Bihar,National Highways Authority of India [NHAI],1077.46,24.0,0,0.0
618917,,Bihar,National Highways Authority of India [NHAI],488.24,17.0,0,0.0
618919,,Andhra Pradesh,National Highways Authority of India [NHAI],887.28,24.0,0,0.0
618920,,Andhra Pradesh,National Highways Authority of India [NHAI],1346.82,24.0,0,0.0
618921,,Himachal Pradesh,National Highways Authority of India [NHAI],1703.48,36.0,0,0.0
618922,,Himachal Pradesh,National Highways Authority of India [NHAI],1956.26,36.0,0,0.0
618923,,Uttar Pradesh,National Highways Authority of India [NHAI],2158.2,24.0,0,0.0
618924,,Uttar Pradesh,National Highways Authority of India [NHAI],188.87,18.0,0,0.0
618925,,Uttar Pradesh,National Highways Authority of India [NHAI],300.58,18.0,0,0.0
618926,,Bihar,National Highways Authority of India [NHAI],1431.36,24.0,0,0.0
618927,,Uttar Pradesh,National Highways Authority of India [NHAI],2006.82,24.0,0,0.0
618928,,Multi-States (Uttar,National Highways Authority of India [NHAI],,,0,
618929,,Uttar Pradesh,National Highways Authority of India [NHAI],1841.92,24.0,0,0.0
618930,,Gujarat,National Highways Authority of India [NHAI],1188.46,24.0,0,0.0
618931,,Gujarat,National Highways Authority of India [NHAI],764.02,24.0,0,0.0
618932,,Madhya Pradesh,National Highways Authority of India [NHAI],1534.7,23.0,0,0.0
618933,,Madhya Pradesh,National Highways Authority of India [NHAI],1430.56,24.0,0,0.0
618934,,Assam,National Highways Authority of India [NHAI],5729.47,48.0,0,0.0
618935,,Multi-States,National Highways Authority of India [NHAI],,,0,
618936,,Haryana,National Highways Authority of India [NHAI],1269.5,24.0,0,0.0
618937,,Maharashtra,National Highways Authority of India [NHAI],1166.96,24.0,0,0.0
618938,,Multi-States,National Highways Authority of India [NHAI],,,0,
618939,,Maharashtra,National Highways Authority of India [NHAI],191.31,24.0,0,0.0
618941,,"Multi-States (Maharashtra,",National Highways Authority of India [NHAI],,,0,
618942,,"Multi-States (Goa,",National Highways Authority of India [NHAI],,,0,
618943,,Tamil Nadu,National Highways Authority of India [NHAI],1019.85,36.0,0,0.0
618944,,Telangana,National Highways Authority of India [NHAI],958.86,24.0,0,0.0
618945,,Telangana,National Highways Authority of India [NHAI],1149.17,28.0,0,0.0
618946,,Jharkhand,National Highways Authority of India [NHAI],1479.72,24.0,0,0.0
618947,,Jharkhand,National Highways Authority of India [NHAI],1504.8,19.0,0,0.0
618948,,"Multi-States (Jharkhand, West",National Highways Authority of India [NHAI],,,0,
618949,,Jharkhand,National Highways Authority of India [NHAI],1444.94,24.0,0,0.0
618950,,Jharkhand,National Highways Authority of India [NHAI],1565.47,24.0,0,0.0
618951,,Multi-States,National Highways Authority of India [NHAI],,,0,
618952,,Multi-States,National Highways Authority of India [NHAI],,,0,
618953,,Bihar,NHAI,1199.58,42.0,0,0.0
618954,,Bihar,NHAI,1473.2,30.0,0,0.0
618955,,Bihar,NHAI,638.29,24.0,0,0.0
618956,,Bihar,NHAI,498.97,30.0,0,0.0
618957,,Chhattisgarh,National Highways Authority of India [NHAI],1002.33,24.0,0,0.0
618958,,Assam,National Highways Authority of India [NHAI],1200.14,61.0,0,0.0
618959,,Uttar Pradesh,National Highways Authority of India [NHAI],1017.99,15.0,0,0.0
618960,,Uttar Pradesh,National Highways Authority of India [NHAI],1377.51,30.0,0,0.0
618961,,Uttar Pradesh,National Highways Authority of India [NHAI],775.94,24.0,0,0.0
618962,,Madhya Pradesh,National Highways Authority of India [NHAI],1102.97,24.0,0,0.0
618963,,Madhya Pradesh,National Highways Authority of India [NHAI],784.14,24.0,0,0.0
618964,,Madhya Pradesh,National Highways Authority of India [NHAI],1425.98,24.0,0,0.0
618966,,Madhya Pradesh,National Highways Authority of India [NHAI],1123.17,24.0,0,0.0
618967,,Jammu and Kashmir,National Highways Authority of India [NHAI],295.06,24.0,0,0.0
618968,,Uttar Pradesh,National Highways Authority of India [NHAI],1428.19,24.0,0,0.0
618969,,Multi-States (Uttar,National Highways Authority of India [NHAI],,,0,
618970,,Uttar Pradesh,National Highways Authority of India [NHAI],1335.45,24.0,0,0.0
618971,,Maharashtra,Maharashtra Metro Rail Corporation Limited [MMRCL],3626.24,48.0,0,0.0
618972,,Gujarat,Western Railway (WR) - II,1456.77,36.0,0,0.0
618976,,Madhya Pradesh,National Thermal Power Corporation [NTPC],20446.0,58.0,0,0.0
618977,,Rajasthan,Airport Authority of India [AAI],1507.0,24.0,0,0.0
618978,,"Multi-States (Chhattisgarh,",South Eastern Central Railway,,,0,
618981,,(-) (-),NLC India Limited [NLCIL],4147.07,30.0,0,0.0
618982,,Odisha,NLC India Limited [NLCIL],522.45,37.0,0,0.0
618985,,Maharashtra,Maharashtra Metro Rail Corporation Limited [MMRCL],9857.85,60.0,0,0.0
618986,,Assam,Northeast Frontier Railway [NFR],3633.58,45.0,0,0.0
618991,,Gujarat,NLC India Limited [NLCIL],1221.41,33.0,0,0.0
618992,,Gujarat,NLC India Limited [NLCIL],480.68,32.0,0,0.0
618995,,Odisha,Indian Railway,2864.51,60.0,0,0.0
619003,,Himachal Pradesh,National Highways Authority of India [NHAI],881.74,30.0,0,0.0
619004,,West Bengal,MoRTH,560.79,24.0,0,0.0
619005,,Jharkhand,MoRTH,235.42,24.0,0,0.0
619007,,Madhya Pradesh,MoRTH,461.23,24.0,0,0.0
619008,,Maharashtra,MoRTH,157.69,18.0,0,0.0
619009,,(-) (-),MoRTH,690.33,23.0,0,0.0
619010,,Mizoram,NHIDCL,500.88,18.0,0,0.0
619013,,Assam,NHIDCL,508.76,12.0,0,0.0
619014,,Arunachal Pradesh,NHIDCL,316.73,24.0,0,0.0
619022,,Haryana,Gurugram Metro Rail Limited (GMRL,5452.72,35.0,0,0.0
619024,,Madhya Pradesh,Adani Transmission Limited,3125.32,25.0,0,0.0
619025,,Multi-States (Madhya,Adani Transmission Limited,,,0,
619026,,Gujarat,Adani Transmission Limited,19000.0,48.0,0,0.0
619027,,Maharashtra,Adani Transmission Limited,2000.0,32.0,0,0.0
619028,,Kerala,Power Grid Corporation of India Limited [POWERGRID],173.14,24.0,0,0.0
619029,,Gujarat,Power Grid Corporation of India Limited [POWERGRID],319.42,18.0,0,0.0
619030,,"Multi-States (Andhra Pradesh,",Power Grid Corporation of India Limited [POWERGRID],,,0,
619031,,Delhi,Delhi Metro Rail Corporation Limited [DMRC],12014.91,35.0,0,0.0
619032,,Madhya Pradesh,Northern Coalfields Limited [NCL],25560.48,85.0,0,0.0
619033,,Odisha,NIT Rourkela,198.97,29.0,0,0.0
619038,,Jammu and,NHIDCL,,,0,
619039,,Chhattisgarh,MoRTH,307.96,24.0,0,0.0
619042,,Maharashtra,MoRTH,163.51,23.0,0,0.0
619043,,Maharashtra,NHAI,341.63,6.0,0,0.0
619045,,Tamil Nadu,National Highways Authority of India [NHAI],1205.4,30.0,0,0.0
619049,,Gujarat,Adani Transmission Limited,4500.0,24.0,0,0.0
619051,,Bihar,National Thermal Power Corporation [NTPC],29948.0,64.0,0,0.0
619052,,Uttar Pradesh,Uttar Pradesh metro rail corporation [UPMRC],5801.05,59.0,0,0.0
619053,,Madhya Pradesh,SECL - CIL,1604.69,58.0,0,0.0
619054,,Gujarat,Airport Authority of India [AAI],363.1,18.0,0,0.0
619055,,Maharashtra,Western Coalfields Limited [WCL],444.42,79.0,0,0.0
619056,,(-) (-),National Thermal Power Corporation [NTPC],11131.0,62.0,0,0.0
619057,,Assam,NHIDCL,574.26,30.0,0,0.0
619059,,Nagaland,NHIDCL,323.98,24.0,0,0.0
619060,,Assam,NHIDCL,344.71,11.0,0,0.0
619061,,(-) (-),MoRTH,705.09,24.0,0,0.0
619063,,Rajasthan,National Highways Authority of India [NHAI],1636.15,24.0,0,0.0
619064,,Multi-States,National Highways Authority of India [NHAI],,,0,
619065,,Karnataka,NHAI,1745.0,24.0,0,0.0
619066,,Multi-States,National Highways Authority of India [NHAI],,,0,
619067,,Gujarat,National Highways Authority of India [NHAI],463.03,24.0,0,0.0
619068,,Multi-States,National Highways Authority of India [NHAI],,,0,
619069,,Maharashtra,National Highways Authority of India [NHAI],425.51,139.0,0,0.0
619070,,Karnataka,National Highways Authority of India [NHAI],47.44,30.0,0,0.0
619071,,Karnataka,National Highways Authority of India [NHAI],2032.15,36.0,0,0.0
619072,,Karnataka,National Highways Authority of India [NHAI],1181.68,24.0,0,0.0
619073,,Karnataka,National Highways Authority of India [NHAI],1317.74,24.0,0,0.0
619074,,Tamil Nadu,National Highways Authority of India [NHAI],781.74,30.0,0,0.0
619075,,Odisha,National Highways Authority of India [NHAI],632.89,30.0,0,0.0
619076,,Andhra Pradesh,National Highways Authority of India [NHAI],1581.24,24.0,0,0.0
619077,,"Multi-States (Andhra Pradesh,",National Highways Authority of India [NHAI],,,0,
619078,,Multi-States,National Highways Authority of India [NHAI],,,0,
619080,,Haryana,National Highways Authority of India [NHAI],1093.35,24.0,0,0.0
619083,,Tamil Nadu,National Highways Authority of India [NHAI],395.43,,1,54.74895315618519
619084,,Tamil Nadu,National Highways Authority of India [NHAI],515.03,30.0,0,0.0
619086,,Tamil Nadu,National Highways Authority of India [NHAI],285.55,30.0,0,0.0
619087,,Gujarat,National Highways Authority of India [NHAI],2070.44,24.0,0,0.0
619089,,Assam,NHAI,1909.98,36.0,0,0.0
619090,,Delhi,National Highways Authority of India [NHAI],2067.67,24.0,0,0.0
619092,,Haryana,National Highways Authority of India [NHAI],994.22,24.0,0,0.0
619093,,"Multi-States (Haryana,",National Highways Authority of India [NHAI],,,0,
619094,,Tamil Nadu,National Highways Authority of India [NHAI],1243.57,24.0,0,0.0
619095,,Maharashtra,National Highways Authority of India [NHAI],546.44,18.0,0,0.0
619096,,Karnataka,National Highways Authority of India [NHAI],1644.92,29.0,0,0.0
619097,,"Multi-States (Kerala,",National Highways Authority of India [NHAI],,,0,
619098,,Kerala,National Highways Authority of India [NHAI],1424.77,24.0,0,0.0
619099,,Punjab,National Highways Authority of India [NHAI],1801.37,24.0,0,0.0
619100,,Madhya Pradesh,National Highways Authority of India [NHAI],866.0,24.0,0,0.0
619101,,Multi-States (Madhya,National Highways Authority of India [NHAI],,,0,
619102,,(-) (-),NHAI,1500.11,24.0,0,0.0
619103,,Chhattisgarh,National Highways Authority of India [NHAI],1172.36,24.0,0,0.0
619104,,"Multi-States (Jharkhand, West",National Highways Authority of India [NHAI],1139.65,24.0,0,0.0
619105,,Punjab,National Highways Authority of India [NHAI],1555.13,24.0,0,0.0
619106,,Karnataka,National Highways Authority of India [NHAI],1141.88,24.0,0,0.0
619107,,Karnataka,National Highways Authority of India [NHAI],1311.41,24.0,0,0.0
619108,,Karnataka,National Highways Authority of India [NHAI],1452.43,24.0,0,0.0
619109,,Odisha,National Highways Authority of India [NHAI],1101.76,24.0,0,0.0
619112,,Andhra Pradesh,National Highways Authority of India [NHAI],1012.57,24.0,0,0.0
619113,,Tamil Nadu,National Highways Authority of India [NHAI],235.8,30.0,0,0.0
619114,,Madhya Pradesh,National Highways Authority of India [NHAI],1081.51,24.0,0,0.0
619115,,Karnataka,National Highways Authority of India [NHAI],796.77,24.0,0,0.0
619117,,Karnataka,National Highways Authority of India [NHAI],1091.4,24.0,0,0.0
619118,,Odisha,National Highways Authority of India [NHAI],2510.04,29.0,0,0.0
619119,,Odisha,National Highways Authority of India [NHAI],999.32,30.0,0,0.0
619120,,Karnataka,National Highways Authority of India [NHAI],2919.8,30.0,0,0.0
619121,,Karnataka,National Highways Authority of India [NHAI],3619.32,36.0,0,0.0
619122,,"Multi-States (Delhi,",National Highways Authority of India [NHAI],,,0,
619123,,Andhra Pradesh,National Highways Authority of India [NHAI],813.66,24.0,0,0.0
619124,,Andhra Pradesh,National Highways Authority of India [NHAI],747.29,24.0,0,0.0
619125,,Andhra Pradesh,National Highways Authority of India [NHAI],1103.9,24.0,0,0.0
619126,,Andhra Pradesh,National Highways Authority of India [NHAI],976.41,24.0,0,0.0
619127,,Bihar,NHAI,2185.75,24.0,0,0.0
619128,,Telangana,National Highways Authority of India [NHAI],615.78,24.0,0,0.0
619129,,Tamil Nadu,National Highways Authority of India [NHAI],1360.54,24.0,0,0.0
619130,,Tamil Nadu,National Highways Authority of India [NHAI],1116.13,24.0,0,0.0
619131,,Tamil Nadu,National Highways Authority of India [NHAI],837.61,24.0,0,0.0
619132,,Haryana,National Highways Authority of India [NHAI],1810.04,24.0,0,0.0
619134,,Multi-States,National Highways Authority of India [NHAI],,,0,
619136,,Bihar,National Highways Authority of India [NHAI],610.78,23.0,0,0.0
619137,,Gujarat,National Highways Authority of India [NHAI],1024.69,30.0,0,0.0
619138,,Karnataka,National Highways Authority of India [NHAI],309.9,24.0,0,0.0
619139,,Tamil Nadu,National Highways Authority of India [NHAI],1299.36,30.0,0,0.0
619140,,Andhra Pradesh,National Highways Authority of India [NHAI],1398.84,24.0,0,0.0
619141,,Andhra Pradesh,National Highways Authority of India [NHAI],864.2,24.0,0,0.0
619142,,Uttarakhand,National Highways Authority of India [NHAI],216.97,18.0,0,0.0
619143,,"Multi-States (Andhra Pradesh,",National Highways Authority of India [NHAI],,,0,
619144,,Karnataka,National Highways Authority of India [NHAI],387.48,30.0,0,0.0
619145,,Gujarat,National Highways Authority of India [NHAI],1126.66,30.0,0,0.0
619146,,Gujarat,National Highways Authority of India [NHAI],750.53,30.0,0,0.0
619147,,Gujarat,National Highways Authority of India [NHAI],603.08,18.0,0,0.0
619148,,Gujarat,National Highways Authority of India [NHAI],1343.16,30.0,0,0.0
619149,,Maharashtra,National Highways Authority of India [NHAI],1774.03,24.0,0,0.0
619150,,Karnataka,National Highways Authority of India [NHAI],2859.93,24.0,0,0.0
619152,,Bihar,National Highways Authority of India [NHAI],1182.94,30.0,0,0.0
619153,,Himachal Pradesh,National Highways Authority of India [NHAI],1002.11,24.0,0,0.0
619154,,"Multi-States (Bihar, Uttar",National Highways Authority of India [NHAI],,,0,
619155,,Uttarakhand,National Highways Authority of India [NHAI],1602.89,24.0,0,0.0
619156,,(-) (-),NHAI,1853.16,24.0,0,0.0
619157,,Odisha,National Highways Authority of India [NHAI],795.18,30.0,0,0.0
619158,,Odisha,National Highways Authority of India [NHAI],789.0,30.0,0,0.0
619160,,Andhra Pradesh,National Highways Authority of India [NHAI],166.52,18.0,0,0.0
619161,,Tamil Nadu,National Highways Authority of India [NHAI],1376.1,24.0,0,0.0
619162,,Uttar Pradesh,National Highways Authority of India [NHAI],578.02,18.0,0,0.0
619163,,Maharashtra,National Highways Authority of India [NHAI],1471.32,24.0,0,0.0
619164,,Karnataka,National Highways Authority of India [NHAI],1214.3,30.0,0,0.0
619165,,Telangana,National Highways Authority of India [NHAI],18.65,107.0,0,0.0
619166,,Bihar,NHAI,768.35,24.0,0,0.0
619167,,Chhattisgarh,National Highways Authority of India [NHAI],865.1,24.0,0,0.0
619168,,Uttar Pradesh,National Highways Authority of India [NHAI],1602.48,24.0,0,0.0
619171,,Chhattisgarh,SECL - CIL,2415.91,78.0,0,0.0
619172,,Chhattisgarh,SECL - CIL,1859.19,51.0,0,0.0
619181,,Odisha,National Highways Authority of India [NHAI],882.45,23.0,0,0.0
619183,,Dadra & Nagar Haveli and,MoRTH,,,0,
619184,,Andaman & Nicobar,NHIDCL,207.45,18.0,1,81.47987466859486
619185,,Andaman & Nicobar,NHIDCL,183.56,17.0,1,81.4774460666812
619186,,Andaman & Nicobar,NHIDCL,262.96,21.0,1,41.420748402798914
619187,,West Bengal,NHIDCL,,,0,
619191,,Uttar Pradesh,MinistryofPetroleumNaturalGas,202.0,24.0,0,0.0
619193,,Telangana,MoRTH,295.47,24.0,0,0.0
619194,,(-) (-),MoRTH,168.05,17.0,0,0.0
619196,,Haryana,IOCL,359.0,22.0,0,0.0
619197,,Gujarat,National Highways Authority of India [NHAI],1185.69,24.0,0,0.0
619198,,Maharashtra,National Highways Authority of India [NHAI],1711.38,24.0,0,0.0
619199,,"Multi-States (Andhra Pradesh,",National Highways Authority of India [NHAI],,,0,
619200,,Punjab,National Highways Authority of India [NHAI],1641.75,23.0,0,0.0
619201,,Haryana,National Highways Authority of India [NHAI],1741.45,24.0,0,0.0
619202,,Delhi,National Highways Authority of India [NHAI],2144.67,24.0,0,0.0
619203,,Maharashtra,National Highways Authority of India [NHAI],1252.92,30.0,0,0.0
619204,,Maharashtra,NHAI,372.03,18.0,0,0.0
619205,,"Multi-States (Karnataka,",National Highways Authority of India [NHAI],,,0,
619206,,Kerala,National Highways Authority of India [NHAI],3041.65,27.0,0,0.0
619207,,Kerala,National Highways Authority of India [NHAI],2641.37,29.0,0,0.0
619208,,Kerala,National Highways Authority of India [NHAI],3635.64,30.0,0,0.0
619209,,Maharashtra,National Highways Authority of India [NHAI],1709.56,24.0,0,0.0
619210,,Maharashtra,National Highways Authority of India [NHAI],1411.71,24.0,0,0.0
619211,,Karnataka,National Highways Authority of India [NHAI],2104.7,30.0,0,0.0
619212,,"Multi-States (Andhra Pradesh,",National Highways Authority of India [NHAI],,,0,
619213,,Odisha,National Highways Authority of India [NHAI],791.17,24.0,0,0.0
619214,,Karnataka,National Highways Authority of India [NHAI],688.0,24.0,0,0.0
619215,,Odisha,National Highways Authority of India [NHAI],991.41,30.0,0,0.0
619216,,"Multi-States (Haryana,",National Highways Authority of India [NHAI],,,0,
619217,,"Multi-States (Uttar Pradesh,",National Highways Authority of India [NHAI],1659.12,30.0,0,-2.207796904383039
619218,,Karnataka,National Highways Authority of India [NHAI],1364.14,24.0,0,0.0
619219,,(-),National Highways Authority of India [NHAI],,,0,
619220,,Karnataka,National Highways Authority of India [NHAI],1444.5,24.0,0,0.0
619221,,Uttarakhand,NHAI,252.97,15.0,0,0.0
619222,,Tamil Nadu,National Highways Authority of India [NHAI],467.99,24.0,0,0.0
619223,,Maharashtra,Ministry of Petroleum & Natural Gas,13626.0,52.0,0,0.0
619224,,Maharashtra,Ministry of Petroleum & Natural Gas,844.0,33.0,0,0.0
619225,,Maharashtra,Ministry of Petroleum & Natural Gas,260.2,24.0,0,0.0
619226,,Andhra Pradesh,Ministry of Petroleum and Natural Gas,258.34,30.0,0,0.0
619227,,(-) (-),Power Grid Corporation of India Limited [POWERGRID],1420.0,24.0,0,0.0
619228,,(-) (-),Power Grid Corporation of India Limited [POWERGRID],1111.0,24.0,0,0.0
619229,,(-) (-),Syama Prasad Mookerjee Port Kolkata,832.25,18.0,0,0.0
619248,,Arunachal Pradesh,NHIDCL,441.41,24.0,0,0.0
619251,,Rajasthan,MoRTH,170.49,18.0,0,0.0
619253,,(-) (-),MoRTH,516.17,24.0,0,0.0
619265,,Telangana,MoRTH,675.45,24.0,0,0.0
619270,,Rajasthan,NHAI,910.91,30.0,0,0.0
619271,,Rajasthan,NHAI,363.89,30.0,0,0.0
619289,,Bihar,NHAI,1659.81,24.0,0,0.0
619291,,Multi-States (Himachal,NHAI,,,0,
619292,,Uttarakhand,NHAI,1092.9,24.0,0,0.0
619293,,Uttarakhand,NHAI,715.97,24.0,0,0.0
619294,,Uttarakhand,NHAI,720.67,30.0,0,0.0
619295,,Uttarakhand,NHAI,742.43,23.0,0,0.0
619297,,Gujarat,NHAI,647.2,24.0,0,0.0
619298,,Maharashtra,NHAI,1039.0,36.0,0,0.0
619299,,Maharashtra,NHAI,357.99,24.0,0,0.0
619300,,Maharashtra,NHAI,300.68,18.0,0,0.0
619301,,Bihar,NHAI,633.91,,0,-15.148838163146184
619305,,Bihar,NHAI,1769.5,24.0,0,0.0
619306,,Bihar,NHAI,1020.84,24.0,0,0.0
619307,,"Multi-States (Bihar,",NHAI,,,0,
619308,,Uttar Pradesh,NHAI,836.24,24.0,0,0.0
619311,,Arunachal Pradesh,THDC India Limited,14105.83,78.0,0,0.0
619312,,(-) (-),MinistryofPetroleumNaturalGas,186.0,24.0,0,0.0
619313,,(-) (-),MinistryofPetroleumNaturalGas,483.14,47.0,0,0.0
619314,,(-) (-),Ministry of Petroleum & Natural Gas,6175.0,21.0,0,0.0
619316,,Assam,Ministry of Petroleum & Natural Gas,495.59,24.0,0,0.0
619317,,(-) (-),NHAI,2906.78,,0,-6.309042996029982
619318,,(-) (-),NHAI,1368.91,24.0,0,0.0
619320,,Bihar,NHAI,2290.72,,0,-0.8818311626498252
619321,,Mizoram,MoRTH,170.96,24.0,0,0.0
619326,,(-) (-),South Central Railway [SCR] - II,9889.24,69.0,0,0.0
619328,,(-) (-),Ministry of Petroleum & Natural Gas,3713.4,16.0,0,0.0
619341,,(-) (-),National Thermal Power Corporation [NTPC],29344.85,70.0,0,0.0
619347,,Chhattisgarh,MoRTH,201.16,24.0,0,0.0
635651,,Odisha,Steel Authority of India Limited (SAIL,155.26,25.0,0,0.0
660056,,PAN India,Department of Telecommunications,765.0,36.0,0,0.0
665021,,PAN India,Department of Telecommunications,1821.0,36.0,0,0.0
701091,,Uttar Pradesh,Adani Airport Holdings Limited,3100.0,90.0,0,0.0
701101,,Bihar,Airport Authority of India [AAI],1216.9,28.0,0,0.0
701105,,Goa,Airport Authority of India [AAI],255.69,45.0,0,0.0
701107,,Andhra Pradesh,Airport Authority of India [AAI],611.8,39.0,0,0.0
701113,,Uttar Pradesh,Airport Authority of India [AAI],2869.65,0.0,0,0.0
701121,,Andhra Pradesh,Airport Authority of India [AAI],347.15,4.0,0,0.0
701122,,Uttar Pradesh,Airport Authority of India [AAI],579.0,24.0,0,0.0
701126,,Gujarat,Airport Authority of India [AAI],1551.0,0.0,0,0.0
701127,,Rajasthan,Airport Authority of India [AAI],480.0,11.0,0,0.0
701128,,Rajasthan,Airport Authority of India [AAI],887.0,7.0,0,0.0
701167,,Jammu and,Central Public Works Department [CPWD],1828.0,72.0,0,0.0
701168,,Tamil Nadu,PMSSY AND Institute of NATIONAL Importance,1264.0,44.0,0,0.0
701170,,Gujarat,PMSSY AND Institute of NATIONAL Importance,1195.0,86.0,0,0.0
701171,,Telangana,Ministry of Health & Family Welfare,1365.95,39.0,0,0.0
701172,,(09/2020),PMSSY AND Institute of NATIONAL Importance,6.0,48.0,0,0.0
701173,,Haryana,Ministry of Health & Family Welfare,1299.0,46.0,0,0.0
701228,,Multi-States,Ministry of Petroleum & Natural Gas,,,0,
701263,,Multi-States,MinistryofPetroleumNaturalGas,43129.0,60.0,0,0.0
701269,,Karnataka,Ministry of Petroleum & Natural Gas,854.0,32.0,0,-16.592505854800944
701289,,Haryana,Ministry of Petroleum & Natural Gas,36225.0,15.0,0,0.0
701324,,Bihar,Ministry of Petroleum & Natural Gas,16724.0,40.0,0,0.0
701329,,Gujarat,Ministry of Petroleum & Natural Gas,17825.0,16.0,0,0.0
701330,,Multi-States,Ministry of Petroleum & Natural Gas,,,0,
701338,,Multi-States,Ministry of Petroleum & Natural Gas,,,0,
701341,,Multi-States,Ministry of Petroleum & Natural Gas,,,0,
701343,,Multi-States,Ministry of Petroleum & Natural Gas,,82.0,0,
701344,,Multi-States,Ministry of Petroleum & Natural Gas,,,0,
701346,,Multi-States,Ministry of Petroleum & Natural Gas,9265.0,47.0,0,0.0
701349,,Multi-States,Ministry of Petroleum & Natural Gas,10228.0,66.0,1,11.527180289401642
701350,,Multi-States,Ministry of Petroleum & Natural Gas,860.0,42.0,0,0.0
701354,,Multi-States,Ministry of Petroleum & Natural Gas,,,0,
701370,,Assam,"Department of Water Resources, River Development & GR",256.16,27.0,0,0.0
701371,,Bihar,Irrigation and CAD-TG,971.96,60.0,0,0.0
701372,,Gujarat,"Narmada and Water Resources, Water Supply and Kalpsar Department-GJ",33412.5,63.0,0,0.0
701376,,Jharkhand,Department of Water Resources-JH,9579.58,64.0,0,0.0
701377,,Karnataka,Water Resources-KA,1606.07,63.0,0,0.0
701383,,Maharashtra,Department of water resources-MH - II,1758.51,75.0,0,0.0
701384,,Maharashtra,Department of water resources-MH - II,649.6,61.0,1,11.50862068965517
701386,,Maharashtra,Department of water resources-MH - II,12770.1,78.0,0,0.0
701388,,Maharashtra,Department of water resources-MH - II,2685.41,66.0,1,0.15975214213099542
701390,,Maharashtra,Department of water resources-MH - II,611.0,60.0,1,31.569558101472992
701391,,Maharashtra,Department of water resources-MH - II,1472.14,61.0,0,0.0
701392,,Maharashtra,Department of water resources-MH - II,2774.9,48.0,0,-61.44653861400411
701395,,Uttar Pradesh,"Department of Water Resources, River Development & GR",219.9,216.0,0,0.0
701396,,Maharashtra,Department of water resources-MH - II,1480.7,78.0,0,0.0
701398,,Maharashtra,Department of water resources-MH - II,781.85,63.0,0,0.0
701399,,Chhattisgarh,"Department of Water Resources, River Development & GR",382.29,192.0,0,0.0
701400,,Manipur,Water Resources Department-MN,1822.24,75.0,0,0.0
701402,,Odisha,"Department of Water Resources, River Development & GR",7023.19,,0,-56.48871808964302
701404,,Odisha,Irrigation and CAD-TG,2301.28,60.0,0,0.0
701405,,Telangana,Irrigation and CAD-TG,14730.0,72.0,0,0.0
701406,,Telangana,Irrigation and CAD-TG,2509.66,75.0,0,0.0
701408,,Uttar Pradesh,Irrigation & Water Resources-UP,4417.21,60.0,0,0.0
701410,,Punjab,Department of Water Resources-PB,2462.16,48.0,0,0.0
701411,,Punjab,Department of Water Resources-PB,2715.7,40.0,0,0.0
701412,,Multi-States,"Department of Water Resources, River Development & GR",1622.27,2.0,0,0.0
701415,,Andhra Pradesh,Water Resources-AP,55548.9,47.0,0,0.0
701530,,Multi-States (Madhya,"Department of Water Resources, River Development, ",21030.0,84.0,0,
701564,,Kerala,Cochin Shipyard,1799.0,55.0,0,0.0
701565,,Multi-States,Inland Waterways Authority of India [IWAI],,,0,
701568,,Gujarat,Deendayal Port Trust [DPT],225.85,24.0,0,0.0
701570,,Gujarat,Deendayal Port Trust [DPT],211.61,24.0,0,0.0
701574,,Odisha,Paradip Port Trust [PPT],3004.63,10.0,0,0.0
701576,,West Bengal,"Haldia Dock Complex, Syama Prasad Mookerjee Port Authority",298.26,4.0,0,0.0
701577,,West Bengal,"Haldia Dock Complex, Syama Prasad Mookerjee Port Authority",253.65,36.0,0,0.0
701586,,Maharashtra,Mumbai Port Trust [MPT],900.0,0.0,0,0.0
701593,,PAN India,Department of Telecommunications [DoT],19592.0,24.0,0,0.0
701597,,Multi-States,Department of Telecommunications [DoT],,,0,
701598,,Meghalaya,Department of Telecommunications [DoT],971.96,36.0,0,0.0
701599,,Multi-States,Department of Telecommunications [DoT],,,0,
701600,,Multi-States,Department of Telecommunications [DoT],,,0,
701602,,Multi-States,Department of Telecommunications [DoT],,,0,
701657,,Karnataka,National Highways & Infrastructure Development Corporation Ltd. [NHIDCL],1701.81,43.0,0,0.0
701658,,Andhra Pradesh,National Industrial Corridor Development Corporation,2139.44,48.0,0,0.0
701661,,Uttarakhand,National Industrial Corridor Development Corporation,1265.37,30.0,0,0.0
701662,,Punjab,National Industrial Corridor Development Corporation,1367.72,30.0,0,0.0
701668,,(-) (-),National Industrial Corridor Development Corporation,3805.0,42.0,0,0.0
701719,,Gujarat,Ministry of Housing & Urban Affairs,539.0,73.0,0,0.0
701745,,Maharashtra,Ministry of Housing & Urban Affairs,262.76,40.0,0,0.0
701766,,Uttarakhand,Ministry of Housing & Urban Affairs,150.97,51.0,0,0.0
701991,,Maharashtra,Ministry of Housing & Urban Affairs,600.0,36.0,0,0.0
702355,,Dadra & Nagar,Ministry of Housing & Urban Affairs,,,0,
702522,,Bihar,"PMAY, Ministry of Housing and Urban Affairs",454.65,,0,-54.989552402947325
702524,,Chhattisgarh,"PMAY, Ministry of Housing and Urban Affairs",3797.69,,0,-29.062140406404946
702540,,Gujarat,"PMAY, Ministry of Housing and Urban Affairs",5477.4,,0,-44.57571110380837
702544,,Chandigarh,"PMAY, Ministry of Housing and Urban Affairs",285.85,,0,-55.36820010495016
702555,,Jharkhand,"PMAY, Ministry of Housing and Urban Affairs",212.74,,0,-80.72764877315034
702612,,Uttar Pradesh,"PMAY, Ministry of Housing and Urban Affairs",576.99,,0,-75.39992027591465
702625,,Madhya Pradesh,Madhya Pradesh Metro Rail Co Limited [MPMRCL],6941.4,67.0,0,0.0
702626,,Madhya Pradesh,Madhya Pradesh Metro Rail Co Limited [MPMRCL],7500.8,73.0,0,0.0
702627,,Bihar,Patna Metro Rail Corporation Ltd. [PMRCL],13365.8,40.0,0,0.0
702628,,Uttar Pradesh,Uttar Pradesh metro rail corporation [UPMRC],11076.5,34.0,0,0.0
702629,,Uttar Pradesh,Uttar Pradesh metro rail corporation [UPMRC],8379.62,37.0,0,0.0
702630,,Gujarat,Gujarat Metro Rail Corporation Limited [GMRCL],12020.3,27.0,0,0.0
702631,,Gujarat,Gujarat Metro Rail Corporation Limited [GMRCL],5384.17,21.0,0,0.0
702632,,Delhi,Delhi Metro Rail Corporation Limited [DMRC],24948.7,12.0,0,0.0
702633,,"Multi-States (Delhi,",National Capital Region Transport Corporation [NCRTC],30274.0,75.0,0,0.0
702635,,Karnataka,Bengaluru Metro Rail,30695.1,66.0,0,0.0
702637,,Maharashtra,Mumbai Metro Rail Corporation Limited [MMRC],23942.0,15.0,0,0.0
702639,,Gujarat,Gujarat Metro Rail Corporation Limited [GMRCL],12924.5,89.0,0,0.0
702658,,Maharashtra,Maharashtra Metro Rail Corporation Limited [MMRCL],6708.0,60.0,0,0.0
702664,,Kerala,CSPCC Projects,1957.05,0.0,0,0.0
702665,,Karnataka,Bengaluru Metro Rail,14788.1,0.0,0,0.0
702668,,Tamil Nadu,Chennai Metro Rail Limited [CMRL],63246.0,105.0,0,0.0
702674,,Andhra Pradesh,Ministry of Housing & Urban Affairs,172.22,56.0,0,0.0
702682,,Assam,Ministry of Housing & Urban Affairs,186.8,38.0,0,0.0
702699,,Bihar,Ministry of Housing & Urban Affairs,158.78,56.0,0,0.0
702734,,Haryana,Ministry of Housing & Urban Affairs,278.01,70.0,0,0.0
702735,,Haryana,Ministry of Housing & Urban Affairs,213.19,53.0,0,0.0
702741,,Jharkhand,Ministry of Housing & Urban Affairs,216.55,51.0,0,0.0
702742,,Jharkhand,Ministry of Housing & Urban Affairs,159.31,58.0,0,0.0
702746,,Jharkhand,Ministry of Housing & Urban Affairs,278.28,51.0,0,0.0
702760,,Karnataka,Ministry of Housing & Urban Affairs,162.73,81.0,0,0.0
702764,,Karnataka,Ministry of Housing & Urban Affairs,174.96,62.0,0,0.0
702793,,Madhya Pradesh,Ministry of Housing & Urban Affairs,287.17,64.0,0,0.0
702798,,Madhya Pradesh,Ministry of Housing & Urban Affairs,362.31,63.0,0,0.0
702808,,Madhya Pradesh,Ministry of Housing & Urban Affairs,191.56,87.0,0,0.0
702810,,Madhya Pradesh,Ministry of Housing & Urban Affairs,402.01,64.0,0,0.0
702833,,Maharashtra,Ministry of Housing & Urban Affairs,194.2,49.0,0,0.0
702840,,Maharashtra,Ministry of Housing & Urban Affairs,204.55,55.0,0,0.0
702842,,Maharashtra,Ministry of Housing & Urban Affairs,273.78,55.0,0,0.0
702851,,Maharashtra,Ministry of Housing & Urban Affairs,235.95,68.0,0,0.0
702854,,Maharashtra,Ministry of Housing & Urban Affairs,180.24,59.0,0,0.0
702948,,Uttar Pradesh,Ministry of Housing & Urban Affairs,235.73,46.0,0,0.0
702949,,Uttar Pradesh,Ministry of Housing & Urban Affairs,561.74,49.0,0,0.0
702958,,(-) (-),Ministry of Housing & Urban Affairs,173.21,,0,-17.75301656948213
703021,,Punjab,Ministry of Housing & Urban Affairs,258.53,36.0,0,0.0
703057,,Punjab,Ministry of Housing & Urban Affairs,287.0,38.0,0,0.0
703585,,Karnataka,Karnataka Rail Infrastructure Development Company Limited [K-RIDE],314.0,18.0,0,0.0
703586,,Multi-States,Karnataka Rail Infrastructure Development Company Limited [K-RIDE],,,0,
704495,,Multi-States,Department of Telecommunications [DoT],,,0,
705237,,Multi-States,DFCCIL,,,0,
705244,,Tamil Nadu,CPM/ICF,520.0,41.0,0,0.0
705252,,Telangana,RVNL,385.0,77.0,0,0.0
705253,,Andhra Pradesh,WPO/Patna,563.0,77.0,0,0.0
705298,,Delhi,RCIL,274.39,11.0,0,0.0
705300,,Maharashtra,RCIL,227.59,8.0,0,0.0
705356,,Maharashtra,Central Railways,4957.0,0.0,0,0.0
705357,,Maharashtra,Central Railway [CR] - II,1844.0,0.0,0,0.0
705358,,Odisha,East Coast Railway [ECoR] - II,5089.0,0.0,0,0.0
705359,,Odisha,East Coast Railway [ECoR] - II,1928.0,24.0,0,0.0
705362,,Offshore,East Central Railway [ECR] - I,819.0,48.0,0,0.0
705363,,Bihar,East Central Railway [ECR] - I,735.0,3.0,0,-17.687074829931973
705364,,Bihar,East Central Railway [ECR] - I,1384.0,27.0,0,0.0
705366,,Bihar,East Central Railway [ECR] - I,2087.0,81.0,0,0.0
705368,,Bihar,East Central Railway [ECR] - II,2514.0,34.0,0,0.0
705373,,Bihar,East Central Railway [ECR] - II,2882.0,29.0,0,0.0
705375,,Multi-States,East Central Railway [ECR] - II,1626.0,275.0,0,0.0
705385,,Multi-States,Eastern Railway [ER] - I,2555.0,72.0,0,0.0
705391,,Manipur,Northeast Frontier Railway [NFR],14323.0,228.0,0,0.0
705392,,Multi-States,Northeast Frontier Railway [NFR],,,0,
705394,,"Multi-States (Assam,",Northeast Frontier Railway [NFR],,,0,
705396,,Meghalaya,Northeast Frontier Railway [NFR],8324.28,132.0,0,0.0
705400,,Bihar,Northeast Frontier Railway [NFR],4412.0,7.0,0,-5.883952855847696
705401,,Multi-States,Northeast Frontier Railway [NFR],,,0,
705410,,Multi-States,Northen Railway [NR],,,0,
705419,,Multi-States,North Central Railway,,,0,
705424,,Multi-States,Northen Railway [NR],,,0,
705428,,Multi-States,RVNL - II,,,0,
705429,,Uttarakhand,RVNL - II,38953.0,15.0,0,0.0
705432,,Multi-States,Indian Railway Construction International Limited [IRCON],7877.0,60.0,1,49.48584486479624
705433,,Chhattisgarh,RVNL - II,1628.0,3.0,0,0.0
705434,,Karnataka,South Western Railway [SWR] - II,3034.98,96.0,0,0.0
705436,,Andhra Pradesh,South Central Railway [SCR] - II,2501.0,0.0,0,0.0
705437,,Telangana,South Central Railway [SCR] - II,2781.0,9.0,0,0.0
705444,,Chhattisgarh,Indian Railway Construction International Limited [IRCON],4970.0,45.0,0,0.0
705450,,Bihar,Indian Railway Construction International Limited [IRCON],486.0,57.0,0,0.0
705453,,(N22000139),Western Railway [WR] - II,,,0,
705454,,Multi-States,Western Railway [WR] - II,,,0,
705457,,Multi-States,Western Railway [WR] - II,,,0,
705458,,Gujarat,Western Railway [WR] - II,1600.0,69.0,0,0.0
705464,,(-) (-),South Western Railway [SWR] - II,1382.78,65.0,0,0.0
705479,,Maharashtra,South East Central Railway,1886.0,0.0,0,0.0
705480,,Madhya Pradesh,North Central Railway,8914.0,9.0,0,0.0
705481,,Multi-States,West Central Railway [WCR] - II,,,0,
705482,,Rajasthan,North Central Railway,747.0,96.0,0,0.0
705489,,(-) (-),CAOC/SR SR mor,601.43,58.0,0,0.0
705490,,Karnataka,South Western Railway [SWR] - II,6700.0,9.0,0,0.0
705491,,Multi-States,South Western Railway [SWR] - II,,,0,
705492,,Karnataka,South Western Railway [SWR] - II,825.0,6.0,0,0.0
705493,,(-) (-),South Western Railway [SWR] - II,5174.0,62.0,0,0.0
705494,,Multi-States,South Western Railway [SWR] - II,,,0,
705495,,Karnataka,South Western Railway [SWR] - II,1649.0,-2.0,0,0.0
705496,,Karnataka,South Western Railway [SWR] - II,1876.0,105.0,0,0.0
705497,,(-) (-),Central Railways,3445.34,164.0,0,0.0
705498,,Maharashtra,Central Railway [CR] - II,1432.0,0.0,0,0.0
705500,,Maharashtra,Central Railway [CR] - II,698.0,0.0,0,0.0
705502,,Maharashtra,Central Railway [CR] - II,1385.0,2.0,0,0.0
705503,,Maharashtra,Central Railway [CR] - II,6689.0,6.0,0,0.0
705504,,Maharashtra,Central Railway [CR] - II,3075.0,0.0,0,0.0
705505,,Maharashtra,Central Railway [CR] - II,1137.0,2.0,0,0.0
705506,,Maharashtra,Central Railway [CR] - II,1559.0,8.0,0,0.0
705507,,Multi-States,Central Railway [CR] - II,,,0,
705510,,Odisha,East Coast Railway [ECoR] - II,1284.0,14.0,0,0.0
705511,,Multi-States,East Coast Railway [ECoR] - II,,,0,
705512,,Multi-States,East Coast Railway [ECoR] - II,,,0,
705513,,Odisha,East Coast Railway [ECoR] - II,2362.0,3.0,0,0.0
705514,,Odisha,East Coast Railway [ECoR] - II,810.02,88.0,0,0.0
705515,,Odisha,East Coast Railway [ECoR] - II,2092.0,0.0,0,0.0
705520,,Multi-States,RVNL,,,0,
705526,,Bihar,East Central Railway [ECR] - I,519.0,7.0,0,0.0
705527,,Bihar,East Central Railway [ECR] - II,2222.0,0.0,0,0.0
705528,,Bihar,East Central Railway [ECR] - II,1586.0,14.0,0,0.0
705562,,Multi-States,North Eastern Railway [NER],,,0,
705566,,Uttar Pradesh,North Eastern Railway [NER],521.47,7.0,0,0.0
705567,,Uttar Pradesh,North Eastern Railway [NER],1118.0,6.0,0,0.0
705572,,Assam,Northeast Frontier Railway [NFR],4961.0,0.0,0,0.0
705583,,Delhi,CAO/C/NR,667.0,120.0,0,0.0
705588,,Uttar Pradesh,CAO/C/II/NR,1194.0,12.0,0,0.0
705598,,Multi-States,CAO/C/NCR,,,0,
705608,,Multi-States,North Central Railway,,,0,
705610,,Multi-States,South Central Railway [SCR] - I,,,0,
705612,,Multi-States,South Central Railway [SCR] - II,,,0,
705613,,Multi-States,South Central Railway [SCR] - II,,,0,
705616,,Multi-States,SECR,,,0,
705617,,Multi-States,South East Central Railway [SECR] - II,,,0,
705628,,Multi-States,South Eastern Railway - JH,,,0,
705629,,Multi-States,South Eastern Railway [SER] - I,,,0,
705632,,Multi-States,South Central Railway [SCR] - II,,,0,
705633,,Andhra Pradesh,South Central Railway [SCR] - II,4295.0,12.0,0,0.0
705635,,Multi-States,SR-ERS,,,0,
705638,,Kerala,Southern Railway [SR] - II,813.0,0.0,0,0.0
705639,,Kerala,SR-ERS,601.0,0.0,0,0.0
705648,,Andhra Pradesh,RVNL - II,6654.0,13.0,0,0.0
705650,,"Multi-States (Goa,",RVNL - II,5060.0,176.0,0,0.0
705651,,Madhya Pradesh,West Central Railway WCR I,4127.23,45.0,0,0.0
705659,,Madhya Pradesh,West Central Railway [WCR] - II,584.0,0.0,0,0.0
705660,,Madhya Pradesh,Indian Railway Construction International Limited [IRCON],4377.0,12.0,0,0.0
705661,,Madhya Pradesh,Indian Railway Construction International Limited [IRCON],1248.0,18.0,0,0.0
705662,,Multi-States,South Western Railway [SWR] - II,,,0,
705663,,Karnataka,South Western Railway [SWR] - II,493.0,0.0,0,0.0
705667,,Multi-States,RVNL - II,,,0,
705668,,Multi-States,RVNL - II,,,0,
705694,,Delhi,EDTK[MC]/RB,187.72,25.0,0,0.0
705708,,Delhi,EDTK[MC]/RB,176.0,45.0,0,0.0
705710,,Delhi,EDTK[MC]/RB,336.0,38.0,0,0.0
705712,,Delhi,EDTK[MC]/RB,480.0,42.0,0,0.0
705717,,Delhi,EDTK[MC]/RB,440.0,27.0,0,0.0
705720,,Delhi,EDTK[MC]/RB,384.0,32.0,0,0.0
705721,,Delhi,EDTK[MC]/RB,447.6,24.0,0,0.0
705722,,Delhi,EDTK[MC]/RB,210.0,42.0,0,0.0
705726,,Delhi,EDTK[MC]/RB,6339.0,34.0,0,0.0
705728,,Multi-States,National High Speed Rail Corporation [NHSRC],,,0,
705730,,West Bengal,RVNL - II,10362.0,24.0,0,0.0
705735,,Maharashtra,WR,3296.0,0.0,0,0.0
705741,,Odisha,East Coast Railway [ECoR] - II,748.0,17.0,0,0.0
705742,,Odisha,East Coast Railway [ECoR] - II,2344.0,0.0,0,0.0
705743,,Odisha,CAO/C/ECoR,29.5,106.0,0,0.0
705747,,(-) (-),East Central Railway [ECR] - I,902.86,60.0,0,0.0
705752,,Rajasthan,North Western Railway [NWR],967.06,0.0,0,0.0
705755,,Tamil Nadu,Southern Railway [SR] - I,359.0,0.0,0,0.0
705756,,Chhattisgarh,South East Central Railway [SECR] - II,656.52,0.0,1,172.41493775933608
705761,,Karnataka,South Western Railway [SWR] - II,1454.0,6.0,0,0.0
705762,,(-) (-),CAOC/SWR SWR mor,748.86,55.0,0,0.0
705763,,Madhya Pradesh,RVNL - II,7474.0,0.0,0,0.0
705764,,Multi-States,Western Railway [WR] - II,,,0,
705765,,Jharkhand,East Central Railway [ECR] - II,686.0,0.0,0,0.0
705766,,Uttar Pradesh,North Central Railway,356.0,11.0,0,0.0
705767,,Odisha,CAO/C/ECoR,258.0,0.0,1,0.01162925921617735
705771,,Uttar Pradesh,North Central Railway,494.0,65.0,0,0.0
705772,,Uttar Pradesh,North Central Railway,2649.0,3.0,0,0.0
705774,,Uttar Pradesh,CAO/C/NCR,779.49,26.0,0,0.0
705777,,Uttar Pradesh,CAO/C/NCR,250.18,12.0,0,0.0
705779,,Uttar Pradesh,South Eastern Railway [SER] - I,1777.0,15.0,0,0.0
705780,,Uttar Pradesh,RVNL - II,2529.46,10.0,0,0.0
705782,,Uttar Pradesh,CAO/C/NR,407.0,12.0,0,0.0
705783,,Punjab,CAO/C/NR,237.64,12.0,0,0.0
705784,,Uttar Pradesh,RVNL,978.77,0.0,0,0.0
705785,,Jharkhand,South Eastern Railway [SER] - I,473.0,11.0,0,0.0
705789,,Andhra Pradesh,South Western Railway [SWR] - II,307.66,0.0,0,0.0
705793,,(-) (-),PCE/WR,,,0,
705794,,Multi-States,PCE/NCR,,,0,
705799,,Maharashtra,MRIDC,1400.0,0.0,0,0.0
705863,,Uttar Pradesh,North Eastern Railway [NER],950.0,1.0,0,0.0
705912,,Rajasthan,North Western Railway [NWR],1203.89,47.0,0,0.0
705918,,Uttar Pradesh,North Central Railway,1457.0,9.0,0,0.0
705919,,Rajasthan,CAO/C/NCR,1390.0,0.0,0,0.0
705933,,Madhya Pradesh,Western Railway [WR] - II,1095.88,0.0,0,0.0
705941,,Karnataka,Karnataka Rail Infrastructure Development Company Limited [K-RIDE],15767.0,74.0,0,0.0
706718,,Manipur,Airport Authority of India [AAI],499.0,29.0,0,0.0
706724,,Assam,Adani Airport Holdings Limited,1712.0,84.0,0,0.0
706757,,Gujarat,SECR,262.0,24.0,0,0.0
706759,,Bihar,Indian Railway Construction International Limited [IRCON],2374.0,12.0,0,0.0
706763,,Gujarat,Western Railway [WR] - II,1080.58,0.0,0,0.0
706775,,PAN India,Department of Telecommunications [DoT],188000.0,43.0,0,0.0
706776,,West Bengal,"Metro Railway, Kolkata",4830.0,31.0,0,0.0
706777,,West Bengal,RVNL - II,2734.0,-12.0,0,0.0
706779,,Maharashtra,Mumbai Rail Vikas Corporation Ltd.[MRVC],8087.0,165.0,0,0.0
706780,,Maharashtra,Mumbai Rail Vikas Corporation Ltd.[MRVC],33690.0,0.0,0,0.0
706781,,Maharashtra,Mumbai Rail Vikas Corporation Ltd.[MRVC],10947.0,57.0,0,0.0
706811,,Chhattisgarh,National Mineral Development Corporation Limited [NMDC],5427.0,30.0,0,0.0
706835,,Karnataka,South Western Railway [SWR] - II,1591.0,15.0,0,0.0
706836,,(-) (-),North Western Railway [NWR],466.42,50.0,0,0.0
706837,,Jharkhand,East Central Railway [ECR] - I,349.22,60.0,0,0.0
706844,,Multi-States,GM/C/ NFR,,,0,
706854,,Chhattisgarh,South East Central Railway [SECR] - II,1576.23,0.0,0,0.0
706856,,Odisha,South Eastern Railway [SER] - I,245.0,0.0,0,-66.53061224489795
706860,,Bihar,East Central Railway [ECR] - I,645.0,0.0,0,0.0
706865,,(-) (-),South Western Railway [SWR] - II,,,0,
706866,,Rajasthan,North Western Railway [NWR],304.0,14.0,0,0.0
706898,,09/2019,CORE,0.0,18.0,0,0.0
706922,,Assam,Central Organisation for Railway Electrification [CORE],889.36,45.0,0,0.0
706940,,Assam,GM/C/ NFR,183.99,28.0,0,0.0
706942,,Assam,GM/C/ NFR,237.52,28.0,0,0.0
706950,,"Multi-States (Goa,",RVNL,744.49,58.0,0,0.0
706965,,(-) (-),"Medical Education, Ministry of Health and Family Welfare",4.0,,0,0.0
706966,,(-) (-),"Medical Education, Ministry of Health and Family Welfare",189.0,,0,0.0
706988,,(-) (-),"Medical Education, Ministry of Health and Family Welfare",13.0,,0,0.0
706989,,Meghalaya,"Medical Education, Ministry of Health and Family Welfare",189.0,0.0,0,0.0
707016,,(-) (-),"Medical Education, Ministry of Health and Family Welfare",6.0,,0,0.0
707017,,(-) (-),"Medical Education, Ministry of Health and Family Welfare",250.0,,0,0.0
707018,,(-) (-),"Medical Education, Ministry of Health and Family Welfare",8.0,,0,0.0
707019,,(-) (-),"Medical Education, Ministry of Health and Family Welfare",250.0,,0,0.0
707020,,Bihar,"Medical Education, Ministry of Health and Family Welfare",250.0,36.0,0,0.0
707021,,Jharkhand,"Medical Education, Ministry of Health and Family Welfare",250.0,30.0,0,0.0
707022,,Jharkhand,"Medical Education, Ministry of Health and Family Welfare",250.0,30.0,0,0.0
707039,,Sikkim,"Medical Education, Ministry of Health and Family Welfare",250.0,96.0,0,0.0
707044,,Chhattisgarh,"Medical Education, Ministry of Health and Family Welfare",325.0,38.0,0,0.0
707045,,Chhattisgarh,"Medical Education, Ministry of Health and Family Welfare",325.0,31.0,0,0.0
707046,,Chhattisgarh,"Medical Education, Ministry of Health and Family Welfare",325.0,30.0,0,0.0
707049,,Gujarat,"Medical Education, Ministry of Health and Family Welfare",325.0,42.0,0,0.0
707050,,Gujarat,"Medical Education, Ministry of Health and Family Welfare",325.0,23.0,0,0.0
707051,,(-) (-),"Medical Education, Ministry of Health and Family Welfare",325.0,62.0,0,
707052,,(-) (-),"Medical Education, Ministry of Health and Family Welfare",11.0,,1,2854.5454545454545
707057,,(-) (-),"Medical Education, Ministry of Health and Family Welfare",325.0,,0,0.0
707058,,Madhya Pradesh,"Medical Education, Ministry of Health and Family Welfare",325.0,17.0,0,0.0
707059,,Madhya Pradesh,"Medical Education, Ministry of Health and Family Welfare",325.0,30.0,0,0.0
707067,,Nagaland,"Medical Education, Ministry of Health and Family Welfare",325.0,0.0,0,0.0
707069,,Punjab,"Medical Education, Ministry of Health and Family Welfare",325.0,17.0,0,0.0
707070,,Punjab,"Medical Education, Ministry of Health and Family Welfare",325.0,33.0,0,0.0
707086,,Uttarakhand,"Medical Education, Ministry of Health and Family Welfare",325.0,34.0,0,0.0
707087,,Uttarakhand,"Medical Education, Ministry of Health and Family Welfare",325.0,44.0,0,0.0
707215,,Gujarat,Indian Port Rail & Ropeway Corporation Ltd. [IPRCL],1238.05,18.0,0,0.0
707229,,Andaman &,Smart City Mission,209.88,18.0,0,0.0
707267,,Gujarat,Smart City Mission,200.0,27.0,0,0.0
707410,,Haryana,National Highways & Infrastructure Development Corporation Ltd. [NHIDCL],763.0,24.0,0,0.0
707414,,Uttar Pradesh,National Industrial Corridor Development Corporation,1480.0,40.0,0,0.0
707419,,(-) (-),National Industrial Corridor Development Corporation,658.0,32.0,0,0.0
707420,,Bihar,National Industrial Corridor Development Corporation,1339.02,36.0,0,0.0
708655,,Maharashtra,Jawaharlal Nehru Port Authority [JNPA],366.8,54.0,0,0.0
708662,,Maharashtra,Mumbai Port Trust [MPT],693.0,18.0,0,0.0
708687,,Uttar Pradesh,Department of Telecommunications,1917.0,36.0,0,0.0
709747,,Gujarat,Satluj Jal Vidyut Nigam [SJVN] Thermal Limited,339.35,0.0,0,0.0
709748,,Rajasthan,Satluj Jal Vidyut Nigam [SJVN] Thermal Limited,5491.89,20.0,0,0.0
709749,,Multi-States,BSNL,,,0,
709750,,Tamil Nadu,Chennai Petroleum Corporation Limited [CPCL],205.0,3.0,0,0.0
709752,,Andhra Pradesh,Hindustan Petroleum Corporation Limited,220.0,21.0,0,0.0
709753,,West Bengal,Hindustan Petroleum Corporation Limited,1010.0,0.0,0,0.0
709754,,Assam,Hindustan Petroleum Corporation Limited,156.36,0.0,0,0.0
709755,,Assam,Hindustan Petroleum Corporation Limited [HPCL],384.04,0.0,0,0.0
709757,,Multi-States,Hindustan Petroleum Corporation Limited,1377.0,96.0,0,0.0
709758,,West Bengal,Hindustan Petroleum Corporation Limited,2628.0,0.0,0,0.0
709759,,Rajasthan,Hindustan Petroleum Corporation Limited [HPCL],461.05,0.0,0,0.0
709760,,Maharashtra,Hindustan Petroleum Corporation Limited,240.0,0.0,0,0.0
709761,,Andhra Pradesh,Hindustan Petroleum Corporation Limited,193.0,0.0,0,0.0
709766,,Andhra Pradesh,MinistryofPetroleumNaturalGas,1420.0,0.0,0,0.0
709768,,Tamil Nadu,MinistryofPetroleumNaturalGas,501.0,0.0,0,-77.73453093812375
709770,,Punjab,MinistryofPetroleumNaturalGas,151.0,0.0,0,0.0
709771,,Maharashtra,MinistryofPetroleumNaturalGas,865.0,0.0,0,0.0
709772,,West Bengal,MinistryofPetroleumNaturalGas,609.0,0.0,0,0.0
709773,,Jammu and,MinistryofPetroleumNaturalGas,538.0,120.0,0,0.0
709774,,Karnataka,Ministry of Petroleum & Natural Gas,500.62,0.0,0,0.0
709776,,Assam,MinistryofPetroleumNaturalGas,323.09,0.0,0,0.0
709777,,Bihar,MinistryofPetroleumNaturalGas,340.0,18.0,0,0.0
709778,,Gujarat,MinistryofPetroleumNaturalGas,287.0,13.0,0,0.0
709779,,Assam,MinistryofPetroleumNaturalGas,740.0,0.0,0,0.0
709780,,Maharashtra,MinistryofPetroleumNaturalGas,436.14,0.0,0,0.0
709781,,Uttar Pradesh,MinistryofPetroleumNaturalGas,260.12,-6.0,0,0.0
709782,,Maharashtra,Indian Oil Corporation Limited [IOCL],165.0,7.0,0,0.0
709783,,Haryana,MinistryofPetroleumNaturalGas,247.69,36.0,0,0.0
709785,,Jharkhand,MinistryofPetroleumNaturalGas,202.07,0.0,0,0.0
709786,,Nagaland,MinistryofPetroleumNaturalGas,227.62,0.0,0,0.0
709789,,Maharashtra,Bharat Petroleum Corporation Limited [BPCL],343.0,5.0,0,0.0
709790,,Kerala,Bharat Petroleum Corporation Limited [BPCL],621.87,0.0,0,0.0
709792,,Bihar,Bharat Petroleum Corporation Limited [BPCL],3638.0,0.0,0,0.0
709793,,Bihar,Bharat Petroleum Corporation Limited [BPCL],3919.0,0.0,0,0.0
709794,,Multi-States,Bharat Petroleum Corporation Limited [BPCL],,,0,
709795,,Uttar Pradesh,Bharat Petroleum Corporation Limited [BPCL],16654.0,0.0,0,0.0
709797,,Maharashtra,Bharat Petroleum Corporation Limited [BPCL],2585.0,0.0,0,0.0
709798,,Madhya Pradesh,MinistryofPetroleumNaturalGas,43367.0,0.0,0,0.0
709799,,Kerala,MinistryofPetroleumNaturalGas,4460.0,0.0,0,0.0
709800,,Odisha,MinistryofPetroleumNaturalGas,393.54,0.0,0,0.0
709801,,Uttar Pradesh,Bharat Petroleum Corporation Limited [BPCL],308.32,,0,-40.52607680332122
709808,,Maharashtra,CR,2094.0,7.0,1,119.1586681878605
709809,,Maharashtra,Central Railway [CR] - II,836.0,0.0,1,15.09511879525369
709810,,Odisha,Indian Railway,190.9,0.0,0,0.0
709811,,Odisha,East Coast Railway [ECoR] - II,190.0,0.0,0,0.0
709812,,Gujarat,WR,75.0,97.0,0,0.0
709813,,Gujarat,SECR,43.0,60.0,0,0.0
709814,,Chhattisgarh,SECR,184.0,0.0,1,8.235294117647058
709815,,Chhattisgarh,SECR,177.03,11.0,0,0.0
709816,,Chhattisgarh,SECR,177.34,0.0,0,0.0
709817,,Chhattisgarh,SECR,169.06,0.0,0,0.0
709818,,Chhattisgarh,SECR,328.34,0.0,0,0.0
709819,,Chhattisgarh,SECR,177.0,0.0,0,0.0
709820,,Madhya Pradesh,Satluj Jal Vidyut Nigam [SJVN] Thermal Limited,646.17,,0,-100.0
709826,,Chhattisgarh,National Mineral Development Corporation Limited [NMDC],2718.84,51.0,0,0.0
709827,,Chhattisgarh,National Mineral Development Corporation Limited [NMDC],349.75,38.0,0,0.0
709829,,Odisha,National Aluminium Company Limited [NALCO],1021.97,109.0,0,0.0
709830,,Odisha,Ministry of Mines,581.0,115.0,0,0.0
709831,,Odisha,National Aluminium Company Limited [NALCO],483.0,13.0,0,0.0
709832,,Tamil Nadu,National Aluminium Company Limited [NALCO],166.0,12.0,0,0.0
709837,,Tripura,Oil and Natural Gas Corporation Limited [ONGC],131.51,19.0,0,0.0
709838,,Gujarat,Oil and Natural Gas Corporation Limited [ONGC],621.4,12.0,0,0.0
709839,,Offshore,Oil and Natural Gas Corporation Limited [ONGC],6406.9,4.0,0,0.0
709840,,Gujarat,Oil and Natural Gas Corporation Limited [ONGC],249.43,10.0,0,0.0
709841,,Gujarat,Oil and Natural Gas Corporation Limited [ONGC],169.84,8.0,0,0.0
709842,,Gujarat,Oil and Natural Gas Corporation Limited [ONGC],1487.41,0.0,0,0.0
709845,,Gujarat,Oil and Natural Gas Corporation Limited [ONGC],837.34,0.0,0,0.0
709846,,Maharashtra,Oil and Natural Gas Corporation Limited [ONGC],1145.1,18.0,0,0.0
709847,,Assam,Ministry of Petroleum & Natural Gas,344.99,0.0,0,0.0
709848,,Offshore,Ministry of Petroleum & Natural Gas,2354.23,0.0,0,0.0
709849,,Offshore,Ministry of Petroleum & Natural Gas,3165.53,0.0,0,0.0
709850,,Assam,Ministry of Petroleum & Natural Gas,198.7,0.0,0,0.0
709851,,Offshore,Ministry of Petroleum & Natural Gas,6183.79,0.0,0,0.0
709855,,PAN India,BSNL,239.6,12.0,0,-25.029215358931552
709856,,PAN India,BSNL,645.13,12.0,0,0.0
709857,,PAN India,BSNL,24544.5,9.0,0,0.0
709858,,PAN India,BSNL,810.99,18.0,0,0.0
709859,,Delhi,National Communication Academy - Finance (Erstwhile NICF,248.2,68.0,0,0.0
709864,,Assam,NRL,370.0,15.0,0,0.0
709865,,Assam,NRL,293.5,10.0,0,0.0
738679,,Odisha,Steel Authority of India Limited (SAIL,2584.41,41.0,0,0.0
834015,,Odisha,Steel Authority of India Limited (SAIL,1140.07,41.0,0,0.0
900808,,Multi-States,Power Grid Corporation of India Limited [POWERGRID],,,0,
900872,,Uttar Pradesh,Northen Railway [NR],177.0,48.0,0,0.0
900874,,Bihar,East Central Railway [ECR] - I,588.18,60.0,0,0.0
914467,,PAN India,Department of Telecommunications,1550.0,36.0,0,0.0
938832,,PAN India,Department of Telecommunications,2839.0,36.0,0,0.0
944288,,Chhattisgarh,Steel Authority of India Limited (SAIL,192.21,18.0,0,0.0
946208,,PAN India,Department of Telecommunications,160.0,36.0,0,0.0
976009,,PAN India,Department of Telecommunications,1168.0,36.0,0,0.0
