approved_cost,state_historical_overrun_avg,sector_historical_overrun_avg,agency_historical_overrun_avg
647.0,262.1247727272727,363.7320911929231,464.6008888888889
334.0,315.531675,363.7320911929231,174.47120879120877
1028.0,486.77029069767445,363.7320911929231,168.97500000000002
877.34,956.9821886792453,363.7320911929231,464.6008888888889
769.93,381.89819935691315,363.7320911929231,464.6008888888889
7612.33,123.14413793103449,363.7320911929231,0.0
198.06,8.301999999999998,363.7320911929231,5.649295550847458
957.95,270.7600688705234,363.7320911929231,5.0842673796791455
384.32,486.77029069767445,363.7320911929231,0.0
198.7,270.7600688705234,363.7320911929231,669.1571205357143
345.38,50.20999999999998,363.7320911929231,5.0842673796791455
402.01,56.79416988416988,363.7320911929231,2.9732515337423315
6663.0,0.0,363.7320911929231,407.5
412.3,270.7600688705234,363.7320911929231,669.1571205357143
237.52,270.7600688705234,363.7320911929231,0.0
43129.0,35025.6,363.7320911929231,1910.85
355.79,0.0,363.7320911929231,5.0842673796791455
4103.0,121.71318327974278,363.7320911929231,499.0127272727272
232.99,351.42589473684217,363.7320911929231,5.0842673796791455
386.51,0.0,363.7320911929231,5.0842673796791455
265.91,956.9821886792453,363.7320911929231,18.41794117647059
3004.63,121.71318327974278,363.7320911929231,0.0
657.21,-10.89734042553192,363.7320911929231,5.0842673796791455
2555.0,132.06352941176476,363.7320911929231,83.60526315789474
784.35,1221.245,363.7320911929231,41.924557021677664
150.21,215.1169805194805,363.7320911929231,32.15372393247269
237.64,177.61824742268038,363.7320911929231,192.9492857142857
351.12,0.0,363.7320911929231,5.0842673796791455
5194.95,121.71318327974278,363.7320911929231,51.05647058823524
2082.98,462.1300000000001,363.7320911929231,41.924557021677664
411.16,28.96202247191011,363.7320911929231,32.15372393247269
1454.0,0.0,363.7320911929231,421.2039097744361
2309.8,123.14413793103449,363.7320911929231,0.0
5365.88,175.0411904761905,363.7320911929231,-0.001315789473683013
373.0,101.70593749999993,363.7320911929231,0.0
1093.35,260.3768181818182,363.7320911929231,32.15372393247269
209.33,-10.89734042553192,363.7320911929231,185.61302013422815
4830.0,0.0,363.7320911929231,0.0
13447.0,375.846,363.7320911929231,715.124375
498.97,195.75224913494807,363.7320911929231,32.15372393247269
258.85,145.4,363.7320911929231,5.649295550847458
366.94,56.79416988416988,363.7320911929231,0.0
14810.0,195.75224913494807,363.7320911929231,669.1571205357143
7844.25,410.75,363.7320911929231,669.1571205357143
207.13,0.0,363.7320911929231,41.97798701298701
240.0,0.0,363.7320911929231,669.1571205357143
1511.57,0.0,363.7320911929231,5.649295550847458
2002.0,-21.43357142857139,363.7320911929231,5.730666666666669
1494.31,51.75999999999999,363.7320911929231,41.924557021677664
562.98,27.634043715847,363.7320911929231,5.0842673796791455
1034.01,187.98075657894734,363.7320911929231,41.97798701298701
322.81,0.0,363.7320911929231,5.649295550847458
248.2,101.70593749999993,363.7320911929231,0.0
297.25,27.634043715847,363.7320911929231,5.649295550847458
210.0,0.0,363.7320911929231,114.72216216216215
2541.13,-558.0800000000002,363.7320911929231,32.15372393247269
1660.19,265.61896265560165,363.7320911929231,41.924557021677664
2907.0,2520.0,363.7320911929231,635.6234693877551
984.07,0.0,363.7320911929231,5.649295550847458
911.24,56.79416988416988,363.7320911929231,41.924557021677664
242.0,0.0,363.7320911929231,5.649295550847458
4546.26,53.03571428571427,363.7320911929231,174.47120879120877
1376.56,132.06352941176476,363.7320911929231,32.15372393247269
1354.0,0.0,363.7320911929231,174.47120879120877
185.09,84.72,363.7320911929231,5.649295550847458
325.0,132.68696,363.7320911929231,141.12833333333333
1269.5,260.3768181818182,363.7320911929231,32.15372393247269
230.06,195.75224913494807,363.7320911929231,0.0
442.42,0.0,363.7320911929231,0.0
31580.0,223.70475409836064,363.7320911929231,2512.6315789473683
1346.82,508.83510752688176,363.7320911929231,32.15372393247269
6708.0,0.0,363.7320911929231,2.127659574468085
230.03,486.77029069767445,363.7320911929231,5.649295550847458
329.82,-132.95,363.7320911929231,41.924557021677664
2298.0,175.0411904761905,363.7320911929231,715.124375
466.42,-40.225445544554454,363.7320911929231,14.872403100775186
464.62,39.93307692307693,363.7320911929231,32.15372393247269
1467.44,51.62951923076919,363.7320911929231,41.924557021677664
860.37,149.50630630630627,363.7320911929231,5.0842673796791455
645.63,104.57000000000004,363.7320911929231,41.924557021677664
386.49,7.646978021978025,363.7320911929231,5.649295550847458
711.01,381.89819935691315,363.7320911929231,0.0
1095.88,56.79416988416988,363.7320911929231,760.053
17112.0,187.98075657894734,363.7320911929231,1228.6439795918368
305.0,956.9821886792453,363.7320911929231,0.0
260.13,215.1169805194805,363.7320911929231,23.371704545454545
693.97,270.7600688705234,363.7320911929231,5.0842673796791455
335.97,0.0,363.7320911929231,0.0
646.27,-12.324545454545458,363.7320911929231,32.15372393247269
195.14,0.0,363.7320911929231,5.0842673796791455
2434.75,121.71318327974278,363.7320911929231,0.0
625.58,315.531675,363.7320911929231,41.924557021677664
698.45,6.324500000000002,363.7320911929231,5.0842673796791455
626.01,115.06428571428569,363.7320911929231,32.15372393247269
1000.27,149.50630630630627,363.7320911929231,5.0842673796791455
263.19,177.61824742268038,363.7320911929231,5.649295550847458
256.16,270.7600688705234,363.7320911929231,571.6111111111111
1209.0,175.0411904761905,363.7320911929231,1537.8174226804128
2400.0,287.41615384615386,363.7320911929231,233.79176470588237
4835.0,175.0411904761905,363.7320911929231,715.124375
488.6,215.1169805194805,363.7320911929231,5.649295550847458
747.0,544.0854679802956,363.7320911929231,6.500000000000007
383.84,0.0,363.7320911929231,332.426829268293
361.24,-3.1899999999999977,363.7320911929231,5.649295550847458
908.47,187.98075657894734,363.7320911929231,16.512476190476193
1215.56,956.9821886792453,363.7320911929231,464.6008888888889
328.29,16.069999999999993,363.7320911929231,1910.85
351.83,956.9821886792453,363.7320911929231,464.6008888888889
764.57,187.98075657894734,363.7320911929231,16.512476190476193
563.0,956.9821886792453,363.7320911929231,0.0
399.01,248.87452991452994,363.7320911929231,5.649295550847458
769.93,0.0,363.7320911929231,464.6008888888889
264.84,110.92583333333334,363.7320911929231,5.0842673796791455
3563.5,0.0,363.7320911929231,0.0
645.13,22509.083333333332,363.7320911929231,-0.01666666666642413
861.37,0.0,363.7320911929231,18.41794117647059
223.46,381.89819935691315,363.7320911929231,5.649295550847458
492.66,7.646978021978025,363.7320911929231,5.649295550847458
1051.73,65.44000000000005,363.7320911929231,41.924557021677664
1409.88,137.48202702702702,363.7320911929231,32.15372393247269
1021.97,121.71318327974278,363.7320911929231,499.0127272727272
2373.64,195.75224913494807,363.7320911929231,1258.623466666667
768.35,106.38125,363.7320911929231,32.15372393247269
14788.1,0.0,363.7320911929231,1634.2714285714285
852.0,223.70475409836064,363.7320911929231,41.924557021677664
2140.0,326.00631578947366,363.7320911929231,113.0609756097561
2531.99,265.61896265560165,363.7320911929231,32.15372393247269
219.18,111.53585635359119,363.7320911929231,18.41794117647059
222.77,351.42589473684217,363.7320911929231,5.0842673796791455
1628.0,0.0,363.7320911929231,136.80374999999998
1216.9,195.75224913494807,363.7320911929231,18.41794117647059
157.32,30.29000000000002,363.7320911929231,5.649295550847458
386.51,270.7600688705234,363.7320911929231,5.0842673796791455
43129.0,544.0854679802956,363.7320911929231,1910.85
8399.81,0.0,363.7320911929231,0.013823529411531452
9028.0,0.0,363.7320911929231,669.1571205357143
316.44,0.0,363.7320911929231,5.649295550847458
1957.05,104.04144736842105,363.7320911929231,0.0
2344.0,121.71318327974278,363.7320911929231,114.72216216216215
17237.8,111.53585635359119,363.7320911929231,332.426829268293
861.37,201.01747572815538,363.7320911929231,18.41794117647059
1376.1,223.70475409836064,363.7320911929231,41.924557021677664
342.69,0.0,363.7320911929231,174.47120879120877
483.65,0.0,363.7320911929231,-0.001315789473683013
367.0,177.61824742268038,363.7320911929231,3.9130434782608696
1441.26,177.61824742268038,363.7320911929231,772.0536842105263
1400.0,381.89819935691315,363.7320911929231,0.0
1092.88,-9.77000000000021,363.7320911929231,41.924557021677664
7877.0,3898.0249999999996,363.7320911929231,1258.623466666667
345.38,114.68700000000001,363.7320911929231,5.0842673796791455
222.77,351.42589473684217,363.7320911929231,5.0842673796791455
2538.67,2418.6000000000004,363.7320911929231,694.994625
513.82,0.0,363.7320911929231,41.97798701298701
1991.71,111.53585635359119,363.7320911929231,41.924557021677664
992.91,508.83510752688176,363.7320911929231,32.15372393247269
1307.16,123.14413793103449,363.7320911929231,41.924557021677664
2029.17,648.06,363.7320911929231,41.924557021677664
277.44,27.634043715847,363.7320911929231,5.0842673796791455
2208.68,254.34000000000017,363.7320911929231,41.924557021677664
170.49,123.14413793103449,363.7320911929231,72.1
24819.0,0.0,363.7320911929231,174.47120879120877
385.57,149.50630630630627,363.7320911929231,5.0842673796791455
2926.42,106.38125,363.7320911929231,5.649295550847458
380.47,15.677083333333327,363.7320911929231,29.266851851851854
1002.11,360.9299999999999,363.7320911929231,41.924557021677664
423.15,265.61896265560165,363.7320911929231,5.649295550847458
188.87,111.53585635359119,363.7320911929231,41.924557021677664
154.73,175.0411904761905,363.7320911929231,0.0
751.03,56.79416988416988,363.7320911929231,155.60470588235296
607.04,486.77029069767445,363.7320911929231,0.0
1876.0,265.61896265560165,363.7320911929231,421.2039097744361
3807.77,5771.8099999999995,363.7320911929231,5771.8099999999995
142.46,-12.324545454545458,363.7320911929231,2.9732515337423315
890.36,270.7600688705234,363.7320911929231,-1.0
407.0,0.0,363.7320911929231,55.73203703703703
204.12,351.42589473684217,363.7320911929231,5.0842673796791455
454.27,121.08398843930635,363.7320911929231,0.0
839.98,0.0,363.7320911929231,5.649295550847458
706.41,111.53585635359119,363.7320911929231,41.924557021677664
373.0,51.62951923076919,363.7320911929231,0.0
268.98,252.6989830508475,363.7320911929231,5.0842673796791455
102.4,883.5747142857142,363.7320911929231,23.371704545454545
408.94,0.0,363.7320911929231,174.47120879120877
22174.56,0.0399999999972351,363.7320911929231,-189.68178571428575
12366.0,270.7600688705234,363.7320911929231,669.1571205357143
294.28,166.32,363.7320911929231,5.649295550847458
3504.21,121.71318327974278,363.7320911929231,51.05647058823524
836.42,-21.43357142857139,363.7320911929231,0.0025000000000545623
727.28,381.89819935691315,363.7320911929231,0.0
1712.0,808.0,363.7320911929231,456.69565217391306
620.3,-31.50299212598425,363.7320911929231,5.0842673796791455
1794.0,1200.7358333333332,363.7320911929231,760.053
219.18,111.53585635359119,363.7320911929231,18.41794117647059
2915.0,2994.0,363.7320911929231,669.1571205357143
2298.0,175.0411904761905,363.7320911929231,715.124375
621.4,117.62,363.7320911929231,185.61302013422815
6285.33,4749.373428571428,363.7320911929231,3403.419032258065
865.0,0.0,363.7320911929231,1910.85
18668.0,187.98075657894734,363.7320911929231,1228.6439795918368
297.0,121.08398843930635,363.7320911929231,114.72216216216215
575.66,-22.049999999999955,363.7320911929231,41.924557021677664
5550.0,62.043461538461536,363.7320911929231,174.47120879120877
562.98,20.863030303030303,363.7320911929231,5.0842673796791455
2501.0,0.0,363.7320911929231,464.6008888888889
172.22,956.9821886792453,363.7320911929231,2.9732515337423315
3563.5,121.71318327974278,363.7320911929231,51.05647058823524
187.72,51.62951923076919,363.7320911929231,0.0
718.52,0.0,363.7320911929231,5.649295550847458
172.09,121.08398843930635,363.7320911929231,5.649295550847458
2565.63,223.70475409836064,363.7320911929231,41.924557021677664
1409.88,137.48202702702702,363.7320911929231,32.15372393247269
31580.0,4774.0,363.7320911929231,2512.6315789473683
10228.0,270.7600688705234,363.7320911929231,669.1571205357143
1123.17,56.79416988416988,363.7320911929231,41.924557021677664
293.5,270.7600688705234,363.7320911929231,0.0
2660.0,187.98075657894734,363.7320911929231,16.512476190476193
813.66,-135.44999999999993,363.7320911929231,41.924557021677664
1262.43,456.47955974842785,363.7320911929231,5.0842673796791455
251.98,472.5091428571429,363.7320911929231,48.47
232.29,118.59,363.7320911929231,5.0842673796791455
480.68,88.62431952662725,363.7320911929231,332.426829268293
3504.21,0.0,363.7320911929231,0.0
697.66,111.53585635359119,363.7320911929231,5.649295550847458
430.76,270.7600688705234,363.7320911929231,669.1571205357143
929.1,0.0,363.7320911929231,-0.001315789473683013
1851.47,555.6699999999998,363.7320911929231,41.924557021677664
5748.04,283.1751351351351,363.7320911929231,3921.7854545454543
338.38,145.4,363.7320911929231,5.649295550847458
1388.7,-321.84000000000015,363.7320911929231,41.924557021677664
497.09,133.17636363636365,363.7320911929231,5.0842673796791455
196.4,114.68700000000001,363.7320911929231,41.97798701298701
362.81,381.89819935691315,363.7320911929231,-66.66499999999999
1135.39,-372.0300000000001,363.7320911929231,41.924557021677664
743.73,381.89819935691315,363.7320911929231,1085.1044444444444
906.47,351.42589473684217,363.7320911929231,-294.73
240.0,956.9821886792453,363.7320911929231,669.1571205357143
617.88,-68.86000000000001,363.7320911929231,41.924557021677664
314.06,283.1751351351351,363.7320911929231,5.360526315789475
713.35,0.0,363.7320911929231,16.512476190476193
7853.84,123.14413793103449,363.7320911929231,0.0
210.0,51.62951923076919,363.7320911929231,0.0
25560.48,7.646978021978025,363.7320911929231,0.0025000000000545623
865.1,132.68696,363.7320911929231,32.15372393247269
2158.2,-12.324545454545458,363.7320911929231,32.15372393247269
1319.75,-12.324545454545458,363.7320911929231,23.920000000000016
242.65,201.01747572815538,363.7320911929231,41.924557021677664
1368.19,123.14413793103449,363.7320911929231,41.924557021677664
230.45,14.460000000000008,363.7320911929231,5.0842673796791455
641.46,0.0,363.7320911929231,5.649295550847458
723.13,215.1169805194805,363.7320911929231,5.649295550847458
791.17,121.71318327974278,363.7320911929231,41.924557021677664
1230.27,0.0,363.7320911929231,16.512476190476193
174.43,-10.89734042553192,363.7320911929231,5.0842673796791455
204.55,381.89819935691315,363.7320911929231,2.9732515337423315
693.97,0.0,363.7320911929231,5.0842673796791455
1855.59,668.2700000000002,363.7320911929231,41.924557021677664
228.64,381.89819935691315,363.7320911929231,0.0
353.3,-40.225445544554454,363.7320911929231,41.924557021677664
609.43,-49.44999999999993,363.7320911929231,41.924557021677664
12020.32,315.531675,363.7320911929231,717.158095238095
494.52,-31.50299212598425,363.7320911929231,-42.132999999999996
10228.0,270.7600688705234,363.7320911929231,669.1571205357143
823.0,0.0,363.7320911929231,174.47120879120877
172.66,121.08398843930635,363.7320911929231,5.649295550847458
1189.0,175.0411904761905,363.7320911929231,83.60526315789474
493.42,110.92583333333334,363.7320911929231,5.0842673796791455
9857.85,0.0,363.7320911929231,2.127659574468085
553.3,153.09000000000003,363.7320911929231,5.649295550847458
314.06,283.1751351351351,363.7320911929231,5.360526315789475
558.0,7.646978021978025,363.7320911929231,174.47120879120877
665.47,270.7600688705234,363.7320911929231,5.0842673796791455
592.61,456.47955974842785,363.7320911929231,0.0
962.84,-23.840000000000018,363.7320911929231,41.924557021677664
498.97,106.38125,363.7320911929231,32.15372393247269
158.36,7.646978021978025,363.7320911929231,5.649295550847458
957.95,270.7600688705234,363.7320911929231,5.0842673796791455
723.13,215.1169805194805,363.7320911929231,5.649295550847458
264.86,0.0,363.7320911929231,5.649295550847458
477.86,351.42589473684217,363.7320911929231,5.0842673796791455
226.87,175.0411904761905,363.7320911929231,0.01499999999998635
192.93,27.634043715847,363.7320911929231,5.649295550847458
497.18,27.634043715847,363.7320911929231,5.0842673796791455
910.56,111.53585635359119,363.7320911929231,298.19571428571425
326.61,508.83510752688176,363.7320911929231,32.15372393247269
8797.0,381.89819935691315,363.7320911929231,669.1571205357143
1712.0,270.7600688705234,363.7320911929231,456.69565217391306
711.94,214.53999999999996,363.7320911929231,41.924557021677664
329.21,0.0,363.7320911929231,0.0
235.95,381.89819935691315,363.7320911929231,2.9732515337423315
311.0,2.509333333333355,363.7320911929231,0.0
323.98,0.0,363.7320911929231,5.0842673796791455
910.91,-40.225445544554454,363.7320911929231,32.15372393247269
23136.0,381.89819935691315,363.7320911929231,13028.833333333334
5729.47,270.7600688705234,363.7320911929231,41.924557021677664
1433.39,2.409473684210519,363.7320911929231,32.15372393247269
656.0,-10.89734042553192,363.7320911929231,159.6880821917808
7877.0,3898.0,363.7320911929231,1258.623466666667
2584.1,883.5747142857142,363.7320911929231,0.0
801.07,0.0,363.7320911929231,5.0842673796791455
222.77,351.42589473684217,363.7320911929231,5.0842673796791455
300.15,121.71318327974278,363.7320911929231,114.72216216216215
609.43,-49.44999999999993,363.7320911929231,41.924557021677664
1189.0,175.0411904761905,363.7320911929231,83.60526315789474
1603.53,111.53585635359119,363.7320911929231,41.924557021677664
8914.0,56.79416988416988,363.7320911929231,6.500000000000007
701.02,0.0,363.7320911929231,5.649295550847458
6291.69,-2940.0699999999997,363.7320911929231,41.924557021677664
2894.74,133.17636363636365,363.7320911929231,32.15372393247269
627.31,0.0,363.7320911929231,41.97798701298701
9857.85,381.89819935691315,363.7320911929231,2.127659574468085
1381.84,114.68700000000001,363.7320911929231,1228.6439795918368
1082.65,238.67,363.7320911929231,32.15372393247269
1421.46,177.61824742268038,363.7320911929231,0.0
607.04,0.0,363.7320911929231,0.0
500.88,6.324500000000002,363.7320911929231,5.0842673796791455
1499.73,10.175,363.7320911929231,41.924557021677664
958.86,259.63,363.7320911929231,41.924557021677664
184.89,456.47955974842785,363.7320911929231,5.0842673796791455
1377.0,0.0,363.7320911929231,14.112676056338028
480.0,160.0,363.7320911929231,18.41794117647059
227.59,381.89819935691315,363.7320911929231,0.0
295.97,175.0411904761905,363.7320911929231,5.0842673796791455
156.36,270.7600688705234,363.7320911929231,14.112676056338028
1656.25,1221.245,363.7320911929231,760.053
14810.0,106.38125,363.7320911929231,159.6880821917808
1299.0,347.43000000000006,363.7320911929231,247.81440000000003
613.89,149.50630630630627,363.7320911929231,5.0842673796791455
1948.25,111.53585635359119,363.7320911929231,5.649295550847458
2500.0,308.0175,363.7320911929231,114.72216216216215
190.9,121.71318327974278,363.7320911929231,0.0
24948.65,101.70593749999993,363.7320911929231,0.013823529411531452
1859.19,0.0,363.7320911929231,0.0
736.13,486.77029069767445,363.7320911929231,2707.9079166666666
6285.33,19790.17,363.7320911929231,3403.419032258065
686.03,-31.50299212598425,363.7320911929231,5.0842673796791455
435.0,5678.785454545454,363.7320911929231,407.5
670.9,-15.564000000000004,363.7320911929231,5.0842673796791455
212.81,111.53585635359119,363.7320911929231,174.47120879120877
1037.0,69.0,363.7320911929231,16.727272727272727
251.98,472.5091428571429,363.7320911929231,48.47
1000.0,121.71318327974278,363.7320911929231,114.72216216216215
561.91,6.324500000000002,363.7320911929231,5.0842673796791455
379.39,252.6989830508475,363.7320911929231,5.0842673796791455
3685.0,-2236.3900000000003,363.7320911929231,14714.00484848485
209.38,456.47955974842785,363.7320911929231,174.47120879120877
204.1,270.7600688705234,363.7320911929231,5.0842673796791455
5365.88,175.0411904761905,363.7320911929231,-0.001315789473683013
431.0,0.0,363.7320911929231,185.61302013422815
311.18,0.0,363.7320911929231,5.0842673796791455
1449.44,351.42589473684217,363.7320911929231,372.7999999999999
159.85,182.44000000000003,363.7320911929231,5.0842673796791455
431.78,-10.89734042553192,363.7320911929231,5.0842673796791455
829.0,28.96202247191011,363.7320911929231,669.1571205357143
2146.86,486.77029069767445,363.7320911929231,41.924557021677664
1000.27,149.50630630630627,363.7320911929231,5.0842673796791455
796.77,265.61896265560165,363.7320911929231,41.924557021677664
484.5,248.87452991452994,363.7320911929231,0.0
1441.26,177.61824742268038,363.7320911929231,772.0536842105263
246.0,315.531675,363.7320911929231,54.444366197183115
775.94,-12.324545454545458,363.7320911929231,32.15372393247269
2312.0,956.9821886792453,363.7320911929231,464.6008888888889
1388.59,28.96202247191011,363.7320911929231,32.15372393247269
2565.0,265.61896265560165,363.7320911929231,421.2039097744361
385.0,486.77029069767445,363.7320911929231,241.09153846153842
613.65,115.06428571428569,363.7320911929231,5.649295550847458
311.0,0.0,363.7320911929231,0.0
170.49,123.14413793103449,363.7320911929231,72.1
255.97,381.89819935691315,363.7320911929231,1085.1044444444444
3273.61,104.04144736842105,363.7320911929231,41.924557021677664
5111.33,1588.67,363.7320911929231,174.47120879120877
1274.82,76.86607142857143,363.7320911929231,32.15372393247269
1813.0,381.89819935691315,363.7320911929231,0.0
2018.0,375.846,363.7320911929231,514.922
776.17,956.9821886792453,363.7320911929231,5.649295550847458
2127.86,195.75224913494807,363.7320911929231,41.924557021677664
885.63,315.531675,363.7320911929231,185.61302013422815
1581.0,0.0,363.7320911929231,16.727272727272727
444.42,215.1169805194805,363.7320911929231,0.0
1441.26,177.61824742268038,363.7320911929231,772.0536842105263
153.23,265.61896265560165,363.7320911929231,0.0
323.26,283.1751351351351,363.7320911929231,18.41794117647059
216.53,49.349999999999994,363.7320911929231,5.649295550847458
768.0,-28.0,363.7320911929231,1910.85
999.32,178.9899999999999,363.7320911929231,41.924557021677664
1325.8,0.0,363.7320911929231,41.924557021677664
770.16,265.61896265560165,363.7320911929231,835.9100000000001
3445.0,381.89819935691315,363.7320911929231,694.994625
280.75,270.7600688705234,363.7320911929231,41.924557021677664
1214.93,187.98075657894734,363.7320911929231,41.924557021677664
211.46,570.39,363.7320911929231,1085.1044444444444
916.78,114.68700000000001,363.7320911929231,41.97798701298701
157.49,121.08398843930635,363.7320911929231,5.649295550847458
2708.0,0.0,363.7320911929231,174.47120879120877
197.26,145.4,363.7320911929231,5.649295550847458
575.66,-22.049999999999955,363.7320911929231,41.924557021677664
838.43,544.0854679802956,363.7320911929231,5.649295550847458
263.45,0.0,363.7320911929231,5.649295550847458
784.14,52.5,363.7320911929231,41.924557021677664
325.0,133.17636363636365,363.7320911929231,141.12833333333333
222.77,252.6989830508475,363.7320911929231,5.0842673796791455
407.2,381.89819935691315,363.7320911929231,5.649295550847458
63246.0,28.96202247191011,363.7320911929231,0.0
907.03,381.89819935691315,363.7320911929231,41.924557021677664
304.44,111.53585635359119,363.7320911929231,6.500000000000007
3064.45,106.38125,363.7320911929231,5.649295550847458
202.36,27.634043715847,363.7320911929231,5.0842673796791455
305.19,106.38125,363.7320911929231,0.0
570.11,175.0411904761905,363.7320911929231,-0.001315789473683013
43367.0,56.79416988416988,363.7320911929231,1910.85
177.94,265.61896265560165,363.7320911929231,5.649295550847458
6964.33,76.86607142857143,363.7320911929231,16.512476190476193
2434.75,121.71318327974278,363.7320911929231,0.0
1377.51,-12.324545454545458,363.7320911929231,32.15372393247269
909.02,956.9821886792453,363.7320911929231,41.924557021677664
288.0,265.61896265560165,363.7320911929231,174.47120879120877
232.99,351.42589473684217,363.7320911929231,5.0842673796791455
438.44,0.0,363.7320911929231,5.0842673796791455
2501.0,508.83510752688176,363.7320911929231,464.6008888888889
295.47,248.87452991452994,363.7320911929231,5.649295550847458
9791.0,123.14413793103449,363.7320911929231,1228.6439795918368
488.29,315.531675,363.7320911929231,174.47120879120877
491.39,6.324500000000002,363.7320911929231,5.0842673796791455
172.22,508.83510752688176,363.7320911929231,2.9732515337423315
1346.82,-86.45000000000005,363.7320911929231,41.924557021677664
1428.19,-12.324545454545458,363.7320911929231,32.15372393247269
1759.82,14.5,363.7320911929231,41.924557021677664
1402.0,248.87452991452994,363.7320911929231,2707.9079166666666
300.0,486.77029069767445,363.7320911929231,5.649295550847458
8379.62,0.0,363.7320911929231,0.007272727272885999
258.85,145.4,363.7320911929231,5.649295550847458
621.87,104.04144736842105,363.7320911929231,3.5972222222222223
508.76,34.110000000000014,363.7320911929231,5.0842673796791455
191.11,331.8455357142857,363.7320911929231,32.15372393247269
1672.7,111.53585635359119,363.7320911929231,1572.5226666666665
898.19,456.47955974842785,363.7320911929231,5.0842673796791455
791.79,270.7600688705234,363.7320911929231,5.0842673796791455
682.9,270.7600688705234,363.7320911929231,669.1571205357143
5729.47,149.50630630630627,363.7320911929231,41.924557021677664
187.09,270.7600688705234,363.7320911929231,5.0842673796791455
315.55,7.646978021978025,363.7320911929231,5.649295550847458
244.43,508.83510752688176,363.7320911929231,5.649295550847458
395.25,0.0,363.7320911929231,5.649295550847458
322.4,132.68696,363.7320911929231,5.649295550847458
9791.0,123.14413793103449,363.7320911929231,1228.6439795918368
414.15,0.0,363.7320911929231,0.0
2820.99,315.531675,363.7320911929231,174.47120879120877
885.63,315.531675,363.7320911929231,185.61302013422815
711.94,214.53999999999996,363.7320911929231,41.924557021677664
164.89,0.0,363.7320911929231,5.0842673796791455
2527.0,508.83510752688176,363.7320911929231,32.15372393247269
1373.06,315.531675,363.7320911929231,41.924557021677664
484.57,104.04144736842105,363.7320911929231,18.41794117647059
1304.62,0.0,363.7320911929231,1537.8174226804128
825.0,115.06428571428569,363.7320911929231,-215.65888888888887
1113.02,331.8455357142857,363.7320911929231,32.15372393247269
2309.8,0.0,363.7320911929231,0.0
626.76,0.0,363.7320911929231,5.649295550847458
2660.0,76.86607142857143,363.7320911929231,0.0
490.63,315.531675,363.7320911929231,0.0
7853.84,123.14413793103449,363.7320911929231,0.0
379.39,351.42589473684217,363.7320911929231,5.0842673796791455
359.86,-74.12222222222222,363.7320911929231,5.0842673796791455
1534.7,56.79416988416988,363.7320911929231,41.924557021677664
5060.0,211.41399999999993,363.7320911929231,715.124375
1248.0,56.79416988416988,363.7320911929231,1258.623466666667
705.09,88.62431952662725,363.7320911929231,5.649295550847458
16654.0,111.53585635359119,363.7320911929231,3.5972222222222223
205.0,223.70475409836064,363.7320911929231,2512.6315789473683
277.0,270.7600688705234,363.7320911929231,1910.85
494.3,0.0,363.7320911929231,0.0
183.41,215.1169805194805,363.7320911929231,5.649295550847458
1501.02,314.1100000000001,363.7320911929231,41.924557021677664
17237.8,111.53585635359119,363.7320911929231,332.426829268293
12366.0,10128.0,363.7320911929231,669.1571205357143
7474.0,0.0,363.7320911929231,715.124375
2344.0,121.71318327974278,363.7320911929231,114.72216216216215
1054.46,132.06352941176476,363.7320911929231,32.15372393247269
177.76,351.42589473684217,363.7320911929231,5.0842673796791455
1606.27,311.55612903225807,363.7320911929231,32.15372393247269
613.89,0.0,363.7320911929231,5.0842673796791455
256.04,0.0,363.7320911929231,5.0842673796791455
1828.0,-171.26999999999998,363.7320911929231,41.924557021677664
849.31,76.86607142857143,363.7320911929231,0.0
227.19,0.0,363.7320911929231,5.649295550847458
176.0,51.62951923076919,363.7320911929231,0.0
491.04,195.75224913494807,363.7320911929231,41.924557021677664
645.13,0.0,363.7320911929231,-0.01666666666642413
211.7,252.6989830508475,363.7320911929231,5.0842673796791455
601.0,104.04144736842105,363.7320911929231,191.8758333333333
2641.37,667.69,363.7320911929231,41.924557021677664
734.0,28.96202247191011,363.7320911929231,55.73203703703703
1237.71,-40.225445544554454,363.7320911929231,32.15372393247269
143.23,270.7600688705234,363.7320911929231,23.371704545454545
167.64,0.0,363.7320911929231,113.0609756097561
200.99,56.79416988416988,363.7320911929231,41.924557021677664
166.0,28.96202247191011,363.7320911929231,499.0127272727272
1117.75,902.81,363.7320911929231,5.649295550847458
564.05,351.42589473684217,363.7320911929231,5.0842673796791455
2628.0,175.0411904761905,363.7320911929231,14.112676056338028
512.43,133.17636363636365,363.7320911929231,5.0842673796791455
866.32,6.324500000000002,363.7320911929231,5.0842673796791455
43129.0,36330.0,363.7320911929231,1910.85
558.0,0.0,363.7320911929231,174.47120879120877
574.26,0.0,363.7320911929231,5.0842673796791455
907.39,0.0,363.7320911929231,41.924557021677664
1255.49,4749.373428571428,363.7320911929231,-189.68178571428575
359.0,260.3768181818182,363.7320911929231,0.0
379.39,351.42589473684217,363.7320911929231,5.0842673796791455
153.23,265.61896265560165,363.7320911929231,0.0
1359.81,223.70475409836064,363.7320911929231,41.924557021677664
399.2,0.0,363.7320911929231,0.0
1183.7,-41.84500000000002,363.7320911929231,32.15372393247269
907.76,-1.7799999999999727,363.7320911929231,41.924557021677664
1654.07,2.509333333333355,363.7320911929231,41.924557021677664
382.1,270.7600688705234,363.7320911929231,5.649295550847458
159.77,270.7600688705234,363.7320911929231,0.0
906.47,351.42589473684217,363.7320911929231,-294.73
1097.57,508.83510752688176,363.7320911929231,32.15372393247269
1759.82,177.61824742268038,363.7320911929231,32.15372393247269
1264.9,0.0,363.7320911929231,5.0842673796791455
563.0,956.9821886792453,363.7320911929231,0.0
5357.0,-17.0,363.7320911929231,174.47120879120877
162.73,265.61896265560165,363.7320911929231,2.9732515337423315
2362.0,0.0,363.7320911929231,114.72216216216215
385.57,270.7600688705234,363.7320911929231,5.0842673796791455
322.4,132.68696,363.7320911929231,5.649295550847458
520.63,27.789999999999964,363.7320911929231,41.924557021677664
769.93,381.89819935691315,363.7320911929231,464.6008888888889
1167.52,265.61896265560165,363.7320911929231,41.924557021677664
234.08,351.42589473684217,363.7320911929231,5.0842673796791455
5008.0,-12.324545454545458,363.7320911929231,-189.68178571428575
258.52,27.634043715847,363.7320911929231,5.0842673796791455
2002.0,-21.43357142857139,363.7320911929231,184.53666666666672
385.0,265.61896265560165,363.7320911929231,0.0
766.51,0.0,363.7320911929231,41.924557021677664
1141.67,-12.324545454545458,363.7320911929231,5.649295550847458
1317.74,528.78,363.7320911929231,41.924557021677664
435.0,4749.373428571428,363.7320911929231,689.6153846153846
311.02,175.0411904761905,363.7320911929231,5.0842673796791455
402.94,0.0,363.7320911929231,5.0842673796791455
764.57,0.0,363.7320911929231,16.512476190476193
1125.78,60.77999999999997,363.7320911929231,41.924557021677664
224.41,0.0,363.7320911929231,174.47120879120877
870.0,0.0,363.7320911929231,5.0842673796791455
1813.0,381.89819935691315,363.7320911929231,55.73203703703703
558.0,56.79416988416988,363.7320911929231,174.47120879120877
1035.0,381.89819935691315,363.7320911929231,694.994625
199.96,111.53585635359119,363.7320911929231,248.22134969325154
295.06,133.17636363636365,363.7320911929231,41.924557021677664
12200.1,215.1169805194805,363.7320911929231,2.127659574468085
431.78,-10.89734042553192,363.7320911929231,5.0842673796791455
764.02,315.531675,363.7320911929231,41.924557021677664
11816.4,0.0,363.7320911929231,0.0
4970.0,123.14413793103449,363.7320911929231,1258.623466666667
740.58,0.0,363.7320911929231,5.0842673796791455
1876.0,265.61896265560165,363.7320911929231,421.2039097744361
2362.0,121.71318327974278,363.7320911929231,114.72216216216215
467.79,78.39285714285715,363.7320911929231,5.0842673796791455
5369.18,-308.03000000000065,363.7320911929231,-220.5553333333338
428.3,544.0854679802956,363.7320911929231,174.47120879120877
302.0,62.043461538461536,363.7320911929231,464.6008888888889
493.0,265.61896265560165,363.7320911929231,421.2039097744361
230.45,283.1751351351351,363.7320911929231,5.0842673796791455
5550.0,62.043461538461536,363.7320911929231,174.47120879120877
293.5,0.0,363.7320911929231,0.0
483.65,0.0,363.7320911929231,-0.001315789473683013
4225.59,104.04144736842105,363.7320911929231,41.924557021677664
647.0,262.1247727272727,363.7320911929231,464.6008888888889
1003.38,-9.779999999999973,363.7320911929231,41.924557021677664
2067.0,195.75224913494807,363.7320911929231,248.22134969325154
4330.0,-21.43357142857139,363.7320911929231,6.500000000000007
252.0,121.08398843930635,363.7320911929231,114.72216216216215
177.77,21.25,363.7320911929231,5.0842673796791455
974.19,-12.324545454545458,363.7320911929231,5.649295550847458
383.84,88.62431952662725,363.7320911929231,0.0066666666668121835
361.72,381.89819935691315,363.7320911929231,41.924557021677664
1141.67,15.639999999999873,363.7320911929231,5.649295550847458
296.02,55.75999999999999,363.7320911929231,5.649295550847458
548.0,223.70475409836064,363.7320911929231,174.47120879120877
186.0,-12.324545454545458,363.7320911929231,1910.85
1644.92,346.06999999999994,363.7320911929231,41.924557021677664
1325.8,76.86607142857143,363.7320911929231,32.15372393247269
206.54,0.0,363.7320911929231,5.649295550847458
5940.47,76.86607142857143,363.7320911929231,0.0
385.15,-42.25999999999999,363.7320911929231,5.649295550847458
860.37,-245.94000000000003,363.7320911929231,5.0842673796791455
349.22,0.0,363.7320911929231,248.22134969325154
235.95,381.89819935691315,363.7320911929231,2.9732515337423315
824.0,195.75224913494807,363.7320911929231,0.0
404.0,0.0,363.7320911929231,174.47120879120877
502.0,187.98075657894734,363.7320911929231,1228.6439795918368
177.77,21.25,363.7320911929231,5.0842673796791455
287.0,177.61824742268038,363.7320911929231,2.9732515337423315
1505.0,195.75224913494807,363.7320911929231,32.15372393247269
1471.32,-173.83999999999992,363.7320911929231,41.924557021677664
446.21,51.62951923076919,363.7320911929231,0.0
521.53,6.680000000000064,363.7320911929231,41.924557021677664
278.97,123.14413793103449,363.7320911929231,5.649295550847458
1492.74,121.71318327974278,363.7320911929231,41.924557021677664
2047.4,262.1247727272727,363.7320911929231,464.6008888888889
449.85,28.96202247191011,363.7320911929231,41.924557021677664
211.94,76.86607142857143,363.7320911929231,41.97798701298701
562.48,-74.12222222222222,363.7320911929231,5.0842673796791455
614.0,195.75224913494807,363.7320911929231,248.22134969325154
34012.0,956.9821886792453,363.7320911929231,185.61302013422815
174.43,-15.564000000000004,363.7320911929231,5.0842673796791455
8399.81,51.62951923076919,363.7320911929231,0.013823529411531452
7877.0,283.1751351351351,363.7320911929231,1258.623466666667
653.46,215.1169805194805,363.7320911929231,5.649295550847458
2242.9,76.86607142857143,363.7320911929231,0.0066666666668121835
1000.0,175.0411904761905,363.7320911929231,83.60526315789474
504.0,-153.32999999999998,363.7320911929231,5.649295550847458
1377.51,-369.89,363.7320911929231,41.924557021677664
4011.85,76.86607142857143,363.7320911929231,0.0
860.0,0.0,363.7320911929231,669.1571205357143
688.74,544.0854679802956,363.7320911929231,174.47120879120877
1245.0,1496.022692307692,363.7320911929231,-189.68178571428575
275.5,456.47955974842785,363.7320911929231,5.0842673796791455
500.0,-58.0,363.7320911929231,-58.0
823.0,0.0,363.7320911929231,174.47120879120877
535.18,175.0411904761905,363.7320911929231,-0.003103448275859245
2140.0,326.00631578947366,363.7320911929231,113.0609756097561
478.3,270.7600688705234,363.7320911929231,5.0842673796791455
1753.75,-442.0499999999999,363.7320911929231,41.924557021677664
846.82,270.7600688705234,363.7320911929231,5.0842673796791455
2368.0,2.409473684210519,363.7320911929231,174.47120879120877
513.99,187.98075657894734,363.7320911929231,-0.001315789473683013
254.78,215.1169805194805,363.7320911929231,41.924557021677664
2555.5,111.53585635359119,363.7320911929231,41.924557021677664
770.16,265.61896265560165,363.7320911929231,835.9100000000001
842.25,111.53585635359119,363.7320911929231,0.0
1181.12,392.0600000000002,363.7320911929231,32.15372393247269
331.0,0.0,363.7320911929231,174.47120879120877
1427.88,115.06428571428569,363.7320911929231,32.15372393247269
188.36,0.0,363.7320911929231,5.0842673796791455
293.5,270.7600688705234,363.7320911929231,0.0
7877.0,4041.2,363.7320911929231,1258.623466666667
172.22,508.83510752688176,363.7320911929231,2.9732515337423315
4825.6,883.5747142857142,363.7320911929231,2111.4774074074076
887.28,25.75,363.7320911929231,41.924557021677664
325.0,7.646978021978025,363.7320911929231,141.12833333333333
220.62,7.646978021978025,363.7320911929231,0.0
740.58,6.324500000000002,363.7320911929231,5.0842673796791455
4997.04,270.7600688705234,363.7320911929231,5.0842673796791455
1003.87,-62.75,363.7320911929231,41.924557021677664
316.44,0.0,363.7320911929231,5.649295550847458
810.99,22509.083333333332,363.7320911929231,-0.01666666666642413
294.13,-36.51999999999998,363.7320911929231,5.649295550847458
484.57,104.04144736842105,363.7320911929231,18.41794117647059
328.29,16.069999999999993,363.7320911929231,1910.85
241.52,0.0,363.7320911929231,5.0842673796791455
560.72,956.9821886792453,363.7320911929231,0.0
8399.81,51.62951923076919,363.7320911929231,0.013823529411531452
819.0,0.0,363.7320911929231,248.22134969325154
459.39,215.1169805194805,363.7320911929231,5.649295550847458
346.5,145.4,363.7320911929231,5.649295550847458
2228.26,35.054999999999836,363.7320911929231,32.15372393247269
2907.0,123.14413793103449,363.7320911929231,635.6234693877551
1863.09,647.05,363.7320911929231,41.924557021677664
501.0,0.0,363.7320911929231,174.47120879120877
2000.0,0.0,363.7320911929231,174.47120879120877
8914.0,56.79416988416988,363.7320911929231,6.500000000000007
478.83,381.89819935691315,363.7320911929231,5.649295550847458
4754.42,4038.3692307692304,363.7320911929231,174.47120879120877
196.05,115.06428571428569,363.7320911929231,5.649295550847458
1915.99,195.75224913494807,363.7320911929231,41.924557021677664
2269.49,536.2475000000001,363.7320911929231,146.40857142857143
1981.07,700.4100000000001,363.7320911929231,41.924557021677664
1390.0,544.0854679802956,363.7320911929231,5.730666666666669
211.46,381.89819935691315,363.7320911929231,1085.1044444444444
18668.0,1634.0,363.7320911929231,1228.6439795918368
34012.0,0.0,363.7320911929231,185.61302013422815
211.09,111.53585635359119,363.7320911929231,5.649295550847458
697.66,-12.324545454545458,363.7320911929231,5.649295550847458
2500.0,520.001304347826,363.7320911929231,114.72216216216215
5060.0,155.76687499999994,363.7320911929231,715.124375
1076.97,223.70475409836064,363.7320911929231,41.924557021677664
224.85,270.7600688705234,363.7320911929231,5.0842673796791455
2820.99,315.531675,363.7320911929231,174.47120879120877
1708.62,111.53585635359119,363.7320911929231,5.649295550847458
4103.0,121.71318327974278,363.7320911929231,499.0127272727272
246.0,111.53585635359119,363.7320911929231,0.0
513.99,187.98075657894734,363.7320911929231,-0.001315789473683013
348.72,508.83510752688176,363.7320911929231,32.15372393247269
353.27,106.38125,363.7320911929231,5.649295550847458
562.98,27.634043715847,363.7320911929231,5.0842673796791455
2907.0,132.68696,363.7320911929231,635.6234693877551
385.0,0.0,363.7320911929231,0.0
1413.0,195.75224913494807,363.7320911929231,18.41794117647059
578.85,0.0,363.7320911929231,5.649295550847458
1553.76,315.531675,363.7320911929231,41.924557021677664
994.22,612.5999999999999,363.7320911929231,41.924557021677664
407.2,0.0,363.7320911929231,5.649295550847458
1305.0,315.531675,363.7320911929231,18.41794117647059
1028.28,195.75224913494807,363.7320911929231,41.924557021677664
315.21,0.0,363.7320911929231,5.649295550847458
14323.0,351.42589473684217,363.7320911929231,1537.8174226804128
698.45,6.324500000000002,363.7320911929231,5.0842673796791455
1588.4,98.936,363.7320911929231,32.15372393247269
1706.47,-126.88000000000012,363.7320911929231,41.924557021677664
4754.42,4374.9,363.7320911929231,174.47120879120877
189.21,-40.225445544554454,363.7320911929231,74.02
882.18,486.77029069767445,363.7320911929231,5.649295550847458
359.86,-31.50299212598425,363.7320911929231,5.0842673796791455
278.28,187.98075657894734,363.7320911929231,2.9732515337423315
516.16,-242.73999999999995,363.7320911929231,41.924557021677664
1912.17,-877.8700000000001,363.7320911929231,41.924557021677664
314.32,0.0,363.7320911929231,5.649295550847458
1318.59,-409.39999999999986,363.7320911929231,5.649295550847458
322.49,133.17636363636365,363.7320911929231,5.0842673796791455
909.86,265.61896265560165,363.7320911929231,41.924557021677664
296.02,111.53585635359119,363.7320911929231,5.649295550847458
298.26,175.0411904761905,363.7320911929231,0.0
2373.64,195.75224913494807,363.7320911929231,1258.623466666667
2915.0,2994.0,363.7320911929231,669.1571205357143
1282.97,0.0,363.7320911929231,41.924557021677664
205.87,315.531675,363.7320911929231,23.371704545454545
1113.02,472.5091428571429,363.7320911929231,41.924557021677664
500.48,0.0,363.7320911929231,18.41794117647059
1430.0,315.531675,363.7320911929231,0.0
611.74,106.38125,363.7320911929231,248.22134969325154
320.64,121.08398843930635,363.7320911929231,32.15372393247269
521.21,56.79416988416988,363.7320911929231,41.924557021677664
186.8,270.7600688705234,363.7320911929231,2.9732515337423315
438.24,111.53585635359119,363.7320911929231,5.649295550847458
778.15,57.39999999999998,363.7320911929231,41.924557021677664
207.45,119.42769230769233,363.7320911929231,5.0842673796791455
178.85,195.75224913494807,363.7320911929231,5.649295550847458
1792.0,7.646978021978025,363.7320911929231,298.19571428571425
350.0,315.531675,363.7320911929231,54.444366197183115
250.0,195.75224913494807,363.7320911929231,141.12833333333333
906.47,351.42589473684217,363.7320911929231,-294.73
601.0,104.04144736842105,363.7320911929231,191.8758333333333
1517.87,76.86607142857143,363.7320911929231,32.15372393247269
222.61,0.0,363.7320911929231,5.649295550847458
394.95,115.06428571428569,363.7320911929231,5.649295550847458
619.55,215.1169805194805,363.7320911929231,5.649295550847458
154.73,0.0,363.7320911929231,0.0
1431.36,495.68000000000006,363.7320911929231,41.924557021677664
5111.33,1588.67,363.7320911929231,174.47120879120877
275.5,456.47955974842785,363.7320911929231,5.0842673796791455
1097.57,956.9821886792453,363.7320911929231,41.924557021677664
2919.8,115.06428571428569,363.7320911929231,32.15372393247269
600.0,381.89819935691315,363.7320911929231,13.04352941176471
524.88,177.61824742268038,363.7320911929231,41.924557021677664
207.77,7.646978021978025,363.7320911929231,41.924557021677664
950.27,7.646978021978025,363.7320911929231,32.15372393247269
575.66,-22.049999999999955,363.7320911929231,41.924557021677664
8200.71,486.77029069767445,363.7320911929231,2707.9079166666666
575.66,111.53585635359119,363.7320911929231,41.924557021677664
314.32,331.8455357142857,363.7320911929231,5.649295550847458
406.54,381.89819935691315,363.7320911929231,5.649295550847458
984.63,-157.12,363.7320911929231,41.924557021677664
198.62,132.68696,363.7320911929231,41.97798701298701
2047.4,262.1247727272727,363.7320911929231,464.6008888888889
879.26,-91.67999999999996,363.7320911929231,41.924557021677664
173.03,88.62431952662725,363.7320911929231,185.61302013422815
569.37,182.65,363.7320911929231,41.924557021677664
963.0,15.677083333333327,363.7320911929231,29.266851851851854
955.34,-12.324545454545458,363.7320911929231,32.15372393247269
4679.0,0.0,363.7320911929231,3.9130434782608696
349.22,187.98075657894734,363.7320911929231,248.22134969325154
573.96,0.0,363.7320911929231,5.649295550847458
425.97,7.646978021978025,363.7320911929231,5.649295550847458
226.58,215.1169805194805,363.7320911929231,5.649295550847458
201.08,195.75224913494807,363.7320911929231,5.649295550847458
711.01,215.1169805194805,363.7320911929231,0.0
638.29,195.75224913494807,363.7320911929231,32.15372393247269
625.64,270.7600688705234,363.7320911929231,5.0842673796791455
4803.16,520.001304347826,363.7320911929231,241.09153846153842
521.9,0.0,363.7320911929231,298.19571428571425
699.19,88.62431952662725,363.7320911929231,5.649295550847458
1146.19,331.8455357142857,363.7320911929231,32.15372393247269
204.12,351.42589473684217,363.7320911929231,5.0842673796791455
480.0,160.0,363.7320911929231,18.41794117647059
819.48,544.0854679802956,363.7320911929231,14.872403100775186
349.22,187.98075657894734,363.7320911929231,248.22134969325154
3733.0,562.0,363.7320911929231,464.6008888888889
323.26,283.1751351351351,363.7320911929231,18.41794117647059
5111.33,1588.67,363.7320911929231,174.47120879120877
300.33,0.0,363.7320911929231,5.649295550847458
3279.0,0.0,363.7320911929231,174.47120879120877
198.62,123.14413793103449,363.7320911929231,41.97798701298701
502.68,114.68700000000001,363.7320911929231,-0.003103448275859245
500.48,0.0,363.7320911929231,18.41794117647059
1939.23,381.89819935691315,363.7320911929231,41.924557021677664
385.57,270.7600688705234,363.7320911929231,5.0842673796791455
201.1,114.68700000000001,363.7320911929231,32.15372393247269
813.0,-10.200000000000044,363.7320911929231,55.73203703703703
220.89,145.4,363.7320911929231,5.649295550847458
493.42,-14.629999999999995,363.7320911929231,5.0842673796791455
691.81,508.83510752688176,363.7320911929231,5.649295550847458
1701.81,0.0,363.7320911929231,301.233181818182
207.77,56.79416988416988,363.7320911929231,41.924557021677664
605.76,144.56000000000006,363.7320911929231,5.0842673796791455
2355.56,-432.26,363.7320911929231,41.924557021677664
30274.0,0.0,363.7320911929231,0.0
955.39,215.1169805194805,363.7320911929231,694.994625
778.15,315.531675,363.7320911929231,41.924557021677664
1209.0,-27.430000000000064,363.7320911929231,1537.8174226804128
353.05,956.9821886792453,363.7320911929231,19198.74
1547.0,0.0,363.7320911929231,114.72216216216215
5846.0,0.0,363.7320911929231,174.47120879120877
1589.0,132.68696,363.7320911929231,649.5546153846153
501.0,0.0,363.7320911929231,174.47120879120877
670.17,0.0,363.7320911929231,54.444366197183115
980.08,-40.225445544554454,363.7320911929231,0.0
2000.0,0.0,363.7320911929231,174.47120879120877
316.0,215.1169805194805,363.7320911929231,0.0
929.1,0.0,363.7320911929231,-0.001315789473683013
1708.62,-12.324545454545458,363.7320911929231,5.649295550847458
205.87,315.531675,363.7320911929231,23.371704545454545
1377.0,131.69444444444457,363.7320911929231,14.112676056338028
1595.55,262.1247727272727,363.7320911929231,464.6008888888889
441.41,-0.0005714285713890743,363.7320911929231,5.0842673796791455
1262.43,0.0,363.7320911929231,5.0842673796791455
307.66,956.9821886792453,363.7320911929231,421.2039097744361
500.0,175.0411904761905,363.7320911929231,-58.0
384.32,0.0,363.7320911929231,0.0
473.0,187.98075657894734,363.7320911929231,233.79176470588237
246.0,111.53585635359119,363.7320911929231,0.0
736.75,544.0854679802956,363.7320911929231,41.924557021677664
996.5,-21.43357142857139,363.7320911929231,32.15372393247269
319.04,381.89819935691315,363.7320911929231,0.0
978.44,121.71318327974278,363.7320911929231,51.05647058823524
250.0,283.1751351351351,363.7320911929231,141.12833333333333
2529.0,0.4600000000000364,363.7320911929231,60.10700000000001
929.91,121.08398843930635,363.7320911929231,32.15372393247269
685.99,-5.779999999999973,363.7320911929231,41.924557021677664
192.93,27.634043715847,363.7320911929231,5.649295550847458
315.56,351.42589473684217,363.7320911929231,5.0842673796791455
1878.0,204.78,363.7320911929231,421.2039097744361
3563.5,121.71318327974278,363.7320911929231,0.0
4924.11,166.32,363.7320911929231,32.15372393247269
794.7,-254.80000000000007,363.7320911929231,41.924557021677664
2886.0,956.9821886792453,363.7320911929231,174.47120879120877
1200.42,-180.73,363.7320911929231,41.924557021677664
2898.28,187.98075657894734,363.7320911929231,16.512476190476193
483.87,252.6989830508475,363.7320911929231,5.0842673796791455
736.13,213.74,363.7320911929231,2707.9079166666666
647.0,262.1247727272727,363.7320911929231,464.6008888888889
911.66,195.75224913494807,363.7320911929231,18.41794117647059
1504.8,3.410000000000082,363.7320911929231,41.924557021677664
10151.04,508.83510752688176,363.7320911929231,19198.74
304.83,114.68700000000001,363.7320911929231,5.649295550847458
1319.55,270.7600688705234,363.7320911929231,5.0842673796791455
499.0,351.42589473684217,363.7320911929231,18.41794117647059
994.22,311.55612903225807,363.7320911929231,41.924557021677664
461.05,544.0854679802956,363.7320911929231,0.0
1101.79,110.47000000000004,363.7320911929231,41.924557021677664
822.88,381.89819935691315,363.7320911929231,0.0
861.84,76.70999999999992,363.7320911929231,41.924557021677664
535.03,270.7600688705234,363.7320911929231,5.649295550847458
381.77,215.1169805194805,363.7320911929231,5.649295550847458
706.41,46.110000000000014,363.7320911929231,41.924557021677664
557.55,175.0411904761905,363.7320911929231,41.924557021677664
1576.94,106.38125,363.7320911929231,32.15372393247269
2649.0,111.53585635359119,363.7320911929231,6.500000000000007
1173.0,121.08398843930635,363.7320911929231,649.5546153846153
275.63,27.634043715847,363.7320911929231,0.0
1378.0,115.06428571428569,363.7320911929231,-215.65888888888887
385.15,-42.25999999999999,363.7320911929231,5.649295550847458
491.04,-142.66000000000005,363.7320911929231,41.924557021677664
2285.81,177.61824742268038,363.7320911929231,772.0536842105263
1182.94,715.8999999999999,363.7320911929231,41.924557021677664
1319.55,270.7600688705234,363.7320911929231,5.0842673796791455
1162.56,0.0,363.7320911929231,185.61302013422815
920.66,-15.564000000000004,363.7320911929231,5.0842673796791455
515.69,0.0,363.7320911929231,5.649295550847458
227.62,0.0,363.7320911929231,1910.85
349.08,215.1169805194805,363.7320911929231,5.649295550847458
1473.2,195.75224913494807,363.7320911929231,32.15372393247269
491.04,106.38125,363.7320911929231,32.15372393247269
21030.0,-21.43357142857139,363.7320911929231,0.0
325.0,315.531675,363.7320911929231,141.12833333333333
1207.0,223.70475409836064,363.7320911929231,18.41794117647059
1821.72,133.17636363636365,363.7320911929231,32.15372393247269
431.78,-10.89734042553192,363.7320911929231,5.0842673796791455
281.35,381.89819935691315,363.7320911929231,669.1571205357143
7500.8,56.79416988416988,363.7320911929231,0.0
3029.0,0.0399999999999636,363.7320911929231,0.01499999999998635
682.9,270.7600688705234,363.7320911929231,669.1571205357143
26316.0,22509.083333333332,363.7320911929231,14714.00484848485
4526.12,201.01747572815538,363.7320911929231,3403.419032258065
442.54,27.634043715847,363.7320911929231,5.0842673796791455
610.63,123.14413793103449,363.7320911929231,0.0
379.39,0.0,363.7320911929231,5.0842673796791455
3250.0,24.57199999999999,363.7320911929231,60.10700000000001
188.36,252.6989830508475,363.7320911929231,5.0842673796791455
274.36,331.8455357142857,363.7320911929231,5.649295550847458
578.89,106.38125,363.7320911929231,0.0
1581.0,76.86607142857143,363.7320911929231,16.727272727272727
1010.0,175.0411904761905,363.7320911929231,14.112676056338028
676.18,52.79000000000008,363.7320911929231,5.0842673796791455
1181.76,88.62431952662725,363.7320911929231,32.15372393247269
758.09,0.0,363.7320911929231,41.97798701298701
929.91,-60.45999999999992,363.7320911929231,41.924557021677664
2894.74,0.0,363.7320911929231,41.924557021677664
234.08,0.0,363.7320911929231,5.0842673796791455
2658.34,151.65999999999983,363.7320911929231,669.1571205357143
369.0,544.0854679802956,363.7320911929231,174.47120879120877
177.03,123.14413793103449,363.7320911929231,113.0609756097561
607.04,486.77029069767445,363.7320911929231,0.0
861.84,121.08398843930635,363.7320911929231,32.15372393247269
866.32,6.324500000000002,363.7320911929231,5.0842673796791455
199.5,121.08398843930635,363.7320911929231,5.649295550847458
3545.0,0.0,363.7320911929231,72.1
325.24,-12.324545454545458,363.7320911929231,5.649295550847458
207.45,119.42769230769233,363.7320911929231,5.0842673796791455
315.56,351.42589473684217,363.7320911929231,5.0842673796791455
191.31,215.1169805194805,363.7320911929231,41.924557021677664
197.0,486.77029069767445,363.7320911929231,5.649295550847458
325.0,123.14413793103449,363.7320911929231,141.12833333333333
1021.57,265.61896265560165,363.7320911929231,41.924557021677664
1449.44,351.42589473684217,363.7320911929231,372.7999999999999
6285.33,4749.373428571428,363.7320911929231,3403.419032258065
929.1,175.0411904761905,363.7320911929231,-0.001315789473683013
14105.83,456.47955974842785,363.7320911929231,2111.4774074074076
1210.12,175.0411904761905,363.7320911929231,-0.001315789473683013
237.28,0.0,363.7320911929231,5.649295550847458
194.93,381.89819935691315,363.7320911929231,23.371704545454545
278.01,311.55612903225807,363.7320911929231,2.9732515337423315
310.76,252.6989830508475,363.7320911929231,5.0842673796791455
407.2,215.1169805194805,363.7320911929231,5.649295550847458
504.0,-31.50299212598425,363.7320911929231,5.649295550847458
1595.55,262.1247727272727,363.7320911929231,464.6008888888889
438.24,-75.85000000000002,363.7320911929231,5.649295550847458
491.67,0.0,363.7320911929231,0.0011764705882609705
1229.15,56.79416988416988,363.7320911929231,155.60470588235296
210.05,148.25,363.7320911929231,41.924557021677664
498.7,250.00000000000009,363.7320911929231,211.46791666666672
1376.1,223.70475409836064,363.7320911929231,41.924557021677664
960.64,0.0,363.7320911929231,464.6008888888889
13805.0,-2022.0,363.7320911929231,669.1571205357143
324.09,121.08398843930635,363.7320911929231,5.649295550847458
12366.0,270.7600688705234,363.7320911929231,669.1571205357143
348.31,137.48202702702702,363.7320911929231,0.0
1113.46,0.0,363.7320911929231,41.924557021677664
305.0,956.9821886792453,363.7320911929231,0.0
349.22,187.98075657894734,363.7320911929231,248.22134969325154
861.84,76.70999999999992,363.7320911929231,41.924557021677664
562.98,27.634043715847,363.7320911929231,5.0842673796791455
1732.66,0.0,363.7320911929231,41.924557021677664
1125.78,60.77999999999997,363.7320911929231,41.924557021677664
612.94,-103.12000000000006,363.7320911929231,41.924557021677664
1264.0,223.70475409836064,363.7320911929231,247.81440000000003
404.0,544.0854679802956,363.7320911929231,174.47120879120877
2610.88,307.50999999999976,363.7320911929231,41.924557021677664
277.0,270.7600688705234,363.7320911929231,1910.85
615.78,365.86,363.7320911929231,41.924557021677664
1718.59,-0.0005714285713890743,363.7320911929231,5.0842673796791455
249.43,88.62431952662725,363.7320911929231,185.61302013422815
748.0,121.71318327974278,363.7320911929231,114.72216216216215
646.27,-8.43999999999994,363.7320911929231,41.924557021677664
1732.66,0.0,363.7320911929231,41.924557021677664
1909.98,835.7599999999998,363.7320911929231,32.15372393247269
442.54,0.0,363.7320911929231,5.0842673796791455
1527.0,0.0,363.7320911929231,135.61071428571432
631.49,0.0,363.7320911929231,5.649295550847458
311.18,351.42589473684217,363.7320911929231,5.0842673796791455
1492.74,420.0999999999999,363.7320911929231,41.924557021677664
480.0,106.66666666666667,363.7320911929231,18.41794117647059
1877.47,508.83510752688176,363.7320911929231,32.15372393247269
2510.04,122.86999999999988,363.7320911929231,41.924557021677664
2907.0,2520.0,363.7320911929231,635.6234693877551
2718.84,0.0,363.7320911929231,635.6234693877551
4679.0,381.89819935691315,363.7320911929231,3.9130434782608696
2310.12,123.14413793103449,363.7320911929231,0.0
3674.0,56.79416988416988,363.7320911929231,174.47120879120877
587.97,-12.324545454545458,363.7320911929231,5.649295550847458
480.68,315.531675,363.7320911929231,332.426829268293
819.52,381.89819935691315,363.7320911929231,41.924557021677664
1016.0,102.0,363.7320911929231,29.266851851851854
10151.04,45397.86,363.7320911929231,19198.74
309.9,0.0,363.7320911929231,41.924557021677664
2242.9,187.98075657894734,363.7320911929231,332.426829268293
317.74,0.0,363.7320911929231,5.649295550847458
768.0,270.7600688705234,363.7320911929231,1910.85
1189.0,353.0,363.7320911929231,83.60526315789474
1454.0,115.06428571428569,363.7320911929231,-215.65888888888887
1193.55,0.0,363.7320911929231,-0.001315789473683013
5748.04,110.92583333333334,363.7320911929231,3403.419032258065
403.36,-58.02000000000004,363.7320911929231,5.649295550847458
3029.0,0.0399999999999636,363.7320911929231,146.40857142857143
9889.24,508.83510752688176,363.7320911929231,464.6008888888889
302.88,-31.50299212598425,363.7320911929231,5.649295550847458
8416.19,-2308.3200000000006,363.7320911929231,-480.9000000000001
1130.0,104.04144736842105,363.7320911929231,669.1571205357143
20718.17,12694.330000000002,363.7320911929231,8552.1625
734.0,0.0099999999999909,363.7320911929231,55.73203703703703
1346.82,508.83510752688176,363.7320911929231,32.15372393247269
2104.7,115.06428571428569,363.7320911929231,32.15372393247269
260.37,187.98075657894734,363.7320911929231,41.97798701298701
2000.0,0.0,363.7320911929231,174.47120879120877
211.7,351.42589473684217,363.7320911929231,5.0842673796791455
351.83,956.9821886792453,363.7320911929231,464.6008888888889
1588.4,-172.5,363.7320911929231,41.924557021677664
4766.0,315.531675,363.7320911929231,174.47120879120877
1181.55,270.7600688705234,363.7320911929231,5.0842673796791455
499.0,351.42589473684217,363.7320911929231,18.41794117647059
2373.64,-673.3999999999999,363.7320911929231,1258.623466666667
196.05,115.06428571428569,363.7320911929231,5.649295550847458
499.79,0.0,363.7320911929231,5.649295550847458
1828.0,201.01747572815538,363.7320911929231,247.81440000000003
995.04,175.0411904761905,363.7320911929231,5.649295550847458
13365.77,195.75224913494807,363.7320911929231,0.02749999999893282
3633.58,270.7600688705234,363.7320911929231,1537.8174226804128
356.86,315.531675,363.7320911929231,669.1571205357143
325.0,132.68696,363.7320911929231,141.12833333333333
693.97,270.7600688705234,363.7320911929231,5.0842673796791455
177.03,0.0,363.7320911929231,113.0609756097561
752.89,0.0,363.7320911929231,5.0842673796791455
770.12,486.77029069767445,363.7320911929231,464.6008888888889
279.29,508.83510752688176,363.7320911929231,5.649295550847458
911.66,195.75224913494807,363.7320911929231,18.41794117647059
297.25,27.634043715847,363.7320911929231,5.649295550847458
8324.28,-31.50299212598425,363.7320911929231,1537.8174226804128
499.0,351.42589473684217,363.7320911929231,18.41794117647059
1019.17,270.7600688705234,363.7320911929231,5.649295550847458
1381.84,175.0411904761905,363.7320911929231,1228.6439795918368
1037.0,175.0411904761905,363.7320911929231,16.727272727272727
1634.79,544.0854679802956,363.7320911929231,14.872403100775186
7853.84,132.68696,363.7320911929231,0.0
890.36,270.7600688705234,363.7320911929231,-1.0
277.44,27.634043715847,363.7320911929231,5.0842673796791455
687.97,472.5091428571429,363.7320911929231,1471.4126865671642
385.0,265.61896265560165,363.7320911929231,0.0
497.18,27.634043715847,363.7320911929231,5.0842673796791455
177.76,351.42589473684217,363.7320911929231,5.0842673796791455
1001.69,56.79416988416988,363.7320911929231,41.924557021677664
2058.79,215.1169805194805,363.7320911929231,32.15372393247269
842.0,223.70475409836064,363.7320911929231,55.73203703703703
819.0,394.0747826086957,363.7320911929231,248.22134969325154
4997.04,270.7600688705234,363.7320911929231,5.0842673796791455
1243.57,28.96202247191011,363.7320911929231,32.15372393247269
1433.39,2.409473684210519,363.7320911929231,32.15372393247269
646.42,-90.32999999999991,363.7320911929231,41.924557021677664
1516.45,123.14413793103449,363.7320911929231,136.80374999999998
20718.17,12694.330000000002,363.7320911929231,8552.1625
483.0,0.0,363.7320911929231,499.0127272727272
496.47,456.47955974842785,363.7320911929231,5.649295550847458
244.54,0.0,363.7320911929231,5.649295550847458
2595.0,476.0,363.7320911929231,464.6008888888889
748.0,0.0,363.7320911929231,114.72216216216215
1200.42,-180.73,363.7320911929231,41.924557021677664
3055.88,3967.309999999999,363.7320911929231,571.6111111111111
385.0,248.87452991452994,363.7320911929231,241.09153846153842
2610.88,307.50999999999976,363.7320911929231,41.924557021677664
211.7,0.0,363.7320911929231,5.0842673796791455
1938.85,456.47955974842785,363.7320911929231,0.0
670.17,315.531675,363.7320911929231,54.444366197183115
7474.0,56.79416988416988,363.7320911929231,715.124375
281.35,108.32,363.7320911929231,669.1571205357143
635.28,270.7600688705234,363.7320911929231,669.1571205357143
349.22,187.98075657894734,363.7320911929231,248.22134969325154
171.0,315.531675,363.7320911929231,55.21866666666667
890.33,-197.1800000000001,363.7320911929231,5.0842673796791455
27212.96,121.08398843930635,363.7320911929231,0.0066666666668121835
1454.0,265.61896265560165,363.7320911929231,421.2039097744361
262.0,315.531675,363.7320911929231,0.0
2158.2,-12.324545454545458,363.7320911929231,32.15372393247269
450.65,456.47955974842785,363.7320911929231,5.649295550847458
4830.0,0.0,363.7320911929231,0.0
500.88,0.0,363.7320911929231,5.0842673796791455
189.31,0.0,363.7320911929231,5.649295550847458
750.53,205.25,363.7320911929231,41.924557021677664
1338.61,0.0,363.7320911929231,5.0842673796791455
665.91,-6.242500000000002,363.7320911929231,41.924557021677664
7877.0,283.1751351351351,363.7320911929231,1258.623466666667
3465.82,140.37999999999963,363.7320911929231,41.924557021677664
402.94,114.68700000000001,363.7320911929231,5.0842673796791455
255.37,175.0411904761905,363.7320911929231,0.0
657.21,-15.564000000000004,363.7320911929231,5.0842673796791455
9265.0,0.0,363.7320911929231,669.1571205357143
487.0,315.531675,363.7320911929231,54.444366197183115
348.72,956.9821886792453,363.7320911929231,41.924557021677664
159.85,27.634043715847,363.7320911929231,5.0842673796791455
1125.78,60.77999999999997,363.7320911929231,41.924557021677664
380.47,2.409473684210519,363.7320911929231,29.266851851851854
444.21,-31.329999999999984,363.7320911929231,41.924557021677664
1948.25,-482.8399999999999,363.7320911929231,5.649295550847458
311.0,0.0,363.7320911929231,0.0
13626.0,0.0,363.7320911929231,669.1571205357143
1473.2,229.8199999999999,363.7320911929231,32.15372393247269
1203.89,0.0,363.7320911929231,14.872403100775186
1214.3,-18.559999999999945,363.7320911929231,41.924557021677664
230.06,195.75224913494807,363.7320911929231,0.0
219.9,111.53585635359119,363.7320911929231,571.6111111111111
1346.82,956.9821886792453,363.7320911929231,41.924557021677664
61109.0,22509.083333333332,363.7320911929231,14714.00484848485
513.99,187.98075657894734,363.7320911929231,-0.001315789473683013
1741.45,311.55612903225807,363.7320911929231,41.924557021677664
1473.0,195.75224913494807,363.7320911929231,248.22134969325154
385.57,0.0,363.7320911929231,5.0842673796791455
284.21,-31.50299212598425,363.7320911929231,5.0842673796791455
381.01,0.0,363.7320911929231,5.0842673796791455
194.2,381.89819935691315,363.7320911929231,2.9732515337423315
2445.0,56.79416988416988,363.7320911929231,1258.623466666667
6708.0,215.1169805194805,363.7320911929231,2.127659574468085
157.32,265.61896265560165,363.7320911929231,5.649295550847458
201.08,195.75224913494807,363.7320911929231,5.649295550847458
11816.4,0.0,363.7320911929231,0.0
621.4,315.531675,363.7320911929231,185.61302013422815
899.45,6.324500000000002,363.7320911929231,5.0842673796791455
341.63,215.1169805194805,363.7320911929231,32.15372393247269
397.44,132.68696,363.7320911929231,5.649295550847458
274.34,0.0,363.7320911929231,5.0842673796791455
603.08,25.409999999999968,363.7320911929231,41.924557021677664
9265.0,0.0,363.7320911929231,669.1571205357143
468.64,544.0854679802956,363.7320911929231,14.872403100775186
292.23,6.324500000000002,363.7320911929231,5.0842673796791455
882.45,127.46999999999991,363.7320911929231,41.924557021677664
218.6,201.01747572815538,363.7320911929231,174.47120879120877
340.15,106.38125,363.7320911929231,3.5972222222222223
711.01,0.0,363.7320911929231,0.0
5846.0,-5.344545454545455,363.7320911929231,174.47120879120877
186.52,121.71318327974278,363.7320911929231,5.649295550847458
247.41,145.4,363.7320911929231,5.649295550847458
6230.99,10.015714285714239,363.7320911929231,0.013823529411531452
295.97,114.68700000000001,363.7320911929231,5.0842673796791455
5850.83,187.98075657894734,363.7320911929231,16.512476190476193
887.0,544.0854679802956,363.7320911929231,18.41794117647059
1547.0,326.00631578947366,363.7320911929231,114.72216216216215
1062.76,115.06428571428569,363.7320911929231,32.15372393247269
749.0,265.61896265560165,363.7320911929231,421.2039097744361
282.08,883.5747142857142,363.7320911929231,5.649295550847458
226.16,195.75224913494807,363.7320911929231,5.649295550847458
2842.14,838.3499999999999,363.7320911929231,41.924557021677664
3633.58,270.7600688705234,363.7320911929231,1537.8174226804128
3055.0,123.14413793103449,363.7320911929231,1258.623466666667
416.07,508.83510752688176,363.7320911929231,41.924557021677664
173.03,315.531675,363.7320911929231,185.61302013422815
1686.22,123.14413793103449,363.7320911929231,192.9492857142857
2155.95,-12.53999999999993,363.7320911929231,41.924557021677664
461.05,544.0854679802956,363.7320911929231,0.0
1035.16,381.89819935691315,363.7320911929231,694.994625
564.05,351.42589473684217,363.7320911929231,5.0842673796791455
538.11,381.89819935691315,363.7320911929231,41.924557021677664
1909.98,835.7599999999998,363.7320911929231,32.15372393247269
183.65,508.83510752688176,363.7320911929231,114.72216216216215
1953.0,1410.0,363.7320911929231,464.6008888888889
108000.0,53.03571428571427,363.7320911929231,0.0
250.0,283.1751351351351,363.7320911929231,141.12833333333333
430.24,27.634043715847,363.7320911929231,5.0842673796791455
442.42,486.77029069767445,363.7320911929231,0.0
670.17,315.531675,363.7320911929231,54.444366197183115
2821.07,76.86607142857143,363.7320911929231,16.512476190476193
51101.0,72904.0,363.7320911929231,72904.0
1586.0,0.0,363.7320911929231,248.22134969325154
329.14,-10.050000000000011,363.7320911929231,5.649295550847458
487.0,315.531675,363.7320911929231,54.444366197183115
2641.37,166.32,363.7320911929231,32.15372393247269
1092.18,956.9821886792453,363.7320911929231,41.924557021677664
213.33,381.89819935691315,363.7320911929231,5.649295550847458
751.03,56.79416988416988,363.7320911929231,155.60470588235296
1418.67,456.47955974842785,363.7320911929231,5.0842673796791455
2907.0,2520.0,363.7320911929231,635.6234693877551
194.93,215.1169805194805,363.7320911929231,23.371704545454545
382.29,123.14413793103449,363.7320911929231,571.6111111111111
323.26,283.1751351351351,363.7320911929231,18.41794117647059
15611.0,115.06428571428569,363.7320911929231,1634.2714285714285
398.25,-36.7,363.7320911929231,5.649295550847458
1564.23,223.70475409836064,363.7320911929231,41.924557021677664
431.0,187.98075657894734,363.7320911929231,185.61302013422815
501.0,315.531675,363.7320911929231,174.47120879120877
690.71,0.0,363.7320911929231,0.0
8146.21,-0.0005714285713890743,363.7320911929231,0.0
3626.24,381.89819935691315,363.7320911929231,2.127659574468085
392.51,472.5091428571429,363.7320911929231,62.26999999999998
1560.39,49.62999999999998,363.7320911929231,32.15372393247269
316.0,381.89819935691315,363.7320911929231,0.0
1373.06,314.19000000000005,363.7320911929231,41.924557021677664
1295.39,315.531675,363.7320911929231,5.649295550847458
298.0,486.77029069767445,363.7320911929231,5.649295550847458
366.8,381.89819935691315,363.7320911929231,0.0
374.17,121.08398843930635,363.7320911929231,41.924557021677664
442.42,486.77029069767445,363.7320911929231,0.0
138.48,381.89819935691315,363.7320911929231,1279.8325
226.32,106.38125,363.7320911929231,41.924557021677664
578.89,195.75224913494807,363.7320911929231,0.0
168.05,-12.324545454545458,363.7320911929231,5.649295550847458
216.55,76.86607142857143,363.7320911929231,2.9732515337423315
414.37,76.86607142857143,363.7320911929231,0.0
1634.79,544.0854679802956,363.7320911929231,14.872403100775186
1037.0,69.0,363.7320911929231,16.727272727272727
1119.35,74.82000000000016,363.7320911929231,41.924557021677664
237.06,381.89819935691315,363.7320911929231,0.0
423.15,0.0,363.7320911929231,5.649295550847458
1586.0,195.75224913494807,363.7320911929231,248.22134969325154
775.94,-12.324545454545458,363.7320911929231,32.15372393247269
213.33,0.0,363.7320911929231,5.649295550847458
389.35,-49.35000000000002,363.7320911929231,1910.85
210.0,166.32,363.7320911929231,32.15372393247269
31876.39,456.47955974842785,363.7320911929231,301.233181818182
177.03,123.14413793103449,363.7320911929231,113.0609756097561
1188.97,123.14413793103449,363.7320911929231,0.0
1507.0,0.0,363.7320911929231,18.41794117647059
1214.93,247.26,363.7320911929231,41.924557021677664
230.55,331.8455357142857,363.7320911929231,5.649295550847458
535.03,0.0,363.7320911929231,5.649295550847458
939.17,-35.229999999999905,363.7320911929231,41.924557021677664
1130.0,104.04144736842105,363.7320911929231,669.1571205357143
1032.59,177.61824742268038,363.7320911929231,41.924557021677664
174.43,0.0,363.7320911929231,5.0842673796791455
1207.0,223.70475409836064,363.7320911929231,18.41794117647059
906.47,351.42589473684217,363.7320911929231,-294.73
226.87,175.0411904761905,363.7320911929231,0.01499999999998635
869.44,56.79416988416988,363.7320911929231,16.512476190476193
2798.0,0.0,363.7320911929231,14.872403100775186
341.8,0.0,363.7320911929231,5.649295550847458
2139.44,956.9821886792453,363.7320911929231,0.0
2585.0,381.89819935691315,363.7320911929231,3.5972222222222223
279.01,270.7600688705234,363.7320911929231,5.0842673796791455
477.86,252.6989830508475,363.7320911929231,5.0842673796791455
288.0,265.61896265560165,363.7320911929231,174.47120879120877
191.56,56.79416988416988,363.7320911929231,2.9732515337423315
216.53,486.77029069767445,363.7320911929231,5.649295550847458
1160.0,486.77029069767445,363.7320911929231,464.6008888888889
1877.47,508.83510752688176,363.7320911929231,32.15372393247269
237.52,270.7600688705234,363.7320911929231,0.0
791.79,270.7600688705234,363.7320911929231,5.0842673796791455
329.21,123.14413793103449,363.7320911929231,0.0
219.9,111.53585635359119,363.7320911929231,571.6111111111111
177.77,20.863030303030303,363.7320911929231,5.0842673796791455
1912.17,133.17636363636365,363.7320911929231,32.15372393247269
445.22,956.9821886792453,363.7320911929231,5.649295550847458
2798.0,0.0,363.7320911929231,14.872403100775186
859.41,187.98075657894734,363.7320911929231,-0.003103448275859245
1634.79,544.0854679802956,363.7320911929231,14.872403100775186
1203.89,544.0854679802956,363.7320911929231,14.872403100775186
371.93,0.0,363.7320911929231,5.649295550847458
209.88,119.42769230769233,363.7320911929231,13.04352941176471
43129.0,544.0854679802956,363.7320911929231,1910.85
792.89,381.89819935691315,363.7320911929231,1279.8325
2344.0,121.71318327974278,363.7320911929231,114.72216216216215
2032.15,115.06428571428569,363.7320911929231,32.15372393247269
673.27,252.6989830508475,363.7320911929231,5.0842673796791455
235.95,215.1169805194805,363.7320911929231,2.9732515337423315
1173.0,121.71318327974278,363.7320911929231,114.72216216216215
1225.21,381.89819935691315,363.7320911929231,0.0
3190.69,185.21000000000004,363.7320911929231,185.61302013422815
1459.13,0.0,363.7320911929231,233.79176470588237
637.95,215.1169805194805,363.7320911929231,767.001
882.18,0.0,363.7320911929231,5.649295550847458
180.66,111.53585635359119,363.7320911929231,0.0
1813.0,0.0,363.7320911929231,332.426829268293
166.66,472.5091428571429,363.7320911929231,0.0
6708.0,0.0,363.7320911929231,2.127659574468085
1493.65,-12.324545454545458,363.7320911929231,32.15372393247269
483.0,121.71318327974278,363.7320911929231,499.0127272727272
4526.12,133.17636363636365,363.7320911929231,3403.419032258065
177.18,486.77029069767445,363.7320911929231,41.924557021677664
280.75,270.7600688705234,363.7320911929231,41.924557021677664
693.97,270.7600688705234,363.7320911929231,5.0842673796791455
1511.57,0.0,363.7320911929231,5.649295550847458
8975.0,131.69444444444457,363.7320911929231,715.124375
870.0,270.7600688705234,363.7320911929231,5.0842673796791455
202.07,0.0,363.7320911929231,1910.85
4830.0,175.0411904761905,363.7320911929231,0.0
4766.0,0.0,363.7320911929231,174.47120879120877
1103.86,223.70475409836064,363.7320911929231,41.924557021677664
299.31,883.5747142857142,363.7320911929231,5.649295550847458
693.0,381.89819935691315,363.7320911929231,0.0
1863.09,956.9821886792453,363.7320911929231,41.924557021677664
170.49,132.68696,363.7320911929231,72.1
237.52,270.7600688705234,363.7320911929231,0.0
5060.0,155.76687499999994,363.7320911929231,715.124375
867.09,6.324500000000002,363.7320911929231,5.0842673796791455
241.52,351.42589473684217,363.7320911929231,5.0842673796791455
1020.42,187.98075657894734,363.7320911929231,16.512476190476193
483.87,0.0,363.7320911929231,5.0842673796791455
996.5,-149.82000000000005,363.7320911929231,41.924557021677664
423.67,956.9821886792453,363.7320911929231,5.649295550847458
1626.0,132.06352941176476,363.7320911929231,370.5014285714286
349.57,215.1169805194805,363.7320911929231,5.649295550847458
1456.77,0.0,363.7320911929231,760.053
766.51,28.96202247191011,363.7320911929231,32.15372393247269
513.82,187.98075657894734,363.7320911929231,41.97798701298701
196.4,175.0411904761905,363.7320911929231,41.97798701298701
289.46,270.7600688705234,363.7320911929231,0.0
618.33,7.646978021978025,363.7320911929231,41.924557021677664
615.78,486.77029069767445,363.7320911929231,41.924557021677664
385.15,283.1751351351351,363.7320911929231,5.649295550847458
499.0,351.42589473684217,363.7320911929231,18.41794117647059
560.79,0.0,363.7320911929231,5.649295550847458
770.16,265.61896265560165,363.7320911929231,835.9100000000001
392.51,331.8455357142857,363.7320911929231,62.26999999999998
1842.25,0.0,363.7320911929231,174.47120879120877
227.62,27.634043715847,363.7320911929231,1910.85
813.66,956.9821886792453,363.7320911929231,41.924557021677664
340.15,195.75224913494807,363.7320911929231,1910.85
1981.07,700.4100000000001,363.7320911929231,41.924557021677664
4302.06,0.0,363.7320911929231,41.924557021677664
170.96,6.324500000000002,363.7320911929231,5.649295550847458
292.8,0.0,363.7320911929231,5.0842673796791455
2281.94,311.55612903225807,363.7320911929231,669.1571205357143
2869.65,111.53585635359119,363.7320911929231,18.41794117647059
216.68,0.0,363.7320911929231,5.0842673796791455
516.96,115.06428571428569,363.7320911929231,5.649295550847458
670.9,-10.89734042553192,363.7320911929231,5.0842673796791455
1382.0,0.0,363.7320911929231,174.47120879120877
152.44,315.531675,363.7320911929231,54.444366197183115
727.28,381.89819935691315,363.7320911929231,0.0
1322.95,331.8455357142857,363.7320911929231,32.15372393247269
570.11,175.0411904761905,363.7320911929231,-0.001315789473683013
1436.8,76.86607142857143,363.7320911929231,32.15372393247269
262.0,248.87452991452994,363.7320911929231,0.0
1058.99,215.1169805194805,363.7320911929231,1085.1044444444444
155.87,114.68700000000001,363.7320911929231,5.649295550847458
955.39,0.0,363.7320911929231,694.994625
4373.04,0.0,363.7320911929231,0.0
625.64,0.0,363.7320911929231,5.0842673796791455
470.5,57.98000000000002,363.7320911929231,41.924557021677664
1644.85,315.531675,363.7320911929231,41.924557021677664
3605.73,0.0,363.7320911929231,41.924557021677664
557.55,114.68700000000001,363.7320911929231,32.15372393247269
29948.0,0.0,363.7320911929231,1228.6439795918368
1319.75,-12.324545454545458,363.7320911929231,29.266851851851854
3536.9,1142.64,363.7320911929231,41.924557021677664
592.61,456.47955974842785,363.7320911929231,0.0
667.0,101.70593749999993,363.7320911929231,0.0
353.9,-0.0005714285713890743,363.7320911929231,5.0842673796791455
879.26,111.53585635359119,363.7320911929231,41.924557021677664
562.48,-31.50299212598425,363.7320911929231,5.0842673796791455
578.02,-11.120000000000005,363.7320911929231,41.924557021677664
410.68,351.42589473684217,363.7320911929231,5.0842673796791455
1628.0,182.40499999999997,363.7320911929231,136.80374999999998
226.32,351.42589473684217,363.7320911929231,5.0842673796791455
1187.47,166.32,363.7320911929231,32.15372393247269
166.33,544.0854679802956,363.7320911929231,14.872403100775186
1195.0,88.62431952662725,363.7320911929231,247.81440000000003
1122.02,-12.324545454545458,363.7320911929231,32.15372393247269
484.57,0.0,363.7320911929231,18.41794117647059
1972.94,111.53585635359119,363.7320911929231,41.924557021677664
1264.9,270.7600688705234,363.7320911929231,5.0842673796791455
336.0,51.62951923076919,363.7320911929231,0.0
581.74,315.531675,363.7320911929231,174.47120879120877
3273.61,166.32,363.7320911929231,32.15372393247269
844.67,121.71318327974278,363.7320911929231,41.924557021677664
244.43,0.0,363.7320911929231,5.649295550847458
484.5,486.77029069767445,363.7320911929231,0.0
410.26,123.14413793103449,363.7320911929231,0.0
1240.93,195.75224913494807,363.7320911929231,41.924557021677664
316.44,215.1169805194805,363.7320911929231,5.649295550847458
1060.16,106.38125,363.7320911929231,5.649295550847458
1142.62,215.1169805194805,363.7320911929231,5.649295550847458
2735.0,544.0854679802956,363.7320911929231,174.47120879120877
461.05,544.0854679802956,363.7320911929231,0.0
1441.26,177.61824742268038,363.7320911929231,772.0536842105263
5111.33,1588.67,363.7320911929231,174.47120879120877
1248.0,0.0,363.7320911929231,1258.623466666667
599.0,0.0,363.7320911929231,5.0842673796791455
3190.69,394.0747826086957,363.7320911929231,185.61302013422815
189.0,-31.50299212598425,363.7320911929231,141.12833333333333
2585.0,0.0,363.7320911929231,3.5972222222222223
2362.0,0.0,363.7320911929231,114.72216216216215
819.39,27.634043715847,363.7320911929231,5.0842673796791455
992.43,0.0,363.7320911929231,5.649295550847458
20718.17,88.62431952662725,363.7320911929231,8552.1625
1262.43,456.47955974842785,363.7320911929231,5.0842673796791455
727.28,381.89819935691315,363.7320911929231,0.0
1081.15,149.50630630630627,363.7320911929231,5.0842673796791455
3792.0,1297.0,363.7320911929231,114.72216216216215
1577.57,0.0,363.7320911929231,14714.00484848485
2127.86,43.73999999999978,363.7320911929231,41.924557021677664
386.51,0.0,363.7320911929231,5.0842673796791455
605.08,0.0,363.7320911929231,5.649295550847458
3713.4,215.1169805194805,363.7320911929231,669.1571205357143
3055.0,743.06,363.7320911929231,1258.623466666667
1813.0,544.0854679802956,363.7320911929231,332.426829268293
397.41,299.97999999999996,363.7320911929231,19198.74
304.0,544.0854679802956,363.7320911929231,14.872403100775186
576.99,111.53585635359119,363.7320911929231,0.0
2998.34,544.0854679802956,363.7320911929231,174.47120879120877
284.21,0.0,363.7320911929231,5.0842673796791455
2546.9,267.17,363.7320911929231,185.61302013422815
189.0,106.38125,363.7320911929231,141.12833333333333
581.74,315.531675,363.7320911929231,174.47120879120877
1103.86,-18.449999999999815,363.7320911929231,41.924557021677664
1712.0,270.7600688705234,363.7320911929231,456.69565217391306
350.0,315.531675,363.7320911929231,54.444366197183115
525.67,-31.50299212598425,363.7320911929231,5.0842673796791455
263.32,121.08398843930635,363.7320911929231,32.15372393247269
2208.68,254.34000000000017,363.7320911929231,41.924557021677664
1381.84,175.0411904761905,363.7320911929231,1228.6439795918368
961.0,133.17636363636365,363.7320911929231,32.15372393247269
202.07,187.98075657894734,363.7320911929231,1910.85
213.19,311.55612903225807,363.7320911929231,2.9732515337423315
1486.4,267.17,363.7320911929231,669.1571205357143
1006.45,210.95000000000005,363.7320911929231,135.61071428571432
2379.84,394.0747826086957,363.7320911929231,669.1571205357143
670.9,0.0,363.7320911929231,5.0842673796791455
888.99,114.68700000000001,363.7320911929231,-0.003103448275859245
32850.0,51.62951923076919,363.7320911929231,-3.6
294.28,21.350000000000023,363.7320911929231,5.649295550847458
226.16,0.0,363.7320911929231,5.649295550847458
829.5,262.1247727272727,363.7320911929231,41.924557021677664
2615.0,472.5091428571429,363.7320911929231,1471.4126865671642
167.64,123.14413793103449,363.7320911929231,113.0609756097561
297.88,486.77029069767445,363.7320911929231,0.0
1794.0,1200.7358333333332,363.7320911929231,760.053
410.68,351.42589473684217,363.7320911929231,5.0842673796791455
280.57,215.1169805194805,363.7320911929231,5.649295550847458
359.0,260.3768181818182,363.7320911929231,0.0
278.97,123.14413793103449,363.7320911929231,5.649295550847458
168.32,0.0,363.7320911929231,114.72216216216215
481.03,270.7600688705234,363.7320911929231,669.1571205357143
1175.0,7.646978021978025,363.7320911929231,41.924557021677664
456.79,0.0,363.7320911929231,41.924557021677664
609.63,21.340000000000032,363.7320911929231,41.924557021677664
879.26,-91.67999999999996,363.7320911929231,41.924557021677664
2329.45,394.0747826086957,363.7320911929231,669.1571205357143
1077.46,195.75224913494807,363.7320911929231,41.924557021677664
211.7,351.42589473684217,363.7320911929231,5.0842673796791455
927.22,260.3768181818182,363.7320911929231,32.15372393247269
1673.17,223.70475409836064,363.7320911929231,41.924557021677664
224.44,133.17636363636365,363.7320911929231,5.649295550847458
1480.0,0.0,363.7320911929231,0.0
1229.32,121.71318327974278,363.7320911929231,-401.63666666666654
318.12,201.01747572815538,363.7320911929231,174.47120879120877
2735.0,544.0854679802956,363.7320911929231,174.47120879120877
1383.78,883.5747142857142,363.7320911929231,5.0842673796791455
2842.0,265.61896265560165,363.7320911929231,421.2039097744361
491.04,106.38125,363.7320911929231,32.15372393247269
829.0,223.70475409836064,363.7320911929231,669.1571205357143
574.26,149.50630630630627,363.7320911929231,5.0842673796791455
1590.2,-12.324545454545458,363.7320911929231,5.649295550847458
480.0,544.0854679802956,363.7320911929231,18.41794117647059
249.43,0.0,363.7320911929231,185.61302013422815
188.87,-12.324545454545458,363.7320911929231,41.924557021677664
423.67,0.0,363.7320911929231,5.649295550847458
5028.0,0.0,363.7320911929231,174.47120879120877
236.47,0.0,363.7320911929231,5.649295550847458
25560.48,7.646978021978025,363.7320911929231,0.0025000000000545623
183.65,956.9821886792453,363.7320911929231,114.72216216216215
4060.0,270.7600688705234,363.7320911929231,1537.8174226804128
166.66,331.8455357142857,363.7320911929231,0.0
329.21,123.14413793103449,363.7320911929231,0.0
2407.67,381.89819935691315,363.7320911929231,1085.1044444444444
410.6,283.1751351351351,363.7320911929231,5.0842673796791455
1292.65,508.83510752688176,363.7320911929231,32.15372393247269
162.73,115.06428571428569,363.7320911929231,2.9732515337423315
2496.0,0.0,363.7320911929231,421.2039097744361
1209.0,-27.430000000000064,363.7320911929231,1537.8174226804128
1712.0,808.0,363.7320911929231,456.69565217391306
5241.4,0.0,363.7320911929231,0.0
1243.57,28.96202247191011,363.7320911929231,32.15372393247269
344.99,270.7600688705234,363.7320911929231,669.1571205357143
6291.69,195.75224913494807,363.7320911929231,41.924557021677664
865.1,123.14413793103449,363.7320911929231,41.924557021677664
311.22,0.0,363.7320911929231,5.649295550847458
1534.7,7.646978021978025,363.7320911929231,32.15372393247269
1189.0,175.0411904761905,363.7320911929231,83.60526315789474
621.4,315.531675,363.7320911929231,185.61302013422815
1183.71,248.87452991452994,363.7320911929231,32.15372393247269
209.33,-15.564000000000004,363.7320911929231,185.61302013422815
1821.72,201.01747572815538,363.7320911929231,41.924557021677664
656.0,-10.89734042553192,363.7320911929231,159.6880821917808
4686.09,0.0,363.7320911929231,464.6008888888889
3751.82,315.531675,363.7320911929231,174.47120879120877
500.0,175.0411904761905,363.7320911929231,-58.0
1473.0,195.75224913494807,363.7320911929231,248.22134969325154
782.18,24.57199999999999,363.7320911929231,41.924557021677664
1081.15,270.7600688705234,363.7320911929231,5.0842673796791455
1855.59,668.2700000000002,363.7320911929231,41.924557021677664
1219.48,381.89819935691315,363.7320911929231,185.61302013422815
342.0,956.9821886792453,363.7320911929231,421.2039097744361
150.97,883.5747142857142,363.7320911929231,13.04352941176471
234.08,351.42589473684217,363.7320911929231,5.0842673796791455
278.28,76.86607142857143,363.7320911929231,2.9732515337423315
331.0,0.0,363.7320911929231,174.47120879120877
369.0,0.0,363.7320911929231,174.47120879120877
1454.67,115.06428571428569,363.7320911929231,32.15372393247269
578.98,351.42589473684217,363.7320911929231,5.0842673796791455
2878.97,104.04144736842105,363.7320911929231,41.924557021677664
384.0,51.62951923076919,363.7320911929231,0.0
646.27,-8.43999999999994,363.7320911929231,41.924557021677664
283.15,486.77029069767445,363.7320911929231,5.649295550847458
467.0,351.42589473684217,363.7320911929231,5.0842673796791455
778.8,187.98075657894734,363.7320911929231,16.512476190476193
1424.77,714.4099999999999,363.7320911929231,41.924557021677664
330.8,27.634043715847,363.7320911929231,5.0842673796791455
314.09,0.0,363.7320911929231,0.0
1701.81,265.61896265560165,363.7320911929231,301.233181818182
1054.46,-267.6500000000001,363.7320911929231,41.924557021677664
1866.49,563.4100000000001,363.7320911929231,41.924557021677664
1877.47,508.83510752688176,363.7320911929231,32.15372393247269
2565.63,28.96202247191011,363.7320911929231,32.15372393247269
562.98,27.634043715847,363.7320911929231,5.0842673796791455
2211.29,544.0854679802956,363.7320911929231,174.47120879120877
3241.56,2.409473684210519,363.7320911929231,32.15372393247269
413.84,486.77029069767445,363.7320911929231,0.0
936.26,76.86607142857143,363.7320911929231,32.15372393247269
4011.85,187.98075657894734,363.7320911929231,16.512476190476193
351.12,-31.50299212598425,363.7320911929231,5.0842673796791455
899.45,6.324500000000002,363.7320911929231,5.0842673796791455
1810.56,2871.0800000000004,363.7320911929231,1471.4126865671642
4924.11,-4.649999999999636,363.7320911929231,41.924557021677664
159.77,270.7600688705234,363.7320911929231,0.0
1021.57,115.06428571428569,363.7320911929231,41.924557021677664
411.16,223.70475409836064,363.7320911929231,41.924557021677664
296.66,-7.550000000000011,363.7320911929231,5.649295550847458
578.89,106.38125,363.7320911929231,0.0
1821.72,700.8399999999999,363.7320911929231,41.924557021677664
380.47,15.677083333333327,363.7320911929231,29.266851851851854
1028.0,486.77029069767445,363.7320911929231,247.81440000000003
1146.19,331.8455357142857,363.7320911929231,32.15372393247269
1013.33,261.30000000000007,363.7320911929231,41.924557021677664
890.36,270.7600688705234,363.7320911929231,-1.0
1810.56,331.8455357142857,363.7320911929231,1471.4126865671642
780.77,195.75224913494807,363.7320911929231,5.649295550847458
423.48,0.0,363.7320911929231,5.649295550847458
999.32,121.08398843930635,363.7320911929231,32.15372393247269
235.9,381.89819935691315,363.7320911929231,0.0
428.8,215.1169805194805,363.7320911929231,5.649295550847458
1112.7,508.83510752688176,363.7320911929231,32.15372393247269
5021.76,315.531675,363.7320911929231,8552.1625
2067.0,195.75224913494807,363.7320911929231,248.22134969325154
1420.0,215.1169805194805,363.7320911929231,174.47120879120877
309.58,381.89819935691315,363.7320911929231,0.0
816.79,-30.18999999999994,363.7320911929231,5.0842673796791455
578.89,0.0,363.7320911929231,0.0
3751.82,0.0,363.7320911929231,174.47120879120877
272.49,0.0,363.7320911929231,5.649295550847458
445.62,115.06428571428569,363.7320911929231,5.649295550847458
855.74,201.01747572815538,363.7320911929231,41.924557021677664
10151.04,956.9821886792453,363.7320911929231,19198.74
421.65,-192.71,363.7320911929231,14714.00484848485
250.18,0.0,363.7320911929231,0.0
2212.0,0.0,363.7320911929231,3.9130434782608696
265.91,956.9821886792453,363.7320911929231,18.41794117647059
34012.0,956.9821886792453,363.7320911929231,185.61302013422815
188.36,351.42589473684217,363.7320911929231,5.0842673796791455
281.35,381.89819935691315,363.7320911929231,669.1571205357143
797.36,248.87452991452994,363.7320911929231,32.15372393247269
480.0,160.0,363.7320911929231,18.41794117647059
749.0,0.0,363.7320911929231,421.2039097744361
31876.39,456.47955974842785,363.7320911929231,3921.7854545454543
1603.53,-12.324545454545458,363.7320911929231,32.15372393247269
509.65,-25.22999999999996,363.7320911929231,5.649295550847458
560.79,0.0,363.7320911929231,5.649295550847458
224.85,0.0,363.7320911929231,5.0842673796791455
168.32,0.0,363.7320911929231,114.72216216216215
637.06,6.324500000000002,363.7320911929231,5.0842673796791455
388.93,215.1169805194805,363.7320911929231,5.649295550847458
341.8,0.0,363.7320911929231,5.649295550847458
232.99,252.6989830508475,363.7320911929231,5.0842673796791455
150.86,121.08398843930635,363.7320911929231,32.15372393247269
438.44,0.0,363.7320911929231,5.0842673796791455
2067.0,20.0,363.7320911929231,248.22134969325154
183.65,508.83510752688176,363.7320911929231,114.72216216216215
11816.4,123.14413793103449,363.7320911929231,0.0
4103.0,121.71318327974278,363.7320911929231,499.0127272727272
392.51,472.5091428571429,363.7320911929231,62.26999999999998
1200.42,-180.73,363.7320911929231,41.924557021677664
747.0,0.0,363.7320911929231,6.500000000000007
813.0,166.32,363.7320911929231,979.4699999999999
2002.79,111.53585635359119,363.7320911929231,41.924557021677664
1264.9,270.7600688705234,363.7320911929231,5.0842673796791455
548.0,223.70475409836064,363.7320911929231,174.47120879120877
252.0,121.08398843930635,363.7320911929231,114.72216216216215
5846.0,0.0,363.7320911929231,174.47120879120877
2735.0,544.0854679802956,363.7320911929231,174.47120879120877
197.6,-12.324545454545458,363.7320911929231,41.924557021677664
968.92,0.0,363.7320911929231,14.872403100775186
293.3,956.9821886792453,363.7320911929231,464.6008888888889
6285.33,4749.373428571428,363.7320911929231,3921.7854545454543
2915.0,2994.0,363.7320911929231,669.1571205357143
1757.27,448.3261538461539,363.7320911929231,41.924557021677664
352.01,175.0411904761905,363.7320911929231,41.924557021677664
186.21,121.71318327974278,363.7320911929231,114.72216216216215
234.08,0.0,363.7320911929231,5.0842673796791455
237.06,381.89819935691315,363.7320911929231,0.0
297.25,27.634043715847,363.7320911929231,5.649295550847458
255.97,1224.73,363.7320911929231,1085.1044444444444
428.3,544.0854679802956,363.7320911929231,174.47120879120877
437.21,315.531675,363.7320911929231,0.0
282.08,0.0,363.7320911929231,5.649295550847458
283.15,248.87452991452994,363.7320911929231,5.649295550847458
192.93,0.0,363.7320911929231,5.649295550847458
11843.75,121.08398843930635,363.7320911929231,1228.6439795918368
495.59,149.50630630630627,363.7320911929231,669.1571205357143
819.52,215.1169805194805,363.7320911929231,41.924557021677664
1003.87,56.79416988416988,363.7320911929231,41.924557021677664
241.23,56.79416988416988,363.7320911929231,5.649295550847458
344.71,274.99000000000007,363.7320911929231,5.0842673796791455
882.45,121.08398843930635,363.7320911929231,32.15372393247269
1500.11,0.0,363.7320911929231,41.924557021677664
2104.7,115.06428571428569,363.7320911929231,32.15372393247269
961.67,315.531675,363.7320911929231,0.0
861.06,187.98075657894734,363.7320911929231,16.512476190476193
435.0,-40.548333333333325,363.7320911929231,614.4600000000002
2500.0,0.0,363.7320911929231,114.72216216216215
5535.0,204.78,363.7320911929231,669.1571205357143
570.11,175.0411904761905,363.7320911929231,-0.001315789473683013
1734.18,177.61824742268038,363.7320911929231,41.924557021677664
461.42,238.67,363.7320911929231,-0.01666666666642413
304.83,114.68700000000001,363.7320911929231,5.649295550847458
399.2,7.646978021978025,363.7320911929231,0.0
275.63,27.634043715847,363.7320911929231,0.0
397.44,132.68696,363.7320911929231,5.649295550847458
211.09,-4.530000000000001,363.7320911929231,5.649295550847458
1938.85,0.0,363.7320911929231,0.0
2445.0,1932.0,363.7320911929231,1258.623466666667
307.66,956.9821886792453,363.7320911929231,421.2039097744361
344.73,145.4,363.7320911929231,5.649295550847458
1430.0,88.62431952662725,363.7320911929231,760.053
5729.47,149.50630630630627,363.7320911929231,32.15372393247269
159.85,27.634043715847,363.7320911929231,5.0842673796791455
557.04,0.0,363.7320911929231,669.1571205357143
693.97,0.0,363.7320911929231,5.0842673796791455
1272.97,544.0854679802956,363.7320911929231,41.924557021677664
494.52,-64.82,363.7320911929231,-42.132999999999996
496.64,215.1169805194805,363.7320911929231,5.649295550847458
679.0,0.0,363.7320911929231,174.47120879120877
2285.81,177.61824742268038,363.7320911929231,772.0536842105263
273.76,145.4,363.7320911929231,5.649295550847458
492.12,31.590000000000032,363.7320911929231,5.649295550847458
3685.0,0.0,363.7320911929231,14714.00484848485
599.0,270.7600688705234,363.7320911929231,5.0842673796791455
1081.51,56.79416988416988,363.7320911929231,41.924557021677664
1493.5,2.409473684210519,363.7320911929231,32.15372393247269
825.0,265.61896265560165,363.7320911929231,421.2039097744361
206.88,56.79416988416988,363.7320911929231,0.0
2212.0,0.0,363.7320911929231,3.9130434782608696
2140.0,839.0,363.7320911929231,113.0609756097561
980.45,111.53585635359119,363.7320911929231,669.1571205357143
341.43,94.70999999999998,363.7320911929231,1910.85
240.0,956.9821886792453,363.7320911929231,669.1571205357143
1360.54,117.40000000000008,363.7320911929231,41.924557021677664
381.77,381.89819935691315,363.7320911929231,5.649295550847458
183.56,119.42769230769233,363.7320911929231,5.0842673796791455
7254.37,187.98075657894734,363.7320911929231,16.512476190476193
1774.03,334.3799999999999,363.7320911929231,41.924557021677664
849.31,0.0,363.7320911929231,16.512476190476193
882.18,0.0,363.7320911929231,5.649295550847458
483.0,0.0,363.7320911929231,499.0127272727272
1859.19,132.68696,363.7320911929231,0.0
1661.25,195.75224913494807,363.7320911929231,5.649295550847458
386.51,149.50630630630627,363.7320911929231,5.0842673796791455
163.86,0.0,363.7320911929231,5.649295550847458
749.08,175.0411904761905,363.7320911929231,-0.001315789473683013
8399.81,51.62951923076919,363.7320911929231,0.013823529411531452
866.0,56.79416988416988,363.7320911929231,41.924557021677664
408.94,-23.840000000000018,363.7320911929231,174.47120879120877
1077.46,-277.76,363.7320911929231,41.924557021677664
345.38,175.0411904761905,363.7320911929231,5.0842673796791455
1741.45,300.0899999999999,363.7320911929231,41.924557021677664
1313.28,0.0,363.7320911929231,5.0842673796791455
592.61,456.47955974842785,363.7320911929231,0.0
316.44,381.89819935691315,363.7320911929231,5.649295550847458
752.3,315.531675,363.7320911929231,41.924557021677664
630.37,381.89819935691315,363.7320911929231,0.0
657.16,215.1169805194805,363.7320911929231,5.649295550847458
822.88,215.1169805194805,363.7320911929231,0.0
515.69,-12.324545454545458,363.7320911929231,5.649295550847458
392.51,472.5091428571429,363.7320911929231,62.26999999999998
1194.57,563.25,363.7320911929231,41.924557021677664
3085.59,0.0,363.7320911929231,14.872403100775186
1725.04,132.68696,363.7320911929231,0.0
1882.93,187.98075657894734,363.7320911929231,41.924557021677664
637.06,6.324500000000002,363.7320911929231,5.0842673796791455
1411.71,215.1169805194805,363.7320911929231,32.15372393247269
230.06,195.75224913494807,363.7320911929231,0.0
171.0,88.62431952662725,363.7320911929231,55.21866666666667
5491.89,544.0854679802956,363.7320911929231,1471.4126865671642
581.65,56.79416988416988,363.7320911929231,41.924557021677664
254.78,381.89819935691315,363.7320911929231,41.924557021677664
349.75,123.14413793103449,363.7320911929231,635.6234693877551
491.39,6.324500000000002,363.7320911929231,5.0842673796791455
568.12,0.0,363.7320911929231,5.649295550847458
968.92,0.0,363.7320911929231,14.872403100775186
1481.87,39.93307692307693,363.7320911929231,32.15372393247269
155.97,121.08398843930635,363.7320911929231,5.649295550847458
1319.55,149.50630630630627,363.7320911929231,5.0842673796791455
2018.0,-6.881538461538464,363.7320911929231,0.06500000000005456
1673.17,28.96202247191011,363.7320911929231,41.924557021677664
430.24,20.863030303030303,363.7320911929231,5.0842673796791455
152.95,223.70475409836064,363.7320911929231,23.371704545454545
1821.72,133.17636363636365,363.7320911929231,32.15372393247269
379.3,381.89819935691315,363.7320911929231,0.0
173.65,270.7600688705234,363.7320911929231,5.649295550847458
957.95,270.7600688705234,363.7320911929231,5.0842673796791455
358.72,270.7600688705234,363.7320911929231,5.0842673796791455
338.33,215.1169805194805,363.7320911929231,-66.66499999999999
24544.55,-0.0499999999992724,363.7320911929231,-0.01666666666642413
395.62,-3.590000000000032,363.7320911929231,5.649295550847458
687.77,76.86607142857143,363.7320911929231,41.924557021677664
1028.0,486.77029069767445,363.7320911929231,112.65000000000002
1309.08,-12.324545454545458,363.7320911929231,32.15372393247269
284.21,-74.12222222222222,363.7320911929231,5.0842673796791455
957.95,0.0,363.7320911929231,5.0842673796791455
938.29,283.1751351351351,363.7320911929231,301.233181818182
479.15,121.71318327974278,363.7320911929231,-480.9000000000001
384.04,270.7600688705234,363.7320911929231,0.0
524.84,56.79416988416988,363.7320911929231,41.924557021677664
1457.0,111.53585635359119,363.7320911929231,6.500000000000007
907.76,956.9821886792453,363.7320911929231,41.924557021677664
277.0,46.089999999999975,363.7320911929231,1910.85
341.43,381.89819935691315,363.7320911929231,1910.85
887.0,544.0854679802956,363.7320911929231,18.41794117647059
2838.86,0.0,363.7320911929231,0.0
690.71,111.53585635359119,363.7320911929231,0.0
435.0,4749.373428571428,363.7320911929231,689.6153846153846
617.88,-12.324545454545458,363.7320911929231,32.15372393247269
3190.69,394.0747826086957,363.7320911929231,185.61302013422815
4011.85,0.0,363.7320911929231,0.0
538.71,115.06428571428569,363.7320911929231,5.649295550847458
360.81,381.89819935691315,363.7320911929231,0.0
300.46,76.86607142857143,363.7320911929231,5.649295550847458
224.44,381.89819935691315,363.7320911929231,5.649295550847458
1716.21,270.7600688705234,363.7320911929231,5.0842673796791455
358.19,51.62951923076919,363.7320911929231,247.81440000000003
1991.71,-159.04999999999995,363.7320911929231,41.924557021677664
4686.09,0.0,363.7320911929231,464.6008888888889
1060.67,-12.324545454545458,363.7320911929231,1572.5226666666665
43129.0,544.0854679802956,363.7320911929231,1910.85
209.33,-10.89734042553192,363.7320911929231,185.61302013422815
3207.0,0.0,363.7320911929231,3.5972222222222223
752.89,6.324500000000002,363.7320911929231,5.0842673796791455
747.0,544.0854679802956,363.7320911929231,6.500000000000007
2362.0,121.71318327974278,363.7320911929231,114.72216216216215
1499.73,9.916666666666666,363.7320911929231,32.15372393247269
187.09,149.50630630630627,363.7320911929231,5.0842673796791455
636.1,0.0,363.7320911929231,5.649295550847458
1641.75,137.48202702702702,363.7320911929231,32.15372393247269
1511.57,-12.324545454545458,363.7320911929231,5.649295550847458
687.97,472.5091428571429,363.7320911929231,1471.4126865671642
298.0,265.61896265560165,363.7320911929231,5.649295550847458
161.73,0.0,363.7320911929231,5.0842673796791455
2595.0,238.67,363.7320911929231,464.6008888888889
6339.0,51.62951923076919,363.7320911929231,0.0
1185.69,73.57999999999993,363.7320911929231,41.924557021677664
4060.0,901.0,363.7320911929231,1537.8174226804128
166.25,7.646978021978025,363.7320911929231,0.0
511.83,7.646978021978025,363.7320911929231,5.649295550847458
535.18,175.0411904761905,363.7320911929231,-0.003103448275859245
1449.44,351.42589473684217,363.7320911929231,372.7999999999999
196.94,121.08398843930635,363.7320911929231,5.649295550847458
1457.59,270.7600688705234,363.7320911929231,5.0842673796791455
410.26,123.14413793103449,363.7320911929231,0.0
1001.69,-112.88000000000012,363.7320911929231,41.924557021677664
1182.94,715.8999999999999,363.7320911929231,41.924557021677664
497.09,0.0,363.7320911929231,5.0842673796791455
511.02,270.7600688705234,363.7320911929231,5.0842673796791455
1205.4,4.809999999999945,363.7320911929231,41.924557021677664
652.33,-0.4500000000000455,363.7320911929231,41.924557021677664
215.0,248.87452991452994,363.7320911929231,1910.85
1533.87,258.6600000000001,363.7320911929231,41.924557021677664
2887.11,187.98075657894734,363.7320911929231,248.22134969325154
260.2,215.1169805194805,363.7320911929231,669.1571205357143
1985.38,215.1169805194805,363.7320911929231,32.15372393247269
183.65,508.83510752688176,363.7320911929231,432.323
974.19,370.41999999999985,363.7320911929231,5.649295550847458
1058.9,508.83510752688176,363.7320911929231,32.15372393247269
668.54,0.0,363.7320911929231,0.0
1856.36,1943.64,363.7320911929231,485.91
248.2,0.0,363.7320911929231,0.0
955.34,0.0,363.7320911929231,41.924557021677664
504.76,351.42589473684217,363.7320911929231,5.0842673796791455
34012.0,0.0,363.7320911929231,185.61302013422815
227.62,27.634043715847,363.7320911929231,1910.85
794.7,7.646978021978025,363.7320911929231,32.15372393247269
502.68,175.0411904761905,363.7320911929231,-0.001315789473683013
402.0,195.75224913494807,363.7320911929231,1258.623466666667
1253.26,508.83510752688176,363.7320911929231,32.15372393247269
1378.0,271.0,363.7320911929231,421.2039097744361
5281.94,201.01747572815538,363.7320911929231,3403.419032258065
10228.0,270.7600688705234,363.7320911929231,669.1571205357143
752.3,12.950000000000044,363.7320911929231,41.924557021677664
855.74,133.17636363636365,363.7320911929231,32.15372393247269
305.12,56.79416988416988,363.7320911929231,5.649295550847458
1439.77,-13.702777777777762,363.7320911929231,41.924557021677664
1309.08,-12.324545454545458,363.7320911929231,32.15372393247269
209.88,119.42769230769233,363.7320911929231,13.04352941176471
170.34,-22.950000000000017,363.7320911929231,5.649295550847458
580.61,215.1169805194805,363.7320911929231,0.0
713.35,187.98075657894734,363.7320911929231,16.512476190476193
827.98,133.17636363636365,363.7320911929231,32.15372393247269
206.54,215.1169805194805,363.7320911929231,5.649295550847458
2147.62,10.175,363.7320911929231,174.47120879120877
1226.64,-12.324545454545458,363.7320911929231,32.15372393247269
747.29,-120.45999999999992,363.7320911929231,41.924557021677664
1821.72,700.8399999999999,363.7320911929231,41.924557021677664
3751.82,315.531675,363.7320911929231,174.47120879120877
445.22,508.83510752688176,363.7320911929231,5.649295550847458
398.4,315.531675,363.7320911929231,5.649295550847458
1200.14,0.0,363.7320911929231,41.924557021677664
274.06,0.0,363.7320911929231,5.649295550847458
402.27,0.0,363.7320911929231,0.0
279.01,0.0,363.7320911929231,5.0842673796791455
698.45,6.324500000000002,363.7320911929231,5.0842673796791455
1032.59,231.58000000000015,363.7320911929231,41.924557021677664
524.88,137.48202702702702,363.7320911929231,32.15372393247269
239.6,22509.083333333332,363.7320911929231,-0.01666666666642413
860.0,270.7600688705234,363.7320911929231,669.1571205357143
180.24,215.1169805194805,363.7320911929231,2.9732515337423315
1470.73,123.14413793103449,363.7320911929231,41.924557021677664
540.35,215.1169805194805,363.7320911929231,5.649295550847458
414.37,0.0,363.7320911929231,0.0
991.89,-14.159999999999968,363.7320911929231,41.924557021677664
224.85,0.0,363.7320911929231,5.0842673796791455
5961.0,-0.11999999999989085,363.7320911929231,66.74000000000008
538.0,201.01747572815538,363.7320911929231,1910.85
359.0,0.0,363.7320911929231,159.6880821917808
1016.0,111.53585635359119,363.7320911929231,29.266851851851854
255.73,76.86607142857143,363.7320911929231,5.649295550847458
9265.0,0.0,363.7320911929231,669.1571205357143
1227.57,262.1247727272727,363.7320911929231,41.924557021677664
525.67,-31.50299212598425,363.7320911929231,5.0842673796791455
1985.38,215.1169805194805,363.7320911929231,32.15372393247269
274.06,0.0,363.7320911929231,5.649295550847458
411.44,-40.225445544554454,363.7320911929231,5.649295550847458
379.3,0.0,363.7320911929231,0.0
172.09,121.08398843930635,363.7320911929231,5.649295550847458
1295.39,0.0,363.7320911929231,5.649295550847458
394.95,265.61896265560165,363.7320911929231,5.649295550847458
228.97,351.42589473684217,363.7320911929231,5.0842673796791455
4679.0,381.89819935691315,363.7320911929231,3.9130434782608696
331.0,0.0,363.7320911929231,174.47120879120877
18936.0,88.62431952662725,363.7320911929231,669.1571205357143
2139.44,508.83510752688176,363.7320911929231,0.0
1227.57,88.29999999999995,363.7320911929231,41.924557021677664
720.4,0.0,363.7320911929231,5.0842673796791455
191.11,1.0,363.7320911929231,41.924557021677664
1854.68,544.0854679802956,363.7320911929231,41.924557021677664
670.9,0.0,363.7320911929231,5.0842673796791455
2518.39,0.0,363.7320911929231,41.97798701298701
766.51,223.70475409836064,363.7320911929231,41.924557021677664
645.0,195.75224913494807,363.7320911929231,248.22134969325154
881.61,508.83510752688176,363.7320911929231,5.649295550847458
620.3,-31.50299212598425,363.7320911929231,5.0842673796791455
906.51,137.48202702702702,363.7320911929231,32.15372393247269
720.4,6.324500000000002,363.7320911929231,5.0842673796791455
864.2,956.9821886792453,363.7320911929231,41.924557021677664
898.19,-0.0005714285713890743,363.7320911929231,5.0842673796791455
365.21,7.646978021978025,363.7320911929231,5.649295550847458
1017.99,111.53585635359119,363.7320911929231,32.15372393247269
998.95,56.79416988416988,363.7320911929231,41.924557021677664
781.85,6.324500000000002,363.7320911929231,5.0842673796791455
8416.19,121.71318327974278,363.7320911929231,-480.9000000000001
5028.0,338.7142857142857,363.7320911929231,174.47120879120877
442.54,27.634043715847,363.7320911929231,5.0842673796791455
1103.9,-160.24000000000012,363.7320911929231,41.924557021677664
513.99,0.0,363.7320911929231,-0.001315789473683013
187.09,270.7600688705234,363.7320911929231,5.0842673796791455
235.42,76.86607142857143,363.7320911929231,5.649295550847458
309.99,175.0411904761905,363.7320911929231,41.924557021677664
979.08,187.98075657894734,363.7320911929231,-0.001315789473683013
539.0,88.62431952662725,363.7320911929231,13.04352941176471
187.09,-39.08000000000001,363.7320911929231,5.0842673796791455
1162.8,368.02,363.7320911929231,41.924557021677664
2538.67,381.89819935691315,363.7320911929231,694.994625
801.07,-31.50299212598425,363.7320911929231,5.0842673796791455
1181.34,315.531675,363.7320911929231,41.924557021677664
305.0,956.9821886792453,363.7320911929231,0.0
477.54,0.0,363.7320911929231,5.649295550847458
210.45,381.89819935691315,363.7320911929231,1085.1044444444444
43129.0,456.47955974842785,363.7320911929231,1910.85
14358.0,187.98075657894734,363.7320911929231,16.727272727272727
2156.22,195.75224913494807,363.7320911929231,41.924557021677664
179.18,0.0,363.7320911929231,5.649295550847458
635.28,149.50630630630627,363.7320911929231,669.1571205357143
1718.59,456.47955974842785,363.7320911929231,5.0842673796791455
1165.89,0.0,363.7320911929231,0.0
1007.97,22.670000000000073,363.7320911929231,41.924557021677664
329.21,132.68696,363.7320911929231,0.0
4835.0,5527.0,363.7320911929231,715.124375
338.33,215.1169805194805,363.7320911929231,-66.66499999999999
456.07,3060.7,363.7320911929231,760.053
232.29,27.634043715847,363.7320911929231,5.0842673796791455
1700.0,123.14413793103449,363.7320911929231,635.6234693877551
1089.41,111.53585635359119,363.7320911929231,41.924557021677664
302.88,0.0,363.7320911929231,5.649295550847458
7196.47,381.89819935691315,363.7320911929231,1085.1044444444444
237.52,270.7600688705234,363.7320911929231,0.0
494.0,111.53585635359119,363.7320911929231,6.500000000000007
307.11,0.0,363.7320911929231,0.0
315.56,252.6989830508475,363.7320911929231,5.0842673796791455
2373.64,195.75224913494807,363.7320911929231,1258.623466666667
8797.0,381.89819935691315,363.7320911929231,669.1571205357143
311.22,0.0,363.7320911929231,5.649295550847458
897.45,500.02,363.7320911929231,41.924557021677664
1253.26,-157.48000000000002,363.7320911929231,41.924557021677664
887.28,956.9821886792453,363.7320911929231,41.924557021677664
3205.77,104.04144736842105,363.7320911929231,41.924557021677664
385.15,283.1751351351351,363.7320911929231,5.649295550847458
449.85,28.96202247191011,363.7320911929231,41.924557021677664
1135.39,-372.0300000000001,363.7320911929231,41.924557021677664
241.23,7.646978021978025,363.7320911929231,5.649295550847458
138.48,215.1169805194805,363.7320911929231,767.001
1262.43,456.47955974842785,363.7320911929231,5.0842673796791455
639.3,121.71318327974278,363.7320911929231,41.924557021677664
494.3,121.71318327974278,363.7320911929231,0.0
156.36,149.50630630630627,363.7320911929231,14.112676056338028
399.2,0.0,363.7320911929231,0.0
612.94,7.646978021978025,363.7320911929231,32.15372393247269
197.6,-12.324545454545458,363.7320911929231,41.924557021677664
630.37,0.0,363.7320911929231,0.0
385.0,486.77029069767445,363.7320911929231,241.09153846153842
345.89,472.5091428571429,363.7320911929231,5.649295550847458
28466.0,1496.022692307692,363.7320911929231,14714.00484848485
580.61,381.89819935691315,363.7320911929231,0.0
4373.04,215.1169805194805,363.7320911929231,0.0
766.51,223.70475409836064,363.7320911929231,41.924557021677664
473.0,187.98075657894734,363.7320911929231,233.79176470588237
638.29,195.75224913494807,363.7320911929231,32.15372393247269
1774.03,215.1169805194805,363.7320911929231,32.15372393247269
480.68,88.62431952662725,363.7320911929231,332.426829268293
206.88,56.79416988416988,363.7320911929231,0.0
1774.03,334.3799999999999,363.7320911929231,41.924557021677664
325.0,132.68696,363.7320911929231,141.12833333333333
174.34,0.0,363.7320911929231,5.649295550847458
427.29,0.0,363.7320911929231,5.649295550847458
571.34,375.846,363.7320911929231,41.924557021677664
579.63,351.42589473684217,363.7320911929231,5.0842673796791455
1086.3,-12.324545454545458,363.7320911929231,5.649295550847458
1253.26,508.83510752688176,363.7320911929231,32.15372393247269
237.64,177.61824742268038,363.7320911929231,192.9492857142857
8399.81,51.62951923076919,363.7320911929231,0.013823529411531452
191.11,1.0,363.7320911929231,41.924557021677664
955.49,-52.32000000000005,363.7320911929231,41.924557021677664
287.0,137.48202702702702,363.7320911929231,2.9732515337423315
198.62,0.0,363.7320911929231,41.97798701298701
386.51,270.7600688705234,363.7320911929231,5.0842673796791455
978.44,121.71318327974278,363.7320911929231,-480.9000000000001
222.82,187.98075657894734,363.7320911929231,16.512476190476193
328.34,0.0,363.7320911929231,113.0609756097561
1243.57,28.539999999999964,363.7320911929231,41.924557021677664
1001.69,-112.88000000000012,363.7320911929231,41.924557021677664
206.13,0.0,363.7320911929231,5.649295550847458
224.85,270.7600688705234,363.7320911929231,5.0842673796791455
499.79,0.0,363.7320911929231,5.649295550847458
973.45,248.87452991452994,363.7320911929231,32.15372393247269
1024.91,381.89819935691315,363.7320911929231,0.0
278.01,311.55612903225807,363.7320911929231,2.9732515337423315
237.06,0.0,363.7320911929231,0.0
3919.0,195.75224913494807,363.7320911929231,3.5972222222222223
14788.1,0.0,363.7320911929231,1634.2714285714285
237.64,0.3600000000000136,363.7320911929231,192.9492857142857
743.73,381.89819935691315,363.7320911929231,1085.1044444444444
758.09,175.0411904761905,363.7320911929231,41.97798701298701
414.15,56.79416988416988,363.7320911929231,0.0
950.27,-161.93999999999994,363.7320911929231,41.924557021677664
2267.99,292.5100000000002,363.7320911929231,41.924557021677664
2919.8,1194.09,363.7320911929231,41.924557021677664
172.5,-2.9399999999999977,363.7320911929231,5.649295550847458
2018.0,-6.881538461538464,363.7320911929231,0.06500000000005456
219.18,111.53585635359119,363.7320911929231,18.41794117647059
287.0,177.61824742268038,363.7320911929231,2.9732515337423315
215.0,248.87452991452994,363.7320911929231,1910.85
808.7,508.83510752688176,363.7320911929231,5.649295550847458
10151.04,956.9821886792453,363.7320911929231,19198.74
1273.72,111.53585635359119,363.7320911929231,5.649295550847458
275.63,27.634043715847,363.7320911929231,0.0
791.79,270.7600688705234,363.7320911929231,5.0842673796791455
258.52,27.634043715847,363.7320911929231,5.0842673796791455
244.43,0.0,363.7320911929231,5.649295550847458
1740.0,175.0411904761905,363.7320911929231,669.1571205357143
11076.48,-12.324545454545458,363.7320911929231,0.007272727272885999
875.79,6.324500000000002,363.7320911929231,5.0842673796791455
1377.51,-369.89,363.7320911929231,41.924557021677664
573.96,0.0,363.7320911929231,5.649295550847458
210.79,0.0,363.7320911929231,5.0842673796791455
10947.0,215.1169805194805,363.7320911929231,0.0
461.64,0.0,363.7320911929231,83.60526315789474
4997.04,270.7600688705234,363.7320911929231,5.0842673796791455
686.0,0.0,363.7320911929231,248.22134969325154
236.47,0.0,363.7320911929231,5.649295550847458
34012.0,0.0,363.7320911929231,185.61302013422815
478.83,11.689999999999998,363.7320911929231,5.649295550847458
705.83,0.0,363.7320911929231,5.0842673796791455
150.97,883.5747142857142,363.7320911929231,13.04352941176471
2077.0,-12.324545454545458,363.7320911929231,32.15372393247269
274.34,270.7600688705234,363.7320911929231,5.0842673796791455
749.0,0.0,363.7320911929231,421.2039097744361
18936.0,315.531675,363.7320911929231,669.1571205357143
370.0,149.50630630630627,363.7320911929231,2807.3
426.15,133.17636363636365,363.7320911929231,5.649295550847458
410.26,0.0,363.7320911929231,0.0
330.8,27.634043715847,363.7320911929231,5.0842673796791455
1264.0,0.0,363.7320911929231,247.81440000000003
703.68,0.0,363.7320911929231,5.649295550847458
609.0,175.0411904761905,363.7320911929231,1910.85
43367.0,56.79416988416988,363.7320911929231,1910.85
702.1,133.17636363636365,363.7320911929231,5.649295550847458
548.0,0.0,363.7320911929231,174.47120879120877
3545.0,0.0,363.7320911929231,72.1
676.18,270.7600688705234,363.7320911929231,5.0842673796791455
726.9,-10.89734042553192,363.7320911929231,5.0842673796791455
299.31,145.4,363.7320911929231,5.649295550847458
102.4,883.5747142857142,363.7320911929231,23.371704545454545
2966.63,111.53585635359119,363.7320911929231,41.924557021677664
302.88,0.0,363.7320911929231,5.649295550847458
307.11,0.0,363.7320911929231,5.649295550847458
211.94,187.98075657894734,363.7320911929231,41.97798701298701
686.03,-31.50299212598425,363.7320911929231,5.0842673796791455
1227.57,88.29999999999995,363.7320911929231,41.924557021677664
4243.64,88.62431952662725,363.7320911929231,0.0
14810.0,195.75224913494807,363.7320911929231,669.1571205357143
1886.0,381.89819935691315,363.7320911929231,0.0
339.87,187.98075657894734,363.7320911929231,16.512476190476193
1418.67,456.47955974842785,363.7320911929231,5.0842673796791455
1454.0,0.0,363.7320911929231,421.2039097744361
341.43,94.70999999999998,363.7320911929231,1910.85
1149.17,248.87452991452994,363.7320911929231,32.15372393247269
2082.98,462.1300000000001,363.7320911929231,41.924557021677664
647.0,262.1247727272727,363.7320911929231,464.6008888888889
3626.24,0.0,363.7320911929231,2.127659574468085
6285.33,5678.785454545454,363.7320911929231,3403.419032258065
1564.23,223.70475409836064,363.7320911929231,41.924557021677664
1501.02,314.1100000000001,363.7320911929231,41.924557021677664
277.44,20.863030303030303,363.7320911929231,5.0842673796791455
1606.27,207.6400000000001,363.7320911929231,41.924557021677664
250.0,195.75224913494807,363.7320911929231,141.12833333333333
734.0,223.70475409836064,363.7320911929231,248.0
791.79,270.7600688705234,363.7320911929231,5.0842673796791455
3271.0,0.0,363.7320911929231,174.47120879120877
644.0,486.77029069767445,363.7320911929231,0.0
215.79,27.634043715847,363.7320911929231,5.0842673796791455
228.39,-3.019999999999982,363.7320911929231,5.0842673796791455
240.0,0.0,363.7320911929231,14.112676056338028
478.3,270.7600688705234,363.7320911929231,5.0842673796791455
553.3,153.09000000000003,363.7320911929231,5.649295550847458
516.16,-242.73999999999995,363.7320911929231,41.924557021677664
334.27,187.98075657894734,363.7320911929231,16.512476190476193
8797.0,381.89819935691315,363.7320911929231,669.1571205357143
226.76,-77.32,363.7320911929231,41.924557021677664
153.61,121.71318327974278,363.7320911929231,41.924557021677664
2555.5,-280.07000000000016,363.7320911929231,41.924557021677664
304.44,111.53585635359119,363.7320911929231,6.500000000000007
370.0,270.7600688705234,363.7320911929231,0.0
504.0,-74.12222222222222,363.7320911929231,5.649295550847458
581.74,0.0,363.7320911929231,174.47120879120877
224.85,270.7600688705234,363.7320911929231,5.0842673796791455
487.0,88.62431952662725,363.7320911929231,54.444366197183115
3633.58,270.7600688705234,363.7320911929231,1537.8174226804128
2798.0,0.0,363.7320911929231,14.872403100775186
866.32,6.324500000000002,363.7320911929231,5.0842673796791455
1272.71,-69.50999999999999,363.7320911929231,41.924557021677664
561.91,6.324500000000002,363.7320911929231,5.0842673796791455
557.55,5.0200000000000955,363.7320911929231,41.924557021677664
438.24,-12.324545454545458,363.7320911929231,5.649295550847458
426.15,0.0,363.7320911929231,5.649295550847458
813.0,166.32,363.7320911929231,55.73203703703703
801.07,-74.12222222222222,363.7320911929231,5.0842673796791455
431.78,-10.89734042553192,363.7320911929231,5.0842673796791455
166.86,-40.225445544554454,363.7320911929231,0.0
362.81,381.89819935691315,363.7320911929231,561.603076923077
483.88,315.531675,363.7320911929231,760.053
4023.94,0.0,363.7320911929231,41.924557021677664
2926.42,195.75224913494807,363.7320911929231,5.649295550847458
314.32,0.0,363.7320911929231,5.649295550847458
587.1,121.08398843930635,363.7320911929231,5.649295550847458
1142.62,0.0,363.7320911929231,5.649295550847458
910.18,215.1169805194805,363.7320911929231,2.127659574468085
502.0,282.0,363.7320911929231,1228.6439795918368
516.88,270.7600688705234,363.7320911929231,5.0842673796791455
310.76,351.42589473684217,363.7320911929231,5.0842673796791455
316.73,456.47955974842785,363.7320911929231,5.0842673796791455
4225.59,0.0,363.7320911929231,41.924557021677664
320.47,265.61896265560165,363.7320911929231,18.41794117647059
1120.0,15.677083333333327,363.7320911929231,0.0
1377.0,131.69444444444457,363.7320911929231,14.112676056338028
138.48,1705.42,363.7320911929231,1279.8325
2017.38,195.75224913494807,363.7320911929231,0.0
1155.21,315.531675,363.7320911929231,5.649295550847458
9028.0,0.0,363.7320911929231,669.1571205357143
3419.95,472.5091428571429,363.7320911929231,41.924557021677664
470.5,195.75224913494807,363.7320911929231,41.924557021677664
1183.7,-125.97833333333341,363.7320911929231,41.924557021677664
1032.59,137.48202702702702,363.7320911929231,32.15372393247269
11843.75,121.71318327974278,363.7320911929231,1228.6439795918368
159.66,956.9821886792453,363.7320911929231,5.649295550847458
1654.07,18.820000000000164,363.7320911929231,41.924557021677664
1712.0,270.7600688705234,363.7320911929231,456.69565217391306
159.77,270.7600688705234,363.7320911929231,0.0
607.04,0.0,363.7320911929231,0.0
1473.2,106.38125,363.7320911929231,32.15372393247269
649.44,0.0,363.7320911929231,41.924557021677664
234.08,351.42589473684217,363.7320911929231,5.0842673796791455
159.85,27.634043715847,363.7320911929231,5.0842673796791455
174.43,-10.89734042553192,363.7320911929231,5.0842673796791455
1229.38,319.9399999999998,363.7320911929231,41.924557021677664
524.84,7.646978021978025,363.7320911929231,32.15372393247269
1547.0,326.00631578947366,363.7320911929231,114.72216216216215
10439.09,195.75224913494807,363.7320911929231,1471.4126865671642
523.78,6.324500000000002,363.7320911929231,5.0842673796791455
166.86,544.0854679802956,363.7320911929231,0.0
1272.97,-7.809999999999945,363.7320911929231,41.924557021677664
409.64,-119.0,363.7320911929231,41.924557021677664
575.66,-12.324545454545458,363.7320911929231,32.15372393247269
2878.97,166.32,363.7320911929231,32.15372393247269
561.91,0.0,363.7320911929231,5.0842673796791455
1000.0,121.08398843930635,363.7320911929231,114.72216216216215
333.49,101.70593749999993,363.7320911929231,2.930000000000007
353.3,-40.225445544554454,363.7320911929231,32.15372393247269
513.82,187.98075657894734,363.7320911929231,41.97798701298701
861.37,201.01747572815538,363.7320911929231,18.41794117647059
461.64,168.15000000000003,363.7320911929231,83.60526315789474
305.19,195.75224913494807,363.7320911929231,0.0
1478.4,0.0,363.7320911929231,5.649295550847458
370.0,270.7600688705234,363.7320911929231,0.0
389.35,-49.35000000000002,363.7320911929231,1910.85
362.31,56.79416988416988,363.7320911929231,2.9732515337423315
678.0,1054.0,363.7320911929231,571.6111111111111
189.31,0.0,363.7320911929231,5.649295550847458
647.0,201.95800000000003,363.7320911929231,432.323
1400.0,381.89819935691315,363.7320911929231,0.0
405.2,381.89819935691315,363.7320911929231,0.0
8914.0,0.0,363.7320911929231,6.500000000000007
3733.0,956.9821886792453,363.7320911929231,464.6008888888889
201.1,114.68700000000001,363.7320911929231,32.15372393247269
2907.0,123.14413793103449,363.7320911929231,635.6234693877551
240.0,381.89819935691315,363.7320911929231,14.112676056338028
667.0,51.62951923076919,363.7320911929231,0.0
382.29,132.68696,363.7320911929231,571.6111111111111
3250.0,24.57199999999999,363.7320911929231,715.124375
1560.39,24.57199999999999,363.7320911929231,41.924557021677664
646.17,56.79416988416988,363.7320911929231,1471.4126865671642
726.9,-15.564000000000004,363.7320911929231,5.0842673796791455
13447.0,-6.881538461538464,363.7320911929231,715.124375
474.23,6.324500000000002,363.7320911929231,0.0
165.13,311.55612903225807,363.7320911929231,1910.85
676.18,52.79000000000008,363.7320911929231,5.0842673796791455
2222.53,0.0,363.7320911929231,0.0
861.23,223.70475409836064,363.7320911929231,41.924557021677664
2518.39,114.68700000000001,363.7320911929231,41.97798701298701
727.28,381.89819935691315,363.7320911929231,0.0
226.87,114.68700000000001,363.7320911929231,0.01499999999998635
904.04,149.50630630630627,363.7320911929231,5.0842673796791455
2190.54,544.0854679802956,363.7320911929231,174.47120879120877
364.0,265.61896265560165,363.7320911929231,669.1571205357143
370.0,311.55612903225807,363.7320911929231,174.47120879120877
131.05,201.01747572815538,363.7320911929231,23.371704545454545
2115.44,175.0411904761905,363.7320911929231,41.97798701298701
7844.25,410.75,363.7320911929231,669.1571205357143
977.33,0.0,363.7320911929231,41.924557021677664
3251.0,338.7142857142857,363.7320911929231,174.47120879120877
209.33,-10.89734042553192,363.7320911929231,185.61302013422815
1105.25,248.87452991452994,363.7320911929231,32.15372393247269
3335.85,88.62431952662725,363.7320911929231,332.426829268293
1166.96,265.8599999999999,363.7320911929231,41.924557021677664
3004.63,121.71318327974278,363.7320911929231,0.0
588.18,195.75224913494807,363.7320911929231,248.22134969325154
890.36,270.7600688705234,363.7320911929231,-1.0
1561.85,121.71318327974278,363.7320911929231,-480.9000000000001
960.64,381.89819935691315,363.7320911929231,464.6008888888889
1354.0,115.06428571428569,363.7320911929231,174.47120879120877
1400.0,381.89819935691315,363.7320911929231,0.0
574.26,0.0,363.7320911929231,5.0842673796791455
5365.88,0.0,363.7320911929231,-0.001315789473683013
297.88,486.77029069767445,363.7320911929231,0.0
580.61,381.89819935691315,363.7320911929231,0.0
796.65,-236.62,363.7320911929231,41.924557021677664
244.43,956.9821886792453,363.7320911929231,5.649295550847458
410.26,0.0,363.7320911929231,760.053
881.61,0.0,363.7320911929231,5.649295550847458
906.47,252.6989830508475,363.7320911929231,-294.73
225.17,0.0,363.7320911929231,5.649295550847458
310.76,351.42589473684217,363.7320911929231,5.0842673796791455
456.07,1200.7358333333332,363.7320911929231,760.053
237.52,270.7600688705234,363.7320911929231,0.0
466.8,315.531675,363.7320911929231,41.924557021677664
535.03,270.7600688705234,363.7320911929231,5.649295550847458
975.38,0.0,363.7320911929231,41.924557021677664
410.68,252.6989830508475,363.7320911929231,5.0842673796791455
2471.56,17.440000000000055,363.7320911929231,41.924557021677664
189.21,544.0854679802956,363.7320911929231,14.872403100775186
192.54,145.4,363.7320911929231,5.649295550847458
2798.0,0.0,363.7320911929231,14.872403100775186
1265.59,121.08398843930635,363.7320911929231,32.15372393247269
384.27,508.83510752688176,363.7320911929231,23.371704545454545
512.43,0.0,363.7320911929231,5.0842673796791455
211.94,76.86607142857143,363.7320911929231,41.97798701298701
1444.94,76.86607142857143,363.7320911929231,32.15372393247269
18668.0,76.86607142857143,363.7320911929231,1228.6439795918368
960.64,381.89819935691315,363.7320911929231,464.6008888888889
471.83,0.0,363.7320911929231,41.97798701298701
1359.81,0.0,363.7320911929231,41.924557021677664
256.16,0.0,363.7320911929231,571.6111111111111
404.89,0.0,363.7320911929231,5.0842673796791455
1212.56,175.0411904761905,363.7320911929231,41.924557021677664
2415.91,0.0,363.7320911929231,0.0
189.21,544.0854679802956,363.7320911929231,14.872403100775186
438.44,270.7600688705234,363.7320911929231,5.0842673796791455
1207.0,223.70475409836064,363.7320911929231,18.41794117647059
314.09,56.79416988416988,363.7320911929231,0.0
1589.0,132.68696,363.7320911929231,114.72216216216215
1772.7,-83.52999999999997,363.7320911929231,41.924557021677664
538.11,215.1169805194805,363.7320911929231,41.924557021677664
361.87,0.0,363.7320911929231,0.0
399.2,56.79416988416988,363.7320911929231,0.0
442.42,0.0,363.7320911929231,0.0
1192.33,-12.324545454545458,363.7320911929231,5.649295550847458
2310.12,0.0,363.7320911929231,0.0
1092.9,145.4,363.7320911929231,32.15372393247269
385.15,110.92583333333334,363.7320911929231,5.649295550847458
666.81,23.66000000000008,363.7320911929231,41.924557021677664
509.65,111.53585635359119,363.7320911929231,5.649295550847458
2798.0,133.38666666666663,363.7320911929231,14.872403100775186
1160.0,248.87452991452994,363.7320911929231,464.6008888888889
150.21,215.1169805194805,363.7320911929231,41.924557021677664
625.64,270.7600688705234,363.7320911929231,5.0842673796791455
1404.94,0.0,363.7320911929231,5.649295550847458
420.41,265.61896265560165,363.7320911929231,0.0
1886.0,381.89819935691315,363.7320911929231,0.0
162.55,28.96202247191011,363.7320911929231,41.924557021677664
14788.1,265.61896265560165,363.7320911929231,1634.2714285714285
307.11,111.53585635359119,363.7320911929231,5.649295550847458
573.96,145.4,363.7320911929231,5.649295550847458
499.0,351.42589473684217,363.7320911929231,18.41794117647059
349.22,0.0,363.7320911929231,248.22134969325154
693.97,0.0,363.7320911929231,5.0842673796791455
1256.9,270.7600688705234,363.7320911929231,5.0842673796791455
1089.41,-12.324545454545458,363.7320911929231,32.15372393247269
421.15,270.7600688705234,363.7320911929231,5.649295550847458
614.0,195.75224913494807,363.7320911929231,248.22134969325154
159.85,182.44000000000003,363.7320911929231,5.0842673796791455
1415.34,314.35000000000014,363.7320911929231,41.924557021677664
2165.23,-645.6300000000001,363.7320911929231,41.924557021677664
184.71,0.0,363.7320911929231,0.0
571.34,375.846,363.7320911929231,41.924557021677664
2920.69,565.0799999999999,363.7320911929231,41.924557021677664
249.43,315.531675,363.7320911929231,185.61302013422815
1129.48,0.0,363.7320911929231,41.924557021677664
311.02,114.68700000000001,363.7320911929231,5.0842673796791455
7877.0,283.1751351351351,363.7320911929231,1258.623466666667
861.37,133.17636363636365,363.7320911929231,18.41794117647059
189.31,-12.324545454545458,363.7320911929231,5.649295550847458
255.69,0.0,363.7320911929231,18.41794117647059
161.73,27.634043715847,363.7320911929231,5.0842673796791455
1527.0,104.04144736842105,363.7320911929231,135.61071428571432
6285.33,4749.373428571428,363.7320911929231,3403.419032258065
1001.69,-112.88000000000012,363.7320911929231,41.924557021677664
1622.27,131.69444444444457,363.7320911929231,571.6111111111111
31580.0,223.70475409836064,363.7320911929231,2512.6315789473683
588.18,0.0,363.7320911929231,248.22134969325154
1818.46,175.0411904761905,363.7320911929231,41.924557021677664
828.58,544.0854679802956,363.7320911929231,41.924557021677664
2242.9,0.0,363.7320911929231,332.426829268293
348.06,7.646978021978025,363.7320911929231,5.649295550847458
333.49,51.62951923076919,363.7320911929231,2.930000000000007
703.68,486.77029069767445,363.7320911929231,5.649295550847458
314.1,369.47,363.7320911929231,211.46791666666672
2878.97,166.32,363.7320911929231,32.15372393247269
720.4,0.0,363.7320911929231,5.0842673796791455
347.15,0.0,363.7320911929231,18.41794117647059
613.89,270.7600688705234,363.7320911929231,5.0842673796791455
200.77,121.08398843930635,363.7320911929231,114.72216216216215
1264.0,223.70475409836064,363.7320911929231,247.81440000000003
679.0,315.531675,363.7320911929231,174.47120879120877
610.63,123.14413793103449,363.7320911929231,0.0
480.0,51.62951923076919,363.7320911929231,0.0
1716.21,270.7600688705234,363.7320911929231,5.0842673796791455
1909.74,742.4999999999998,363.7320911929231,32.15372393247269
193.16,123.14413793103449,363.7320911929231,5.649295550847458
888.99,175.0411904761905,363.7320911929231,-0.001315789473683013
580.79,315.02,363.7320911929231,1085.1044444444444
260.37,187.98075657894734,363.7320911929231,41.97798701298701
210.45,381.89819935691315,363.7320911929231,1085.1044444444444
6684.81,0.0,363.7320911929231,0.0
200.67,132.68696,363.7320911929231,5.649295550847458
1195.0,88.62431952662725,363.7320911929231,247.81440000000003
3055.88,3967.309999999999,363.7320911929231,571.6111111111111
1459.13,0.0,363.7320911929231,233.79176470588237
699.19,88.62431952662725,363.7320911929231,5.649295550847458
61109.0,22509.083333333332,363.7320911929231,14714.00484848485
1622.27,131.69444444444457,363.7320911929231,571.6111111111111
199.5,121.08398843930635,363.7320911929231,5.649295550847458
3674.0,0.0,363.7320911929231,174.47120879120877
887.0,0.0,363.7320911929231,18.41794117647059
553.3,153.09000000000003,363.7320911929231,5.649295550847458
350.0,88.62431952662725,363.7320911929231,2097.7239999999997
159.85,27.634043715847,363.7320911929231,5.0842673796791455
1828.0,332.84000000000015,363.7320911929231,247.81440000000003
6941.4,0.0,363.7320911929231,0.0
879.26,-12.324545454545458,363.7320911929231,32.15372393247269
1843.59,111.53585635359119,363.7320911929231,41.924557021677664
1505.85,484.0400000000002,363.7320911929231,41.924557021677664
524.54,132.7800000000001,363.7320911929231,32.15372393247269
545.11,0.0,363.7320911929231,5.649295550847458
621.87,104.04144736842105,363.7320911929231,3.5972222222222223
384.04,0.0,363.7320911929231,0.0
613.89,270.7600688705234,363.7320911929231,5.0842673796791455
207.45,34.743750000000006,363.7320911929231,5.0842673796791455
404.0,544.0854679802956,363.7320911929231,174.47120879120877
882.18,248.87452991452994,363.7320911929231,5.649295550847458
224.85,270.7600688705234,363.7320911929231,5.0842673796791455
177.03,0.0,363.7320911929231,113.0609756097561
18936.0,-1111.0,363.7320911929231,669.1571205357143
991.41,177.40999999999997,363.7320911929231,41.924557021677664
3805.0,0.0,363.7320911929231,0.0
1173.0,121.71318327974278,363.7320911929231,114.72216216216215
190.0,-0.0699999999999931,363.7320911929231,114.72216216216215
386.49,0.0,363.7320911929231,5.649295550847458
1299.36,0.0,363.7320911929231,41.924557021677664
424.93,201.01747572815538,363.7320911929231,75.98000000000002
1459.0,1072.44,363.7320911929231,159.6880821917808
842.0,223.70475409836064,363.7320911929231,192.9492857142857
579.63,351.42589473684217,363.7320911929231,5.0842673796791455
191.11,472.5091428571429,363.7320911929231,41.924557021677664
170.49,123.14413793103449,363.7320911929231,72.1
402.27,215.1169805194805,363.7320911929231,0.0
406.54,0.0,363.7320911929231,5.649295550847458
364.0,265.61896265560165,363.7320911929231,669.1571205357143
670.9,-10.89734042553192,363.7320911929231,5.0842673796791455
209.38,456.47955974842785,363.7320911929231,174.47120879120877
278.01,260.3768181818182,363.7320911929231,2.9732515337423315
424.93,133.17636363636365,363.7320911929231,75.98000000000002
1501.02,137.48202702702702,363.7320911929231,32.15372393247269
456.79,0.0,363.7320911929231,41.924557021677664
420.41,265.61896265560165,363.7320911929231,0.0
778.8,0.0,363.7320911929231,16.512476190476193
201.16,132.68696,363.7320911929231,5.649295550847458
1030.65,287.41615384615386,363.7320911929231,669.1571205357143
413.29,106.38125,363.7320911929231,0.0
2115.44,0.0,363.7320911929231,41.97798701298701
207.13,187.98075657894734,363.7320911929231,41.97798701298701
1381.84,175.0411904761905,363.7320911929231,1228.6439795918368
654.87,76.86607142857143,363.7320911929231,16.512476190476193
322.4,132.68696,363.7320911929231,5.649295550847458
3631.0,-13.702777777777762,363.7320911929231,71.23636363636363
500.48,0.0,363.7320911929231,18.41794117647059
299.31,145.4,363.7320911929231,5.649295550847458
588.18,106.38125,363.7320911929231,370.5014285714286
2227.0,338.7142857142857,363.7320911929231,174.47120879120877
1229.32,121.08398843930635,363.7320911929231,-401.63666666666654
5281.94,201.01747572815538,363.7320911929231,3403.419032258065
296.02,55.75999999999999,363.7320911929231,5.649295550847458
397.41,956.9821886792453,363.7320911929231,19198.74
474.23,6.324500000000002,363.7320911929231,0.0
373.0,51.62951923076919,363.7320911929231,0.0
1335.45,111.53585635359119,363.7320911929231,41.924557021677664
4835.0,175.0411904761905,363.7320911929231,715.124375
614.0,195.75224913494807,363.7320911929231,248.22134969325154
1479.22,-0.2744444444444475,363.7320911929231,41.924557021677664
636.1,0.0,363.7320911929231,5.649295550847458
605.76,6.324500000000002,363.7320911929231,5.0842673796791455
209.33,-10.89734042553192,363.7320911929231,185.61302013422815
1162.56,315.531675,363.7320911929231,185.61302013422815
1039.0,215.1169805194805,363.7320911929231,32.15372393247269
1718.59,0.0,363.7320911929231,5.0842673796791455
1474.77,137.48202702702702,363.7320911929231,32.15372393247269
1725.04,0.0,363.7320911929231,0.0
516.96,0.0,363.7320911929231,5.649295550847458
466.0,0.0,363.7320911929231,174.47120879120877
958.27,111.53585635359119,363.7320911929231,0.0
410.6,283.1751351351351,363.7320911929231,5.0842673796791455
1203.89,544.0854679802956,363.7320911929231,14.872403100775186
478.3,0.0,363.7320911929231,5.0842673796791455
13447.0,-6.881538461538464,363.7320911929231,715.124375
211.46,381.89819935691315,363.7320911929231,1085.1044444444444
410.26,0.0,363.7320911929231,0.0
156.36,270.7600688705234,363.7320911929231,14.112676056338028
1229.38,319.9399999999998,363.7320911929231,41.924557021677664
698.45,6.324500000000002,363.7320911929231,5.0842673796791455
329.0,0.0,363.7320911929231,174.47120879120877
2018.0,-6.881538461538464,363.7320911929231,0.06500000000005456
150.97,883.5747142857142,363.7320911929231,13.04352941176471
1878.0,581.0,363.7320911929231,421.2039097744361
166.52,956.9821886792453,363.7320911929231,41.924557021677664
359.0,223.70475409836064,363.7320911929231,1176.725
4997.04,0.0,363.7320911929231,5.0842673796791455
177.76,351.42589473684217,363.7320911929231,5.0842673796791455
649.6,0.0,363.7320911929231,5.649295550847458
909.84,66.70999999999992,363.7320911929231,41.924557021677664
3638.0,0.0,363.7320911929231,3.5972222222222223
531.61,15.677083333333327,363.7320911929231,41.924557021677664
8112.12,4615.88,363.7320911929231,3403.419032258065
894.01,233.41000000000008,363.7320911929231,41.924557021677664
322.45,265.61896265560165,363.7320911929231,18.41794117647059
302.0,39.93307692307693,363.7320911929231,432.323
525.67,-31.50299212598425,363.7320911929231,5.0842673796791455
869.44,56.79416988416988,363.7320911929231,0.0
329.14,56.79416988416988,363.7320911929231,5.649295550847458
17112.0,187.98075657894734,363.7320911929231,1228.6439795918368
165.0,381.89819935691315,363.7320911929231,159.6880821917808
819.48,544.0854679802956,363.7320911929231,14.872403100775186
595.65,0.0,363.7320911929231,5.0842673796791455
1718.59,456.47955974842785,363.7320911929231,5.0842673796791455
311.18,351.42589473684217,363.7320911929231,5.0842673796791455
3792.0,121.71318327974278,363.7320911929231,114.72216216216215
513.99,0.0,363.7320911929231,-0.001315789473683013
325.0,177.61824742268038,363.7320911929231,141.12833333333333
1516.45,132.68696,363.7320911929231,136.80374999999998
823.46,133.17636363636365,363.7320911929231,5.649295550847458
524.88,-108.3,363.7320911929231,41.924557021677664
398.37,0.0,363.7320911929231,5.0842673796791455
12366.0,270.7600688705234,363.7320911929231,669.1571205357143
5729.47,149.50630630630627,363.7320911929231,32.15372393247269
483.65,0.0,363.7320911929231,-0.001315789473683013
458.59,0.0,363.7320911929231,5.0842673796791455
286.72,270.7600688705234,363.7320911929231,5.0842673796791455
316.11,123.14413793103449,363.7320911929231,0.0
4060.0,270.7600688705234,363.7320911929231,1537.8174226804128
842.25,0.0,363.7320911929231,0.0
1229.38,319.9399999999998,363.7320911929231,41.924557021677664
2002.79,-113.01,363.7320911929231,41.924557021677664
557.04,123.14413793103449,363.7320911929231,0.0
1740.0,175.0411904761905,363.7320911929231,669.1571205357143
2496.0,62.043461538461536,363.7320911929231,421.2039097744361
592.61,456.47955974842785,363.7320911929231,0.0
734.64,0.0,363.7320911929231,5.649295550847458
1331.3,486.77029069767445,363.7320911929231,2707.9079166666666
523.78,0.0,363.7320911929231,5.0842673796791455
250.0,250.0,363.7320911929231,141.12833333333333
795.18,121.71318327974278,363.7320911929231,41.924557021677664
1092.9,883.5747142857142,363.7320911929231,32.15372393247269
539.0,88.62431952662725,363.7320911929231,13.04352941176471
502.0,187.98075657894734,363.7320911929231,1228.6439795918368
278.01,260.3768181818182,363.7320911929231,2.9732515337423315
8112.12,4615.88,363.7320911929231,3403.419032258065
614.0,195.75224913494807,363.7320911929231,248.22134969325154
334.64,-40.225445544554454,363.7320911929231,5.649295550847458
406.54,0.0,363.7320911929231,5.649295550847458
1265.59,369.85000000000014,363.7320911929231,41.924557021677664
467.0,351.42589473684217,363.7320911929231,5.0842673796791455
1519.72,115.06428571428569,363.7320911929231,41.924557021677664
162.73,29.28,363.7320911929231,41.924557021677664
607.04,486.77029069767445,363.7320911929231,0.0
1661.25,0.0,363.7320911929231,5.649295550847458
494.3,121.08398843930635,363.7320911929231,0.0
500.0,84.0,363.7320911929231,889.8235294117648
389.35,195.75224913494807,363.7320911929231,1910.85
238.78,121.08398843930635,363.7320911929231,5.649295550847458
686.03,-31.50299212598425,363.7320911929231,5.0842673796791455
254.78,215.1169805194805,363.7320911929231,32.15372393247269
862.0,215.1169805194805,363.7320911929231,32.15372393247269
328.29,315.531675,363.7320911929231,1910.85
177.34,132.68696,363.7320911929231,113.0609756097561
1103.9,508.83510752688176,363.7320911929231,32.15372393247269
1373.06,88.62431952662725,363.7320911929231,32.15372393247269
3919.0,195.75224913494807,363.7320911929231,3.5972222222222223
15530.0,123.14413793103449,363.7320911929231,1228.6439795918368
198.7,270.7600688705234,363.7320911929231,669.1571205357143
1740.0,753.1500000000001,363.7320911929231,669.1571205357143
4500.0,0.0,363.7320911929231,0.0
255.37,114.68700000000001,363.7320911929231,-0.0037499999999965877
768.76,0.0,363.7320911929231,5.0842673796791455
1230.27,0.0,363.7320911929231,16.512476190476193
1467.44,1042.9,363.7320911929231,41.924557021677664
361.24,-3.1899999999999977,363.7320911929231,5.649295550847458
1413.0,0.0,363.7320911929231,18.41794117647059
2842.0,115.06428571428569,363.7320911929231,-215.65888888888887
238.97,28.96202247191011,363.7320911929231,5.649295550847458
1305.0,246.0,363.7320911929231,18.41794117647059
529.54,59.110000000000014,363.7320911929231,5.649295550847458
275.63,27.634043715847,363.7320911929231,0.0
24948.65,51.62951923076919,363.7320911929231,0.013823529411531452
2886.0,956.9821886792453,363.7320911929231,174.47120879120877
170.96,0.0,363.7320911929231,5.649295550847458
1471.32,-173.83999999999992,363.7320911929231,41.924557021677664
363.1,88.62431952662725,363.7320911929231,18.41794117647059
1409.88,264.15999999999985,363.7320911929231,41.924557021677664
488.29,88.62431952662725,363.7320911929231,174.47120879120877
499.79,121.71318327974278,363.7320911929231,5.649295550847458
405.0,381.89819935691315,363.7320911929231,3.5972222222222223
359.0,248.87452991452994,363.7320911929231,5.649295550847458
859.67,0.0,363.7320911929231,5.0842673796791455
906.47,351.42589473684217,363.7320911929231,-294.73
1105.25,-7.2000000000000455,363.7320911929231,41.924557021677664
1138.72,0.0,363.7320911929231,5.649295550847458
351.83,956.9821886792453,363.7320911929231,464.6008888888889
693.97,270.7600688705234,363.7320911929231,5.0842673796791455
33690.0,381.89819935691315,363.7320911929231,0.0
479.37,106.38125,363.7320911929231,5.649295550847458
1284.0,0.0,363.7320911929231,114.72216216216215
521.9,110.64833333333331,363.7320911929231,298.19571428571425
372.03,215.1169805194805,363.7320911929231,32.15372393247269
688.74,544.0854679802956,363.7320911929231,174.47120879120877
646.42,-90.32999999999991,363.7320911929231,41.924557021677664
2298.0,175.0411904761905,363.7320911929231,715.124375
860.37,-245.94000000000003,363.7320911929231,5.0842673796791455
652.33,-0.4500000000000455,363.7320911929231,41.924557021677664
289.46,270.7600688705234,363.7320911929231,0.0
1430.0,315.531675,363.7320911929231,54.444366197183115
1338.61,270.7600688705234,363.7320911929231,5.0842673796791455
5748.04,283.1751351351351,363.7320911929231,3403.419032258065
409.64,-119.0,363.7320911929231,41.924557021677664
662.44,195.75224913494807,363.7320911929231,41.924557021677664
43129.0,35025.6,363.7320911929231,1910.85
177.76,252.6989830508475,363.7320911929231,5.0842673796791455
1307.16,-3.5299999999999727,363.7320911929231,41.924557021677664
495.59,149.50630630630627,363.7320911929231,669.1571205357143
317.22,956.9821886792453,363.7320911929231,5.649295550847458
345.6,486.77029069767445,363.7320911929231,0.0
524.88,-108.3,363.7320911929231,41.924557021677664
1493.65,-12.324545454545458,363.7320911929231,32.15372393247269
424.81,486.77029069767445,363.7320911929231,0.0
4079.95,106.38125,363.7320911929231,398.3342857142857
979.08,76.86607142857143,363.7320911929231,-0.003103448275859245
6654.0,0.0,363.7320911929231,715.124375
415.38,315.531675,363.7320911929231,54.444366197183115
1265.59,369.85000000000014,363.7320911929231,41.924557021677664
210.05,148.25,363.7320911929231,41.924557021677664
840.93,111.53585635359119,363.7320911929231,5.649295550847458
539.0,315.531675,363.7320911929231,13.04352941176471
166.52,508.83510752688176,363.7320911929231,41.924557021677664
973.5,0.0,363.7320911929231,16.512476190476193
726.9,-15.564000000000004,363.7320911929231,5.0842673796791455
494.52,-31.50299212598425,363.7320911929231,-42.132999999999996
426.15,0.0,363.7320911929231,5.649295550847458
304.0,0.0,363.7320911929231,14.872403100775186
580.61,0.0,363.7320911929231,0.0
8087.0,381.89819935691315,363.7320911929231,0.0
304.0,0.0,363.7320911929231,14.872403100775186
1162.8,56.79416988416988,363.7320911929231,41.924557021677664
1712.0,270.7600688705234,363.7320911929231,456.69565217391306
4754.42,4038.3692307692304,363.7320911929231,174.47120879120877
1402.0,1107.66,363.7320911929231,2707.9079166666666
197.0,0.0,363.7320911929231,5.649295550847458
837.34,315.531675,363.7320911929231,185.61302013422815
514.91,121.08398843930635,363.7320911929231,0.0
271.17,175.0411904761905,363.7320911929231,5.649295550847458
23136.0,215.1169805194805,363.7320911929231,13028.833333333334
973.5,187.98075657894734,363.7320911929231,16.512476190476193
2723.39,195.75224913494807,363.7320911929231,32.15372393247269
2115.44,175.0411904761905,363.7320911929231,41.97798701298701
711.94,956.9821886792453,363.7320911929231,41.924557021677664
3190.69,394.0747826086957,363.7320911929231,185.61302013422815
439.82,508.83510752688176,363.7320911929231,5.649295550847458
2898.28,187.98075657894734,363.7320911929231,16.512476190476193
323.26,283.1751351351351,363.7320911929231,18.41794117647059
1020.42,0.0,363.7320911929231,16.512476190476193
1746.45,104.04144736842105,363.7320911929231,41.924557021677664
2842.14,104.04144736842105,363.7320911929231,41.924557021677664
12333.57,132.06352941176476,363.7320911929231,248.22134969325154
1221.41,88.62431952662725,363.7320911929231,332.426829268293
188.8,0.0,363.7320911929231,5.649295550847458
749.08,175.0411904761905,363.7320911929231,-0.001315789473683013
2082.69,115.06428571428569,363.7320911929231,41.924557021677664
1258.13,0.0,363.7320911929231,5.0842673796791455
740.58,0.0,363.7320911929231,5.0842673796791455
1700.0,56.200000000000045,363.7320911929231,635.6234693877551
906.47,351.42589473684217,363.7320911929231,-294.73
256.16,270.7600688705234,363.7320911929231,571.6111111111111
151.0,0.0,363.7320911929231,1910.85
226.32,0.0,363.7320911929231,5.0842673796791455
979.08,0.0,363.7320911929231,-0.001315789473683013
579.0,223.70475409836064,363.7320911929231,32.15372393247269
2722.5,308.0175,363.7320911929231,174.47120879120877
138.48,1705.42,363.7320911929231,1279.8325
232.99,0.0,363.7320911929231,5.0842673796791455
177.03,-0.0133333333333212,363.7320911929231,114.86666666666669
2839.0,1496.022692307692,363.7320911929231,-189.68178571428575
686.03,-31.50299212598425,363.7320911929231,5.0842673796791455
809.25,-12.324545454545458,363.7320911929231,5.649295550847458
650.85,883.5747142857142,363.7320911929231,0.0
172.0,0.0,363.7320911929231,174.47120879120877
1516.45,123.14413793103449,363.7320911929231,136.80374999999998
230.45,283.1751351351351,363.7320911929231,5.0842673796791455
206.54,381.89819935691315,363.7320911929231,5.649295550847458
819.52,215.1169805194805,363.7320911929231,32.15372393247269
247.41,0.0,363.7320911929231,5.649295550847458
151.13,20.140000000000015,363.7320911929231,5.649295550847458
645.63,508.83510752688176,363.7320911929231,32.15372393247269
201.08,0.0,363.7320911929231,5.649295550847458
211.7,351.42589473684217,363.7320911929231,5.0842673796791455
38358.0,-12.324545454545458,363.7320911929231,1228.6439795918368
760.16,351.42589473684217,363.7320911929231,5.0842673796791455
356.65,270.7600688705234,363.7320911929231,5.0842673796791455
216.55,76.86607142857143,363.7320911929231,2.9732515337423315
499.21,106.38125,363.7320911929231,0.0
778.15,315.531675,363.7320911929231,41.924557021677664
329.14,-10.050000000000011,363.7320911929231,5.649295550847458
1030.65,94.34999999999992,363.7320911929231,669.1571205357143
1654.07,18.820000000000164,363.7320911929231,41.924557021677664
1338.14,39.93307692307693,363.7320911929231,32.15372393247269
1932.01,49.62999999999998,363.7320911929231,146.40857142857143
1856.36,56.79416988416988,363.7320911929231,485.91
1381.84,1483.72,363.7320911929231,1228.6439795918368
166.25,56.79416988416988,363.7320911929231,0.0
495.59,270.7600688705234,363.7320911929231,669.1571205357143
1322.95,506.54,363.7320911929231,41.924557021677664
458.59,270.7600688705234,363.7320911929231,5.0842673796791455
540.02,376.51,363.7320911929231,694.994625
1525.1,0.0,363.7320911929231,41.924557021677664
264.84,283.1751351351351,363.7320911929231,5.0842673796791455
341.43,215.1169805194805,363.7320911929231,159.6880821917808
200.99,7.646978021978025,363.7320911929231,41.924557021677664
1032.3,5.880000000000109,363.7320911929231,41.924557021677664
339.35,315.531675,363.7320911929231,1471.4126865671642
8964.0,0.0,363.7320911929231,715.124375
293.3,956.9821886792453,363.7320911929231,464.6008888888889
177.77,21.25,363.7320911929231,5.0842673796791455
491.67,0.0,363.7320911929231,0.0011764705882609705
361.87,381.89819935691315,363.7320911929231,0.0
12200.1,381.89819935691315,363.7320911929231,2.127659574468085
668.54,381.89819935691315,363.7320911929231,0.0
523.78,0.0,363.7320911929231,5.0842673796791455
423.18,76.86607142857143,363.7320911929231,5.649295550847458
746.76,270.7600688705234,363.7320911929231,5.0842673796791455
1432.0,2353.45,363.7320911929231,1176.725
502.68,175.0411904761905,363.7320911929231,-0.001315789473683013
749.0,265.61896265560165,363.7320911929231,421.2039097744361
747.29,956.9821886792453,363.7320911929231,41.924557021677664
51101.0,72904.0,363.7320911929231,72904.0
1181.12,392.0600000000002,363.7320911929231,41.924557021677664
1000.0,121.71318327974278,363.7320911929231,114.72216216216215
727.28,215.1169805194805,363.7320911929231,0.0
7844.25,410.75,363.7320911929231,669.1571205357143
325.0,132.68696,363.7320911929231,141.12833333333333
973.5,187.98075657894734,363.7320911929231,16.512476190476193
251.88,145.4,363.7320911929231,5.649295550847458
2661.73,0.0,363.7320911929231,0.0
554.66,351.42589473684217,363.7320911929231,5.0842673796791455
1718.59,456.47955974842785,363.7320911929231,5.0842673796791455
1007.97,187.98075657894734,363.7320911929231,41.924557021677664
212.81,0.0,363.7320911929231,174.47120879120877
836.24,-12.324545454545458,363.7320911929231,32.15372393247269
909.84,66.70999999999992,363.7320911929231,41.924557021677664
1487.41,0.0,363.7320911929231,185.61302013422815
250.18,111.53585635359119,363.7320911929231,0.0
877.34,0.0,363.7320911929231,464.6008888888889
342.69,0.0,363.7320911929231,174.47120879120877
523.78,6.324500000000002,363.7320911929231,5.0842673796791455
1080.58,315.531675,363.7320911929231,0.0
1298.0,315.531675,363.7320911929231,41.924557021677664
1420.0,0.0,363.7320911929231,1910.85
1376.1,-128.39999999999986,363.7320911929231,41.924557021677664
4231.0,0.0,363.7320911929231,174.47120879120877
174.43,0.0,363.7320911929231,5.0842673796791455
9791.0,0.0,363.7320911929231,1228.6439795918368
350.46,175.0411904761905,363.7320911929231,83.60526315789474
24819.0,0.0,363.7320911929231,174.47120879120877
1644.85,315.531675,363.7320911929231,41.924557021677664
1120.0,2.409473684210519,363.7320911929231,0.0
999.32,178.9899999999999,363.7320911929231,41.924557021677664
736.75,544.0854679802956,363.7320911929231,41.924557021677664
1555.13,177.61824742268038,363.7320911929231,41.924557021677664
364.47,111.53585635359119,363.7320911929231,41.924557021677664
1095.88,56.79416988416988,363.7320911929231,760.053
183.92,145.4,363.7320911929231,32.15372393247269
289.46,149.50630630630627,363.7320911929231,0.0
274.39,1496.022692307692,363.7320911929231,0.0
840.93,-67.34999999999991,363.7320911929231,5.649295550847458
514.91,0.0,363.7320911929231,669.1571205357143
890.36,270.7600688705234,363.7320911929231,-1.0
599.0,0.0,363.7320911929231,5.0842673796791455
8416.19,-2308.3200000000006,363.7320911929231,-480.9000000000001
3250.0,24.57199999999999,363.7320911929231,715.124375
504.76,351.42589473684217,363.7320911929231,5.0842673796791455
247.41,0.0,363.7320911929231,5.649295550847458
2954.53,381.89819935691315,363.7320911929231,2.127659574468085
356.65,149.50630630630627,363.7320911929231,5.0842673796791455
255.37,175.0411904761905,363.7320911929231,0.0
6183.79,0.0,363.7320911929231,669.1571205357143
339.35,315.531675,363.7320911929231,1471.4126865671642
1474.77,177.61824742268038,363.7320911929231,41.924557021677664
511.02,270.7600688705234,363.7320911929231,5.0842673796791455
2434.75,0.0,363.7320911929231,0.0
286.72,270.7600688705234,363.7320911929231,5.0842673796791455
277.0,270.7600688705234,363.7320911929231,1910.85
1142.6,486.77029069767445,363.7320911929231,41.924557021677664
496.64,0.0,363.7320911929231,5.649295550847458
3751.82,315.531675,363.7320911929231,174.47120879120877
1459.13,0.0,363.7320911929231,233.79176470588237
191.56,7.646978021978025,363.7320911929231,2.9732515337423315
637.06,6.324500000000002,363.7320911929231,5.0842673796791455
31876.39,456.47955974842785,363.7320911929231,3403.419032258065
440.0,51.62951923076919,363.7320911929231,0.0
293.5,270.7600688705234,363.7320911929231,0.0
365.53,0.0,363.7320911929231,5.0842673796791455
490.92,248.87452991452994,363.7320911929231,5.649295550847458
525.67,0.0,363.7320911929231,5.0842673796791455
1425.98,7.646978021978025,363.7320911929231,41.924557021677664
408.94,0.0,363.7320911929231,174.47120879120877
599.0,270.7600688705234,363.7320911929231,5.0842673796791455
319.75,381.89819935691315,363.7320911929231,0.0
1003.87,7.646978021978025,363.7320911929231,32.15372393247269
384.57,0.0,363.7320911929231,16.512476190476193
816.79,110.92583333333334,363.7320911929231,5.0842673796791455
1081.39,111.53585635359119,363.7320911929231,41.924557021677664
1229.32,-386.2299999999999,363.7320911929231,-401.63666666666654
1957.05,104.04144736842105,363.7320911929231,0.0
188.8,0.0,363.7320911929231,5.649295550847458
155.87,114.68700000000001,363.7320911929231,5.649295550847458
11089.42,111.53585635359119,363.7320911929231,2111.4774074074076
14105.83,-0.0005714285713890743,363.7320911929231,2111.4774074074076
166.25,56.79416988416988,363.7320911929231,0.0
957.95,270.7600688705234,363.7320911929231,5.0842673796791455
658.0,0.0,363.7320911929231,0.0
397.41,508.83510752688176,363.7320911929231,19198.74
10228.0,270.7600688705234,363.7320911929231,669.1571205357143
152.58,137.48202702702702,363.7320911929231,5.649295550847458
314.09,56.79416988416988,363.7320911929231,0.0
1855.59,123.14413793103449,363.7320911929231,41.924557021677664
1203.89,-40.225445544554454,363.7320911929231,14.872403100775186
219.9,-12.324545454545458,363.7320911929231,571.6111111111111
362.31,56.79416988416988,363.7320911929231,2.9732515337423315
174.96,265.61896265560165,363.7320911929231,2.9732515337423315
404.89,106.66666666666667,363.7320911929231,5.0842673796791455
24948.65,51.62951923076919,363.7320911929231,0.013823529411531452
23136.0,14140.0,363.7320911929231,13028.833333333334
241.52,0.0,363.7320911929231,5.0842673796791455
428.8,381.89819935691315,363.7320911929231,5.649295550847458
209.33,-10.89734042553192,363.7320911929231,185.61302013422815
665.47,4749.373428571428,363.7320911929231,5.0842673796791455
1794.0,0.0,363.7320911929231,760.053
1813.0,0.0,363.7320911929231,0.0
706.41,111.53585635359119,363.7320911929231,32.15372393247269
199.96,111.53585635359119,363.7320911929231,248.22134969325154
279.01,270.7600688705234,363.7320911929231,5.0842673796791455
2538.67,381.89819935691315,363.7320911929231,694.994625
638.0,381.89819935691315,363.7320911929231,694.994625
439.82,-80.30000000000001,363.7320911929231,5.649295550847458
1732.66,508.83510752688176,363.7320911929231,32.15372393247269
406.54,381.89819935691315,363.7320911929231,5.649295550847458
184.89,456.47955974842785,363.7320911929231,5.0842673796791455
371.04,56.79416988416988,363.7320911929231,0.0
1063.57,508.83510752688176,363.7320911929231,32.15372393247269
389.1,175.0411904761905,363.7320911929231,-0.001315789473683013
27212.96,121.71318327974278,363.7320911929231,332.426829268293
204.1,270.7600688705234,363.7320911929231,5.0842673796791455
618.34,-74.0,363.7320911929231,-74.0
38953.0,0.0,363.7320911929231,715.124375
3860.35,2544.73,363.7320911929231,2111.4774074074076
860.0,0.0,363.7320911929231,669.1571205357143
2298.0,175.0411904761905,363.7320911929231,715.124375
1912.17,-877.8700000000001,363.7320911929231,41.924557021677664
210.99,177.61824742268038,363.7320911929231,0.0
521.9,0.0,363.7320911929231,298.19571428571425
910.18,381.89819935691315,363.7320911929231,2.127659574468085
143.23,270.7600688705234,363.7320911929231,23.371704545454545
1734.7,111.53585635359119,363.7320911929231,5.649295550847458
385.57,270.7600688705234,363.7320911929231,5.0842673796791455
431.78,-10.89734042553192,363.7320911929231,5.0842673796791455
424.93,201.01747572815538,363.7320911929231,75.98000000000002
242.8,331.8455357142857,363.7320911929231,5.649295550847458
1877.47,116.62999999999988,363.7320911929231,41.924557021677664
829.0,0.0,363.7320911929231,669.1571205357143
4051.8,263.7600000000002,363.7320911929231,41.924557021677664
2538.67,2418.6000000000004,363.7320911929231,694.994625
4516.88,123.14413793103449,363.7320911929231,0.0
430.76,270.7600688705234,363.7320911929231,669.1571205357143
1319.42,28.96202247191011,363.7320911929231,32.15372393247269
573.0,665.05,363.7320911929231,665.05
349.03,0.0,363.7320911929231,5.649295550847458
262.76,381.89819935691315,363.7320911929231,13.04352941176471
630.37,381.89819935691315,363.7320911929231,0.0
477.76,160.56000000000006,363.7320911929231,41.924557021677664
972.06,10.175,363.7320911929231,41.924557021677664
307.11,315.531675,363.7320911929231,54.444366197183115
713.0,268.0,363.7320911929231,55.73203703703703
502.0,76.86607142857143,363.7320911929231,1228.6439795918368
402.0,195.75224913494807,363.7320911929231,1258.623466666667
161.73,0.0,363.7320911929231,5.0842673796791455
198.7,0.0,363.7320911929231,669.1571205357143
4460.0,0.0,363.7320911929231,1910.85
980.45,-12.324545454545458,363.7320911929231,159.6880821917808
23136.0,381.89819935691315,363.7320911929231,13028.833333333334
2838.86,0.0,363.7320911929231,0.0
644.45,248.87452991452994,363.7320911929231,5.649295550847458
558.12,315.531675,363.7320911929231,23.371704545454545
1866.49,260.3768181818182,363.7320911929231,32.15372393247269
1163.17,223.70475409836064,363.7320911929231,41.924557021677664
395.62,-3.590000000000032,363.7320911929231,5.649295550847458
581.74,315.531675,363.7320911929231,174.47120879120877
459.49,123.14413793103449,363.7320911929231,0.0
317.22,0.0,363.7320911929231,5.649295550847458
258.52,27.634043715847,363.7320911929231,5.0842673796791455
6654.0,956.9821886792453,363.7320911929231,715.124375
209.33,-10.89734042553192,363.7320911929231,185.61302013422815
1003.38,-9.779999999999973,363.7320911929231,41.924557021677664
195.14,351.42589473684217,363.7320911929231,5.0842673796791455
1127.9,-23.63000000000011,363.7320911929231,41.924557021677664
234.08,351.42589473684217,363.7320911929231,5.0842673796791455
428.8,0.0,363.7320911929231,5.649295550847458
665.91,-21.43357142857139,363.7320911929231,32.15372393247269
155.87,114.68700000000001,363.7320911929231,5.649295550847458
294.62,115.06428571428569,363.7320911929231,32.15372393247269
24544.55,-0.0499999999992724,363.7320911929231,-0.01666666666642413
336.89,-35.75999999999999,363.7320911929231,14714.00484848485
920.47,29.92999999999995,363.7320911929231,41.924557021677664
822.88,381.89819935691315,363.7320911929231,0.0
749.08,175.0411904761905,363.7320911929231,-0.001315789473683013
642.24,-69.73000000000002,363.7320911929231,5.649295550847458
32850.0,-9.0,363.7320911929231,-3.6
17673.0,0.0,363.7320911929231,16.727272727272727
1101.76,272.6700000000001,363.7320911929231,41.924557021677664
353.05,670.19,363.7320911929231,19198.74
667.0,0.0,363.7320911929231,0.0
609.0,0.0,363.7320911929231,1910.85
63246.0,223.70475409836064,363.7320911929231,0.0
6663.0,0.0,363.7320911929231,407.5
323.26,0.0,363.7320911929231,18.41794117647059
3834.24,-14.039999999999964,363.7320911929231,41.924557021677664
4526.12,201.01747572815538,363.7320911929231,3403.419032258065
516.88,149.50630630630627,363.7320911929231,5.0842673796791455
1382.0,544.0854679802956,363.7320911929231,174.47120879120877
362.81,381.89819935691315,363.7320911929231,561.603076923077
936.12,-218.62,363.7320911929231,41.924557021677664
425.97,7.646978021978025,363.7320911929231,5.649295550847458
484.0,175.0411904761905,363.7320911929231,669.1571205357143
297.88,486.77029069767445,363.7320911929231,0.0
2309.8,0.0,363.7320911929231,0.0
252.2,20.863030303030303,363.7320911929231,5.649295550847458
2714.6,843.0500000000002,363.7320911929231,41.924557021677664
152.95,223.70475409836064,363.7320911929231,23.371704545454545
3633.58,270.7600688705234,363.7320911929231,1537.8174226804128
158.78,106.38125,363.7320911929231,2.9732515337423315
1120.0,15.677083333333327,363.7320911929231,0.0
1504.37,56.79416988416988,363.7320911929231,41.924557021677664
1710.3,1681.91,363.7320911929231,41.924557021677664
439.82,-80.30000000000001,363.7320911929231,5.649295550847458
1229.15,170.54999999999995,363.7320911929231,155.60470588235296
461.54,223.70475409836064,363.7320911929231,41.924557021677664
613.89,270.7600688705234,363.7320911929231,5.0842673796791455
325.0,443.89,363.7320911929231,141.12833333333333
908.47,0.0,363.7320911929231,16.512476190476193
2140.0,279.65500000000003,363.7320911929231,113.0609756097561
968.05,238.67,363.7320911929231,41.924557021677664
166.86,544.0854679802956,363.7320911929231,0.0
355.79,27.634043715847,363.7320911929231,5.0842673796791455
228.72,0.0,363.7320911929231,5.0842673796791455
383.84,315.531675,363.7320911929231,332.426829268293
10088.0,0.0,363.7320911929231,669.1571205357143
334.27,187.98075657894734,363.7320911929231,16.512476190476193
316.06,508.83510752688176,363.7320911929231,5.649295550847458
274.34,270.7600688705234,363.7320911929231,5.0842673796791455
917.91,-12.324545454545458,363.7320911929231,5.649295550847458
3685.0,-2236.3900000000003,363.7320911929231,14714.00484848485
350.69,265.61896265560165,363.7320911929231,5.649295550847458
5366.27,121.71318327974278,363.7320911929231,-480.9000000000001
958.86,486.77029069767445,363.7320911929231,41.924557021677664
218.03,223.70475409836064,363.7320911929231,332.426829268293
1215.56,956.9821886792453,363.7320911929231,464.6008888888889
897.45,106.38125,363.7320911929231,32.15372393247269
351.12,-31.50299212598425,363.7320911929231,5.0842673796791455
498.7,250.00000000000009,363.7320911929231,211.46791666666672
1000.27,270.7600688705234,363.7320911929231,5.0842673796791455
1957.05,104.04144736842105,363.7320911929231,0.0
252.2,27.634043715847,363.7320911929231,5.649295550847458
1561.85,121.08398843930635,363.7320911929231,-480.9000000000001
12020.32,-0.0200000000004365,363.7320911929231,717.158095238095
216.68,145.4,363.7320911929231,5.0842673796791455
240.0,381.89819935691315,363.7320911929231,14.112676056338028
4924.11,104.04144736842105,363.7320911929231,41.924557021677664
900.0,381.89819935691315,363.7320911929231,0.0
1122.02,-12.324545454545458,363.7320911929231,32.15372393247269
1700.0,123.14413793103449,363.7320911929231,635.6234693877551
670.17,315.531675,363.7320911929231,54.444366197183115
249.43,315.531675,363.7320911929231,185.61302013422815
12020.32,315.531675,363.7320911929231,717.158095238095
3751.82,0.0,363.7320911929231,174.47120879120877
11816.4,123.14413793103449,363.7320911929231,0.0
351.0,111.53585635359119,363.7320911929231,29.266851851851854
760.16,252.6989830508475,363.7320911929231,5.0842673796791455
4754.42,4374.9,363.7320911929231,174.47120879120877
191.11,1.0,363.7320911929231,41.924557021677664
295.97,175.0411904761905,363.7320911929231,5.0842673796791455
496.47,456.47955974842785,363.7320911929231,5.649295550847458
246.0,111.53585635359119,363.7320911929231,0.0
450.65,456.47955974842785,363.7320911929231,5.649295550847458
687.97,331.8455357142857,363.7320911929231,1471.4126865671642
428.3,544.0854679802956,363.7320911929231,174.47120879120877
929.91,121.08398843930635,363.7320911929231,32.15372393247269
6663.0,4323.615,363.7320911929231,4323.6075
484.57,0.0,363.7320911929231,18.41794117647059
693.0,381.89819935691315,363.7320911929231,0.0
2998.34,544.0854679802956,363.7320911929231,174.47120879120877
897.45,500.02,363.7320911929231,41.924557021677664
436.09,0.0,363.7320911929231,5.649295550847458
516.88,0.0,363.7320911929231,5.0842673796791455
428.8,0.0,363.7320911929231,5.649295550847458
224.41,381.89819935691315,363.7320911929231,174.47120879120877
262.0,0.0,363.7320911929231,0.0
3205.77,692.69,363.7320911929231,41.924557021677664
770.12,486.77029069767445,363.7320911929231,464.6008888888889
343.54,0.0,363.7320911929231,5.649295550847458
1464.12,187.55000000000015,363.7320911929231,41.924557021677664
2227.0,0.0,363.7320911929231,174.47120879120877
1534.7,7.646978021978025,363.7320911929231,41.924557021677664
744.49,155.76687499999994,363.7320911929231,241.09153846153842
2649.0,111.53585635359119,363.7320911929231,6.500000000000007
323.98,20.863030303030303,363.7320911929231,5.0842673796791455
345.6,0.0,363.7320911929231,0.0
405.2,215.1169805194805,363.7320911929231,0.0
525.67,-74.12222222222222,363.7320911929231,5.0842673796791455
152.44,315.531675,363.7320911929231,0.0
407.2,381.89819935691315,363.7320911929231,5.649295550847458
323.98,27.634043715847,363.7320911929231,5.0842673796791455
199.96,-12.324545454545458,363.7320911929231,248.22134969325154
467.0,351.42589473684217,363.7320911929231,5.0842673796791455
177.34,123.14413793103449,363.7320911929231,113.0609756097561
180.24,381.89819935691315,363.7320911929231,2.9732515337423315
211.46,381.89819935691315,363.7320911929231,1085.1044444444444
186.29,0.0,363.7320911929231,5.649295550847458
618.33,7.646978021978025,363.7320911929231,32.15372393247269
2111.95,-676.4899999999998,363.7320911929231,41.924557021677664
2298.0,436.0,363.7320911929231,715.124375
1517.87,134.22000000000003,363.7320911929231,41.924557021677664
2966.63,-12.324545454545458,363.7320911929231,32.15372393247269
1364.14,115.06428571428569,363.7320911929231,32.15372393247269
627.31,187.98075657894734,363.7320911929231,41.97798701298701
680.0,270.7600688705234,363.7320911929231,669.1571205357143
10151.04,956.9821886792453,363.7320911929231,19198.74
403.36,-58.02000000000004,363.7320911929231,5.649295550847458
323.26,110.92583333333334,363.7320911929231,18.41794117647059
494.3,0.0,363.7320911929231,0.0
998.95,7.646978021978025,363.7320911929231,41.924557021677664
1507.0,544.0854679802956,363.7320911929231,18.41794117647059
232.29,27.634043715847,363.7320911929231,5.0842673796791455
13365.77,195.75224913494807,363.7320911929231,0.02749999999893282
2002.79,-113.01,363.7320911929231,41.924557021677664
311.02,-37.24000000000001,363.7320911929231,5.0842673796791455
662.08,-64.31000000000006,363.7320911929231,41.924557021677664
644.45,0.0,363.7320911929231,5.649295550847458
365.53,351.42589473684217,363.7320911929231,5.0842673796791455
1540.0,0.1300000000001091,363.7320911929231,0.06500000000005456
1436.49,29.059999999999945,363.7320911929231,41.924557021677664
333.49,101.70593749999993,363.7320911929231,2.930000000000007
331.0,0.0,363.7320911929231,174.47120879120877
1317.6,-180.43999999999983,363.7320911929231,41.924557021677664
200.0,315.531675,363.7320911929231,13.04352941176471
6183.79,267.17,363.7320911929231,185.61302013422815
957.62,76.80000000000007,363.7320911929231,41.924557021677664
515.69,0.0,363.7320911929231,5.649295550847458
1956.26,331.8455357142857,363.7320911929231,32.15372393247269
1256.9,270.7600688705234,363.7320911929231,5.0842673796791455
2838.86,121.71318327974278,363.7320911929231,51.05647058823524
410.83,114.68700000000001,363.7320911929231,5.649295550847458
1007.97,22.670000000000073,363.7320911929231,41.924557021677664
349.75,0.0,363.7320911929231,635.6234693877551
698.45,6.324500000000002,363.7320911929231,5.0842673796791455
344.71,270.7600688705234,363.7320911929231,5.0842673796791455
778.8,187.98075657894734,363.7320911929231,16.512476190476193
209.38,456.47955974842785,363.7320911929231,174.47120879120877
903.44,56.79416988416988,363.7320911929231,41.924557021677664
284.21,-31.50299212598425,363.7320911929231,5.0842673796791455
152.93,133.17636363636365,363.7320911929231,5.649295550847458
2026.05,0.0,363.7320911929231,5.0842673796791455
523.78,6.324500000000002,363.7320911929231,5.0842673796791455
676.18,52.79000000000008,363.7320911929231,5.0842673796791455
2379.84,394.0747826086957,363.7320911929231,669.1571205357143
333.49,101.70593749999993,363.7320911929231,2.930000000000007
5194.95,121.71318327974278,363.7320911929231,0.0
13365.77,0.0299999999988358,363.7320911929231,0.02749999999893282
1409.88,177.61824742268038,363.7320911929231,41.924557021677664
8379.62,111.53585635359119,363.7320911929231,0.007272727272885999
975.38,201.01747572815538,363.7320911929231,41.924557021677664
389.1,175.0411904761905,363.7320911929231,-0.001315789473683013
665.47,0.0,363.7320911929231,5.0842673796791455
2886.0,956.9821886792453,363.7320911929231,174.47120879120877
297.88,0.0,363.7320911929231,0.0
184.89,456.47955974842785,363.7320911929231,5.0842673796791455
237.52,149.50630630630627,363.7320911929231,0.0
500.0,56.79416988416988,363.7320911929231,889.8235294117648
1348.06,-12.324545454545458,363.7320911929231,5.649295550847458
156.36,270.7600688705234,363.7320911929231,14.112676056338028
385.0,486.77029069767445,363.7320911929231,241.09153846153842
521.36,486.77029069767445,363.7320911929231,464.6008888888889
9265.0,0.0,363.7320911929231,669.1571205357143
224.85,270.7600688705234,363.7320911929231,5.0842673796791455
1298.0,123.04999999999995,363.7320911929231,41.924557021677664
546.44,381.89819935691315,363.7320911929231,41.924557021677664
673.27,0.0,363.7320911929231,5.0842673796791455
748.86,115.06428571428569,363.7320911929231,-215.65888888888887
558.0,56.79416988416988,363.7320911929231,174.47120879120877
1432.0,2353.2571428571428,363.7320911929231,191.8758333333333
315.21,76.86607142857143,363.7320911929231,5.649295550847458
496.47,456.47955974842785,363.7320911929231,5.649295550847458
1038.84,-120.30999999999996,363.7320911929231,41.924557021677664
1479.22,-2.4700000000000273,363.7320911929231,32.15372393247269
595.65,0.0,363.7320911929231,5.0842673796791455
333.49,101.70593749999993,363.7320911929231,2.930000000000007
815.68,331.8455357142857,363.7320911929231,32.15372393247269
163.61,956.9821886792453,363.7320911929231,174.47120879120877
822.88,0.0,363.7320911929231,0.0
904.99,-173.89999999999998,363.7320911929231,41.924557021677664
738.37,115.06428571428569,363.7320911929231,32.15372393247269
524.84,-53.53000000000003,363.7320911929231,41.924557021677664
207.13,187.98075657894734,363.7320911929231,41.97798701298701
2400.0,1025.3200000000002,363.7320911929231,233.79176470588237
5748.04,283.1751351351351,363.7320911929231,3403.419032258065
343.54,-12.324545454545458,363.7320911929231,5.649295550847458
1185.69,315.531675,363.7320911929231,41.924557021677664
8964.0,0.0,363.7320911929231,715.124375
877.71,88.62431952662725,363.7320911929231,32.15372393247269
272.49,0.0,363.7320911929231,5.649295550847458
929.1,114.68700000000001,363.7320911929231,-0.001315789473683013
245.3,201.01747572815538,363.7320911929231,5.0842673796791455
319.42,88.62431952662725,363.7320911929231,174.47120879120877
1381.0,121.08398843930635,363.7320911929231,499.0127272727272
1407.33,956.9821886792453,363.7320911929231,41.924557021677664
698.45,6.324500000000002,363.7320911929231,5.0842673796791455
792.89,602.9,363.7320911929231,1279.8325
950.27,-161.93999999999994,363.7320911929231,41.924557021677664
250.0,88.62431952662725,363.7320911929231,760.053
626.76,0.0,363.7320911929231,5.649295550847458
1938.85,0.0,363.7320911929231,0.0
621.87,104.04144736842105,363.7320911929231,3.5972222222222223
12333.57,131.69444444444457,363.7320911929231,248.22134969325154
289.46,270.7600688705234,363.7320911929231,0.0
349.03,0.0,363.7320911929231,5.649295550847458
839.98,956.9821886792453,363.7320911929231,5.649295550847458
227.96,175.0411904761905,363.7320911929231,41.97798701298701
859.67,133.17636363636365,363.7320911929231,5.0842673796791455
538.0,133.17636363636365,363.7320911929231,159.6880821917808
194.93,381.89819935691315,363.7320911929231,23.371704545454545
431.78,-10.89734042553192,363.7320911929231,5.0842673796791455
209.33,-10.89734042553192,363.7320911929231,185.61302013422815
445.51,-31.50299212598425,363.7320911929231,5.0842673796791455
1020.84,106.38125,363.7320911929231,32.15372393247269
5384.17,315.531675,363.7320911929231,717.158095238095
1666.0,552.0,363.7320911929231,174.47120879120877
232.29,118.59,363.7320911929231,5.0842673796791455
162.73,115.06428571428569,363.7320911929231,2.9732515337423315
813.0,104.04144736842105,363.7320911929231,55.73203703703703
1441.26,177.61824742268038,363.7320911929231,772.0536842105263
3807.77,187.98075657894734,363.7320911929231,5771.8099999999995
1636.15,534.2399999999998,363.7320911929231,41.924557021677664
1555.2,88.62431952662725,363.7320911929231,32.15372393247269
560.72,956.9821886792453,363.7320911929231,0.0
848.07,381.89819935691315,363.7320911929231,1085.1044444444444
1430.0,315.531675,363.7320911929231,0.0
1679.75,-12.324545454545458,363.7320911929231,5.649295550847458
255.69,0.0,363.7320911929231,18.41794117647059
411.44,0.0,363.7320911929231,5.649295550847458
1884.6,-486.485,363.7320911929231,14714.00484848485
1258.13,270.7600688705234,363.7320911929231,5.0842673796791455
1252.92,118.34999999999992,363.7320911929231,41.924557021677664
497.41,381.89819935691315,363.7320911929231,0.0
302.0,62.043461538461536,363.7320911929231,241.0
1855.59,132.68696,363.7320911929231,32.15372393247269
1338.14,-13.702777777777762,363.7320911929231,41.924557021677664
1660.19,-341.95000000000005,363.7320911929231,41.924557021677664
2343.64,121.71318327974278,363.7320911929231,0.0
202.0,-12.324545454545458,363.7320911929231,3.5972222222222223
172.09,121.08398843930635,363.7320911929231,5.649295550847458
859.67,201.01747572815538,363.7320911929231,5.0842673796791455
3733.0,956.9821886792453,363.7320911929231,464.6008888888889
456.07,5910.93,363.7320911929231,760.053
962.84,-23.840000000000018,363.7320911929231,41.924557021677664
513.82,0.0,363.7320911929231,41.97798701298701
1363.9,265.61896265560165,363.7320911929231,41.924557021677664
855.74,-640.06,363.7320911929231,41.924557021677664
648.09,56.79416988416988,363.7320911929231,0.0
232.29,27.634043715847,363.7320911929231,5.0842673796791455
171.0,315.531675,363.7320911929231,55.21866666666667
881.61,508.83510752688176,363.7320911929231,5.649295550847458
440.0,51.62951923076919,363.7320911929231,0.0
262.76,215.1169805194805,363.7320911929231,13.04352941176471
339.35,315.531675,363.7320911929231,1471.4126865671642
33690.0,0.0,363.7320911929231,0.0
209.38,456.47955974842785,363.7320911929231,174.47120879120877
275.63,20.863030303030303,363.7320911929231,0.0
626.01,115.06428571428569,363.7320911929231,32.15372393247269
437.21,0.0,363.7320911929231,760.053
442.54,27.634043715847,363.7320911929231,5.0842673796791455
355.79,0.0,363.7320911929231,5.0842673796791455
1686.22,123.14413793103449,363.7320911929231,192.9492857142857
963.0,83.0,363.7320911929231,29.266851851851854
202.36,0.0,363.7320911929231,5.0842673796791455
351.83,508.83510752688176,363.7320911929231,432.323
442.14,201.01747572815538,363.7320911929231,41.924557021677664
371.04,56.79416988416988,363.7320911929231,0.0
256.04,351.42589473684217,363.7320911929231,5.0842673796791455
2878.97,-240.29999999999973,363.7320911929231,41.924557021677664
2330.71,215.1169805194805,363.7320911929231,32.15372393247269
521.36,248.87452991452994,363.7320911929231,715.124375
274.36,472.5091428571429,363.7320911929231,5.649295550847458
6183.79,394.0747826086957,363.7320911929231,669.1571205357143
189.0,-31.50299212598425,363.7320911929231,141.12833333333333
28466.0,1496.022692307692,363.7320911929231,14714.00484848485
374.17,121.08398843930635,363.7320911929231,41.924557021677664
984.07,381.89819935691315,363.7320911929231,5.649295550847458
296.66,-7.550000000000011,363.7320911929231,5.649295550847458
307.66,956.9821886792453,363.7320911929231,421.2039097744361
275.4,7.646978021978025,363.7320911929231,5.649295550847458
1712.0,808.0,363.7320911929231,456.69565217391306
405.0,381.89819935691315,363.7320911929231,3.5972222222222223
539.0,88.62431952662725,363.7320911929231,13.04352941176471
566.1,0.0,363.7320911929231,5.649295550847458
749.08,175.0411904761905,363.7320911929231,-0.001315789473683013
382.29,132.68696,363.7320911929231,571.6111111111111
1436.49,29.059999999999945,363.7320911929231,32.15372393247269
1546.27,76.86607142857143,363.7320911929231,41.924557021677664
235.9,0.0,363.7320911929231,0.0
3453.0,265.61896265560165,363.7320911929231,174.47120879120877
698.45,6.324500000000002,363.7320911929231,5.0842673796791455
7474.0,56.79416988416988,363.7320911929231,715.124375
1400.0,0.0,363.7320911929231,0.0
418.89,0.0,363.7320911929231,5.649295550847458
12333.57,131.69444444444457,363.7320911929231,248.22134969325154
497.41,381.89819935691315,363.7320911929231,0.0
980.45,111.53585635359119,363.7320911929231,669.1571205357143
747.29,508.83510752688176,363.7320911929231,32.15372393247269
1237.65,63.5,363.7320911929231,41.924557021677664
516.88,270.7600688705234,363.7320911929231,5.0842673796791455
5111.33,1588.67,363.7320911929231,174.47120879120877
216.53,49.349999999999994,363.7320911929231,5.649295550847458
1178.0,111.53585635359119,363.7320911929231,60.10700000000001
1709.56,381.89819935691315,363.7320911929231,41.924557021677664
206.13,0.0,363.7320911929231,5.649295550847458
1534.7,7.646978021978025,363.7320911929231,32.15372393247269
2298.0,175.0411904761905,363.7320911929231,715.124375
697.66,0.0,363.7320911929231,5.649295550847458
1229.38,319.9399999999998,363.7320911929231,41.924557021677664
152.44,315.531675,363.7320911929231,54.444366197183115
690.71,111.53585635359119,363.7320911929231,0.0
900.05,223.70475409836064,363.7320911929231,41.924557021677664
4939.78,111.53585635359119,363.7320911929231,29.266851851851854
1095.88,0.0,363.7320911929231,760.053
611.8,956.9821886792453,363.7320911929231,18.41794117647059
8200.71,486.77029069767445,363.7320911929231,2707.9079166666666
1718.59,456.47955974842785,363.7320911929231,5.0842673796791455
6339.0,51.62951923076919,363.7320911929231,0.0
491.67,-6.242500000000002,363.7320911929231,0.0011764705882609705
467.0,252.6989830508475,363.7320911929231,5.0842673796791455
2501.0,956.9821886792453,363.7320911929231,464.6008888888889
4432.97,195.75224913494807,363.7320911929231,41.924557021677664
647.0,201.95800000000003,363.7320911929231,464.6008888888889
1494.31,106.38125,363.7320911929231,32.15372393247269
359.0,248.87452991452994,363.7320911929231,5.649295550847458
300.33,0.0,363.7320911929231,5.649295550847458
1171.0,123.14413793103449,363.7320911929231,113.0609756097561
493.0,0.0,363.7320911929231,421.2039097744361
177.34,0.0,363.7320911929231,113.0609756097561
6663.0,4323.615,363.7320911929231,407.5
992.91,-104.83999999999992,363.7320911929231,41.924557021677664
557.55,175.0411904761905,363.7320911929231,41.924557021677664
1256.9,270.7600688705234,363.7320911929231,5.0842673796791455
187.72,51.62951923076919,363.7320911929231,0.0
1792.0,0.0,363.7320911929231,669.1571205357143
909.02,270.7600688705234,363.7320911929231,5.0842673796791455
215.79,20.863030303030303,363.7320911929231,5.0842673796791455
8399.81,0.0,363.7320911929231,0.013823529411531452
2449.91,1221.245,363.7320911929231,694.994625
329.21,123.14413793103449,363.7320911929231,0.0
860.0,0.0,363.7320911929231,669.1571205357143
855.74,-640.06,363.7320911929231,41.924557021677664
2529.0,111.53585635359119,363.7320911929231,60.10700000000001
1494.31,195.75224913494807,363.7320911929231,41.924557021677664
1410.01,284.68111111111114,363.7320911929231,32.15372393247269
359.0,223.70475409836064,363.7320911929231,1176.725
2838.86,121.71318327974278,363.7320911929231,51.05647058823524
1622.27,132.06352941176476,363.7320911929231,571.6111111111111
410.83,114.68700000000001,363.7320911929231,5.649295550847458
992.43,133.17636363636365,363.7320911929231,5.649295550847458
355.79,27.634043715847,363.7320911929231,5.0842673796791455
765.0,1496.022692307692,363.7320911929231,-189.68178571428575
185.09,84.72,363.7320911929231,5.649295550847458
1652.4,119.48000000000002,363.7320911929231,41.924557021677664
1856.12,76.86607142857143,363.7320911929231,32.15372393247269
1928.0,0.0,363.7320911929231,114.72216216216215
760.16,351.42589473684217,363.7320911929231,5.0842673796791455
309.58,381.89819935691315,363.7320911929231,0.0
1428.19,11.159999999999854,363.7320911929231,41.924557021677664
2379.0,315.531675,363.7320911929231,55.73203703703703
1248.0,56.79416988416988,363.7320911929231,1258.623466666667
1595.55,262.1247727272727,363.7320911929231,464.6008888888889
562.98,231.77,363.7320911929231,5.0842673796791455
258.34,508.83510752688176,363.7320911929231,14.112676056338028
450.65,-0.0005714285713890743,363.7320911929231,5.649295550847458
1750.07,456.47955974842785,363.7320911929231,0.0
244.43,956.9821886792453,363.7320911929231,5.649295550847458
12200.1,381.89819935691315,363.7320911929231,2.127659574468085
1454.67,351.16999999999985,363.7320911929231,41.924557021677664
1080.58,0.0,363.7320911929231,0.0
513.82,0.0,363.7320911929231,41.97798701298701
24544.55,22509.083333333332,363.7320911929231,-0.01666666666642413
171.0,88.62431952662725,363.7320911929231,55.21866666666667
499.0,0.0,363.7320911929231,18.41794117647059
3792.0,121.08398843930635,363.7320911929231,649.5546153846153
1034.04,88.62431952662725,363.7320911929231,32.15372393247269
2518.39,-16.205,363.7320911929231,41.97798701298701
408.94,0.0,363.7320911929231,174.47120879120877
370.0,270.7600688705234,363.7320911929231,2807.3
159.31,76.86607142857143,363.7320911929231,2.9732515337423315
1381.0,121.71318327974278,363.7320911929231,499.0127272727272
17237.8,4543.100000000002,363.7320911929231,332.426829268293
688.74,0.0,363.7320911929231,174.47120879120877
11076.48,111.53585635359119,363.7320911929231,0.007272727272885999
177.77,27.634043715847,363.7320911929231,5.0842673796791455
2649.0,-12.324545454545458,363.7320911929231,6.500000000000007
500.0,84.0,363.7320911929231,889.8235294117648
429.25,0.0,363.7320911929231,23.371704545454545
325.24,111.53585635359119,363.7320911929231,5.649295550847458
407.0,111.53585635359119,363.7320911929231,0.0
690.71,0.0,363.7320911929231,0.0
238.97,21.09999999999999,363.7320911929231,5.649295550847458
407.0,111.53585635359119,363.7320911929231,0.0
1719.2,131.69444444444457,363.7320911929231,41.924557021677664
382.29,123.14413793103449,363.7320911929231,571.6111111111111
752.89,0.0,363.7320911929231,5.0842673796791455
384.32,0.0,363.7320911929231,0.0
370.0,311.55612903225807,363.7320911929231,174.47120879120877
177.34,123.14413793103449,363.7320911929231,113.0609756097561
1953.0,262.1247727272727,363.7320911929231,464.6008888888889
430.76,0.0,363.7320911929231,669.1571205357143
275.5,0.0,363.7320911929231,5.0842673796791455
1876.0,115.06428571428569,363.7320911929231,421.2039097744361
1338.61,149.50630630630627,363.7320911929231,5.0842673796791455
1313.28,0.0,363.7320911929231,5.0842673796791455
14358.0,0.0,363.7320911929231,16.727272727272727
2660.0,187.98075657894734,363.7320911929231,16.512476190476193
1255.49,4749.373428571428,363.7320911929231,-189.68178571428575
314.55,115.06428571428569,363.7320911929231,5.649295550847458
3633.58,0.0,363.7320911929231,1537.8174226804128
1654.07,18.820000000000164,363.7320911929231,41.924557021677664
159.77,270.7600688705234,363.7320911929231,0.0
3445.34,215.1169805194805,363.7320911929231,1043.6625
195.38,381.89819935691315,363.7320911929231,5.649295550847458
2269.49,121.71318327974278,363.7320911929231,0.0
250.18,111.53585635359119,363.7320911929231,0.0
782.18,49.62999999999998,363.7320911929231,41.924557021677664
4330.0,-6.242500000000002,363.7320911929231,6.500000000000007
2056.0,-5.344545454545455,363.7320911929231,174.47120879120877
866.32,6.324500000000002,363.7320911929231,5.0842673796791455
1875.72,121.71318327974278,363.7320911929231,0.0
102.4,883.5747142857142,363.7320911929231,23.371704545454545
8112.12,201.01747572815538,363.7320911929231,3403.419032258065
1305.0,88.62431952662725,363.7320911929231,18.41794117647059
163.0,195.75224913494807,363.7320911929231,669.1571205357143
26405.14,265.61896265560165,363.7320911929231,1634.2714285714285
1591.0,265.61896265560165,363.7320911929231,421.2039097744361
1081.39,-12.324545454545458,363.7320911929231,32.15372393247269
844.67,550.15,363.7320911929231,41.924557021677664
187.72,51.62951923076919,363.7320911929231,0.0
405.2,0.0,363.7320911929231,0.0
627.31,187.98075657894734,363.7320911929231,41.97798701298701
1017.99,111.53585635359119,363.7320911929231,41.924557021677664
909.84,56.79416988416988,363.7320911929231,41.924557021677664
496.47,456.47955974842785,363.7320911929231,5.649295550847458
792.89,381.89819935691315,363.7320911929231,1279.8325
317.74,0.0,363.7320911929231,5.649295550847458
3055.0,352.09000000000015,363.7320911929231,1258.623466666667
1092.9,145.4,363.7320911929231,32.15372393247269
1423.96,0.0,363.7320911929231,6.500000000000007
410.26,315.531675,363.7320911929231,54.444366197183115
382.29,123.14413793103449,363.7320911929231,571.6111111111111
682.9,270.7600688705234,363.7320911929231,669.1571205357143
1856.12,76.86607142857143,363.7320911929231,32.15372393247269
500.88,6.324500000000002,363.7320911929231,5.0842673796791455
305.12,-11.379999999999995,363.7320911929231,5.649295550847458
2842.14,838.3499999999999,363.7320911929231,41.924557021677664
1958.9,132.68696,363.7320911929231,32.15372393247269
1457.59,270.7600688705234,363.7320911929231,5.0842673796791455
5969.0,0.0,363.7320911929231,174.47120879120877
316.0,0.0,363.7320911929231,0.0
202.07,76.86607142857143,363.7320911929231,159.6880821917808
384.32,248.87452991452994,363.7320911929231,0.0
264.84,283.1751351351351,363.7320911929231,5.0842673796791455
882.18,248.87452991452994,363.7320911929231,5.649295550847458
682.9,270.7600688705234,363.7320911929231,669.1571205357143
355.36,7.646978021978025,363.7320911929231,32.15372393247269
824.0,0.0,363.7320911929231,0.0
491.39,6.324500000000002,363.7320911929231,5.0842673796791455
5961.0,0.0,363.7320911929231,715.124375
61109.0,1496.022692307692,363.7320911929231,14714.00484848485
2529.0,111.53585635359119,363.7320911929231,60.10700000000001
206.9,6.324500000000002,363.7320911929231,5.0842673796791455
303.53,76.86607142857143,363.7320911929231,32.15372393247269
511.02,0.0,363.7320911929231,5.0842673796791455
188.87,-12.324545454545458,363.7320911929231,41.924557021677664
162.73,265.61896265560165,363.7320911929231,2.9732515337423315
7474.0,56.79416988416988,363.7320911929231,715.124375
298.0,0.0,363.7320911929231,5.649295550847458
359.0,260.3768181818182,363.7320911929231,0.0
2529.0,111.53585635359119,363.7320911929231,60.10700000000001
1772.7,-83.52999999999997,363.7320911929231,41.924557021677664
1454.0,265.61896265560165,363.7320911929231,421.2039097744361
2026.05,-10.89734042553192,363.7320911929231,5.0842673796791455
228.39,133.17636363636365,363.7320911929231,5.0842673796791455
1464.12,187.55000000000015,363.7320911929231,41.924557021677664
459.39,215.1169805194805,363.7320911929231,5.649295550847458
1381.0,121.71318327974278,363.7320911929231,499.0127272727272
657.21,-10.89734042553192,363.7320911929231,5.0842673796791455
815.68,-148.89,363.7320911929231,41.924557021677664
1547.0,0.0,363.7320911929231,114.72216216216215
382.61,132.68696,363.7320911929231,0.0
909.02,508.83510752688176,363.7320911929231,32.15372393247269
705.83,-31.50299212598425,363.7320911929231,5.0842673796791455
2445.0,1932.0,363.7320911929231,1258.623466666667
735.2,195.75224913494807,363.7320911929231,248.22134969325154
205.87,315.531675,363.7320911929231,23.371704545454545
1932.0,262.1247727272727,363.7320911929231,669.1571205357143
288.0,0.0,363.7320911929231,174.47120879120877
260.13,381.89819935691315,363.7320911929231,23.371704545454545
237.06,215.1169805194805,363.7320911929231,0.0
438.24,-75.85000000000002,363.7320911929231,5.649295550847458
713.0,121.45375000000001,363.7320911929231,71.23636363636363
1171.0,123.14413793103449,363.7320911929231,113.0609756097561
273.78,381.89819935691315,363.7320911929231,2.9732515337423315
138.48,1705.42,363.7320911929231,1279.8325
395.25,0.0,363.7320911929231,5.649295550847458
519.0,106.38125,363.7320911929231,248.22134969325154
1401.87,201.01747572815538,363.7320911929231,41.924557021677664
414.37,187.98075657894734,363.7320911929231,0.0
468.64,544.0854679802956,363.7320911929231,14.872403100775186
1354.2,76.86607142857143,363.7320911929231,332.426829268293
213.19,311.55612903225807,363.7320911929231,2.9732515337423315
801.07,-31.50299212598425,363.7320911929231,5.0842673796791455
819.48,544.0854679802956,363.7320911929231,14.872403100775186
166.25,0.0,363.7320911929231,0.0
2954.53,0.0,363.7320911929231,2.127659574468085
2312.0,3620.0,363.7320911929231,464.6008888888889
898.19,456.47955974842785,363.7320911929231,5.0842673796791455
290.15,0.0,363.7320911929231,5.649295550847458
2628.0,175.0411904761905,363.7320911929231,14.112676056338028
11076.48,0.0200000000004365,363.7320911929231,0.007272727272885999
1423.96,111.53585635359119,363.7320911929231,6.500000000000007
14323.0,252.6989830508475,363.7320911929231,4243.469999999999
1189.0,175.0411904761905,363.7320911929231,83.60526315789474
288.0,265.61896265560165,363.7320911929231,174.47120879120877
1141.88,115.06428571428569,363.7320911929231,32.15372393247269
994.22,260.3768181818182,363.7320911929231,32.15372393247269
16654.0,-12.324545454545458,363.7320911929231,3.5972222222222223
960.64,381.89819935691315,363.7320911929231,464.6008888888889
157.49,0.0,363.7320911929231,5.649295550847458
611.8,508.83510752688176,363.7320911929231,18.41794117647059
183.99,270.7600688705234,363.7320911929231,0.0
174.43,-10.89734042553192,363.7320911929231,5.0842673796791455
383.84,315.531675,363.7320911929231,332.426829268293
1892.0,-36.7,363.7320911929231,421.2039097744361
1183.23,201.95800000000003,363.7320911929231,32.15372393247269
201.08,0.0,363.7320911929231,5.649295550847458
864.2,508.83510752688176,363.7320911929231,32.15372393247269
324.09,121.71318327974278,363.7320911929231,5.649295550847458
524.84,56.79416988416988,363.7320911929231,41.924557021677664
303.53,76.86607142857143,363.7320911929231,41.924557021677664
11843.75,121.71318327974278,363.7320911929231,1228.6439795918368
971.96,-31.50299212598425,363.7320911929231,-189.68178571428575
1842.25,187.98075657894734,363.7320911929231,174.47120879120877
385.84,123.14413793103449,363.7320911929231,174.47120879120877
1248.93,56.79416988416988,363.7320911929231,0.0
398.51,0.0,363.7320911929231,5.0842673796791455
1700.0,56.200000000000045,363.7320911929231,635.6234693877551
516.88,270.7600688705234,363.7320911929231,5.0842673796791455
228.39,201.01747572815538,363.7320911929231,5.0842673796791455
256.16,270.7600688705234,363.7320911929231,571.6111111111111
384.27,508.83510752688176,363.7320911929231,23.371704545454545
342.69,0.0,363.7320911929231,174.47120879120877
2002.0,-6.242500000000002,363.7320911929231,5.730666666666669
927.22,246.44000000000003,363.7320911929231,41.924557021677664
1146.22,56.79416988416988,363.7320911929231,41.924557021677664
170.96,0.0,363.7320911929231,5.649295550847458
1876.0,0.0,363.7320911929231,421.2039097744361
1382.0,0.0,363.7320911929231,174.47120879120877
1653.15,-12.324545454545458,363.7320911929231,5.649295550847458
1590.2,-12.324545454545458,363.7320911929231,5.649295550847458
12200.1,381.89819935691315,363.7320911929231,2.127659574468085
1162.8,368.02,363.7320911929231,41.924557021677664
423.48,248.87452991452994,363.7320911929231,5.649295550847458
1444.5,390.30999999999995,363.7320911929231,41.924557021677664
319.04,381.89819935691315,363.7320911929231,0.0
466.0,0.0,363.7320911929231,174.47120879120877
938.29,889.8199999999999,363.7320911929231,3403.419032258065
1215.56,508.83510752688176,363.7320911929231,464.6008888888889
676.18,270.7600688705234,363.7320911929231,5.0842673796791455
210.0,51.62951923076919,363.7320911929231,0.0
8087.0,0.0,363.7320911929231,0.0
579.63,351.42589473684217,363.7320911929231,5.0842673796791455
161.73,27.634043715847,363.7320911929231,5.0842673796791455
1431.36,195.75224913494807,363.7320911929231,41.924557021677664
1181.55,270.7600688705234,363.7320911929231,5.0842673796791455
12014.91,101.70593749999993,363.7320911929231,0.013823529411531452
1016.0,111.53585635359119,363.7320911929231,29.266851851851854
2175.35,31.360000000000127,363.7320911929231,41.924557021677664
1241.38,2100.73,363.7320911929231,41.924557021677664
26405.14,115.06428571428569,363.7320911929231,1634.2714285714285
2842.0,3858.0,363.7320911929231,421.2039097744361
4686.09,0.0,363.7320911929231,464.6008888888889
230.03,486.77029069767445,363.7320911929231,5.649295550847458
260.2,215.1169805194805,363.7320911929231,669.1571205357143
243.52,187.98075657894734,363.7320911929231,16.512476190476193
816.79,283.1751351351351,363.7320911929231,5.0842673796791455
484.5,486.77029069767445,363.7320911929231,0.0
789.26,177.61824742268038,363.7320911929231,41.924557021677664
457.72,270.7600688705234,363.7320911929231,41.924557021677664
252.2,27.634043715847,363.7320911929231,5.649295550847458
456.88,-10.89734042553192,363.7320911929231,5.0842673796791455
9028.0,0.0,363.7320911929231,669.1571205357143
546.44,-74.34000000000003,363.7320911929231,41.924557021677664
494.52,-31.50299212598425,363.7320911929231,-42.132999999999996
1256.9,149.50630630630627,363.7320911929231,5.0842673796791455
13037.66,-40.225445544554454,363.7320911929231,0.0
355.36,7.646978021978025,363.7320911929231,32.15372393247269
2820.99,315.531675,363.7320911929231,174.47120879120877
2298.0,436.0,363.7320911929231,715.124375
622.04,114.68700000000001,363.7320911929231,32.15372393247269
1794.0,1200.7358333333332,363.7320911929231,760.053
183.65,956.9821886792453,363.7320911929231,114.72216216216215
1750.07,456.47955974842785,363.7320911929231,0.0
251.98,472.5091428571429,363.7320911929231,48.47
819.39,0.0,363.7320911929231,5.0842673796791455
1973.98,-729.54,363.7320911929231,41.924557021677664
358.72,270.7600688705234,363.7320911929231,5.0842673796791455
410.26,0.0,363.7320911929231,760.053
4754.42,4374.9,363.7320911929231,174.47120879120877
196.4,175.0411904761905,363.7320911929231,41.97798701298701
564.05,351.42589473684217,363.7320911929231,5.0842673796791455
827.0,223.70475409836064,363.7320911929231,159.6880821917808
493.0,0.0,363.7320911929231,421.2039097744361
599.0,0.0,363.7320911929231,5.0842673796791455
211.94,0.0,363.7320911929231,41.97798701298701
972.06,72.0,363.7320911929231,41.924557021677664
1719.2,4.220000000000027,363.7320911929231,41.924557021677664
29344.85,248.87452991452994,363.7320911929231,1228.6439795918368
3626.24,381.89819935691315,363.7320911929231,2.127659574468085
579.0,28.96202247191011,363.7320911929231,41.924557021677664
294.13,508.83510752688176,363.7320911929231,5.649295550847458
187.09,78.39285714285715,363.7320911929231,5.0842673796791455
5357.0,-17.0,363.7320911929231,174.47120879120877
513.82,187.98075657894734,363.7320911929231,41.97798701298701
344.99,270.7600688705234,363.7320911929231,669.1571205357143
2267.99,381.89819935691315,363.7320911929231,41.924557021677664
222.82,0.0,363.7320911929231,16.512476190476193
2798.0,0.0,363.7320911929231,14.872403100775186
222.77,351.42589473684217,363.7320911929231,5.0842673796791455
1110.23,0.0,363.7320911929231,5.649295550847458
3605.73,223.70475409836064,363.7320911929231,41.924557021677664
1106.65,0.0,363.7320911929231,41.924557021677664
1019.97,0.0,363.7320911929231,5.649295550847458
4835.0,175.0411904761905,363.7320911929231,715.124375
2496.0,284.68111111111114,363.7320911929231,-215.65888888888887
174.34,544.0854679802956,363.7320911929231,5.649295550847458
389.1,0.0,363.7320911929231,-0.001315789473683013
857.91,585.5600000000001,363.7320911929231,41.924557021677664
304.44,-12.324545454545458,363.7320911929231,184.53666666666672
1171.0,123.14413793103449,363.7320911929231,113.0609756097561
154.73,0.0,363.7320911929231,0.0
890.33,149.50630630630627,363.7320911929231,5.0842673796791455
1215.56,0.0,363.7320911929231,464.6008888888889
386.51,270.7600688705234,363.7320911929231,5.0842673796791455
384.57,175.0411904761905,363.7320911929231,16.512476190476193
182.33,381.89819935691315,363.7320911929231,83.97
4060.0,270.7600688705234,363.7320911929231,1537.8174226804128
752.3,12.950000000000044,363.7320911929231,41.924557021677664
389.1,175.0411904761905,363.7320911929231,-0.001315789473683013
2658.34,151.65999999999983,363.7320911929231,669.1571205357143
562.45,0.0,363.7320911929231,5.649295550847458
4023.94,166.32,363.7320911929231,32.15372393247269
287.0,137.48202702702702,363.7320911929231,2.9732515337423315
319.04,215.1169805194805,363.7320911929231,0.0
330.8,27.634043715847,363.7320911929231,5.0842673796791455
1263.38,315.531675,363.7320911929231,41.924557021677664
212.81,0.0,363.7320911929231,174.47120879120877
264.84,283.1751351351351,363.7320911929231,5.0842673796791455
711.01,381.89819935691315,363.7320911929231,0.0
998.71,56.79416988416988,363.7320911929231,0.0011764705882609705
670.17,0.0,363.7320911929231,54.444366197183115
1750.07,456.47955974842785,363.7320911929231,0.0
398.25,-36.7,363.7320911929231,5.649295550847458
349.57,215.1169805194805,363.7320911929231,5.649295550847458
789.0,118.61,363.7320911929231,41.924557021677664
614.0,770.1600000000001,363.7320911929231,248.22134969325154
389.35,195.75224913494807,363.7320911929231,1910.85
972.06,9.916666666666666,363.7320911929231,32.15372393247269
156.36,270.7600688705234,363.7320911929231,14.112676056338028
12366.0,270.7600688705234,363.7320911929231,669.1571205357143
174.43,-10.89734042553192,363.7320911929231,5.0842673796791455
232.29,27.634043715847,363.7320911929231,5.0842673796791455
177.03,0.0,363.7320911929231,113.0609756097561
168.32,121.08398843930635,363.7320911929231,114.72216216216215
7580.0,315.531675,363.7320911929231,0.0
412.3,270.7600688705234,363.7320911929231,669.1571205357143
456.79,0.23500000000001364,363.7320911929231,41.924557021677664
648.05,7.646978021978025,363.7320911929231,5.649295550847458
1086.3,111.53585635359119,363.7320911929231,5.649295550847458
458.59,270.7600688705234,363.7320911929231,5.0842673796791455
479.15,121.71318327974278,363.7320911929231,-480.9000000000001
8914.0,56.79416988416988,363.7320911929231,6.500000000000007
1471.32,215.1169805194805,363.7320911929231,32.15372393247269
883.62,843.0300000000001,363.7320911929231,41.924557021677664
1422.37,195.75224913494807,363.7320911929231,41.924557021677664
649.44,-12.324545454545458,363.7320911929231,32.15372393247269
2449.91,2728.0449999999996,363.7320911929231,694.994625
2400.0,536.2475000000001,363.7320911929231,233.79176470588237
483.65,175.0411904761905,363.7320911929231,-0.001315789473683013
749.08,175.0411904761905,363.7320911929231,-0.001315789473683013
350.69,-38.629999999999995,363.7320911929231,5.649295550847458
903.44,56.79416988416988,363.7320911929231,41.924557021677664
1423.96,111.53585635359119,363.7320911929231,6.500000000000007
815.68,472.5091428571429,363.7320911929231,41.924557021677664
2067.67,101.70593749999993,363.7320911929231,32.15372393247269
4924.11,-4.649999999999636,363.7320911929231,41.924557021677664
809.51,177.61824742268038,363.7320911929231,41.924557021677664
215.79,27.634043715847,363.7320911929231,5.0842673796791455
1388.7,-76.36750000000004,363.7320911929231,32.15372393247269
2555.0,131.69444444444457,363.7320911929231,83.60526315789474
521.9,110.64833333333331,363.7320911929231,298.19571428571425
304.83,175.0411904761905,363.7320911929231,5.649295550847458
1740.0,753.1500000000001,363.7320911929231,669.1571205357143
1016.0,-12.324545454545458,363.7320911929231,29.266851851851854
258.53,137.48202702702702,363.7320911929231,2.9732515337423315
168.32,121.71318327974278,363.7320911929231,114.72216216216215
1002.33,302.14,363.7320911929231,41.924557021677664
385.84,123.14413793103449,363.7320911929231,174.47120879120877
828.58,-40.225445544554454,363.7320911929231,32.15372393247269
12333.57,131.69444444444457,363.7320911929231,248.22134969325154
3044.02,663.8899999999999,363.7320911929231,41.924557021677664
325.79,215.1169805194805,363.7320911929231,5.649295550847458
930.86,331.8455357142857,363.7320911929231,32.15372393247269
665.47,0.0,363.7320911929231,5.0842673796791455
168.52,215.1169805194805,363.7320911929231,32.15372393247269
405.0,381.89819935691315,363.7320911929231,3.5972222222222223
2227.0,338.7142857142857,363.7320911929231,174.47120879120877
1089.41,17.50999999999999,363.7320911929231,41.924557021677664
1754.84,412.5499999999999,363.7320911929231,41.924557021677664
1882.93,12.819999999999936,363.7320911929231,41.924557021677664
275.5,0.0,363.7320911929231,5.0842673796791455
283.15,248.87452991452994,363.7320911929231,5.649295550847458
14358.0,187.98075657894734,363.7320911929231,16.727272727272727
2798.0,0.0,363.7320911929231,14.872403100775186
370.0,311.55612903225807,363.7320911929231,174.47120879120877
916.78,175.0411904761905,363.7320911929231,41.97798701298701
253.99,248.87452991452994,363.7320911929231,5.649295550847458
865.0,381.89819935691315,363.7320911929231,1910.85
549.28,0.0,363.7320911929231,5.649295550847458
244.83,956.9821886792453,363.7320911929231,5.649295550847458
414.37,187.98075657894734,363.7320911929231,0.0
607.04,0.0,363.7320911929231,0.0
1156.72,111.53585635359119,363.7320911929231,5.649295550847458
15530.0,123.14413793103449,363.7320911929231,1228.6439795918368
2658.34,520.001304347826,363.7320911929231,669.1571205357143
991.41,121.08398843930635,363.7320911929231,32.15372393247269
292.8,0.0,363.7320911929231,5.0842673796791455
292.63,508.83510752688176,363.7320911929231,5.649295550847458
371.04,56.79416988416988,363.7320911929231,0.0
500.0,175.0411904761905,363.7320911929231,-58.0
479.15,0.0,363.7320911929231,-480.9000000000001
339.35,0.0,363.7320911929231,1471.4126865671642
1712.0,270.7600688705234,363.7320911929231,456.69565217391306
2269.49,121.71318327974278,363.7320911929231,0.0
1187.47,78.0,363.7320911929231,41.924557021677664
1973.98,-729.54,363.7320911929231,41.924557021677664
397.41,299.97999999999996,363.7320911929231,19198.74
316.44,215.1169805194805,363.7320911929231,5.649295550847458
339.87,187.98075657894734,363.7320911929231,16.512476190476193
609.32,146.08499999999998,363.7320911929231,32.15372393247269
435.0,5678.785454545454,363.7320911929231,407.5
2886.0,0.0,363.7320911929231,174.47120879120877
1711.38,215.1169805194805,363.7320911929231,32.15372393247269
474.23,6.324500000000002,363.7320911929231,-30.0
237.28,88.62431952662725,363.7320911929231,5.649295550847458
780.77,195.75224913494807,363.7320911929231,5.649295550847458
1281.81,0.0,363.7320911929231,113.0609756097561
648.09,56.79416988416988,363.7320911929231,0.0
595.65,6.324500000000002,363.7320911929231,5.0842673796791455
1626.0,131.69444444444457,363.7320911929231,248.22134969325154
1421.46,0.0,363.7320911929231,0.0
370.0,0.0,363.7320911929231,174.47120879120877
253.65,175.0411904761905,363.7320911929231,0.0
2718.84,123.14413793103449,363.7320911929231,635.6234693877551
2464.46,111.53585635359119,363.7320911929231,0.0
224.41,215.1169805194805,363.7320911929231,174.47120879120877
380.47,2.409473684210519,363.7320911929231,29.266851851851854
152.95,223.70475409836064,363.7320911929231,23.371704545454545
224.85,149.50630630630627,363.7320911929231,5.0842673796791455
288.0,265.61896265560165,363.7320911929231,174.47120879120877
353.27,106.38125,363.7320911929231,5.649295550847458
10439.09,195.75224913494807,363.7320911929231,1471.4126865671642
768.35,195.75224913494807,363.7320911929231,32.15372393247269
185.09,71.06400000000004,363.7320911929231,5.649295550847458
1030.65,287.41615384615386,363.7320911929231,669.1571205357143
262.0,486.77029069767445,363.7320911929231,0.0
646.27,-12.324545454545458,363.7320911929231,32.15372393247269
1425.98,7.646978021978025,363.7320911929231,32.15372393247269
284.21,-31.50299212598425,363.7320911929231,5.0842673796791455
329.0,88.62431952662725,363.7320911929231,174.47120879120877
1539.75,121.71318327974278,363.7320911929231,41.924557021677664
742.43,145.4,363.7320911929231,32.15372393247269
1706.47,-12.324545454545458,363.7320911929231,32.15372393247269
167.97,0.0,363.7320911929231,5.649295550847458
490.63,315.531675,363.7320911929231,0.0
998.71,56.79416988416988,363.7320911929231,0.0011764705882609705
12020.32,315.531675,363.7320911929231,717.158095238095
2356.19,0.7100000000000364,363.7320911929231,41.924557021677664
1878.0,204.78,363.7320911929231,421.2039097744361
1660.19,-341.95000000000005,363.7320911929231,41.924557021677664
573.0,315.531675,363.7320911929231,665.05
1006.99,381.89819935691315,363.7320911929231,5.649295550847458
307.66,956.9821886792453,363.7320911929231,421.2039097744361
1097.81,-339.40999999999997,363.7320911929231,41.924557021677664
166.86,544.0854679802956,363.7320911929231,0.0
493.0,265.61896265560165,363.7320911929231,421.2039097744361
232.99,351.42589473684217,363.7320911929231,5.0842673796791455
477.54,195.75224913494807,363.7320911929231,5.649295550847458
541.58,-14.150000000000093,363.7320911929231,41.924557021677664
580.79,381.89819935691315,363.7320911929231,1085.1044444444444
151.13,20.140000000000015,363.7320911929231,5.649295550847458
2082.98,265.61896265560165,363.7320911929231,41.924557021677664
3055.0,743.06,363.7320911929231,1258.623466666667
204.1,270.7600688705234,363.7320911929231,5.0842673796791455
280.75,270.7600688705234,363.7320911929231,41.924557021677664
698.45,6.324500000000002,363.7320911929231,5.0842673796791455
459.97,267.06999999999994,363.7320911929231,267.06999999999994
172.5,-12.324545454545458,363.7320911929231,5.649295550847458
648.05,7.646978021978025,363.7320911929231,5.649295550847458
234.08,351.42589473684217,363.7320911929231,5.0842673796791455
947.15,111.53585635359119,363.7320911929231,5.649295550847458
1007.97,76.86607142857143,363.7320911929231,32.15372393247269
3631.0,-13.702777777777762,363.7320911929231,55.73203703703703
331.0,0.0,363.7320911929231,174.47120879120877
826.01,262.1247727272727,363.7320911929231,41.924557021677664
770.16,265.61896265560165,363.7320911929231,835.9100000000001
890.33,149.50630630630627,363.7320911929231,5.0842673796791455
1693.81,121.71318327974278,363.7320911929231,0.0
722.0,472.0,363.7320911929231,472.0
1077.46,-277.76,363.7320911929231,41.924557021677664
1741.86,146.08499999999998,363.7320911929231,32.15372393247269
752.89,0.0,363.7320911929231,5.0842673796791455
404.0,544.0854679802956,363.7320911929231,174.47120879120877
1162.8,368.02,363.7320911929231,41.924557021677664
259.64,145.4,363.7320911929231,5.0842673796791455
284.21,-31.50299212598425,363.7320911929231,5.0842673796791455
284.21,-31.50299212598425,363.7320911929231,5.0842673796791455
846.82,270.7600688705234,363.7320911929231,5.0842673796791455
168.32,121.71318327974278,363.7320911929231,114.72216216216215
657.21,0.0,363.7320911929231,5.0842673796791455
195.14,351.42589473684217,363.7320911929231,5.0842673796791455
680.0,270.7600688705234,363.7320911929231,669.1571205357143
962.84,84.17714285714281,363.7320911929231,32.15372393247269
1299.0,311.55612903225807,363.7320911929231,247.81440000000003
781.85,0.0,363.7320911929231,5.0842673796791455
209.88,34.743750000000006,363.7320911929231,13.04352941176471
325.0,123.14413793103449,363.7320911929231,141.12833333333333
314.32,472.5091428571429,363.7320911929231,5.649295550847458
16654.0,0.0,363.7320911929231,3.5972222222222223
14358.0,76.86607142857143,363.7320911929231,16.727272727272727
2018.0,0.0,363.7320911929231,0.06500000000005456
384.04,270.7600688705234,363.7320911929231,0.0
645.0,0.0,363.7320911929231,248.22134969325154
184.71,381.89819935691315,363.7320911929231,0.0
385.57,270.7600688705234,363.7320911929231,5.0842673796791455
1418.67,456.47955974842785,363.7320911929231,5.0842673796791455
1470.73,-8.920000000000073,363.7320911929231,41.924557021677664
323.98,27.634043715847,363.7320911929231,5.0842673796791455
211.7,0.0,363.7320911929231,5.0842673796791455
302.0,62.043461538461536,363.7320911929231,241.0
24819.0,2.509333333333355,363.7320911929231,174.47120879120877
226.32,351.42589473684217,363.7320911929231,5.0842673796791455
1304.62,63.7600000000001,363.7320911929231,614.4600000000002
1549.0,175.0411904761905,363.7320911929231,18.41794117647059
906.51,114.01,363.7320911929231,41.924557021677664
2123.7,345.88800000000003,363.7320911929231,1537.8174226804128
210.0,6.939999999999998,363.7320911929231,41.924557021677664
1481.87,0.0,363.7320911929231,41.924557021677664
838.68,0.0,363.7320911929231,41.924557021677664
402.27,215.1169805194805,363.7320911929231,0.0
436.09,0.0,363.7320911929231,5.649295550847458
11843.75,121.71318327974278,363.7320911929231,1228.6439795918368
1256.9,0.0,363.7320911929231,5.0842673796791455
316.0,381.89819935691315,363.7320911929231,0.0
1012.57,0.0,363.7320911929231,41.924557021677664
540.02,376.51,363.7320911929231,694.994625
752.3,12.950000000000044,363.7320911929231,41.924557021677664
356.65,270.7600688705234,363.7320911929231,5.0842673796791455
8324.28,-31.50299212598425,363.7320911929231,1537.8174226804128
861.37,0.0,363.7320911929231,18.41794117647059
904.04,0.0,363.7320911929231,5.0842673796791455
1449.44,351.42589473684217,363.7320911929231,372.7999999999999
1507.0,0.0,363.7320911929231,18.41794117647059
1882.93,187.98075657894734,363.7320911929231,41.924557021677664
310.76,351.42589473684217,363.7320911929231,5.0842673796791455
789.0,121.71318327974278,363.7320911929231,41.924557021677664
2798.0,133.38666666666663,363.7320911929231,74.02
963.0,15.677083333333327,363.7320911929231,29.266851851851854
4939.78,0.0,363.7320911929231,29.266851851851854
1660.19,265.61896265560165,363.7320911929231,41.924557021677664
2529.0,0.4600000000000364,363.7320911929231,60.10700000000001
68.0,381.89819935691315,363.7320911929231,83.97
1452.43,-195.8800000000001,363.7320911929231,41.924557021677664
365.53,0.0,363.7320911929231,5.0842673796791455
8087.0,0.0,363.7320911929231,0.0
535.18,175.0411904761905,363.7320911929231,-0.003103448275859245
1264.0,195.75224913494807,363.7320911929231,247.81440000000003
1381.0,121.71318327974278,363.7320911929231,499.0127272727272
4830.0,175.0411904761905,363.7320911929231,0.0
483.0,121.71318327974278,363.7320911929231,499.0127272727272
480.0,106.66666666666667,363.7320911929231,18.41794117647059
204.42,265.61896265560165,363.7320911929231,5.649295550847458
1019.97,508.83510752688176,363.7320911929231,5.649295550847458
24544.55,22509.083333333332,363.7320911929231,-0.01666666666642413
309.58,0.0,363.7320911929231,0.0
644.0,0.0,363.7320911929231,0.0
516.16,111.53585635359119,363.7320911929231,32.15372393247269
246.0,111.53585635359119,363.7320911929231,0.0
227.62,27.634043715847,363.7320911929231,1910.85
219.18,111.53585635359119,363.7320911929231,18.41794117647059
480.0,0.0,363.7320911929231,18.41794117647059
247.41,0.0,363.7320911929231,5.649295550847458
2026.05,-10.89734042553192,363.7320911929231,5.0842673796791455
484.5,486.77029069767445,363.7320911929231,0.0
6663.0,345.88800000000003,363.7320911929231,1537.8174226804128
176.0,51.62951923076919,363.7320911929231,0.0
813.66,508.83510752688176,363.7320911929231,32.15372393247269
2212.0,0.0,363.7320911929231,3.9130434782608696
4441.0,0.0,363.7320911929231,247.81440000000003
417.53,315.531675,363.7320911929231,0.0
3250.0,0.0,363.7320911929231,60.10700000000001
504.0,-74.12222222222222,363.7320911929231,5.649295550847458
153.23,115.06428571428569,363.7320911929231,0.0
2290.72,106.38125,363.7320911929231,32.15372393247269
890.33,270.7600688705234,363.7320911929231,5.0842673796791455
161.73,0.0,363.7320911929231,5.0842673796791455
173.65,270.7600688705234,363.7320911929231,5.649295550847458
825.0,0.0,363.7320911929231,421.2039097744361
760.16,351.42589473684217,363.7320911929231,5.0842673796791455
255.97,215.1169805194805,363.7320911929231,1085.1044444444444
1423.96,111.53585635359119,363.7320911929231,6.500000000000007
2449.91,1221.245,363.7320911929231,561.603076923077
290.15,508.83510752688176,363.7320911929231,5.649295550847458
3085.59,133.38666666666663,363.7320911929231,14.872403100775186
192.54,145.4,363.7320911929231,5.649295550847458
14788.1,265.61896265560165,363.7320911929231,1634.2714285714285
627.31,76.86607142857143,363.7320911929231,41.97798701298701
829.5,397.56999999999994,363.7320911929231,41.924557021677664
1209.0,175.0411904761905,363.7320911929231,1537.8174226804128
10439.09,195.75224913494807,363.7320911929231,1471.4126865671642
514.91,121.71318327974278,363.7320911929231,669.1571205357143
2123.7,0.0,363.7320911929231,1537.8174226804128
300.15,121.71318327974278,363.7320911929231,114.72216216216215
1037.0,175.0411904761905,363.7320911929231,16.727272727272727
1586.0,195.75224913494807,363.7320911929231,248.22134969325154
167.64,123.14413793103449,363.7320911929231,113.0609756097561
177.0,123.14413793103449,363.7320911929231,113.0609756097561
183.41,215.1169805194805,363.7320911929231,5.649295550847458
248.2,51.62951923076919,363.7320911929231,0.0
328.3,0.0,363.7320911929231,18.41794117647059
402.94,175.0411904761905,363.7320911929231,5.0842673796791455
1388.7,-321.84000000000015,363.7320911929231,41.924557021677664
1237.65,137.48202702702702,363.7320911929231,32.15372393247269
1843.59,-596.04,363.7320911929231,41.924557021677664
452.81,145.4,363.7320911929231,5.649295550847458
298.0,0.0,363.7320911929231,5.649295550847458
242.65,488.94000000000005,363.7320911929231,41.924557021677664
167.64,0.0,363.7320911929231,113.0609756097561
294.13,486.77029069767445,363.7320911929231,5.649295550847458
260.13,381.89819935691315,363.7320911929231,23.371704545454545
373.0,101.70593749999993,363.7320911929231,0.0
1248.0,56.79416988416988,363.7320911929231,1258.623466666667
558.12,88.62431952662725,363.7320911929231,23.371704545454545
3626.24,381.89819935691315,363.7320911929231,2.127659574468085
560.72,0.0,363.7320911929231,0.0
483.88,555.2500000000001,363.7320911929231,760.053
402.27,381.89819935691315,363.7320911929231,0.0
558.12,315.531675,363.7320911929231,23.371704545454545
1418.67,-0.0005714285713890743,363.7320911929231,5.0842673796791455
197.0,486.77029069767445,363.7320911929231,5.649295550847458
7254.37,187.98075657894734,363.7320911929231,16.512476190476193
652.33,7.646978021978025,363.7320911929231,32.15372393247269
980.21,0.0,363.7320911929231,5.649295550847458
198.71,381.89819935691315,363.7320911929231,0.0
500.88,6.324500000000002,363.7320911929231,5.0842673796791455
509.65,-12.324545454545458,363.7320911929231,5.649295550847458
1792.68,111.53585635359119,363.7320911929231,41.924557021677664
1716.21,270.7600688705234,363.7320911929231,5.0842673796791455
5748.04,283.1751351351351,363.7320911929231,3921.7854545454543
210.05,195.75224913494807,363.7320911929231,41.924557021677664
877.71,88.62431952662725,363.7320911929231,41.924557021677664
780.77,106.38125,363.7320911929231,5.649295550847458
166.25,7.646978021978025,363.7320911929231,0.0
1216.0,1006.0,363.7320911929231,248.22134969325154
2400.0,287.41615384615386,363.7320911929231,233.79176470588237
1210.12,0.0,363.7320911929231,-0.001315789473683013
1093.35,260.3768181818182,363.7320911929231,32.15372393247269
3250.0,0.0,363.7320911929231,60.10700000000001
2082.69,115.06428571428569,363.7320911929231,32.15372393247269
352.69,7.646978021978025,363.7320911929231,5.649295550847458
461.05,-40.225445544554454,363.7320911929231,0.0
1181.68,115.06428571428569,363.7320911929231,32.15372393247269
1203.89,544.0854679802956,363.7320911929231,14.872403100775186
411.44,544.0854679802956,363.7320911929231,5.649295550847458
7500.8,56.79416988416988,363.7320911929231,0.0
428.3,0.0,363.7320911929231,174.47120879120877
1171.0,123.14413793103449,363.7320911929231,113.0609756097561
869.44,7.646978021978025,363.7320911929231,0.0
1330.23,-186.02,363.7320911929231,41.924557021677664
720.72,6.324500000000002,363.7320911929231,5.0842673796791455
297.0,62.043461538461536,363.7320911929231,421.2039097744361
385.15,283.1751351351351,363.7320911929231,5.649295550847458
253.78,0.0,363.7320911929231,5.649295550847458
715.97,883.5747142857142,363.7320911929231,32.15372393247269
1928.0,121.71318327974278,363.7320911929231,114.72216216216215
974.19,370.41999999999985,363.7320911929231,5.649295550847458
1378.0,265.61896265560165,363.7320911929231,421.2039097744361
297.88,486.77029069767445,363.7320911929231,0.0
161.73,27.634043715847,363.7320911929231,5.0842673796791455
250.0,106.38125,363.7320911929231,141.12833333333333
1096.52,132.68696,363.7320911929231,32.15372393247269
664.02,227.62,363.7320911929231,41.924557021677664
801.07,-74.12222222222222,363.7320911929231,5.0842673796791455
665.59,956.9821886792453,363.7320911929231,41.924557021677664
736.75,-223.98,363.7320911929231,41.924557021677664
3536.9,381.89819935691315,363.7320911929231,41.924557021677664
2869.65,0.0,363.7320911929231,18.41794117647059
204.1,270.7600688705234,363.7320911929231,5.0842673796791455
557.04,123.14413793103449,363.7320911929231,0.0
836.24,-12.324545454545458,363.7320911929231,32.15372393247269
186.52,121.71318327974278,363.7320911929231,5.649295550847458
4835.0,5527.0,363.7320911929231,715.124375
293.5,270.7600688705234,363.7320911929231,0.0
1116.13,347.6199999999999,363.7320911929231,41.924557021677664
238.97,21.09999999999999,363.7320911929231,5.649295550847458
558.12,315.531675,363.7320911929231,23.371704545454545
470.75,76.86607142857143,363.7320911929231,32.15372393247269
179.18,56.79416988416988,363.7320911929231,5.649295550847458
971.96,-31.50299212598425,363.7320911929231,14714.00484848485
198.7,270.7600688705234,363.7320911929231,185.61302013422815
525.67,-31.50299212598425,363.7320911929231,5.0842673796791455
335.97,123.14413793103449,363.7320911929231,0.0
521.9,331.94499999999994,363.7320911929231,298.19571428571425
4302.06,0.0,363.7320911929231,41.924557021677664
2373.64,195.75224913494807,363.7320911929231,1258.623466666667
673.27,0.0,363.7320911929231,5.0842673796791455
3685.0,0.0,363.7320911929231,14714.00484848485
361.87,215.1169805194805,363.7320911929231,0.0
430.76,149.50630630630627,363.7320911929231,669.1571205357143
2445.0,56.79416988416988,363.7320911929231,1258.623466666667
662.44,648.78,363.7320911929231,41.924557021677664
693.97,270.7600688705234,363.7320911929231,5.0842673796791455
626.01,115.06428571428569,363.7320911929231,41.924557021677664
176.0,381.89819935691315,363.7320911929231,54.444366197183115
7254.37,187.98075657894734,363.7320911929231,16.512476190476193
156.36,270.7600688705234,363.7320911929231,14.112676056338028
341.43,381.89819935691315,363.7320911929231,1910.85
1340.15,-347.55000000000007,363.7320911929231,41.924557021677664
486.45,201.01747572815538,363.7320911929231,5.0842673796791455
479.37,106.38125,363.7320911929231,5.649295550847458
2254.35,0.0,363.7320911929231,0.0
2735.0,544.0854679802956,363.7320911929231,174.47120879120877
955.49,486.77029069767445,363.7320911929231,41.924557021677664
1750.07,-0.0005714285713890743,363.7320911929231,0.0
1394.14,-12.324545454545458,363.7320911929231,32.15372393247269
1928.0,0.0,363.7320911929231,114.72216216216215
2555.0,131.69444444444457,363.7320911929231,83.60526315789474
414.37,187.98075657894734,363.7320911929231,0.0
493.0,265.61896265560165,363.7320911929231,421.2039097744361
1478.4,106.38125,363.7320911929231,5.649295550847458
1354.0,115.06428571428569,363.7320911929231,174.47120879120877
910.18,25.0,363.7320911929231,2.127659574468085
1016.0,102.0,363.7320911929231,29.266851851851854
161.96,132.68696,363.7320911929231,5.649295550847458
782.18,49.62999999999998,363.7320911929231,32.15372393247269
297.0,62.043461538461536,363.7320911929231,421.2039097744361
183.99,270.7600688705234,363.7320911929231,0.0
384.04,270.7600688705234,363.7320911929231,0.0
1269.5,260.3768181818182,363.7320911929231,32.15372393247269
309.58,381.89819935691315,363.7320911929231,0.0
253.99,-70.73000000000002,363.7320911929231,5.649295550847458
650.85,0.0,363.7320911929231,0.0
317.74,-40.225445544554454,363.7320911929231,5.649295550847458
1410.01,284.68111111111114,363.7320911929231,32.15372393247269
1360.54,28.96202247191011,363.7320911929231,32.15372393247269
12020.32,-0.0200000000004365,363.7320911929231,717.158095238095
382.1,149.50630630630627,363.7320911929231,5.649295550847458
209.38,456.47955974842785,363.7320911929231,174.47120879120877
300.0,0.0,363.7320911929231,5.649295550847458
238.78,0.0,363.7320911929231,5.649295550847458
281.35,381.89819935691315,363.7320911929231,669.1571205357143
545.64,0.0,363.7320911929231,5.649295550847458
592.61,456.47955974842785,363.7320911929231,0.0
890.33,270.7600688705234,363.7320911929231,5.0842673796791455
250.33,0.0,363.7320911929231,5.0842673796791455
502.0,282.0,363.7320911929231,1228.6439795918368
691.81,0.0,363.7320911929231,5.649295550847458
14323.0,351.42589473684217,363.7320911929231,1537.8174226804128
2009.11,-72.5,363.7320911929231,41.924557021677664
347.15,508.83510752688176,363.7320911929231,18.41794117647059
2978.0,7929.299999999999,363.7320911929231,1228.6439795918368
2222.53,-0.0133333333333212,363.7320911929231,0.0
781.85,6.324500000000002,363.7320911929231,5.0842673796791455
890.33,-197.1800000000001,363.7320911929231,5.0842673796791455
696.65,472.5091428571429,363.7320911929231,41.924557021677664
775.94,111.53585635359119,363.7320911929231,41.924557021677664
352.0,0.0,363.7320911929231,14.872403100775186
1200.14,270.7600688705234,363.7320911929231,41.924557021677664
846.59,544.0854679802956,363.7320911929231,41.924557021677664
340.15,195.75224913494807,363.7320911929231,1910.85
279.01,149.50630630630627,363.7320911929231,5.0842673796791455
1701.81,115.06428571428569,363.7320911929231,0.0
749.08,-0.0099999999999909,363.7320911929231,-0.001315789473683013
459.97,123.14413793103449,363.7320911929231,267.06999999999994
298.0,0.0,363.7320911929231,5.649295550847458
493.0,265.61896265560165,363.7320911929231,421.2039097744361
152.93,0.0,363.7320911929231,5.649295550847458
369.77,195.75224913494807,363.7320911929231,5.649295550847458
4432.97,-1807.57,363.7320911929231,41.924557021677664
1972.94,-12.324545454545458,363.7320911929231,32.15372393247269
3792.0,121.71318327974278,363.7320911929231,114.72216216216215
289.46,270.7600688705234,363.7320911929231,0.0
108000.0,0.0,363.7320911929231,0.0
676.18,270.7600688705234,363.7320911929231,5.0842673796791455
304.0,-40.225445544554454,363.7320911929231,14.872403100775186
3273.61,104.04144736842105,363.7320911929231,41.924557021677664
579.0,111.53585635359119,363.7320911929231,18.41794117647059
350.69,115.06428571428569,363.7320911929231,5.649295550847458
1716.21,0.0,363.7320911929231,5.0842673796791455
1229.15,7.646978021978025,363.7320911929231,155.60470588235296
2407.67,381.89819935691315,363.7320911929231,1085.1044444444444
665.47,270.7600688705234,363.7320911929231,5.0842673796791455
1368.0,9.916666666666666,363.7320911929231,174.47120879120877
186.52,0.0,363.7320911929231,5.649295550847458
222.77,351.42589473684217,363.7320911929231,5.0842673796791455
822.88,0.0,363.7320911929231,0.0
587.97,0.0,363.7320911929231,5.649295550847458
271.17,175.0411904761905,363.7320911929231,5.649295550847458
14810.0,1914.0,363.7320911929231,669.1571205357143
192.54,145.4,363.7320911929231,5.649295550847458
6654.0,956.9821886792453,363.7320911929231,715.124375
445.51,-31.50299212598425,363.7320911929231,5.0842673796791455
10088.0,0.0,363.7320911929231,669.1571205357143
842.25,111.53585635359119,363.7320911929231,0.0
1237.65,137.48202702702702,363.7320911929231,32.15372393247269
580.79,381.89819935691315,363.7320911929231,1085.1044444444444
1248.69,956.9821886792453,363.7320911929231,174.47120879120877
285.85,0.0,363.7320911929231,0.0
369.77,133.51,363.7320911929231,5.649295550847458
355.79,27.634043715847,363.7320911929231,5.0842673796791455
535.18,-0.0099999999999909,363.7320911929231,-0.003103448275859245
495.0,338.7142857142857,363.7320911929231,760.053
2434.75,121.71318327974278,363.7320911929231,0.0
1382.0,544.0854679802956,363.7320911929231,174.47120879120877
1229.38,137.48202702702702,363.7320911929231,32.15372393247269
184.71,381.89819935691315,363.7320911929231,0.0
2527.0,956.9821886792453,363.7320911929231,41.924557021677664
428.3,544.0854679802956,363.7320911929231,174.47120879120877
539.0,315.531675,363.7320911929231,13.04352941176471
978.44,0.0,363.7320911929231,-480.9000000000001
51101.0,72904.0,363.7320911929231,72904.0
404.89,0.0,363.7320911929231,5.0842673796791455
495.0,338.7142857142857,363.7320911929231,760.053
227.19,215.1169805194805,363.7320911929231,5.649295550847458
2708.0,56.79416988416988,363.7320911929231,174.47120879120877
619.55,0.0,363.7320911929231,5.649295550847458
693.97,0.0,363.7320911929231,5.0842673796791455
31876.39,456.47955974842785,363.7320911929231,3403.419032258065
209.38,-0.0005714285713890743,363.7320911929231,174.47120879120877
846.82,270.7600688705234,363.7320911929231,5.0842673796791455
1711.38,677.1399999999999,363.7320911929231,41.924557021677664
2919.8,265.61896265560165,363.7320911929231,41.924557021677664
1479.72,88.46000000000004,363.7320911929231,41.924557021677664
196.4,175.0411904761905,363.7320911929231,41.97798701298701
961.0,133.17636363636365,363.7320911929231,32.15372393247269
635.28,270.7600688705234,363.7320911929231,669.1571205357143
405.2,381.89819935691315,363.7320911929231,0.0
4460.0,104.04144736842105,363.7320911929231,1910.85
727.28,0.0,363.7320911929231,0.0
496.47,456.47955974842785,363.7320911929231,5.649295550847458
1560.39,49.62999999999998,363.7320911929231,32.15372393247269
1376.0,123.14413793103449,363.7320911929231,72.1
1626.0,860.6199999999999,363.7320911929231,248.22134969325154
1281.81,326.00631578947366,363.7320911929231,113.0609756097561
516.17,248.87452991452994,363.7320911929231,5.649295550847458
2842.0,265.61896265560165,363.7320911929231,421.2039097744361
564.05,351.42589473684217,363.7320911929231,5.0842673796791455
495.0,338.7142857142857,363.7320911929231,760.053
980.08,-40.225445544554454,363.7320911929231,0.0
1686.26,123.14413793103449,363.7320911929231,0.0
573.0,315.531675,363.7320911929231,665.05
1237.65,63.5,363.7320911929231,41.924557021677664
304.0,544.0854679802956,363.7320911929231,14.872403100775186
5136.15,0.0,363.7320911929231,16.512476190476193
693.97,270.7600688705234,363.7320911929231,5.0842673796791455
3919.0,106.38125,363.7320911929231,3.5972222222222223
483.0,0.0,363.7320911929231,499.0127272727272
1479.72,187.98075657894734,363.7320911929231,41.924557021677664
151.13,88.62431952662725,363.7320911929231,5.649295550847458
1813.0,381.89819935691315,363.7320911929231,0.0
154.73,175.0411904761905,363.7320911929231,0.0
220.62,0.0,363.7320911929231,0.0
1493.5,15.677083333333327,363.7320911929231,41.924557021677664
819.39,27.634043715847,363.7320911929231,5.0842673796791455
4516.88,0.0,363.7320911929231,0.0
277.0,270.7600688705234,363.7320911929231,1910.85
198.7,0.0,363.7320911929231,669.1571205357143
1338.61,270.7600688705234,363.7320911929231,5.0842673796791455
6291.69,-2940.0699999999997,363.7320911929231,41.924557021677664
380.47,15.677083333333327,363.7320911929231,29.266851851851854
904.92,381.89819935691315,363.7320911929231,561.603076923077
1171.0,132.68696,363.7320911929231,113.0609756097561
213.19,311.55612903225807,363.7320911929231,2.9732515337423315
246.6,45.543333333333344,363.7320911929231,5.649295550847458
877.71,88.62431952662725,363.7320911929231,41.924557021677664
3631.0,0.0,363.7320911929231,55.73203703703703
335.97,123.14413793103449,363.7320911929231,0.0
1433.28,544.0854679802956,363.7320911929231,174.47120879120877
1470.73,-8.920000000000073,363.7320911929231,41.924557021677664
3638.0,0.0,363.7320911929231,3.5972222222222223
739.39,15.430000000000064,363.7320911929231,41.924557021677664
150.11,0.0,363.7320911929231,5.649295550847458
186.8,270.7600688705234,363.7320911929231,2.9732515337423315
668.54,0.0,363.7320911929231,0.0
1710.3,315.531675,363.7320911929231,41.924557021677664
416.07,508.83510752688176,363.7320911929231,32.15372393247269
255.88,0.0,363.7320911929231,5.649295550847458
3085.59,0.0,363.7320911929231,14.872403100775186
1215.56,956.9821886792453,363.7320911929231,464.6008888888889
227.96,0.0,363.7320911929231,41.97798701298701
4830.0,175.0411904761905,363.7320911929231,0.0
483.88,555.2500000000001,363.7320911929231,760.053
1718.59,0.0,363.7320911929231,5.0842673796791455
187.72,51.62951923076919,363.7320911929231,0.0
315.56,0.0,363.7320911929231,5.0842673796791455
980.2,7.646978021978025,363.7320911929231,32.15372393247269
379.3,0.0,363.7320911929231,0.0
1504.8,3.410000000000082,363.7320911929231,41.924557021677664
578.98,252.6989830508475,363.7320911929231,5.0842673796791455
1205.4,4.809999999999945,363.7320911929231,41.924557021677664
1626.0,132.06352941176476,363.7320911929231,248.22134969325154
2714.95,201.01747572815538,363.7320911929231,41.924557021677664
1185.66,315.531675,363.7320911929231,32.15372393247269
252.2,20.863030303030303,363.7320911929231,5.649295550847458
736.75,-223.98,363.7320911929231,41.924557021677664
578.98,351.42589473684217,363.7320911929231,5.0842673796791455
297.25,0.0,363.7320911929231,5.649295550847458
1305.0,88.62431952662725,363.7320911929231,18.41794117647059
736.75,-223.98,363.7320911929231,41.924557021677664
314.09,56.79416988416988,363.7320911929231,0.0
580.61,381.89819935691315,363.7320911929231,0.0
546.44,-74.34000000000003,363.7320911929231,41.924557021677664
715.97,145.4,363.7320911929231,32.15372393247269
237.64,137.48202702702702,363.7320911929231,514.922
184.71,0.0,363.7320911929231,0.0
325.0,145.4,363.7320911929231,141.12833333333333
345.89,13.670000000000016,363.7320911929231,5.649295550847458
296.66,956.9821886792453,363.7320911929231,5.649295550847458
2002.0,-6.242500000000002,363.7320911929231,5.730666666666669
1309.47,798.2099999999998,363.7320911929231,41.924557021677664
595.65,6.324500000000002,363.7320911929231,5.0842673796791455
620.3,0.0,363.7320911929231,5.0842673796791455
825.0,0.0,363.7320911929231,421.2039097744361
14323.0,252.6989830508475,363.7320911929231,1537.8174226804128
468.64,-40.225445544554454,363.7320911929231,14.872403100775186
255.69,0.0,363.7320911929231,18.41794117647059
3504.21,121.08398843930635,363.7320911929231,0.0
562.48,0.0,363.7320911929231,5.0842673796791455
625.64,270.7600688705234,363.7320911929231,5.0842673796791455
1358.77,195.75224913494807,363.7320911929231,32.15372393247269
1129.33,248.87452991452994,363.7320911929231,32.15372393247269
210.0,6.939999999999998,363.7320911929231,41.924557021677664
1060.16,106.38125,363.7320911929231,5.649295550847458
5961.0,0.0,363.7320911929231,715.124375
639.3,121.08398843930635,363.7320911929231,41.924557021677664
1589.0,123.14413793103449,363.7320911929231,114.72216216216215
1284.0,121.71318327974278,363.7320911929231,114.72216216216215
3335.85,315.531675,363.7320911929231,332.426829268293
468.0,315.531675,363.7320911929231,54.444366197183115
955.49,-52.32000000000005,363.7320911929231,41.924557021677664
444.42,215.1169805194805,363.7320911929231,0.0
2329.45,394.0747826086957,363.7320911929231,669.1571205357143
2018.0,-6.881538461538464,363.7320911929231,0.06500000000005456
1113.02,331.8455357142857,363.7320911929231,32.15372393247269
356.86,88.62431952662725,363.7320911929231,159.6880821917808
314.06,283.1751351351351,363.7320911929231,5.360526315789475
1385.0,381.89819935691315,363.7320911929231,694.994625
1248.0,56.79416988416988,363.7320911929231,1258.623466666667
483.0,121.71318327974278,363.7320911929231,499.0127272727272
499.21,195.75224913494807,363.7320911929231,0.0
894.01,88.62431952662725,363.7320911929231,32.15372393247269
1501.02,137.48202702702702,363.7320911929231,32.15372393247269
1641.75,177.61824742268038,363.7320911929231,41.924557021677664
235.73,111.53585635359119,363.7320911929231,2.9732515337423315
1401.87,-380.8799999999999,363.7320911929231,41.924557021677664
456.07,1200.7358333333332,363.7320911929231,760.053
605.08,0.0,363.7320911929231,5.649295550847458
194.2,381.89819935691315,363.7320911929231,2.9732515337423315
2510.04,122.86999999999988,363.7320911929231,41.924557021677664
4526.12,0.0,363.7320911929231,3403.419032258065
1866.49,311.55612903225807,363.7320911929231,41.924557021677664
837.34,0.0,363.7320911929231,185.61302013422815
744.49,211.41399999999993,363.7320911929231,241.09153846153842
194.2,381.89819935691315,363.7320911929231,2.9732515337423315
636.1,0.0,363.7320911929231,5.649295550847458
1413.0,195.75224913494807,363.7320911929231,18.41794117647059
304.83,114.68700000000001,363.7320911929231,5.649295550847458
5366.27,121.71318327974278,363.7320911929231,-480.9000000000001
1262.43,-0.0005714285713890743,363.7320911929231,5.0842673796791455
1149.17,486.77029069767445,363.7320911929231,41.924557021677664
2330.71,381.89819935691315,363.7320911929231,41.924557021677664
958.27,-12.324545454545458,363.7320911929231,0.0
384.32,486.77029069767445,363.7320911929231,0.0
314.55,115.06428571428569,363.7320911929231,5.649295550847458
162.73,29.28,363.7320911929231,41.924557021677664
316.06,508.83510752688176,363.7320911929231,5.649295550847458
264.84,283.1751351351351,363.7320911929231,5.0842673796791455
2400.0,287.41615384615386,363.7320911929231,233.79176470588237
4225.59,0.0,363.7320911929231,41.924557021677664
2565.0,115.06428571428569,363.7320911929231,421.2039097744361
979.08,76.86607142857143,363.7320911929231,-0.003103448275859245
3834.24,-14.039999999999964,363.7320911929231,41.924557021677664
463.0,37.620000000000005,363.7320911929231,669.1571205357143
11076.48,111.53585635359119,363.7320911929231,0.007272727272885999
1700.0,123.14413793103449,363.7320911929231,635.6234693877551
501.0,0.0,363.7320911929231,174.47120879120877
884.1,0.0,363.7320911929231,41.97798701298701
271.17,20.029999999999973,363.7320911929231,5.649295550847458
294.13,-8.839999999999975,363.7320911929231,5.649295550847458
6183.79,0.0,363.7320911929231,669.1571205357143
936.12,-218.62,363.7320911929231,41.924557021677664
3445.0,381.89819935691315,363.7320911929231,694.994625
227.96,175.0411904761905,363.7320911929231,41.97798701298701
861.37,201.01747572815538,363.7320911929231,18.41794117647059
613.89,270.7600688705234,363.7320911929231,5.0842673796791455
1171.0,123.14413793103449,363.7320911929231,113.0609756097561
329.21,123.14413793103449,363.7320911929231,0.0
204.81,-40.225445544554454,363.7320911929231,0.0
478.83,11.689999999999998,363.7320911929231,5.649295550847458
1214.3,265.61896265560165,363.7320911929231,41.924557021677664
567.03,121.08398843930635,363.7320911929231,2423.0200000000004
1149.17,457.81999999999994,363.7320911929231,41.924557021677664
1441.26,177.61824742268038,363.7320911929231,772.0536842105263
260.13,381.89819935691315,363.7320911929231,23.371704545454545
573.0,88.62431952662725,363.7320911929231,665.05
791.17,279.46000000000015,363.7320911929231,41.924557021677664
346.5,145.4,363.7320911929231,5.649295550847458
792.89,381.89819935691315,363.7320911929231,694.994625
300.58,-12.324545454545458,363.7320911929231,32.15372393247269
1260.74,-42.26999999999998,363.7320911929231,41.924557021677664
1146.19,212.42999999999984,363.7320911929231,41.924557021677664
444.21,123.14413793103449,363.7320911929231,41.924557021677664
2032.15,115.06428571428569,363.7320911929231,32.15372393247269
656.0,-10.89734042553192,363.7320911929231,159.6880821917808
1081.15,270.7600688705234,363.7320911929231,5.0842673796791455
263.19,0.0,363.7320911929231,5.649295550847458
9265.0,0.0,363.7320911929231,669.1571205357143
909.86,115.06428571428569,363.7320911929231,32.15372393247269
3032.0,338.7142857142857,363.7320911929231,889.8235294117648
410.6,-31.30000000000001,363.7320911929231,5.0842673796791455
384.04,270.7600688705234,363.7320911929231,0.0
314.06,283.1751351351351,363.7320911929231,5.360526315789475
495.59,270.7600688705234,363.7320911929231,669.1571205357143
386.49,56.79416988416988,363.7320911929231,5.649295550847458
305.19,0.0,363.7320911929231,0.0
172.22,956.9821886792453,363.7320911929231,2.9732515337423315
228.72,456.47955974842785,363.7320911929231,5.0842673796791455
1923.81,215.1169805194805,363.7320911929231,0.0
38953.0,883.5747142857142,363.7320911929231,715.124375
973.07,381.89819935691315,363.7320911929231,0.0
1381.84,175.0411904761905,363.7320911929231,1228.6439795918368
877.34,0.0,363.7320911929231,464.6008888888889
1003.38,-9.779999999999973,363.7320911929231,41.924557021677664
491.67,-21.43357142857139,363.7320911929231,0.0025000000000545623
480.68,88.62431952662725,363.7320911929231,332.426829268293
705.83,0.0,363.7320911929231,5.0842673796791455
592.61,456.47955974842785,363.7320911929231,0.0
1701.81,265.61896265560165,363.7320911929231,301.233181818182
26405.14,265.61896265560165,363.7320911929231,1634.2714285714285
1810.04,311.55612903225807,363.7320911929231,41.924557021677664
1178.0,111.53585635359119,363.7320911929231,233.79176470588237
4060.0,270.7600688705234,363.7320911929231,1537.8174226804128
2047.4,262.1247727272727,363.7320911929231,464.6008888888889
495.0,338.7142857142857,363.7320911929231,760.053
2920.69,565.0799999999999,363.7320911929231,41.924557021677664
3751.82,315.531675,363.7320911929231,174.47120879120877
601.43,28.96202247191011,363.7320911929231,829.2833333333334
430.76,270.7600688705234,363.7320911929231,669.1571205357143
541.58,-14.150000000000093,363.7320911929231,41.924557021677664
1034.04,121.37000000000012,363.7320911929231,41.924557021677664
2661.73,24.57199999999999,363.7320911929231,0.0
1376.0,123.14413793103449,363.7320911929231,72.1
292.23,6.324500000000002,363.7320911929231,5.0842673796791455
499.21,195.75224913494807,363.7320911929231,0.0
1404.94,0.0,363.7320911929231,5.649295550847458
13805.0,121.71318327974278,363.7320911929231,669.1571205357143
1081.51,65.12000000000012,363.7320911929231,41.924557021677664
996.5,-21.43357142857139,363.7320911929231,32.15372393247269
497.41,215.1169805194805,363.7320911929231,0.0
1243.57,28.539999999999964,363.7320911929231,41.924557021677664
570.11,175.0411904761905,363.7320911929231,-0.001315789473683013
1317.74,265.61896265560165,363.7320911929231,41.924557021677664
720.67,883.5747142857142,363.7320911929231,32.15372393247269
770.12,486.77029069767445,363.7320911929231,464.6008888888889
2915.0,2994.0,363.7320911929231,669.1571205357143
227.62,27.634043715847,363.7320911929231,1910.85
361.72,381.89819935691315,363.7320911929231,41.924557021677664
22174.56,1496.022692307692,363.7320911929231,-189.68178571428575
310.76,351.42589473684217,363.7320911929231,5.0842673796791455
293.3,508.83510752688176,363.7320911929231,464.6008888888889
245.3,201.01747572815538,363.7320911929231,5.0842673796791455
580.61,381.89819935691315,363.7320911929231,0.0
8797.0,215.1169805194805,363.7320911929231,669.1571205357143
384.27,956.9821886792453,363.7320911929231,23.371704545454545
297.0,0.0,363.7320911929231,421.2039097744361
200.77,121.08398843930635,363.7320911929231,649.5546153846153
1712.0,270.7600688705234,363.7320911929231,456.69565217391306
359.86,-31.50299212598425,363.7320911929231,5.0842673796791455
354.21,381.89819935691315,363.7320911929231,5.649295550847458
1877.47,956.9821886792453,363.7320911929231,41.924557021677664
385.15,283.1751351351351,363.7320911929231,5.649295550847458
2434.75,121.71318327974278,363.7320911929231,0.0
881.74,637.79,363.7320911929231,41.924557021677664
173.06,45.06666666666667,363.7320911929231,5.649295550847458
220.62,0.0,363.7320911929231,0.0
5850.83,0.0,363.7320911929231,16.512476190476193
329.21,123.14413793103449,363.7320911929231,0.0
837.34,315.531675,363.7320911929231,185.61302013422815
504.0,-153.32999999999998,363.7320911929231,5.649295550847458
188.36,0.0,363.7320911929231,5.0842673796791455
346.82,883.5747142857142,363.7320911929231,5.649295550847458
4103.0,121.71318327974278,363.7320911929231,499.0127272727272
435.0,815.0,363.7320911929231,407.5
693.97,270.7600688705234,363.7320911929231,5.0842673796791455
166.66,331.8455357142857,363.7320911929231,0.0
1854.68,0.0,363.7320911929231,41.924557021677664
428.3,544.0854679802956,363.7320911929231,174.47120879120877
828.58,1.7899999999999636,363.7320911929231,41.924557021677664
159.66,0.0,363.7320911929231,5.649295550847458
797.36,486.77029069767445,363.7320911929231,41.924557021677664
198.7,270.7600688705234,363.7320911929231,669.1571205357143
384.04,270.7600688705234,363.7320911929231,0.0
311.18,252.6989830508475,363.7320911929231,5.0842673796791455
1439.77,0.0,363.7320911929231,41.924557021677664
287.17,56.79416988416988,363.7320911929231,2.9732515337423315
4500.0,88.62431952662725,363.7320911929231,0.0
1540.0,201.1500000000001,363.7320911929231,0.06500000000005456
197.6,-12.324545454545458,363.7320911929231,32.15372393247269
1092.18,-135.7800000000001,363.7320911929231,41.924557021677664
328.34,123.14413793103449,363.7320911929231,113.0609756097561
303.53,187.98075657894734,363.7320911929231,41.924557021677664
275.63,27.634043715847,363.7320911929231,0.0
760.16,351.42589473684217,363.7320911929231,5.0842673796791455
2356.19,223.70475409836064,363.7320911929231,41.924557021677664
497.18,0.0,363.7320911929231,5.0842673796791455
191.56,56.79416988416988,363.7320911929231,2.9732515337423315
328.29,88.62431952662725,363.7320911929231,159.6880821917808
1160.0,486.77029069767445,363.7320911929231,464.6008888888889
1299.36,0.0,363.7320911929231,41.924557021677664
1260.74,278.87857142857143,363.7320911929231,32.15372393247269
2907.0,123.14413793103449,363.7320911929231,635.6234693877551
1160.0,1621.0,363.7320911929231,464.6008888888889
294.28,21.350000000000023,363.7320911929231,5.649295550847458
955.49,-52.32000000000005,363.7320911929231,41.924557021677664
2661.73,24.57199999999999,363.7320911929231,0.0
2919.96,201.01747572815538,363.7320911929231,41.924557021677664
3207.0,0.0,363.7320911929231,3.5972222222222223
365.21,56.79416988416988,363.7320911929231,5.649295550847458
1012.57,508.83510752688176,363.7320911929231,32.15372393247269
20718.17,315.531675,363.7320911929231,8552.1625
734.0,28.96202247191011,363.7320911929231,55.73203703703703
2722.5,0.0,363.7320911929231,174.47120879120877
2373.64,-673.3999999999999,363.7320911929231,1258.623466666667
15767.0,0.0,363.7320911929231,211.46791666666672
2146.86,248.87452991452994,363.7320911929231,32.15372393247269
236.47,0.0,363.7320911929231,5.649295550847458
220.62,56.79416988416988,363.7320911929231,0.0
168.52,381.89819935691315,363.7320911929231,41.924557021677664
2008.7,-12.324545454545458,363.7320911929231,5.649295550847458
1016.0,111.53585635359119,363.7320911929231,29.266851851851854
2368.0,0.0,363.7320911929231,174.47120879120877
294.28,21.350000000000023,363.7320911929231,5.649295550847458
423.48,486.77029069767445,363.7320911929231,5.649295550847458
275.63,27.634043715847,363.7320911929231,0.0
749.0,115.06428571428569,363.7320911929231,421.2039097744361
238.78,121.71318327974278,363.7320911929231,5.649295550847458
609.32,-125.97833333333341,363.7320911929231,41.924557021677664
894.01,315.531675,363.7320911929231,41.924557021677664
1644.92,346.06999999999994,363.7320911929231,41.924557021677664
961.67,88.62431952662725,363.7320911929231,2097.7239999999997
255.37,0.0,363.7320911929231,-0.0037499999999965877
355.72,0.0,363.7320911929231,5.649295550847458
209.33,-10.89734042553192,363.7320911929231,185.61302013422815
311.0,2.509333333333355,363.7320911929231,0.0
316.11,123.14413793103449,363.7320911929231,0.0
296.02,-12.324545454545458,363.7320911929231,5.649295550847458
1703.48,472.5091428571429,363.7320911929231,41.924557021677664
2309.8,123.14413793103449,363.7320911929231,0.0
267.61,121.71318327974278,363.7320911929231,55.73203703703703
151.0,177.61824742268038,363.7320911929231,1910.85
7196.47,381.89819935691315,363.7320911929231,1085.1044444444444
494.52,-31.50299212598425,363.7320911929231,-42.132999999999996
884.1,123.14413793103449,363.7320911929231,41.97798701298701
1058.99,381.89819935691315,363.7320911929231,1085.1044444444444
989.43,121.71318327974278,363.7320911929231,2707.9079166666666
499.88,248.87452991452994,363.7320911929231,5.649295550847458
257.98,508.83510752688176,363.7320911929231,32.15372393247269
1229.15,56.79416988416988,363.7320911929231,155.60470588235296
222.82,187.98075657894734,363.7320911929231,16.512476190476193
720.4,6.324500000000002,363.7320911929231,5.0842673796791455
588.18,195.75224913494807,363.7320911929231,248.22134969325154
1842.25,187.98075657894734,363.7320911929231,174.47120879120877
325.57,195.75224913494807,363.7320911929231,41.924557021677664
1505.0,-1155.04,363.7320911929231,32.15372393247269
471.62,115.06428571428569,363.7320911929231,5.649295550847458
1000.27,0.0,363.7320911929231,5.0842673796791455
3147.07,132.68696,363.7320911929231,41.924557021677664
11089.42,111.53585635359119,363.7320911929231,2111.4774074074076
9265.0,-10.89734042553192,363.7320911929231,0.0
605.08,486.77029069767445,363.7320911929231,5.649295550847458
736.75,-40.225445544554454,363.7320911929231,32.15372393247269
1000.27,270.7600688705234,363.7320911929231,5.0842673796791455
1527.0,104.04144736842105,363.7320911929231,135.61071428571432
1857.58,106.38125,363.7320911929231,32.15372393247269
1626.0,131.69444444444457,363.7320911929231,248.22134969325154
238.66,-60.51692307692301,363.7320911929231,32.15372393247269
904.99,-173.89999999999998,363.7320911929231,41.924557021677664
224.41,0.0,363.7320911929231,174.47120879120877
1183.7,6.639999999999873,363.7320911929231,41.924557021677664
201.1,175.0411904761905,363.7320911929231,41.924557021677664
170.34,115.06428571428569,363.7320911929231,5.649295550847458
1972.94,-29.670000000000073,363.7320911929231,41.924557021677664
579.0,0.0,363.7320911929231,18.41794117647059
693.97,270.7600688705234,363.7320911929231,5.0842673796791455
711.01,0.0,363.7320911929231,0.0
693.97,0.0,363.7320911929231,5.0842673796791455
12020.32,315.531675,363.7320911929231,717.158095238095
3633.58,270.7600688705234,363.7320911929231,1537.8174226804128
5028.0,338.7142857142857,363.7320911929231,174.47120879120877
318.12,201.01747572815538,363.7320911929231,174.47120879120877
1586.0,195.75224913494807,363.7320911929231,248.22134969325154
1439.77,0.0,363.7320911929231,41.924557021677664
571.07,195.75224913494807,363.7320911929231,87.04999999999995
1183.23,41.91000000000008,363.7320911929231,41.924557021677664
493.42,283.1751351351351,363.7320911929231,5.0842673796791455
5748.04,283.1751351351351,363.7320911929231,3403.419032258065
5357.0,-17.0,363.7320911929231,174.47120879120877
1081.15,0.0,363.7320911929231,5.0842673796791455
976.41,-177.69999999999993,363.7320911929231,41.924557021677664
323.98,0.0,363.7320911929231,5.0842673796791455
645.0,195.75224913494807,363.7320911929231,248.22134969325154
402.27,0.0,363.7320911929231,0.0
3546.94,262.1247727272727,363.7320911929231,174.47120879120877
296.66,-7.550000000000011,363.7320911929231,5.649295550847458
2330.71,-2013.31,363.7320911929231,41.924557021677664
1525.1,28.96202247191011,363.7320911929231,32.15372393247269
960.64,381.89819935691315,363.7320911929231,464.6008888888889
1101.76,272.6700000000001,363.7320911929231,41.924557021677664
356.6,315.531675,363.7320911929231,41.924557021677664
1149.17,457.81999999999994,363.7320911929231,41.924557021677664
1863.09,508.83510752688176,363.7320911929231,32.15372393247269
580.61,0.0,363.7320911929231,0.0
1264.9,149.50630630630627,363.7320911929231,5.0842673796791455
2123.7,0.0,363.7320911929231,1537.8174226804128
410.83,114.68700000000001,363.7320911929231,5.649295550847458
369.0,0.0,363.7320911929231,174.47120879120877
1411.71,381.89819935691315,363.7320911929231,41.924557021677664
819.39,27.634043715847,363.7320911929231,5.0842673796791455
2373.64,-673.3999999999999,363.7320911929231,1258.623466666667
194.2,381.89819935691315,363.7320911929231,2.9732515337423315
224.41,381.89819935691315,363.7320911929231,174.47120879120877
1149.17,248.87452991452994,363.7320911929231,32.15372393247269
325.0,137.48202702702702,363.7320911929231,141.12833333333333
784.35,2728.0449999999996,363.7320911929231,32.15372393247269
1381.84,1483.72,363.7320911929231,1228.6439795918368
3807.77,187.98075657894734,363.7320911929231,5771.8099999999995
200.0,315.531675,363.7320911929231,13.04352941176471
1262.43,456.47955974842785,363.7320911929231,5.0842673796791455
670.9,0.0,363.7320911929231,5.0842673796791455
578.98,351.42589473684217,363.7320911929231,5.0842673796791455
1750.07,456.47955974842785,363.7320911929231,0.0
255.69,0.0,363.7320911929231,18.41794117647059
1162.8,368.02,363.7320911929231,41.924557021677664
449.85,223.70475409836064,363.7320911929231,41.924557021677664
2344.0,0.0,363.7320911929231,114.72216216216215
957.95,270.7600688705234,363.7320911929231,5.0842673796791455
1576.94,195.75224913494807,363.7320911929231,41.924557021677664
1741.86,146.08499999999998,363.7320911929231,32.15372393247269
5969.0,0.0,363.7320911929231,174.47120879120877
1335.45,-0.0699999999999363,363.7320911929231,41.924557021677664
1810.56,331.8455357142857,363.7320911929231,1471.4126865671642
1591.0,265.61896265560165,363.7320911929231,421.2039097744361
1209.0,175.0411904761905,363.7320911929231,1537.8174226804128
244.99,121.08398843930635,363.7320911929231,146.40857142857143
735.2,195.75224913494807,363.7320911929231,248.22134969325154
2886.0,956.9821886792453,363.7320911929231,174.47120879120877
297.25,20.863030303030303,363.7320911929231,5.649295550847458
1229.38,137.48202702702702,363.7320911929231,32.15372393247269
198.62,0.0,363.7320911929231,41.97798701298701
1972.94,-29.670000000000073,363.7320911929231,41.924557021677664
1703.48,331.8455357142857,363.7320911929231,32.15372393247269
468.64,544.0854679802956,363.7320911929231,14.872403100775186
758.09,0.0,363.7320911929231,41.97798701298701
2614.51,472.5091428571429,363.7320911929231,1471.4126865671642
61109.0,-48400.0,363.7320911929231,14714.00484848485
848.07,381.89819935691315,363.7320911929231,1085.1044444444444
226.58,215.1169805194805,363.7320911929231,5.649295550847458
1459.0,1072.44,363.7320911929231,159.6880821917808
168.05,-12.324545454545458,363.7320911929231,5.649295550847458
180.66,-12.324545454545458,363.7320911929231,0.0
819.0,0.0,363.7320911929231,248.22134969325154
361.87,381.89819935691315,363.7320911929231,0.0
1214.93,247.26,363.7320911929231,41.924557021677664
164.89,0.0,363.7320911929231,5.0842673796791455
320.47,0.0,363.7320911929231,18.41794117647059
1319.42,0.0,363.7320911929231,41.924557021677664
30274.0,-0.2744444444444475,363.7320911929231,0.0
198.7,270.7600688705234,363.7320911929231,669.1571205357143
349.08,215.1169805194805,363.7320911929231,5.649295550847458
680.43,21.030000000000086,363.7320911929231,5.649295550847458
328.34,0.0,363.7320911929231,113.0609756097561
202.36,20.863030303030303,363.7320911929231,5.0842673796791455
369.39,215.1169805194805,363.7320911929231,5.649295550847458
673.27,351.42589473684217,363.7320911929231,5.0842673796791455
495.59,270.7600688705234,363.7320911929231,669.1571205357143
275.63,27.634043715847,363.7320911929231,0.0
182.33,381.89819935691315,363.7320911929231,83.97
256.16,270.7600688705234,363.7320911929231,571.6111111111111
1178.0,111.53585635359119,363.7320911929231,233.79176470588237
314.1,369.47,363.7320911929231,211.46791666666672
2853.23,262.1247727272727,363.7320911929231,464.6008888888889
645.13,22509.083333333332,363.7320911929231,-0.01666666666642413
781.85,6.324500000000002,363.7320911929231,5.0842673796791455
7392.0,0.0,363.7320911929231,669.1571205357143
4060.0,270.7600688705234,363.7320911929231,1537.8174226804128
492.12,7.646978021978025,363.7320911929231,5.649295550847458
846.82,0.0,363.7320911929231,5.0842673796791455
166.25,0.0,363.7320911929231,0.0
10947.0,381.89819935691315,363.7320911929231,0.0
159.31,187.98075657894734,363.7320911929231,2.9732515337423315
1299.0,311.55612903225807,363.7320911929231,247.81440000000003
2889.39,0.0,363.7320911929231,174.47120879120877
3004.63,0.0,363.7320911929231,0.0
267.61,-16.205,363.7320911929231,0.0
1547.0,0.0,363.7320911929231,114.72216216216215
1628.0,0.0,363.7320911929231,136.80374999999998
198.97,121.08398843930635,363.7320911929231,0.0
468.64,-40.225445544554454,363.7320911929231,14.872403100775186
262.37,111.53585635359119,363.7320911929231,5.649295550847458
370.0,7.646978021978025,363.7320911929231,174.47120879120877
417.53,315.531675,363.7320911929231,760.053
153.01,-19.340000000000003,363.7320911929231,5.649295550847458
535.03,270.7600688705234,363.7320911929231,5.649295550847458
162.73,115.06428571428569,363.7320911929231,2.9732515337423315
1519.72,265.61896265560165,363.7320911929231,41.924557021677664
1741.45,260.3768181818182,363.7320911929231,32.15372393247269
256.04,351.42589473684217,363.7320911929231,5.0842673796791455
601.0,104.04144736842105,363.7320911929231,191.8758333333333
1382.0,544.0854679802956,363.7320911929231,174.47120879120877
4287.59,201.01747572815538,363.7320911929231,3403.419032258065
838.68,0.0,363.7320911929231,41.924557021677664
1181.55,0.0,363.7320911929231,5.0842673796791455
1240.93,100.58999999999992,363.7320911929231,41.924557021677664
483.0,121.71318327974278,363.7320911929231,499.0127272727272
2000.0,0.0,363.7320911929231,174.47120879120877
631.03,88.62431952662725,363.7320911929231,185.61302013422815
18668.0,76.86607142857143,363.7320911929231,1228.6439795918368
989.43,1311.8500000000004,363.7320911929231,2707.9079166666666
512.98,0.0,363.7320911929231,5.649295550847458
747.0,0.0,363.7320911929231,6.500000000000007
2032.15,-367.9500000000001,363.7320911929231,41.924557021677664
3504.21,121.71318327974278,363.7320911929231,51.05647058823524
508.76,270.7600688705234,363.7320911929231,5.0842673796791455
890.36,270.7600688705234,363.7320911929231,-1.0
568.12,0.0,363.7320911929231,5.649295550847458
520.0,28.96202247191011,363.7320911929231,0.0
412.3,164.7,363.7320911929231,669.1571205357143
165.0,0.0,363.7320911929231,159.6880821917808
887.0,0.0,363.7320911929231,18.41794117647059
335.97,0.0,363.7320911929231,0.0
1499.73,-42.25,363.7320911929231,41.924557021677664
1500.11,0.0,363.7320911929231,41.924557021677664
1324.84,1482.64,363.7320911929231,41.924557021677664
292.63,0.0,363.7320911929231,5.649295550847458
160.0,956.9821886792453,363.7320911929231,14.112676056338028
722.0,111.53585635359119,363.7320911929231,472.0
4460.0,104.04144736842105,363.7320911929231,1910.85
1034.01,718.29,363.7320911929231,41.97798701298701
402.01,56.79416988416988,363.7320911929231,2.9732515337423315
496.28,56.79416988416988,363.7320911929231,0.0
601.0,-5.610000000000014,363.7320911929231,191.8758333333333
1550.0,1496.022692307692,363.7320911929231,-189.68178571428575
1428.19,111.53585635359119,363.7320911929231,41.924557021677664
3335.85,0.0,363.7320911929231,332.426829268293
906.51,177.61824742268038,363.7320911929231,41.924557021677664
495.0,121.71318327974278,363.7320911929231,0.0199999999999818
23136.0,381.89819935691315,363.7320911929231,13028.833333333334
29948.0,106.38125,363.7320911929231,1228.6439795918368
413.29,0.0,363.7320911929231,0.0
273.76,145.4,363.7320911929231,5.649295550847458
1284.0,0.0,363.7320911929231,114.72216216216215
8964.0,175.0411904761905,363.7320911929231,715.124375
17195.0,111.53585635359119,363.7320911929231,1228.6439795918368
2002.79,-12.324545454545458,363.7320911929231,32.15372393247269
474.23,6.324500000000002,363.7320911929231,0.0
190.9,121.71318327974278,363.7320911929231,0.0
315.55,7.646978021978025,363.7320911929231,5.649295550847458
907.03,381.89819935691315,363.7320911929231,41.924557021677664
191.56,7.646978021978025,363.7320911929231,2.9732515337423315
1376.0,123.14413793103449,363.7320911929231,72.1
2002.0,-6.242500000000002,363.7320911929231,5.730666666666669
5060.0,155.76687499999994,363.7320911929231,715.124375
3685.0,-1118.1950000000002,363.7320911929231,14714.00484848485
262.0,248.87452991452994,363.7320911929231,0.0
151.0,0.0,363.7320911929231,1910.85
222.82,187.98075657894734,363.7320911929231,16.512476190476193
3638.0,106.38125,363.7320911929231,3.5972222222222223
1750.07,456.47955974842785,363.7320911929231,0.0
1378.0,265.61896265560165,363.7320911929231,421.2039097744361
487.0,88.62431952662725,363.7320911929231,54.444366197183115
500.88,0.0,363.7320911929231,5.0842673796791455
621.4,88.62431952662725,363.7320911929231,185.61302013422815
255.88,265.61896265560165,363.7320911929231,5.649295550847458
1454.0,0.0,363.7320911929231,421.2039097744361
393.54,121.71318327974278,363.7320911929231,1910.85
673.27,0.0,363.7320911929231,5.0842673796791455
1813.0,544.0854679802956,363.7320911929231,332.426829268293
8964.0,175.0411904761905,363.7320911929231,715.124375
461.64,0.0,363.7320911929231,83.60526315789474
634.3,76.86607142857143,363.7320911929231,16.512476190476193
1006.99,436.0999999999999,363.7320911929231,5.649295550847458
311.18,351.42589473684217,363.7320911929231,5.0842673796791455
829.0,223.70475409836064,363.7320911929231,669.1571205357143
466.0,315.531675,363.7320911929231,174.47120879120877
150.21,381.89819935691315,363.7320911929231,41.924557021677664
1729.68,56.79416988416988,363.7320911929231,0.0011764705882609705
173.65,270.7600688705234,363.7320911929231,5.649295550847458
7222.95,381.89819935691315,363.7320911929231,1085.1044444444444
1155.21,88.62431952662725,363.7320911929231,5.649295550847458
440.0,51.62951923076919,363.7320911929231,0.0
347.15,0.0,363.7320911929231,18.41794117647059
2614.51,331.8455357142857,363.7320911929231,1471.4126865671642
430.24,27.634043715847,363.7320911929231,5.0842673796791455
1338.61,0.0,363.7320911929231,5.0842673796791455
1122.02,-12.324545454545458,363.7320911929231,41.924557021677664
225.17,111.53585635359119,363.7320911929231,5.649295550847458
329.0,315.531675,363.7320911929231,174.47120879120877
825.0,265.61896265560165,363.7320911929231,421.2039097744361
371.93,472.5091428571429,363.7320911929231,5.649295550847458
277.44,0.0,363.7320911929231,5.0842673796791455
210.99,137.48202702702702,363.7320911929231,0.0
2008.7,-12.324545454545458,363.7320911929231,5.649295550847458
2594.17,-7.130000000000109,363.7320911929231,41.924557021677664
204.55,381.89819935691315,363.7320911929231,2.9732515337423315
379.0,115.06428571428569,363.7320911929231,174.47120879120877
751.03,56.79416988416988,363.7320911929231,155.60470588235296
26316.0,22509.083333333332,363.7320911929231,14714.00484848485
309.9,0.0,363.7320911929231,41.924557021677664
720.4,6.324500000000002,363.7320911929231,5.0842673796791455
240.0,956.9821886792453,363.7320911929231,669.1571205357143
1957.05,104.04144736842105,363.7320911929231,0.0
445.22,508.83510752688176,363.7320911929231,5.649295550847458
230.55,-27.40000000000001,363.7320911929231,5.649295550847458
222.82,0.0,363.7320911929231,16.512476190476193
100.0,315.531675,363.7320911929231,55.21866666666667
8975.0,131.69444444444457,363.7320911929231,715.124375
968.05,219.1400000000001,363.7320911929231,41.924557021677664
407.0,111.53585635359119,363.7320911929231,55.73203703703703
27212.96,121.71318327974278,363.7320911929231,332.426829268293
8914.0,56.79416988416988,363.7320911929231,6.500000000000007
305.0,956.9821886792453,363.7320911929231,0.0
1932.01,49.62999999999998,363.7320911929231,0.0
560.72,956.9821886792453,363.7320911929231,0.0
900.0,381.89819935691315,363.7320911929231,0.0
936.12,-60.51692307692301,363.7320911929231,32.15372393247269
1470.73,132.68696,363.7320911929231,32.15372393247269
275.4,7.646978021978025,363.7320911929231,5.649295550847458
1141.67,-12.324545454545458,363.7320911929231,5.649295550847458
1547.0,279.65500000000003,363.7320911929231,649.5546153846153
457.72,270.7600688705234,363.7320911929231,41.924557021677664
579.0,111.53585635359119,363.7320911929231,18.41794117647059
1924.75,-37.36999999999989,363.7320911929231,41.924557021677664
292.8,0.0,363.7320911929231,5.0842673796791455
827.0,223.70475409836064,363.7320911929231,159.6880821917808
467.79,149.50630630630627,363.7320911929231,5.0842673796791455
1813.0,0.0,363.7320911929231,0.0
26405.14,265.61896265560165,363.7320911929231,1634.2714285714285
9028.0,0.0,363.7320911929231,669.1571205357143
955.39,381.89819935691315,363.7320911929231,831.5
1953.0,201.95800000000003,363.7320911929231,464.6008888888889
413.29,195.75224913494807,363.7320911929231,0.0
1729.68,0.0,363.7320911929231,0.0011764705882609705
1666.0,552.0,363.7320911929231,174.47120879120877
1146.22,56.79416988416988,363.7320911929231,41.924557021677664
500.0,-58.0,363.7320911929231,-58.0
524.88,-108.3,363.7320911929231,41.924557021677664
972.06,9.916666666666666,363.7320911929231,32.15372393247269
980.21,0.0,363.7320911929231,5.649295550847458
264.86,0.0,363.7320911929231,5.649295550847458
3807.77,187.98075657894734,363.7320911929231,5771.8099999999995
718.52,265.61896265560165,363.7320911929231,5.649295550847458
6000.0,0.0,363.7320911929231,0.0
7877.0,283.1751351351351,363.7320911929231,1258.623466666667
464.62,39.93307692307693,363.7320911929231,32.15372393247269
414.15,56.79416988416988,363.7320911929231,0.0
362.31,56.79416988416988,363.7320911929231,2.9732515337423315
1565.47,76.86607142857143,363.7320911929231,41.924557021677664
5281.94,201.01747572815538,363.7320911929231,301.233181818182
458.59,270.7600688705234,363.7320911929231,5.0842673796791455
1081.39,-12.324545454545458,363.7320911929231,32.15372393247269
947.15,-12.324545454545458,363.7320911929231,5.649295550847458
171.0,315.531675,363.7320911929231,55.21866666666667
1413.0,0.0,363.7320911929231,18.41794117647059
605.76,6.324500000000002,363.7320911929231,5.0842673796791455
256.16,270.7600688705234,363.7320911929231,571.6111111111111
32850.0,51.62951923076919,363.7320911929231,-3.6
1284.0,121.08398843930635,363.7320911929231,114.72216216216215
480.0,0.0,363.7320911929231,18.41794117647059
682.9,270.7600688705234,363.7320911929231,669.1571205357143
363.89,-40.225445544554454,363.7320911929231,32.15372393247269
2434.75,121.71318327974278,363.7320911929231,0.0
410.6,283.1751351351351,363.7320911929231,5.0842673796791455
215.0,486.77029069767445,363.7320911929231,1910.85
512.43,0.0,363.7320911929231,5.0842673796791455
1424.77,166.32,363.7320911929231,32.15372393247269
181.45,215.1169805194805,363.7320911929231,5.649295550847458
240.0,381.89819935691315,363.7320911929231,14.112676056338028
903.44,-311.0,363.7320911929231,41.924557021677664
1216.0,195.75224913494807,363.7320911929231,248.22134969325154
4744.0,51.62951923076919,363.7320911929231,0.0
1589.0,123.14413793103449,363.7320911929231,114.72216216216215
1390.0,544.0854679802956,363.7320911929231,5.730666666666669
999.46,114.68700000000001,363.7320911929231,0.0
349.75,123.14413793103449,363.7320911929231,635.6234693877551
637.06,0.0,363.7320911929231,5.0842673796791455
8379.62,0.0,363.7320911929231,0.007272727272885999
2966.63,-12.324545454545458,363.7320911929231,32.15372393247269
408.94,-23.840000000000018,363.7320911929231,174.47120879120877
483.87,351.42589473684217,363.7320911929231,5.0842673796791455
520.0,28.96202247191011,363.7320911929231,0.0
525.67,-31.50299212598425,363.7320911929231,5.0842673796791455
631.03,88.62431952662725,363.7320911929231,1910.85
744.49,155.76687499999994,363.7320911929231,241.09153846153842
1886.0,215.1169805194805,363.7320911929231,114.86666666666669
227.19,215.1169805194805,363.7320911929231,5.649295550847458
791.79,0.0,363.7320911929231,5.0842673796791455
529.54,508.83510752688176,363.7320911929231,5.649295550847458
430.24,27.634043715847,363.7320911929231,5.0842673796791455
4825.6,883.5747142857142,363.7320911929231,2111.4774074074076
184.89,0.0,363.7320911929231,5.0842673796791455
1281.81,326.00631578947366,363.7320911929231,113.0609756097561
10228.0,1179.0,363.7320911929231,669.1571205357143
447.6,51.62951923076919,363.7320911929231,0.0
483.87,351.42589473684217,363.7320911929231,5.0842673796791455
562.98,27.634043715847,363.7320911929231,5.0842673796791455
1248.0,56.79416988416988,363.7320911929231,1258.623466666667
402.0,84.0,363.7320911929231,1258.623466666667
2595.0,238.67,363.7320911929231,464.6008888888889
670.9,-10.89734042553192,363.7320911929231,5.0842673796791455
255.69,0.0,363.7320911929231,18.41794117647059
31876.39,456.47955974842785,363.7320911929231,3403.419032258065
2889.39,265.61896265560165,363.7320911929231,174.47120879120877
520.63,-40.225445544554454,363.7320911929231,32.15372393247269
384.57,175.0411904761905,363.7320911929231,16.512476190476193
1280.68,-12.324545454545458,363.7320911929231,32.15372393247269
1474.77,137.48202702702702,363.7320911929231,32.15372393247269
610.78,17.870000000000005,363.7320911929231,41.924557021677664
2705.0,187.98075657894734,363.7320911929231,485.91
226.32,351.42589473684217,363.7320911929231,5.0842673796791455
325.0,137.48202702702702,363.7320911929231,141.12833333333333
410.26,0.0,363.7320911929231,760.053
1792.0,56.79416988416988,363.7320911929231,669.1571205357143
393.54,121.08398843930635,363.7320911929231,1910.85
2919.96,-315.1999999999998,363.7320911929231,41.924557021677664
389.35,195.75224913494807,363.7320911929231,1910.85
1167.55,315.531675,363.7320911929231,174.47120879120877
1200.14,0.0,363.7320911929231,41.924557021677664
1473.0,106.38125,363.7320911929231,248.22134969325154
540.24,-71.32,363.7320911929231,41.924557021677664
305.19,0.0,363.7320911929231,0.0
992.43,0.0,363.7320911929231,5.649295550847458
1734.18,-195.71000000000004,363.7320911929231,41.924557021677664
230.45,283.1751351351351,363.7320911929231,5.0842673796791455
162.67,215.1169805194805,363.7320911929231,5.649295550847458
912.5,0.0,363.7320911929231,5.649295550847458
1248.0,0.0,363.7320911929231,1258.623466666667
909.02,-157.21000000000004,363.7320911929231,41.924557021677664
1603.53,-411.3699999999999,363.7320911929231,41.924557021677664
167.97,215.1169805194805,363.7320911929231,5.649295550847458
1248.0,0.0,363.7320911929231,1258.623466666667
28466.0,22509.083333333332,363.7320911929231,14714.00484848485
877.34,956.9821886792453,363.7320911929231,464.6008888888889
474.23,0.0,363.7320911929231,0.0
329.21,0.0,363.7320911929231,0.0
335.97,123.14413793103449,363.7320911929231,0.0
339.35,0.0,363.7320911929231,1471.4126865671642
836.42,-21.43357142857139,363.7320911929231,0.0025000000000545623
1376.0,123.14413793103449,363.7320911929231,72.1
1909.74,742.4999999999998,363.7320911929231,41.924557021677664
152.58,0.0,363.7320911929231,5.649295550847458
2082.98,462.1300000000001,363.7320911929231,41.924557021677664
183.99,270.7600688705234,363.7320911929231,0.0
379.39,0.0,363.7320911929231,5.0842673796791455
211.09,111.53585635359119,363.7320911929231,5.649295550847458
1390.92,36.50999999999999,363.7320911929231,41.924557021677664
519.0,195.75224913494807,363.7320911929231,248.22134969325154
405.2,381.89819935691315,363.7320911929231,0.0
1605.0,106.38125,363.7320911929231,248.22134969325154
1423.96,111.53585635359119,363.7320911929231,6.500000000000007
253.78,0.0,363.7320911929231,5.649295550847458
869.44,0.0,363.7320911929231,16.512476190476193
5369.18,-308.03000000000065,363.7320911929231,-220.5553333333338
1661.25,0.0,363.7320911929231,5.649295550847458
366.8,381.89819935691315,363.7320911929231,0.0
748.0,121.71318327974278,363.7320911929231,114.72216216216215
403.36,-12.324545454545458,363.7320911929231,5.649295550847458
561.91,6.324500000000002,363.7320911929231,5.0842673796791455
483.65,175.0411904761905,363.7320911929231,-0.001315789473683013
1034.01,187.98075657894734,363.7320911929231,41.97798701298701
1005.59,-123.38,363.7320911929231,41.924557021677664
1183.7,-125.97833333333341,363.7320911929231,41.924557021677664
2379.0,315.531675,363.7320911929231,0.0
353.27,0.0,363.7320911929231,5.649295550847458
691.15,195.75224913494807,363.7320911929231,2707.9079166666666
984.63,-157.12,363.7320911929231,41.924557021677664
287.17,7.646978021978025,363.7320911929231,2.9732515337423315
530.2,88.62431952662725,363.7320911929231,5.649295550847458
1422.37,115.62000000000012,363.7320911929231,41.924557021677664
2360.0,0.0,363.7320911929231,0.0
2123.7,345.88800000000003,363.7320911929231,1537.8174226804128
437.21,88.62431952662725,363.7320911929231,2097.7239999999997
3273.61,-73.37000000000035,363.7320911929231,41.924557021677664
143.23,270.7600688705234,363.7320911929231,23.371704545454545
450.0,315.531675,363.7320911929231,54.444366197183115
519.0,195.75224913494807,363.7320911929231,248.22134969325154
4744.0,51.62951923076919,363.7320911929231,0.0
1656.25,1221.245,363.7320911929231,760.053
898.19,456.47955974842785,363.7320911929231,5.0842673796791455
255.37,0.0,363.7320911929231,-0.0037499999999965877
626.76,248.87452991452994,363.7320911929231,5.649295550847458
930.86,0.0,363.7320911929231,41.924557021677664
1479.22,-2.4700000000000273,363.7320911929231,41.924557021677664
244.54,0.0,363.7320911929231,5.649295550847458
958.86,248.87452991452994,363.7320911929231,32.15372393247269
1162.56,0.0,363.7320911929231,185.61302013422815
232.99,351.42589473684217,363.7320911929231,5.0842673796791455
1586.0,106.38125,363.7320911929231,248.22134969325154
2289.52,-12.324545454545458,363.7320911929231,32.15372393247269
907.03,215.1169805194805,363.7320911929231,32.15372393247269
644.45,0.0,363.7320911929231,5.649295550847458
687.97,873.24,363.7320911929231,1471.4126865671642
3496.01,115.06428571428569,363.7320911929231,32.15372393247269
463.0,265.61896265560165,363.7320911929231,669.1571205357143
304.0,544.0854679802956,363.7320911929231,14.872403100775186
192.21,132.68696,363.7320911929231,0.0
329.21,0.0,363.7320911929231,0.0
207.45,119.42769230769233,363.7320911929231,5.0842673796791455
657.21,-10.89734042553192,363.7320911929231,5.0842673796791455
1769.5,255.08999999999992,363.7320911929231,32.15372393247269
177.77,27.634043715847,363.7320911929231,5.0842673796791455
1954.77,131.69444444444457,363.7320911929231,41.924557021677664
574.26,149.50630630630627,363.7320911929231,5.0842673796791455
533.76,215.1169805194805,363.7320911929231,5.649295550847458
6808.69,956.9821886792453,363.7320911929231,5.0842673796791455
1043.63,115.06428571428569,363.7320911929231,635.6234693877551
192.67,0.0,363.7320911929231,5.649295550847458
1330.23,-186.02,363.7320911929231,41.924557021677664
1119.35,74.82000000000016,363.7320911929231,41.924557021677664
14810.0,195.75224913494807,363.7320911929231,669.1571205357143
4830.0,0.0,363.7320911929231,0.0
3251.0,0.0,363.7320911929231,174.47120879120877
1226.64,842.9599999999998,363.7320911929231,41.924557021677664
281.35,381.89819935691315,363.7320911929231,669.1571205357143
1438.74,115.06428571428569,363.7320911929231,32.15372393247269
6941.4,56.79416988416988,363.7320911929231,0.0
158.36,56.79416988416988,363.7320911929231,5.649295550847458
490.63,88.62431952662725,363.7320911929231,0.0
3805.0,166.32,363.7320911929231,0.0
194.88,0.0,363.7320911929231,5.649295550847458
1244.43,331.8455357142857,363.7320911929231,32.15372393247269
4686.09,0.0,363.7320911929231,464.6008888888889
1378.0,115.06428571428569,363.7320911929231,421.2039097744361
631.03,315.531675,363.7320911929231,185.61302013422815
703.68,0.0,363.7320911929231,5.649295550847458
244.54,486.77029069767445,363.7320911929231,5.649295550847458
6808.69,508.83510752688176,363.7320911929231,5.0842673796791455
957.95,0.0,363.7320911929231,5.0842673796791455
3805.0,166.32,363.7320911929231,0.0
192.67,486.77029069767445,363.7320911929231,5.649295550847458
191.56,7.646978021978025,363.7320911929231,2.9732515337423315
4997.04,270.7600688705234,363.7320911929231,5.0842673796791455
30274.0,-0.2744444444444475,363.7320911929231,0.0
234.08,0.0,363.7320911929231,5.0842673796791455
1305.0,315.531675,363.7320911929231,18.41794117647059
713.0,268.0,363.7320911929231,55.73203703703703
31580.0,223.70475409836064,363.7320911929231,2512.6315789473683
2155.95,456.3500000000003,363.7320911929231,41.924557021677664
202.36,27.634043715847,363.7320911929231,5.0842673796791455
526.45,-245.32000000000005,363.7320911929231,32.15372393247269
1119.35,544.0854679802956,363.7320911929231,32.15372393247269
6230.99,10.015714285714239,363.7320911929231,0.013823529411531452
279.01,270.7600688705234,363.7320911929231,5.0842673796791455
622.04,24.06000000000006,363.7320911929231,41.924557021677664
1193.55,0.0,363.7320911929231,-0.001315789473683013
2146.86,339.6500000000001,363.7320911929231,41.924557021677664
1237.71,-40.225445544554454,363.7320911929231,41.924557021677664
1547.0,279.65500000000003,363.7320911929231,114.72216216216215
778.8,0.0,363.7320911929231,16.512476190476193
2175.35,31.360000000000127,363.7320911929231,41.924557021677664
723.13,0.0,363.7320911929231,5.649295550847458
177.34,0.0,363.7320911929231,113.0609756097561
2978.0,883.5747142857142,363.7320911929231,1228.6439795918368
2899.77,0.0,363.7320911929231,41.924557021677664
1082.65,240.4699999999998,363.7320911929231,41.924557021677664
1388.59,223.70475409836064,363.7320911929231,41.924557021677664
673.27,351.42589473684217,363.7320911929231,5.0842673796791455
315.56,0.0,363.7320911929231,5.0842673796791455
1507.0,-40.225445544554454,363.7320911929231,18.41794117647059
4000.0,0.0,363.7320911929231,0.0
275.63,27.634043715847,363.7320911929231,0.0
1193.55,175.0411904761905,363.7320911929231,-0.001315789473683013
314.1,265.61896265560165,363.7320911929231,211.46791666666672
1127.9,-23.63000000000011,363.7320911929231,41.924557021677664
439.82,-80.30000000000001,363.7320911929231,5.649295550847458
1005.59,56.79416988416988,363.7320911929231,41.924557021677664
971.96,-31.50299212598425,363.7320911929231,-189.68178571428575
533.76,215.1169805194805,363.7320911929231,5.649295550847458
249.43,315.531675,363.7320911929231,185.61302013422815
26405.14,265.61896265560165,363.7320911929231,1634.2714285714285
1605.0,909.0,363.7320911929231,248.22134969325154
243.52,0.0,363.7320911929231,16.512476190476193
2140.0,326.00631578947366,363.7320911929231,113.0609756097561
1716.21,149.50630630630627,363.7320911929231,5.0842673796791455
535.18,175.0411904761905,363.7320911929231,-0.003103448275859245
747.29,-120.45999999999992,363.7320911929231,41.924557021677664
2548.04,508.83510752688176,363.7320911929231,32.15372393247269
486.45,0.0,363.7320911929231,5.0842673796791455
331.0,0.0,363.7320911929231,174.47120879120877
971.96,-31.50299212598425,363.7320911929231,-189.68178571428575
875.79,0.0,363.7320911929231,5.0842673796791455
579.63,252.6989830508475,363.7320911929231,5.0842673796791455
399.01,248.87452991452994,363.7320911929231,5.649295550847458
909.02,270.7600688705234,363.7320911929231,5.0842673796791455
1716.21,270.7600688705234,363.7320911929231,5.0842673796791455
1754.84,137.48202702702702,363.7320911929231,32.15372393247269
330.8,27.634043715847,363.7320911929231,5.0842673796791455
1360.54,223.70475409836064,363.7320911929231,41.924557021677664
1216.9,195.75224913494807,363.7320911929231,18.41794117647059
282.08,883.5747142857142,363.7320911929231,5.649295550847458
195.14,351.42589473684217,363.7320911929231,5.0842673796791455
8914.0,0.0,363.7320911929231,6.500000000000007
625.61,0.0,363.7320911929231,5.0842673796791455
1035.16,834.8399999999999,363.7320911929231,694.994625
445.51,-31.50299212598425,363.7320911929231,5.0842673796791455
1486.4,394.0747826086957,363.7320911929231,669.1571205357143
416.96,7.646978021978025,363.7320911929231,5.649295550847458
1679.75,-12.324545454545458,363.7320911929231,5.649295550847458
250.0,315.531675,363.7320911929231,54.444366197183115
241.52,351.42589473684217,363.7320911929231,5.0842673796791455
18668.0,187.98075657894734,363.7320911929231,1228.6439795918368
3733.0,956.9821886792453,363.7320911929231,464.6008888888889
885.63,315.531675,363.7320911929231,185.61302013422815
605.76,6.324500000000002,363.7320911929231,5.0842673796791455
2429.52,166.32,363.7320911929231,32.15372393247269
309.63,111.53585635359119,363.7320911929231,5.649295550847458
488.29,315.531675,363.7320911929231,174.47120879120877
172.0,315.531675,363.7320911929231,174.47120879120877
1248.0,56.79416988416988,363.7320911929231,1258.623466666667
744.49,211.41399999999993,363.7320911929231,241.09153846153842
235.9,381.89819935691315,363.7320911929231,0.0
218.6,201.01747572815538,363.7320911929231,174.47120879120877
307.11,0.0,363.7320911929231,0.0
1324.84,88.62431952662725,363.7320911929231,32.15372393247269
4766.0,0.0,363.7320911929231,174.47120879120877
1471.32,-173.83999999999992,363.7320911929231,41.924557021677664
7877.0,4041.2,363.7320911929231,1258.623466666667
211.7,351.42589473684217,363.7320911929231,5.0842673796791455
1693.81,121.71318327974278,363.7320911929231,0.0
545.11,248.87452991452994,363.7320911929231,5.649295550847458
2309.8,132.68696,363.7320911929231,0.0
264.84,283.1751351351351,363.7320911929231,5.0842673796791455
910.56,111.53585635359119,363.7320911929231,298.19571428571425
237.28,88.62431952662725,363.7320911929231,5.649295550847458
169.06,0.0,363.7320911929231,113.0609756097561
2056.0,-5.344545454545455,363.7320911929231,174.47120879120877
480.0,544.0854679802956,363.7320911929231,18.41794117647059
769.93,381.89819935691315,363.7320911929231,464.6008888888889
220.62,56.79416988416988,363.7320911929231,0.0
254.06,544.0854679802956,363.7320911929231,14.872403100775186
220.62,56.79416988416988,363.7320911929231,0.0
1269.5,311.55612903225807,363.7320911929231,41.924557021677664
477.86,351.42589473684217,363.7320911929231,5.0842673796791455
2538.67,381.89819935691315,363.7320911929231,694.994625
4060.0,901.0,363.7320911929231,1537.8174226804128
679.0,315.531675,363.7320911929231,174.47120879120877
5111.33,1588.67,363.7320911929231,174.47120879120877
260.12,-12.324545454545458,363.7320911929231,159.6880821917808
24819.0,2.509333333333355,363.7320911929231,174.47120879120877
2610.88,215.1169805194805,363.7320911929231,32.15372393247269
2123.7,345.88800000000003,363.7320911929231,1537.8174226804128
910.56,111.53585635359119,363.7320911929231,298.19571428571425
326.61,956.9821886792453,363.7320911929231,41.924557021677664
297.88,486.77029069767445,363.7320911929231,0.0
524.84,-53.53000000000003,363.7320911929231,41.924557021677664
204.12,252.6989830508475,363.7320911929231,5.0842673796791455
612.94,56.79416988416988,363.7320911929231,41.924557021677664
415.38,315.531675,363.7320911929231,54.444366197183115
1311.41,265.61896265560165,363.7320911929231,41.924557021677664
2379.0,0.0,363.7320911929231,0.0
8087.0,381.89819935691315,363.7320911929231,0.0
635.28,0.0,363.7320911929231,669.1571205357143
329.0,0.0,363.7320911929231,174.47120879120877
398.37,106.66666666666667,363.7320911929231,5.0842673796791455
499.88,248.87452991452994,363.7320911929231,5.649295550847458
160.0,60.0,363.7320911929231,14.112676056338028
381.01,32.0,363.7320911929231,5.0842673796791455
230.41,0.0,363.7320911929231,16.512476190476193
973.07,381.89819935691315,363.7320911929231,0.0
155.97,121.08398843930635,363.7320911929231,5.649295550847458
1386.41,652.3,363.7320911929231,41.924557021677664
984.07,0.0,363.7320911929231,5.649295550847458
882.45,127.46999999999991,363.7320911929231,41.924557021677664
429.25,0.0,363.7320911929231,23.371704545454545
525.67,0.0,363.7320911929231,5.0842673796791455
560.79,175.0411904761905,363.7320911929231,5.649295550847458
319.04,381.89819935691315,363.7320911929231,0.0
1370.75,-76.36750000000004,363.7320911929231,32.15372393247269
545.11,248.87452991452994,363.7320911929231,5.649295550847458
578.98,0.0,363.7320911929231,5.0842673796791455
884.1,123.14413793103449,363.7320911929231,41.97798701298701
650.85,883.5747142857142,363.7320911929231,0.0
442.54,27.634043715847,363.7320911929231,5.0842673796791455
3631.0,0.0,363.7320911929231,55.73203703703703
204.42,115.06428571428569,363.7320911929231,5.649295550847458
3919.0,195.75224913494807,363.7320911929231,3.5972222222222223
34627.0,311.55612903225807,363.7320911929231,669.1571205357143
461.05,544.0854679802956,363.7320911929231,0.0
680.0,270.7600688705234,363.7320911929231,669.1571205357143
2029.17,137.48202702702702,363.7320911929231,32.15372393247269
1524.71,389.24,363.7320911929231,41.924557021677664
984.07,0.0,363.7320911929231,5.649295550847458
778.15,57.39999999999998,363.7320911929231,41.924557021677664
1672.7,111.53585635359119,363.7320911929231,1572.5226666666665
1953.0,1410.0,363.7320911929231,464.6008888888889
1892.0,0.0,363.7320911929231,421.2039097744361
158.0,88.62431952662725,363.7320911929231,54.444366197183115
1214.93,76.86607142857143,363.7320911929231,32.15372393247269
4432.97,106.38125,363.7320911929231,32.15372393247269
275.63,20.863030303030303,363.7320911929231,0.0
500.0,56.79416988416988,363.7320911929231,889.8235294117648
2417.24,338.7142857142857,363.7320911929231,14.872403100775186
950.0,111.53585635359119,363.7320911929231,29.266851851851854
500.0,56.79416988416988,363.7320911929231,889.8235294117648
3685.0,0.0,363.7320911929231,14714.00484848485
2907.0,123.14413793103449,363.7320911929231,635.6234693877551
685.76,283.1751351351351,363.7320911929231,-75.0
8399.81,51.62951923076919,363.7320911929231,0.013823529411531452
1547.0,326.00631578947366,363.7320911929231,114.72216216216215
705.83,-31.50299212598425,363.7320911929231,5.0842673796791455
249.43,88.62431952662725,363.7320911929231,185.61302013422815
344.73,145.4,363.7320911929231,5.649295550847458
974.19,370.41999999999985,363.7320911929231,5.649295550847458
1105.23,121.71318327974278,363.7320911929231,41.97798701298701
553.3,195.75224913494807,363.7320911929231,5.649295550847458
4803.0,520.001304347826,363.7320911929231,715.124375
566.1,0.0,363.7320911929231,5.649295550847458
210.45,381.89819935691315,363.7320911929231,1085.1044444444444
592.61,456.47955974842785,363.7320911929231,0.0
198.7,149.50630630630627,363.7320911929231,185.61302013422815
224.44,201.01747572815538,363.7320911929231,5.649295550847458
1716.21,0.0,363.7320911929231,5.0842673796791455
955.39,215.1169805194805,363.7320911929231,767.001
1229.32,121.71318327974278,363.7320911929231,-401.63666666666654
264.84,283.1751351351351,363.7320911929231,5.0842673796791455
710.92,7.646978021978025,363.7320911929231,32.15372393247269
562.98,20.863030303030303,363.7320911929231,5.0842673796791455
1672.7,0.0,363.7320911929231,1572.5226666666665
686.0,187.98075657894734,363.7320911929231,248.22134969325154
890.36,270.7600688705234,363.7320911929231,-1.0
727.28,381.89819935691315,363.7320911929231,0.0
211.7,351.42589473684217,363.7320911929231,5.0842673796791455
1240.93,195.75224913494807,363.7320911929231,41.924557021677664
769.93,215.1169805194805,363.7320911929231,0.0
1209.0,-27.430000000000064,363.7320911929231,1537.8174226804128
1035.16,834.8399999999999,363.7320911929231,694.994625
2029.17,137.48202702702702,363.7320911929231,32.15372393247269
159.85,182.44000000000003,363.7320911929231,5.0842673796791455
2529.0,111.53585635359119,363.7320911929231,715.124375
588.18,195.75224913494807,363.7320911929231,248.22134969325154
1413.0,106.38125,363.7320911929231,18.41794117647059
1106.65,28.96202247191011,363.7320911929231,32.15372393247269
466.42,-40.225445544554454,363.7320911929231,14.872403100775186
510.85,187.98075657894734,363.7320911929231,16.512476190476193
2842.14,838.3499999999999,363.7320911929231,41.924557021677664
379.3,215.1169805194805,363.7320911929231,0.0
8964.0,0.0,363.7320911929231,715.124375
493.42,283.1751351351351,363.7320911929231,5.0842673796791455
827.0,60.71000000000003,363.7320911929231,159.6880821917808
178.85,99.67999999999998,363.7320911929231,5.649295550847458
265.91,956.9821886792453,363.7320911929231,18.41794117647059
1173.0,919.0,363.7320911929231,114.72216216216215
2290.72,106.38125,363.7320911929231,32.15372393247269
912.94,-114.69000000000004,363.7320911929231,41.924557021677664
480.0,51.62951923076919,363.7320911929231,0.0
206.9,6.324500000000002,363.7320911929231,5.0842673796791455
202.07,187.98075657894734,363.7320911929231,1910.85
1973.98,-12.324545454545458,363.7320911929231,32.15372393247269
10151.04,45397.86,363.7320911929231,19198.74
2478.23,56.79416988416988,363.7320911929231,1648.9999999999995
5850.83,187.98075657894734,363.7320911929231,16.512476190476193
461.91,315.531675,363.7320911929231,192.9492857142857
4754.42,4038.3692307692304,363.7320911929231,174.47120879120877
705.83,-74.12222222222222,363.7320911929231,5.0842673796791455
263.19,0.0,363.7320911929231,5.649295550847458
687.97,873.24,363.7320911929231,1471.4126865671642
31876.39,456.47955974842785,363.7320911929231,3403.419032258065
2009.11,-12.324545454545458,363.7320911929231,32.15372393247269
243.52,0.0,363.7320911929231,16.512476190476193
540.02,381.89819935691315,363.7320911929231,694.994625
2026.05,0.0,363.7320911929231,5.0842673796791455
275.5,-0.0005714285713890743,363.7320911929231,5.0842673796791455
240.0,956.9821886792453,363.7320911929231,669.1571205357143
38953.0,0.0,363.7320911929231,715.124375
5384.17,315.531675,363.7320911929231,717.158095238095
395.25,133.17636363636365,363.7320911929231,5.649295550847458
292.76,145.4,363.7320911929231,5.649295550847458
5111.33,1588.67,363.7320911929231,174.47120879120877
916.78,175.0411904761905,363.7320911929231,41.97798701298701
1449.44,351.42589473684217,363.7320911929231,372.7999999999999
358.72,270.7600688705234,363.7320911929231,5.0842673796791455
1632.93,111.53585635359119,363.7320911929231,41.924557021677664
1252.92,381.89819935691315,363.7320911929231,41.924557021677664
6663.0,345.88800000000003,363.7320911929231,407.5
1605.0,195.75224913494807,363.7320911929231,248.22134969325154
1424.55,137.48202702702702,363.7320911929231,32.15372393247269
1305.0,246.0,363.7320911929231,18.41794117647059
1183.71,-13.069999999999936,363.7320911929231,41.924557021677664
979.08,0.0,363.7320911929231,-0.001315789473683013
1388.59,0.0,363.7320911929231,41.924557021677664
423.18,187.98075657894734,363.7320911929231,5.649295550847458
842.0,223.70475409836064,363.7320911929231,192.9492857142857
489.62,486.77029069767445,363.7320911929231,0.0
1319.42,0.0,363.7320911929231,41.924557021677664
268.98,351.42589473684217,363.7320911929231,5.0842673796791455
1985.38,-187.3800000000001,363.7320911929231,41.924557021677664
420.41,265.61896265560165,363.7320911929231,0.0
587.1,0.0,363.7320911929231,5.649295550847458
228.39,133.17636363636365,363.7320911929231,5.0842673796791455
823.46,0.0,363.7320911929231,5.649295550847458
2002.79,-113.01,363.7320911929231,41.924557021677664
500.48,0.0,363.7320911929231,18.41794117647059
1813.0,381.89819935691315,363.7320911929231,0.0
17195.0,0.0,363.7320911929231,1228.6439795918368
138.48,215.1169805194805,363.7320911929231,1279.8325
2379.84,785.69,363.7320911929231,669.1571205357143
866.32,6.324500000000002,363.7320911929231,5.0842673796791455
382.61,123.14413793103449,363.7320911929231,0.0
322.45,0.0,363.7320911929231,18.41794117647059
2565.0,265.61896265560165,363.7320911929231,421.2039097744361
334.27,0.0,363.7320911929231,16.512476190476193
498.7,448.3261538461539,363.7320911929231,211.46791666666672
258.53,177.61824742268038,363.7320911929231,2.9732515337423315
682.9,270.7600688705234,363.7320911929231,669.1571205357143
283.15,17.55000000000001,363.7320911929231,5.649295550847458
173.06,45.543333333333344,363.7320911929231,5.649295550847458
349.22,187.98075657894734,363.7320911929231,248.22134969325154
34012.0,508.83510752688176,363.7320911929231,185.61302013422815
468.64,544.0854679802956,363.7320911929231,14.872403100775186
499.0,351.42589473684217,363.7320911929231,18.41794117647059
268.36,132.68696,363.7320911929231,0.0
713.0,121.45375000000001,363.7320911929231,71.23636363636363
620.3,-31.50299212598425,363.7320911929231,5.0842673796791455
1877.47,-1284.62,363.7320911929231,41.924557021677664
356.65,270.7600688705234,363.7320911929231,5.0842673796791455
209.33,-15.564000000000004,363.7320911929231,185.61302013422815
1441.26,1020.9,363.7320911929231,772.0536842105263
348.31,177.61824742268038,363.7320911929231,0.0
610.63,123.14413793103449,363.7320911929231,0.0
274.34,270.7600688705234,363.7320911929231,5.0842673796791455
1200.42,-180.73,363.7320911929231,41.924557021677664
325.0,315.531675,363.7320911929231,141.12833333333333
277.0,270.7600688705234,363.7320911929231,1910.85
1183.23,41.91000000000008,363.7320911929231,41.924557021677664
687.97,472.5091428571429,363.7320911929231,1471.4126865671642
588.18,195.75224913494807,363.7320911929231,248.22134969325154
222.82,187.98075657894734,363.7320911929231,16.512476190476193
1928.0,121.71318327974278,363.7320911929231,114.72216216216215
11076.48,111.53585635359119,363.7320911929231,0.007272727272885999
746.76,270.7600688705234,363.7320911929231,5.0842673796791455
1354.0,265.61896265560165,363.7320911929231,174.47120879120877
3631.0,-13.702777777777762,363.7320911929231,55.73203703703703
531.61,2.409473684210519,363.7320911929231,41.924557021677664
1654.07,7.528000000000065,363.7320911929231,32.15372393247269
2269.49,121.71318327974278,363.7320911929231,0.0
2641.37,667.69,363.7320911929231,41.924557021677664
256.04,0.0,363.7320911929231,5.0842673796791455
723.13,381.89819935691315,363.7320911929231,5.649295550847458
224.44,133.17636363636365,363.7320911929231,5.649295550847458
752.89,0.0,363.7320911929231,5.0842673796791455
170.49,123.14413793103449,363.7320911929231,72.1
1003.87,-62.75,363.7320911929231,41.924557021677664
790.78,56.79416988416988,363.7320911929231,41.924557021677664
3638.0,195.75224913494807,363.7320911929231,3.5972222222222223
442.54,27.634043715847,363.7320911929231,5.0842673796791455
484.0,114.68700000000001,363.7320911929231,2807.3
343.54,0.0,363.7320911929231,5.649295550847458
153.61,121.08398843930635,363.7320911929231,32.15372393247269
166.0,223.70475409836064,363.7320911929231,499.0127272727272
1034.01,187.98075657894734,363.7320911929231,41.97798701298701
698.45,0.0,363.7320911929231,5.0842673796791455
521.53,486.77029069767445,363.7320911929231,41.924557021677664
278.1,-40.225445544554454,363.7320911929231,5.649295550847458
2400.0,287.41615384615386,363.7320911929231,233.79176470588237
1225.21,381.89819935691315,363.7320911929231,0.0
295.97,0.0,363.7320911929231,5.0842673796791455
562.48,-31.50299212598425,363.7320911929231,5.0842673796791455
1725.04,123.14413793103449,363.7320911929231,0.0
1019.17,270.7600688705234,363.7320911929231,5.649295550847458
1324.84,1482.64,363.7320911929231,41.924557021677664
2445.0,56.79416988416988,363.7320911929231,1258.623466666667
837.34,0.0,363.7320911929231,185.61302013422815
492.76,678.0699999999999,363.7320911929231,1279.8325
1418.16,76.86607142857143,363.7320911929231,32.15372393247269
381.01,106.66666666666667,363.7320911929231,5.0842673796791455
963.0,83.0,363.7320911929231,29.266851851851854
2555.0,0.0,363.7320911929231,83.60526315789474
183.99,149.50630630630627,363.7320911929231,0.0
445.51,-74.12222222222222,363.7320911929231,5.0842673796791455
172.5,-2.9399999999999977,363.7320911929231,5.649295550847458
442.54,27.634043715847,363.7320911929231,5.0842673796791455
2379.84,394.0747826086957,363.7320911929231,669.1571205357143
255.97,215.1169805194805,363.7320911929231,1085.1044444444444
14323.0,351.42589473684217,363.7320911929231,1537.8174226804128
1241.38,381.89819935691315,363.7320911929231,41.924557021677664
2899.77,0.0,363.7320911929231,41.924557021677664
467.0,351.42589473684217,363.7320911929231,5.0842673796791455
8416.19,121.71318327974278,363.7320911929231,-480.9000000000001
15530.0,576.0,363.7320911929231,1228.6439795918368
581.65,11.06000000000006,363.7320911929231,41.924557021677664
183.03,121.71318327974278,363.7320911929231,41.924557021677664
389.1,175.0411904761905,363.7320911929231,-0.001315789473683013
435.0,-40.548333333333325,363.7320911929231,407.5
2649.0,0.4400000000000545,363.7320911929231,6.500000000000007
456.07,3060.7,363.7320911929231,760.053
678.0,1054.0,363.7320911929231,571.6111111111111
159.77,270.7600688705234,363.7320911929231,0.0
624.43,0.0,363.7320911929231,5.649295550847458
904.92,2390.8199999999997,363.7320911929231,1279.8325
168.95,121.08398843930635,363.7320911929231,5.649295550847458
204.1,270.7600688705234,363.7320911929231,5.0842673796791455
220.62,0.0,363.7320911929231,0.0
537.88,106.38125,363.7320911929231,32.15372393247269
267.0,114.68700000000001,363.7320911929231,159.6880821917808
12366.0,11537.5,363.7320911929231,669.1571205357143
2853.23,262.1247727272727,363.7320911929231,464.6008888888889
307.11,0.0,363.7320911929231,5.649295550847458
1725.04,123.14413793103449,363.7320911929231,0.0
228.72,0.0,363.7320911929231,5.0842673796791455
2661.73,24.57199999999999,363.7320911929231,0.0
262.76,215.1169805194805,363.7320911929231,13.04352941176471
227.62,27.634043715847,363.7320911929231,1910.85
535.03,0.0,363.7320911929231,5.649295550847458
1309.47,195.75224913494807,363.7320911929231,41.924557021677664
230.45,283.1751351351351,363.7320911929231,5.0842673796791455
4825.6,883.5747142857142,363.7320911929231,2111.4774074074076
910.56,111.53585635359119,363.7320911929231,298.19571428571425
162.67,215.1169805194805,363.7320911929231,5.649295550847458
237.52,270.7600688705234,363.7320911929231,0.0
758.0,111.53585635359119,363.7320911929231,5.730666666666669
1017.99,-590.45,363.7320911929231,41.924557021677664
829.0,223.70475409836064,363.7320911929231,669.1571205357143
2878.97,-240.29999999999973,363.7320911929231,41.924557021677664
1311.41,-188.06000000000017,363.7320911929231,41.924557021677664
350.61,508.83510752688176,363.7320911929231,5.649295550847458
211.94,187.98075657894734,363.7320911929231,41.97798701298701
435.0,4749.373428571428,363.7320911929231,614.4600000000002
281.35,108.32,363.7320911929231,669.1571205357143
3545.0,0.0,363.7320911929231,72.1
1581.24,302.47,363.7320911929231,41.924557021677664
673.27,351.42589473684217,363.7320911929231,5.0842673796791455
152.27,114.68700000000001,363.7320911929231,5.0842673796791455
1554.21,-312.31999999999994,363.7320911929231,41.924557021677664
1194.57,956.9821886792453,363.7320911929231,41.924557021677664
385.15,283.1751351351351,363.7320911929231,5.649295550847458
24544.55,22509.083333333332,363.7320911929231,-0.01666666666642413
435.0,4749.373428571428,363.7320911929231,407.5
557.04,123.14413793103449,363.7320911929231,669.1571205357143
1700.0,123.14413793103449,363.7320911929231,635.6234693877551
379.39,351.42589473684217,363.7320911929231,5.0842673796791455
1215.56,956.9821886792453,363.7320911929231,464.6008888888889
1878.0,204.78,363.7320911929231,421.2039097744361
479.15,121.71318327974278,363.7320911929231,-480.9000000000001
480.68,88.62431952662725,363.7320911929231,332.426829268293
384.32,486.77029069767445,363.7320911929231,0.0
417.53,315.531675,363.7320911929231,760.053
904.04,270.7600688705234,363.7320911929231,5.0842673796791455
492.76,381.89819935691315,363.7320911929231,1279.8325
496.28,7.646978021978025,363.7320911929231,0.0
170.49,-40.225445544554454,363.7320911929231,5.649295550847458
379.39,0.0,363.7320911929231,5.0842673796791455
736.75,-223.98,363.7320911929231,41.924557021677664
938.29,889.8199999999999,363.7320911929231,3403.419032258065
530.2,0.0,363.7320911929231,5.649295550847458
352.0,-17.0,363.7320911929231,14.872403100775186
1491.72,-368.8600000000001,363.7320911929231,41.924557021677664
253.99,-70.73000000000002,363.7320911929231,5.649295550847458
537.88,106.38125,363.7320911929231,32.15372393247269
292.63,0.0,363.7320911929231,5.649295550847458
43129.0,456.47955974842785,363.7320911929231,1910.85
2501.0,956.9821886792453,363.7320911929231,464.6008888888889
255.97,381.89819935691315,363.7320911929231,1085.1044444444444
435.0,4749.373428571428,363.7320911929231,689.6153846153846
3496.01,265.61896265560165,363.7320911929231,41.924557021677664
350.0,-0.0699999999999931,363.7320911929231,54.444366197183115
973.07,215.1169805194805,363.7320911929231,0.0
302.0,241.0,363.7320911929231,464.6008888888889
1449.44,351.42589473684217,363.7320911929231,372.7999999999999
386.49,0.0,363.7320911929231,5.649295550847458
481.03,270.7600688705234,363.7320911929231,669.1571205357143
3638.0,106.38125,363.7320911929231,3.5972222222222223
234.78,137.48202702702702,363.7320911929231,0.0
352.01,114.68700000000001,363.7320911929231,32.15372393247269
635.28,270.7600688705234,363.7320911929231,669.1571205357143
183.99,149.50630630630627,363.7320911929231,0.0
2496.0,62.043461538461536,363.7320911929231,421.2039097744361
9265.0,0.0,363.7320911929231,669.1571205357143
278.0,115.06428571428569,363.7320911929231,23.371704545454545
685.76,283.1751351351351,363.7320911929231,-75.0
877.34,956.9821886792453,363.7320911929231,464.6008888888889
546.67,137.48202702702702,363.7320911929231,5.649295550847458
1408.85,106.38125,363.7320911929231,5.649295550847458
1589.0,123.14413793103449,363.7320911929231,114.72216216216215
166.86,-40.225445544554454,363.7320911929231,0.0
210.0,121.08398843930635,363.7320911929231,114.72216216216215
842.25,0.0,363.7320911929231,0.0
611.8,0.0,363.7320911929231,18.41794117647059
467.79,270.7600688705234,363.7320911929231,5.0842673796791455
513.99,187.98075657894734,363.7320911929231,-0.001315789473683013
2714.95,201.01747572815538,363.7320911929231,41.924557021677664
379.23,0.0,363.7320911929231,5.649295550847458
2820.99,315.531675,363.7320911929231,174.47120879120877
351.19,132.68696,363.7320911929231,5.649295550847458
947.0,544.0854679802956,363.7320911929231,14.872403100775186
1602.48,-104.53999999999996,363.7320911929231,41.924557021677664
894.01,233.41000000000008,363.7320911929231,41.924557021677664
1081.15,270.7600688705234,363.7320911929231,5.0842673796791455
177.03,123.14413793103449,363.7320911929231,113.0609756097561
278.01,311.55612903225807,363.7320911929231,2.9732515337423315
43367.0,56.79416988416988,363.7320911929231,1910.85
578.98,0.0,363.7320911929231,5.0842673796791455
379.0,115.06428571428569,363.7320911929231,174.47120879120877
686.0,187.98075657894734,363.7320911929231,248.22134969325154
480.0,544.0854679802956,363.7320911929231,18.41794117647059
392.51,472.5091428571429,363.7320911929231,62.26999999999998
599.0,270.7600688705234,363.7320911929231,5.0842673796791455
676.89,201.01747572815538,363.7320911929231,3.5972222222222223
2000.0,0.0,363.7320911929231,0.0
1494.31,51.75999999999999,363.7320911929231,41.924557021677664
169.06,123.14413793103449,363.7320911929231,113.0609756097561
191.11,331.8455357142857,363.7320911929231,32.15372393247269
1909.98,149.50630630630627,363.7320911929231,32.15372393247269
705.09,88.62431952662725,363.7320911929231,5.649295550847458
470.5,106.38125,363.7320911929231,32.15372393247269
522.45,0.0,363.7320911929231,332.426829268293
4970.0,2478.5200000000004,363.7320911929231,1258.623466666667
979.08,187.98075657894734,363.7320911929231,-0.001315789473683013
1154.49,164.69000000000003,363.7320911929231,41.924557021677664
1591.0,0.0,363.7320911929231,421.2039097744361
1709.56,381.89819935691315,363.7320911929231,32.15372393247269
439.82,-80.30000000000001,363.7320911929231,5.649295550847458
1187.47,78.0,363.7320911929231,41.924557021677664
795.18,121.08398843930635,363.7320911929231,32.15372393247269
870.0,149.50630630630627,363.7320911929231,5.0842673796791455
685.76,283.1751351351351,363.7320911929231,-75.0
325.0,7.646978021978025,363.7320911929231,141.12833333333333
851.4,7.646978021978025,363.7320911929231,5.649295550847458
1493.5,0.0899999999999181,363.7320911929231,41.924557021677664
6708.0,215.1169805194805,363.7320911929231,2.127659574468085
5369.18,-308.03000000000065,363.7320911929231,-220.5553333333338
209.36,315.531675,363.7320911929231,23.371704545454545
333.96,115.06428571428569,363.7320911929231,5.649295550847458
1171.0,123.14413793103449,363.7320911929231,113.0609756097561
317.74,0.0,363.7320911929231,5.649295550847458
1209.0,114.68700000000001,363.7320911929231,1537.8174226804128
212.74,187.98075657894734,363.7320911929231,0.0
958.86,248.87452991452994,363.7320911929231,32.15372393247269
325.0,145.4,363.7320911929231,141.12833333333333
325.0,132.68696,363.7320911929231,141.12833333333333
999.32,121.08398843930635,363.7320911929231,32.15372393247269
578.89,0.0,363.7320911929231,0.0
330.8,27.634043715847,363.7320911929231,5.0842673796791455
154.49,121.08398843930635,363.7320911929231,5.649295550847458
751.03,142.32000000000005,363.7320911929231,155.60470588235296
1622.27,131.69444444444457,363.7320911929231,571.6111111111111
458.59,0.0,363.7320911929231,5.0842673796791455
617.88,-12.324545454545458,363.7320911929231,32.15372393247269
12366.0,270.7600688705234,363.7320911929231,669.1571205357143
271.17,114.68700000000001,363.7320911929231,5.649295550847458
414.15,7.646978021978025,363.7320911929231,0.0
1621.0,1496.022692307692,363.7320911929231,-189.68178571428575
1025.73,133.17636363636365,363.7320911929231,32.15372393247269
1216.9,195.75224913494807,363.7320911929231,18.41794117647059
349.75,123.14413793103449,363.7320911929231,635.6234693877551
662.08,-64.31000000000006,363.7320911929231,41.924557021677664
1181.68,115.06428571428569,363.7320911929231,32.15372393247269
10228.0,270.7600688705234,363.7320911929231,669.1571205357143
442.42,486.77029069767445,363.7320911929231,0.0
162.73,265.61896265560165,363.7320911929231,2.9732515337423315
1471.19,0.0,363.7320911929231,41.924557021677664
240.0,381.89819935691315,363.7320911929231,14.112676056338028
500.0,56.79416988416988,363.7320911929231,889.8235294117648
899.45,6.324500000000002,363.7320911929231,5.0842673796791455
235.95,381.89819935691315,363.7320911929231,2.9732515337423315
973.5,187.98075657894734,363.7320911929231,16.512476190476193
819.48,544.0854679802956,363.7320911929231,14.872403100775186
3633.58,270.7600688705234,363.7320911929231,1537.8174226804128
574.26,270.7600688705234,363.7320911929231,5.0842673796791455
4744.0,101.70593749999993,363.7320911929231,0.0
920.66,-10.89734042553192,363.7320911929231,5.0842673796791455
823.46,0.0,363.7320911929231,5.649295550847458
365.53,351.42589473684217,363.7320911929231,5.0842673796791455
1229.15,56.79416988416988,363.7320911929231,155.60470588235296
819.0,394.0747826086957,363.7320911929231,248.22134969325154
1828.66,278.87857142857143,363.7320911929231,32.15372393247269
1000.0,121.71318327974278,363.7320911929231,114.72216216216215
370.0,149.50630630630627,363.7320911929231,0.0
34627.0,1598.0,363.7320911929231,669.1571205357143
481.03,149.50630630630627,363.7320911929231,185.61302013422815
819.48,544.0854679802956,363.7320911929231,14.872403100775186
241.23,7.646978021978025,363.7320911929231,5.649295550847458
530.2,0.0,363.7320911929231,5.649295550847458
1051.73,-12.53999999999993,363.7320911929231,32.15372393247269
210.0,121.08398843930635,363.7320911929231,114.72216216216215
1641.75,137.48202702702702,363.7320911929231,32.15372393247269
330.8,27.634043715847,363.7320911929231,5.0842673796791455
423.48,0.0,363.7320911929231,5.649295550847458
198.97,121.08398843930635,363.7320911929231,0.0
256.04,351.42589473684217,363.7320911929231,5.0842673796791455
670.17,315.531675,363.7320911929231,54.444366197183115
744.49,211.41399999999993,363.7320911929231,241.09153846153842
758.0,111.53585635359119,363.7320911929231,5.730666666666669
869.44,0.0,363.7320911929231,16.512476190476193
4103.0,1574.3999999999996,363.7320911929231,499.0127272727272
792.89,381.89819935691315,363.7320911929231,1279.8325
2919.96,-315.1999999999998,363.7320911929231,41.924557021677664
1818.46,-856.1500000000001,363.7320911929231,41.924557021677664
738.37,115.06428571428569,363.7320911929231,32.15372393247269
210.79,201.01747572815538,363.7320911929231,5.0842673796791455
2211.29,544.0854679802956,363.7320911929231,174.47120879120877
1384.72,215.1169805194805,363.7320911929231,694.994625
670.9,-10.89734042553192,363.7320911929231,5.0842673796791455
283.86,-12.324545454545458,363.7320911929231,5.649295550847458
410.26,88.62431952662725,363.7320911929231,2097.7239999999997
971.96,-791.5,363.7320911929231,-189.68178571428575
1368.19,-239.04999999999995,363.7320911929231,41.924557021677664
180.24,381.89819935691315,363.7320911929231,2.9732515337423315
1877.47,116.62999999999988,363.7320911929231,41.924557021677664
393.54,121.71318327974278,363.7320911929231,1910.85
102.4,883.5747142857142,363.7320911929231,23.371704545454545
1928.0,0.0,363.7320911929231,114.72216216216215
1479.22,-2.4700000000000273,363.7320911929231,41.924557021677664
998.71,56.79416988416988,363.7320911929231,0.0011764705882609705
3205.77,692.69,363.7320911929231,41.924557021677664
166.25,56.79416988416988,363.7320911929231,0.0
339.87,187.98075657894734,363.7320911929231,16.512476190476193
319.04,381.89819935691315,363.7320911929231,0.0
770.12,0.0,363.7320911929231,464.6008888888889
1517.87,134.22000000000003,363.7320911929231,41.924557021677664
1240.93,100.58999999999992,363.7320911929231,41.924557021677664
5801.05,0.0,363.7320911929231,0.007272727272885999
836.0,381.89819935691315,363.7320911929231,694.994625
156.36,270.7600688705234,363.7320911929231,14.112676056338028
3279.0,0.0,363.7320911929231,174.47120879120877
319.04,381.89819935691315,363.7320911929231,0.0
3055.88,121.71318327974278,363.7320911929231,571.6111111111111
1581.24,956.9821886792453,363.7320911929231,41.924557021677664
5178.0,51.62951923076919,363.7320911929231,223.0
1318.59,-409.39999999999986,363.7320911929231,5.649295550847458
1659.12,-60.51692307692301,363.7320911929231,32.15372393247269
620.3,-31.50299212598425,363.7320911929231,5.0842673796791455
262.37,-12.324545454545458,363.7320911929231,5.649295550847458
535.03,270.7600688705234,363.7320911929231,5.649295550847458
2355.56,265.61896265560165,363.7320911929231,41.924557021677664
521.9,110.64833333333331,363.7320911929231,298.19571428571425
2722.5,520.001304347826,363.7320911929231,174.47120879120877
300.0,0.0,363.7320911929231,5.649295550847458
178.18,-25.03,363.7320911929231,41.924557021677664
768.35,106.38125,363.7320911929231,32.15372393247269
192.93,27.634043715847,363.7320911929231,5.649295550847458
1111.0,0.0,363.7320911929231,174.47120879120877
1377.0,131.69444444444457,363.7320911929231,14.112676056338028
4526.12,0.0,363.7320911929231,3403.419032258065
426.15,201.01747572815538,363.7320911929231,5.649295550847458
499.88,248.87452991452994,363.7320911929231,5.649295550847458
1421.46,177.61824742268038,363.7320911929231,0.0
1754.84,177.61824742268038,363.7320911929231,41.924557021677664
698.45,0.0,363.7320911929231,5.0842673796791455
1225.21,381.89819935691315,363.7320911929231,0.0
328.3,175.0411904761905,363.7320911929231,18.41794117647059
1877.47,-1284.62,363.7320911929231,41.924557021677664
1354.2,0.0,363.7320911929231,332.426829268293
352.0,-17.0,363.7320911929231,14.872403100775186
211.94,0.0,363.7320911929231,41.97798701298701
887.0,544.0854679802956,363.7320911929231,18.41794117647059
994.22,260.3768181818182,363.7320911929231,32.15372393247269
2595.0,238.67,363.7320911929231,464.6008888888889
675.45,248.87452991452994,363.7320911929231,5.649295550847458
226.32,0.0,363.7320911929231,5.0842673796791455
3207.0,0.0,363.7320911929231,3.5972222222222223
799.34,187.98075657894734,363.7320911929231,16.512476190476193
4460.0,166.32,363.7320911929231,1910.85
1248.69,956.9821886792453,363.7320911929231,174.47120879120877
1006.99,215.1169805194805,363.7320911929231,5.649295550847458
2660.0,187.98075657894734,363.7320911929231,16.512476190476193
398.25,-36.7,363.7320911929231,5.649295550847458
524.88,-108.3,363.7320911929231,41.924557021677664
938.29,283.1751351351351,363.7320911929231,3403.419032258065
1634.79,-40.225445544554454,363.7320911929231,74.02
1146.19,212.42999999999984,363.7320911929231,41.924557021677664
277.0,270.7600688705234,363.7320911929231,1910.85
670.9,-15.564000000000004,363.7320911929231,5.0842673796791455
484.57,0.0,363.7320911929231,18.41794117647059
1386.41,265.61896265560165,363.7320911929231,41.924557021677664
24544.55,1496.022692307692,363.7320911929231,-0.01666666666642413
1360.54,117.40000000000008,363.7320911929231,41.924557021677664
813.0,-10.200000000000044,363.7320911929231,55.73203703703703
373.0,101.70593749999993,363.7320911929231,0.0
27212.96,121.71318327974278,363.7320911929231,332.426829268293
323.98,27.634043715847,363.7320911929231,5.0842673796791455
4516.88,0.0,363.7320911929231,0.0
358.72,0.0,363.7320911929231,5.0842673796791455
207.77,7.646978021978025,363.7320911929231,32.15372393247269
5729.47,270.7600688705234,363.7320911929231,32.15372393247269
904.92,2390.8199999999997,363.7320911929231,1279.8325
5369.18,-308.03000000000065,363.7320911929231,-220.5553333333338
768.0,149.50630630630627,363.7320911929231,1910.85
198.62,123.14413793103449,363.7320911929231,41.97798701298701
16654.0,111.53585635359119,363.7320911929231,3.5972222222222223
1449.44,351.42589473684217,363.7320911929231,372.7999999999999
746.76,270.7600688705234,363.7320911929231,5.0842673796791455
5729.47,270.7600688705234,363.7320911929231,41.924557021677664
466.0,88.62431952662725,363.7320911929231,174.47120879120877
459.49,123.14413793103449,363.7320911929231,0.0
1561.85,0.0,363.7320911929231,-480.9000000000001
1038.84,-120.30999999999996,363.7320911929231,41.924557021677664
4373.04,381.89819935691315,363.7320911929231,0.0
1060.67,111.53585635359119,363.7320911929231,1572.5226666666665
2920.69,149.47600000000003,363.7320911929231,32.15372393247269
2529.0,111.53585635359119,363.7320911929231,715.124375
1454.0,265.61896265560165,363.7320911929231,421.2039097744361
382.29,132.68696,363.7320911929231,571.6111111111111
216.53,248.87452991452994,363.7320911929231,5.649295550847458
961.67,0.0,363.7320911929231,0.0
1854.68,-40.225445544554454,363.7320911929231,32.15372393247269
3674.0,0.0,363.7320911929231,174.47120879120877
316.11,123.14413793103449,363.7320911929231,0.0
4803.0,1866.91,363.7320911929231,715.124375
1604.69,0.0,363.7320911929231,0.0
5194.95,0.0,363.7320911929231,0.0
195.38,0.0,363.7320911929231,5.649295550847458
170.49,-40.225445544554454,363.7320911929231,5.649295550847458
1471.19,-60.51692307692301,363.7320911929231,32.15372393247269
2077.0,111.53585635359119,363.7320911929231,41.924557021677664
154.89,-40.225445544554454,363.7320911929231,5.649295550847458
2415.91,132.68696,363.7320911929231,0.0
2584.1,883.5747142857142,363.7320911929231,0.0
2735.0,-40.225445544554454,363.7320911929231,174.47120879120877
487.0,315.531675,363.7320911929231,54.444366197183115
488.24,195.75224913494807,363.7320911929231,41.924557021677664
479.37,106.38125,363.7320911929231,5.649295550847458
156.36,270.7600688705234,363.7320911929231,14.112676056338028
421.15,149.50630630630627,363.7320911929231,5.649295550847458
61109.0,1496.022692307692,363.7320911929231,14714.00484848485
341.43,381.89819935691315,363.7320911929231,1910.85
686.03,0.0,363.7320911929231,5.0842673796791455
1813.0,544.0854679802956,363.7320911929231,332.426829268293
2356.19,0.7100000000000364,363.7320911929231,41.924557021677664
247.41,0.0,363.7320911929231,5.649295550847458
1141.67,111.53585635359119,363.7320911929231,5.649295550847458
1652.4,49.62999999999998,363.7320911929231,32.15372393247269
108000.0,53.03571428571427,363.7320911929231,0.0
691.81,956.9821886792453,363.7320911929231,5.649295550847458
288.71,0.0,363.7320911929231,174.47120879120877
183.92,883.5747142857142,363.7320911929231,41.924557021677664
11843.75,699.25,363.7320911929231,1228.6439795918368
166.25,56.79416988416988,363.7320911929231,0.0
165.0,381.89819935691315,363.7320911929231,159.6880821917808
467.0,0.0,363.7320911929231,5.0842673796791455
535.03,270.7600688705234,363.7320911929231,5.649295550847458
524.84,-53.53000000000003,363.7320911929231,41.924557021677664
1007.0,0.0,363.7320911929231,174.47120879120877
11816.4,123.14413793103449,363.7320911929231,0.0
366.94,0.0,363.7320911929231,0.0
410.68,0.0,363.7320911929231,5.0842673796791455
345.6,0.0,363.7320911929231,0.0
459.39,381.89819935691315,363.7320911929231,5.649295550847458
206.9,6.324500000000002,363.7320911929231,5.0842673796791455
2708.0,56.79416988416988,363.7320911929231,174.47120879120877
682.9,270.7600688705234,363.7320911929231,669.1571205357143
170.34,-22.950000000000017,363.7320911929231,5.649295550847458
939.17,149.47600000000003,363.7320911929231,32.15372393247269
8416.19,121.71318327974278,363.7320911929231,51.05647058823524
1716.21,0.0,363.7320911929231,5.0842673796791455
973.5,0.0,363.7320911929231,16.512476190476193
20718.17,315.531675,363.7320911929231,8552.1625
282.08,0.0,363.7320911929231,5.649295550847458
329.0,315.531675,363.7320911929231,174.47120879120877
992.85,331.8455357142857,363.7320911929231,32.15372393247269
726.9,-10.89734042553192,363.7320911929231,5.0842673796791455
206.9,6.324500000000002,363.7320911929231,5.0842673796791455
829.5,397.56999999999994,363.7320911929231,41.924557021677664
154.73,0.0,363.7320911929231,0.0
323.26,110.92583333333334,363.7320911929231,18.41794117647059
255.37,175.0411904761905,363.7320911929231,0.0
938.29,283.1751351351351,363.7320911929231,3403.419032258065
9265.0,0.0,363.7320911929231,669.1571205357143
2147.62,10.175,363.7320911929231,174.47120879120877
657.21,0.0,363.7320911929231,5.0842673796791455
1851.47,177.61824742268038,363.7320911929231,41.924557021677664
209.88,34.743750000000006,363.7320911929231,13.04352941176471
2144.67,1784.83,363.7320911929231,41.924557021677664
1581.24,508.83510752688176,363.7320911929231,32.15372393247269
483.87,252.6989830508475,363.7320911929231,5.0842673796791455
502.68,175.0411904761905,363.7320911929231,-0.001315789473683013
14358.0,187.98075657894734,363.7320911929231,16.727272727272727
198.71,0.0,363.7320911929231,0.0
251.98,331.8455357142857,363.7320911929231,48.47
504.76,351.42589473684217,363.7320911929231,5.0842673796791455
174.43,0.0,363.7320911929231,5.0842673796791455
389.35,195.75224913494807,363.7320911929231,1910.85
311.18,351.42589473684217,363.7320911929231,5.0842673796791455
942.64,-23.840000000000018,363.7320911929231,1537.8174226804128
1344.78,-52.07999999999993,363.7320911929231,41.924557021677664
1471.19,-60.51692307692301,363.7320911929231,32.15372393247269
167.64,123.14413793103449,363.7320911929231,113.0609756097561
1810.04,107.46000000000004,363.7320911929231,41.924557021677664
6291.69,-2940.0699999999997,363.7320911929231,41.924557021677664
656.0,0.0,363.7320911929231,159.6880821917808
237.52,270.7600688705234,363.7320911929231,0.0
31876.39,456.47955974842785,363.7320911929231,3403.419032258065
198.7,270.7600688705234,363.7320911929231,669.1571205357143
1734.7,-12.324545454545458,363.7320911929231,5.649295550847458
14323.0,7562.9000000000015,363.7320911929231,1537.8174226804128
456.07,1200.7358333333332,363.7320911929231,760.053
2496.0,284.68111111111114,363.7320911929231,421.2039097744361
198.71,381.89819935691315,363.7320911929231,0.0
3335.85,88.62431952662725,363.7320911929231,332.426829268293
549.28,486.77029069767445,363.7320911929231,5.649295550847458
2289.52,-12.324545454545458,363.7320911929231,32.15372393247269
1464.12,187.55000000000015,363.7320911929231,41.924557021677664
2541.13,-12.324545454545458,363.7320911929231,32.15372393247269
898.19,0.0,363.7320911929231,5.0842673796791455
494.52,-31.50299212598425,363.7320911929231,-42.132999999999996
491.67,0.0,363.7320911929231,0.0011764705882609705
471.83,0.0,363.7320911929231,41.97798701298701
6000.0,0.0,363.7320911929231,0.0
760.16,0.0,363.7320911929231,5.0842673796791455
352.01,114.68700000000001,363.7320911929231,32.15372393247269
283.15,486.77029069767445,363.7320911929231,5.649295550847458
2008.7,-12.324545454545458,363.7320911929231,5.649295550847458
907.39,315.531675,363.7320911929231,41.924557021677664
5357.0,-17.0,363.7320911929231,174.47120879120877
225.71,6.324500000000002,363.7320911929231,669.1571205357143
1021.57,115.06428571428569,363.7320911929231,41.924557021677664
339.87,0.0,363.7320911929231,16.512476190476193
24948.65,101.70593749999993,363.7320911929231,0.013823529411531452
228.39,-3.019999999999982,363.7320911929231,5.0842673796791455
10439.09,195.75224913494807,363.7320911929231,1471.4126865671642
4803.16,520.001304347826,363.7320911929231,241.09153846153842
1501.02,177.61824742268038,363.7320911929231,41.924557021677664
357.99,215.1169805194805,363.7320911929231,32.15372393247269
1957.05,104.04144736842105,363.7320911929231,0.0
646.53,51.62951923076919,363.7320911929231,-0.0037499999999965877
1457.59,270.7600688705234,363.7320911929231,5.0842673796791455
545.11,0.0,363.7320911929231,5.649295550847458
1348.06,111.53585635359119,363.7320911929231,5.649295550847458
339.87,187.98075657894734,363.7320911929231,16.512476190476193
4060.0,270.7600688705234,363.7320911929231,1537.8174226804128
316.73,-0.0005714285713890743,363.7320911929231,5.0842673796791455
1660.19,-341.95000000000005,363.7320911929231,41.924557021677664
713.0,121.45375000000001,363.7320911929231,55.73203703703703
260.2,215.1169805194805,363.7320911929231,298.19571428571425
1119.35,544.0854679802956,363.7320911929231,41.924557021677664
1985.38,381.89819935691315,363.7320911929231,41.924557021677664
974.19,370.41999999999985,363.7320911929231,5.649295550847458
164.6,0.0,363.7320911929231,23.371704545454545
508.76,270.7600688705234,363.7320911929231,5.0842673796791455
314.06,0.0,363.7320911929231,5.360526315789475
325.0,7.646978021978025,363.7320911929231,141.12833333333333
3807.77,187.98075657894734,363.7320911929231,5771.8099999999995
1173.0,121.71318327974278,363.7320911929231,114.72216216216215
17673.0,175.0411904761905,363.7320911929231,16.727272727272727
1030.65,94.34999999999992,363.7320911929231,669.1571205357143
2222.53,0.0,363.7320911929231,0.0
2417.24,338.7142857142857,363.7320911929231,14.872403100775186
316.11,0.0,363.7320911929231,0.0
656.0,-10.89734042553192,363.7320911929231,159.6880821917808
353.9,456.47955974842785,363.7320911929231,5.0842673796791455
1368.19,132.68696,363.7320911929231,32.15372393247269
3041.65,826.0099999999998,363.7320911929231,41.924557021677664
19000.0,0.0,363.7320911929231,0.0
1002.33,302.14,363.7320911929231,41.924557021677664
294.13,486.77029069767445,363.7320911929231,5.649295550847458
1011.29,-198.26,363.7320911929231,41.924557021677664
4051.8,263.7600000000002,363.7320911929231,41.924557021677664
2000.0,215.1169805194805,363.7320911929231,0.0
1413.0,106.38125,363.7320911929231,18.41794117647059
215.79,0.0,363.7320911929231,5.0842673796791455
768.0,270.7600688705234,363.7320911929231,1910.85
877.71,315.531675,363.7320911929231,41.924557021677664
3465.82,166.32,363.7320911929231,32.15372393247269
645.0,0.0,363.7320911929231,248.22134969325154
6654.0,956.9821886792453,363.7320911929231,715.124375
183.99,149.50630630630627,363.7320911929231,0.0
2281.94,311.55612903225807,363.7320911929231,669.1571205357143
1000.27,270.7600688705234,363.7320911929231,5.0842673796791455
474.23,6.324500000000002,363.7320911929231,0.0
459.49,123.14413793103449,363.7320911929231,0.0
836.42,-6.242500000000002,363.7320911929231,0.0011764705882609705
1636.15,544.0854679802956,363.7320911929231,32.15372393247269
458.59,0.0,363.7320911929231,5.0842673796791455
828.58,1.7899999999999636,363.7320911929231,41.924557021677664
1386.41,115.06428571428569,363.7320911929231,32.15372393247269
1275.31,682.1300000000001,363.7320911929231,41.924557021677664
3279.0,544.0854679802956,363.7320911929231,174.47120879120877
796.97,133.17636363636365,363.7320911929231,5.649295550847458
3279.0,544.0854679802956,363.7320911929231,174.47120879120877
600.0,381.89819935691315,363.7320911929231,13.04352941176471
2786.0,0.0,363.7320911929231,0.0
1354.2,76.86607142857143,363.7320911929231,332.426829268293
463.08,-36.7,363.7320911929231,32.15372393247269
978.44,0.0,363.7320911929231,-480.9000000000001
4766.0,315.531675,363.7320911929231,174.47120879120877
181.45,215.1169805194805,363.7320911929231,5.649295550847458
578.98,0.0,363.7320911929231,5.0842673796791455
174.21,121.08398843930635,363.7320911929231,5.649295550847458
1413.0,195.75224913494807,363.7320911929231,18.41794117647059
1511.57,-12.324545454545458,363.7320911929231,5.649295550847458
2464.46,-12.324545454545458,363.7320911929231,36.565
1003.87,56.79416988416988,363.7320911929231,41.924557021677664
328.34,132.68696,363.7320911929231,114.86666666666669
384.27,956.9821886792453,363.7320911929231,23.371704545454545
992.43,133.17636363636365,363.7320911929231,5.649295550847458
17673.0,175.0411904761905,363.7320911929231,16.727272727272727
930.86,331.8455357142857,363.7320911929231,32.15372393247269
1221.41,315.531675,363.7320911929231,332.426829268293
1799.0,104.04144736842105,363.7320911929231,0.0
262.76,381.89819935691315,363.7320911929231,13.04352941176471
252.0,121.71318327974278,363.7320911929231,114.72216216216215
1000.27,270.7600688705234,363.7320911929231,5.0842673796791455
637.95,381.89819935691315,363.7320911929231,694.994625
797.36,539.82,363.7320911929231,41.924557021677664
350.61,508.83510752688176,363.7320911929231,5.649295550847458
1753.75,-442.0499999999999,363.7320911929231,41.924557021677664
1256.9,270.7600688705234,363.7320911929231,5.0842673796791455
2628.0,175.0411904761905,363.7320911929231,14.112676056338028
179.86,0.0,363.7320911929231,5.649295550847458
2898.28,0.0,363.7320911929231,16.512476190476193
1173.0,121.71318327974278,363.7320911929231,114.72216216216215
760.16,0.0,363.7320911929231,5.0842673796791455
461.05,0.0,363.7320911929231,0.0
1423.96,111.53585635359119,363.7320911929231,6.500000000000007
320.47,265.61896265560165,363.7320911929231,18.41794117647059
7500.8,56.79416988416988,363.7320911929231,0.0
688.74,0.0,363.7320911929231,174.47120879120877
1875.72,121.71318327974278,363.7320911929231,0.0
414.37,0.0,363.7320911929231,0.0
1418.67,456.47955974842785,363.7320911929231,5.0842673796791455
252.2,27.634043715847,363.7320911929231,5.649295550847458
1932.01,24.57199999999999,363.7320911929231,0.0
1479.72,187.98075657894734,363.7320911929231,32.15372393247269
1106.65,28.96202247191011,363.7320911929231,32.15372393247269
421.15,270.7600688705234,363.7320911929231,5.649295550847458
224.44,0.0,363.7320911929231,5.649295550847458
693.97,149.50630630630627,363.7320911929231,5.0842673796791455
2954.53,215.1169805194805,363.7320911929231,2.127659574468085
4997.04,270.7600688705234,363.7320911929231,5.0842673796791455
736.0,381.89819935691315,363.7320911929231,694.994625
370.0,0.0,363.7320911929231,174.47120879120877
631.03,315.531675,363.7320911929231,185.61302013422815
479.15,121.71318327974278,363.7320911929231,51.05647058823524
4766.0,315.531675,363.7320911929231,174.47120879120877
2373.64,195.75224913494807,363.7320911929231,1258.623466666667
295.06,133.17636363636365,363.7320911929231,32.15372393247269
102.4,195.23,363.7320911929231,23.371704545454545
196.94,121.71318327974278,363.7320911929231,5.649295550847458
25560.48,0.0200000000004365,363.7320911929231,0.0011764705882609705
3733.0,956.9821886792453,363.7320911929231,464.6008888888889
319.0,56.79416988416988,363.7320911929231,174.47120879120877
746.76,0.0,363.7320911929231,5.0842673796791455
13805.0,121.71318327974278,363.7320911929231,669.1571205357143
230.45,14.460000000000008,363.7320911929231,5.0842673796791455
184.89,456.47955974842785,363.7320911929231,5.0842673796791455
297.0,121.71318327974278,363.7320911929231,114.72216216216215
549.28,248.87452991452994,363.7320911929231,5.649295550847458
14788.1,265.61896265560165,363.7320911929231,1634.2714285714285
461.54,223.70475409836064,363.7320911929231,41.924557021677664
2018.0,375.846,363.7320911929231,0.06500000000005456
293.5,270.7600688705234,363.7320911929231,0.0
168.32,121.71318327974278,363.7320911929231,114.72216216216215
1554.21,149.47600000000003,363.7320911929231,32.15372393247269
211.94,187.98075657894734,363.7320911929231,41.97798701298701
268.98,351.42589473684217,363.7320911929231,5.0842673796791455
1101.76,121.08398843930635,363.7320911929231,32.15372393247269
640.18,-37.41999999999996,363.7320911929231,5.649295550847458
384.04,149.50630630630627,363.7320911929231,0.0
2344.0,121.71318327974278,363.7320911929231,114.72216216216215
250.0,106.38125,363.7320911929231,141.12833333333333
190.0,121.71318327974278,363.7320911929231,114.72216216216215
309.63,-12.324545454545458,363.7320911929231,5.649295550847458
1958.9,-396.93000000000006,363.7320911929231,41.924557021677664
1260.74,-42.26999999999998,363.7320911929231,41.924557021677664
325.57,195.75224913494807,363.7320911929231,32.15372393247269
1424.77,104.04144736842105,363.7320911929231,41.924557021677664
277.5,-10.89734042553192,363.7320911929231,5.0842673796791455
4302.06,104.04144736842105,363.7320911929231,41.924557021677664
355.0,121.71318327974278,363.7320911929231,226.0
938.29,283.1751351351351,363.7320911929231,3403.419032258065
1167.52,706.06,363.7320911929231,41.924557021677664
645.0,195.75224913494807,363.7320911929231,248.22134969325154
617.28,115.06428571428569,363.7320911929231,5.649295550847458
153.01,-19.340000000000003,363.7320911929231,5.649295550847458
389.35,195.75224913494807,363.7320911929231,1910.85
1565.47,187.98075657894734,363.7320911929231,41.924557021677664
255.53,223.70475409836064,363.7320911929231,41.924557021677664
864.2,-19.81000000000006,363.7320911929231,41.924557021677664
1626.0,131.69444444444457,363.7320911929231,700.0
610.78,195.75224913494807,363.7320911929231,41.924557021677664
2501.0,956.9821886792453,363.7320911929231,464.6008888888889
1182.94,106.38125,363.7320911929231,32.15372393247269
4027.53,381.89819935691315,363.7320911929231,1279.8325
2155.95,-60.51692307692301,363.7320911929231,32.15372393247269
1938.85,-0.0005714285713890743,363.7320911929231,0.0
1384.72,381.89819935691315,363.7320911929231,561.603076923077
2978.0,7929.299999999999,363.7320911929231,1228.6439795918368
172.0,315.531675,363.7320911929231,174.47120879120877
2002.0,-6.242500000000002,363.7320911929231,5.730666666666669
297.0,0.0,363.7320911929231,114.72216216216215
4225.59,104.04144736842105,363.7320911929231,41.924557021677664
955.39,0.0,363.7320911929231,694.994625
1111.0,115.06428571428569,363.7320911929231,174.47120879120877
864.23,177.61824742268038,363.7320911929231,41.924557021677664
325.0,883.5747142857142,363.7320911929231,141.12833333333333
9265.0,0.0,363.7320911929231,669.1571205357143
1712.0,270.7600688705234,363.7320911929231,456.69565217391306
1019.17,270.7600688705234,363.7320911929231,5.649295550847458
440.0,51.62951923076919,363.7320911929231,0.0
382.1,149.50630630630627,363.7320911929231,5.649295550847458
191.31,215.1169805194805,363.7320911929231,41.924557021677664
917.91,-12.324545454545458,363.7320911929231,5.649295550847458
230.45,110.92583333333334,363.7320911929231,5.0842673796791455
483.14,215.1169805194805,363.7320911929231,1910.85
504.0,-31.50299212598425,363.7320911929231,5.649295550847458
430.24,0.0,363.7320911929231,5.0842673796791455
890.36,149.50630630630627,363.7320911929231,-1.0
196.4,175.0411904761905,363.7320911929231,41.97798701298701
250.0,106.38125,363.7320911929231,141.12833333333333
370.0,0.0,363.7320911929231,174.47120879120877
160.0,283.1751351351351,363.7320911929231,-189.68178571428575
950.27,56.79416988416988,363.7320911929231,41.924557021677664
2529.0,111.53585635359119,363.7320911929231,60.10700000000001
971.96,-31.50299212598425,363.7320911929231,14714.00484848485
579.0,111.53585635359119,363.7320911929231,18.41794117647059
490.63,88.62431952662725,363.7320911929231,0.0
304.44,51.56,363.7320911929231,6.500000000000007
1319.42,223.70475409836064,363.7320911929231,41.924557021677664
1538.76,106.38125,363.7320911929231,41.924557021677664
228.97,252.6989830508475,363.7320911929231,5.0842673796791455
311.18,351.42589473684217,363.7320911929231,5.0842673796791455
617.88,-68.86000000000001,363.7320911929231,41.924557021677664
157.32,30.29000000000002,363.7320911929231,5.649295550847458
287.0,177.61824742268038,363.7320911929231,2.9732515337423315
5174.0,115.06428571428569,363.7320911929231,-215.65888888888887
297.0,0.0,363.7320911929231,114.72216216216215
617.28,0.0,363.7320911929231,5.649295550847458
3807.77,187.98075657894734,363.7320911929231,5771.8099999999995
557.04,0.0,363.7320911929231,669.1571205357143
995.04,64.16000000000008,363.7320911929231,5.649295550847458
1487.41,315.531675,363.7320911929231,185.61302013422815
7196.47,215.1169805194805,363.7320911929231,1085.1044444444444
173.03,315.531675,363.7320911929231,185.61302013422815
5241.4,123.14413793103449,363.7320911929231,0.0
209.33,-10.89734042553192,363.7320911929231,185.61302013422815
3125.32,0.0,363.7320911929231,0.0
1081.39,34.799999999999955,363.7320911929231,41.924557021677664
1407.33,0.0,363.7320911929231,41.924557021677664
1006.45,166.32,363.7320911929231,135.61071428571432
1173.0,121.71318327974278,363.7320911929231,114.72216216216215
3834.24,315.531675,363.7320911929231,41.924557021677664
218.03,223.70475409836064,363.7320911929231,332.426829268293
2869.65,-12.324545454545458,363.7320911929231,18.41794117647059
680.0,270.7600688705234,363.7320911929231,669.1571205357143
1701.81,115.06428571428569,363.7320911929231,301.233181818182
237.06,0.0,363.7320911929231,0.0
578.89,195.75224913494807,363.7320911929231,0.0
315.56,351.42589473684217,363.7320911929231,5.0842673796791455
1076.97,-285.37,363.7320911929231,41.924557021677664
293.5,270.7600688705234,363.7320911929231,0.0
3241.56,0.0,363.7320911929231,41.924557021677664
468.0,315.531675,363.7320911929231,54.444366197183115
314.67,-70.52000000000001,363.7320911929231,5.649295550847458
450.65,0.0,363.7320911929231,5.649295550847458
3453.0,115.06428571428569,363.7320911929231,174.47120879120877
2660.0,187.98075657894734,363.7320911929231,16.512476190476193
358.72,270.7600688705234,363.7320911929231,5.0842673796791455
1693.81,121.08398843930635,363.7320911929231,0.0
108000.0,53.03571428571427,363.7320911929231,0.0
410.68,0.0,363.7320911929231,5.0842673796791455
484.5,0.0,363.7320911929231,0.0
1130.0,104.04144736842105,363.7320911929231,669.1571205357143
4287.59,201.01747572815538,363.7320911929231,301.233181818182
6285.33,19790.17,363.7320911929231,3403.419032258065
483.0,121.71318327974278,363.7320911929231,499.0127272727272
177.94,265.61896265560165,363.7320911929231,5.649295550847458
497.18,20.863030303030303,363.7320911929231,5.0842673796791455
467.79,270.7600688705234,363.7320911929231,5.0842673796791455
511.54,0.0,363.7320911929231,5.649295550847458
158.36,0.0,363.7320911929231,5.649295550847458
680.43,381.89819935691315,363.7320911929231,5.649295550847458
230.55,-27.40000000000001,363.7320911929231,5.649295550847458
2227.0,0.0,363.7320911929231,174.47120879120877
1011.29,-198.26,363.7320911929231,41.924557021677664
207.13,187.98075657894734,363.7320911929231,41.97798701298701
578.02,-12.324545454545458,363.7320911929231,32.15372393247269
1032.59,231.58000000000015,363.7320911929231,41.924557021677664
211.94,187.98075657894734,363.7320911929231,41.97798701298701
311.0,0.0,363.7320911929231,0.0
177.34,123.14413793103449,363.7320911929231,113.0609756097561
471.83,123.14413793103449,363.7320911929231,41.97798701298701
421.65,-192.71,363.7320911929231,14714.00484848485
274.39,1496.022692307692,363.7320911929231,0.0
467.99,231.6899999999999,363.7320911929231,41.924557021677664
284.21,-74.12222222222222,363.7320911929231,5.0842673796791455
319.0,56.79416988416988,363.7320911929231,174.47120879120877
1588.4,-172.5,363.7320911929231,41.924557021677664
164.6,0.0,363.7320911929231,23.371704545454545
1800.73,0.0,363.7320911929231,41.924557021677664
4830.0,114.68700000000001,363.7320911929231,0.0
338.33,381.89819935691315,363.7320911929231,561.603076923077
2423.0,0.0,363.7320911929231,174.47120879120877
736.13,248.87452991452994,363.7320911929231,2707.9079166666666
1822.46,-1084.35,363.7320911929231,41.924557021677664
1230.27,76.86607142857143,363.7320911929231,0.0
974.19,111.53585635359119,363.7320911929231,5.649295550847458
770.12,248.87452991452994,363.7320911929231,464.6008888888889
196.94,0.0,363.7320911929231,5.649295550847458
294.13,-36.51999999999998,363.7320911929231,5.649295550847458
314.09,56.79416988416988,363.7320911929231,0.0
348.72,-7.360000000000014,363.7320911929231,41.924557021677664
2373.64,106.38125,363.7320911929231,1258.623466666667
183.99,270.7600688705234,363.7320911929231,0.0
768.0,0.0,363.7320911929231,-189.68178571428575
264.84,283.1751351351351,363.7320911929231,5.0842673796791455
164.89,351.42589473684217,363.7320911929231,5.0842673796791455
1097.57,956.9821886792453,363.7320911929231,41.924557021677664
911.24,7.646978021978025,363.7320911929231,32.15372393247269
540.35,0.0,363.7320911929231,5.649295550847458
360.81,381.89819935691315,363.7320911929231,0.0
1459.0,1072.44,363.7320911929231,159.6880821917808
173.03,-3.1899999999999977,363.7320911929231,185.61302013422815
2714.6,843.0500000000002,363.7320911929231,41.924557021677664
3207.0,0.0,363.7320911929231,3.5972222222222223
778.8,187.98075657894734,363.7320911929231,16.512476190476193
492.66,7.646978021978025,363.7320911929231,5.649295550847458
2018.0,-6.881538461538464,363.7320911929231,0.06500000000005456
4060.0,270.7600688705234,363.7320911929231,1537.8174226804128
309.99,114.68700000000001,363.7320911929231,41.924557021677664
1080.58,0.0,363.7320911929231,0.0
2312.0,956.9821886792453,363.7320911929231,464.6008888888889
325.79,215.1169805194805,363.7320911929231,5.649295550847458
456.32,265.61896265560165,363.7320911929231,41.924557021677664
641.46,-36.7,363.7320911929231,5.649295550847458
241.52,351.42589473684217,363.7320911929231,5.0842673796791455
2445.0,56.79416988416988,363.7320911929231,1258.623466666667
5748.04,283.1751351351351,363.7320911929231,3403.419032258065
4526.12,201.01747572815538,363.7320911929231,3403.419032258065
1525.1,223.70475409836064,363.7320911929231,41.924557021677664
447.6,51.62951923076919,363.7320911929231,0.0
546.67,0.0,363.7320911929231,5.649295550847458
289.46,0.0,363.7320911929231,0.0
490.63,88.62431952662725,363.7320911929231,0.0
1255.49,4749.373428571428,363.7320911929231,-189.68178571428575
790.78,-130.39999999999998,363.7320911929231,41.924557021677664
801.07,0.0,363.7320911929231,5.0842673796791455
2838.86,121.71318327974278,363.7320911929231,0.0
186.52,0.0,363.7320911929231,5.649295550847458
2714.6,843.0500000000002,363.7320911929231,41.924557021677664
839.0,265.61896265560165,363.7320911929231,41.924557021677664
682.9,270.7600688705234,363.7320911929231,669.1571205357143
244.83,0.0,363.7320911929231,5.649295550847458
302.0,241.0,363.7320911929231,464.6008888888889
644.45,486.77029069767445,363.7320911929231,5.649295550847458
431.78,-10.89734042553192,363.7320911929231,5.0842673796791455
600.0,215.1169805194805,363.7320911929231,13.04352941176471
1156.72,0.0,363.7320911929231,5.649295550847458
258.52,27.634043715847,363.7320911929231,5.0842673796791455
738.37,265.61896265560165,363.7320911929231,41.924557021677664
971.96,-31.50299212598425,363.7320911929231,-189.68178571428575
2067.67,101.70593749999993,363.7320911929231,32.15372393247269
3207.0,0.0,363.7320911929231,3.5972222222222223
519.0,0.0,363.7320911929231,248.22134969325154
230.06,106.38125,363.7320911929231,0.0
8379.62,0.0,363.7320911929231,0.007272727272885999
275.63,27.634043715847,363.7320911929231,0.0
173.03,315.531675,363.7320911929231,185.61302013422815
199.96,111.53585635359119,363.7320911929231,248.22134969325154
262.0,486.77029069767445,363.7320911929231,0.0
816.79,283.1751351351351,363.7320911929231,5.0842673796791455
183.03,17.75999999999999,363.7320911929231,41.924557021677664
1427.88,-133.94000000000003,363.7320911929231,41.924557021677664
2077.0,111.53585635359119,363.7320911929231,41.924557021677664
900.05,0.0,363.7320911929231,41.924557021677664
253.78,0.0,363.7320911929231,5.649295550847458
5111.33,1588.67,363.7320911929231,174.47120879120877
688.74,544.0854679802956,363.7320911929231,174.47120879120877
10228.0,270.7600688705234,363.7320911929231,669.1571205357143
1746.45,166.32,363.7320911929231,32.15372393247269
290.15,0.0,363.7320911929231,5.649295550847458
445.51,0.0,363.7320911929231,5.0842673796791455
4754.42,4038.3692307692304,363.7320911929231,174.47120879120877
769.93,215.1169805194805,363.7320911929231,464.6008888888889
275.5,456.47955974842785,363.7320911929231,5.0842673796791455
349.08,215.1169805194805,363.7320911929231,5.649295550847458
392.51,62.26999999999998,363.7320911929231,62.26999999999998
1653.15,-12.324545454545458,363.7320911929231,5.649295550847458
467.0,351.42589473684217,363.7320911929231,5.0842673796791455
5366.27,0.0,363.7320911929231,-480.9000000000001
379.23,544.0854679802956,363.7320911929231,5.649295550847458
2018.0,0.0,363.7320911929231,0.06500000000005456
421.15,270.7600688705234,363.7320911929231,5.649295550847458
2344.0,121.71318327974278,363.7320911929231,114.72216216216215
809.51,137.48202702702702,363.7320911929231,32.15372393247269
4103.0,121.71318327974278,363.7320911929231,499.0127272727272
314.06,283.1751351351351,363.7320911929231,5.360526315789475
697.66,0.0,363.7320911929231,5.649295550847458
6708.0,0.0,363.7320911929231,2.127659574468085
1527.0,166.32,363.7320911929231,135.61071428571432
163.61,956.9821886792453,363.7320911929231,174.47120879120877
166.52,956.9821886792453,363.7320911929231,41.924557021677664
184.89,456.47955974842785,363.7320911929231,5.0842673796791455
1344.78,215.1169805194805,363.7320911929231,32.15372393247269
640.18,-12.324545454545458,363.7320911929231,5.649295550847458
324.09,121.71318327974278,363.7320911929231,5.649295550847458
1589.0,209.0,363.7320911929231,114.72216216216215
711.01,381.89819935691315,363.7320911929231,0.0
256.16,270.7600688705234,363.7320911929231,571.6111111111111
347.15,956.9821886792453,363.7320911929231,18.41794117647059
569.37,182.65,363.7320911929231,41.924557021677664
625.64,270.7600688705234,363.7320911929231,5.0842673796791455
15530.0,123.14413793103449,363.7320911929231,1228.6439795918368
686.03,-31.50299212598425,363.7320911929231,5.0842673796791455
14323.0,7562.9000000000015,363.7320911929231,1537.8174226804128
5940.47,187.98075657894734,363.7320911929231,0.0
1588.4,121.45375000000001,363.7320911929231,41.924557021677664
1553.76,88.62431952662725,363.7320911929231,41.924557021677664
2920.69,565.0799999999999,363.7320911929231,41.924557021677664
604.59,215.1169805194805,363.7320911929231,41.924557021677664
219.9,111.53585635359119,363.7320911929231,571.6111111111111
27212.96,121.71318327974278,363.7320911929231,332.426829268293
2907.0,132.68696,363.7320911929231,635.6234693877551
316.11,132.68696,363.7320911929231,0.0
1428.19,-12.324545454545458,363.7320911929231,32.15372393247269
1586.0,106.38125,363.7320911929231,398.3342857142857
250.0,88.62431952662725,363.7320911929231,760.053
353.9,456.47955974842785,363.7320911929231,5.0842673796791455
1818.46,-856.1500000000001,363.7320911929231,41.924557021677664
1248.0,56.79416988416988,363.7320911929231,1258.623466666667
188.8,123.14413793103449,363.7320911929231,5.649295550847458
250.18,0.0,363.7320911929231,0.0
11089.42,111.53585635359119,363.7320911929231,2111.4774074074076
540.02,381.89819935691315,363.7320911929231,694.994625
4686.09,0.0,363.7320911929231,464.6008888888889
870.95,472.5091428571429,363.7320911929231,5.649295550847458
34012.0,956.9821886792453,363.7320911929231,185.61302013422815
323.26,283.1751351351351,363.7320911929231,18.41794117647059
226.32,351.42589473684217,363.7320911929231,5.0842673796791455
218.03,223.70475409836064,363.7320911929231,332.426829268293
881.74,637.79,363.7320911929231,41.924557021677664
320.47,265.61896265560165,363.7320911929231,18.41794117647059
275.63,27.634043715847,363.7320911929231,0.0
976.41,-177.69999999999993,363.7320911929231,41.924557021677664
222.61,0.0,363.7320911929231,5.649295550847458
3504.21,0.0,363.7320911929231,0.0
3445.0,215.1169805194805,363.7320911929231,694.994625
167.97,381.89819935691315,363.7320911929231,5.649295550847458
1841.92,1.6199999999998909,363.7320911929231,41.924557021677664
164.89,252.6989830508475,363.7320911929231,5.0842673796791455
573.0,665.05,363.7320911929231,665.05
15767.0,115.06428571428569,363.7320911929231,211.46791666666672
526.45,-245.32000000000005,363.7320911929231,32.15372393247269
177.76,252.6989830508475,363.7320911929231,5.0842673796791455
641.46,0.0,363.7320911929231,5.649295550847458
1693.81,121.71318327974278,363.7320911929231,0.0
521.21,-51.53000000000003,363.7320911929231,41.924557021677664
1317.74,265.61896265560165,363.7320911929231,41.924557021677664
499.21,106.38125,363.7320911929231,0.0
819.14,315.531675,363.7320911929231,41.924557021677664
19000.0,315.531675,363.7320911929231,0.0
398.25,-36.7,363.7320911929231,5.649295550847458
639.3,121.08398843930635,363.7320911929231,41.924557021677664
347.15,0.0,363.7320911929231,18.41794117647059
614.48,201.01747572815538,363.7320911929231,41.924557021677664
2594.17,88.62431952662725,363.7320911929231,32.15372393247269
1139.65,24.57199999999999,363.7320911929231,41.924557021677664
885.63,315.531675,363.7320911929231,185.61302013422815
3207.0,0.0,363.7320911929231,3.5972222222222223
2006.82,-116.76999999999998,363.7320911929231,41.924557021677664
1828.0,332.84000000000015,363.7320911929231,247.81440000000003
653.46,0.0,363.7320911929231,5.649295550847458
1540.0,0.1300000000001091,363.7320911929231,0.06500000000005456
319.04,0.0,363.7320911929231,0.0
389.35,106.38125,363.7320911929231,1910.85
211.46,215.1169805194805,363.7320911929231,1085.1044444444444
1886.0,381.89819935691315,363.7320911929231,0.0
1772.7,-83.52999999999997,363.7320911929231,41.924557021677664
102.4,883.5747142857142,363.7320911929231,23.371704545454545
237.64,177.61824742268038,363.7320911929231,192.9492857142857
4526.12,201.01747572815538,363.7320911929231,3403.419032258065
637.95,381.89819935691315,363.7320911929231,694.994625
1237.65,177.61824742268038,363.7320911929231,41.924557021677664
470.75,76.86607142857143,363.7320911929231,41.924557021677664
4516.88,123.14413793103449,363.7320911929231,0.0
2123.7,270.7600688705234,363.7320911929231,4323.6075
1430.56,0.0,363.7320911929231,41.924557021677664
340.15,195.75224913494807,363.7320911929231,1910.85
1338.61,270.7600688705234,363.7320911929231,5.0842673796791455
500.0,175.0411904761905,363.7320911929231,-58.0
1464.12,331.8455357142857,363.7320911929231,32.15372393247269
1146.19,472.5091428571429,363.7320911929231,41.924557021677664
1000.27,270.7600688705234,363.7320911929231,5.0842673796791455
5028.0,0.0,363.7320911929231,174.47120879120877
19000.0,88.62431952662725,363.7320911929231,0.0
240.0,956.9821886792453,363.7320911929231,669.1571205357143
516.17,0.0,363.7320911929231,5.649295550847458
656.0,0.0,363.7320911929231,159.6880821917808
14788.1,115.06428571428569,363.7320911929231,1634.2714285714285
1163.17,28.96202247191011,363.7320911929231,32.15372393247269
248.2,0.0,363.7320911929231,0.0
1604.69,7.646978021978025,363.7320911929231,0.0
177.77,27.634043715847,363.7320911929231,5.0842673796791455
10088.0,0.0,363.7320911929231,669.1571205357143
848.07,40.3599999999999,363.7320911929231,1085.1044444444444
685.76,283.1751351351351,363.7320911929231,-75.0
8112.12,201.01747572815538,363.7320911929231,3403.419032258065
1330.23,-186.02,363.7320911929231,41.924557021677664
5281.94,0.0,363.7320911929231,3403.419032258065
665.91,0.0,363.7320911929231,41.924557021677664
2714.95,1001.61,363.7320911929231,41.924557021677664
521.53,6.680000000000064,363.7320911929231,41.924557021677664
1628.0,123.14413793103449,363.7320911929231,136.80374999999998
1792.68,-12.324545454545458,363.7320911929231,32.15372393247269
592.61,456.47955974842785,363.7320911929231,0.0
6654.0,956.9821886792453,363.7320911929231,715.124375
202.07,76.86607142857143,363.7320911929231,1910.85
645.63,104.57000000000004,363.7320911929231,41.924557021677664
540.02,376.51,363.7320911929231,694.994625
886.69,0.0,363.7320911929231,5.649295550847458
263.32,121.08398843930635,363.7320911929231,41.924557021677664
693.0,381.89819935691315,363.7320911929231,0.0
484.0,114.68700000000001,363.7320911929231,669.1571205357143
459.49,0.0,363.7320911929231,0.0
279.29,508.83510752688176,363.7320911929231,5.649295550847458
1725.04,123.14413793103449,363.7320911929231,0.0
726.9,0.0,363.7320911929231,5.0842673796791455
912.5,0.0,363.7320911929231,5.649295550847458
151.13,315.531675,363.7320911929231,5.649295550847458
224.44,133.17636363636365,363.7320911929231,5.649295550847458
900.0,381.89819935691315,363.7320911929231,0.0
746.75,-36.7,363.7320911929231,5.649295550847458
1309.47,798.2099999999998,363.7320911929231,41.924557021677664
799.34,187.98075657894734,363.7320911929231,16.512476190476193
444.42,381.89819935691315,363.7320911929231,0.0
875.79,6.324500000000002,363.7320911929231,5.0842673796791455
368.63,508.83510752688176,363.7320911929231,5.649295550847458
1125.78,132.06352941176476,363.7320911929231,32.15372393247269
2211.29,544.0854679802956,363.7320911929231,174.47120879120877
2023.88,93.75,363.7320911929231,41.924557021677664
483.0,121.08398843930635,363.7320911929231,499.0127272727272
494.0,111.53585635359119,363.7320911929231,6.500000000000007
5060.0,155.76687499999994,363.7320911929231,715.124375
890.33,-197.1800000000001,363.7320911929231,5.0842673796791455
198.71,381.89819935691315,363.7320911929231,0.0
442.42,0.0,363.7320911929231,0.0
909.86,-13.440000000000056,363.7320911929231,41.924557021677664
1209.0,-27.430000000000064,363.7320911929231,1537.8174226804128
1505.85,115.06428571428569,363.7320911929231,32.15372393247269
911.24,7.646978021978025,363.7320911929231,32.15372393247269
292.23,0.0,363.7320911929231,5.0842673796791455
7877.0,283.1751351351351,363.7320911929231,1258.623466666667
31580.0,4774.0,363.7320911929231,2512.6315789473683
237.52,270.7600688705234,363.7320911929231,0.0
705.83,-31.50299212598425,363.7320911929231,5.0842673796791455
1576.94,106.38125,363.7320911929231,32.15372393247269
1331.3,486.77029069767445,363.7320911929231,2707.9079166666666
385.57,270.7600688705234,363.7320911929231,5.0842673796791455
324.09,121.08398843930635,363.7320911929231,5.649295550847458
524.54,132.7800000000001,363.7320911929231,32.15372393247269
329.0,0.0,363.7320911929231,174.47120879120877
316.11,123.14413793103449,363.7320911929231,0.0
2312.0,508.83510752688176,363.7320911929231,464.6008888888889
414.15,56.79416988416988,363.7320911929231,0.0
1212.56,114.68700000000001,363.7320911929231,32.15372393247269
1225.21,0.0,363.7320911929231,0.0
668.54,381.89819935691315,363.7320911929231,0.0
662.44,648.78,363.7320911929231,41.924557021677664
1801.37,137.48202702702702,363.7320911929231,32.15372393247269
899.45,6.324500000000002,363.7320911929231,5.0842673796791455
996.5,-6.242500000000002,363.7320911929231,41.924557021677664
822.88,381.89819935691315,363.7320911929231,0.0
230.45,283.1751351351351,363.7320911929231,5.0842673796791455
367.0,177.61824742268038,363.7320911929231,3.9130434782608696
491.67,-6.242500000000002,363.7320911929231,0.0011764705882609705
224.41,0.0,363.7320911929231,174.47120879120877
445.51,-74.12222222222222,363.7320911929231,5.0842673796791455
600.0,381.89819935691315,363.7320911929231,13.04352941176471
538.0,0.0,363.7320911929231,1910.85
2362.0,121.71318327974278,363.7320911929231,114.72216216216215
1000.0,175.0411904761905,363.7320911929231,83.60526315789474
2242.9,76.86607142857143,363.7320911929231,0.0066666666668121835
408.94,84.17714285714281,363.7320911929231,174.47120879120877
978.44,121.71318327974278,363.7320911929231,-480.9000000000001
1175.0,7.646978021978025,363.7320911929231,41.924557021677664
348.31,177.61824742268038,363.7320911929231,0.0
879.26,-12.324545454545458,363.7320911929231,32.15372393247269
492.83,394.0747826086957,363.7320911929231,478.2
1081.39,34.799999999999955,363.7320911929231,41.924557021677664
200.99,7.646978021978025,363.7320911929231,32.15372393247269
890.36,270.7600688705234,363.7320911929231,-1.0
13447.0,-6.881538461538464,363.7320911929231,715.124375
12020.32,315.531675,363.7320911929231,717.158095238095
706.41,46.110000000000014,363.7320911929231,41.924557021677664
1322.95,506.54,363.7320911929231,41.924557021677664
1171.0,123.14413793103449,363.7320911929231,113.0609756097561
325.0,88.62431952662725,363.7320911929231,141.12833333333333
27212.96,121.71318327974278,363.7320911929231,332.426829268293
6941.4,7.646978021978025,363.7320911929231,0.0
1958.9,-396.93000000000006,363.7320911929231,41.924557021677664
1080.58,315.531675,363.7320911929231,0.0
384.57,0.0,363.7320911929231,16.512476190476193
957.95,270.7600688705234,363.7320911929231,5.0842673796791455
2894.74,0.0,363.7320911929231,41.924557021677664
202.0,-12.324545454545458,363.7320911929231,1910.85
483.0,121.08398843930635,363.7320911929231,499.0127272727272
24819.0,2.509333333333355,363.7320911929231,174.47120879120877
578.85,0.0,363.7320911929231,5.649295550847458
1828.0,201.01747572815538,363.7320911929231,247.81440000000003
216.55,76.86607142857143,363.7320911929231,2.9732515337423315
431.0,187.98075657894734,363.7320911929231,185.61302013422815
279.29,508.83510752688176,363.7320911929231,5.649295550847458
1616.97,0.0,363.7320911929231,41.924557021677664
253.99,486.77029069767445,363.7320911929231,5.649295550847458
562.48,0.0,363.7320911929231,5.0842673796791455
423.48,486.77029069767445,363.7320911929231,5.649295550847458
186.21,121.08398843930635,363.7320911929231,114.72216216216215
262.0,315.531675,363.7320911929231,113.0609756097561
3207.0,0.0,363.7320911929231,3.5972222222222223
6230.99,10.015714285714239,363.7320911929231,0.013823529411531452
1060.67,111.53585635359119,363.7320911929231,1572.5226666666665
206.9,6.324500000000002,363.7320911929231,5.0842673796791455
260.37,76.86607142857143,363.7320911929231,41.97798701298701
1024.69,315.531675,363.7320911929231,41.924557021677664
414.15,56.79416988416988,363.7320911929231,0.0
468.64,-40.225445544554454,363.7320911929231,14.872403100775186
898.19,0.0,363.7320911929231,5.0842673796791455
1923.81,381.89819935691315,363.7320911929231,0.0
325.0,137.48202702702702,363.7320911929231,141.12833333333333
339.35,88.62431952662725,363.7320911929231,1471.4126865671642
1248.0,7.646978021978025,363.7320911929231,1052.0
150.92,115.06428571428569,363.7320911929231,23.371704545454545
574.26,0.0,363.7320911929231,5.0842673796791455
302.0,62.043461538461536,363.7320911929231,241.0
234.78,137.48202702702702,363.7320911929231,0.0
1382.0,544.0854679802956,363.7320911929231,174.47120879120877
1813.0,0.0,363.7320911929231,332.426829268293
1377.51,-369.89,363.7320911929231,41.924557021677664
499.21,195.75224913494807,363.7320911929231,0.0
325.57,195.75224913494807,363.7320911929231,41.924557021677664
4027.53,381.89819935691315,363.7320911929231,1279.8325
1273.72,0.0,363.7320911929231,5.649295550847458
255.88,115.06428571428569,363.7320911929231,5.649295550847458
477.76,326.00631578947366,363.7320911929231,41.924557021677664
1103.86,28.96202247191011,363.7320911929231,32.15372393247269
2136.0,508.83510752688176,363.7320911929231,0.0
5491.89,544.0854679802956,363.7320911929231,1471.4126865671642
727.28,381.89819935691315,363.7320911929231,0.0
168.52,215.1169805194805,363.7320911929231,32.15372393247269
405.2,381.89819935691315,363.7320911929231,0.0
1892.0,0.0,363.7320911929231,421.2039097744361
237.06,381.89819935691315,363.7320911929231,0.0
502.68,-0.0099999999999909,363.7320911929231,-0.001315789473683013
195.14,351.42589473684217,363.7320911929231,5.0842673796791455
277.5,-10.89734042553192,363.7320911929231,5.0842673796791455
1178.0,111.53585635359119,363.7320911929231,233.79176470588237
14105.83,-0.0300000000006548,363.7320911929231,2111.4774074074076
12020.32,315.531675,363.7320911929231,717.158095238095
3085.59,0.0,363.7320911929231,14.872403100775186
490.63,315.531675,363.7320911929231,0.0
980.2,0.0,363.7320911929231,41.924557021677664
319.96,111.53585635359119,363.7320911929231,5.649295550847458
710.92,-171.83999999999992,363.7320911929231,41.924557021677664
349.22,187.98075657894734,363.7320911929231,248.22134969325154
2144.67,101.70593749999993,363.7320911929231,32.15372393247269
329.21,123.14413793103449,363.7320911929231,0.0
564.05,252.6989830508475,363.7320911929231,5.0842673796791455
1020.42,0.0,363.7320911929231,16.512476190476193
14323.0,351.42589473684217,363.7320911929231,1537.8174226804128
6663.0,345.88800000000003,363.7320911929231,407.5
888.99,0.0,363.7320911929231,-0.001315789473683013
4011.85,187.98075657894734,363.7320911929231,16.512476190476193
1644.85,6.290000000000191,363.7320911929231,41.924557021677664
230.55,472.5091428571429,363.7320911929231,5.649295550847458
499.0,351.42589473684217,363.7320911929231,18.41794117647059
31876.39,0.0100000000020372,363.7320911929231,3403.419032258065
150.97,883.5747142857142,363.7320911929231,13.04352941176471
1473.0,195.75224913494807,363.7320911929231,248.22134969325154
513.82,187.98075657894734,363.7320911929231,41.97798701298701
224.41,0.0,363.7320911929231,174.47120879120877
437.21,315.531675,363.7320911929231,0.0
1404.94,133.17636363636365,363.7320911929231,5.649295550847458
7500.8,56.79416988416988,363.7320911929231,0.0
522.45,0.0,363.7320911929231,332.426829268293
604.59,215.1169805194805,363.7320911929231,32.15372393247269
4460.0,0.0,363.7320911929231,1910.85
322.45,115.06428571428569,363.7320911929231,18.41794117647059
2869.65,111.53585635359119,363.7320911929231,18.41794117647059
1265.59,369.85000000000014,363.7320911929231,41.924557021677664
463.0,115.06428571428569,363.7320911929231,159.6880821917808
478.3,270.7600688705234,363.7320911929231,5.0842673796791455
630.37,215.1169805194805,363.7320911929231,0.0
1581.0,76.86607142857143,363.7320911929231,16.727272727272727
808.99,121.71318327974278,363.7320911929231,233.79176470588237
1368.0,0.0,363.7320911929231,174.47120879120877
472.23,145.4,363.7320911929231,5.649295550847458
652.33,7.646978021978025,363.7320911929231,32.15372393247269
1120.0,0.0,363.7320911929231,0.0
667.0,101.70593749999993,363.7320911929231,514.922
24819.0,7.528000000000065,363.7320911929231,174.47120879120877
5136.15,187.98075657894734,363.7320911929231,16.512476190476193
3674.0,56.79416988416988,363.7320911929231,174.47120879120877
292.23,0.0,363.7320911929231,5.0842673796791455
165.0,381.89819935691315,363.7320911929231,159.6880821917808
385.15,-42.25999999999999,363.7320911929231,5.649295550847458
4997.04,270.7600688705234,363.7320911929231,5.0842673796791455
335.97,0.0,363.7320911929231,0.0
365.53,351.42589473684217,363.7320911929231,5.0842673796791455
438.44,0.0,363.7320911929231,5.0842673796791455
493.42,283.1751351351351,363.7320911929231,5.0842673796791455
1939.23,215.1169805194805,363.7320911929231,32.15372393247269
197.26,145.4,363.7320911929231,5.649295550847458
656.0,-10.89734042553192,363.7320911929231,159.6880821917808
535.18,-0.0099999999999909,363.7320911929231,-0.003103448275859245
207.13,187.98075657894734,363.7320911929231,41.97798701298701
1674.0,1496.022692307692,363.7320911929231,-189.68178571428575
1381.84,175.0411904761905,363.7320911929231,1228.6439795918368
349.57,215.1169805194805,363.7320911929231,5.649295550847458
209.38,456.47955974842785,363.7320911929231,174.47120879120877
1401.87,-380.8799999999999,363.7320911929231,41.924557021677664
693.0,381.89819935691315,363.7320911929231,0.0
2899.77,0.0,363.7320911929231,41.924557021677664
336.0,51.62951923076919,363.7320911929231,0.0
314.06,283.1751351351351,363.7320911929231,5.360526315789475
160.0,956.9821886792453,363.7320911929231,14.112676056338028
1794.0,0.0,363.7320911929231,760.053
1282.97,195.75224913494807,363.7320911929231,32.15372393247269
1554.21,-23.697499999999962,363.7320911929231,41.924557021677664
8379.62,111.53585635359119,363.7320911929231,0.007272727272885999
775.94,111.53585635359119,363.7320911929231,41.924557021677664
1622.27,131.69444444444457,363.7320911929231,571.6111111111111
29344.85,248.87452991452994,363.7320911929231,1228.6439795918368
904.04,270.7600688705234,363.7320911929231,5.0842673796791455
1376.0,200.72000000000003,363.7320911929231,72.1
300.15,121.71318327974278,363.7320911929231,114.72216216216215
599.0,270.7600688705234,363.7320911929231,5.0842673796791455
950.0,111.53585635359119,363.7320911929231,29.266851851851854
494.52,-31.50299212598425,363.7320911929231,-42.132999999999996
161.73,20.863030303030303,363.7320911929231,5.0842673796791455
263.32,121.71318327974278,363.7320911929231,41.924557021677664
564.05,351.42589473684217,363.7320911929231,5.0842673796791455
142.46,-12.324545454545458,363.7320911929231,2.9732515337423315
495.16,0.0,363.7320911929231,5.649295550847458
307.11,315.531675,363.7320911929231,0.0
206.13,0.0,363.7320911929231,5.649295550847458
989.43,1311.8500000000004,363.7320911929231,2707.9079166666666
334.27,187.98075657894734,363.7320911929231,16.512476190476193
294.13,956.9821886792453,363.7320911929231,5.649295550847458
333.49,51.62951923076919,363.7320911929231,2.930000000000007
538.0,201.01747572815538,363.7320911929231,1910.85
263.19,137.48202702702702,363.7320911929231,5.649295550847458
6684.0,267.17,363.7320911929231,185.61302013422815
2115.44,0.0,363.7320911929231,41.97798701298701
3563.5,121.71318327974278,363.7320911929231,0.0
334.64,544.0854679802956,363.7320911929231,5.649295550847458
963.0,2.409473684210519,363.7320911929231,29.266851851851854
1297.75,248.87452991452994,363.7320911929231,5.649295550847458
861.84,121.71318327974278,363.7320911929231,41.924557021677664
1718.59,456.47955974842785,363.7320911929231,5.0842673796791455
322.45,0.0,363.7320911929231,18.41794117647059
5850.83,0.0,363.7320911929231,0.0
309.58,381.89819935691315,363.7320911929231,0.0
353.27,0.0,363.7320911929231,5.649295550847458
293.3,956.9821886792453,363.7320911929231,464.6008888888889
24544.55,22509.083333333332,363.7320911929231,-0.01666666666642413
384.0,51.62951923076919,363.7320911929231,0.0
846.59,-105.97000000000004,363.7320911929231,41.924557021677664
167.97,0.0,363.7320911929231,5.649295550847458
250.33,0.0,363.7320911929231,5.0842673796791455
198.7,270.7600688705234,363.7320911929231,669.1571205357143
379.3,381.89819935691315,363.7320911929231,0.0
385.0,486.77029069767445,363.7320911929231,241.09153846153842
467.79,-39.08000000000001,363.7320911929231,5.0842673796791455
3627.0,381.89819935691315,363.7320911929231,694.994625
1792.0,0.0,363.7320911929231,669.1571205357143
430.76,270.7600688705234,363.7320911929231,6.2899999999999965
492.76,381.89819935691315,363.7320911929231,561.603076923077
784.35,-124.83000000000004,363.7320911929231,41.924557021677664
482.42,315.531675,363.7320911929231,192.9492857142857
1154.49,49.62999999999998,363.7320911929231,32.15372393247269
496.47,456.47955974842785,363.7320911929231,5.649295550847458
711.94,214.53999999999996,363.7320911929231,41.924557021677664
865.1,123.14413793103449,363.7320911929231,41.924557021677664
1127.9,248.87452991452994,363.7320911929231,32.15372393247269
1146.22,94.42000000000009,363.7320911929231,41.924557021677664
328.29,315.531675,363.7320911929231,1910.85
980.45,111.53585635359119,363.7320911929231,669.1571205357143
578.89,195.75224913494807,363.7320911929231,0.0
2853.23,0.0,363.7320911929231,464.6008888888889
2718.84,123.14413793103449,363.7320911929231,635.6234693877551
314.67,472.5091428571429,363.7320911929231,5.649295550847458
423.39,381.89819935691315,363.7320911929231,669.1571205357143
609.43,-49.44999999999993,363.7320911929231,41.924557021677664
2889.39,265.61896265560165,363.7320911929231,174.47120879120877
230.55,472.5091428571429,363.7320911929231,5.649295550847458
609.63,21.340000000000032,363.7320911929231,41.924557021677664
184.89,0.0,363.7320911929231,5.0842673796791455
10228.0,1179.0,363.7320911929231,669.1571205357143
150.92,115.06428571428569,363.7320911929231,23.371704545454545
154.89,-40.225445544554454,363.7320911929231,5.649295550847458
1799.64,76.86607142857143,363.7320911929231,16.512476190476193
307.11,0.0,363.7320911929231,5.649295550847458
12366.0,270.7600688705234,363.7320911929231,669.1571205357143
3241.56,0.0,363.7320911929231,41.924557021677664
7392.0,0.0,363.7320911929231,669.1571205357143
699.19,0.0,363.7320911929231,5.649295550847458
789.26,529.6500000000001,363.7320911929231,41.924557021677664
857.91,137.48202702702702,363.7320911929231,32.15372393247269
334.64,0.0,363.7320911929231,5.649295550847458
309.63,111.53585635359119,363.7320911929231,5.649295550847458
562.98,231.77,363.7320911929231,5.0842673796791455
317.22,956.9821886792453,363.7320911929231,5.649295550847458
210.99,177.61824742268038,363.7320911929231,0.0
25560.48,0.0200000000004365,363.7320911929231,0.0011764705882609705
1123.17,7.646978021978025,363.7320911929231,32.15372393247269
2227.0,0.0,363.7320911929231,174.47120879120877
749.0,0.0,363.7320911929231,421.2039097744361
210.45,381.89819935691315,363.7320911929231,1085.1044444444444
750.81,-123.89999999999998,363.7320911929231,41.924557021677664
384.04,0.0,363.7320911929231,0.0
1430.0,0.0,363.7320911929231,760.053
424.93,201.01747572815538,363.7320911929231,75.98000000000002
431.0,187.98075657894734,363.7320911929231,185.61302013422815
214.07,7.646978021978025,363.7320911929231,5.649295550847458
466.0,315.531675,363.7320911929231,174.47120879120877
2082.98,115.06428571428569,363.7320911929231,32.15372393247269
1388.59,0.0,363.7320911929231,41.924557021677664
494.52,-31.50299212598425,363.7320911929231,-42.132999999999996
474.23,6.324500000000002,363.7320911929231,0.0
2329.45,24.7800000000002,363.7320911929231,669.1571205357143
1400.0,0.0,363.7320911929231,0.0
1591.0,265.61896265560165,363.7320911929231,421.2039097744361
1915.99,4.220000000000027,363.7320911929231,41.924557021677664
372.03,215.1169805194805,363.7320911929231,32.15372393247269
635.28,270.7600688705234,363.7320911929231,669.1571205357143
287.0,177.61824742268038,363.7320911929231,2.9732515337423315
829.5,397.56999999999994,363.7320911929231,41.924557021677664
298.0,115.06428571428569,363.7320911929231,5.649295550847458
4011.85,187.98075657894734,363.7320911929231,16.512476190476193
359.86,-31.50299212598425,363.7320911929231,5.0842673796791455
3205.77,692.69,363.7320911929231,41.924557021677664
1241.38,2100.73,363.7320911929231,41.924557021677664
379.39,351.42589473684217,363.7320911929231,5.0842673796791455
711.94,214.53999999999996,363.7320911929231,41.924557021677664
958.27,111.53585635359119,363.7320911929231,0.0
311.0,0.0,363.7320911929231,0.0
423.18,0.0,363.7320911929231,5.649295550847458
1822.46,-1084.35,363.7320911929231,41.924557021677664
2954.53,381.89819935691315,363.7320911929231,2.127659574468085
1024.91,381.89819935691315,363.7320911929231,0.0
973.45,48.50999999999999,363.7320911929231,41.924557021677664
5111.33,1588.67,363.7320911929231,174.47120879120877
458.59,149.50630630630627,363.7320911929231,5.0842673796791455
412.3,270.7600688705234,363.7320911929231,669.1571205357143
799.64,544.0854679802956,363.7320911929231,14.872403100775186
151.0,177.61824742268038,363.7320911929231,1910.85
799.34,187.98075657894734,363.7320911929231,16.512476190476193
6941.4,56.79416988416988,363.7320911929231,0.0
6285.33,5678.785454545454,363.7320911929231,3403.419032258065
1470.73,-8.920000000000073,363.7320911929231,41.924557021677664
161.73,27.634043715847,363.7320911929231,5.0842673796791455
180.24,381.89819935691315,363.7320911929231,2.9732515337423315
1092.88,486.77029069767445,363.7320911929231,41.924557021677664
1113.02,-0.6299999999998818,363.7320911929231,41.924557021677664
345.38,50.20999999999998,363.7320911929231,5.0842673796791455
3445.0,0.0,363.7320911929231,694.994625
875.79,6.324500000000002,363.7320911929231,5.0842673796791455
277.0,270.7600688705234,363.7320911929231,1910.85
1401.87,133.17636363636365,363.7320911929231,32.15372393247269
1284.0,121.71318327974278,363.7320911929231,114.72216216216215
1076.97,28.96202247191011,363.7320911929231,32.15372393247269
5850.83,187.98075657894734,363.7320911929231,16.512476190476193
189.31,-12.324545454545458,363.7320911929231,5.649295550847458
563.0,956.9821886792453,363.7320911929231,0.0
1492.74,420.0999999999999,363.7320911929231,41.924557021677664
904.92,381.89819935691315,363.7320911929231,1279.8325
355.79,27.634043715847,363.7320911929231,5.0842673796791455
685.76,283.1751351351351,363.7320911929231,-75.0
342.69,0.0,363.7320911929231,174.47120879120877
158.0,315.531675,363.7320911929231,54.444366197183115
626.01,265.61896265560165,363.7320911929231,41.924557021677664
395.62,-3.590000000000032,363.7320911929231,5.649295550847458
973.07,381.89819935691315,363.7320911929231,0.0
5748.04,283.1751351351351,363.7320911929231,301.233181818182
870.95,331.8455357142857,363.7320911929231,5.649295550847458
1449.44,351.42589473684217,363.7320911929231,372.7999999999999
499.0,351.42589473684217,363.7320911929231,18.41794117647059
1555.2,1.2000000000000457,363.7320911929231,41.924557021677664
907.76,508.83510752688176,363.7320911929231,32.15372393247269
851.4,0.0,363.7320911929231,5.649295550847458
196.94,0.0,363.7320911929231,5.649295550847458
1166.96,265.8599999999999,363.7320911929231,41.924557021677664
974.19,-12.324545454545458,363.7320911929231,5.649295550847458
758.09,0.0,363.7320911929231,41.97798701298701
2723.39,106.38125,363.7320911929231,32.15372393247269
477.86,0.0,363.7320911929231,5.0842673796791455
797.36,539.82,363.7320911929231,41.924557021677664
235.9,381.89819935691315,363.7320911929231,0.0
325.0,177.61824742268038,363.7320911929231,141.12833333333333
995.04,114.68700000000001,363.7320911929231,5.649295550847458
649.6,145.4,363.7320911929231,5.649295550847458
227.62,0.0,363.7320911929231,1910.85
8914.0,56.79416988416988,363.7320911929231,6.500000000000007
916.78,114.68700000000001,363.7320911929231,41.97798701298701
640.18,-37.41999999999996,363.7320911929231,5.649295550847458
570.11,175.0411904761905,363.7320911929231,-0.001315789473683013
2227.0,338.7142857142857,363.7320911929231,174.47120879120877
1886.0,381.89819935691315,363.7320911929231,0.0
1181.34,-83.1099999999999,363.7320911929231,41.924557021677664
300.0,0.0,363.7320911929231,5.649295550847458
275.63,20.863030303030303,363.7320911929231,0.0
973.07,381.89819935691315,363.7320911929231,0.0
1164.69,381.89819935691315,363.7320911929231,571.6111111111111
166.66,472.5091428571429,363.7320911929231,0.0
635.28,270.7600688705234,363.7320911929231,669.1571205357143
278.97,0.0,363.7320911929231,5.649295550847458
471.62,115.06428571428569,363.7320911929231,5.649295550847458
248.2,51.62951923076919,363.7320911929231,0.0
251.62,331.8455357142857,363.7320911929231,5.649295550847458
20718.17,315.531675,363.7320911929231,8552.1625
183.99,270.7600688705234,363.7320911929231,0.0
907.76,-1.7799999999999727,363.7320911929231,41.924557021677664
497.09,133.17636363636365,363.7320911929231,5.0842673796791455
493.42,283.1751351351351,363.7320911929231,5.0842673796791455
3251.0,338.7142857142857,363.7320911929231,174.47120879120877
510.85,187.98075657894734,363.7320911929231,16.512476190476193
349.08,215.1169805194805,363.7320911929231,5.649295550847458
459.49,123.14413793103449,363.7320911929231,0.0
429.25,381.89819935691315,363.7320911929231,23.371704545454545
1564.23,-300.80999999999995,363.7320911929231,41.924557021677664
325.79,215.1169805194805,363.7320911929231,5.649295550847458
620.3,-31.50299212598425,363.7320911929231,5.0842673796791455
252.0,121.71318327974278,363.7320911929231,114.72216216216215
2067.0,106.38125,363.7320911929231,398.3342857142857
1390.92,36.50999999999999,363.7320911929231,41.924557021677664
768.76,0.0,363.7320911929231,5.0842673796791455
359.86,-31.50299212598425,363.7320911929231,5.0842673796791455
1390.92,195.75224913494807,363.7320911929231,41.924557021677664
274.39,1496.022692307692,363.7320911929231,0.0
4000.0,315.531675,363.7320911929231,0.0
592.61,456.47955974842785,363.7320911929231,0.0
1634.79,544.0854679802956,363.7320911929231,14.872403100775186
430.24,0.0,363.7320911929231,5.0842673796791455
322.45,265.61896265560165,363.7320911929231,18.41794117647059
673.27,351.42589473684217,363.7320911929231,5.0842673796791455
202.36,0.0,363.7320911929231,5.0842673796791455
866.32,0.0,363.7320911929231,5.0842673796791455
630.37,381.89819935691315,363.7320911929231,0.0
3044.02,110.64833333333331,363.7320911929231,41.924557021677664
1284.0,0.0,363.7320911929231,114.72216216216215
379.0,115.06428571428569,363.7320911929231,174.47120879120877
1436.49,29.059999999999945,363.7320911929231,41.924557021677664
2842.0,115.06428571428569,363.7320911929231,421.2039097744361
1701.81,0.0,363.7320911929231,301.233181818182
43129.0,35025.6,363.7320911929231,1910.85
4023.94,166.32,363.7320911929231,32.15372393247269
284.0,0.0,363.7320911929231,174.47120879120877
4051.8,263.7600000000002,363.7320911929231,41.924557021677664
326.61,956.9821886792453,363.7320911929231,41.924557021677664
2082.69,115.06428571428569,363.7320911929231,32.15372393247269
315.55,7.646978021978025,363.7320911929231,5.649295550847458
1335.45,-0.0699999999999363,363.7320911929231,41.924557021677664
1459.0,311.55612903225807,363.7320911929231,159.6880821917808
1581.0,187.98075657894734,363.7320911929231,16.727272727272727
154.73,175.0411904761905,363.7320911929231,0.0
1054.46,131.69444444444457,363.7320911929231,41.924557021677664
887.0,544.0854679802956,363.7320911929231,18.41794117647059
1410.01,0.0,363.7320911929231,41.924557021677664
230.55,-27.40000000000001,363.7320911929231,5.649295550847458
697.0,88.62431952662725,363.7320911929231,174.47120879120877
183.92,145.4,363.7320911929231,41.924557021677664
383.84,0.0,363.7320911929231,332.426829268293
183.99,270.7600688705234,363.7320911929231,0.0
1030.65,287.41615384615386,363.7320911929231,669.1571205357143
890.36,270.7600688705234,363.7320911929231,-1.0
766.51,0.0,363.7320911929231,41.924557021677664
171.0,315.531675,363.7320911929231,55.21866666666667
2002.0,-6.242500000000002,363.7320911929231,5.730666666666669
303.53,76.86607142857143,363.7320911929231,32.15372393247269
256.16,149.50630630630627,363.7320911929231,571.6111111111111
385.57,270.7600688705234,363.7320911929231,5.0842673796791455
1948.25,111.53585635359119,363.7320911929231,5.649295550847458
311.0,2.509333333333355,363.7320911929231,0.0
3638.0,195.75224913494807,363.7320911929231,3.5972222222222223
17112.0,187.98075657894734,363.7320911929231,1228.6439795918368
477.86,0.0,363.7320911929231,5.0842673796791455
1644.92,115.06428571428569,363.7320911929231,32.15372393247269
251.98,48.47,363.7320911929231,48.47
705.09,88.62431952662725,363.7320911929231,5.649295550847458
1181.34,88.62431952662725,363.7320911929231,32.15372393247269
10773.0,315.531675,363.7320911929231,717.158095238095
14323.0,7562.9000000000015,363.7320911929231,1537.8174226804128
9028.0,0.0,363.7320911929231,669.1571205357143
142.46,-12.324545454545458,363.7320911929231,2.9732515337423315
2998.34,0.0,363.7320911929231,174.47120879120877
693.97,270.7600688705234,363.7320911929231,5.0842673796791455
618.33,56.79416988416988,363.7320911929231,41.924557021677664
2006.82,111.53585635359119,363.7320911929231,41.924557021677664
759.94,486.77029069767445,363.7320911929231,2707.9079166666666
1043.63,265.61896265560165,363.7320911929231,635.6234693877551
413.29,195.75224913494807,363.7320911929231,0.0
7196.47,381.89819935691315,363.7320911929231,1085.1044444444444
353.05,508.83510752688176,363.7320911929231,19198.74
323.26,283.1751351351351,363.7320911929231,18.41794117647059
735.2,106.38125,363.7320911929231,248.22134969325154
2886.0,0.0,363.7320911929231,174.47120879120877
1307.16,-3.5299999999999727,363.7320911929231,41.924557021677664
713.0,121.45375000000001,363.7320911929231,71.23636363636363
409.64,-59.5,363.7320911929231,32.15372393247269
631.03,214.39,363.7320911929231,185.61302013422815
911.66,0.0,363.7320911929231,18.41794117647059
154.28,508.83510752688176,363.7320911929231,114.72216216216215
413.29,195.75224913494807,363.7320911929231,0.0
701.02,-12.324545454545458,363.7320911929231,5.649295550847458
264.84,283.1751351351351,363.7320911929231,5.0842673796791455
622.04,114.68700000000001,363.7320911929231,32.15372393247269
17673.0,175.0411904761905,363.7320911929231,16.727272727272727
1236.08,215.1169805194805,363.7320911929231,32.15372393247269
188.36,252.6989830508475,363.7320911929231,5.0842673796791455
2594.17,-7.130000000000109,363.7320911929231,41.924557021677664
355.72,265.61896265560165,363.7320911929231,5.649295550847458
514.91,121.71318327974278,363.7320911929231,0.0
410.68,351.42589473684217,363.7320911929231,5.0842673796791455
1954.77,132.06352941176476,363.7320911929231,32.15372393247269
579.63,351.42589473684217,363.7320911929231,5.0842673796791455
962.84,84.17714285714281,363.7320911929231,41.924557021677664
2242.9,187.98075657894734,363.7320911929231,332.426829268293
473.0,0.0,363.7320911929231,233.79176470588237
665.59,0.0,363.7320911929231,41.924557021677664
3100.0,111.53585635359119,363.7320911929231,456.69565217391306
662.44,164.14999999999998,363.7320911929231,41.924557021677664
796.65,-236.62,363.7320911929231,41.924557021677664
320.47,0.0,363.7320911929231,18.41794117647059
540.02,376.51,363.7320911929231,694.994625
1331.3,486.77029069767445,363.7320911929231,2707.9079166666666
186.52,121.08398843930635,363.7320911929231,5.649295550847458
989.43,121.71318327974278,363.7320911929231,2707.9079166666666
912.94,-114.69000000000004,363.7320911929231,41.924557021677664
311.0,2.509333333333355,363.7320911929231,0.0
189.0,215.1169805194805,363.7320911929231,141.12833333333333
467.99,28.96202247191011,363.7320911929231,32.15372393247269
216.97,883.5747142857142,363.7320911929231,41.924557021677664
2227.0,338.7142857142857,363.7320911929231,174.47120879120877
523.78,0.0,363.7320911929231,5.0842673796791455
1400.0,381.89819935691315,363.7320911929231,0.0
885.63,88.62431952662725,363.7320911929231,185.61302013422815
668.54,381.89819935691315,363.7320911929231,0.0
749.0,265.61896265560165,363.7320911929231,421.2039097744361
758.0,111.53585635359119,363.7320911929231,5.730666666666669
1299.0,260.3768181818182,363.7320911929231,347.43000000000006
844.0,215.1169805194805,363.7320911929231,669.1571205357143
297.0,0.0,363.7320911929231,421.2039097744361
297.0,121.71318327974278,363.7320911929231,114.72216216216215
1162.56,0.0,363.7320911929231,185.61302013422815
4147.07,0.0,363.7320911929231,332.426829268293
736.13,486.77029069767445,363.7320911929231,2707.9079166666666
3638.0,195.75224913494807,363.7320911929231,3.5972222222222223
8797.0,2459.0,363.7320911929231,669.1571205357143
237.52,149.50630630630627,363.7320911929231,0.0
295.24,0.0,363.7320911929231,5.649295550847458
723.13,0.0,363.7320911929231,5.649295550847458
230.41,187.98075657894734,363.7320911929231,16.512476190476193
5136.15,187.98075657894734,363.7320911929231,16.512476190476193
961.67,315.531675,363.7320911929231,0.0
3419.95,331.8455357142857,363.7320911929231,32.15372393247269
467.99,223.70475409836064,363.7320911929231,41.924557021677664
1229.32,121.08398843930635,363.7320911929231,-401.63666666666654
789.26,177.61824742268038,363.7320911929231,41.924557021677664
1256.9,270.7600688705234,363.7320911929231,5.0842673796791455
6654.0,956.9821886792453,363.7320911929231,715.124375
909.02,270.7600688705234,363.7320911929231,5.0842673796791455
396.17,215.1169805194805,363.7320911929231,5.649295550847458
8914.0,0.0,363.7320911929231,6.500000000000007
187.09,270.7600688705234,363.7320911929231,5.0842673796791455
1524.71,389.24,363.7320911929231,41.924557021677664
7612.33,123.14413793103449,363.7320911929231,0.0
409.64,-59.5,363.7320911929231,32.15372393247269
720.4,6.324500000000002,363.7320911929231,5.0842673796791455
4079.95,0.0,363.7320911929231,248.22134969325154
736.13,486.77029069767445,363.7320911929231,2707.9079166666666
280.75,270.7600688705234,363.7320911929231,41.924557021677664
625.64,270.7600688705234,363.7320911929231,5.0842673796791455
877.34,956.9821886792453,363.7320911929231,464.6008888888889
1129.33,16.080000000000155,363.7320911929231,41.924557021677664
696.65,79.94000000000005,363.7320911929231,41.924557021677664
315.56,351.42589473684217,363.7320911929231,5.0842673796791455
3055.0,123.14413793103449,363.7320911929231,1258.623466666667
183.65,956.9821886792453,363.7320911929231,114.72216216216215
886.69,0.0,363.7320911929231,5.649295550847458
6654.0,0.0,363.7320911929231,715.124375
862.0,215.1169805194805,363.7320911929231,32.15372393247269
267.0,114.68700000000001,363.7320911929231,159.6880821917808
1116.13,28.96202247191011,363.7320911929231,32.15372393247269
813.0,104.04144736842105,363.7320911929231,71.23636363636363
578.02,111.53585635359119,363.7320911929231,41.924557021677664
561.74,-12.324545454545458,363.7320911929231,2.9732515337423315
1017.99,-590.45,363.7320911929231,41.924557021677664
156.36,0.0,363.7320911929231,14.112676056338028
799.64,544.0854679802956,363.7320911929231,14.872403100775186
385.0,486.77029069767445,363.7320911929231,241.09153846153842
2842.0,3858.0,363.7320911929231,421.2039097744361
177.34,123.14413793103449,363.7320911929231,113.0609756097561
1368.19,-239.04999999999995,363.7320911929231,41.924557021677664
4243.64,315.531675,363.7320911929231,55.21866666666667
682.9,270.7600688705234,363.7320911929231,669.1571205357143
211.94,0.0,363.7320911929231,41.97798701298701
1553.76,88.62431952662725,363.7320911929231,32.15372393247269
227.96,114.68700000000001,363.7320911929231,41.97798701298701
154.28,508.83510752688176,363.7320911929231,432.323
567.03,121.08398843930635,363.7320911929231,2423.0200000000004
1856.36,7.646978021978025,363.7320911929231,485.91
7254.37,0.0,363.7320911929231,16.512476190476193
535.03,270.7600688705234,363.7320911929231,5.649295550847458
210.45,381.89819935691315,363.7320911929231,1085.1044444444444
2344.0,0.0,363.7320911929231,114.72216216216215
842.25,111.53585635359119,363.7320911929231,0.0
293.3,956.9821886792453,363.7320911929231,464.6008888888889
899.45,6.324500000000002,363.7320911929231,5.0842673796791455
519.0,195.75224913494807,363.7320911929231,248.22134969325154
13805.0,121.71318327974278,363.7320911929231,669.1571205357143
483.87,351.42589473684217,363.7320911929231,5.0842673796791455
1080.58,315.531675,363.7320911929231,0.0
250.18,111.53585635359119,363.7320911929231,0.0
936.26,-104.05999999999996,363.7320911929231,41.924557021677664
1225.21,215.1169805194805,363.7320911929231,0.0
1123.17,-19.950000000000045,363.7320911929231,41.924557021677664
167.97,381.89819935691315,363.7320911929231,5.649295550847458
1540.0,0.1300000000001091,363.7320911929231,0.06500000000005456
424.81,486.77029069767445,363.7320911929231,0.0
335.75,381.89819935691315,363.7320911929231,0.0
31876.39,456.47955974842785,363.7320911929231,3403.419032258065
12366.0,149.50630630630627,363.7320911929231,2807.3
1878.0,204.78,363.7320911929231,421.2039097744361
592.61,456.47955974842785,363.7320911929231,0.0
662.44,106.38125,363.7320911929231,32.15372393247269
1511.57,111.53585635359119,363.7320911929231,5.649295550847458
1188.97,132.68696,363.7320911929231,0.0
890.36,270.7600688705234,363.7320911929231,-1.0
734.0,0.0099999999999909,363.7320911929231,55.73203703703703
499.21,195.75224913494807,363.7320911929231,0.0
2869.65,-12.324545454545458,363.7320911929231,18.41794117647059
188.8,123.14413793103449,363.7320911929231,5.649295550847458
492.12,56.79416988416988,363.7320911929231,5.649295550847458
5111.33,1588.67,363.7320911929231,174.47120879120877
609.0,0.0,363.7320911929231,1910.85
418.89,0.0,363.7320911929231,5.649295550847458
12200.1,381.89819935691315,363.7320911929231,2.127659574468085
292.23,0.0,363.7320911929231,5.0842673796791455
2208.68,381.89819935691315,363.7320911929231,41.924557021677664
206.9,0.0,363.7320911929231,5.0842673796791455
693.97,270.7600688705234,363.7320911929231,5.0842673796791455
404.0,0.0,363.7320911929231,174.47120879120877
1017.99,-590.45,363.7320911929231,41.924557021677664
611.8,956.9821886792453,363.7320911929231,18.41794117647059
2190.54,544.0854679802956,363.7320911929231,174.47120879120877
2123.7,345.88800000000003,363.7320911929231,1537.8174226804128
758.0,-12.324545454545458,363.7320911929231,184.53666666666672
43367.0,0.0,363.7320911929231,1910.85
5550.0,62.043461538461536,363.7320911929231,174.47120879120877
1373.06,314.19000000000005,363.7320911929231,41.924557021677664
715.97,145.4,363.7320911929231,32.15372393247269
3807.77,5771.8099999999995,363.7320911929231,5771.8099999999995
9028.0,0.0,363.7320911929231,669.1571205357143
1200.42,508.83510752688176,363.7320911929231,32.15372393247269
1344.78,-52.07999999999993,363.7320911929231,41.924557021677664
2002.0,0.0,363.7320911929231,5.730666666666669
187.09,270.7600688705234,363.7320911929231,5.0842673796791455
406.54,0.0,363.7320911929231,5.649295550847458
3419.95,331.8455357142857,363.7320911929231,32.15372393247269
382.61,123.14413793103449,363.7320911929231,0.0
637.95,576.74,363.7320911929231,694.994625
1154.49,24.57199999999999,363.7320911929231,41.924557021677664
304.0,-40.225445544554454,363.7320911929231,74.02
652.33,-0.4500000000000455,363.7320911929231,41.924557021677664
1428.19,11.159999999999854,363.7320911929231,41.924557021677664
205.0,223.70475409836064,363.7320911929231,2512.6315789473683
1028.0,486.77029069767445,363.7320911929231,168.97500000000002
2898.28,187.98075657894734,363.7320911929231,16.512476190476193
1564.23,-300.80999999999995,363.7320911929231,41.924557021677664
10228.0,270.7600688705234,363.7320911929231,669.1571205357143
108000.0,53.03571428571427,363.7320911929231,0.0
861.06,-235.65999999999997,363.7320911929231,16.512476190476193
1305.0,315.531675,363.7320911929231,18.41794117647059
2379.84,394.0747826086957,363.7320911929231,669.1571205357143
421.65,-192.71,363.7320911929231,14714.00484848485
204.42,115.06428571428569,363.7320911929231,5.649295550847458
286.72,0.0,363.7320911929231,5.0842673796791455
690.71,-12.324545454545458,363.7320911929231,0.0
513.82,187.98075657894734,363.7320911929231,41.97798701298701
361.24,-3.1899999999999977,363.7320911929231,5.649295550847458
1273.72,0.0,363.7320911929231,5.649295550847458
1928.0,121.71318327974278,363.7320911929231,114.72216216216215
1111.0,115.06428571428569,363.7320911929231,174.47120879120877
157.69,215.1169805194805,363.7320911929231,5.649295550847458
2123.7,345.88800000000003,363.7320911929231,1537.8174226804128
166.52,508.83510752688176,363.7320911929231,41.924557021677664
1007.0,204.78,363.7320911929231,174.47120879120877
1358.31,-195.8699999999999,363.7320911929231,41.924557021677664
441.41,456.47955974842785,363.7320911929231,5.0842673796791455
360.81,0.0,363.7320911929231,0.0
1622.27,131.69444444444457,363.7320911929231,571.6111111111111
344.71,270.7600688705234,363.7320911929231,5.0842673796791455
409.64,-17.0,363.7320911929231,41.924557021677664
295.06,201.01747572815538,363.7320911929231,41.924557021677664
2285.81,429.8899999999999,363.7320911929231,772.0536842105263
2735.0,0.0,363.7320911929231,174.47120879120877
5748.04,0.0,363.7320911929231,3403.419032258065
325.24,14.920000000000016,363.7320911929231,5.649295550847458
2496.0,62.043461538461536,363.7320911929231,421.2039097744361
768.0,270.7600688705234,363.7320911929231,159.6880821917808
479.15,0.0,363.7320911929231,-480.9000000000001
1718.59,456.47955974842785,363.7320911929231,5.0842673796791455
1256.9,0.0,363.7320911929231,5.0842673796791455
1516.45,364.80999999999995,363.7320911929231,136.80374999999998
32850.0,-9.0,363.7320911929231,-3.6
457.72,270.7600688705234,363.7320911929231,41.924557021677664
408.94,-23.840000000000018,363.7320911929231,174.47120879120877
273.78,381.89819935691315,363.7320911929231,2.9732515337423315
403.22,0.0,363.7320911929231,5.649295550847458
1181.68,116.07999999999991,363.7320911929231,41.924557021677664
2140.0,326.00631578947366,363.7320911929231,113.0609756097561
1060.67,3356.54,363.7320911929231,1572.5226666666665
1203.89,-40.225445544554454,363.7320911929231,14.872403100775186
561.91,6.324500000000002,363.7320911929231,5.0842673796791455
194.88,-40.225445544554454,363.7320911929231,5.649295550847458
199.96,-12.324545454545458,363.7320911929231,248.22134969325154
1843.59,-596.04,363.7320911929231,41.924557021677664
1019.17,149.50630630630627,363.7320911929231,5.649295550847458
580.61,381.89819935691315,363.7320911929231,0.0
328.3,175.0411904761905,363.7320911929231,18.41794117647059
1436.8,-135.26,363.7320911929231,41.924557021677664
220.89,145.4,363.7320911929231,5.649295550847458
1386.41,265.61896265560165,363.7320911929231,41.924557021677664
471.0,311.55612903225807,363.7320911929231,14.872403100775186
1037.0,175.0411904761905,363.7320911929231,16.727272727272727
1813.0,215.1169805194805,363.7320911929231,0.0
567.03,121.71318327974278,363.7320911929231,2423.0200000000004
230.06,106.38125,363.7320911929231,0.0
1499.12,0.0,363.7320911929231,41.924557021677664
1539.75,378.74,363.7320911929231,41.924557021677664
228.39,201.01747572815538,363.7320911929231,5.0842673796791455
859.67,0.0,363.7320911929231,5.0842673796791455
558.12,88.62431952662725,363.7320911929231,23.371704545454545
413.29,106.38125,363.7320911929231,0.0
837.34,88.62431952662725,363.7320911929231,185.61302013422815
13805.0,-2022.0,363.7320911929231,669.1571205357143
789.0,121.08398843930635,363.7320911929231,32.15372393247269
380.47,2.409473684210519,363.7320911929231,29.266851851851854
232.29,27.634043715847,363.7320911929231,5.0842673796791455
351.12,-31.50299212598425,363.7320911929231,5.0842673796791455
1097.57,-42.33999999999992,363.7320911929231,41.924557021677664
227.19,0.0,363.7320911929231,5.649295550847458
1818.46,114.68700000000001,363.7320911929231,32.15372393247269
510.85,0.0,363.7320911929231,16.512476190476193
293.3,508.83510752688176,363.7320911929231,464.6008888888889
1554.21,-312.31999999999994,363.7320911929231,41.924557021677664
423.39,381.89819935691315,363.7320911929231,669.1571205357143
309.63,0.0,363.7320911929231,5.649295550847458
5021.76,315.531675,363.7320911929231,8552.1625
14323.0,351.42589473684217,363.7320911929231,1537.8174226804128
500.0,84.0,363.7320911929231,889.8235294117648
143.23,270.7600688705234,363.7320911929231,23.371704545454545
244.99,121.08398843930635,363.7320911929231,0.0
1769.5,195.75224913494807,363.7320911929231,32.15372393247269
412.3,270.7600688705234,363.7320911929231,669.1571205357143
219.9,111.53585635359119,363.7320911929231,571.6111111111111
373.0,51.62951923076919,363.7320911929231,0.0
2289.52,-65.80999999999995,363.7320911929231,41.924557021677664
246.0,-12.324545454545458,363.7320911929231,0.0
314.1,369.47,363.7320911929231,211.46791666666672
255.37,175.0411904761905,363.7320911929231,0.0
286.0,132.68696,363.7320911929231,5.649295550847458
1494.31,51.75999999999999,363.7320911929231,41.924557021677664
5281.94,133.17636363636365,363.7320911929231,3403.419032258065
4997.04,270.7600688705234,363.7320911929231,5.0842673796791455
697.0,0.0,363.7320911929231,174.47120879120877
519.0,195.75224913494807,363.7320911929231,248.22134969325154
315.56,351.42589473684217,363.7320911929231,5.0842673796791455
2478.23,56.79416988416988,363.7320911929231,1648.9999999999995
500.0,175.0411904761905,363.7320911929231,-58.0
560.72,956.9821886792453,363.7320911929231,0.0
188.36,0.0,363.7320911929231,5.0842673796791455
204.1,0.0,363.7320911929231,5.0842673796791455
1299.36,223.70475409836064,363.7320911929231,41.924557021677664
431.78,-10.89734042553192,363.7320911929231,5.0842673796791455
509.65,111.53585635359119,363.7320911929231,5.649295550847458
2658.34,520.001304347826,363.7320911929231,669.1571205357143
747.0,0.0,363.7320911929231,6.500000000000007
484.57,104.04144736842105,363.7320911929231,18.41794117647059
1020.84,214.8100000000001,363.7320911929231,32.15372393247269
3029.0,0.0399999999999636,363.7320911929231,0.01499999999998635
1841.92,111.53585635359119,363.7320911929231,41.924557021677664
1430.0,0.0,363.7320911929231,760.053
335.97,132.68696,363.7320911929231,0.0
813.0,104.04144736842105,363.7320911929231,71.23636363636363
250.18,-12.324545454545458,363.7320911929231,184.53666666666672
1193.55,175.0411904761905,363.7320911929231,-0.001315789473683013
739.39,15.430000000000064,363.7320911929231,41.924557021677664
154.49,0.0,363.7320911929231,5.649295550847458
1973.98,111.53585635359119,363.7320911929231,41.924557021677664
192.67,0.0,363.7320911929231,5.649295550847458
199.05,132.68696,363.7320911929231,5.649295550847458
631.76,215.1169805194805,363.7320911929231,5.649295550847458
513.99,187.98075657894734,363.7320911929231,-0.001315789473683013
2584.1,0.0,363.7320911929231,0.0
292.8,110.92583333333334,363.7320911929231,5.0842673796791455
751.03,56.79416988416988,363.7320911929231,155.60470588235296
471.0,311.55612903225807,363.7320911929231,14.872403100775186
1207.0,223.70475409836064,363.7320911929231,18.41794117647059
385.15,110.92583333333334,363.7320911929231,5.649295550847458
277.44,20.863030303030303,363.7320911929231,5.0842673796791455
6654.0,956.9821886792453,363.7320911929231,715.124375
355.36,56.79416988416988,363.7320911929231,32.15372393247269
2907.0,123.14413793103449,363.7320911929231,635.6234693877551
450.65,0.0,363.7320911929231,5.649295550847458
4225.59,166.32,363.7320911929231,32.15372393247269
1813.0,544.0854679802956,363.7320911929231,332.426829268293
423.39,381.89819935691315,363.7320911929231,669.1571205357143
211.09,-4.530000000000001,363.7320911929231,5.649295550847458
1415.34,314.35000000000014,363.7320911929231,41.924557021677664
205.0,223.70475409836064,363.7320911929231,2512.6315789473683
5365.88,114.68700000000001,363.7320911929231,-0.001315789473683013
1284.0,121.71318327974278,363.7320911929231,114.72216216216215
6708.0,381.89819935691315,363.7320911929231,2.127659574468085
784.35,-124.83000000000004,363.7320911929231,41.924557021677664
297.25,0.0,363.7320911929231,5.649295550847458
165.13,311.55612903225807,363.7320911929231,1910.85
370.0,0.0,363.7320911929231,174.47120879120877
431.0,187.98075657894734,363.7320911929231,185.61302013422815
1200.42,508.83510752688176,363.7320911929231,32.15372393247269
764.02,-197.05999999999997,363.7320911929231,41.924557021677664
6941.4,56.79416988416988,363.7320911929231,0.0
1991.71,-159.04999999999995,363.7320911929231,41.924557021677664
1909.98,835.7599999999998,363.7320911929231,32.15372393247269
31876.39,0.0100000000020372,363.7320911929231,3403.419032258065
630.37,381.89819935691315,363.7320911929231,0.0
386.51,270.7600688705234,363.7320911929231,5.0842673796791455
690.71,111.53585635359119,363.7320911929231,0.0
1212.56,-9.450000000000044,363.7320911929231,41.924557021677664
210.0,31.132499999999993,363.7320911929231,13.04352941176471
978.44,0.0,363.7320911929231,-480.9000000000001
408.94,-23.840000000000018,363.7320911929231,174.47120879120877
1368.91,137.48202702702702,363.7320911929231,32.15372393247269
166.0,223.70475409836064,363.7320911929231,499.0127272727272
1652.4,119.48000000000002,363.7320911929231,41.924557021677664
1565.47,76.86607142857143,363.7320911929231,32.15372393247269
1038.84,381.89819935691315,363.7320911929231,41.924557021677664
1401.87,201.01747572815538,363.7320911929231,41.924557021677664
1203.89,544.0854679802956,363.7320911929231,14.872403100775186
156.36,270.7600688705234,363.7320911929231,14.112676056338028
609.63,121.71318327974278,363.7320911929231,32.15372393247269
743.73,381.89819935691315,363.7320911929231,1085.1044444444444
2061.86,-12.324545454545458,363.7320911929231,5.649295550847458
362.81,381.89819935691315,363.7320911929231,561.603076923077
2032.15,-367.9500000000001,363.7320911929231,41.924557021677664
603.08,25.409999999999968,363.7320911929231,41.924557021677664
279.01,0.0,363.7320911929231,5.0842673796791455
468.0,315.531675,363.7320911929231,54.444366197183115
768.76,0.0,363.7320911929231,5.0842673796791455
693.0,381.89819935691315,363.7320911929231,0.0
281.35,215.1169805194805,363.7320911929231,669.1571205357143
747.0,544.0854679802956,363.7320911929231,6.500000000000007
389.1,114.68700000000001,363.7320911929231,-0.003103448275859245
620.3,-74.12222222222222,363.7320911929231,5.0842673796791455
197.26,145.4,363.7320911929231,5.649295550847458
222.61,956.9821886792453,363.7320911929231,5.649295550847458
621.4,315.531675,363.7320911929231,185.61302013422815
1711.38,381.89819935691315,363.7320911929231,41.924557021677664
31876.39,-0.0005714285713890743,363.7320911929231,3403.419032258065
495.59,149.50630630630627,363.7320911929231,6.2899999999999965
34627.0,260.3768181818182,363.7320911929231,669.1571205357143
286.72,270.7600688705234,363.7320911929231,5.0842673796791455
379.0,265.61896265560165,363.7320911929231,174.47120879120877
977.33,508.83510752688176,363.7320911929231,32.15372393247269
973.07,381.89819935691315,363.7320911929231,0.0
192.93,0.0,363.7320911929231,5.649295550847458
410.26,315.531675,363.7320911929231,0.0
205.87,88.62431952662725,363.7320911929231,23.371704545454545
720.67,145.4,363.7320911929231,32.15372393247269
1304.62,0.0,363.7320911929231,1537.8174226804128
650.85,883.5747142857142,363.7320911929231,0.0
159.77,0.0,363.7320911929231,0.0
216.68,145.4,363.7320911929231,5.0842673796791455
237.64,0.3600000000000136,363.7320911929231,192.9492857142857
223.46,0.0,363.7320911929231,5.649295550847458
435.0,5678.785454545454,363.7320911929231,407.5
27212.96,121.08398843930635,363.7320911929231,0.0066666666668121835
1810.56,472.5091428571429,363.7320911929231,1471.4126865671642
399.2,56.79416988416988,363.7320911929231,0.0
1939.23,-28.819999999999936,363.7320911929231,41.924557021677664
297.0,62.043461538461536,363.7320911929231,421.2039097744361
848.07,381.89819935691315,363.7320911929231,1085.1044444444444
243.52,187.98075657894734,363.7320911929231,16.512476190476193
750.53,205.25,363.7320911929231,41.924557021677664
278.28,187.98075657894734,363.7320911929231,2.9732515337423315
686.0,0.0,363.7320911929231,248.22134969325154
2429.52,104.04144736842105,363.7320911929231,41.924557021677664
726.46,381.89819935691315,363.7320911929231,694.994625
5281.94,0.0,363.7320911929231,3403.419032258065
961.0,201.01747572815538,363.7320911929231,41.924557021677664
987.1,-139.04000000000008,363.7320911929231,41.924557021677664
2026.05,0.0,363.7320911929231,5.0842673796791455
1895.74,137.48202702702702,363.7320911929231,32.15372393247269
385.15,283.1751351351351,363.7320911929231,5.649295550847458
237.52,149.50630630630627,363.7320911929231,0.0
382.61,132.68696,363.7320911929231,0.0
1504.37,7.646978021978025,363.7320911929231,32.15372393247269
1063.57,508.83510752688176,363.7320911929231,32.15372393247269
4500.0,315.531675,363.7320911929231,0.0
339.87,187.98075657894734,363.7320911929231,16.512476190476193
516.96,265.61896265560165,363.7320911929231,5.649295550847458
275.5,0.0,363.7320911929231,5.0842673796791455
726.9,-10.89734042553192,363.7320911929231,5.0842673796791455
1938.85,456.47955974842785,363.7320911929231,0.0
1101.79,110.47000000000004,363.7320911929231,41.924557021677664
2531.99,265.61896265560165,363.7320911929231,41.924557021677664
150.86,121.08398843930635,363.7320911929231,41.924557021677664
667.0,51.62951923076919,363.7320911929231,0.0
1912.17,133.17636363636365,363.7320911929231,32.15372393247269
18936.0,-1111.0,363.7320911929231,669.1571205357143
385.0,265.61896265560165,363.7320911929231,0.0
750.81,-123.89999999999998,363.7320911929231,41.924557021677664
2058.79,381.89819935691315,363.7320911929231,41.924557021677664
865.0,381.89819935691315,363.7320911929231,1910.85
4460.0,390.0,363.7320911929231,1910.85
2496.0,0.0,363.7320911929231,421.2039097744361
2070.44,88.62431952662725,363.7320911929231,32.15372393247269
258.52,0.0,363.7320911929231,5.0842673796791455
220.62,7.646978021978025,363.7320911929231,0.0
625.61,-0.0005714285713890743,363.7320911929231,5.0842673796791455
164.89,351.42589473684217,363.7320911929231,5.0842673796791455
192.67,248.87452991452994,363.7320911929231,5.649295550847458
228.64,381.89819935691315,363.7320911929231,0.0
1141.67,111.53585635359119,363.7320911929231,5.649295550847458
461.64,0.0,363.7320911929231,83.60526315789474
172.0,315.531675,363.7320911929231,174.47120879120877
4939.78,111.53585635359119,363.7320911929231,0.0
430.24,27.634043715847,363.7320911929231,5.0842673796791455
2407.67,381.89819935691315,363.7320911929231,1085.1044444444444
1666.0,552.0,363.7320911929231,174.47120879120877
180.66,-12.324545454545458,363.7320911929231,0.0
445.22,508.83510752688176,363.7320911929231,5.649295550847458
423.18,187.98075657894734,363.7320911929231,5.649295550847458
2913.0,338.7142857142857,363.7320911929231,6.500000000000007
1260.74,-42.26999999999998,363.7320911929231,41.924557021677664
613.89,270.7600688705234,363.7320911929231,5.0842673796791455
2139.44,956.9821886792453,363.7320911929231,0.0
168.52,215.1169805194805,363.7320911929231,41.924557021677664
1032.3,7.646978021978025,363.7320911929231,32.15372393247269
360.81,0.0,363.7320911929231,0.0
606.61,544.0854679802956,363.7320911929231,5.649295550847458
334.64,-40.225445544554454,363.7320911929231,5.649295550847458
494.3,121.71318327974278,363.7320911929231,0.0
650.85,883.5747142857142,363.7320911929231,0.0
5801.05,111.53585635359119,363.7320911929231,0.007272727272885999
4302.06,166.32,363.7320911929231,32.15372393247269
861.06,-235.65999999999997,363.7320911929231,16.512476190476193
4754.42,4038.3692307692304,363.7320911929231,174.47120879120877
1007.97,22.670000000000073,363.7320911929231,41.924557021677664
957.95,270.7600688705234,363.7320911929231,5.0842673796791455
357.0,111.53585635359119,363.7320911929231,241.09153846153842
430.76,270.7600688705234,363.7320911929231,669.1571205357143
156.36,270.7600688705234,363.7320911929231,14.112676056338028
190.0,121.71318327974278,363.7320911929231,114.72216216216215
7196.47,381.89819935691315,363.7320911929231,1085.1044444444444
1924.75,-37.36999999999989,363.7320911929231,41.924557021677664
819.48,147.57999999999993,363.7320911929231,14.872403100775186
402.27,381.89819935691315,363.7320911929231,0.0
942.64,-23.840000000000018,363.7320911929231,1537.8174226804128
1181.68,116.07999999999991,363.7320911929231,41.924557021677664
228.97,351.42589473684217,363.7320911929231,5.0842673796791455
200.67,132.68696,363.7320911929231,5.649295550847458
1032.3,56.79416988416988,363.7320911929231,41.924557021677664
1985.38,-187.3800000000001,363.7320911929231,41.924557021677664
1703.48,331.8455357142857,363.7320911929231,32.15372393247269
1093.35,132.06000000000017,363.7320911929231,41.924557021677664
250.0,106.38125,363.7320911929231,141.12833333333333
1481.87,39.93307692307693,363.7320911929231,32.15372393247269
484.57,104.04144736842105,363.7320911929231,18.41794117647059
1225.21,215.1169805194805,363.7320911929231,0.0
159.77,270.7600688705234,363.7320911929231,0.0
1003.11,28.96202247191011,363.7320911929231,41.924557021677664
410.6,283.1751351351351,363.7320911929231,5.0842673796791455
237.52,270.7600688705234,363.7320911929231,0.0
2907.0,123.14413793103449,363.7320911929231,635.6234693877551
1855.59,668.2700000000002,363.7320911929231,41.924557021677664
861.23,158.62,363.7320911929231,41.924557021677664
484.0,175.0411904761905,363.7320911929231,669.1571205357143
13365.77,195.75224913494807,363.7320911929231,0.02749999999893282
836.24,-0.5,363.7320911929231,32.15372393247269
370.0,0.0,363.7320911929231,0.0
168.32,121.71318327974278,363.7320911929231,114.72216216216215
2269.49,0.0,363.7320911929231,0.0
562.45,133.17636363636365,363.7320911929231,5.649295550847458
1013.33,261.30000000000007,363.7320911929231,41.924557021677664
17237.8,111.53585635359119,363.7320911929231,332.426829268293
2429.52,-46.690000000000055,363.7320911929231,41.924557021677664
297.25,0.0,363.7320911929231,5.649295550847458
2714.95,133.17636363636365,363.7320911929231,32.15372393247269
499.79,121.08398843930635,363.7320911929231,5.649295550847458
592.61,-0.0005714285713890743,363.7320911929231,0.0
1358.31,98.936,363.7320911929231,32.15372393247269
355.79,0.0,363.7320911929231,5.0842673796791455
467.79,270.7600688705234,363.7320911929231,5.0842673796791455
13447.0,-6.881538461538464,363.7320911929231,715.124375
1182.94,195.75224913494807,363.7320911929231,41.924557021677664
300.0,486.77029069767445,363.7320911929231,5.649295550847458
320.64,121.71318327974278,363.7320911929231,41.924557021677664
461.42,238.67,363.7320911929231,-0.01666666666642413
501.0,315.531675,363.7320911929231,174.47120879120877
2115.44,175.0411904761905,363.7320911929231,41.97798701298701
370.0,270.7600688705234,363.7320911929231,0.0
680.0,0.0,363.7320911929231,669.1571205357143
1415.34,315.531675,363.7320911929231,32.15372393247269
5550.0,0.0,363.7320911929231,174.47120879120877
224.85,0.0,363.7320911929231,5.0842673796791455
1524.71,381.89819935691315,363.7320911929231,41.924557021677664
5369.18,-205.35333333333378,363.7320911929231,-220.5553333333338
650.85,883.5747142857142,363.7320911929231,0.0
1331.3,4608.79,363.7320911929231,2707.9079166666666
240.0,381.89819935691315,363.7320911929231,14.112676056338028
289.46,270.7600688705234,363.7320911929231,0.0
314.67,331.8455357142857,363.7320911929231,5.649295550847458
461.23,7.646978021978025,363.7320911929231,5.649295550847458
1384.79,111.65000000000008,363.7320911929231,41.924557021677664
998.71,0.0,363.7320911929231,0.0011764705882609705
2056.0,-5.344545454545455,363.7320911929231,174.47120879120877
20446.0,56.79416988416988,363.7320911929231,1228.6439795918368
1408.85,106.38125,363.7320911929231,5.649295550847458
5535.0,-76.36750000000004,363.7320911929231,669.1571205357143
467.79,78.39285714285715,363.7320911929231,5.0842673796791455
1912.17,-877.8700000000001,363.7320911929231,41.924557021677664
454.65,195.75224913494807,363.7320911929231,0.0
1622.27,131.69444444444457,363.7320911929231,571.6111111111111
1616.97,0.0,363.7320911929231,41.924557021677664
825.0,265.61896265560165,363.7320911929231,421.2039097744361
264.86,0.0,363.7320911929231,5.649295550847458
496.28,56.79416988416988,363.7320911929231,0.0
1019.97,956.9821886792453,363.7320911929231,5.649295550847458
676.18,149.50630630630627,363.7320911929231,5.0842673796791455
228.97,351.42589473684217,363.7320911929231,5.0842673796791455
792.89,215.1169805194805,363.7320911929231,1279.8325
4330.0,-6.242500000000002,363.7320911929231,6.500000000000007
1561.85,121.08398843930635,363.7320911929231,-480.9000000000001
189.31,0.0,363.7320911929231,5.649295550847458
1504.8,76.86607142857143,363.7320911929231,32.15372393247269
1195.0,315.531675,363.7320911929231,247.81440000000003
355.72,0.0,363.7320911929231,5.649295550847458
494.52,-74.12222222222222,363.7320911929231,-42.132999999999996
2111.95,381.89819935691315,363.7320911929231,41.924557021677664
6663.0,345.88800000000003,363.7320911929231,689.6153846153846
365.21,0.0,363.7320911929231,5.649295550847458
342.0,956.9821886792453,363.7320911929231,421.2039097744361
560.72,956.9821886792453,363.7320911929231,0.0
210.0,51.62951923076919,363.7320911929231,0.0
2329.45,24.7800000000002,363.7320911929231,669.1571205357143
1200.14,270.7600688705234,363.7320911929231,41.924557021677664
43367.0,56.79416988416988,363.7320911929231,1910.85
170.49,0.0,363.7320911929231,72.1
1938.85,456.47955974842785,363.7320911929231,0.0
352.69,7.646978021978025,363.7320911929231,5.649295550847458
358.72,270.7600688705234,363.7320911929231,5.0842673796791455
12333.57,-205.35333333333378,363.7320911929231,370.5014285714286
328.34,0.0,363.7320911929231,113.0609756097561
277.44,27.634043715847,363.7320911929231,5.0842673796791455
870.0,270.7600688705234,363.7320911929231,5.0842673796791455
2310.12,123.14413793103449,363.7320911929231,0.0
549.28,248.87452991452994,363.7320911929231,5.649295550847458
682.9,270.7600688705234,363.7320911929231,669.1571205357143
636.1,0.0,363.7320911929231,5.649295550847458
10228.0,270.7600688705234,363.7320911929231,669.1571205357143
553.3,153.09000000000003,363.7320911929231,5.649295550847458
1425.98,7.646978021978025,363.7320911929231,41.924557021677664
20446.0,0.0,363.7320911929231,1228.6439795918368
438.44,270.7600688705234,363.7320911929231,5.0842673796791455
859.41,187.98075657894734,363.7320911929231,-0.003103448275859245
522.45,121.71318327974278,363.7320911929231,332.426829268293
4970.0,132.68696,363.7320911929231,1258.623466666667
511.54,121.08398843930635,363.7320911929231,5.649295550847458
1105.23,121.71318327974278,363.7320911929231,41.97798701298701
5940.47,187.98075657894734,363.7320911929231,0.0
11843.75,121.71318327974278,363.7320911929231,1228.6439795918368
1216.9,195.75224913494807,363.7320911929231,18.41794117647059
1561.85,121.71318327974278,363.7320911929231,-480.9000000000001
2898.28,187.98075657894734,363.7320911929231,16.512476190476193
1729.68,56.79416988416988,363.7320911929231,0.0011764705882609705
344.99,270.7600688705234,363.7320911929231,669.1571205357143
685.76,283.1751351351351,363.7320911929231,-30.0
250.0,315.531675,363.7320911929231,0.0
220.62,56.79416988416988,363.7320911929231,0.0
2081.27,1185.79,363.7320911929231,1279.8325
1058.99,381.89819935691315,363.7320911929231,1085.1044444444444
613.89,0.0,363.7320911929231,5.0842673796791455
174.43,-15.564000000000004,363.7320911929231,5.0842673796791455
258.34,508.83510752688176,363.7320911929231,3.9130434782608696
500.88,6.324500000000002,363.7320911929231,5.0842673796791455
7500.8,0.0,363.7320911929231,0.0
4835.0,175.0411904761905,363.7320911929231,715.124375
1011.29,56.79416988416988,363.7320911929231,41.924557021677664
209.33,-10.89734042553192,363.7320911929231,185.61302013422815
272.49,133.17636363636365,363.7320911929231,5.649295550847458
2527.0,430.25,363.7320911929231,41.924557021677664
230.55,331.8455357142857,363.7320911929231,5.649295550847458
216.68,0.0,363.7320911929231,5.0842673796791455
220.62,56.79416988416988,363.7320911929231,0.0
2146.86,339.6500000000001,363.7320911929231,41.924557021677664
739.39,331.8455357142857,363.7320911929231,32.15372393247269
493.0,265.61896265560165,363.7320911929231,421.2039097744361
445.62,115.06428571428569,363.7320911929231,5.649295550847458
177.77,20.863030303030303,363.7320911929231,5.0842673796791455
794.7,-254.80000000000007,363.7320911929231,41.924557021677664
202.36,27.634043715847,363.7320911929231,5.0842673796791455
4686.09,0.0,363.7320911929231,464.6008888888889
389.1,0.0,363.7320911929231,-0.001315789473683013
1792.0,56.79416988416988,363.7320911929231,669.1571205357143
1581.0,187.98075657894734,363.7320911929231,16.727272727272727
389.1,0.0,363.7320911929231,-0.001315789473683013
226.58,215.1169805194805,363.7320911929231,5.649295550847458
252.2,0.0,363.7320911929231,5.649295550847458
493.42,-14.629999999999995,363.7320911929231,5.0842673796791455
246.6,45.06666666666667,363.7320911929231,5.649295550847458
467.79,270.7600688705234,363.7320911929231,5.0842673796791455
305.12,7.646978021978025,363.7320911929231,5.649295550847458
211.46,381.89819935691315,363.7320911929231,1085.1044444444444
734.0,223.70475409836064,363.7320911929231,55.73203703703703
174.96,265.61896265560165,363.7320911929231,2.9732515337423315
1384.72,381.89819935691315,363.7320911929231,694.994625
1005.59,7.646978021978025,363.7320911929231,32.15372393247269
538.0,201.01747572815538,363.7320911929231,1910.85
680.0,270.7600688705234,363.7320911929231,669.1571205357143
637.95,576.74,363.7320911929231,694.994625
182.33,381.89819935691315,363.7320911929231,83.97
194.93,381.89819935691315,363.7320911929231,23.371704545454545
603.08,25.409999999999968,363.7320911929231,41.924557021677664
859.67,133.17636363636365,363.7320911929231,5.0842673796791455
890.36,-1.0,363.7320911929231,-1.0
190.0,121.71318327974278,363.7320911929231,114.72216216216215
187.09,270.7600688705234,363.7320911929231,5.0842673796791455
2242.9,187.98075657894734,363.7320911929231,332.426829268293
1942.0,1200.7358333333332,363.7320911929231,760.053
1185.66,88.62431952662725,363.7320911929231,41.924557021677664
397.41,956.9821886792453,363.7320911929231,19198.74
2058.79,215.1169805194805,363.7320911929231,32.15372393247269
468.0,315.531675,363.7320911929231,54.444366197183115
174.34,0.0,363.7320911929231,5.649295550847458
752.89,6.324500000000002,363.7320911929231,5.0842673796791455
480.0,106.66666666666667,363.7320911929231,18.41794117647059
189.0,106.38125,363.7320911929231,141.12833333333333
979.08,187.98075657894734,363.7320911929231,-0.001315789473683013
225.71,6.324500000000002,363.7320911929231,669.1571205357143
245.3,0.0,363.7320911929231,5.0842673796791455
592.61,0.0,363.7320911929231,0.0
726.9,-10.89734042553192,363.7320911929231,5.0842673796791455
886.69,0.0,363.7320911929231,5.649295550847458
456.88,-10.89734042553192,363.7320911929231,5.0842673796791455
1452.43,265.61896265560165,363.7320911929231,41.924557021677664
4000.0,315.531675,363.7320911929231,0.0
502.68,175.0411904761905,363.7320911929231,-0.001315789473683013
421.15,0.0,363.7320911929231,5.649295550847458
2610.88,381.89819935691315,363.7320911929231,41.924557021677664
693.0,381.89819935691315,363.7320911929231,0.0
500.88,0.0,363.7320911929231,5.0842673796791455
504.0,-31.50299212598425,363.7320911929231,5.649295550847458
5850.83,0.0,363.7320911929231,16.512476190476193
410.6,-31.30000000000001,363.7320911929231,5.0842673796791455
234.08,351.42589473684217,363.7320911929231,5.0842673796791455
2165.23,177.61824742268038,363.7320911929231,41.924557021677664
1344.78,381.89819935691315,363.7320911929231,41.924557021677664
491.67,-6.242500000000002,363.7320911929231,0.0011764705882609705
24544.55,1496.022692307692,363.7320911929231,-0.01666666666642413
38953.0,883.5747142857142,363.7320911929231,60.10700000000001
727.28,381.89819935691315,363.7320911929231,0.0
238.78,121.71318327974278,363.7320911929231,5.649295550847458
2708.0,56.79416988416988,363.7320911929231,174.47120879120877
1319.75,111.53585635359119,363.7320911929231,29.266851851851854
483.88,315.531675,363.7320911929231,760.053
674.65,0.0,363.7320911929231,16.512476190476193
1003.38,177.61824742268038,363.7320911929231,41.924557021677664
345.6,486.77029069767445,363.7320911929231,0.0
3271.0,-11.758000000000001,363.7320911929231,174.47120879120877
600.0,381.89819935691315,363.7320911929231,13.04352941176471
5366.27,121.71318327974278,363.7320911929231,-480.9000000000001
1796.02,544.0854679802956,363.7320911929231,174.47120879120877
304.0,544.0854679802956,363.7320911929231,14.872403100775186
388.93,-47.24000000000001,363.7320911929231,5.649295550847458
331.0,0.0,363.7320911929231,174.47120879120877
1439.77,39.93307692307693,363.7320911929231,32.15372393247269
525.67,0.0,363.7320911929231,5.0842673796791455
324.09,0.0,363.7320911929231,5.649295550847458
280.57,215.1169805194805,363.7320911929231,5.649295550847458
311.02,-37.24000000000001,363.7320911929231,5.0842673796791455
224.44,0.0,363.7320911929231,5.649295550847458
822.88,0.0,363.7320911929231,0.0
1360.54,117.40000000000008,363.7320911929231,41.924557021677664
5748.04,0.0,363.7320911929231,3403.419032258065
172.0,315.531675,363.7320911929231,174.47120879120877
5850.83,76.86607142857143,363.7320911929231,0.0
588.18,195.75224913494807,363.7320911929231,248.22134969325154
334.27,0.0,363.7320911929231,16.512476190476193
2089.94,113.50999999999976,363.7320911929231,41.924557021677664
1813.0,215.1169805194805,363.7320911929231,0.0
399.2,56.79416988416988,363.7320911929231,0.0
885.63,88.62431952662725,363.7320911929231,185.61302013422815
486.45,0.0,363.7320911929231,5.0842673796791455
2000.0,0.0,363.7320911929231,174.47120879120877
1193.55,0.0,363.7320911929231,-0.001315789473683013
1444.94,108.81999999999994,363.7320911929231,41.924557021677664
216.97,145.4,363.7320911929231,32.15372393247269
1248.69,956.9821886792453,363.7320911929231,174.47120879120877
521.53,6.680000000000064,363.7320911929231,41.924557021677664
1103.86,-18.449999999999815,363.7320911929231,41.924557021677664
17673.0,0.0,363.7320911929231,16.727272727272727
1549.0,114.68700000000001,363.7320911929231,18.41794117647059
187.09,-39.08000000000001,363.7320911929231,5.0842673796791455
1024.91,381.89819935691315,363.7320911929231,0.0
2067.0,195.75224913494807,363.7320911929231,248.22134969325154
323.26,283.1751351351351,363.7320911929231,18.41794117647059
1895.74,177.61824742268038,363.7320911929231,41.924557021677664
751.03,7.646978021978025,363.7320911929231,155.60470588235296
166.66,472.5091428571429,363.7320911929231,0.0
297.88,0.0,363.7320911929231,0.0
578.85,0.0,363.7320911929231,5.649295550847458
461.54,28.96202247191011,363.7320911929231,41.924557021677664
468.0,88.62431952662725,363.7320911929231,54.444366197183115
162.73,315.531675,363.7320911929231,41.924557021677664
360.81,381.89819935691315,363.7320911929231,0.0
411.44,0.0,363.7320911929231,5.649295550847458
3633.58,270.7600688705234,363.7320911929231,1537.8174226804128
172.5,-12.324545454545458,363.7320911929231,5.649295550847458
287.0,177.61824742268038,363.7320911929231,2.9732515337423315
32850.0,51.62951923076919,363.7320911929231,-3.6
2954.53,0.0,363.7320911929231,2.127659574468085
521.36,486.77029069767445,363.7320911929231,464.6008888888889
760.16,0.0,363.7320911929231,5.0842673796791455
26405.14,115.06428571428569,363.7320911929231,1634.2714285714285
521.21,7.646978021978025,363.7320911929231,32.15372393247269
177.18,486.77029069767445,363.7320911929231,41.924557021677664
1181.76,176.97000000000003,363.7320911929231,41.924557021677664
525.67,-31.50299212598425,363.7320911929231,5.0842673796791455
1006.45,166.32,363.7320911929231,135.61071428571432
4330.0,-6.242500000000002,363.7320911929231,6.500000000000007
1555.13,9.529999999999973,363.7320911929231,41.924557021677664
747.29,-120.45999999999992,363.7320911929231,41.924557021677664
173.06,88.62431952662725,363.7320911929231,5.649295550847458
1142.62,381.89819935691315,363.7320911929231,5.649295550847458
2649.0,111.53585635359119,363.7320911929231,6.500000000000007
232.29,118.59,363.7320911929231,5.0842673796791455
342.0,956.9821886792453,363.7320911929231,421.2039097744361
6684.81,0.0,363.7320911929231,0.0
456.32,0.23500000000001364,363.7320911929231,41.924557021677664
395.62,111.53585635359119,363.7320911929231,5.649295550847458
186.29,0.0,363.7320911929231,5.649295550847458
2718.84,0.0,363.7320911929231,635.6234693877551
1856.36,7.646978021978025,363.7320911929231,485.91
1010.0,175.0411904761905,363.7320911929231,14.112676056338028
1424.77,714.4099999999999,363.7320911929231,41.924557021677664
2915.0,2994.0,363.7320911929231,669.1571205357143
317.74,-40.225445544554454,363.7320911929231,5.649295550847458
1402.0,1107.66,363.7320911929231,2707.9079166666666
957.95,0.0,363.7320911929231,5.0842673796791455
613.89,270.7600688705234,363.7320911929231,5.0842673796791455
1605.0,195.75224913494807,363.7320911929231,248.22134969325154
200.77,121.71318327974278,363.7320911929231,114.72216216216215
385.57,0.0,363.7320911929231,5.0842673796791455
223.46,0.0,363.7320911929231,5.649295550847458
34627.0,1598.0,363.7320911929231,669.1571205357143
313.56,115.06428571428569,363.7320911929231,5.649295550847458
927.22,260.3768181818182,363.7320911929231,32.15372393247269
262.0,0.0,363.7320911929231,0.0
397.41,956.9821886792453,363.7320911929231,19198.74
961.0,-317.36,363.7320911929231,41.924557021677664
230.45,14.460000000000008,363.7320911929231,5.0842673796791455
150000.0,394.0747826086957,363.7320911929231,55.73203703703703
1856.36,56.79416988416988,363.7320911929231,485.91
1470.73,-8.920000000000073,363.7320911929231,41.924557021677664
461.42,238.67,363.7320911929231,-0.01666666666642413
4060.0,901.0,363.7320911929231,1537.8174226804128
1703.48,945.3200000000002,363.7320911929231,41.924557021677664
431.0,187.98075657894734,363.7320911929231,185.61302013422815
1020.42,187.98075657894734,363.7320911929231,16.512476190476193
202.36,27.634043715847,363.7320911929231,5.0842673796791455
274.06,0.0,363.7320911929231,5.649295550847458
152.58,0.0,363.7320911929231,5.649295550847458
5969.0,0.0,363.7320911929231,174.47120879120877
904.04,270.7600688705234,363.7320911929231,5.0842673796791455
307.96,132.68696,363.7320911929231,5.649295550847458
224.41,381.89819935691315,363.7320911929231,174.47120879120877
428.8,0.0,363.7320911929231,5.649295550847458
371.04,56.79416988416988,363.7320911929231,0.0
736.75,-40.225445544554454,363.7320911929231,32.15372393247269
473.0,187.98075657894734,363.7320911929231,233.79176470588237
226.32,252.6989830508475,363.7320911929231,5.0842673796791455
540.35,215.1169805194805,363.7320911929231,5.649295550847458
521.9,110.64833333333331,363.7320911929231,298.19571428571425
4970.0,132.68696,363.7320911929231,1258.623466666667
866.32,0.0,363.7320911929231,5.0842673796791455
268.98,252.6989830508475,363.7320911929231,5.0842673796791455
678.0,278.87857142857143,363.7320911929231,571.6111111111111
1928.0,0.0,363.7320911929231,114.72216216216215
864.2,-19.81000000000006,363.7320911929231,41.924557021677664
307.66,956.9821886792453,363.7320911929231,421.2039097744361
386.51,0.0,363.7320911929231,5.0842673796791455
302.88,-31.50299212598425,363.7320911929231,5.649295550847458
384.27,0.0,363.7320911929231,23.371704545454545
386.51,270.7600688705234,363.7320911929231,5.0842673796791455
1851.47,555.6699999999998,363.7320911929231,41.924557021677664
790.78,-130.39999999999998,363.7320911929231,41.924557021677664
177.76,351.42589473684217,363.7320911929231,5.0842673796791455
171.0,315.531675,363.7320911929231,55.21866666666667
797.36,248.87452991452994,363.7320911929231,32.15372393247269
1200.14,270.7600688705234,363.7320911929231,32.15372393247269
151.0,137.48202702702702,363.7320911929231,1910.85
437.21,0.0,363.7320911929231,760.053
1006.99,381.89819935691315,363.7320911929231,5.649295550847458
906.47,351.42589473684217,363.7320911929231,-294.73
657.21,-10.89734042553192,363.7320911929231,5.0842673796791455
158.0,315.531675,363.7320911929231,54.444366197183115
166.25,56.79416988416988,363.7320911929231,0.0
459.97,123.14413793103449,363.7320911929231,267.06999999999994
385.57,0.0,363.7320911929231,5.0842673796791455
262.0,248.87452991452994,363.7320911929231,0.0
102.4,195.23,363.7320911929231,23.371704545454545
256.16,270.7600688705234,363.7320911929231,571.6111111111111
1910.0,0.0,363.7320911929231,174.47120879120877
846.82,0.0,363.7320911929231,5.0842673796791455
860.37,-245.94000000000003,363.7320911929231,5.0842673796791455
298.26,175.0411904761905,363.7320911929231,0.0
574.26,270.7600688705234,363.7320911929231,5.0842673796791455
548.0,28.96202247191011,363.7320911929231,174.47120879120877
483.87,351.42589473684217,363.7320911929231,5.0842673796791455
201.08,106.38125,363.7320911929231,5.649295550847458
26316.0,1496.022692307692,363.7320911929231,14714.00484848485
1382.0,544.0854679802956,363.7320911929231,174.47120879120877
479.15,121.71318327974278,363.7320911929231,-480.9000000000001
6708.0,381.89819935691315,363.7320911929231,2.127659574468085
311.18,351.42589473684217,363.7320911929231,5.0842673796791455
319.75,381.89819935691315,363.7320911929231,0.0
929.1,114.68700000000001,363.7320911929231,-0.003103448275859245
911.24,-138.01,363.7320911929231,41.924557021677664
159.85,20.863030303030303,363.7320911929231,5.0842673796791455
43367.0,7.646978021978025,363.7320911929231,3.5972222222222223
900.05,223.70475409836064,363.7320911929231,41.924557021677664
33690.0,381.89819935691315,363.7320911929231,0.0
2649.0,111.53585635359119,363.7320911929231,6.500000000000007
897.45,106.38125,363.7320911929231,32.15372393247269
17237.8,4543.100000000002,363.7320911929231,332.426829268293
1719.2,132.06352941176476,363.7320911929231,32.15372393247269
844.0,315.531675,363.7320911929231,760.053
685.99,956.9821886792453,363.7320911929231,41.924557021677664
938.29,889.8199999999999,363.7320911929231,3403.419032258065
237.64,0.3600000000000136,363.7320911929231,192.9492857142857
539.0,315.531675,363.7320911929231,2.9732515337423315
152.27,114.68700000000001,363.7320911929231,5.0842673796791455
309.63,0.0,363.7320911929231,5.649295550847458
1494.31,195.75224913494807,363.7320911929231,41.924557021677664
2067.67,602.5499999999997,363.7320911929231,41.924557021677664
1700.0,123.14413793103449,363.7320911929231,635.6234693877551
438.44,270.7600688705234,363.7320911929231,5.0842673796791455
1449.44,351.42589473684217,363.7320911929231,372.7999999999999
861.06,-235.65999999999997,363.7320911929231,16.512476190476193
4679.0,381.89819935691315,363.7320911929231,3.9130434782608696
329.0,315.531675,363.7320911929231,174.47120879120877
61109.0,22509.083333333332,363.7320911929231,14714.00484848485
1418.67,0.0,363.7320911929231,5.0842673796791455
2555.0,131.69444444444457,363.7320911929231,83.60526315789474
10947.0,381.89819935691315,363.7320911929231,0.0
295.06,133.17636363636365,363.7320911929231,32.15372393247269
1358.77,195.75224913494807,363.7320911929231,41.924557021677664
816.79,-30.18999999999994,363.7320911929231,5.0842673796791455
2649.0,0.4400000000000545,363.7320911929231,6.500000000000007
300.58,33.900000000000034,363.7320911929231,41.924557021677664
592.61,456.47955974842785,363.7320911929231,0.0
2838.86,121.08398843930635,363.7320911929231,0.0
402.27,0.0,363.7320911929231,0.0
535.18,-0.0099999999999909,363.7320911929231,-0.003103448275859245
540.24,381.89819935691315,363.7320911929231,41.924557021677664
4526.12,0.0,363.7320911929231,3403.419032258065
1080.58,315.531675,363.7320911929231,760.053
492.76,381.89819935691315,363.7320911929231,1279.8325
1340.15,-347.55000000000007,363.7320911929231,41.924557021677664
2899.77,98.936,363.7320911929231,32.15372393247269
33690.0,381.89819935691315,363.7320911929231,0.0
1162.8,56.79416988416988,363.7320911929231,41.924557021677664
152.58,0.0,363.7320911929231,5.649295550847458
10773.0,2151.5,363.7320911929231,717.158095238095
14105.83,456.47955974842785,363.7320911929231,2111.4774074074076
412.3,164.7,363.7320911929231,669.1571205357143
20718.17,315.531675,363.7320911929231,8552.1625
860.0,0.0,363.7320911929231,669.1571205357143
5535.0,204.78,363.7320911929231,669.1571205357143
17195.0,111.53585635359119,363.7320911929231,1228.6439795918368
2155.95,456.3500000000003,363.7320911929231,41.924557021677664
461.05,0.0,363.7320911929231,0.0
635.28,270.7600688705234,363.7320911929231,669.1571205357143
1886.0,381.89819935691315,363.7320911929231,0.0
307.66,956.9821886792453,363.7320911929231,421.2039097744361
328.3,114.68700000000001,363.7320911929231,18.41794117647059
237.28,0.0,363.7320911929231,5.649295550847458
2009.11,-12.324545454545458,363.7320911929231,32.15372393247269
159.53,-11.758000000000001,363.7320911929231,41.924557021677664
234.08,0.0,363.7320911929231,5.0842673796791455
1016.0,102.0,363.7320911929231,29.266851851851854
232.99,351.42589473684217,363.7320911929231,5.0842673796791455
1876.0,265.61896265560165,363.7320911929231,421.2039097744361
1002.33,123.14413793103449,363.7320911929231,41.924557021677664
382.61,123.14413793103449,363.7320911929231,0.0
359.86,-31.50299212598425,363.7320911929231,5.0842673796791455
484.57,166.32,363.7320911929231,18.41794117647059
356.65,270.7600688705234,363.7320911929231,5.0842673796791455
410.26,315.531675,363.7320911929231,54.444366197183115
973.5,0.0,363.7320911929231,16.512476190476193
188.8,0.0,363.7320911929231,5.649295550847458
3504.21,0.0,363.7320911929231,0.0
2139.44,956.9821886792453,363.7320911929231,0.0
309.58,215.1169805194805,363.7320911929231,0.0
973.62,381.89819935691315,363.7320911929231,1085.1044444444444
189.0,106.38125,363.7320911929231,141.12833333333333
277.0,270.7600688705234,363.7320911929231,1910.85
4460.0,166.32,363.7320911929231,3.5972222222222223
3250.0,49.62999999999998,363.7320911929231,66.74000000000008
10151.04,956.9821886792453,363.7320911929231,19198.74
1364.14,115.06428571428569,363.7320911929231,32.15372393247269
1140.07,121.08398843930635,363.7320911929231,0.0
353.9,456.47955974842785,363.7320911929231,5.0842673796791455
320.47,265.61896265560165,363.7320911929231,18.41794117647059
573.96,145.4,363.7320911929231,5.649295550847458
857.91,177.61824742268038,363.7320911929231,41.924557021677664
359.86,0.0,363.7320911929231,5.0842673796791455
194.88,0.0,363.7320911929231,5.649295550847458
215.79,27.634043715847,363.7320911929231,5.0842673796791455
280.57,381.89819935691315,363.7320911929231,5.649295550847458
10228.0,1179.0,363.7320911929231,669.1571205357143
7844.25,410.75,363.7320911929231,669.1571205357143
1810.56,472.5091428571429,363.7320911929231,1471.4126865671642
161.73,27.634043715847,363.7320911929231,5.0842673796791455
342.0,956.9821886792453,363.7320911929231,421.2039097744361
1877.47,116.62999999999988,363.7320911929231,41.924557021677664
273.76,145.4,363.7320911929231,5.649295550847458
304.44,111.53585635359119,363.7320911929231,6.500000000000007
178.85,99.67999999999998,363.7320911929231,5.649295550847458
8797.0,2459.0,363.7320911929231,669.1571205357143
1264.9,0.0,363.7320911929231,5.0842673796791455
207.13,187.98075657894734,363.7320911929231,41.97798701298701
168.32,121.08398843930635,363.7320911929231,114.72216216216215
2531.99,115.06428571428569,363.7320911929231,41.924557021677664
581.74,0.0,363.7320911929231,174.47120879120877
184.89,456.47955974842785,363.7320911929231,5.0842673796791455
27212.96,0.0400000000008731,363.7320911929231,332.426829268293
483.87,351.42589473684217,363.7320911929231,5.0842673796791455
198.97,121.08398843930635,363.7320911929231,0.0
402.01,7.646978021978025,363.7320911929231,2.9732515337423315
1750.07,456.47955974842785,363.7320911929231,0.0
2211.29,544.0854679802956,363.7320911929231,174.47120879120877
1297.75,0.0,363.7320911929231,5.649295550847458
150.11,0.0,363.7320911929231,5.649295550847458
3605.73,28.96202247191011,363.7320911929231,32.15372393247269
499.0,252.6989830508475,363.7320911929231,18.41794117647059
189.21,544.0854679802956,363.7320911929231,14.872403100775186
2029.17,648.06,363.7320911929231,41.924557021677664
1383.78,0.0,363.7320911929231,5.0842673796791455
1517.87,76.86607142857143,363.7320911929231,32.15372393247269
605.76,6.324500000000002,363.7320911929231,5.0842673796791455
3631.0,0.0,363.7320911929231,55.73203703703703
264.84,110.92583333333334,363.7320911929231,5.0842673796791455
502.0,76.86607142857143,363.7320911929231,1228.6439795918368
621.4,315.531675,363.7320911929231,185.61302013422815
164.6,121.71318327974278,363.7320911929231,23.371704545454545
574.26,270.7600688705234,363.7320911929231,5.0842673796791455
567.03,121.71318327974278,363.7320911929231,2423.0200000000004
627.31,187.98075657894734,363.7320911929231,41.97798701298701
752.89,0.0,363.7320911929231,5.0842673796791455
1750.07,456.47955974842785,363.7320911929231,0.0
4744.0,51.62951923076919,363.7320911929231,0.0
225.71,6.324500000000002,363.7320911929231,159.6880821917808
494.3,121.71318327974278,363.7320911929231,0.0
4051.8,381.89819935691315,363.7320911929231,41.924557021677664
6339.0,51.62951923076919,363.7320911929231,0.0
392.51,472.5091428571429,363.7320911929231,62.26999999999998
4803.0,520.001304347826,363.7320911929231,715.124375
183.99,270.7600688705234,363.7320911929231,0.0
10439.09,3317.51,363.7320911929231,1471.4126865671642
158.0,315.531675,363.7320911929231,54.444366197183115
2898.28,187.98075657894734,363.7320911929231,16.512476190476193
1810.04,260.3768181818182,363.7320911929231,32.15372393247269
908.47,187.98075657894734,363.7320911929231,16.512476190476193
309.58,0.0,363.7320911929231,0.0
581.74,88.62431952662725,363.7320911929231,174.47120879120877
568.12,956.9821886792453,363.7320911929231,5.649295550847458
371.93,472.5091428571429,363.7320911929231,5.649295550847458
609.0,175.0411904761905,363.7320911929231,1910.85
330.8,0.0,363.7320911929231,5.0842673796791455
2886.0,956.9821886792453,363.7320911929231,174.47120879120877
538.11,215.1169805194805,363.7320911929231,41.924557021677664
3591.76,0.0,363.7320911929231,0.0
159.77,149.50630630630627,363.7320911929231,0.0
521.21,-51.53000000000003,363.7320911929231,41.924557021677664
278.0,265.61896265560165,363.7320911929231,23.371704545454545
4060.0,901.0,363.7320911929231,1537.8174226804128
921.66,-40.225445544554454,363.7320911929231,0.0
1101.79,-12.324545454545458,363.7320911929231,32.15372393247269
579.0,0.0,363.7320911929231,18.41794117647059
690.71,111.53585635359119,363.7320911929231,0.0
887.0,0.0,363.7320911929231,18.41794117647059
484.5,486.77029069767445,363.7320911929231,0.0
554.66,0.0,363.7320911929231,5.0842673796791455
43367.0,56.79416988416988,363.7320911929231,1910.85
379.23,544.0854679802956,363.7320911929231,5.649295550847458
561.74,111.53585635359119,363.7320911929231,2.9732515337423315
230.45,283.1751351351351,363.7320911929231,5.0842673796791455
250.0,315.531675,363.7320911929231,54.444366197183115
452.81,145.4,363.7320911929231,5.649295550847458
2008.7,-12.324545454545458,363.7320911929231,5.649295550847458
578.98,351.42589473684217,363.7320911929231,5.0842673796791455
4147.07,0.0,363.7320911929231,332.426829268293
510.85,76.86607142857143,363.7320911929231,0.0
207.13,0.0,363.7320911929231,41.97798701298701
6663.0,0.0,363.7320911929231,407.5
210.0,51.62951923076919,363.7320911929231,0.0
936.12,-218.62,363.7320911929231,41.924557021677664
758.0,21.49000000000001,363.7320911929231,5.730666666666669
474.23,6.324500000000002,363.7320911929231,0.0
204.12,351.42589473684217,363.7320911929231,5.0842673796791455
227.62,0.0,363.7320911929231,1910.85
1060.16,106.38125,363.7320911929231,5.649295550847458
297.88,486.77029069767445,363.7320911929231,0.0
224.41,381.89819935691315,363.7320911929231,174.47120879120877
998.95,7.646978021978025,363.7320911929231,41.924557021677664
1038.84,215.1169805194805,363.7320911929231,32.15372393247269
2115.44,0.0,363.7320911929231,41.97798701298701
435.0,4749.373428571428,363.7320911929231,689.6153846153846
264.84,110.92583333333334,363.7320911929231,5.0842673796791455
5111.33,1588.67,363.7320911929231,174.47120879120877
1097.57,-42.33999999999992,363.7320911929231,41.924557021677664
325.0,137.48202702702702,363.7320911929231,141.12833333333333
1641.75,309.95000000000005,363.7320911929231,41.924557021677664
4103.0,1574.3999999999996,363.7320911929231,499.0127272727272
509.65,-25.22999999999996,363.7320911929231,5.649295550847458
277.0,270.7600688705234,363.7320911929231,1910.85
973.5,187.98075657894734,363.7320911929231,16.512476190476193
1030.65,287.41615384615386,363.7320911929231,669.1571205357143
170.49,123.14413793103449,363.7320911929231,72.1
9265.0,0.0,363.7320911929231,669.1571205357143
3742.0,1496.022692307692,363.7320911929231,-189.68178571428575
1433.28,544.0854679802956,363.7320911929231,174.47120879120877
2585.0,215.1169805194805,363.7320911929231,3.5972222222222223
564.05,0.0,363.7320911929231,5.0842673796791455
607.04,0.0,363.7320911929231,0.0
791.79,149.50630630630627,363.7320911929231,5.0842673796791455
1243.57,28.539999999999964,363.7320911929231,41.924557021677664
1686.22,123.14413793103449,363.7320911929231,192.9492857142857
665.02,187.98075657894734,363.7320911929231,485.91
320.47,115.06428571428569,363.7320911929231,18.41794117647059
3041.65,166.32,363.7320911929231,32.15372393247269
1247.43,28.96202247191011,363.7320911929231,32.15372393247269
553.3,195.75224913494807,363.7320911929231,5.649295550847458
250.0,187.98075657894734,363.7320911929231,141.12833333333333
795.18,15.530000000000086,363.7320911929231,41.924557021677664
183.56,119.42769230769233,363.7320911929231,5.0842673796791455
264.84,283.1751351351351,363.7320911929231,5.0842673796791455
1734.18,-195.71000000000004,363.7320911929231,41.924557021677664
215.79,27.634043715847,363.7320911929231,5.0842673796791455
278.0,265.61896265560165,363.7320911929231,23.371704545454545
210.0,8.301999999999998,363.7320911929231,13.04352941176471
158.0,88.62431952662725,363.7320911929231,54.444366197183115
347.15,956.9821886792453,363.7320911929231,18.41794117647059
418.89,0.0,363.7320911929231,5.649295550847458
251.88,145.4,363.7320911929231,5.649295550847458
1210.12,175.0411904761905,363.7320911929231,-0.001315789473683013
150.11,0.0,363.7320911929231,5.649295550847458
1420.0,956.9821886792453,363.7320911929231,1910.85
305.0,508.83510752688176,363.7320911929231,0.0
2165.23,177.61824742268038,363.7320911929231,41.924557021677664
840.93,-67.34999999999991,363.7320911929231,5.649295550847458
10151.04,508.83510752688176,363.7320911929231,19198.74
461.64,0.0,363.7320911929231,83.60526315789474
2920.69,565.0799999999999,363.7320911929231,41.924557021677664
329.14,-10.050000000000011,363.7320911929231,5.649295550847458
498.7,278.87857142857143,363.7320911929231,211.46791666666672
17195.0,-12.324545454545458,363.7320911929231,1228.6439795918368
2147.62,10.175,363.7320911929231,174.47120879120877
356.86,88.62431952662725,363.7320911929231,669.1571205357143
421.15,270.7600688705234,363.7320911929231,5.649295550847458
603.08,315.531675,363.7320911929231,41.924557021677664
277.44,27.634043715847,363.7320911929231,5.0842673796791455
2449.91,56.76999999999998,363.7320911929231,694.994625
160.0,956.9821886792453,363.7320911929231,14.112676056338028
752.89,6.324500000000002,363.7320911929231,5.0842673796791455
2147.62,10.175,363.7320911929231,174.47120879120877
2379.84,394.0747826086957,363.7320911929231,669.1571205357143
329.82,-132.95,363.7320911929231,41.924557021677664
626.76,0.0,363.7320911929231,5.649295550847458
912.94,-114.69000000000004,363.7320911929231,41.924557021677664
1500.11,508.83510752688176,363.7320911929231,32.15372393247269
907.76,-1.7799999999999727,363.7320911929231,41.924557021677664
1093.35,132.06000000000017,363.7320911929231,41.924557021677664
238.97,28.96202247191011,363.7320911929231,5.649295550847458
2478.23,56.79416988416988,363.7320911929231,1648.9999999999995
1948.25,-482.8399999999999,363.7320911929231,5.649295550847458
164.6,121.71318327974278,363.7320911929231,23.371704545454545
240.0,0.0,363.7320911929231,14.112676056338028
578.98,351.42589473684217,363.7320911929231,5.0842673796791455
1390.0,-40.225445544554454,363.7320911929231,5.730666666666669
1248.69,956.9821886792453,363.7320911929231,174.47120879120877
1255.49,4749.373428571428,363.7320911929231,-189.68178571428575
2208.68,381.89819935691315,363.7320911929231,41.924557021677664
398.48,0.0,363.7320911929231,5.649295550847458
428.8,0.0,363.7320911929231,5.649295550847458
2735.0,544.0854679802956,363.7320911929231,174.47120879120877
569.37,182.65,363.7320911929231,41.924557021677664
210.99,177.61824742268038,363.7320911929231,0.0
832.0,270.7600688705234,363.7320911929231,-189.68178571428575
1673.17,28.96202247191011,363.7320911929231,32.15372393247269
1741.45,260.3768181818182,363.7320911929231,32.15372393247269
2061.86,0.0,363.7320911929231,5.649295550847458
14105.83,456.47955974842785,363.7320911929231,2111.4774074074076
242.0,956.9821886792453,363.7320911929231,5.649295550847458
610.63,123.14413793103449,363.7320911929231,0.0
827.0,223.70475409836064,363.7320911929231,159.6880821917808
519.0,0.0,363.7320911929231,248.22134969325154
1679.75,111.53585635359119,363.7320911929231,5.649295550847458
395.62,111.53585635359119,363.7320911929231,5.649295550847458
1909.98,270.7600688705234,363.7320911929231,32.15372393247269
909.84,66.70999999999992,363.7320911929231,41.924557021677664
297.25,27.634043715847,363.7320911929231,5.649295550847458
307.11,0.0,363.7320911929231,0.0
566.1,195.75224913494807,363.7320911929231,5.649295550847458
702.1,0.0,363.7320911929231,5.649295550847458
1486.4,267.17,363.7320911929231,669.1571205357143
483.87,0.0,363.7320911929231,5.0842673796791455
490.63,88.62431952662725,363.7320911929231,0.0
177.0,394.0747826086957,363.7320911929231,-220.5553333333338
963.0,15.677083333333327,363.7320911929231,29.266851851851854
226.32,106.38125,363.7320911929231,41.924557021677664
642.24,-69.73000000000002,363.7320911929231,5.649295550847458
541.58,486.77029069767445,363.7320911929231,41.924557021677664
866.0,7.646978021978025,363.7320911929231,32.15372393247269
676.18,52.79000000000008,363.7320911929231,5.0842673796791455
314.09,56.79416988416988,363.7320911929231,0.0
649.6,145.4,363.7320911929231,5.649295550847458
881.74,472.5091428571429,363.7320911929231,41.924557021677664
2002.0,0.0,363.7320911929231,5.730666666666669
760.16,351.42589473684217,363.7320911929231,5.0842673796791455
442.14,90.97000000000004,363.7320911929231,41.924557021677664
521.9,110.64833333333331,363.7320911929231,298.19571428571425
1857.58,111.72000000000004,363.7320911929231,32.15372393247269
1928.0,121.71318327974278,363.7320911929231,114.72216216216215
504.76,351.42589473684217,363.7320911929231,5.0842673796791455
219.18,111.53585635359119,363.7320911929231,18.41794117647059
226.76,155.76687499999994,363.7320911929231,41.924557021677664
744.49,155.76687499999994,363.7320911929231,241.09153846153842
314.09,56.79416988416988,363.7320911929231,0.0
3605.73,28.96202247191011,363.7320911929231,32.15372393247269
887.0,-40.225445544554454,363.7320911929231,18.41794117647059
620.3,-31.50299212598425,363.7320911929231,5.0842673796791455
188.87,-12.324545454545458,363.7320911929231,32.15372393247269
413.29,0.0,363.7320911929231,0.0
294.13,508.83510752688176,363.7320911929231,5.649295550847458
250.33,145.4,363.7320911929231,5.0842673796791455
12200.1,215.1169805194805,363.7320911929231,2.127659574468085
900.05,28.96202247191011,363.7320911929231,32.15372393247269
968.92,544.0854679802956,363.7320911929231,14.872403100775186
1258.13,270.7600688705234,363.7320911929231,5.0842673796791455
198.7,149.50630630630627,363.7320911929231,669.1571205357143
554.66,252.6989830508475,363.7320911929231,5.0842673796791455
992.91,956.9821886792453,363.7320911929231,41.924557021677664
397.44,132.68696,363.7320911929231,5.649295550847458
1386.41,652.3,363.7320911929231,41.924557021677664
1306.95,311.55612903225807,363.7320911929231,41.924557021677664
497.41,215.1169805194805,363.7320911929231,0.0
620.3,-31.50299212598425,363.7320911929231,5.0842673796791455
578.89,195.75224913494807,363.7320911929231,0.0
2368.0,15.677083333333327,363.7320911929231,174.47120879120877
369.0,0.0,363.7320911929231,174.47120879120877
1641.66,263.1299999999999,363.7320911929231,41.924557021677664
379.0,265.61896265560165,363.7320911929231,174.47120879120877
230.41,0.0,363.7320911929231,16.512476190476193
2379.0,0.0,363.7320911929231,0.0
1420.0,0.0,363.7320911929231,174.47120879120877
5535.0,-76.36750000000004,363.7320911929231,669.1571205357143
979.08,187.98075657894734,363.7320911929231,-0.001315789473683013
5748.04,283.1751351351351,363.7320911929231,301.233181818182
3029.0,0.0199999999999818,363.7320911929231,0.01499999999998635
980.21,133.17636363636365,363.7320911929231,5.649295550847458
6000.0,215.1169805194805,363.7320911929231,0.0
2913.0,0.0,363.7320911929231,6.500000000000007
617.28,115.06428571428569,363.7320911929231,5.649295550847458
1464.12,472.5091428571429,363.7320911929231,41.924557021677664
750.53,205.25,363.7320911929231,41.924557021677664
2429.52,-46.690000000000055,363.7320911929231,41.924557021677664
2449.91,1221.245,363.7320911929231,694.994625
1772.7,132.06352941176476,363.7320911929231,32.15372393247269
265.91,508.83510752688176,363.7320911929231,18.41794117647059
978.44,121.71318327974278,363.7320911929231,-480.9000000000001
1273.72,-12.324545454545458,363.7320911929231,5.649295550847458
3638.0,0.0,363.7320911929231,3.5972222222222223
1306.95,271.71000000000004,363.7320911929231,41.924557021677664
917.26,-130.78999999999996,363.7320911929231,41.924557021677664
961.67,0.0,363.7320911929231,0.0
1058.9,-112.80000000000008,363.7320911929231,41.924557021677664
1324.84,1482.64,363.7320911929231,41.924557021677664
1112.7,14.930000000000064,363.7320911929231,41.924557021677664
685.99,508.83510752688176,363.7320911929231,32.15372393247269
567.03,121.71318327974278,363.7320911929231,2423.0200000000004
277.5,-10.89734042553192,363.7320911929231,5.0842673796791455
244.83,0.0,363.7320911929231,5.649295550847458
1527.0,0.0,363.7320911929231,135.61071428571432
998.71,0.0,363.7320911929231,0.0011764705882609705
228.97,351.42589473684217,363.7320911929231,5.0842673796791455
1750.0,270.7600688705234,363.7320911929231,669.1571205357143
3605.73,223.70475409836064,363.7320911929231,41.924557021677664
283.86,0.0,363.7320911929231,5.649295550847458
1810.04,107.46000000000004,363.7320911929231,41.924557021677664
202.07,187.98075657894734,363.7320911929231,1910.85
361.87,0.0,363.7320911929231,0.0
242.0,0.0,363.7320911929231,5.649295550847458
334.0,315.531675,363.7320911929231,174.47120879120877
842.0,28.96202247191011,363.7320911929231,55.73203703703703
1330.23,260.3768181818182,363.7320911929231,32.15372393247269
311.02,-37.24000000000001,363.7320911929231,5.0842673796791455
900.05,0.0,363.7320911929231,41.924557021677664
466.42,-40.225445544554454,363.7320911929231,14.872403100775186
1474.77,-246.3499999999999,363.7320911929231,41.924557021677664
1401.87,-380.8799999999999,363.7320911929231,41.924557021677664
1096.52,132.68696,363.7320911929231,41.924557021677664
6806.44,0.0,363.7320911929231,54.444366197183115
370.0,311.55612903225807,363.7320911929231,174.47120879120877
899.45,6.324500000000002,363.7320911929231,5.0842673796791455
836.24,-0.5,363.7320911929231,32.15372393247269
2281.94,311.55612903225807,363.7320911929231,669.1571205357143
1000.0,121.08398843930635,363.7320911929231,649.5546153846153
6808.69,0.0,363.7320911929231,5.0842673796791455
11816.4,132.68696,363.7320911929231,0.0
216.55,187.98075657894734,363.7320911929231,2.9732515337423315
618.34,-74.0,363.7320911929231,-74.0
179.18,56.79416988416988,363.7320911929231,5.649295550847458
369.39,381.89819935691315,363.7320911929231,5.649295550847458
861.06,187.98075657894734,363.7320911929231,16.512476190476193
265.91,956.9821886792453,363.7320911929231,18.41794117647059
2123.7,345.88800000000003,363.7320911929231,1537.8174226804128
255.69,0.0,363.7320911929231,18.41794117647059
225.71,0.0,363.7320911929231,159.6880821917808
4741.0,0.0,363.7320911929231,174.47120879120877
325.0,137.48202702702702,363.7320911929231,141.12833333333333
338.33,381.89819935691315,363.7320911929231,-66.66499999999999
255.37,0.0,363.7320911929231,-0.0037499999999965877
16654.0,-12.324545454545458,363.7320911929231,3.5972222222222223
2496.0,0.0,363.7320911929231,421.2039097744361
498.7,250.00000000000009,363.7320911929231,211.46791666666672
595.65,6.324500000000002,363.7320911929231,5.0842673796791455
580.61,215.1169805194805,363.7320911929231,0.0
673.27,351.42589473684217,363.7320911929231,5.0842673796791455
6654.0,0.0,363.7320911929231,715.124375
662.08,544.0854679802956,363.7320911929231,41.924557021677664
796.77,265.61896265560165,363.7320911929231,41.924557021677664
9857.85,381.89819935691315,363.7320911929231,2.127659574468085
618.34,-74.0,363.7320911929231,-74.0
2529.0,-12.324545454545458,363.7320911929231,60.10700000000001
899.45,6.324500000000002,363.7320911929231,5.0842673796791455
1654.07,2.509333333333355,363.7320911929231,41.924557021677664
973.5,187.98075657894734,363.7320911929231,16.512476190476193
980.45,111.53585635359119,363.7320911929231,669.1571205357143
2649.0,111.53585635359119,363.7320911929231,6.500000000000007
3563.5,121.71318327974278,363.7320911929231,51.05647058823524
333.49,51.62951923076919,363.7320911929231,2.930000000000007
1264.0,195.75224913494807,363.7320911929231,247.81440000000003
335.75,0.0,363.7320911929231,0.0
1794.0,1200.7358333333332,363.7320911929231,760.053
1589.0,123.14413793103449,363.7320911929231,114.72216216216215
445.22,508.83510752688176,363.7320911929231,5.649295550847458
496.28,56.79416988416988,363.7320911929231,0.0
459.97,132.68696,363.7320911929231,267.06999999999994
263.19,177.61824742268038,363.7320911929231,5.649295550847458
1317.74,528.78,363.7320911929231,41.924557021677664
511.02,270.7600688705234,363.7320911929231,5.0842673796791455
991.89,-14.159999999999968,363.7320911929231,41.924557021677664
1110.23,195.75224913494807,363.7320911929231,5.649295550847458
1122.02,111.53585635359119,363.7320911929231,41.924557021677664
1772.7,-83.52999999999997,363.7320911929231,41.924557021677664
2510.04,121.08398843930635,363.7320911929231,32.15372393247269
3563.5,121.71318327974278,363.7320911929231,0.0
929.1,175.0411904761905,363.7320911929231,-0.001315789473683013
3207.0,0.0,363.7320911929231,3.5972222222222223
250.33,883.5747142857142,363.7320911929231,5.0842673796791455
224.41,381.89819935691315,363.7320911929231,174.47120879120877
592.61,-0.0005714285713890743,363.7320911929231,0.0
319.04,381.89819935691315,363.7320911929231,0.0
187.09,270.7600688705234,363.7320911929231,5.0842673796791455
1413.0,195.75224913494807,363.7320911929231,18.41794117647059
17673.0,175.0411904761905,363.7320911929231,16.727272727272727
920.66,-10.89734042553192,363.7320911929231,5.0842673796791455
1219.48,381.89819935691315,363.7320911929231,185.61302013422815
244.83,956.9821886792453,363.7320911929231,5.649295550847458
1595.55,201.95800000000003,363.7320911929231,432.323
2360.0,248.87452991452994,363.7320911929231,0.0
152.93,0.0,363.7320911929231,5.649295550847458
274.34,0.0,363.7320911929231,5.0842673796791455
353.05,956.9821886792453,363.7320911929231,19198.74
1459.0,1072.44,363.7320911929231,159.6880821917808
3055.0,132.68696,363.7320911929231,1258.623466666667
930.86,0.0,363.7320911929231,41.924557021677664
3713.4,381.89819935691315,363.7320911929231,669.1571205357143
799.64,544.0854679802956,363.7320911929231,14.872403100775186
286.72,0.0,363.7320911929231,5.0842673796791455
1105.23,121.71318327974278,363.7320911929231,41.97798701298701
580.79,381.89819935691315,363.7320911929231,1085.1044444444444
304.0,0.0,363.7320911929231,14.872403100775186
1516.45,123.14413793103449,363.7320911929231,136.80374999999998
4754.42,4374.9,363.7320911929231,174.47120879120877
163.86,0.0,363.7320911929231,5.649295550847458
225.41,132.68696,363.7320911929231,5.649295550847458
8416.19,121.71318327974278,363.7320911929231,-480.9000000000001
445.76,248.87452991452994,363.7320911929231,5.649295550847458
490.92,248.87452991452994,363.7320911929231,5.649295550847458
483.87,351.42589473684217,363.7320911929231,5.0842673796791455
2269.49,121.71318327974278,363.7320911929231,0.0
1072.99,123.14413793103449,363.7320911929231,41.924557021677664
202.36,27.634043715847,363.7320911929231,5.0842673796791455
187.09,149.50630630630627,363.7320911929231,5.0842673796791455
916.78,175.0411904761905,363.7320911929231,41.97798701298701
570.11,114.68700000000001,363.7320911929231,-0.001315789473683013
1101.79,110.47000000000004,363.7320911929231,41.924557021677664
601.0,-5.610000000000014,363.7320911929231,191.8758333333333
2445.0,1932.0,363.7320911929231,1258.623466666667
492.83,394.0747826086957,363.7320911929231,192.9492857142857
504.0,-31.50299212598425,363.7320911929231,5.649295550847458
646.53,51.62951923076919,363.7320911929231,-0.0037499999999965877
1010.0,175.0411904761905,363.7320911929231,14.112676056338028
501.0,315.531675,363.7320911929231,174.47120879120877
11131.0,121.08398843930635,363.7320911929231,1228.6439795918368
162.73,315.531675,363.7320911929231,41.924557021677664
870.0,270.7600688705234,363.7320911929231,5.0842673796791455
2009.11,111.53585635359119,363.7320911929231,41.924557021677664
210.0,8.301999999999998,363.7320911929231,2.9732515337423315
1166.96,215.1169805194805,363.7320911929231,32.15372393247269
799.34,187.98075657894734,363.7320911929231,16.512476190476193
244.43,0.0,363.7320911929231,5.649295550847458
1006.99,436.0999999999999,363.7320911929231,5.649295550847458
2820.99,315.531675,363.7320911929231,174.47120879120877
275.63,27.634043715847,363.7320911929231,0.0
1035.16,381.89819935691315,363.7320911929231,694.994625
316.0,215.1169805194805,363.7320911929231,0.0
323.26,283.1751351351351,363.7320911929231,18.41794117647059
3190.69,394.0747826086957,363.7320911929231,185.61302013422815
355.12,215.1169805194805,363.7320911929231,5.649295550847458
4754.42,4038.3692307692304,363.7320911929231,174.47120879120877
385.0,115.06428571428569,363.7320911929231,1910.85
1796.02,544.0854679802956,363.7320911929231,174.47120879120877
310.76,0.0,363.7320911929231,5.0842673796791455
2565.0,265.61896265560165,363.7320911929231,421.2039097744361
355.79,27.634043715847,363.7320911929231,5.0842673796791455
1292.65,508.83510752688176,363.7320911929231,32.15372393247269
1192.33,0.0,363.7320911929231,5.649295550847458
5021.76,315.531675,363.7320911929231,8552.1625
365.53,252.6989830508475,363.7320911929231,5.0842673796791455
816.79,110.92583333333334,363.7320911929231,5.0842673796791455
1000.0,175.0411904761905,363.7320911929231,83.60526315789474
869.44,0.0,363.7320911929231,16.512476190476193
2628.0,0.0,363.7320911929231,14.112676056338028
1209.0,175.0411904761905,363.7320911929231,1537.8174226804128
488.6,381.89819935691315,363.7320911929231,5.649295550847458
32850.0,51.62951923076919,363.7320911929231,-3.6
1000.27,270.7600688705234,363.7320911929231,5.0842673796791455
1043.63,0.0,363.7320911929231,635.6234693877551
1358.31,121.45375000000001,363.7320911929231,41.924557021677664
353.9,456.47955974842785,363.7320911929231,5.0842673796791455
1956.26,924.4599999999998,363.7320911929231,41.924557021677664
316.11,0.0,363.7320911929231,0.0
2081.27,381.89819935691315,363.7320911929231,1279.8325
991.89,-12.324545454545458,363.7320911929231,32.15372393247269
511.02,270.7600688705234,363.7320911929231,5.0842673796791455
340.15,106.38125,363.7320911929231,1910.85
890.36,270.7600688705234,363.7320911929231,-1.0
588.18,195.75224913494807,363.7320911929231,248.22134969325154
24948.65,51.62951923076919,363.7320911929231,0.013823529411531452
293.5,270.7600688705234,363.7320911929231,0.0
746.76,0.0,363.7320911929231,5.0842673796791455
869.44,56.79416988416988,363.7320911929231,16.512476190476193
1199.58,24.360000000000127,363.7320911929231,32.15372393247269
275.4,7.646978021978025,363.7320911929231,5.649295550847458
1344.78,-52.07999999999993,363.7320911929231,41.924557021677664
2212.0,0.0,363.7320911929231,3.9130434782608696
645.13,22509.083333333332,363.7320911929231,-0.01666666666642413
13447.0,0.0,363.7320911929231,715.124375
152.93,0.0,363.7320911929231,5.649295550847458
221.0,381.89819935691315,363.7320911929231,54.444366197183115
494.52,-31.50299212598425,363.7320911929231,-42.132999999999996
292.23,6.324500000000002,363.7320911929231,5.0842673796791455
230.03,0.0,363.7320911929231,5.649295550847458
625.64,0.0,363.7320911929231,5.0842673796791455
816.79,283.1751351351351,363.7320911929231,5.0842673796791455
861.84,121.08398843930635,363.7320911929231,32.15372393247269
3190.69,394.0747826086957,363.7320911929231,185.61302013422815
673.27,351.42589473684217,363.7320911929231,5.0842673796791455
411.44,0.0,363.7320911929231,5.649295550847458
699.19,0.0,363.7320911929231,5.649295550847458
859.41,0.0,363.7320911929231,-0.003103448275859245
1701.81,265.61896265560165,363.7320911929231,301.233181818182
362.81,381.89819935691315,363.7320911929231,-66.66499999999999
500.0,-58.0,363.7320911929231,-58.0
5136.15,187.98075657894734,363.7320911929231,16.512476190476193
463.0,37.620000000000005,363.7320911929231,669.1571205357143
500.48,0.0,363.7320911929231,18.41794117647059
578.98,351.42589473684217,363.7320911929231,5.0842673796791455
2723.39,106.38125,363.7320911929231,32.15372393247269
2261.3,599.06,363.7320911929231,41.924557021677664
157.49,121.71318327974278,363.7320911929231,5.649295550847458
154.49,121.71318327974278,363.7320911929231,5.649295550847458
1264.9,270.7600688705234,363.7320911929231,5.0842673796791455
1168.0,0.0,363.7320911929231,-189.68178571428575
1932.01,0.0,363.7320911929231,0.0
7844.25,410.75,363.7320911929231,669.1571205357143
904.04,270.7600688705234,363.7320911929231,5.0842673796791455
3453.0,265.61896265560165,363.7320911929231,174.47120879120877
2978.0,883.5747142857142,363.7320911929231,1228.6439795918368
272.49,0.0,363.7320911929231,5.649295550847458
2400.0,536.2475000000001,363.7320911929231,146.40857142857143
749.0,265.61896265560165,363.7320911929231,421.2039097744361
289.46,0.0,363.7320911929231,0.0
342.69,0.0,363.7320911929231,174.47120879120877
273.78,381.89819935691315,363.7320911929231,2.9732515337423315
614.48,133.17636363636365,363.7320911929231,32.15372393247269
1769.5,106.38125,363.7320911929231,32.15372393247269
867.09,6.324500000000002,363.7320911929231,5.0842673796791455
499.0,448.3261538461539,363.7320911929231,211.46791666666672
393.54,121.08398843930635,363.7320911929231,1910.85
819.39,27.634043715847,363.7320911929231,5.0842673796791455
320.64,121.08398843930635,363.7320911929231,32.15372393247269
734.0,223.70475409836064,363.7320911929231,248.0
1712.0,270.7600688705234,363.7320911929231,456.69565217391306
984.63,195.75224913494807,363.7320911929231,41.924557021677664
3279.0,544.0854679802956,363.7320911929231,174.47120879120877
6808.69,0.0,363.7320911929231,5.0842673796791455
686.0,76.86607142857143,363.7320911929231,370.5014285714286
1507.0,544.0854679802956,363.7320911929231,18.41794117647059
414.37,187.98075657894734,363.7320911929231,0.0
1156.72,111.53585635359119,363.7320911929231,5.649295550847458
336.0,51.62951923076919,363.7320911929231,0.0
1160.0,1621.0,363.7320911929231,464.6008888888889
1034.04,121.37000000000012,363.7320911929231,41.924557021677664
381.77,0.0,363.7320911929231,5.649295550847458
2954.53,381.89819935691315,363.7320911929231,2.127659574468085
478.83,11.689999999999998,363.7320911929231,5.649295550847458
540.02,215.1169805194805,363.7320911929231,767.001
230.06,195.75224913494807,363.7320911929231,0.0
311.02,114.68700000000001,363.7320911929231,5.0842673796791455
225.71,6.324500000000002,363.7320911929231,669.1571205357143
1486.4,394.0747826086957,363.7320911929231,669.1571205357143
609.43,508.83510752688176,363.7320911929231,32.15372393247269
3004.63,121.71318327974278,363.7320911929231,0.0
1305.0,315.531675,363.7320911929231,18.41794117647059
264.14,265.61896265560165,363.7320911929231,5.649295550847458
827.0,223.70475409836064,363.7320911929231,159.6880821917808
884.1,123.14413793103449,363.7320911929231,41.97798701298701
686.0,187.98075657894734,363.7320911929231,248.22134969325154
4287.59,201.01747572815538,363.7320911929231,3403.419032258065
752.89,6.324500000000002,363.7320911929231,5.0842673796791455
442.42,248.87452991452994,363.7320911929231,0.0
1081.15,0.0,363.7320911929231,5.0842673796791455
170.96,6.324500000000002,363.7320911929231,5.649295550847458
1589.0,209.0,363.7320911929231,114.72216216216215
621.87,104.04144736842105,363.7320911929231,3.5972222222222223
816.79,283.1751351351351,363.7320911929231,5.0842673796791455
305.12,56.79416988416988,363.7320911929231,5.649295550847458
912.5,111.53585635359119,363.7320911929231,5.649295550847458
1712.0,270.7600688705234,363.7320911929231,456.69565217391306
402.27,381.89819935691315,363.7320911929231,0.0
1413.0,195.75224913494807,363.7320911929231,18.41794117647059
1081.15,0.0,363.7320911929231,5.0842673796791455
887.28,956.9821886792453,363.7320911929231,41.924557021677664
499.79,0.0,363.7320911929231,5.649295550847458
304.44,111.53585635359119,363.7320911929231,6.500000000000007
1501.02,177.61824742268038,363.7320911929231,41.924557021677664
477.86,0.0,363.7320911929231,5.0842673796791455
275.63,27.634043715847,363.7320911929231,0.0
884.1,123.14413793103449,363.7320911929231,41.97798701298701
442.54,27.634043715847,363.7320911929231,5.0842673796791455
615.78,365.86,363.7320911929231,41.924557021677664
174.43,-10.89734042553192,363.7320911929231,5.0842673796791455
1331.3,248.87452991452994,363.7320911929231,2707.9079166666666
1092.88,248.87452991452994,363.7320911929231,32.15372393247269
2915.0,2994.0,363.7320911929231,669.1571205357143
2538.67,381.89819935691315,363.7320911929231,1043.6625
250.0,283.1751351351351,363.7320911929231,141.12833333333333
267.61,121.71318327974278,363.7320911929231,55.73203703703703
464.62,39.93307692307693,363.7320911929231,41.924557021677664
483.14,215.1169805194805,363.7320911929231,1910.85
366.94,56.79416988416988,363.7320911929231,0.0
1188.97,0.0,363.7320911929231,0.0
256.16,270.7600688705234,363.7320911929231,571.6111111111111
226.87,175.0411904761905,363.7320911929231,0.01499999999998635
3205.77,166.32,363.7320911929231,32.15372393247269
578.98,0.0,363.7320911929231,5.0842673796791455
2585.0,381.89819935691315,363.7320911929231,3.5972222222222223
63246.0,223.70475409836064,363.7320911929231,0.0
3638.0,195.75224913494807,363.7320911929231,3.5972222222222223
262.37,81.39999999999998,363.7320911929231,5.649295550847458
287.17,56.79416988416988,363.7320911929231,2.9732515337423315
494.52,-16.205,363.7320911929231,-42.132999999999996
4287.59,201.01747572815538,363.7320911929231,301.233181818182
335.75,0.0,363.7320911929231,0.0
1034.01,187.98075657894734,363.7320911929231,41.97798701298701
31580.0,28.96202247191011,363.7320911929231,2512.6315789473683
2434.75,121.71318327974278,363.7320911929231,0.0
294.28,104.04144736842105,363.7320911929231,5.649295550847458
9028.0,0.0,363.7320911929231,669.1571205357143
836.42,-6.242500000000002,363.7320911929231,0.0011764705882609705
1716.21,270.7600688705234,363.7320911929231,5.0842673796791455
224.85,270.7600688705234,363.7320911929231,5.0842673796791455
493.0,381.89819935691315,363.7320911929231,831.5
502.68,-0.0099999999999909,363.7320911929231,-0.001315789473683013
1581.24,302.47,363.7320911929231,41.924557021677664
682.9,44.02999999999997,363.7320911929231,669.1571205357143
865.0,0.0,363.7320911929231,1910.85
685.76,110.92583333333334,363.7320911929231,-75.0
796.65,-236.62,363.7320911929231,41.924557021677664
644.0,486.77029069767445,363.7320911929231,0.0
722.0,111.53585635359119,363.7320911929231,472.0
287.17,56.79416988416988,363.7320911929231,2.9732515337423315
227.62,27.634043715847,363.7320911929231,1910.85
909.02,0.0,363.7320911929231,5.0842673796791455
2089.94,51.62951923076919,363.7320911929231,41.924557021677664
1856.36,56.79416988416988,363.7320911929231,485.91
198.7,270.7600688705234,363.7320911929231,669.1571205357143
1275.31,260.3768181818182,363.7320911929231,32.15372393247269
323.26,283.1751351351351,363.7320911929231,18.41794117647059
382.1,270.7600688705234,363.7320911929231,5.649295550847458
6684.81,0.0,363.7320911929231,0.0
430.76,270.7600688705234,363.7320911929231,669.1571205357143
274.34,149.50630630630627,363.7320911929231,5.0842673796791455
201.08,0.0,363.7320911929231,5.649295550847458
764.57,0.0,363.7320911929231,16.512476190476193
1384.72,648.8699999999999,363.7320911929231,694.994625
180.66,-12.324545454545458,363.7320911929231,514.922
1000.0,-189.98,363.7320911929231,114.72216216216215
3453.0,0.0,363.7320911929231,174.47120879120877
516.17,248.87452991452994,363.7320911929231,5.649295550847458
190.0,-0.0699999999999931,363.7320911929231,114.72216216216215
32850.0,51.62951923076919,363.7320911929231,-3.6
2123.7,345.88800000000003,363.7320911929231,1537.8174226804128
199.5,121.08398843930635,363.7320911929231,5.649295550847458
410.6,283.1751351351351,363.7320911929231,5.0842673796791455
456.07,3060.7,363.7320911929231,760.053
1377.0,0.0,363.7320911929231,14.112676056338028
1589.0,123.14413793103449,363.7320911929231,114.72216216216215
7580.0,315.531675,363.7320911929231,0.0
252.2,27.634043715847,363.7320911929231,5.649295550847458
555.8,28.96202247191011,363.7320911929231,32.15372393247269
423.39,381.89819935691315,363.7320911929231,669.1571205357143
18936.0,-1111.0,363.7320911929231,669.1571205357143
2185.75,195.75224913494807,363.7320911929231,32.15372393247269
449.85,223.70475409836064,363.7320911929231,32.15372393247269
382.61,132.68696,363.7320911929231,0.0
1539.75,121.08398843930635,363.7320911929231,32.15372393247269
430.24,27.634043715847,363.7320911929231,5.0842673796791455
277.44,27.634043715847,363.7320911929231,5.0842673796791455
5366.27,0.0,363.7320911929231,-480.9000000000001
8399.81,51.62951923076919,363.7320911929231,0.013823529411531452
1504.8,76.86607142857143,363.7320911929231,32.15372393247269
388.93,381.89819935691315,363.7320911929231,5.649295550847458
264.86,0.0,363.7320911929231,5.649295550847458
437.21,315.531675,363.7320911929231,0.0
153.79,0.0,363.7320911929231,5.649295550847458
760.16,252.6989830508475,363.7320911929231,5.0842673796791455
232.29,27.634043715847,363.7320911929231,5.0842673796791455
1912.17,201.01747572815538,363.7320911929231,41.924557021677664
7853.84,0.0,363.7320911929231,0.0
1842.25,187.98075657894734,363.7320911929231,174.47120879120877
300.58,33.900000000000034,363.7320911929231,41.924557021677664
389.35,106.38125,363.7320911929231,159.6880821917808
562.98,27.634043715847,363.7320911929231,5.0842673796791455
5801.05,0.0,363.7320911929231,0.007272727272885999
3085.59,0.0,363.7320911929231,14.872403100775186
6183.79,0.0,363.7320911929231,669.1571205357143
859.41,0.0,363.7320911929231,-0.003103448275859245
1319.55,0.0,363.7320911929231,5.0842673796791455
973.45,248.87452991452994,363.7320911929231,32.15372393247269
865.0,215.1169805194805,363.7320911929231,159.6880821917808
2310.12,123.14413793103449,363.7320911929231,0.0
314.06,283.1751351351351,363.7320911929231,5.360526315789475
607.04,248.87452991452994,363.7320911929231,0.0
2538.67,381.89819935691315,363.7320911929231,694.994625
680.43,21.030000000000086,363.7320911929231,5.649295550847458
384.04,270.7600688705234,363.7320911929231,0.0
1010.0,114.68700000000001,363.7320911929231,14.112676056338028
4516.88,123.14413793103449,363.7320911929231,0.0
861.84,76.70999999999992,363.7320911929231,41.924557021677664
2312.0,956.9821886792453,363.7320911929231,464.6008888888889
216.53,49.349999999999994,363.7320911929231,5.649295550847458
1938.85,456.47955974842785,363.7320911929231,0.0
808.99,121.71318327974278,363.7320911929231,233.79176470588237
702.52,39.93307692307693,363.7320911929231,32.15372393247269
1402.0,486.77029069767445,363.7320911929231,2707.9079166666666
423.67,0.0,363.7320911929231,5.649295550847458
864.2,-19.81000000000006,363.7320911929231,41.924557021677664
2136.0,0.0,363.7320911929231,0.0
780.77,180.5600000000001,363.7320911929231,5.649295550847458
1517.87,134.22000000000003,363.7320911929231,41.924557021677664
522.45,121.71318327974278,363.7320911929231,332.426829268293
2718.84,123.14413793103449,363.7320911929231,635.6234693877551
1923.81,381.89819935691315,363.7320911929231,0.0
250.33,0.0,363.7320911929231,5.0842673796791455
2529.0,0.4600000000000364,363.7320911929231,60.10700000000001
414.15,56.79416988416988,363.7320911929231,0.0
713.0,268.0,363.7320911929231,55.73203703703703
197.6,111.53585635359119,363.7320911929231,41.924557021677664
294.28,21.350000000000023,363.7320911929231,5.649295550847458
1722.11,98.66000000000008,363.7320911929231,41.924557021677664
3190.69,185.21000000000004,363.7320911929231,185.61302013422815
384.04,270.7600688705234,363.7320911929231,0.0
5369.18,-308.03000000000065,363.7320911929231,-220.5553333333338
1077.46,195.75224913494807,363.7320911929231,32.15372393247269
483.88,315.531675,363.7320911929231,760.053
367.0,177.61824742268038,363.7320911929231,3.9130434782608696
828.58,-40.225445544554454,363.7320911929231,32.15372393247269
867.09,6.324500000000002,363.7320911929231,5.0842673796791455
508.76,78.39285714285715,363.7320911929231,5.0842673796791455
3004.63,121.71318327974278,363.7320911929231,0.0
162.73,29.28,363.7320911929231,41.924557021677664
8416.19,-2308.3200000000006,363.7320911929231,-480.9000000000001
662.08,-40.225445544554454,363.7320911929231,32.15372393247269
6806.44,0.0,363.7320911929231,54.444366197183115
9791.0,0.0,363.7320911929231,1228.6439795918368
958.27,0.0,363.7320911929231,0.0
711.01,381.89819935691315,363.7320911929231,0.0
1672.7,111.53585635359119,363.7320911929231,1572.5226666666665
230.06,195.75224913494807,363.7320911929231,0.0
405.2,381.89819935691315,363.7320911929231,0.0
498.7,278.87857142857143,363.7320911929231,661.3
5969.0,0.0,363.7320911929231,174.47120879120877
936.26,76.86607142857143,363.7320911929231,32.15372393247269
718.52,0.0,363.7320911929231,5.649295550847458
14788.1,115.06428571428569,363.7320911929231,1634.2714285714285
494.0,111.53585635359119,363.7320911929231,6.500000000000007
227.62,27.634043715847,363.7320911929231,159.6880821917808
2185.75,195.75224913494807,363.7320911929231,32.15372393247269
184.89,456.47955974842785,363.7320911929231,5.0842673796791455
1139.65,24.57199999999999,363.7320911929231,41.924557021677664
380.47,2.409473684210519,363.7320911929231,29.266851851851854
289.46,270.7600688705234,363.7320911929231,0.0
920.47,29.92999999999995,363.7320911929231,41.924557021677664
1652.4,24.57199999999999,363.7320911929231,41.924557021677664
3546.94,262.1247727272727,363.7320911929231,174.47120879120877
794.7,56.79416988416988,363.7320911929231,41.924557021677664
961.67,315.531675,363.7320911929231,0.0
225.71,0.0,363.7320911929231,669.1571205357143
466.0,315.531675,363.7320911929231,174.47120879120877
161.96,132.68696,363.7320911929231,5.649295550847458
2894.74,0.0,363.7320911929231,41.924557021677664
314.09,7.646978021978025,363.7320911929231,0.0
1398.84,-433.2599999999999,363.7320911929231,41.924557021677664
782.18,49.62999999999998,363.7320911929231,32.15372393247269
1319.42,0.0,363.7320911929231,41.924557021677664
9791.0,123.14413793103449,363.7320911929231,1228.6439795918368
385.57,270.7600688705234,363.7320911929231,5.0842673796791455
685.76,283.1751351351351,363.7320911929231,-75.0
292.8,283.1751351351351,363.7320911929231,5.0842673796791455
574.26,270.7600688705234,363.7320911929231,5.0842673796791455
293.5,270.7600688705234,363.7320911929231,0.0
2842.14,838.3499999999999,363.7320911929231,41.924557021677664
447.6,51.62951923076919,363.7320911929231,0.0
1162.56,88.62431952662725,363.7320911929231,185.61302013422815
3626.24,215.1169805194805,363.7320911929231,2.127659574468085
398.51,201.01747572815538,363.7320911929231,5.0842673796791455
328.34,0.0,363.7320911929231,113.0609756097561
4830.0,0.0,363.7320911929231,0.0
480.0,-40.225445544554454,363.7320911929231,18.41794117647059
554.66,351.42589473684217,363.7320911929231,5.0842673796791455
330.8,20.863030303030303,363.7320911929231,5.0842673796791455
409.64,-17.0,363.7320911929231,41.924557021677664
159.77,270.7600688705234,363.7320911929231,0.0
621.4,88.62431952662725,363.7320911929231,185.61302013422815
226.76,-77.32,363.7320911929231,41.924557021677664
496.64,381.89819935691315,363.7320911929231,5.649295550847458
1382.0,0.0,363.7320911929231,174.47120879120877
292.76,145.4,363.7320911929231,5.649295550847458
5021.76,315.531675,363.7320911929231,8552.1625
971.96,-31.50299212598425,363.7320911929231,-189.68178571428575
2595.0,238.67,363.7320911929231,464.6008888888889
3674.0,56.79416988416988,363.7320911929231,174.47120879120877
819.39,27.634043715847,363.7320911929231,5.0842673796791455
1560.39,7.829999999999927,363.7320911929231,41.924557021677664
842.0,0.0,363.7320911929231,55.73203703703703
316.11,123.14413793103449,363.7320911929231,0.0
819.39,0.0,363.7320911929231,5.0842673796791455
431.78,0.0,363.7320911929231,5.0842673796791455
216.55,76.86607142857143,363.7320911929231,2.9732515337423315
625.61,456.47955974842785,363.7320911929231,5.0842673796791455
478.3,270.7600688705234,363.7320911929231,5.0842673796791455
392.51,62.26999999999998,363.7320911929231,62.26999999999998
839.98,0.0,363.7320911929231,5.649295550847458
410.26,315.531675,363.7320911929231,0.0
410.26,315.531675,363.7320911929231,0.0
4983.57,76.86607142857143,363.7320911929231,0.0
3207.0,0.0,363.7320911929231,3.5972222222222223
855.74,201.01747572815538,363.7320911929231,41.924557021677664
172.22,508.83510752688176,363.7320911929231,2.9732515337423315
194.2,215.1169805194805,363.7320911929231,2.9732515337423315
12014.91,-0.0100000000002182,363.7320911929231,0.013823529411531452
326.61,508.83510752688176,363.7320911929231,41.924557021677664
637.06,0.0,363.7320911929231,5.0842673796791455
12366.0,270.7600688705234,363.7320911929231,669.1571205357143
8379.62,-12.324545454545458,363.7320911929231,0.007272727272885999
173.14,166.32,363.7320911929231,174.47120879120877
573.0,315.531675,363.7320911929231,665.05
3004.63,0.0,363.7320911929231,0.0
680.43,21.030000000000086,363.7320911929231,5.649295550847458
428.3,0.0,363.7320911929231,174.47120879120877
992.43,0.0,363.7320911929231,5.649295550847458
7222.95,0.0,363.7320911929231,1085.1044444444444
322.81,486.77029069767445,363.7320911929231,5.649295550847458
491.67,-6.242500000000002,363.7320911929231,0.0011764705882609705
740.58,0.0,363.7320911929231,5.0842673796791455
1577.57,-486.485,363.7320911929231,14714.00484848485
736.13,486.77029069767445,363.7320911929231,2707.9079166666666
2527.0,508.83510752688176,363.7320911929231,32.15372393247269
1413.0,195.75224913494807,363.7320911929231,18.41794117647059
670.9,-10.89734042553192,363.7320911929231,5.0842673796791455
159.85,27.634043715847,363.7320911929231,5.0842673796791455
234.08,252.6989830508475,363.7320911929231,5.0842673796791455
159.31,76.86607142857143,363.7320911929231,2.9732515337423315
3004.63,121.71318327974278,363.7320911929231,0.0
1479.22,-2.4700000000000273,363.7320911929231,41.924557021677664
2211.29,544.0854679802956,363.7320911929231,174.47120879120877
3860.35,883.5747142857142,363.7320911929231,2111.4774074074076
2058.79,265.92999999999984,363.7320911929231,41.924557021677664
262.76,215.1169805194805,363.7320911929231,13.04352941176471
1000.27,270.7600688705234,363.7320911929231,5.0842673796791455
625.58,88.62431952662725,363.7320911929231,41.924557021677664
574.26,270.7600688705234,363.7320911929231,5.0842673796791455
2281.94,260.3768181818182,363.7320911929231,159.6880821917808
1561.85,121.71318327974278,363.7320911929231,-480.9000000000001
1654.07,7.528000000000065,363.7320911929231,32.15372393247269
789.26,137.48202702702702,363.7320911929231,32.15372393247269
1799.64,187.98075657894734,363.7320911929231,16.512476190476193
11816.4,123.14413793103449,363.7320911929231,0.0
2898.28,187.98075657894734,363.7320911929231,16.512476190476193
605.08,0.0,363.7320911929231,5.649295550847458
665.91,0.0,363.7320911929231,41.924557021677664
622.04,175.0411904761905,363.7320911929231,41.924557021677664
297.25,27.634043715847,363.7320911929231,5.649295550847458
406.54,215.1169805194805,363.7320911929231,5.649295550847458
333.49,51.62951923076919,363.7320911929231,-30.0
989.43,121.71318327974278,363.7320911929231,2707.9079166666666
816.79,283.1751351351351,363.7320911929231,5.0842673796791455
3453.0,0.0,363.7320911929231,174.47120879120877
156.36,149.50630630630627,363.7320911929231,14.112676056338028
284.21,-31.50299212598425,363.7320911929231,5.0842673796791455
154.49,0.0,363.7320911929231,5.649295550847458
1207.0,28.96202247191011,363.7320911929231,18.41794117647059
639.6,76.86607142857143,363.7320911929231,16.512476190476193
748.0,121.71318327974278,363.7320911929231,114.72216216216215
917.91,47.389999999999986,363.7320911929231,5.649295550847458
2853.23,262.1247727272727,363.7320911929231,464.6008888888889
151.0,0.0,363.7320911929231,1910.85
1006.45,104.04144736842105,363.7320911929231,135.61071428571432
1390.92,106.38125,363.7320911929231,32.15372393247269
511.02,0.0,363.7320911929231,5.0842673796791455
1555.2,1.2000000000000457,363.7320911929231,41.924557021677664
1368.91,137.48202702702702,363.7320911929231,32.15372393247269
1909.98,270.7600688705234,363.7320911929231,32.15372393247269
333.96,115.06428571428569,363.7320911929231,5.649295550847458
2211.29,544.0854679802956,363.7320911929231,174.47120879120877
248.2,51.62951923076919,363.7320911929231,0.0
653.46,215.1169805194805,363.7320911929231,5.649295550847458
26316.0,22509.083333333332,363.7320911929231,14714.00484848485
315.56,0.0,363.7320911929231,5.0842673796791455
840.93,-67.34999999999991,363.7320911929231,5.649295550847458
545.11,486.77029069767445,363.7320911929231,5.649295550847458
1948.25,-12.324545454545458,363.7320911929231,5.649295550847458
224.85,149.50630630630627,363.7320911929231,5.0842673796791455
4535.99,284.68111111111114,363.7320911929231,0.0
1972.94,-12.324545454545458,363.7320911929231,32.15372393247269
379.3,381.89819935691315,363.7320911929231,0.0
474.23,6.324500000000002,363.7320911929231,0.0
211.7,0.0,363.7320911929231,5.0842673796791455
348.31,177.61824742268038,363.7320911929231,0.0
278.28,187.98075657894734,363.7320911929231,2.9732515337423315
1154.49,24.57199999999999,363.7320911929231,41.924557021677664
571.07,195.75224913494807,363.7320911929231,87.04999999999995
264.84,110.92583333333334,363.7320911929231,5.0842673796791455
504.76,0.0,363.7320911929231,5.0842673796791455
196.94,121.71318327974278,363.7320911929231,5.649295550847458
227.96,0.0,363.7320911929231,41.97798701298701
192.67,0.0,363.7320911929231,5.649295550847458
385.0,0.0,363.7320911929231,0.0
3445.0,381.89819935691315,363.7320911929231,694.994625
226.76,211.41399999999993,363.7320911929231,32.15372393247269
5850.83,187.98075657894734,363.7320911929231,16.512476190476193
1103.86,223.70475409836064,363.7320911929231,41.924557021677664
784.35,1221.245,363.7320911929231,41.924557021677664
580.61,381.89819935691315,363.7320911929231,0.0
909.86,-13.440000000000056,363.7320911929231,41.924557021677664
353.05,670.19,363.7320911929231,19198.74
571.34,-6.881538461538464,363.7320911929231,41.924557021677664
698.4,37.110000000000014,363.7320911929231,41.924557021677664
256.04,351.42589473684217,363.7320911929231,5.0842673796791455
1474.77,-246.3499999999999,363.7320911929231,41.924557021677664
160.0,956.9821886792453,363.7320911929231,14.112676056338028
349.03,0.0,363.7320911929231,5.649295550847458
3205.77,104.04144736842105,363.7320911929231,41.924557021677664
454.27,121.08398843930635,363.7320911929231,0.0
225.17,111.53585635359119,363.7320911929231,5.649295550847458
7474.0,7.646978021978025,363.7320911929231,715.124375
277.0,149.50630630630627,363.7320911929231,159.6880821917808
2026.05,-10.89734042553192,363.7320911929231,5.0842673796791455
1305.0,246.0,363.7320911929231,18.41794117647059
280.57,0.0,363.7320911929231,5.649295550847458
609.0,0.0,363.7320911929231,1910.85
440.0,51.62951923076919,363.7320911929231,0.0
813.0,-10.200000000000044,363.7320911929231,55.73203703703703
886.69,248.87452991452994,363.7320911929231,5.649295550847458
4679.0,0.0,363.7320911929231,3.9130434782608696
284.21,0.0,363.7320911929231,5.0842673796791455
630.37,215.1169805194805,363.7320911929231,0.0
644.45,0.0,363.7320911929231,5.649295550847458
1346.82,-86.45000000000005,363.7320911929231,41.924557021677664
1000.27,270.7600688705234,363.7320911929231,5.0842673796791455
1130.0,166.32,363.7320911929231,669.1571205357143
4924.11,104.04144736842105,363.7320911929231,41.924557021677664
199.96,-12.324545454545458,363.7320911929231,248.22134969325154
1130.0,0.0,363.7320911929231,669.1571205357143
648.09,56.79416988416988,363.7320911929231,0.0
61109.0,22509.083333333332,363.7320911929231,14714.00484848485
1459.13,0.0,363.7320911929231,146.40857142857143
875.79,6.324500000000002,363.7320911929231,5.0842673796791455
1410.01,62.043461538461536,363.7320911929231,41.924557021677664
477.54,0.0,363.7320911929231,5.649295550847458
428.3,544.0854679802956,363.7320911929231,174.47120879120877
5136.15,187.98075657894734,363.7320911929231,16.512476190476193
358.72,270.7600688705234,363.7320911929231,5.0842673796791455
373.0,51.62951923076919,363.7320911929231,0.0
351.12,-74.12222222222222,363.7320911929231,5.0842673796791455
647.0,262.1247727272727,363.7320911929231,464.6008888888889
493.0,265.61896265560165,363.7320911929231,421.2039097744361
210.45,381.89819935691315,363.7320911929231,1085.1044444444444
1729.68,56.79416988416988,363.7320911929231,0.0011764705882609705
187.09,270.7600688705234,363.7320911929231,5.0842673796791455
329.82,381.89819935691315,363.7320911929231,41.924557021677664
410.68,351.42589473684217,363.7320911929231,5.0842673796791455
1932.01,24.57199999999999,363.7320911929231,0.0
6663.0,0.0,363.7320911929231,407.5
610.78,106.38125,363.7320911929231,32.15372393247269
339.35,88.62431952662725,363.7320911929231,1471.4126865671642
611.8,956.9821886792453,363.7320911929231,18.41794117647059
611.74,195.75224913494807,363.7320911929231,248.22134969325154
1166.96,381.89819935691315,363.7320911929231,41.924557021677664
1886.0,0.0,363.7320911929231,0.0
209.88,119.42769230769233,363.7320911929231,13.04352941176471
844.67,550.15,363.7320911929231,41.924557021677664
781.85,0.0,363.7320911929231,5.0842673796791455
3860.35,883.5747142857142,363.7320911929231,2111.4774074074076
352.0,-17.0,363.7320911929231,14.872403100775186
748.86,0.0,363.7320911929231,421.2039097744361
1660.19,115.06428571428569,363.7320911929231,32.15372393247269
9857.85,215.1169805194805,363.7320911929231,2.127659574468085
317.22,0.0,363.7320911929231,5.649295550847458
202.36,0.0,363.7320911929231,5.0842673796791455
504.76,351.42589473684217,363.7320911929231,5.0842673796791455
407.0,0.0,363.7320911929231,55.73203703703703
881.61,0.0,363.7320911929231,5.649295550847458
630.37,381.89819935691315,363.7320911929231,0.0
209.36,315.531675,363.7320911929231,23.371704545454545
293.5,270.7600688705234,363.7320911929231,0.0
167.64,123.14413793103449,363.7320911929231,113.0609756097561
228.64,215.1169805194805,363.7320911929231,0.0
6291.69,195.75224913494807,363.7320911929231,41.924557021677664
1422.37,106.38125,363.7320911929231,32.15372393247269
314.1,265.61896265560165,363.7320911929231,211.46791666666672
361.87,0.0,363.7320911929231,0.0
609.63,21.340000000000032,363.7320911929231,41.924557021677664
351.83,956.9821886792453,363.7320911929231,464.6008888888889
1246.15,265.61896265560165,363.7320911929231,41.924557021677664
1801.37,371.34000000000015,363.7320911929231,41.924557021677664
720.72,0.0,363.7320911929231,5.0842673796791455
1856.36,1943.64,363.7320911929231,485.91
603.08,315.531675,363.7320911929231,32.15372393247269
8797.0,381.89819935691315,363.7320911929231,669.1571205357143
1444.5,115.06428571428569,363.7320911929231,32.15372393247269
211.94,187.98075657894734,363.7320911929231,41.97798701298701
252.2,0.0,363.7320911929231,5.649295550847458
362.81,215.1169805194805,363.7320911929231,-66.66499999999999
1054.46,-267.6500000000001,363.7320911929231,41.924557021677664
2615.0,472.5091428571429,363.7320911929231,1471.4126865671642
819.39,27.634043715847,363.7320911929231,5.0842673796791455
1603.53,-12.324545454545458,363.7320911929231,32.15372393247269
2450.0,1221.245,363.7320911929231,694.994625
355.79,20.863030303030303,363.7320911929231,5.0842673796791455
410.68,351.42589473684217,363.7320911929231,5.0842673796791455
13805.0,121.08398843930635,363.7320911929231,159.6880821917808
277.44,27.634043715847,363.7320911929231,5.0842673796791455
491.39,0.0,363.7320911929231,5.0842673796791455
579.0,111.53585635359119,363.7320911929231,18.41794117647059
238.66,-12.53999999999993,363.7320911929231,41.924557021677664
350.0,315.531675,363.7320911929231,54.444366197183115
218.6,0.0,363.7320911929231,174.47120879120877
2123.7,345.88800000000003,363.7320911929231,1537.8174226804128
1034.04,315.531675,363.7320911929231,41.924557021677664
514.91,121.71318327974278,363.7320911929231,0.0
2058.79,381.89819935691315,363.7320911929231,41.924557021677664
411.44,544.0854679802956,363.7320911929231,5.649295550847458
259.64,0.0,363.7320911929231,5.0842673796791455
1076.97,223.70475409836064,363.7320911929231,41.924557021677664
1561.85,121.71318327974278,363.7320911929231,-480.9000000000001
447.6,51.62951923076919,363.7320911929231,0.0
957.62,76.80000000000007,363.7320911929231,41.924557021677664
1732.66,508.83510752688176,363.7320911929231,32.15372393247269
466.42,-40.225445544554454,363.7320911929231,74.02
1449.44,372.7999999999999,363.7320911929231,372.7999999999999
791.17,121.08398843930635,363.7320911929231,32.15372393247269
1822.46,131.69444444444457,363.7320911929231,41.924557021677664
836.42,0.0,363.7320911929231,0.0011764705882609705
154.73,175.0411904761905,363.7320911929231,0.0
225.41,132.68696,363.7320911929231,5.649295550847458
906.47,351.42589473684217,363.7320911929231,-294.73
1284.0,121.08398843930635,363.7320911929231,649.5546153846153
232.99,0.0,363.7320911929231,5.0842673796791455
283.86,111.53585635359119,363.7320911929231,5.649295550847458
197.0,0.0,363.7320911929231,5.649295550847458
521.36,486.77029069767445,363.7320911929231,715.124375
1504.37,7.646978021978025,363.7320911929231,32.15372393247269
481.03,270.7600688705234,363.7320911929231,669.1571205357143
1511.57,0.0,363.7320911929231,5.649295550847458
957.62,111.53585635359119,363.7320911929231,32.15372393247269
350.0,315.531675,363.7320911929231,54.444366197183115
1656.25,1221.245,363.7320911929231,760.053
842.25,111.53585635359119,363.7320911929231,0.0
201.08,106.38125,363.7320911929231,5.649295550847458
614.48,-169.72000000000003,363.7320911929231,41.924557021677664
2127.86,43.73999999999978,363.7320911929231,41.924557021677664
2500.0,520.001304347826,363.7320911929231,114.72216216216215
8964.0,175.0411904761905,363.7320911929231,715.124375
14810.0,1914.0,363.7320911929231,669.1571205357143
225.41,123.14413793103449,363.7320911929231,5.649295550847458
63246.0,223.70475409836064,363.7320911929231,0.0
242.65,201.01747572815538,363.7320911929231,41.924557021677664
490.63,315.531675,363.7320911929231,0.0
1364.14,327.9799999999998,363.7320911929231,41.924557021677664
513.99,76.86607142857143,363.7320911929231,-0.003103448275859245
855.74,-640.06,363.7320911929231,41.924557021677664
2032.15,-367.9500000000001,363.7320911929231,41.924557021677664
442.42,248.87452991452994,363.7320911929231,0.0
2518.39,-16.205,363.7320911929231,41.97798701298701
143.23,270.7600688705234,363.7320911929231,23.371704545454545
1024.91,0.0,363.7320911929231,0.0
5961.0,0.0,363.7320911929231,715.124375
1703.48,945.3200000000002,363.7320911929231,41.924557021677664
166.25,56.79416988416988,363.7320911929231,0.0
2555.0,132.06352941176476,363.7320911929231,545.2133333333333
240.0,381.89819935691315,363.7320911929231,14.112676056338028
571.07,195.75224913494807,363.7320911929231,87.04999999999995
1103.9,-160.24000000000012,363.7320911929231,41.924557021677664
295.97,0.0,363.7320911929231,5.0842673796791455
1146.19,212.42999999999984,363.7320911929231,41.924557021677664
481.03,270.7600688705234,363.7320911929231,669.1571205357143
421.15,149.50630630630627,363.7320911929231,5.649295550847458
837.61,-13.680000000000064,363.7320911929231,41.924557021677664
680.0,270.7600688705234,363.7320911929231,669.1571205357143
350.46,175.0411904761905,363.7320911929231,83.60526315789474
1381.0,121.71318327974278,363.7320911929231,499.0127272727272
14323.0,351.42589473684217,363.7320911929231,1537.8174226804128
325.0,132.68696,363.7320911929231,141.12833333333333
2379.0,315.531675,363.7320911929231,0.0
497.18,20.863030303030303,363.7320911929231,5.0842673796791455
289.46,270.7600688705234,363.7320911929231,0.0
264.14,0.0,363.7320911929231,5.649295550847458
1199.58,106.38125,363.7320911929231,32.15372393247269
461.91,88.62431952662725,363.7320911929231,2097.7239999999997
393.54,121.08398843930635,363.7320911929231,3.5972222222222223
278.97,0.0,363.7320911929231,5.649295550847458
1555.13,9.529999999999973,363.7320911929231,41.924557021677664
1269.5,-350.07000000000005,363.7320911929231,41.924557021677664
6183.79,394.0747826086957,363.7320911929231,669.1571205357143
696.65,79.94000000000005,363.7320911929231,41.924557021677664
362.81,381.89819935691315,363.7320911929231,-66.66499999999999
230.06,195.75224913494807,363.7320911929231,0.0
183.56,119.42769230769233,363.7320911929231,5.0842673796791455
496.47,0.0,363.7320911929231,5.649295550847458
1432.0,2353.2571428571428,363.7320911929231,2353.2999999999997
284.0,0.0,363.7320911929231,174.47120879120877
345.89,13.670000000000016,363.7320911929231,5.649295550847458
4754.42,4038.3692307692304,363.7320911929231,174.47120879120877
16654.0,111.53585635359119,363.7320911929231,3.5972222222222223
4103.0,121.71318327974278,363.7320911929231,499.0127272727272
844.67,121.08398843930635,363.7320911929231,32.15372393247269
1876.0,0.0,363.7320911929231,421.2039097744361
295.24,0.0,363.7320911929231,5.649295550847458
1411.71,-53.02999999999997,363.7320911929231,41.924557021677664
484.57,166.32,363.7320911929231,18.41794117647059
309.9,0.0,363.7320911929231,41.924557021677664
264.86,111.53585635359119,363.7320911929231,5.649295550847458
1011.29,7.646978021978025,363.7320911929231,32.15372393247269
24819.0,2.509333333333355,363.7320911929231,174.47120879120877
3279.0,0.0,363.7320911929231,174.47120879120877
1264.0,223.70475409836064,363.7320911929231,247.81440000000003
202.07,187.98075657894734,363.7320911929231,1910.85
5550.0,0.0,363.7320911929231,174.47120879120877
383.84,88.62431952662725,363.7320911929231,0.0066666666668121835
1454.0,265.61896265560165,363.7320911929231,421.2039097744361
494.3,121.71318327974278,363.7320911929231,0.0
411.16,28.96202247191011,363.7320911929231,41.924557021677664
1841.92,-12.324545454545458,363.7320911929231,32.15372393247269
1672.7,111.53585635359119,363.7320911929231,1572.5226666666665
287.17,7.646978021978025,363.7320911929231,2.9732515337423315
770.16,835.91,363.7320911929231,835.9100000000001
1005.59,7.646978021978025,363.7320911929231,32.15372393247269
250.0,76.86607142857143,363.7320911929231,141.12833333333333
1449.44,351.42589473684217,363.7320911929231,372.7999999999999
1644.92,265.61896265560165,363.7320911929231,41.924557021677664
1718.59,0.0,363.7320911929231,5.0842673796791455
325.0,7.646978021978025,363.7320911929231,141.12833333333333
252.2,0.0,363.7320911929231,5.649295550847458
6000.0,381.89819935691315,363.7320911929231,0.0
411.16,28.96202247191011,363.7320911929231,41.924557021677664
288.0,265.61896265560165,363.7320911929231,174.47120879120877
1309.08,0.0,363.7320911929231,41.924557021677664
1750.07,456.47955974842785,363.7320911929231,0.0
763.0,311.55612903225807,363.7320911929231,301.233181818182
402.0,106.38125,363.7320911929231,1258.623466666667
1281.81,326.00631578947366,363.7320911929231,113.0609756097561
1423.96,-12.324545454545458,363.7320911929231,6.500000000000007
1493.5,15.677083333333327,363.7320911929231,41.924557021677664
297.25,0.0,363.7320911929231,5.649295550847458
7196.47,381.89819935691315,363.7320911929231,1085.1044444444444
916.78,0.0,363.7320911929231,41.97798701298701
250.18,111.53585635359119,363.7320911929231,0.0
621.4,117.62,363.7320911929231,185.61302013422815
15530.0,123.14413793103449,363.7320911929231,1228.6439795918368
1024.91,0.0,363.7320911929231,0.0
1972.94,-29.670000000000073,363.7320911929231,41.924557021677664
1444.5,390.30999999999995,363.7320911929231,41.924557021677664
7222.95,381.89819935691315,363.7320911929231,1085.1044444444444
179.86,0.0,363.7320911929231,5.649295550847458
1398.84,-433.2599999999999,363.7320911929231,41.924557021677664
313.56,115.06428571428569,363.7320911929231,5.649295550847458
1586.0,195.75224913494807,363.7320911929231,248.22134969325154
3055.0,352.09000000000015,363.7320911929231,1258.623466666667
5366.27,121.71318327974278,363.7320911929231,51.05647058823524
302.0,284.68111111111114,363.7320911929231,464.6008888888889
888.99,0.0,363.7320911929231,-0.001315789473683013
502.0,187.98075657894734,363.7320911929231,1228.6439795918368
8399.81,101.70593749999993,363.7320911929231,0.013823529411531452
1390.0,0.0,363.7320911929231,5.730666666666669
521.9,0.0,363.7320911929231,298.19571428571425
2158.2,111.53585635359119,363.7320911929231,41.924557021677664
1317.6,-180.43999999999983,363.7320911929231,41.924557021677664
444.21,-31.329999999999984,363.7320911929231,41.924557021677664
349.03,132.68696,363.7320911929231,5.649295550847458
5550.0,62.043461538461536,363.7320911929231,174.47120879120877
1263.38,3.599999999999909,363.7320911929231,41.924557021677664
1741.86,539.1600000000001,363.7320911929231,41.924557021677664
177.34,123.14413793103449,363.7320911929231,113.0609756097561
1162.56,315.531675,363.7320911929231,185.61302013422815
1215.56,0.0,363.7320911929231,464.6008888888889
262.0,486.77029069767445,363.7320911929231,0.0
1225.21,381.89819935691315,363.7320911929231,0.0
216.68,883.5747142857142,363.7320911929231,5.0842673796791455
1449.44,351.42589473684217,363.7320911929231,372.7999999999999
177.18,248.87452991452994,363.7320911929231,32.15372393247269
152.44,315.531675,363.7320911929231,0.0
3032.0,338.7142857142857,363.7320911929231,889.8235294117648
307.11,315.531675,363.7320911929231,0.0
678.0,448.3261538461539,363.7320911929231,571.6111111111111
497.18,27.634043715847,363.7320911929231,5.0842673796791455
207.77,7.646978021978025,363.7320911929231,41.924557021677664
4060.0,270.7600688705234,363.7320911929231,1537.8174226804128
14810.0,195.75224913494807,363.7320911929231,669.1571205357143
198.7,0.0,363.7320911929231,669.1571205357143
520.63,-40.225445544554454,363.7320911929231,32.15372393247269
768.0,270.7600688705234,363.7320911929231,1910.85
2886.0,0.0,363.7320911929231,174.47120879120877
2838.86,121.71318327974278,363.7320911929231,0.0
637.95,576.74,363.7320911929231,694.994625
467.0,252.6989830508475,363.7320911929231,5.0842673796791455
1297.75,248.87452991452994,363.7320911929231,5.649295550847458
325.0,88.62431952662725,363.7320911929231,141.12833333333333
223.46,215.1169805194805,363.7320911929231,5.649295550847458
678.0,448.3261538461539,363.7320911929231,571.6111111111111
769.93,381.89819935691315,363.7320911929231,464.6008888888889
51101.0,72904.0,363.7320911929231,72904.0
15767.0,265.61896265560165,363.7320911929231,211.46791666666672
202.0,-12.324545454545458,363.7320911929231,1910.85
1016.0,111.53585635359119,363.7320911929231,29.266851851851854
267.0,175.0411904761905,363.7320911929231,0.0
2649.0,0.4400000000000545,363.7320911929231,6.500000000000007
430.76,270.7600688705234,363.7320911929231,669.1571205357143
784.14,7.646978021978025,363.7320911929231,32.15372393247269
1796.02,544.0854679802956,363.7320911929231,174.47120879120877
362.31,56.79416988416988,363.7320911929231,2.9732515337423315
1102.97,-332.76,363.7320911929231,41.924557021677664
1538.76,106.38125,363.7320911929231,32.15372393247269
471.0,311.55612903225807,363.7320911929231,14.872403100775186
2139.44,0.0,363.7320911929231,0.0
277.0,46.089999999999975,363.7320911929231,1910.85
277.5,-10.89734042553192,363.7320911929231,5.0842673796791455
1106.65,0.0,363.7320911929231,41.924557021677664
2379.0,88.62431952662725,363.7320911929231,0.0
2585.0,381.89819935691315,363.7320911929231,3.5972222222222223
395.62,-12.324545454545458,363.7320911929231,5.649295550847458
2081.27,381.89819935691315,363.7320911929231,1279.8325
1264.9,270.7600688705234,363.7320911929231,5.0842673796791455
1117.75,902.81,363.7320911929231,5.649295550847458
404.0,0.0,363.7320911929231,174.47120879120877
3125.32,7.646978021978025,363.7320911929231,0.0
1938.85,456.47955974842785,363.7320911929231,0.0
1415.34,314.35000000000014,363.7320911929231,41.924557021677664
379.39,351.42589473684217,363.7320911929231,5.0842673796791455
12366.0,270.7600688705234,363.7320911929231,669.1571205357143
168.52,215.1169805194805,363.7320911929231,41.924557021677664
561.91,6.324500000000002,363.7320911929231,5.0842673796791455
1421.46,177.61824742268038,363.7320911929231,0.0
1672.7,111.53585635359119,363.7320911929231,1572.5226666666665
2070.44,-680.1500000000001,363.7320911929231,41.924557021677664
12333.57,131.69444444444457,363.7320911929231,248.22134969325154
4754.42,4038.3692307692304,363.7320911929231,174.47120879120877
578.02,-11.120000000000005,363.7320911929231,41.924557021677664
164.89,351.42589473684217,363.7320911929231,5.0842673796791455
727.28,0.0,363.7320911929231,0.0
413.29,0.0,363.7320911929231,0.0
819.48,544.0854679802956,363.7320911929231,14.872403100775186
1750.07,0.0,363.7320911929231,0.0
738.37,115.06428571428569,363.7320911929231,41.924557021677664
637.06,0.0,363.7320911929231,5.0842673796791455
309.9,0.0,363.7320911929231,41.924557021677664
1306.95,311.55612903225807,363.7320911929231,32.15372393247269
529.54,59.110000000000014,363.7320911929231,5.649295550847458
1377.0,131.69444444444457,363.7320911929231,14.112676056338028
537.88,106.38125,363.7320911929231,32.15372393247269
24819.0,0.0,363.7320911929231,174.47120879120877
980.45,0.0,363.7320911929231,669.1571205357143
10947.0,381.89819935691315,363.7320911929231,0.0
665.91,-21.43357142857139,363.7320911929231,32.15372393247269
442.14,201.01747572815538,363.7320911929231,41.924557021677664
3733.0,562.0,363.7320911929231,464.6008888888889
183.92,145.4,363.7320911929231,41.924557021677664
734.64,201.01747572815538,363.7320911929231,5.649295550847458
1112.7,956.9821886792453,363.7320911929231,41.924557021677664
300.0,0.0,363.7320911929231,5.649295550847458
230.06,0.0,363.7320911929231,0.0
690.33,248.87452991452994,363.7320911929231,5.649295550847458
150.11,544.0854679802956,363.7320911929231,5.649295550847458
281.35,108.32,363.7320911929231,669.1571205357143
3271.0,0.0,363.7320911929231,174.47120879120877
302.88,-31.50299212598425,363.7320911929231,5.649295550847458
471.0,311.55612903225807,363.7320911929231,14.872403100775186
370.0,270.7600688705234,363.7320911929231,0.0
2115.44,175.0411904761905,363.7320911929231,41.97798701298701
466.0,315.531675,363.7320911929231,174.47120879120877
159.77,270.7600688705234,363.7320911929231,0.0
30274.0,-0.2744444444444475,363.7320911929231,0.0
1000.0,175.0411904761905,363.7320911929231,83.60526315789474
909.02,270.7600688705234,363.7320911929231,5.0842673796791455
567.03,121.71318327974278,363.7320911929231,2423.0200000000004
801.07,-31.50299212598425,363.7320911929231,5.0842673796791455
541.58,486.77029069767445,363.7320911929231,41.924557021677664
1030.65,114.68700000000001,363.7320911929231,298.19571428571425
887.0,-40.225445544554454,363.7320911929231,18.41794117647059
1757.27,448.3261538461539,363.7320911929231,41.924557021677664
2355.56,-432.26,363.7320911929231,41.924557021677664
882.45,121.08398843930635,363.7320911929231,32.15372393247269
1938.85,456.47955974842785,363.7320911929231,0.0
1909.74,742.4999999999998,363.7320911929231,41.924557021677664
1299.0,311.55612903225807,363.7320911929231,168.97500000000002
446.21,101.70593749999993,363.7320911929231,0.0
1037.0,114.68700000000001,363.7320911929231,16.727272727272727
975.38,0.0,363.7320911929231,41.924557021677664
1260.74,448.3261538461539,363.7320911929231,41.924557021677664
1264.9,270.7600688705234,363.7320911929231,5.0842673796791455
497.18,27.634043715847,363.7320911929231,5.0842673796791455
808.99,0.0,363.7320911929231,233.79176470588237
364.47,111.53585635359119,363.7320911929231,41.924557021677664
28466.0,22509.083333333332,363.7320911929231,14714.00484848485
791.79,0.0,363.7320911929231,5.0842673796791455
611.8,956.9821886792453,363.7320911929231,18.41794117647059
298.0,51.49000000000001,363.7320911929231,5.649295550847458
325.0,137.48202702702702,363.7320911929231,141.12833333333333
274.34,270.7600688705234,363.7320911929231,5.0842673796791455
1229.38,177.61824742268038,363.7320911929231,41.924557021677664
459.97,123.14413793103449,363.7320911929231,267.06999999999994
907.76,-1.7799999999999727,363.7320911929231,41.924557021677664
319.0,56.79416988416988,363.7320911929231,174.47120879120877
1456.77,315.531675,363.7320911929231,0.0
430.76,270.7600688705234,363.7320911929231,669.1571205357143
1398.84,-433.2599999999999,363.7320911929231,41.924557021677664
1457.0,-12.324545454545458,363.7320911929231,6.500000000000007
5111.33,1588.67,363.7320911929231,174.47120879120877
10773.0,315.531675,363.7320911929231,717.158095238095
670.17,315.531675,363.7320911929231,54.444366197183115
275.5,456.47955974842785,363.7320911929231,5.0842673796791455
856.93,215.1169805194805,363.7320911929231,32.15372393247269
4546.26,53.03571428571427,363.7320911929231,174.47120879120877
4027.53,381.89819935691315,363.7320911929231,694.994625
401.74,260.3768181818182,363.7320911929231,32.15372393247269
991.41,121.08398843930635,363.7320911929231,32.15372393247269
1020.84,214.8100000000001,363.7320911929231,32.15372393247269
907.03,-90.90999999999995,363.7320911929231,41.924557021677664
250.0,106.38125,363.7320911929231,141.12833333333333
548.0,0.0,363.7320911929231,174.47120879120877
159.77,0.0,363.7320911929231,0.0
431.78,0.0,363.7320911929231,5.0842673796791455
421.65,-192.71,363.7320911929231,14714.00484848485
51101.0,72904.0,363.7320911929231,72904.0
890.33,270.7600688705234,363.7320911929231,5.0842673796791455
2919.8,265.61896265560165,363.7320911929231,41.924557021677664
548.0,223.70475409836064,363.7320911929231,174.47120879120877
250.0,283.1751351351351,363.7320911929231,141.12833333333333
957.95,149.50630630630627,363.7320911929231,5.0842673796791455
653.46,0.0,363.7320911929231,5.649295550847458
491.39,6.324500000000002,363.7320911929231,5.0842673796791455
325.0,88.62431952662725,363.7320911929231,141.12833333333333
984.63,-157.12,363.7320911929231,41.924557021677664
1076.97,-285.37,363.7320911929231,41.924557021677664
177.77,27.634043715847,363.7320911929231,5.0842673796791455
972.06,10.175,363.7320911929231,41.924557021677664
867.09,6.324500000000002,363.7320911929231,5.0842673796791455
467.0,351.42589473684217,363.7320911929231,5.0842673796791455
770.16,115.06428571428569,363.7320911929231,835.9100000000001
978.44,121.08398843930635,363.7320911929231,-480.9000000000001
682.9,270.7600688705234,363.7320911929231,669.1571205357143
1377.51,-12.324545454545458,363.7320911929231,32.15372393247269
211.46,381.89819935691315,363.7320911929231,1085.1044444444444
2531.99,115.06428571428569,363.7320911929231,41.924557021677664
314.0,265.61896265560165,363.7320911929231,211.46791666666672
4535.99,62.043461538461536,363.7320911929231,0.0
526.45,111.53585635359119,363.7320911929231,32.15372393247269
957.62,76.80000000000007,363.7320911929231,41.924557021677664
1016.0,111.53585635359119,363.7320911929231,29.266851851851854
205.87,0.0,363.7320911929231,23.371704545454545
158.0,315.531675,363.7320911929231,54.444366197183115
884.1,123.14413793103449,363.7320911929231,41.97798701298701
2144.67,1784.83,363.7320911929231,41.924557021677664
638.29,429.22,363.7320911929231,32.15372393247269
9265.0,0.0,363.7320911929231,669.1571205357143
1181.12,392.0600000000002,363.7320911929231,41.924557021677664
366.94,0.0,363.7320911929231,0.0
10773.0,2151.5,363.7320911929231,717.158095238095
2429.52,-46.690000000000055,363.7320911929231,41.924557021677664
865.0,381.89819935691315,363.7320911929231,1910.85
1581.24,956.9821886792453,363.7320911929231,41.924557021677664
1706.47,-126.88000000000012,363.7320911929231,41.924557021677664
177.76,351.42589473684217,363.7320911929231,5.0842673796791455
407.0,0.0,363.7320911929231,55.73203703703703
813.0,104.04144736842105,363.7320911929231,71.23636363636363
398.51,201.01747572815538,363.7320911929231,5.0842673796791455
307.11,111.53585635359119,363.7320911929231,5.649295550847458
720.72,0.0,363.7320911929231,5.0842673796791455
2271.86,2025.4199999999996,363.7320911929231,41.924557021677664
796.65,-236.62,363.7320911929231,41.924557021677664
573.0,315.531675,363.7320911929231,665.05
4445.0,115.06428571428569,363.7320911929231,174.47120879120877
404.0,544.0854679802956,363.7320911929231,174.47120879120877
609.0,0.0,363.7320911929231,1910.85
235.95,215.1169805194805,363.7320911929231,2.9732515337423315
14323.0,351.42589473684217,363.7320911929231,4243.469999999999
887.28,956.9821886792453,363.7320911929231,32.15372393247269
4060.0,149.50630630630627,363.7320911929231,4243.469999999999
256.16,270.7600688705234,363.7320911929231,571.6111111111111
1081.15,270.7600688705234,363.7320911929231,5.0842673796791455
1616.97,0.0,363.7320911929231,41.924557021677664
315.56,351.42589473684217,363.7320911929231,5.0842673796791455
172.22,508.83510752688176,363.7320911929231,2.9732515337423315
742.43,-77.50999999999999,363.7320911929231,32.15372393247269
2886.0,508.83510752688176,363.7320911929231,174.47120879120877
1264.9,0.0,363.7320911929231,5.0842673796791455
1154.49,164.69000000000003,363.7320911929231,41.924557021677664
467.79,270.7600688705234,363.7320911929231,5.0842673796791455
2913.0,0.0,363.7320911929231,6.500000000000007
1183.71,486.77029069767445,363.7320911929231,41.924557021677664
508.76,270.7600688705234,363.7320911929231,5.0842673796791455
1909.98,270.7600688705234,363.7320911929231,32.15372393247269
723.13,381.89819935691315,363.7320911929231,5.649295550847458
444.42,215.1169805194805,363.7320911929231,0.0
624.43,106.38125,363.7320911929231,5.649295550847458
1377.0,131.69444444444457,363.7320911929231,14.112676056338028
653.46,381.89819935691315,363.7320911929231,5.649295550847458
5111.33,1588.67,363.7320911929231,174.47120879120877
1229.15,56.79416988416988,363.7320911929231,155.60470588235296
1381.84,1483.72,363.7320911929231,1228.6439795918368
218.03,223.70475409836064,363.7320911929231,332.426829268293
960.64,381.89819935691315,363.7320911929231,464.6008888888889
352.0,0.0,363.7320911929231,14.872403100775186
676.18,270.7600688705234,363.7320911929231,5.0842673796791455
329.82,-132.95,363.7320911929231,41.924557021677664
3055.0,123.14413793103449,363.7320911929231,1258.623466666667
706.51,114.68700000000001,363.7320911929231,0.0
607.04,486.77029069767445,363.7320911929231,0.0
1076.97,-285.37,363.7320911929231,41.924557021677664
875.79,6.324500000000002,363.7320911929231,5.0842673796791455
442.42,486.77029069767445,363.7320911929231,0.0
685.76,-75.0,363.7320911929231,-75.0
2067.0,106.38125,363.7320911929231,248.22134969325154
5846.0,-5.344545454545455,363.7320911929231,174.47120879120877
2708.0,7.646978021978025,363.7320911929231,174.47120879120877
1212.56,114.68700000000001,363.7320911929231,32.15372393247269
3273.61,-73.37000000000035,363.7320911929231,41.924557021677664
747.29,508.83510752688176,363.7320911929231,32.15372393247269
226.16,0.0,363.7320911929231,5.649295550847458
204.12,252.6989830508475,363.7320911929231,5.0842673796791455
2886.0,508.83510752688176,363.7320911929231,174.47120879120877
1164.69,381.89819935691315,363.7320911929231,571.6111111111111
3563.5,121.71318327974278,363.7320911929231,0.0
631.03,214.39,363.7320911929231,185.61302013422815
9265.0,0.0,363.7320911929231,669.1571205357143
1010.0,97.0,363.7320911929231,14.112676056338028
1295.39,88.62431952662725,363.7320911929231,5.649295550847458
2714.6,104.04144736842105,363.7320911929231,41.924557021677664
382.1,149.50630630630627,363.7320911929231,5.649295550847458
1193.55,114.68700000000001,363.7320911929231,-0.003103448275859245
160.0,956.9821886792453,363.7320911929231,14.112676056338028
690.33,248.87452991452994,363.7320911929231,5.649295550847458
4027.53,381.89819935691315,363.7320911929231,1279.8325
758.09,175.0411904761905,363.7320911929231,41.97798701298701
6684.81,0.0,363.7320911929231,0.0
463.0,265.61896265560165,363.7320911929231,669.1571205357143
353.3,544.0854679802956,363.7320911929231,41.924557021677664
210.0,121.71318327974278,363.7320911929231,114.72216216216215
289.46,270.7600688705234,363.7320911929231,0.0
429.25,381.89819935691315,363.7320911929231,23.371704545454545
338.33,215.1169805194805,363.7320911929231,767.001
4051.8,215.1169805194805,363.7320911929231,32.15372393247269
371.93,0.0,363.7320911929231,5.649295550847458
328.34,123.14413793103449,363.7320911929231,113.0609756097561
6663.0,345.88800000000003,363.7320911929231,1537.8174226804128
656.0,-10.89734042553192,363.7320911929231,159.6880821917808
51101.0,72904.0,363.7320911929231,72904.0
995.04,64.16000000000008,363.7320911929231,5.649295550847458
395.62,-3.590000000000032,363.7320911929231,5.649295550847458
314.1,265.61896265560165,363.7320911929231,211.46791666666672
295.47,248.87452991452994,363.7320911929231,5.649295550847458
294.13,248.87452991452994,363.7320911929231,5.649295550847458
822.88,215.1169805194805,363.7320911929231,0.0
1340.15,-347.55000000000007,363.7320911929231,41.924557021677664
713.0,121.45375000000001,363.7320911929231,55.73203703703703
492.66,56.79416988416988,363.7320911929231,5.649295550847458
38953.0,883.5747142857142,363.7320911929231,715.124375
1273.72,0.0,363.7320911929231,5.649295550847458
1924.75,-13.702777777777762,363.7320911929231,41.924557021677664
600.0,215.1169805194805,363.7320911929231,13.04352941176471
258.85,145.4,363.7320911929231,5.649295550847458
294.28,166.32,363.7320911929231,5.649295550847458
309.99,114.68700000000001,363.7320911929231,41.924557021677664
18668.0,1634.0,363.7320911929231,1228.6439795918368
471.83,132.68696,363.7320911929231,41.97798701298701
370.0,0.0,363.7320911929231,0.0
410.26,132.68696,363.7320911929231,0.0
487.0,88.62431952662725,363.7320911929231,54.444366197183115
1452.43,265.61896265560165,363.7320911929231,41.924557021677664
351.12,-31.50299212598425,363.7320911929231,5.0842673796791455
492.76,678.0699999999999,363.7320911929231,1279.8325
1712.0,808.0,363.7320911929231,456.69565217391306
150.92,265.61896265560165,363.7320911929231,23.371704545454545
466.0,0.0,363.7320911929231,174.47120879120877
869.44,56.79416988416988,363.7320911929231,16.512476190476193
385.57,0.0,363.7320911929231,5.0842673796791455
467.79,-39.08000000000001,363.7320911929231,5.0842673796791455
5961.0,0.0,363.7320911929231,715.124375
1016.0,102.0,363.7320911929231,29.266851851851854
328.3,175.0411904761905,363.7320911929231,18.41794117647059
14788.1,0.0,363.7320911929231,1634.2714285714285
2714.95,1001.61,363.7320911929231,41.924557021677664
1093.35,311.55612903225807,363.7320911929231,41.924557021677664
2565.0,469.98,363.7320911929231,421.2039097744361
497.18,27.634043715847,363.7320911929231,5.0842673796791455
5477.4,315.531675,363.7320911929231,0.0
1275.31,682.1300000000001,363.7320911929231,41.924557021677664
278.01,311.55612903225807,363.7320911929231,2.9732515337423315
1740.0,114.68700000000001,363.7320911929231,298.19571428571425
1002.33,132.68696,363.7320911929231,32.15372393247269
500.0,175.0411904761905,363.7320911929231,-58.0
1693.81,0.0,363.7320911929231,0.0
1043.63,265.61896265560165,363.7320911929231,635.6234693877551
461.64,0.0,363.7320911929231,83.60526315789474
366.94,7.646978021978025,363.7320911929231,0.0
7474.0,56.79416988416988,363.7320911929231,715.124375
6806.44,1288.6800000000003,363.7320911929231,54.444366197183115
971.96,-31.50299212598425,363.7320911929231,-189.68178571428575
198.06,31.132499999999993,363.7320911929231,5.649295550847458
31876.39,456.47955974842785,363.7320911929231,3403.419032258065
638.29,429.22,363.7320911929231,32.15372393247269
758.09,175.0411904761905,363.7320911929231,41.97798701298701
657.16,215.1169805194805,363.7320911929231,5.649295550847458
352.0,-17.0,363.7320911929231,14.872403100775186
500.48,0.0,363.7320911929231,18.41794117647059
402.27,0.0,363.7320911929231,0.0
173.65,0.0,363.7320911929231,5.649295550847458
210.99,137.48202702702702,363.7320911929231,0.0
2139.44,508.83510752688176,363.7320911929231,0.0
363.1,88.62431952662725,363.7320911929231,18.41794117647059
3279.0,544.0854679802956,363.7320911929231,174.47120879120877
351.19,132.68696,363.7320911929231,5.649295550847458
1258.13,270.7600688705234,363.7320911929231,5.0842673796791455
1216.9,195.75224913494807,363.7320911929231,18.41794117647059
3751.82,315.531675,363.7320911929231,174.47120879120877
4103.0,1574.3999999999996,363.7320911929231,499.0127272727272
248.2,51.62951923076919,363.7320911929231,0.0
1146.19,472.5091428571429,363.7320911929231,41.924557021677664
2140.0,326.00631578947366,363.7320911929231,113.0609756097561
154.89,-40.225445544554454,363.7320911929231,5.649295550847458
198.62,123.14413793103449,363.7320911929231,41.97798701298701
1746.45,791.6099999999999,363.7320911929231,41.924557021677664
686.0,187.98075657894734,363.7320911929231,248.22134969325154
1842.25,187.98075657894734,363.7320911929231,174.47120879120877
154.28,956.9821886792453,363.7320911929231,114.72216216216215
219.9,111.53585635359119,363.7320911929231,571.6111111111111
1295.39,0.0,363.7320911929231,5.649295550847458
499.0,351.42589473684217,363.7320911929231,18.41794117647059
2310.12,0.0,363.7320911929231,0.0
4441.0,101.70593749999993,363.7320911929231,247.81440000000003
1459.13,0.0,363.7320911929231,233.79176470588237
780.77,180.5600000000001,363.7320911929231,5.649295550847458
344.99,270.7600688705234,363.7320911929231,669.1571205357143
1464.12,331.8455357142857,363.7320911929231,32.15372393247269
153.61,-49.93000000000001,363.7320911929231,41.924557021677664
280.75,270.7600688705234,363.7320911929231,32.15372393247269
4373.04,381.89819935691315,363.7320911929231,0.0
3241.56,0.0,363.7320911929231,41.924557021677664
51101.0,72904.0,363.7320911929231,72904.0
294.13,248.87452991452994,363.7320911929231,5.649295550847458
2913.0,338.7142857142857,363.7320911929231,6.500000000000007
488.24,106.38125,363.7320911929231,32.15372393247269
8112.12,4615.88,363.7320911929231,3403.419032258065
1166.96,265.8599999999999,363.7320911929231,41.924557021677664
1842.25,187.98075657894734,363.7320911929231,174.47120879120877
1095.88,7.646978021978025,363.7320911929231,760.053
274.39,51.62951923076919,363.7320911929231,0.0
236.47,0.0,363.7320911929231,5.649295550847458
3032.0,338.7142857142857,363.7320911929231,889.8235294117648
687.97,331.8455357142857,363.7320911929231,1471.4126865671642
440.16,115.06428571428569,363.7320911929231,32.15372393247269
165.0,0.0,363.7320911929231,159.6880821917808
34627.0,311.55612903225807,363.7320911929231,669.1571205357143
785.79,115.06428571428569,363.7320911929231,5.649295550847458
1605.0,195.75224913494807,363.7320911929231,248.22134969325154
980.45,0.0,363.7320911929231,669.1571205357143
347.15,956.9821886792453,363.7320911929231,18.41794117647059
791.79,270.7600688705234,363.7320911929231,5.0842673796791455
1381.0,579.77,363.7320911929231,499.0127272727272
4679.0,381.89819935691315,363.7320911929231,3.9130434782608696
840.93,111.53585635359119,363.7320911929231,5.649295550847458
1292.65,956.9821886792453,363.7320911929231,41.924557021677664
393.54,121.71318327974278,363.7320911929231,1910.85
685.76,283.1751351351351,363.7320911929231,-75.0
3504.21,121.71318327974278,363.7320911929231,51.05647058823524
290.15,0.0,363.7320911929231,5.649295550847458
1105.23,121.71318327974278,363.7320911929231,41.97798701298701
275.63,27.634043715847,363.7320911929231,0.0
508.76,149.50630630630627,363.7320911929231,5.0842673796791455
1248.0,7.646978021978025,363.7320911929231,1258.623466666667
10151.04,956.9821886792453,363.7320911929231,19198.74
108000.0,53.03571428571427,363.7320911929231,0.0
1923.81,215.1169805194805,363.7320911929231,0.0
1487.41,315.531675,363.7320911929231,185.61302013422815
18936.0,88.62431952662725,363.7320911929231,159.6880821917808
1725.04,0.0,363.7320911929231,0.0
3445.0,381.89819935691315,363.7320911929231,694.994625
461.54,28.96202247191011,363.7320911929231,41.924557021677664
355.72,0.0,363.7320911929231,5.649295550847458
546.67,137.48202702702702,363.7320911929231,5.649295550847458
265.91,0.0,363.7320911929231,18.41794117647059
325.0,443.89,363.7320911929231,141.12833333333333
819.14,478.2400000000001,363.7320911929231,41.924557021677664
2026.05,-15.564000000000004,363.7320911929231,5.0842673796791455
319.75,381.89819935691315,363.7320911929231,0.0
520.0,223.70475409836064,363.7320911929231,0.0
344.71,149.50630630630627,363.7320911929231,5.0842673796791455
971.96,-74.12222222222222,363.7320911929231,-189.68178571428575
705.83,-31.50299212598425,363.7320911929231,5.0842673796791455
1444.94,108.81999999999994,363.7320911929231,41.924557021677664
2501.0,956.9821886792453,363.7320911929231,464.6008888888889
1127.9,248.87452991452994,363.7320911929231,32.15372393247269
1002.11,472.5091428571429,363.7320911929231,41.924557021677664
156.36,270.7600688705234,363.7320911929231,14.112676056338028
33690.0,381.89819935691315,363.7320911929231,0.0
351.83,0.0,363.7320911929231,464.6008888888889
2919.96,-315.1999999999998,363.7320911929231,41.924557021677664
5940.47,0.0,363.7320911929231,0.0
512.43,133.17636363636365,363.7320911929231,5.0842673796791455
792.89,602.9,363.7320911929231,1279.8325
159.31,187.98075657894734,363.7320911929231,2.9732515337423315
529.54,508.83510752688176,363.7320911929231,5.649295550847458
1080.58,0.0,363.7320911929231,0.0
323.98,27.634043715847,363.7320911929231,5.0842673796791455
206.88,7.646978021978025,363.7320911929231,0.0
379.3,215.1169805194805,363.7320911929231,0.0
1549.0,114.68700000000001,363.7320911929231,18.41794117647059
325.0,338.5,363.7320911929231,141.12833333333333
1561.85,121.71318327974278,363.7320911929231,51.05647058823524
384.04,270.7600688705234,363.7320911929231,0.0
1712.0,270.7600688705234,363.7320911929231,456.69565217391306
866.32,6.324500000000002,363.7320911929231,5.0842673796791455
2077.0,-964.56,363.7320911929231,41.924557021677664
3279.0,544.0854679802956,363.7320911929231,174.47120879120877
423.67,0.0,363.7320911929231,5.649295550847458
277.0,46.089999999999975,363.7320911929231,1910.85
235.42,76.86607142857143,363.7320911929231,5.649295550847458
153.79,0.0,363.7320911929231,5.649295550847458
2584.1,883.5747142857142,363.7320911929231,0.0
1505.85,484.0400000000002,363.7320911929231,41.924557021677664
799.34,187.98075657894734,363.7320911929231,16.512476190476193
637.95,381.89819935691315,363.7320911929231,694.994625
900.0,381.89819935691315,363.7320911929231,0.0
1264.9,0.0,363.7320911929231,5.0842673796791455
6285.33,4749.373428571428,363.7320911929231,3921.7854545454543
410.26,0.0,363.7320911929231,760.053
172.5,111.53585635359119,363.7320911929231,5.649295550847458
1491.72,-368.8600000000001,363.7320911929231,41.924557021677664
2047.4,262.1247727272727,363.7320911929231,464.6008888888889
1199.58,195.75224913494807,363.7320911929231,32.15372393247269
888.99,175.0411904761905,363.7320911929231,-0.001315789473683013
497.18,0.0,363.7320911929231,5.0842673796791455
143.23,270.7600688705234,363.7320911929231,23.371704545454545
906.47,351.42589473684217,363.7320911929231,-294.73
1160.0,486.77029069767445,363.7320911929231,464.6008888888889
336.89,-35.75999999999999,363.7320911929231,14714.00484848485
829.5,397.56999999999994,363.7320911929231,41.924557021677664
682.9,149.50630630630627,363.7320911929231,6.2899999999999965
637.95,576.74,363.7320911929231,694.994625
3251.0,338.7142857142857,363.7320911929231,174.47120879120877
7844.25,410.75,363.7320911929231,669.1571205357143
618.34,-74.0,363.7320911929231,-74.0
822.88,381.89819935691315,363.7320911929231,0.0
154.28,508.83510752688176,363.7320911929231,114.72216216216215
744.49,155.76687499999994,363.7320911929231,241.09153846153842
237.06,381.89819935691315,363.7320911929231,0.0
884.1,123.14413793103449,363.7320911929231,41.97798701298701
322.45,0.0,363.7320911929231,18.41794117647059
929.1,175.0411904761905,363.7320911929231,-0.001315789473683013
197.0,0.0,363.7320911929231,5.649295550847458
386.51,270.7600688705234,363.7320911929231,5.0842673796791455
264.14,0.0,363.7320911929231,5.649295550847458
1539.75,378.74,363.7320911929231,41.924557021677664
1634.79,0.0,363.7320911929231,14.872403100775186
911.66,106.38125,363.7320911929231,18.41794117647059
358.72,0.0,363.7320911929231,5.0842673796791455
1311.41,-188.06000000000017,363.7320911929231,41.924557021677664
407.0,-12.324545454545458,363.7320911929231,36.565
193.0,956.9821886792453,363.7320911929231,14.112676056338028
1577.57,0.0,363.7320911929231,14714.00484848485
17673.0,114.68700000000001,363.7320911929231,16.727272727272727
2471.56,17.440000000000055,363.7320911929231,41.924557021677664
2373.64,195.75224913494807,363.7320911929231,1258.623466666667
209.33,-10.89734042553192,363.7320911929231,185.61302013422815
840.93,-12.324545454545458,363.7320911929231,5.649295550847458
388.93,-47.24000000000001,363.7320911929231,5.649295550847458
884.1,0.0,363.7320911929231,41.97798701298701
1338.61,270.7600688705234,363.7320911929231,5.0842673796791455
255.69,0.0,363.7320911929231,18.41794117647059
3631.0,-13.702777777777762,363.7320911929231,71.23636363636363
336.89,-35.75999999999999,363.7320911929231,14714.00484848485
727.28,215.1169805194805,363.7320911929231,0.0
431.0,0.0,363.7320911929231,185.61302013422815
3860.35,883.5747142857142,363.7320911929231,2111.4774074074076
519.0,106.38125,363.7320911929231,398.3342857142857
2919.96,133.17636363636365,363.7320911929231,32.15372393247269
4679.0,381.89819935691315,363.7320911929231,3.9130434782608696
315.56,351.42589473684217,363.7320911929231,5.0842673796791455
1561.85,121.71318327974278,363.7320911929231,-480.9000000000001
557.55,5.0200000000000955,363.7320911929231,41.924557021677664
2584.1,883.5747142857142,363.7320911929231,0.0
435.0,815.0,363.7320911929231,407.5
869.44,56.79416988416988,363.7320911929231,16.512476190476193
250.0,110.92583333333334,363.7320911929231,141.12833333333333
370.0,311.55612903225807,363.7320911929231,174.47120879120877
865.0,0.0,363.7320911929231,1910.85
1388.7,-76.36750000000004,363.7320911929231,32.15372393247269
226.32,195.75224913494807,363.7320911929231,41.924557021677664
686.0,187.98075657894734,363.7320911929231,248.22134969325154
1210.12,175.0411904761905,363.7320911929231,-0.001315789473683013
289.46,270.7600688705234,363.7320911929231,0.0
496.47,-0.0005714285713890743,363.7320911929231,5.649295550847458
748.0,121.71318327974278,363.7320911929231,114.72216216216215
427.29,106.38125,363.7320911929231,5.649295550847458
364.0,0.0,363.7320911929231,669.1571205357143
6291.69,106.38125,363.7320911929231,32.15372393247269
7474.0,56.79416988416988,363.7320911929231,715.124375
1554.21,-312.31999999999994,363.7320911929231,41.924557021677664
5028.0,0.0,363.7320911929231,174.47120879120877
839.98,956.9821886792453,363.7320911929231,5.649295550847458
720.4,6.324500000000002,363.7320911929231,5.0842673796791455
243.52,187.98075657894734,363.7320911929231,16.512476190476193
2379.0,315.531675,363.7320911929231,0.0
673.27,351.42589473684217,363.7320911929231,5.0842673796791455
2312.0,508.83510752688176,363.7320911929231,432.323
1216.9,0.0,363.7320911929231,18.41794117647059
2089.94,51.62951923076919,363.7320911929231,41.924557021677664
194.2,215.1169805194805,363.7320911929231,2.9732515337423315
178.85,99.67999999999998,363.7320911929231,5.649295550847458
165.0,0.0,363.7320911929231,159.6880821917808
1214.3,-18.559999999999945,363.7320911929231,41.924557021677664
3545.0,0.0,363.7320911929231,72.1
10773.0,2151.5,363.7320911929231,717.158095238095
10947.0,381.89819935691315,363.7320911929231,0.0
741.38,111.53585635359119,363.7320911929231,1572.5226666666665
489.62,486.77029069767445,363.7320911929231,0.0
186.29,0.0,363.7320911929231,5.649295550847458
165.0,381.89819935691315,363.7320911929231,159.6880821917808
358.72,0.0,363.7320911929231,5.0842673796791455
1493.65,111.53585635359119,363.7320911929231,41.924557021677664
317.22,0.0,363.7320911929231,5.649295550847458
2373.64,106.38125,363.7320911929231,161.49000000000024
538.71,115.06428571428569,363.7320911929231,5.649295550847458
976.41,-177.69999999999993,363.7320911929231,41.924557021677664
467.93,7.646978021978025,363.7320911929231,5.649295550847458
1024.91,215.1169805194805,363.7320911929231,0.0
456.88,-15.564000000000004,363.7320911929231,5.0842673796791455
274.39,51.62951923076919,363.7320911929231,0.0
563.0,956.9821886792453,363.7320911929231,0.0
474.23,6.324500000000002,363.7320911929231,0.0
5850.83,187.98075657894734,363.7320911929231,16.512476190476193
228.97,351.42589473684217,363.7320911929231,5.0842673796791455
2886.0,0.0,363.7320911929231,174.47120879120877
898.19,456.47955974842785,363.7320911929231,5.0842673796791455
1750.07,456.47955974842785,363.7320911929231,0.0
1973.98,-12.324545454545458,363.7320911929231,32.15372393247269
2735.0,544.0854679802956,363.7320911929231,174.47120879120877
1244.43,331.8455357142857,363.7320911929231,32.15372393247269
2127.86,43.73999999999978,363.7320911929231,41.924557021677664
1255.49,4749.373428571428,363.7320911929231,14714.00484848485
601.0,104.04144736842105,363.7320911929231,191.8758333333333
3536.9,1142.64,363.7320911929231,41.924557021677664
100.0,315.531675,363.7320911929231,55.21866666666667
31876.39,456.47955974842785,363.7320911929231,3403.419032258065
2954.53,0.0,363.7320911929231,2.127659574468085
2081.27,1185.79,363.7320911929231,1279.8325
578.85,486.77029069767445,363.7320911929231,5.649295550847458
1716.21,270.7600688705234,363.7320911929231,5.0842673796791455
1923.81,381.89819935691315,363.7320911929231,0.0
958.27,111.53585635359119,363.7320911929231,0.0
1123.17,56.79416988416988,363.7320911929231,41.924557021677664
379.39,351.42589473684217,363.7320911929231,5.0842673796791455
502.68,-0.0099999999999909,363.7320911929231,-0.001315789473683013
393.54,121.71318327974278,363.7320911929231,1910.85
592.61,0.0,363.7320911929231,0.0
250.0,187.98075657894734,363.7320911929231,141.12833333333333
474.23,6.324500000000002,363.7320911929231,0.0
31876.39,-0.0005714285713890743,363.7320911929231,3403.419032258065
929.1,0.0,363.7320911929231,-0.001315789473683013
1454.0,265.61896265560165,363.7320911929231,421.2039097744361
100.0,315.531675,363.7320911929231,55.21866666666667
386.16,215.1169805194805,363.7320911929231,5.649295550847458
1432.0,2353.2571428571428,363.7320911929231,2353.2999999999997
5969.0,0.0,363.7320911929231,174.47120879120877
7254.37,187.98075657894734,363.7320911929231,16.512476190476193
837.0,1496.022692307692,363.7320911929231,-189.68178571428575
474.23,0.0,363.7320911929231,0.0
838.68,111.53585635359119,363.7320911929231,32.15372393247269
189.0,-74.12222222222222,363.7320911929231,141.12833333333333
1080.58,88.62431952662725,363.7320911929231,0.0
24948.65,0.0499999999992724,363.7320911929231,0.013823529411531452
349.29,0.0,363.7320911929231,5.649295550847458
360.81,381.89819935691315,363.7320911929231,0.0
735.2,195.75224913494807,363.7320911929231,248.22134969325154
196.05,115.06428571428569,363.7320911929231,5.649295550847458
861.37,133.17636363636365,363.7320911929231,18.41794117647059
463.0,37.620000000000005,363.7320911929231,669.1571205357143
464.62,-13.702777777777762,363.7320911929231,41.924557021677664
1260.74,-42.26999999999998,363.7320911929231,41.924557021677664
488.29,315.531675,363.7320911929231,174.47120879120877
1011.29,-198.26,363.7320911929231,41.924557021677664
1156.72,-12.324545454545458,363.7320911929231,5.649295550847458
837.61,28.96202247191011,363.7320911929231,32.15372393247269
7254.37,187.98075657894734,363.7320911929231,16.512476190476193
2658.34,308.0175,363.7320911929231,669.1571205357143
210.79,0.0,363.7320911929231,5.0842673796791455
1146.22,94.42000000000009,363.7320911929231,41.924557021677664
1772.7,131.69444444444457,363.7320911929231,41.924557021677664
1141.88,-273.23000000000013,363.7320911929231,41.924557021677664
226.76,-77.32,363.7320911929231,41.924557021677664
1433.39,15.677083333333327,363.7320911929231,41.924557021677664
561.74,-12.324545454545458,363.7320911929231,2.9732515337423315
211.13,486.77029069767445,363.7320911929231,23.371704545454545
491.67,-6.242500000000002,363.7320911929231,0.0011764705882609705
325.24,14.920000000000016,363.7320911929231,5.649295550847458
1377.0,131.69444444444457,363.7320911929231,14.112676056338028
207.13,0.0,363.7320911929231,41.97798701298701
486.45,0.0,363.7320911929231,5.0842673796791455
1938.85,456.47955974842785,363.7320911929231,0.0
183.99,270.7600688705234,363.7320911929231,0.0
317.19,-16.629999999999995,363.7320911929231,5.649295550847458
11131.0,121.08398843930635,363.7320911929231,1228.6439795918368
437.21,88.62431952662725,363.7320911929231,760.053
488.29,88.62431952662725,363.7320911929231,174.47120879120877
317.19,486.77029069767445,363.7320911929231,5.649295550847458
362.81,215.1169805194805,363.7320911929231,-66.66499999999999
972.06,72.0,363.7320911929231,41.924557021677664
2309.8,123.14413793103449,363.7320911929231,0.0
1641.66,263.1299999999999,363.7320911929231,41.924557021677664
210.79,133.17636363636365,363.7320911929231,5.0842673796791455
216.02,121.08398843930635,363.7320911929231,0.0
483.87,351.42589473684217,363.7320911929231,5.0842673796791455
3860.35,2544.73,363.7320911929231,2111.4774074074076
211.94,187.98075657894734,363.7320911929231,41.97798701298701
2926.42,0.0,363.7320911929231,5.649295550847458
329.82,381.89819935691315,363.7320911929231,41.924557021677664
5846.0,0.0,363.7320911929231,174.47120879120877
2886.0,956.9821886792453,363.7320911929231,174.47120879120877
1001.69,-112.88000000000012,363.7320911929231,41.924557021677664
500.88,0.0,363.7320911929231,5.0842673796791455
2966.63,509.02,363.7320911929231,41.924557021677664
2913.0,338.7142857142857,363.7320911929231,6.500000000000007
1262.43,456.47955974842785,363.7320911929231,5.0842673796791455
283.86,-12.324545454545458,363.7320911929231,5.649295550847458
1125.78,131.69444444444457,363.7320911929231,41.924557021677664
819.48,544.0854679802956,363.7320911929231,14.872403100775186
18936.0,315.531675,363.7320911929231,669.1571205357143
430.24,27.634043715847,363.7320911929231,5.0842673796791455
314.06,283.1751351351351,363.7320911929231,5.360526315789475
856.93,-138.08999999999992,363.7320911929231,41.924557021677664
493.42,-14.629999999999995,363.7320911929231,5.0842673796791455
242.0,956.9821886792453,363.7320911929231,5.649295550847458
467.0,351.42589473684217,363.7320911929231,5.0842673796791455
32850.0,101.70593749999993,363.7320911929231,-3.6
230.45,14.460000000000008,363.7320911929231,5.0842673796791455
258.52,27.634043715847,363.7320911929231,5.0842673796791455
360.81,381.89819935691315,363.7320911929231,0.0
348.31,177.61824742268038,363.7320911929231,0.0
14810.0,195.75224913494807,363.7320911929231,669.1571205357143
176.0,51.62951923076919,363.7320911929231,0.0
1605.0,195.75224913494807,363.7320911929231,248.22134969325154
836.42,-6.242500000000002,363.7320911929231,0.0011764705882609705
1219.48,381.89819935691315,363.7320911929231,185.61302013422815
6663.0,345.88800000000003,363.7320911929231,1537.8174226804128
664.02,195.75224913494807,363.7320911929231,41.924557021677664
292.8,0.0,363.7320911929231,5.0842673796791455
791.17,121.08398843930635,363.7320911929231,32.15372393247269
6806.44,0.0,363.7320911929231,54.444366197183115
1384.72,381.89819935691315,363.7320911929231,694.994625
1164.69,381.89819935691315,363.7320911929231,571.6111111111111
667.0,0.0,363.7320911929231,0.0
1740.0,175.0411904761905,363.7320911929231,669.1571205357143
809.51,137.48202702702702,363.7320911929231,32.15372393247269
525.67,0.0,363.7320911929231,5.0842673796791455
226.32,0.0,363.7320911929231,5.0842673796791455
2869.65,111.53585635359119,363.7320911929231,18.41794117647059
220.28,248.87452991452994,363.7320911929231,5.649295550847458
3271.0,-11.758000000000001,363.7320911929231,174.47120879120877
4535.99,0.0,363.7320911929231,0.0
409.64,-119.0,363.7320911929231,41.924557021677664
218.6,0.0,363.7320911929231,174.47120879120877
6708.0,0.0,363.7320911929231,2.127659574468085
34627.0,311.55612903225807,363.7320911929231,669.1571205357143
984.63,195.75224913494807,363.7320911929231,32.15372393247269
2920.69,149.47600000000003,363.7320911929231,32.15372393247269
605.76,144.56000000000006,363.7320911929231,5.0842673796791455
315.56,351.42589473684217,363.7320911929231,5.0842673796791455
687.77,187.98075657894734,363.7320911929231,41.924557021677664
228.72,0.0,363.7320911929231,5.0842673796791455
3591.76,0.0,363.7320911929231,0.0
1117.75,215.1169805194805,363.7320911929231,5.649295550847458
344.73,145.4,363.7320911929231,5.649295550847458
2070.44,-680.1500000000001,363.7320911929231,41.924557021677664
5535.0,204.78,363.7320911929231,669.1571205357143
611.8,956.9821886792453,363.7320911929231,18.41794117647059
1188.46,-290.46000000000004,363.7320911929231,41.924557021677664
442.42,486.77029069767445,363.7320911929231,0.0
1195.0,315.531675,363.7320911929231,247.81440000000003
636.1,121.71318327974278,363.7320911929231,5.649295550847458
461.91,0.0,363.7320911929231,192.9492857142857
1673.17,28.96202247191011,363.7320911929231,41.924557021677664
816.79,283.1751351351351,363.7320911929231,5.0842673796791455
920.47,29.92999999999995,363.7320911929231,41.924557021677664
3713.4,194.5999999999999,363.7320911929231,669.1571205357143
2417.24,0.0,363.7320911929231,14.872403100775186
348.31,0.0,363.7320911929231,0.0
262.76,381.89819935691315,363.7320911929231,13.04352941176471
1162.56,315.531675,363.7320911929231,185.61302013422815
1363.9,115.06428571428569,363.7320911929231,32.15372393247269
173.03,315.531675,363.7320911929231,185.61302013422815
3125.32,0.0,363.7320911929231,0.0
2615.0,472.5091428571429,363.7320911929231,1471.4126865671642
2500.0,308.0175,363.7320911929231,649.5546153846153
1576.94,195.75224913494807,363.7320911929231,41.924557021677664
1181.55,270.7600688705234,363.7320911929231,5.0842673796791455
1163.17,-328.71000000000004,363.7320911929231,41.924557021677664
424.81,486.77029069767445,363.7320911929231,0.0
1565.47,76.86607142857143,363.7320911929231,32.15372393247269
1436.49,29.059999999999945,363.7320911929231,41.924557021677664
334.64,0.0,363.7320911929231,5.649295550847458
645.13,0.0,363.7320911929231,-0.01666666666642413
1430.0,315.531675,363.7320911929231,0.0
1281.81,279.65500000000003,363.7320911929231,113.0609756097561
3674.0,7.646978021978025,363.7320911929231,174.47120879120877
690.71,-12.324545454545458,363.7320911929231,0.0
244.54,0.0,363.7320911929231,5.649295550847458
359.86,-31.50299212598425,363.7320911929231,5.0842673796791455
917.91,111.53585635359119,363.7320911929231,5.649295550847458
1063.57,40.299999999999955,363.7320911929231,41.924557021677664
511.54,121.08398843930635,363.7320911929231,5.649295550847458
1652.4,24.57199999999999,363.7320911929231,41.924557021677664
870.0,0.0,363.7320911929231,5.0842673796791455
1021.97,121.71318327974278,363.7320911929231,499.0127272727272
860.0,270.7600688705234,363.7320911929231,669.1571205357143
358.19,101.70593749999993,363.7320911929231,247.81440000000003
481.03,270.7600688705234,363.7320911929231,669.1571205357143
1216.0,195.75224913494807,363.7320911929231,248.22134969325154
4330.0,-21.43357142857139,363.7320911929231,6.500000000000007
383.84,315.531675,363.7320911929231,332.426829268293
463.08,-36.7,363.7320911929231,41.924557021677664
522.45,121.08398843930635,363.7320911929231,332.426829268293
228.64,0.0,363.7320911929231,0.0
435.0,5678.785454545454,363.7320911929231,689.6153846153846
325.57,-76.65,363.7320911929231,41.924557021677664
1757.27,71.3900000000001,363.7320911929231,41.924557021677664
1081.15,270.7600688705234,363.7320911929231,5.0842673796791455
1876.0,0.0,363.7320911929231,421.2039097744361
1577.57,-486.485,363.7320911929231,14714.00484848485
9889.24,0.0,363.7320911929231,464.6008888888889
906.47,351.42589473684217,363.7320911929231,-294.73
867.09,6.324500000000002,363.7320911929231,5.0842673796791455
325.0,88.62431952662725,363.7320911929231,141.12833333333333
371.93,0.0,363.7320911929231,5.649295550847458
319.0,7.646978021978025,363.7320911929231,174.47120879120877
1605.0,909.0,363.7320911929231,248.22134969325154
521.53,6.680000000000064,363.7320911929231,41.924557021677664
1160.0,-40.225445544554454,363.7320911929231,174.47120879120877
2227.0,121.77833333333335,363.7320911929231,174.47120879120877
909.02,270.7600688705234,363.7320911929231,5.0842673796791455
206.88,0.0,363.7320911929231,0.0
961.0,201.01747572815538,363.7320911929231,41.924557021677664
3100.0,111.53585635359119,363.7320911929231,456.69565217391306
177.0,394.0747826086957,363.7320911929231,-220.5553333333338
228.72,456.47955974842785,363.7320911929231,5.0842673796791455
2415.91,132.68696,363.7320911929231,0.0
183.03,121.71318327974278,363.7320911929231,32.15372393247269
2002.0,-6.242500000000002,363.7320911929231,5.730666666666669
778.8,187.98075657894734,363.7320911929231,16.512476190476193
355.0,121.71318327974278,363.7320911929231,226.0
14810.0,1914.0,363.7320911929231,669.1571205357143
1712.0,270.7600688705234,363.7320911929231,456.69565217391306
1444.94,108.81999999999994,363.7320911929231,41.924557021677664
13365.77,0.0299999999988358,363.7320911929231,0.02749999999893282
442.54,27.634043715847,363.7320911929231,5.0842673796791455
1754.84,412.5499999999999,363.7320911929231,41.924557021677664
1459.0,260.3768181818182,363.7320911929231,159.6880821917808
881.74,637.79,363.7320911929231,41.924557021677664
764.57,187.98075657894734,363.7320911929231,16.512476190476193
2242.9,187.98075657894734,363.7320911929231,332.426829268293
293.5,149.50630630630627,363.7320911929231,2807.3
795.18,15.530000000000086,363.7320911929231,41.924557021677664
1616.97,28.96202247191011,363.7320911929231,32.15372393247269
168.32,121.71318327974278,363.7320911929231,114.72216216216215
183.03,17.75999999999999,363.7320911929231,41.924557021677664
605.76,6.324500000000002,363.7320911929231,5.0842673796791455
348.31,177.61824742268038,363.7320911929231,0.0
38953.0,883.5747142857142,363.7320911929231,715.124375
253.99,-70.73000000000002,363.7320911929231,5.649295550847458
1051.73,-12.53999999999993,363.7320911929231,41.924557021677664
314.67,-70.52000000000001,363.7320911929231,5.649295550847458
1338.61,149.50630630630627,363.7320911929231,5.0842673796791455
305.0,956.9821886792453,363.7320911929231,0.0
746.76,270.7600688705234,363.7320911929231,5.0842673796791455
1013.33,261.30000000000007,363.7320911929231,41.924557021677664
1359.81,0.0,363.7320911929231,41.924557021677664
1054.46,132.06352941176476,363.7320911929231,32.15372393247269
230.06,0.0,363.7320911929231,0.0
748.0,121.71318327974278,363.7320911929231,114.72216216216215
1116.13,347.6199999999999,363.7320911929231,41.924557021677664
2067.0,20.0,363.7320911929231,248.22134969325154
789.0,118.61,363.7320911929231,41.924557021677664
279.01,270.7600688705234,363.7320911929231,5.0842673796791455
3029.0,0.0399999999999636,363.7320911929231,0.01499999999998635
358.19,101.70593749999993,363.7320911929231,247.81440000000003
204.55,381.89819935691315,363.7320911929231,2.9732515337423315
4287.59,201.01747572815538,363.7320911929231,3403.419032258065
622.04,24.06000000000006,363.7320911929231,41.924557021677664
461.91,0.0,363.7320911929231,192.9492857142857
5194.95,0.0,363.7320911929231,0.0
1519.72,265.61896265560165,363.7320911929231,41.924557021677664
352.01,114.68700000000001,363.7320911929231,41.924557021677664
722.0,111.53585635359119,363.7320911929231,472.0
618.33,56.79416988416988,363.7320911929231,41.924557021677664
1319.75,111.53585635359119,363.7320911929231,29.266851851851854
309.63,0.0,363.7320911929231,5.649295550847458
768.0,270.7600688705234,363.7320911929231,1910.85
877.34,508.83510752688176,363.7320911929231,432.323
1101.79,111.53585635359119,363.7320911929231,41.924557021677664
430.76,149.50630630630627,363.7320911929231,6.2899999999999965
866.32,6.324500000000002,363.7320911929231,5.0842673796791455
1378.0,265.61896265560165,363.7320911929231,421.2039097744361
2842.0,3858.0,363.7320911929231,421.2039097744361
358.72,270.7600688705234,363.7320911929231,5.0842673796791455
265.91,956.9821886792453,363.7320911929231,18.41794117647059
211.7,351.42589473684217,363.7320911929231,5.0842673796791455
2838.86,121.71318327974278,363.7320911929231,0.0
508.76,270.7600688705234,363.7320911929231,5.0842673796791455
735.2,0.0,363.7320911929231,248.22134969325154
226.32,351.42589473684217,363.7320911929231,5.0842673796791455
204.12,351.42589473684217,363.7320911929231,5.0842673796791455
325.24,-12.324545454545458,363.7320911929231,5.649295550847458
824.0,0.0,363.7320911929231,0.0
698.45,0.0,363.7320911929231,5.0842673796791455
1035.16,381.89819935691315,363.7320911929231,694.994625
2614.51,472.5091428571429,363.7320911929231,1471.4126865671642
152.93,0.0,363.7320911929231,5.649295550847458
1229.15,56.79416988416988,363.7320911929231,155.60470588235296
1240.93,106.38125,363.7320911929231,32.15372393247269
824.0,0.0,363.7320911929231,0.0
322.81,486.77029069767445,363.7320911929231,5.649295550847458
5060.0,0.0,363.7320911929231,715.124375
627.31,0.0,363.7320911929231,41.97798701298701
571.07,195.75224913494807,363.7320911929231,87.04999999999995
329.0,315.531675,363.7320911929231,174.47120879120877
24948.65,0.0499999999992724,363.7320911929231,0.013823529411531452
888.99,175.0411904761905,363.7320911929231,-0.001315789473683013
2510.04,121.71318327974278,363.7320911929231,41.924557021677664
1404.94,133.17636363636365,363.7320911929231,5.649295550847458
2555.0,0.0,363.7320911929231,83.60526315789474
1001.69,7.646978021978025,363.7320911929231,32.15372393247269
601.0,166.32,363.7320911929231,979.4699999999999
315.56,0.0,363.7320911929231,5.0842673796791455
1398.84,508.83510752688176,363.7320911929231,32.15372393247269
4686.09,0.0,363.7320911929231,464.6008888888889
1602.89,-179.0,363.7320911929231,41.924557021677664
1729.68,56.79416988416988,363.7320911929231,0.0011764705882609705
195.38,0.0,363.7320911929231,5.649295550847458
846.82,270.7600688705234,363.7320911929231,5.0842673796791455
430.76,270.7600688705234,363.7320911929231,669.1571205357143
398.51,133.17636363636365,363.7320911929231,5.0842673796791455
255.9,133.17636363636365,363.7320911929231,5.0842673796791455
1000.0,0.0,363.7320911929231,83.60526315789474
1938.85,456.47955974842785,363.7320911929231,0.0
162.73,315.531675,363.7320911929231,32.15372393247269
514.91,121.71318327974278,363.7320911929231,669.1571205357143
192.22,145.4,363.7320911929231,5.649295550847458
410.6,110.92583333333334,363.7320911929231,5.0842673796791455
1252.92,118.34999999999992,363.7320911929231,41.924557021677664
196.94,0.0,363.7320911929231,5.649295550847458
466.0,315.531675,363.7320911929231,174.47120879120877
488.6,0.0,363.7320911929231,5.649295550847458
328.29,315.531675,363.7320911929231,1910.85
1360.54,28.96202247191011,363.7320911929231,32.15372393247269
158.78,195.75224913494807,363.7320911929231,2.9732515337423315
325.24,14.920000000000016,363.7320911929231,5.649295550847458
2915.0,28.96202247191011,363.7320911929231,298.19571428571425
758.09,114.68700000000001,363.7320911929231,41.97798701298701
794.7,7.646978021978025,363.7320911929231,32.15372393247269
1244.43,-457.5200000000001,363.7320911929231,41.924557021677664
1192.33,0.0,363.7320911929231,5.649295550847458
23136.0,14140.0,363.7320911929231,13028.833333333334
3807.77,76.86607142857143,363.7320911929231,5771.8099999999995
4516.88,123.14413793103449,363.7320911929231,0.0
407.0,111.53585635359119,363.7320911929231,0.0
154.28,956.9821886792453,363.7320911929231,114.72216216216215
911.66,195.75224913494807,363.7320911929231,18.41794117647059
509.65,-25.22999999999996,363.7320911929231,5.649295550847458
563.0,508.83510752688176,363.7320911929231,464.6008888888889
480.0,32.0,363.7320911929231,18.41794117647059
963.0,83.0,363.7320911929231,29.266851851851854
349.29,508.83510752688176,363.7320911929231,5.649295550847458
398.48,0.0,363.7320911929231,5.649295550847458
325.0,145.4,363.7320911929231,141.12833333333333
2329.45,394.0747826086957,363.7320911929231,669.1571205357143
334.27,187.98075657894734,363.7320911929231,16.512476190476193
435.0,4749.373428571428,363.7320911929231,689.6153846153846
191.11,1.0,363.7320911929231,41.924557021677664
2312.0,3620.0,363.7320911929231,464.6008888888889
156.36,270.7600688705234,363.7320911929231,14.112676056338028
5491.89,544.0854679802956,363.7320911929231,1471.4126865671642
459.97,123.14413793103449,363.7320911929231,267.06999999999994
911.66,195.75224913494807,363.7320911929231,18.41794117647059
379.0,265.61896265560165,363.7320911929231,174.47120879120877
525.67,-31.50299212598425,363.7320911929231,5.0842673796791455
5111.33,1588.67,363.7320911929231,174.47120879120877
1828.0,133.17636363636365,363.7320911929231,247.81440000000003
1127.9,486.77029069767445,363.7320911929231,41.924557021677664
364.0,0.0,363.7320911929231,669.1571205357143
670.17,0.0,363.7320911929231,54.444366197183115
262.37,81.39999999999998,363.7320911929231,5.649295550847458
1248.93,56.79416988416988,363.7320911929231,0.0
349.22,0.0,363.7320911929231,248.22134969325154
862.0,-244.07000000000005,363.7320911929231,32.15372393247269
238.66,-60.51692307692301,363.7320911929231,41.924557021677664
3145.45,121.71318327974278,363.7320911929231,51.05647058823524
402.01,56.79416988416988,363.7320911929231,2.9732515337423315
247.41,883.5747142857142,363.7320911929231,5.649295550847458
2061.86,-12.324545454545458,363.7320911929231,5.649295550847458
614.48,201.01747572815538,363.7320911929231,41.924557021677664
920.66,0.0,363.7320911929231,5.0842673796791455
647.0,262.1247727272727,363.7320911929231,464.6008888888889
627.31,187.98075657894734,363.7320911929231,41.97798701298701
888.99,0.0,363.7320911929231,-0.001315789473683013
195.38,381.89819935691315,363.7320911929231,5.649295550847458
1409.88,264.15999999999985,363.7320911929231,41.924557021677664
206.54,381.89819935691315,363.7320911929231,5.649295550847458
444.42,215.1169805194805,363.7320911929231,0.0
1411.71,215.1169805194805,363.7320911929231,32.15372393247269
530.2,0.0,363.7320911929231,5.649295550847458
656.0,-10.89734042553192,363.7320911929231,159.6880821917808
1373.06,314.19000000000005,363.7320911929231,41.924557021677664
1139.65,49.62999999999998,363.7320911929231,41.924557021677664
2869.65,111.53585635359119,363.7320911929231,18.41794117647059
325.0,56.79416988416988,363.7320911929231,141.12833333333333
519.0,195.75224913494807,363.7320911929231,248.22134969325154
159.77,270.7600688705234,363.7320911929231,0.0
1317.74,115.06428571428569,363.7320911929231,32.15372393247269
760.16,351.42589473684217,363.7320911929231,5.0842673796791455
1330.23,-186.02,363.7320911929231,41.924557021677664
6285.33,4749.373428571428,363.7320911929231,3403.419032258065
1792.68,-665.9300000000001,363.7320911929231,41.924557021677664
166.33,544.0854679802956,363.7320911929231,14.872403100775186
251.62,331.8455357142857,363.7320911929231,5.649295550847458
228.72,456.47955974842785,363.7320911929231,5.0842673796791455
1000.0,175.0411904761905,363.7320911929231,83.60526315789474
1843.59,-12.324545454545458,363.7320911929231,32.15372393247269
778.15,57.39999999999998,363.7320911929231,41.924557021677664
28466.0,22509.083333333332,363.7320911929231,14714.00484848485
402.94,0.0,363.7320911929231,5.0842673796791455
2056.0,0.0,363.7320911929231,174.47120879120877
480.0,160.0,363.7320911929231,18.41794117647059
138.48,381.89819935691315,363.7320911929231,1279.8325
450.0,315.531675,363.7320911929231,54.444366197183115
1135.39,265.61896265560165,363.7320911929231,41.924557021677664
1628.0,123.14413793103449,363.7320911929231,715.124375
323.98,27.634043715847,363.7320911929231,5.0842673796791455
579.0,28.96202247191011,363.7320911929231,41.924557021677664
530.2,315.531675,363.7320911929231,5.649295550847458
548.0,223.70475409836064,363.7320911929231,174.47120879120877
227.62,27.634043715847,363.7320911929231,1910.85
768.0,270.7600688705234,363.7320911929231,1910.85
557.04,132.68696,363.7320911929231,0.0
8914.0,56.79416988416988,363.7320911929231,6.500000000000007
235.9,0.0,363.7320911929231,0.0
1431.36,106.38125,363.7320911929231,32.15372393247269
325.0,27.634043715847,363.7320911929231,141.12833333333333
245.0,121.71318327974278,363.7320911929231,233.79176470588237
1376.0,123.14413793103449,363.7320911929231,72.1
796.65,-12.53999999999993,363.7320911929231,41.924557021677664
397.41,508.83510752688176,363.7320911929231,19198.74
9791.0,123.14413793103449,363.7320911929231,1228.6439795918368
230.41,187.98075657894734,363.7320911929231,16.512476190476193
670.9,-10.89734042553192,363.7320911929231,5.0842673796791455
494.52,-31.50299212598425,363.7320911929231,-42.132999999999996
165.0,0.0,363.7320911929231,159.6880821917808
461.91,0.0,363.7320911929231,192.9492857142857
1338.14,39.93307692307693,363.7320911929231,32.15372393247269
3633.58,270.7600688705234,363.7320911929231,1537.8174226804128
1746.45,166.32,363.7320911929231,32.15372393247269
2056.0,-5.344545454545455,363.7320911929231,174.47120879120877
477.76,326.00631578947366,363.7320911929231,32.15372393247269
2285.81,429.8899999999999,363.7320911929231,772.0536842105263
341.43,381.89819935691315,363.7320911929231,1910.85
491.04,195.75224913494807,363.7320911929231,41.924557021677664
282.08,0.0,363.7320911929231,5.649295550847458
317.19,-16.629999999999995,363.7320911929231,5.649295550847458
329.21,0.0,363.7320911929231,0.0
323.26,0.0,363.7320911929231,18.41794117647059
1878.0,204.78,363.7320911929231,421.2039097744361
155.97,121.08398843930635,363.7320911929231,5.649295550847458
459.97,123.14413793103449,363.7320911929231,267.06999999999994
2344.0,0.0,363.7320911929231,114.72216216216215
260.12,111.53585635359119,363.7320911929231,1910.85
477.76,160.56000000000006,363.7320911929231,41.924557021677664
280.75,-25.22,363.7320911929231,41.924557021677664
13365.77,0.0299999999988358,363.7320911929231,0.02749999999893282
3504.21,121.08398843930635,363.7320911929231,0.0
563.0,956.9821886792453,363.7320911929231,0.0
459.49,132.68696,363.7320911929231,0.0
1540.0,201.1500000000001,363.7320911929231,514.922
382.29,132.68696,363.7320911929231,571.6111111111111
499.0,351.42589473684217,363.7320911929231,18.41794117647059
621.87,104.04144736842105,363.7320911929231,3.5972222222222223
351.0,111.53585635359119,363.7320911929231,29.266851851851854
705.83,-31.50299212598425,363.7320911929231,5.0842673796791455
1818.46,114.68700000000001,363.7320911929231,32.15372393247269
1030.65,287.41615384615386,363.7320911929231,669.1571205357143
957.09,115.06428571428569,363.7320911929231,5.649295550847458
1810.56,472.5091428571429,363.7320911929231,1471.4126865671642
165.13,311.55612903225807,363.7320911929231,1910.85
295.47,248.87452991452994,363.7320911929231,5.649295550847458
1255.49,4749.373428571428,363.7320911929231,-189.68178571428575
215.0,248.87452991452994,363.7320911929231,3.5972222222222223
1637.29,195.75224913494807,363.7320911929231,32.15372393247269
908.47,0.0,363.7320911929231,16.512476190476193
1020.84,195.75224913494807,363.7320911929231,32.15372393247269
323.98,27.634043715847,363.7320911929231,5.0842673796791455
241.0,123.14413793103449,363.7320911929231,72.1
504.76,351.42589473684217,363.7320911929231,5.0842673796791455
1938.85,456.47955974842785,363.7320911929231,0.0
3251.0,0.0,363.7320911929231,174.47120879120877
1538.76,106.38125,363.7320911929231,32.15372393247269
1275.31,260.3768181818182,363.7320911929231,32.15372393247269
2175.35,137.48202702702702,363.7320911929231,32.15372393247269
370.0,270.7600688705234,363.7320911929231,0.0
322.45,115.06428571428569,363.7320911929231,18.41794117647059
3638.0,0.0,363.7320911929231,3.5972222222222223
158.78,195.75224913494807,363.7320911929231,2.9732515337423315
1799.64,764.7,363.7320911929231,16.512476190476193
916.78,0.0,363.7320911929231,41.97798701298701
2915.0,2994.0,363.7320911929231,669.1571205357143
4803.0,1866.91,363.7320911929231,715.124375
335.75,215.1169805194805,363.7320911929231,0.0
10773.0,315.531675,363.7320911929231,717.158095238095
369.77,133.51,363.7320911929231,5.649295550847458
345.6,486.77029069767445,363.7320911929231,0.0
198.62,123.14413793103449,363.7320911929231,41.97798701298701
228.72,456.47955974842785,363.7320911929231,5.0842673796791455
230.06,195.75224913494807,363.7320911929231,0.0
1467.44,51.62951923076919,363.7320911929231,41.924557021677664
198.7,270.7600688705234,363.7320911929231,669.1571205357143
1034.01,718.29,363.7320911929231,41.97798701298701
1255.49,4749.373428571428,363.7320911929231,-189.68178571428575
344.73,145.4,363.7320911929231,5.649295550847458
968.92,-40.225445544554454,363.7320911929231,74.02
12366.0,270.7600688705234,363.7320911929231,2807.3
1338.61,270.7600688705234,363.7320911929231,5.0842673796791455
1024.69,315.531675,363.7320911929231,41.924557021677664
256.16,270.7600688705234,363.7320911929231,571.6111111111111
1449.44,252.6989830508475,363.7320911929231,372.7999999999999
1280.68,-12.324545454545458,363.7320911929231,32.15372393247269
1028.0,486.77029069767445,363.7320911929231,247.81440000000003
910.56,111.53585635359119,363.7320911929231,298.19571428571425
4225.59,0.0,363.7320911929231,41.924557021677664
268.98,351.42589473684217,363.7320911929231,5.0842673796791455
574.26,0.0,363.7320911929231,5.0842673796791455
381.77,0.0,363.7320911929231,5.649295550847458
605.76,6.324500000000002,363.7320911929231,5.0842673796791455
458.59,149.50630630630627,363.7320911929231,5.0842673796791455
302.0,62.043461538461536,363.7320911929231,241.0
734.0,223.70475409836064,363.7320911929231,248.0
374.17,121.08398843930635,363.7320911929231,32.15372393247269
2584.1,883.5747142857142,363.7320911929231,0.0
917.26,56.79416988416988,363.7320911929231,41.924557021677664
195.14,0.0,363.7320911929231,5.0842673796791455
442.54,27.634043715847,363.7320911929231,5.0842673796791455
801.07,-31.50299212598425,363.7320911929231,5.0842673796791455
355.72,265.61896265560165,363.7320911929231,5.649295550847458
379.39,0.0,363.7320911929231,5.0842673796791455
713.0,98.936,363.7320911929231,829.2833333333334
297.88,0.0,363.7320911929231,0.0
320.64,121.71318327974278,363.7320911929231,41.924557021677664
3674.0,56.79416988416988,363.7320911929231,174.47120879120877
262.76,381.89819935691315,363.7320911929231,13.04352941176471
621.4,315.531675,363.7320911929231,185.61302013422815
347.15,0.0,363.7320911929231,18.41794117647059
382.29,123.14413793103449,363.7320911929231,571.6111111111111
722.0,111.53585635359119,363.7320911929231,472.0
295.97,114.68700000000001,363.7320911929231,5.0842673796791455
1225.21,381.89819935691315,363.7320911929231,0.0
2501.0,956.9821886792453,363.7320911929231,464.6008888888889
497.18,27.634043715847,363.7320911929231,5.0842673796791455
861.06,-235.65999999999997,363.7320911929231,16.512476190476193
776.17,508.83510752688176,363.7320911929231,5.649295550847458
1686.22,123.14413793103449,363.7320911929231,478.2
2526.47,0.0,363.7320911929231,760.053
1003.38,-9.779999999999973,363.7320911929231,41.924557021677664
383.84,315.531675,363.7320911929231,332.426829268293
2271.86,315.531675,363.7320911929231,32.15372393247269
1146.19,212.42999999999984,363.7320911929231,41.924557021677664
2434.75,121.08398843930635,363.7320911929231,-480.9000000000001
296.66,956.9821886792453,363.7320911929231,5.649295550847458
293.5,149.50630630630627,363.7320911929231,0.0
230.45,283.1751351351351,363.7320911929231,5.0842673796791455
587.97,0.0,363.7320911929231,5.649295550847458
2111.95,-676.4899999999998,363.7320911929231,41.924557021677664
1383.78,145.4,363.7320911929231,5.0842673796791455
348.72,-7.360000000000014,363.7320911929231,41.924557021677664
2029.17,177.61824742268038,363.7320911929231,41.924557021677664
1255.49,-40.548333333333325,363.7320911929231,-189.68178571428575
14323.0,351.42589473684217,363.7320911929231,1537.8174226804128
2058.79,265.92999999999984,363.7320911929231,41.924557021677664
1799.64,187.98075657894734,363.7320911929231,16.512476190476193
646.42,-90.32999999999991,363.7320911929231,41.924557021677664
1863.09,647.05,363.7320911929231,41.924557021677664
418.89,0.0,363.7320911929231,5.649295550847458
253.65,175.0411904761905,363.7320911929231,0.0
1856.36,56.79416988416988,363.7320911929231,485.91
992.91,-104.83999999999992,363.7320911929231,41.924557021677664
613.89,0.0,363.7320911929231,5.0842673796791455
289.46,270.7600688705234,363.7320911929231,0.0
1120.0,15.677083333333327,363.7320911929231,0.0
801.07,-31.50299212598425,363.7320911929231,5.0842673796791455
1471.32,381.89819935691315,363.7320911929231,41.924557021677664
611.74,106.38125,363.7320911929231,370.5014285714286
727.28,0.0,363.7320911929231,0.0
4060.0,270.7600688705234,363.7320911929231,1537.8174226804128
328.34,123.14413793103449,363.7320911929231,113.0609756097561
3742.0,1496.022692307692,363.7320911929231,-189.68178571428575
325.79,215.1169805194805,363.7320911929231,5.649295550847458
1957.05,104.04144736842105,363.7320911929231,0.0
1141.88,-273.23000000000013,363.7320911929231,41.924557021677664
34627.0,311.55612903225807,363.7320911929231,669.1571205357143
627.31,187.98075657894734,363.7320911929231,41.97798701298701
7392.0,0.0,363.7320911929231,669.1571205357143
483.0,121.71318327974278,363.7320911929231,499.0127272727272
402.94,0.0,363.7320911929231,5.0842673796791455
5969.0,0.0,363.7320911929231,174.47120879120877
995.04,175.0411904761905,363.7320911929231,5.649295550847458
228.64,381.89819935691315,363.7320911929231,0.0
328.29,315.531675,363.7320911929231,1910.85
1376.56,105.01999999999998,363.7320911929231,32.15372393247269
535.03,149.50630630630627,363.7320911929231,5.649295550847458
188.36,351.42589473684217,363.7320911929231,5.0842673796791455
212.81,111.53585635359119,363.7320911929231,174.47120879120877
177.0,394.0747826086957,363.7320911929231,-220.5553333333338
188.87,-12.324545454545458,363.7320911929231,32.15372393247269
3041.65,104.04144736842105,363.7320911929231,41.924557021677664
1886.0,381.89819935691315,363.7320911929231,0.0
529.54,59.110000000000014,363.7320911929231,5.649295550847458
2123.7,345.88800000000003,363.7320911929231,1537.8174226804128
1507.0,-40.225445544554454,363.7320911929231,18.41794117647059
1237.71,-40.225445544554454,363.7320911929231,41.924557021677664
1299.0,347.43000000000006,363.7320911929231,247.81440000000003
351.12,-31.50299212598425,363.7320911929231,5.0842673796791455
424.81,0.0,363.7320911929231,0.0
222.77,351.42589473684217,363.7320911929231,5.0842673796791455
1319.75,111.53585635359119,363.7320911929231,0.0
1454.0,0.0,363.7320911929231,421.2039097744361
315.21,0.0,363.7320911929231,5.649295550847458
61109.0,126891.0,363.7320911929231,14714.00484848485
768.0,270.7600688705234,363.7320911929231,1910.85
516.16,111.53585635359119,363.7320911929231,41.924557021677664
760.16,351.42589473684217,363.7320911929231,5.0842673796791455
364.0,265.61896265560165,363.7320911929231,669.1571205357143
580.79,381.89819935691315,363.7320911929231,1085.1044444444444
792.89,602.9,363.7320911929231,1279.8325
947.15,0.0,363.7320911929231,5.649295550847458
564.05,0.0,363.7320911929231,5.0842673796791455
386.49,0.0,363.7320911929231,5.649295550847458
320.47,265.61896265560165,363.7320911929231,18.41794117647059
292.23,6.324500000000002,363.7320911929231,5.0842673796791455
617.28,0.0,363.7320911929231,5.649295550847458
251.98,48.47,363.7320911929231,48.47
791.79,270.7600688705234,363.7320911929231,5.0842673796791455
665.47,270.7600688705234,363.7320911929231,5.0842673796791455
345.89,472.5091428571429,363.7320911929231,5.649295550847458
904.04,270.7600688705234,363.7320911929231,5.0842673796791455
2708.0,0.0,363.7320911929231,174.47120879120877
496.64,0.0,363.7320911929231,5.649295550847458
206.54,0.0,363.7320911929231,5.649295550847458
1828.0,201.01747572815538,363.7320911929231,247.81440000000003
1253.26,956.9821886792453,363.7320911929231,41.924557021677664
159.77,0.0,363.7320911929231,0.0
461.64,0.0,363.7320911929231,83.60526315789474
823.46,201.01747572815538,363.7320911929231,5.649295550847458
665.59,508.83510752688176,363.7320911929231,32.15372393247269
244.54,0.0,363.7320911929231,5.649295550847458
348.31,177.61824742268038,363.7320911929231,0.0
33690.0,381.89819935691315,363.7320911929231,0.0
158.36,56.79416988416988,363.7320911929231,5.649295550847458
2407.67,381.89819935691315,363.7320911929231,1085.1044444444444
1774.03,215.1169805194805,363.7320911929231,32.15372393247269
2010.2,-444.31999999999994,363.7320911929231,41.924557021677664
498.97,106.38125,363.7320911929231,32.15372393247269
1457.59,270.7600688705234,363.7320911929231,5.0842673796791455
173.03,-3.1899999999999977,363.7320911929231,185.61302013422815
445.51,-31.50299212598425,363.7320911929231,5.0842673796791455
524.88,137.48202702702702,363.7320911929231,32.15372393247269
1030.65,287.41615384615386,363.7320911929231,669.1571205357143
5369.18,-308.03000000000065,363.7320911929231,-220.5553333333338
2269.49,121.71318327974278,363.7320911929231,0.0
7853.84,123.14413793103449,363.7320911929231,0.0
998.71,56.79416988416988,363.7320911929231,0.0011764705882609705
228.64,0.0,363.7320911929231,0.0
1877.47,956.9821886792453,363.7320911929231,41.924557021677664
240.0,0.0,363.7320911929231,14.112676056338028
2585.0,381.89819935691315,363.7320911929231,3.5972222222222223
5281.94,201.01747572815538,363.7320911929231,3403.419032258065
154.73,114.68700000000001,363.7320911929231,0.0
209.88,34.743750000000006,363.7320911929231,13.04352941176471
1162.56,315.531675,363.7320911929231,185.61302013422815
394.95,115.06428571428569,363.7320911929231,5.649295550847458
162.67,215.1169805194805,363.7320911929231,5.649295550847458
224.44,381.89819935691315,363.7320911929231,5.649295550847458
1953.0,262.1247727272727,363.7320911929231,464.6008888888889
2518.39,175.0411904761905,363.7320911929231,41.97798701298701
249.43,0.0,363.7320911929231,185.61302013422815
7500.8,0.0,363.7320911929231,0.0
625.64,0.0,363.7320911929231,5.0842673796791455
248.2,0.0,363.7320911929231,0.0
373.0,51.62951923076919,363.7320911929231,0.0
1256.9,0.0,363.7320911929231,5.0842673796791455
138.48,1705.42,363.7320911929231,1279.8325
164.6,121.08398843930635,363.7320911929231,23.371704545454545
739.39,472.5091428571429,363.7320911929231,41.924557021677664
4460.0,104.04144736842105,363.7320911929231,1910.85
3032.0,2041.0,363.7320911929231,889.8235294117648
4939.78,111.53585635359119,363.7320911929231,29.266851851851854
1096.52,132.68696,363.7320911929231,41.924557021677664
540.02,381.89819935691315,363.7320911929231,694.994625
311.18,0.0,363.7320911929231,5.0842673796791455
1272.71,115.06428571428569,363.7320911929231,32.15372393247269
370.0,270.7600688705234,363.7320911929231,0.0
1110.23,106.38125,363.7320911929231,5.649295550847458
250.0,106.38125,363.7320911929231,141.12833333333333
2660.0,0.0,363.7320911929231,16.512476190476193
242.8,472.5091428571429,363.7320911929231,5.649295550847458
442.54,0.0,363.7320911929231,5.0842673796791455
230.41,187.98075657894734,363.7320911929231,16.512476190476193
464.62,-13.702777777777762,363.7320911929231,41.924557021677664
320.47,0.0,363.7320911929231,18.41794117647059
2269.49,121.71318327974278,363.7320911929231,0.0
458.78,76.86607142857143,363.7320911929231,5.649295550847458
1381.0,579.77,363.7320911929231,499.0127272727272
1853.16,28.96202247191011,363.7320911929231,32.15372393247269
703.68,248.87452991452994,363.7320911929231,5.649295550847458
150.97,145.4,363.7320911929231,13.04352941176471
1467.44,1042.9,363.7320911929231,41.924557021677664
213.33,0.0,363.7320911929231,5.649295550847458
1487.41,315.531675,363.7320911929231,185.61302013422815
1679.75,-12.324545454545458,363.7320911929231,5.649295550847458
1754.84,137.48202702702702,363.7320911929231,32.15372393247269
260.12,111.53585635359119,363.7320911929231,1910.85
1160.0,0.0,363.7320911929231,174.47120879120877
244.99,121.08398843930635,363.7320911929231,0.0
12366.0,270.7600688705234,363.7320911929231,669.1571205357143
1516.45,123.14413793103449,363.7320911929231,136.80374999999998
1028.0,248.87452991452994,363.7320911929231,247.81440000000003
30274.0,-0.2744444444444475,363.7320911929231,0.0
1626.0,131.69444444444457,363.7320911929231,248.22134969325154
1481.87,-13.702777777777762,363.7320911929231,41.924557021677664
2496.0,0.0,363.7320911929231,421.2039097744361
2285.81,177.61824742268038,363.7320911929231,772.0536842105263
1725.04,123.14413793103449,363.7320911929231,0.0
157.32,265.61896265560165,363.7320911929231,5.649295550847458
10439.09,106.38125,363.7320911929231,1471.4126865671642
562.45,0.0,363.7320911929231,5.649295550847458
1622.27,131.69444444444457,363.7320911929231,571.6111111111111
325.0,338.5,363.7320911929231,141.12833333333333
278.28,187.98075657894734,363.7320911929231,2.9732515337423315
4287.59,133.17636363636365,363.7320911929231,3403.419032258065
5384.17,0.0,363.7320911929231,717.158095238095
495.16,0.0,363.7320911929231,5.649295550847458
414.37,0.0,363.7320911929231,0.0
297.0,121.71318327974278,363.7320911929231,114.72216216216215
1097.81,381.89819935691315,363.7320911929231,41.924557021677664
735.2,0.0,363.7320911929231,248.22134969325154
198.7,270.7600688705234,363.7320911929231,669.1571205357143
353.27,0.0,363.7320911929231,5.649295550847458
5550.0,284.68111111111114,363.7320911929231,174.47120879120877
326.61,508.83510752688176,363.7320911929231,32.15372393247269
410.83,114.68700000000001,363.7320911929231,5.649295550847458
355.12,215.1169805194805,363.7320911929231,5.649295550847458
971.96,-31.50299212598425,363.7320911929231,-189.68178571428575
1634.79,0.0,363.7320911929231,14.872403100775186
1016.0,111.53585635359119,363.7320911929231,29.266851851851854
2889.39,265.61896265560165,363.7320911929231,174.47120879120877
3631.0,-13.702777777777762,363.7320911929231,71.23636363636363
204.12,351.42589473684217,363.7320911929231,5.0842673796791455
17195.0,111.53585635359119,363.7320911929231,1228.6439795918368
339.87,0.0,363.7320911929231,16.512476190476193
319.96,-12.324545454545458,363.7320911929231,5.649295550847458
427.29,106.38125,363.7320911929231,5.649295550847458
3055.0,123.14413793103449,363.7320911929231,1258.623466666667
906.47,-294.73,363.7320911929231,-294.73
131.05,201.01747572815538,363.7320911929231,23.371704545454545
204.42,115.06428571428569,363.7320911929231,5.649295550847458
1373.06,88.62431952662725,363.7320911929231,32.15372393247269
6663.0,345.88800000000003,363.7320911929231,1537.8174226804128
227.96,175.0411904761905,363.7320911929231,41.97798701298701
152.27,114.68700000000001,363.7320911929231,5.0842673796791455
178.18,-25.03,363.7320911929231,41.924557021677664
1591.0,115.06428571428569,363.7320911929231,421.2039097744361
1750.07,0.0,363.7320911929231,0.0
31876.39,456.47955974842785,363.7320911929231,3921.7854545454543
680.0,0.0,363.7320911929231,669.1571205357143
1255.49,4749.373428571428,363.7320911929231,-189.68178571428575
246.6,88.62431952662725,363.7320911929231,5.649295550847458
1003.87,7.646978021978025,363.7320911929231,32.15372393247269
1628.0,123.14413793103449,363.7320911929231,715.124375
1309.47,195.75224913494807,363.7320911929231,32.15372393247269
493.0,0.0,363.7320911929231,421.2039097744361
973.07,0.0,363.7320911929231,0.0
1560.39,7.829999999999927,363.7320911929231,41.924557021677664
3545.0,0.0,363.7320911929231,72.1
1454.67,115.06428571428569,363.7320911929231,32.15372393247269
749.0,0.0,363.7320911929231,421.2039097744361
539.0,315.531675,363.7320911929231,13.04352941176471
319.75,215.1169805194805,363.7320911929231,0.0
665.02,187.98075657894734,363.7320911929231,485.91
232.29,27.634043715847,363.7320911929231,5.0842673796791455
909.02,-157.21000000000004,363.7320911929231,41.924557021677664
789.26,529.6500000000001,363.7320911929231,41.924557021677664
747.91,121.71318327974278,363.7320911929231,0.0
859.41,0.0,363.7320911929231,-0.003103448275859245
345.6,0.0,363.7320911929231,0.0
867.09,6.324500000000002,363.7320911929231,5.0842673796791455
1084.29,115.06428571428569,363.7320911929231,5.649295550847458
876.88,28.96202247191011,363.7320911929231,41.924557021677664
3919.0,0.0,363.7320911929231,3.5972222222222223
302.88,0.0,363.7320911929231,5.649295550847458
511.02,0.0,363.7320911929231,5.0842673796791455
501.0,315.531675,363.7320911929231,174.47120879120877
191.56,7.646978021978025,363.7320911929231,2.9732515337423315
3445.0,381.89819935691315,363.7320911929231,694.994625
344.71,270.7600688705234,363.7320911929231,5.0842673796791455
180.66,111.53585635359119,363.7320911929231,0.0
215.79,20.863030303030303,363.7320911929231,5.0842673796791455
645.0,0.0,363.7320911929231,248.22134969325154
894.01,233.41000000000008,363.7320911929231,41.924557021677664
6663.0,345.88800000000003,363.7320911929231,689.6153846153846
225.71,6.324500000000002,363.7320911929231,669.1571205357143
4060.0,270.7600688705234,363.7320911929231,4243.469999999999
839.98,0.0,363.7320911929231,5.649295550847458
256.16,270.7600688705234,363.7320911929231,571.6111111111111
5194.95,121.71318327974278,363.7320911929231,0.0
480.0,544.0854679802956,363.7320911929231,18.41794117647059
300.33,121.71318327974278,363.7320911929231,5.649295550847458
1171.0,0.0,363.7320911929231,113.0609756097561
293.3,956.9821886792453,363.7320911929231,464.6008888888889
494.52,-31.50299212598425,363.7320911929231,-42.132999999999996
837.34,315.531675,363.7320911929231,185.61302013422815
1953.0,262.1247727272727,363.7320911929231,464.6008888888889
354.21,215.1169805194805,363.7320911929231,5.649295550847458
1089.41,-111.96000000000004,363.7320911929231,41.924557021677664
785.79,115.06428571428569,363.7320911929231,5.649295550847458
1464.12,187.55000000000015,363.7320911929231,41.924557021677664
1432.0,2353.45,363.7320911929231,1176.725
494.0,0.0,363.7320911929231,6.500000000000007
3536.9,215.1169805194805,363.7320911929231,32.15372393247269
468.64,-40.225445544554454,363.7320911929231,14.872403100775186
501.0,315.531675,363.7320911929231,174.47120879120877
356.86,315.531675,363.7320911929231,669.1571205357143
574.26,270.7600688705234,363.7320911929231,5.0842673796791455
172.66,121.08398843930635,363.7320911929231,5.649295550847458
1478.4,195.75224913494807,363.7320911929231,5.649295550847458
1909.98,835.7599999999998,363.7320911929231,32.15372393247269
680.0,0.0,363.7320911929231,669.1571205357143
502.68,175.0411904761905,363.7320911929231,-0.001315789473683013
63246.0,223.70475409836064,363.7320911929231,0.0
819.0,394.0747826086957,363.7320911929231,248.22134969325154
1243.57,223.70475409836064,363.7320911929231,41.924557021677664
383.84,315.531675,363.7320911929231,332.426829268293
621.4,315.531675,363.7320911929231,185.61302013422815
2029.17,177.61824742268038,363.7320911929231,41.924557021677664
2538.67,2418.6000000000004,363.7320911929231,694.994625
720.72,0.0,363.7320911929231,5.0842673796791455
489.62,486.77029069767445,363.7320911929231,0.0
165.13,311.55612903225807,363.7320911929231,1910.85
2853.23,0.0,363.7320911929231,464.6008888888889
345.6,486.77029069767445,363.7320911929231,0.0
10088.0,0.0,363.7320911929231,669.1571205357143
204.55,381.89819935691315,363.7320911929231,2.9732515337423315
346.82,145.4,363.7320911929231,5.649295550847458
1602.89,-179.0,363.7320911929231,41.924557021677664
1120.0,2.409473684210519,363.7320911929231,0.0
2355.56,115.06428571428569,363.7320911929231,32.15372393247269
1492.74,121.71318327974278,363.7320911929231,41.924557021677664
4287.59,201.01747572815538,363.7320911929231,3403.419032258065
578.89,195.75224913494807,363.7320911929231,0.0
662.08,-40.225445544554454,363.7320911929231,32.15372393247269
770.16,115.06428571428569,363.7320911929231,835.9100000000001
222.61,0.0,363.7320911929231,5.649295550847458
1492.74,420.0999999999999,363.7320911929231,41.924557021677664
1549.0,0.0,363.7320911929231,18.41794117647059
43367.0,56.79416988416988,363.7320911929231,1910.85
190.0,-0.0699999999999931,363.7320911929231,114.72216216216215
100.0,315.531675,363.7320911929231,55.21866666666667
316.73,-0.0005714285713890743,363.7320911929231,5.0842673796791455
1020.42,187.98075657894734,363.7320911929231,16.512476190476193
68.0,381.89819935691315,363.7320911929231,83.97
278.28,76.86607142857143,363.7320911929231,2.9732515337423315
4103.0,121.08398843930635,363.7320911929231,499.0127272727272
1457.59,270.7600688705234,363.7320911929231,5.0842673796791455
1407.33,0.0,363.7320911929231,41.924557021677664
395.25,0.0,363.7320911929231,5.649295550847458
1256.9,270.7600688705234,363.7320911929231,5.0842673796791455
4516.88,123.14413793103449,363.7320911929231,0.0
1012.57,0.0,363.7320911929231,41.924557021677664
191.31,215.1169805194805,363.7320911929231,32.15372393247269
1915.99,106.38125,363.7320911929231,32.15372393247269
562.45,0.0,363.7320911929231,5.649295550847458
250.33,0.0,363.7320911929231,5.0842673796791455
177.76,351.42589473684217,363.7320911929231,5.0842673796791455
461.91,315.531675,363.7320911929231,478.2
369.0,544.0854679802956,363.7320911929231,174.47120879120877
1377.51,111.53585635359119,363.7320911929231,41.924557021677664
973.5,0.0,363.7320911929231,16.512476190476193
571.07,195.75224913494807,363.7320911929231,87.04999999999995
909.84,56.79416988416988,363.7320911929231,41.924557021677664
1210.12,114.68700000000001,363.7320911929231,-0.001315789473683013
384.57,175.0411904761905,363.7320911929231,16.512476190476193
467.99,231.6899999999999,363.7320911929231,41.924557021677664
302.88,-74.12222222222222,363.7320911929231,5.649295550847458
1390.0,544.0854679802956,363.7320911929231,5.730666666666669
1181.55,270.7600688705234,363.7320911929231,5.0842673796791455
26316.0,22509.083333333332,363.7320911929231,14714.00484848485
523.78,6.324500000000002,363.7320911929231,5.0842673796791455
667.0,0.0,363.7320911929231,0.0
1877.47,508.83510752688176,363.7320911929231,32.15372393247269
340.15,195.75224913494807,363.7320911929231,1910.85
624.43,0.0,363.7320911929231,5.649295550847458
1924.75,-37.36999999999989,363.7320911929231,41.924557021677664
859.41,187.98075657894734,363.7320911929231,-0.003103448275859245
61109.0,22509.083333333332,363.7320911929231,14714.00484848485
353.9,456.47955974842785,363.7320911929231,5.0842673796791455
1420.0,956.9821886792453,363.7320911929231,1910.85
358.19,101.70593749999993,363.7320911929231,247.81440000000003
2614.51,472.5091428571429,363.7320911929231,1471.4126865671642
809.51,157.48000000000002,363.7320911929231,41.924557021677664
7222.95,381.89819935691315,363.7320911929231,1085.1044444444444
1821.72,700.8399999999999,363.7320911929231,41.924557021677664
2548.04,956.9821886792453,363.7320911929231,41.924557021677664
504.76,351.42589473684217,363.7320911929231,5.0842673796791455
768.0,270.7600688705234,363.7320911929231,1910.85
189.21,544.0854679802956,363.7320911929231,14.872403100775186
635.28,270.7600688705234,363.7320911929231,669.1571205357143
968.92,544.0854679802956,363.7320911929231,14.872403100775186
265.91,956.9821886792453,363.7320911929231,18.41794117647059
1973.98,-729.54,363.7320911929231,41.924557021677664
6285.33,5678.785454545454,363.7320911929231,3403.419032258065
646.42,-41.84500000000002,363.7320911929231,32.15372393247269
1524.71,381.89819935691315,363.7320911929231,41.924557021677664
685.76,283.1751351351351,363.7320911929231,-75.0
693.97,149.50630630630627,363.7320911929231,5.0842673796791455
1273.72,-12.324545454545458,363.7320911929231,5.649295550847458
736.13,486.77029069767445,363.7320911929231,2707.9079166666666
277.44,0.0,363.7320911929231,5.0842673796791455
4000.0,315.531675,363.7320911929231,0.0
162.73,115.06428571428569,363.7320911929231,2.9732515337423315
935.19,24.57199999999999,363.7320911929231,0.0
2123.7,345.88800000000003,363.7320911929231,1537.8174226804128
581.65,7.646978021978025,363.7320911929231,32.15372393247269
1264.0,0.0,363.7320911929231,247.81440000000003
1101.79,-12.324545454545458,363.7320911929231,32.15372393247269
17195.0,111.53585635359119,363.7320911929231,1228.6439795918368
1693.81,0.0,363.7320911929231,0.0
1750.07,456.47955974842785,363.7320911929231,0.0
322.49,133.17636363636365,363.7320911929231,5.0842673796791455
2362.0,0.0,363.7320911929231,114.72216216216215
906.51,137.48202702702702,363.7320911929231,32.15372393247269
5748.04,283.1751351351351,363.7320911929231,3403.419032258065
228.97,351.42589473684217,363.7320911929231,5.0842673796791455
504.0,-153.32999999999998,363.7320911929231,5.649295550847458
686.03,0.0,363.7320911929231,5.0842673796791455
3250.0,24.57199999999999,363.7320911929231,60.10700000000001
611.74,0.0,363.7320911929231,248.22134969325154
829.0,223.70475409836064,363.7320911929231,669.1571205357143
210.05,148.25,363.7320911929231,41.924557021677664
402.01,7.646978021978025,363.7320911929231,2.9732515337423315
693.97,270.7600688705234,363.7320911929231,5.0842673796791455
424.93,201.01747572815538,363.7320911929231,75.98000000000002
1602.48,-12.324545454545458,363.7320911929231,32.15372393247269
1663.38,-12.324545454545458,363.7320911929231,32.15372393247269
165.13,260.3768181818182,363.7320911929231,1910.85
1549.0,0.0,363.7320911929231,18.41794117647059
199.05,132.68696,363.7320911929231,5.649295550847458
143.23,270.7600688705234,363.7320911929231,23.371704545454545
483.65,175.0411904761905,363.7320911929231,-0.001315789473683013
836.42,0.0,363.7320911929231,0.0011764705882609705
4231.0,88.62431952662725,363.7320911929231,174.47120879120877
385.0,265.61896265560165,363.7320911929231,0.0
809.51,157.48000000000002,363.7320911929231,41.924557021677664
311.18,252.6989830508475,363.7320911929231,5.0842673796791455
445.51,-31.50299212598425,363.7320911929231,5.0842673796791455
170.49,123.14413793103449,363.7320911929231,72.1
150.97,145.4,363.7320911929231,13.04352941176471
238.66,-12.53999999999993,363.7320911929231,41.924557021677664
349.29,956.9821886792453,363.7320911929231,5.649295550847458
908.47,187.98075657894734,363.7320911929231,16.512476190476193
30274.0,-0.2744444444444475,363.7320911929231,0.0
686.03,0.0,363.7320911929231,5.0842673796791455
366.94,56.79416988416988,363.7320911929231,0.0
314.1,369.47,363.7320911929231,211.46791666666672
1185.66,315.531675,363.7320911929231,41.924557021677664
1060.67,111.53585635359119,363.7320911929231,1572.5226666666665
665.47,4749.373428571428,363.7320911929231,5.0842673796791455
205.0,223.70475409836064,363.7320911929231,2512.6315789473683
195.14,351.42589473684217,363.7320911929231,5.0842673796791455
644.0,248.87452991452994,363.7320911929231,0.0
379.23,0.0,363.7320911929231,5.649295550847458
1359.81,28.96202247191011,363.7320911929231,32.15372393247269
245.3,133.17636363636365,363.7320911929231,5.0842673796791455
359.47,-0.2744444444444475,363.7320911929231,174.47120879120877
322.81,486.77029069767445,363.7320911929231,5.649295550847458
1058.99,381.89819935691315,363.7320911929231,1085.1044444444444
23136.0,381.89819935691315,363.7320911929231,13028.833333333334
1659.81,195.75224913494807,363.7320911929231,32.15372393247269
1028.0,337.95000000000005,363.7320911929231,247.81440000000003
1006.45,210.95000000000005,363.7320911929231,135.61071428571432
246.0,-12.324545454545458,363.7320911929231,0.0
7474.0,56.79416988416988,363.7320911929231,715.124375
361.24,-3.1899999999999977,363.7320911929231,5.649295550847458
235.9,215.1169805194805,363.7320911929231,0.0
255.97,381.89819935691315,363.7320911929231,1085.1044444444444
184.71,381.89819935691315,363.7320911929231,0.0
1101.76,272.6700000000001,363.7320911929231,41.924557021677664
170.34,115.06428571428569,363.7320911929231,5.649295550847458
385.15,283.1751351351351,363.7320911929231,5.649295550847458
298.0,115.06428571428569,363.7320911929231,5.649295550847458
1859.19,0.0,363.7320911929231,0.0
8087.0,381.89819935691315,363.7320911929231,0.0
2242.9,0.0,363.7320911929231,332.426829268293
401.74,311.55612903225807,363.7320911929231,41.924557021677664
1418.67,-0.0005714285713890743,363.7320911929231,5.0842673796791455
768.0,270.7600688705234,363.7320911929231,1910.85
31580.0,223.70475409836064,363.7320911929231,2512.6315789473683
335.75,381.89819935691315,363.7320911929231,0.0
652.33,56.79416988416988,363.7320911929231,41.924557021677664
1487.41,315.531675,363.7320911929231,185.61302013422815
909.02,0.0,363.7320911929231,5.0842673796791455
682.9,270.7600688705234,363.7320911929231,669.1571205357143
620.3,0.0,363.7320911929231,5.0842673796791455
150.97,883.5747142857142,363.7320911929231,2.9732515337423315
1019.17,149.50630630630627,363.7320911929231,5.649295550847458
382.61,123.14413793103449,363.7320911929231,0.0
154.73,114.68700000000001,363.7320911929231,0.0
511.83,7.646978021978025,363.7320911929231,5.649295550847458
5194.95,0.0,363.7320911929231,0.0
987.1,-139.04000000000008,363.7320911929231,41.924557021677664
307.11,0.0,363.7320911929231,0.0
1383.78,0.0,363.7320911929231,5.0842673796791455
314.09,0.0,363.7320911929231,0.0
2271.86,315.531675,363.7320911929231,41.924557021677664
991.89,-14.159999999999968,363.7320911929231,41.924557021677664
467.58,88.62431952662725,363.7320911929231,0.0
2595.0,476.0,363.7320911929231,464.6008888888889
263.45,0.0,363.7320911929231,5.649295550847458
222.82,0.0,363.7320911929231,16.512476190476193
194.88,0.0,363.7320911929231,5.649295550847458
636.1,121.08398843930635,363.7320911929231,5.649295550847458
467.58,88.62431952662725,363.7320911929231,0.0
186.52,0.0,363.7320911929231,5.649295550847458
483.14,215.1169805194805,363.7320911929231,1910.85
859.41,187.98075657894734,363.7320911929231,-0.003103448275859245
413.84,486.77029069767445,363.7320911929231,0.0
262.0,486.77029069767445,363.7320911929231,0.0
911.66,106.38125,363.7320911929231,18.41794117647059
846.82,270.7600688705234,363.7320911929231,5.0842673796791455
289.46,270.7600688705234,363.7320911929231,0.0
353.9,-0.0005714285713890743,363.7320911929231,5.0842673796791455
2227.0,338.7142857142857,363.7320911929231,174.47120879120877
1035.16,215.1169805194805,363.7320911929231,694.994625
27212.96,0.0400000000008731,363.7320911929231,332.426829268293
334.0,0.0,363.7320911929231,174.47120879120877
177.76,252.6989830508475,363.7320911929231,5.0842673796791455
3792.0,121.08398843930635,363.7320911929231,114.72216216216215
262.96,119.42769230769233,363.7320911929231,5.0842673796791455
438.24,-75.85000000000002,363.7320911929231,5.649295550847458
653.46,0.0,363.7320911929231,5.649295550847458
1010.0,97.0,363.7320911929231,14.112676056338028
1097.81,-339.40999999999997,363.7320911929231,41.924557021677664
314.06,0.0,363.7320911929231,5.360526315789475
535.03,270.7600688705234,363.7320911929231,5.649295550847458
2628.0,175.0411904761905,363.7320911929231,14.112676056338028
1470.73,123.14413793103449,363.7320911929231,41.924557021677664
963.0,2.409473684210519,363.7320911929231,23.920000000000016
1973.98,-729.54,363.7320911929231,41.924557021677664
4830.0,175.0411904761905,363.7320911929231,0.0
1641.66,146.08499999999998,363.7320911929231,32.15372393247269
311.22,0.0,363.7320911929231,5.649295550847458
480.0,544.0854679802956,363.7320911929231,18.41794117647059
423.48,248.87452991452994,363.7320911929231,5.649295550847458
2735.0,0.0,363.7320911929231,174.47120879120877
1119.35,74.82000000000016,363.7320911929231,41.924557021677664
4741.0,0.0,363.7320911929231,174.47120879120877
352.69,7.646978021978025,363.7320911929231,5.649295550847458
190.0,121.08398843930635,363.7320911929231,114.72216216216215
529.54,956.9821886792453,363.7320911929231,5.649295550847458
267.61,121.08398843930635,363.7320911929231,55.73203703703703
430.76,270.7600688705234,363.7320911929231,669.1571205357143
484.5,248.87452991452994,363.7320911929231,0.0
790.78,56.79416988416988,363.7320911929231,32.15372393247269
648.09,56.79416988416988,363.7320911929231,0.0
421.65,-192.71,363.7320911929231,14714.00484848485
796.97,0.0,363.7320911929231,5.649295550847458
740.58,0.0,363.7320911929231,5.0842673796791455
210.0,6.939999999999998,363.7320911929231,41.924557021677664
2082.98,462.1300000000001,363.7320911929231,41.924557021677664
209.38,456.47955974842785,363.7320911929231,174.47120879120877
1129.48,0.0,363.7320911929231,41.924557021677664
2853.23,262.1247727272727,363.7320911929231,464.6008888888889
903.44,7.646978021978025,363.7320911929231,32.15372393247269
509.65,-12.324545454545458,363.7320911929231,5.649295550847458
2077.0,-964.56,363.7320911929231,41.924557021677664
500.48,0.0,363.7320911929231,18.41794117647059
5365.88,175.0411904761905,363.7320911929231,-0.001315789473683013
370.0,270.7600688705234,363.7320911929231,0.0
235.9,0.0,363.7320911929231,0.0
5357.0,-59.5,363.7320911929231,174.47120879120877
5748.04,283.1751351351351,363.7320911929231,3403.419032258065
296.66,-7.550000000000011,363.7320911929231,5.649295550847458
323.26,283.1751351351351,363.7320911929231,18.41794117647059
890.33,-197.1800000000001,363.7320911929231,5.0842673796791455
1175.0,56.79416988416988,363.7320911929231,41.924557021677664
2082.69,115.06428571428569,363.7320911929231,41.924557021677664
1554.21,-23.697499999999962,363.7320911929231,41.924557021677664
1181.68,116.07999999999991,363.7320911929231,41.924557021677664
816.79,283.1751351351351,363.7320911929231,5.0842673796791455
177.94,0.0,363.7320911929231,5.649295550847458
819.48,544.0854679802956,363.7320911929231,14.872403100775186
1194.57,956.9821886792453,363.7320911929231,41.924557021677664
5194.95,121.71318327974278,363.7320911929231,0.0
748.0,0.0,363.7320911929231,114.72216216216215
277.44,27.634043715847,363.7320911929231,5.0842673796791455
2379.84,394.0747826086957,363.7320911929231,669.1571205357143
1859.19,132.68696,363.7320911929231,0.0
1759.82,177.61824742268038,363.7320911929231,41.924557021677664
5028.0,0.0,363.7320911929231,174.47120879120877
1376.56,105.01999999999998,363.7320911929231,32.15372393247269
174.34,0.0,363.7320911929231,5.649295550847458
284.21,0.0,363.7320911929231,5.0842673796791455
458.59,270.7600688705234,363.7320911929231,5.0842673796791455
1063.57,40.299999999999955,363.7320911929231,41.924557021677664
1432.0,2353.45,363.7320911929231,979.4699999999999
605.76,6.324500000000002,363.7320911929231,5.0842673796791455
224.41,381.89819935691315,363.7320911929231,174.47120879120877
859.41,187.98075657894734,363.7320911929231,-0.003103448275859245
7877.0,3898.0,363.7320911929231,1258.623466666667
5748.04,283.1751351351351,363.7320911929231,3403.419032258065
3638.0,195.75224913494807,363.7320911929231,3.5972222222222223
410.6,283.1751351351351,363.7320911929231,5.0842673796791455
1432.0,2353.2571428571428,363.7320911929231,2353.2999999999997
14358.0,187.98075657894734,363.7320911929231,16.727272727272727
640.18,71.06400000000004,363.7320911929231,5.649295550847458
1424.55,137.48202702702702,363.7320911929231,32.15372393247269
916.78,175.0411904761905,363.7320911929231,41.97798701298701
1062.76,-110.73000000000002,363.7320911929231,41.924557021677664
4330.0,0.0,363.7320911929231,6.500000000000007
2649.0,111.53585635359119,363.7320911929231,6.500000000000007
2565.63,28.96202247191011,363.7320911929231,32.15372393247269
459.97,123.14413793103449,363.7320911929231,267.06999999999994
243.52,76.86607142857143,363.7320911929231,0.0
9028.0,0.0,363.7320911929231,669.1571205357143
609.63,121.71318327974278,363.7320911929231,41.924557021677664
1828.0,332.84000000000015,363.7320911929231,247.81440000000003
1377.0,0.0,363.7320911929231,14.112676056338028
1467.44,1042.9,363.7320911929231,41.924557021677664
1875.72,121.08398843930635,363.7320911929231,0.0
1043.63,115.06428571428569,363.7320911929231,635.6234693877551
4330.0,-6.242500000000002,363.7320911929231,6.500000000000007
216.53,248.87452991452994,363.7320911929231,5.649295550847458
421.65,-192.71,363.7320911929231,14714.00484848485
500.48,0.0,363.7320911929231,18.41794117647059
304.44,111.53585635359119,363.7320911929231,6.500000000000007
216.97,145.4,363.7320911929231,41.924557021677664
159.53,-5.344545454545455,363.7320911929231,32.15372393247269
6708.0,381.89819935691315,363.7320911929231,2.127659574468085
277.5,-10.89734042553192,363.7320911929231,5.0842673796791455
958.27,111.53585635359119,363.7320911929231,0.0
1810.04,107.46000000000004,363.7320911929231,41.924557021677664
1313.28,0.0,363.7320911929231,5.0842673796791455
260.13,215.1169805194805,363.7320911929231,23.371704545454545
202.0,-12.324545454545458,363.7320911929231,1910.85
27212.96,0.0400000000008731,363.7320911929231,332.426829268293
352.0,0.0,363.7320911929231,14.872403100775186
3041.65,826.0099999999998,363.7320911929231,41.924557021677664
2705.0,187.98075657894734,363.7320911929231,485.91
561.91,0.0,363.7320911929231,5.0842673796791455
1116.13,28.96202247191011,363.7320911929231,32.15372393247269
2289.34,111.53585635359119,363.7320911929231,32.15372393247269
8324.28,-74.12222222222222,363.7320911929231,1537.8174226804128
2565.63,-246.2800000000002,363.7320911929231,41.924557021677664
328.29,315.531675,363.7320911929231,1910.85
819.14,315.531675,363.7320911929231,32.15372393247269
8200.71,6529.290000000001,363.7320911929231,2707.9079166666666
297.25,27.634043715847,363.7320911929231,5.649295550847458
227.62,27.634043715847,363.7320911929231,1910.85
2104.7,265.61896265560165,363.7320911929231,41.924557021677664
13626.0,0.0,363.7320911929231,669.1571205357143
2147.62,10.175,363.7320911929231,174.47120879120877
568.12,0.0,363.7320911929231,5.649295550847458
758.0,111.53585635359119,363.7320911929231,5.730666666666669
4835.0,175.0411904761905,363.7320911929231,715.124375
3546.94,262.1247727272727,363.7320911929231,174.47120879120877
427.29,195.75224913494807,363.7320911929231,5.649295550847458
1479.72,88.46000000000004,363.7320911929231,41.924557021677664
866.32,0.0,363.7320911929231,5.0842673796791455
1877.47,956.9821886792453,363.7320911929231,41.924557021677664
410.68,351.42589473684217,363.7320911929231,5.0842673796791455
353.9,456.47955974842785,363.7320911929231,5.0842673796791455
379.39,351.42589473684217,363.7320911929231,5.0842673796791455
1854.68,0.0,363.7320911929231,41.924557021677664
348.06,7.646978021978025,363.7320911929231,5.649295550847458
1616.97,223.70475409836064,363.7320911929231,41.924557021677664
163.61,956.9821886792453,363.7320911929231,174.47120879120877
192.93,0.0,363.7320911929231,5.649295550847458
252.0,121.71318327974278,363.7320911929231,114.72216216216215
973.5,76.86607142857143,363.7320911929231,0.0
226.87,114.68700000000001,363.7320911929231,0.01499999999998635
492.66,7.646978021978025,363.7320911929231,5.649295550847458
461.05,0.0,363.7320911929231,0.0
1493.5,2.409473684210519,363.7320911929231,32.15372393247269
662.44,106.38125,363.7320911929231,32.15372393247269
679.0,315.531675,363.7320911929231,174.47120879120877
461.05,-40.225445544554454,363.7320911929231,14.112676056338028
442.54,0.0,363.7320911929231,5.0842673796791455
2379.0,315.531675,363.7320911929231,0.0
209.36,315.531675,363.7320911929231,23.371704545454545
14323.0,351.42589473684217,363.7320911929231,1537.8174226804128
2449.91,56.76999999999998,363.7320911929231,694.994625
1517.87,134.22000000000003,363.7320911929231,41.924557021677664
2966.63,509.02,363.7320911929231,41.924557021677664
796.65,-60.51692307692301,363.7320911929231,32.15372393247269
1734.7,-12.324545454545458,363.7320911929231,5.649295550847458
657.21,-10.89734042553192,363.7320911929231,5.0842673796791455
1411.71,-53.02999999999997,363.7320911929231,41.924557021677664
581.65,11.06000000000006,363.7320911929231,41.924557021677664
242.0,0.0,363.7320911929231,5.649295550847458
1269.5,-350.07000000000005,363.7320911929231,41.924557021677664
11076.48,111.53585635359119,363.7320911929231,0.007272727272885999
2330.71,381.89819935691315,363.7320911929231,41.924557021677664
18936.0,315.531675,363.7320911929231,669.1571205357143
637.06,6.324500000000002,363.7320911929231,5.0842673796791455
166.52,508.83510752688176,363.7320911929231,32.15372393247269
1248.93,56.79416988416988,363.7320911929231,0.0
790.78,-130.39999999999998,363.7320911929231,41.924557021677664
978.44,0.0,363.7320911929231,-480.9000000000001
852.0,223.70475409836064,363.7320911929231,41.924557021677664
631.49,248.87452991452994,363.7320911929231,5.649295550847458
222.77,0.0,363.7320911929231,5.0842673796791455
3638.0,195.75224913494807,363.7320911929231,3.5972222222222223
904.92,381.89819935691315,363.7320911929231,192.9492857142857
4939.78,0.0,363.7320911929231,29.266851851851854
1221.41,88.62431952662725,363.7320911929231,332.426829268293
435.0,5678.785454545454,363.7320911929231,407.5
3251.0,0.0,363.7320911929231,174.47120879120877
1954.77,23.24000000000001,363.7320911929231,41.924557021677664
268.98,351.42589473684217,363.7320911929231,5.0842673796791455
1229.32,121.71318327974278,363.7320911929231,-401.63666666666654
171.0,315.531675,363.7320911929231,55.21866666666667
680.43,21.030000000000086,363.7320911929231,5.649295550847458
473.0,187.98075657894734,363.7320911929231,233.79176470588237
316.0,381.89819935691315,363.7320911929231,0.0
430.76,270.7600688705234,363.7320911929231,669.1571205357143
314.09,0.0,363.7320911929231,0.0
232.99,351.42589473684217,363.7320911929231,5.0842673796791455
14788.1,0.0,363.7320911929231,1634.2714285714285
884.1,0.0,363.7320911929231,41.97798701298701
1746.45,791.6099999999999,363.7320911929231,41.924557021677664
1722.11,111.53585635359119,363.7320911929231,41.924557021677664
3685.0,-1118.1950000000002,363.7320911929231,14714.00484848485
747.0,544.0854679802956,363.7320911929231,6.500000000000007
510.85,0.0,363.7320911929231,16.512476190476193
293.3,508.83510752688176,363.7320911929231,432.323
2821.07,76.86607142857143,363.7320911929231,16.512476190476193
558.12,0.0,363.7320911929231,23.371704545454545
968.92,0.0,363.7320911929231,14.872403100775186
256.04,0.0,363.7320911929231,5.0842673796791455
295.97,0.0,363.7320911929231,5.0842673796791455
2115.44,175.0411904761905,363.7320911929231,41.97798701298701
12366.0,270.7600688705234,363.7320911929231,669.1571205357143
1299.36,28.96202247191011,363.7320911929231,32.15372393247269
668.54,381.89819935691315,363.7320911929231,0.0
1706.47,-126.88000000000012,363.7320911929231,41.924557021677664
539.0,315.531675,363.7320911929231,13.04352941176471
257.98,956.9821886792453,363.7320911929231,41.924557021677664
781.85,6.324500000000002,363.7320911929231,5.0842673796791455
307.11,88.62431952662725,363.7320911929231,2097.7239999999997
14358.0,0.0,363.7320911929231,16.727272727272727
1499.12,223.70475409836064,363.7320911929231,41.924557021677664
293.3,956.9821886792453,363.7320911929231,464.6008888888889
4803.0,520.001304347826,363.7320911929231,715.124375
18668.0,1634.0,363.7320911929231,1228.6439795918368
813.66,-135.44999999999993,363.7320911929231,41.924557021677664
386.51,270.7600688705234,363.7320911929231,5.0842673796791455
770.16,265.61896265560165,363.7320911929231,835.9100000000001
2660.0,0.0,363.7320911929231,16.512476190476193
2165.23,-645.6300000000001,363.7320911929231,41.924557021677664
216.55,187.98075657894734,363.7320911929231,2.9732515337423315
1189.0,114.68700000000001,363.7320911929231,83.60526315789474
12014.91,101.70593749999993,363.7320911929231,0.013823529411531452
198.62,123.14413793103449,363.7320911929231,41.97798701298701
405.2,381.89819935691315,363.7320911929231,0.0
2177.54,137.48202702702702,363.7320911929231,32.15372393247269
173.06,45.543333333333344,363.7320911929231,5.649295550847458
1750.07,456.47955974842785,363.7320911929231,0.0
569.37,956.9821886792453,363.7320911929231,41.924557021677664
241.52,351.42589473684217,363.7320911929231,5.0842673796791455
403.36,-12.324545454545458,363.7320911929231,5.649295550847458
273.78,381.89819935691315,363.7320911929231,2.9732515337423315
1275.31,682.1300000000001,363.7320911929231,41.924557021677664
401.74,260.3768181818182,363.7320911929231,32.15372393247269
1019.17,270.7600688705234,363.7320911929231,5.649295550847458
458.59,270.7600688705234,363.7320911929231,5.0842673796791455
813.66,508.83510752688176,363.7320911929231,32.15372393247269
339.87,76.86607142857143,363.7320911929231,0.0
438.44,149.50630630630627,363.7320911929231,5.0842673796791455
1384.72,381.89819935691315,363.7320911929231,694.994625
2123.7,149.50630630630627,363.7320911929231,4323.6075
3685.0,0.0,363.7320911929231,14714.00484848485
8112.12,133.17636363636365,363.7320911929231,3403.419032258065
1216.0,195.75224913494807,363.7320911929231,700.0
968.92,0.0,363.7320911929231,14.872403100775186
490.63,315.531675,363.7320911929231,0.0
876.88,223.70475409836064,363.7320911929231,41.924557021677664
2887.11,76.86607142857143,363.7320911929231,370.5014285714286
405.0,381.89819935691315,363.7320911929231,3.5972222222222223
237.06,0.0,363.7320911929231,0.0
942.64,0.0,363.7320911929231,1537.8174226804128
183.99,270.7600688705234,363.7320911929231,0.0
3335.85,315.531675,363.7320911929231,332.426829268293
226.32,351.42589473684217,363.7320911929231,5.0842673796791455
338.33,381.89819935691315,363.7320911929231,561.603076923077
4546.26,53.03571428571427,363.7320911929231,174.47120879120877
1876.0,265.61896265560165,363.7320911929231,421.2039097744361
678.0,1054.0,363.7320911929231,571.6111111111111
6000.0,381.89819935691315,363.7320911929231,0.0
3545.0,0.0,363.7320911929231,72.1
349.03,132.68696,363.7320911929231,5.649295550847458
973.45,48.50999999999999,363.7320911929231,41.924557021677664
645.13,22509.083333333332,363.7320911929231,-0.01666666666642413
768.0,270.7600688705234,363.7320911929231,1910.85
5281.94,133.17636363636365,363.7320911929231,3403.419032258065
173.14,166.32,363.7320911929231,174.47120879120877
11816.4,132.68696,363.7320911929231,0.0
1716.21,270.7600688705234,363.7320911929231,5.0842673796791455
595.65,6.324500000000002,363.7320911929231,5.0842673796791455
998.71,0.0,363.7320911929231,0.0011764705882609705
335.75,381.89819935691315,363.7320911929231,0.0
2310.12,0.0,363.7320911929231,0.0
164.13,215.1169805194805,363.7320911929231,5.649295550847458
625.61,456.47955974842785,363.7320911929231,5.0842673796791455
656.0,-10.89734042553192,363.7320911929231,159.6880821917808
3733.0,956.9821886792453,363.7320911929231,464.6008888888889
14358.0,76.86607142857143,363.7320911929231,16.727272727272727
395.25,0.0,363.7320911929231,5.649295550847458
865.0,381.89819935691315,363.7320911929231,1910.85
218.6,133.17636363636365,363.7320911929231,174.47120879120877
1626.0,860.6199999999999,363.7320911929231,248.22134969325154
2548.04,0.0,363.7320911929231,41.924557021677664
267.0,175.0411904761905,363.7320911929231,159.6880821917808
164.89,0.0,363.7320911929231,5.0842673796791455
1875.72,0.0,363.7320911929231,0.0
1324.84,315.531675,363.7320911929231,41.924557021677664
238.78,0.0,363.7320911929231,5.649295550847458
971.96,-31.50299212598425,363.7320911929231,-189.68178571428575
816.79,283.1751351351351,363.7320911929231,5.0842673796791455
102.4,145.4,363.7320911929231,23.371704545454545
200.0,315.531675,363.7320911929231,13.04352941176471
471.0,0.0,363.7320911929231,14.872403100775186
28466.0,-8874.0,363.7320911929231,14714.00484848485
904.04,149.50630630630627,363.7320911929231,5.0842673796791455
1129.33,16.080000000000155,363.7320911929231,41.924557021677664
846.82,270.7600688705234,363.7320911929231,5.0842673796791455
368.63,508.83510752688176,363.7320911929231,5.649295550847458
620.3,-74.12222222222222,363.7320911929231,5.0842673796791455
5060.0,155.76687499999994,363.7320911929231,715.124375
424.81,0.0,363.7320911929231,0.0
4147.07,-40.225445544554454,363.7320911929231,332.426829268293
11076.48,-12.324545454545458,363.7320911929231,0.007272727272885999
1376.1,28.96202247191011,363.7320911929231,32.15372393247269
6808.69,956.9821886792453,363.7320911929231,5.0842673796791455
2541.13,-12.324545454545458,363.7320911929231,32.15372393247269
8087.0,381.89819935691315,363.7320911929231,0.0
1843.59,-596.04,363.7320911929231,41.924557021677664
260.37,187.98075657894734,363.7320911929231,41.97798701298701
325.0,293.98,363.7320911929231,141.12833333333333
484.5,486.77029069767445,363.7320911929231,0.0
292.8,283.1751351351351,363.7320911929231,5.0842673796791455
2222.53,0.0,363.7320911929231,0.0
808.99,0.0,363.7320911929231,233.79176470588237
1549.0,175.0411904761905,363.7320911929231,18.41794117647059
588.18,195.75224913494807,363.7320911929231,248.22134969325154
316.06,508.83510752688176,363.7320911929231,5.649295550847458
1205.4,28.96202247191011,363.7320911929231,32.15372393247269
548.0,223.70475409836064,363.7320911929231,174.47120879120877
255.9,133.17636363636365,363.7320911929231,5.0842673796791455
1794.0,0.0,363.7320911929231,760.053
819.0,394.0747826086957,363.7320911929231,248.22134969325154
960.64,0.0,363.7320911929231,464.6008888888889
1084.29,115.06428571428569,363.7320911929231,5.649295550847458
1764.86,-40.225445544554454,363.7320911929231,32.15372393247269
1013.33,238.67,363.7320911929231,32.15372393247269
1377.0,131.69444444444457,363.7320911929231,14.112676056338028
1058.9,-112.80000000000008,363.7320911929231,41.924557021677664
848.07,381.89819935691315,363.7320911929231,1085.1044444444444
502.0,187.98075657894734,363.7320911929231,1228.6439795918368
12200.1,381.89819935691315,363.7320911929231,2.127659574468085
152.58,177.61824742268038,363.7320911929231,5.649295550847458
746.76,0.0,363.7320911929231,5.0842673796791455
198.71,381.89819935691315,363.7320911929231,0.0
324.09,0.0,363.7320911929231,5.649295550847458
10228.0,114.68700000000001,363.7320911929231,2807.3
4330.0,0.0,363.7320911929231,6.500000000000007
2208.68,254.34000000000017,363.7320911929231,41.924557021677664
68.0,381.89819935691315,363.7320911929231,83.97
251.98,331.8455357142857,363.7320911929231,48.47
564.05,351.42589473684217,363.7320911929231,5.0842673796791455
1007.0,-76.36750000000004,363.7320911929231,174.47120879120877
170.0,123.14413793103449,363.7320911929231,113.0609756097561
405.2,381.89819935691315,363.7320911929231,0.0
157.49,121.08398843930635,363.7320911929231,5.649295550847458
206.88,0.0,363.7320911929231,0.0
654.87,76.86607142857143,363.7320911929231,16.512476190476193
513.99,187.98075657894734,363.7320911929231,-0.001315789473683013
1652.4,119.48000000000002,363.7320911929231,41.924557021677664
421.15,270.7600688705234,363.7320911929231,5.649295550847458
10439.09,195.75224913494807,363.7320911929231,1471.4126865671642
242.8,472.5091428571429,363.7320911929231,5.649295550847458
163.61,956.9821886792453,363.7320911929231,174.47120879120877
1853.16,28.96202247191011,363.7320911929231,32.15372393247269
2269.49,0.0,363.7320911929231,0.0
1538.76,106.38125,363.7320911929231,41.924557021677664
3792.0,1297.0,363.7320911929231,114.72216216216215
398.4,88.62431952662725,363.7320911929231,5.649295550847458
1938.85,456.47955974842785,363.7320911929231,0.0
555.8,223.70475409836064,363.7320911929231,41.924557021677664
7392.0,0.0,363.7320911929231,669.1571205357143
6941.4,7.646978021978025,363.7320911929231,0.0
613.89,270.7600688705234,363.7320911929231,5.0842673796791455
353.05,956.9821886792453,363.7320911929231,19198.74
177.76,351.42589473684217,363.7320911929231,5.0842673796791455
235.95,215.1169805194805,363.7320911929231,2.9732515337423315
606.61,0.0,363.7320911929231,5.649295550847458
1255.49,4749.373428571428,363.7320911929231,-189.68178571428575
179.86,195.75224913494807,363.7320911929231,5.649295550847458
407.0,111.53585635359119,363.7320911929231,55.73203703703703
504.76,252.6989830508475,363.7320911929231,5.0842673796791455
750.53,88.62431952662725,363.7320911929231,32.15372393247269
1481.87,-13.702777777777762,363.7320911929231,41.924557021677664
910.18,381.89819935691315,363.7320911929231,2.127659574468085
1822.46,-1084.35,363.7320911929231,41.924557021677664
844.67,121.71318327974278,363.7320911929231,41.924557021677664
2496.0,62.043461538461536,363.7320911929231,421.2039097744361
876.88,28.96202247191011,363.7320911929231,41.924557021677664
363.1,88.62431952662725,363.7320911929231,18.41794117647059
1659.81,36.850000000000136,363.7320911929231,32.15372393247269
611.74,195.75224913494807,363.7320911929231,248.22134969325154
412.3,270.7600688705234,363.7320911929231,669.1571205357143
23136.0,215.1169805194805,363.7320911929231,13028.833333333334
15530.0,123.14413793103449,363.7320911929231,1228.6439795918368
563.0,508.83510752688176,363.7320911929231,464.6008888888889
1003.38,137.48202702702702,363.7320911929231,32.15372393247269
349.22,76.86607142857143,363.7320911929231,248.22134969325154
595.65,0.0,363.7320911929231,5.0842673796791455
904.92,2390.8199999999997,363.7320911929231,1279.8325
734.0,223.70475409836064,363.7320911929231,248.0
1376.0,132.68696,363.7320911929231,114.86666666666669
365.53,351.42589473684217,363.7320911929231,5.0842673796791455
1547.0,326.00631578947366,363.7320911929231,114.72216216216215
350.61,956.9821886792453,363.7320911929231,5.649295550847458
418.89,145.4,363.7320911929231,5.649295550847458
226.16,0.0,363.7320911929231,5.649295550847458
430.76,0.0,363.7320911929231,669.1571205357143
720.4,0.0,363.7320911929231,5.0842673796791455
24948.65,51.62951923076919,363.7320911929231,0.013823529411531452
1909.74,742.4999999999998,363.7320911929231,32.15372393247269
1504.37,-372.03,363.7320911929231,41.924557021677664
1338.61,0.0,363.7320911929231,5.0842673796791455
384.04,270.7600688705234,363.7320911929231,0.0
685.76,283.1751351351351,363.7320911929231,-75.0
904.92,381.89819935691315,363.7320911929231,1279.8325
2081.27,1185.79,363.7320911929231,1279.8325
222.77,351.42589473684217,363.7320911929231,5.0842673796791455
890.33,270.7600688705234,363.7320911929231,5.0842673796791455
1110.23,0.0,363.7320911929231,5.649295550847458
169.06,0.0,363.7320911929231,113.0609756097561
3633.58,270.7600688705234,363.7320911929231,1537.8174226804128
573.0,88.62431952662725,363.7320911929231,665.05
2373.64,-673.3999999999999,363.7320911929231,1258.623466666667
32850.0,51.62951923076919,363.7320911929231,-3.6
900.0,381.89819935691315,363.7320911929231,0.0
495.0,121.77833333333335,363.7320911929231,760.053
5281.94,201.01747572815538,363.7320911929231,3403.419032258065
609.32,146.08499999999998,363.7320911929231,41.924557021677664
305.12,-11.379999999999995,363.7320911929231,5.649295550847458
2147.62,10.175,363.7320911929231,174.47120879120877
491.67,0.0,363.7320911929231,0.0011764705882609705
568.12,0.0,363.7320911929231,5.649295550847458
1590.2,-12.324545454545458,363.7320911929231,5.649295550847458
289.46,0.0,363.7320911929231,0.0
330.8,27.634043715847,363.7320911929231,5.0842673796791455
164.89,351.42589473684217,363.7320911929231,5.0842673796791455
3279.0,-40.225445544554454,363.7320911929231,174.47120879120877
1255.49,-40.548333333333325,363.7320911929231,-189.68178571428575
246.0,111.53585635359119,363.7320911929231,0.0
2471.56,17.440000000000055,363.7320911929231,41.924557021677664
257.98,508.83510752688176,363.7320911929231,32.15372393247269
595.65,6.324500000000002,363.7320911929231,5.0842673796791455
4830.0,175.0411904761905,363.7320911929231,0.0
459.49,123.14413793103449,363.7320911929231,0.0
226.76,-77.32,363.7320911929231,41.924557021677664
1390.0,0.0,363.7320911929231,5.730666666666669
1225.21,0.0,363.7320911929231,0.0
1156.72,0.0,363.7320911929231,5.649295550847458
2555.5,-280.07000000000016,363.7320911929231,41.924557021677664
2032.15,265.61896265560165,363.7320911929231,41.924557021677664
467.0,351.42589473684217,363.7320911929231,5.0842673796791455
1499.12,28.96202247191011,363.7320911929231,32.15372393247269
371.04,0.0,363.7320911929231,0.0
1335.45,-0.0699999999999363,363.7320911929231,41.924557021677664
319.75,381.89819935691315,363.7320911929231,0.0
310.76,0.0,363.7320911929231,5.0842673796791455
473.0,76.86607142857143,363.7320911929231,233.79176470588237
1471.19,-12.53999999999993,363.7320911929231,41.924557021677664
300.0,248.87452991452994,363.7320911929231,5.649295550847458
3125.32,7.646978021978025,363.7320911929231,0.0
1181.76,315.531675,363.7320911929231,41.924557021677664
3805.0,0.0,363.7320911929231,0.0
29344.85,248.87452991452994,363.7320911929231,1228.6439795918368
379.3,381.89819935691315,363.7320911929231,0.0
758.09,175.0411904761905,363.7320911929231,41.97798701298701
898.19,456.47955974842785,363.7320911929231,5.0842673796791455
2362.0,121.71318327974278,363.7320911929231,114.72216216216215
215.79,27.634043715847,363.7320911929231,5.0842673796791455
4027.53,381.89819935691315,363.7320911929231,561.603076923077
349.29,0.0,363.7320911929231,5.649295550847458
1021.57,115.06428571428569,363.7320911929231,32.15372393247269
653.46,0.0,363.7320911929231,5.649295550847458
344.71,78.39285714285715,363.7320911929231,5.0842673796791455
1319.75,0.0,363.7320911929231,29.266851851851854
1656.25,2728.0449999999996,363.7320911929231,760.053
1205.4,223.70475409836064,363.7320911929231,41.924557021677664
153.01,-19.340000000000003,363.7320911929231,5.649295550847458
1181.55,270.7600688705234,363.7320911929231,5.0842673796791455
412.3,270.7600688705234,363.7320911929231,669.1571205357143
511.54,0.0,363.7320911929231,5.649295550847458
764.02,88.62431952662725,363.7320911929231,32.15372393247269
747.0,544.0854679802956,363.7320911929231,6.500000000000007
1319.55,270.7600688705234,363.7320911929231,5.0842673796791455
286.72,270.7600688705234,363.7320911929231,5.0842673796791455
5846.0,-5.344545454545455,363.7320911929231,174.47120879120877
3626.24,0.0,363.7320911929231,2.127659574468085
154.28,508.83510752688176,363.7320911929231,114.72216216216215
1193.55,175.0411904761905,363.7320911929231,-0.001315789473683013
316.06,508.83510752688176,363.7320911929231,5.649295550847458
626.76,0.0,363.7320911929231,5.649295550847458
212.81,-12.324545454545458,363.7320911929231,174.47120879120877
369.0,544.0854679802956,363.7320911929231,174.47120879120877
989.43,121.08398843930635,363.7320911929231,2707.9079166666666
319.42,88.62431952662725,363.7320911929231,174.47120879120877
856.93,215.1169805194805,363.7320911929231,32.15372393247269
2786.0,508.83510752688176,363.7320911929231,0.0
163.51,0.0,363.7320911929231,5.649295550847458
1928.0,121.08398843930635,363.7320911929231,649.5546153846153
43129.0,35025.6,363.7320911929231,1910.85
685.76,283.1751351351351,363.7320911929231,-75.0
645.0,195.75224913494807,363.7320911929231,248.22134969325154
363.1,315.531675,363.7320911929231,18.41794117647059
297.25,20.863030303030303,363.7320911929231,5.649295550847458
220.62,56.79416988416988,363.7320911929231,0.0
1750.07,456.47955974842785,363.7320911929231,0.0
495.0,330.0,363.7320911929231,760.053
1309.47,195.75224913494807,363.7320911929231,41.924557021677664
8964.0,175.0411904761905,363.7320911929231,715.124375
5850.83,76.86607142857143,363.7320911929231,0.0
281.35,215.1169805194805,363.7320911929231,159.6880821917808
497.41,381.89819935691315,363.7320911929231,0.0
1851.47,555.6699999999998,363.7320911929231,41.924557021677664
504.0,-31.50299212598425,363.7320911929231,5.649295550847458
166.0,0.0,363.7320911929231,499.0127272727272
418.89,883.5747142857142,363.7320911929231,5.649295550847458
230.03,0.0,363.7320911929231,5.649295550847458
562.98,27.634043715847,363.7320911929231,5.0842673796791455
4939.78,111.53585635359119,363.7320911929231,29.266851851851854
1216.9,106.38125,363.7320911929231,18.41794117647059
1000.27,0.0,363.7320911929231,5.0842673796791455
293.3,508.83510752688176,363.7320911929231,464.6008888888889
424.93,201.01747572815538,363.7320911929231,75.98000000000002
768.0,-28.0,363.7320911929231,1910.85
664.02,227.62,363.7320911929231,41.924557021677664
829.0,0.0,363.7320911929231,669.1571205357143
2029.17,648.06,363.7320911929231,41.924557021677664
2242.9,187.98075657894734,363.7320911929231,332.426829268293
212.81,111.53585635359119,363.7320911929231,174.47120879120877
3055.0,123.14413793103449,363.7320911929231,1258.623466666667
991.89,111.53585635359119,363.7320911929231,41.924557021677664
402.94,0.0,363.7320911929231,5.0842673796791455
1725.04,0.0,363.7320911929231,0.0
494.3,121.71318327974278,363.7320911929231,0.0
848.07,381.89819935691315,363.7320911929231,1085.1044444444444
295.06,133.17636363636365,363.7320911929231,41.924557021677664
1272.97,-7.809999999999945,363.7320911929231,41.924557021677664
6941.4,56.79416988416988,363.7320911929231,0.0
676.89,201.01747572815538,363.7320911929231,3.5972222222222223
328.3,114.68700000000001,363.7320911929231,18.41794117647059
386.51,0.0,363.7320911929231,5.0842673796791455
165.13,260.3768181818182,363.7320911929231,1910.85
2104.7,-38.86999999999989,363.7320911929231,41.924557021677664
1636.15,534.2399999999998,363.7320911929231,41.924557021677664
682.9,44.02999999999997,363.7320911929231,669.1571205357143
5369.18,-308.03000000000065,363.7320911929231,-220.5553333333338
499.0,351.42589473684217,363.7320911929231,18.41794117647059
1407.33,508.83510752688176,363.7320911929231,32.15372393247269
293.5,270.7600688705234,363.7320911929231,0.0
34012.0,956.9821886792453,363.7320911929231,185.61302013422815
26405.14,4289.959999999999,363.7320911929231,1634.2714285714285
998.71,7.646978021978025,363.7320911929231,0.0025000000000545623
2449.91,1221.245,363.7320911929231,694.994625
1230.27,76.86607142857143,363.7320911929231,0.0
1810.56,2871.0800000000004,363.7320911929231,1471.4126865671642
631.76,215.1169805194805,363.7320911929231,5.649295550847458
325.0,132.68696,363.7320911929231,141.12833333333333
5550.0,62.043461538461536,363.7320911929231,174.47120879120877
499.21,195.75224913494807,363.7320911929231,0.0
210.0,104.04144736842105,363.7320911929231,41.924557021677664
1081.51,7.646978021978025,363.7320911929231,32.15372393247269
920.66,0.0,363.7320911929231,5.0842673796791455
980.45,111.53585635359119,363.7320911929231,669.1571205357143
333.49,51.62951923076919,363.7320911929231,2.930000000000007
1194.57,563.25,363.7320911929231,41.924557021677664
2360.0,248.87452991452994,363.7320911929231,0.0
298.26,175.0411904761905,363.7320911929231,0.0
1479.3,-242.26,363.7320911929231,41.924557021677664
315.21,76.86607142857143,363.7320911929231,5.649295550847458
314.06,283.1751351351351,363.7320911929231,5.360526315789475
1420.0,215.1169805194805,363.7320911929231,174.47120879120877
1533.87,260.3768181818182,363.7320911929231,32.15372393247269
438.24,-75.85000000000002,363.7320911929231,5.649295550847458
1644.92,346.06999999999994,363.7320911929231,41.924557021677664
281.35,381.89819935691315,363.7320911929231,669.1571205357143
1555.13,137.48202702702702,363.7320911929231,32.15372393247269
909.86,115.06428571428569,363.7320911929231,32.15372393247269
319.96,111.53585635359119,363.7320911929231,5.649295550847458
2614.51,2311.3599999999997,363.7320911929231,1471.4126865671642
3504.21,121.71318327974278,363.7320911929231,0.0
302.88,-31.50299212598425,363.7320911929231,5.649295550847458
235.42,76.86607142857143,363.7320911929231,5.649295550847458
488.6,0.0,363.7320911929231,5.649295550847458
1210.12,0.0,363.7320911929231,-0.001315789473683013
177.03,132.68696,363.7320911929231,113.0609756097561
604.59,381.89819935691315,363.7320911929231,41.924557021677664
1398.84,956.9821886792453,363.7320911929231,41.924557021677664
384.04,270.7600688705234,363.7320911929231,0.0
2660.0,187.98075657894734,363.7320911929231,16.512476190476193
778.8,187.98075657894734,363.7320911929231,16.512476190476193
159.85,27.634043715847,363.7320911929231,5.0842673796791455
1540.0,0.1300000000001091,363.7320911929231,0.06500000000005456
254.06,544.0854679802956,363.7320911929231,14.872403100775186
685.76,283.1751351351351,363.7320911929231,-75.0
776.17,-132.02999999999997,363.7320911929231,5.649295550847458
882.45,121.71318327974278,363.7320911929231,41.924557021677664
14105.83,-0.0005714285713890743,363.7320911929231,2111.4774074074076
1792.0,7.646978021978025,363.7320911929231,669.1571205357143
741.38,111.53585635359119,363.7320911929231,1572.5226666666665
330.8,0.0,363.7320911929231,5.0842673796791455
1028.0,248.87452991452994,363.7320911929231,247.81440000000003
150.97,883.5747142857142,363.7320911929231,13.04352941176471
936.26,187.98075657894734,363.7320911929231,41.924557021677664
8379.62,111.53585635359119,363.7320911929231,0.007272727272885999
579.63,351.42589473684217,363.7320911929231,5.0842673796791455
379.23,-40.225445544554454,363.7320911929231,5.649295550847458
166.66,331.8455357142857,363.7320911929231,0.0
624.43,106.38125,363.7320911929231,5.649295550847458
486.45,201.01747572815538,363.7320911929231,5.0842673796791455
5021.76,315.531675,363.7320911929231,8552.1625
1103.9,-160.24000000000012,363.7320911929231,41.924557021677664
1272.97,-7.809999999999945,363.7320911929231,41.924557021677664
1378.0,271.0,363.7320911929231,421.2039097744361
382.1,149.50630630630627,363.7320911929231,5.649295550847458
907.39,0.0,363.7320911929231,41.924557021677664
3631.0,0.0,363.7320911929231,55.73203703703703
1193.55,114.68700000000001,363.7320911929231,-0.003103448275859245
4330.0,0.0,363.7320911929231,6.500000000000007
359.47,51.62951923076919,363.7320911929231,174.47120879120877
157.32,115.06428571428569,363.7320911929231,5.649295550847458
5366.27,121.71318327974278,363.7320911929231,-480.9000000000001
31876.39,456.47955974842785,363.7320911929231,3403.419032258065
609.63,21.340000000000032,363.7320911929231,41.924557021677664
205.0,223.70475409836064,363.7320911929231,2512.6315789473683
410.6,283.1751351351351,363.7320911929231,5.0842673796791455
578.02,-11.120000000000005,363.7320911929231,41.924557021677664
2047.4,201.95800000000003,363.7320911929231,464.6008888888889
275.5,456.47955974842785,363.7320911929231,5.0842673796791455
2312.0,956.9821886792453,363.7320911929231,464.6008888888889
8964.0,0.0,363.7320911929231,715.124375
357.0,111.53585635359119,363.7320911929231,241.09153846153842
298.26,175.0411904761905,363.7320911929231,0.0
353.9,-0.0005714285713890743,363.7320911929231,5.0842673796791455
696.65,331.8455357142857,363.7320911929231,32.15372393247269
778.8,187.98075657894734,363.7320911929231,16.512476190476193
1344.78,381.89819935691315,363.7320911929231,41.924557021677664
3919.0,195.75224913494807,363.7320911929231,3.5972222222222223
1246.15,115.06428571428569,363.7320911929231,32.15372393247269
346.5,145.4,363.7320911929231,5.649295550847458
1319.75,0.0,363.7320911929231,29.266851851851854
1722.11,98.66000000000008,363.7320911929231,41.924557021677664
9791.0,132.68696,363.7320911929231,1228.6439795918368
349.03,123.14413793103449,363.7320911929231,5.649295550847458
2500.0,520.001304347826,363.7320911929231,114.72216216216215
216.53,49.349999999999994,363.7320911929231,5.649295550847458
5969.0,0.0,363.7320911929231,174.47120879120877
758.09,175.0411904761905,363.7320911929231,41.97798701298701
227.19,0.0,363.7320911929231,5.649295550847458
3251.0,0.0,363.7320911929231,174.47120879120877
2407.67,381.89819935691315,363.7320911929231,1085.1044444444444
484.57,0.0,363.7320911929231,18.41794117647059
1007.0,-76.36750000000004,363.7320911929231,174.47120879120877
696.65,472.5091428571429,363.7320911929231,41.924557021677664
2649.0,-12.324545454545458,363.7320911929231,184.53666666666672
1195.0,0.0,363.7320911929231,247.81440000000003
1634.79,544.0854679802956,363.7320911929231,14.872403100775186
222.77,351.42589473684217,363.7320911929231,5.0842673796791455
752.89,6.324500000000002,363.7320911929231,5.0842673796791455
1449.44,351.42589473684217,363.7320911929231,372.7999999999999
211.46,381.89819935691315,363.7320911929231,1085.1044444444444
4939.78,111.53585635359119,363.7320911929231,29.266851851851854
521.36,486.77029069767445,363.7320911929231,464.6008888888889
1740.0,175.0411904761905,363.7320911929231,669.1571205357143
250.18,-12.324545454545458,363.7320911929231,0.0
361.24,956.9821886792453,363.7320911929231,5.649295550847458
166.86,-40.225445544554454,363.7320911929231,0.0
1058.9,-112.80000000000008,363.7320911929231,41.924557021677664
167.97,0.0,363.7320911929231,5.649295550847458
1408.85,729.31,363.7320911929231,5.649295550847458
24544.55,-0.0499999999992724,363.7320911929231,-0.01666666666642413
2926.42,0.0,363.7320911929231,5.649295550847458
1377.51,111.53585635359119,363.7320911929231,41.924557021677664
8964.0,114.68700000000001,363.7320911929231,715.124375
1534.7,7.646978021978025,363.7320911929231,41.924557021677664
370.0,270.7600688705234,363.7320911929231,0.0
262.0,0.0,363.7320911929231,0.0
292.63,956.9821886792453,363.7320911929231,5.649295550847458
1101.76,272.6700000000001,363.7320911929231,41.924557021677664
256.16,270.7600688705234,363.7320911929231,571.6111111111111
186.8,270.7600688705234,363.7320911929231,2.9732515337423315
1652.4,119.48000000000002,363.7320911929231,41.924557021677664
6339.0,51.62951923076919,363.7320911929231,0.0
2471.56,111.53585635359119,363.7320911929231,32.15372393247269
4686.09,0.0,363.7320911929231,464.6008888888889
1181.34,-83.1099999999999,363.7320911929231,41.924557021677664
1358.31,-195.8699999999999,363.7320911929231,41.924557021677664
6183.79,394.0747826086957,363.7320911929231,669.1571205357143
161.73,0.0,363.7320911929231,5.0842673796791455
1539.75,378.74,363.7320911929231,41.924557021677664
1741.45,300.0899999999999,363.7320911929231,41.924557021677664
349.29,956.9821886792453,363.7320911929231,5.649295550847458
168.95,121.08398843930635,363.7320911929231,5.649295550847458
881.74,331.8455357142857,363.7320911929231,32.15372393247269
150.21,215.1169805194805,363.7320911929231,32.15372393247269
504.76,351.42589473684217,363.7320911929231,5.0842673796791455
560.72,0.0,363.7320911929231,0.0
445.76,248.87452991452994,363.7320911929231,5.649295550847458
305.19,0.0,363.7320911929231,0.0
1493.65,111.53585635359119,363.7320911929231,41.924557021677664
466.8,34.68000000000001,363.7320911929231,41.924557021677664
263.45,0.0,363.7320911929231,5.649295550847458
205.0,28.96202247191011,363.7320911929231,2512.6315789473683
492.12,7.646978021978025,363.7320911929231,5.649295550847458
24819.0,0.0,363.7320911929231,174.47120879120877
355.79,27.634043715847,363.7320911929231,5.0842673796791455
212.81,111.53585635359119,363.7320911929231,174.47120879120877
1354.0,0.0,363.7320911929231,174.47120879120877
192.93,0.0,363.7320911929231,5.649295550847458
5281.94,0.0,363.7320911929231,3403.419032258065
297.25,27.634043715847,363.7320911929231,5.649295550847458
3032.0,338.7142857142857,363.7320911929231,889.8235294117648
495.16,0.0,363.7320911929231,5.649295550847458
562.98,27.634043715847,363.7320911929231,5.0842673796791455
5850.83,187.98075657894734,363.7320911929231,16.512476190476193
13805.0,121.08398843930635,363.7320911929231,669.1571205357143
13447.0,0.0,363.7320911929231,715.124375
334.0,315.531675,363.7320911929231,174.47120879120877
2061.86,111.53585635359119,363.7320911929231,5.649295550847458
3190.69,394.0747826086957,363.7320911929231,185.61302013422815
866.0,319.03999999999996,363.7320911929231,41.924557021677664
215.79,27.634043715847,363.7320911929231,5.0842673796791455
202.07,187.98075657894734,363.7320911929231,1910.85
17195.0,111.53585635359119,363.7320911929231,1228.6439795918368
255.73,76.86607142857143,363.7320911929231,5.649295550847458
484.5,0.0,363.7320911929231,0.0
196.05,115.06428571428569,363.7320911929231,5.649295550847458
210.99,177.61824742268038,363.7320911929231,0.0
191.31,381.89819935691315,363.7320911929231,41.924557021677664
1923.81,381.89819935691315,363.7320911929231,0.0
186.0,-12.324545454545458,363.7320911929231,1910.85
1319.55,270.7600688705234,363.7320911929231,5.0842673796791455
215.79,27.634043715847,363.7320911929231,5.0842673796791455
676.18,270.7600688705234,363.7320911929231,5.0842673796791455
202.36,27.634043715847,363.7320911929231,5.0842673796791455
163.86,0.0,363.7320911929231,5.649295550847458
230.45,283.1751351351351,363.7320911929231,5.0842673796791455
338.33,381.89819935691315,363.7320911929231,-66.66499999999999
2915.0,2994.0,363.7320911929231,669.1571205357143
12200.1,0.0,363.7320911929231,2.127659574468085
641.46,0.0,363.7320911929231,5.649295550847458
3032.0,2041.0,363.7320911929231,889.8235294117648
496.28,56.79416988416988,363.7320911929231,0.0
4243.64,315.531675,363.7320911929231,55.21866666666667
751.03,56.79416988416988,363.7320911929231,155.60470588235296
910.56,111.53585635359119,363.7320911929231,298.19571428571425
31580.0,223.70475409836064,363.7320911929231,2512.6315789473683
600.0,215.1169805194805,363.7320911929231,13.04352941176471
173.14,104.04144736842105,363.7320911929231,174.47120879120877
645.13,0.0,363.7320911929231,0.0
4330.0,-6.242500000000002,363.7320911929231,6.500000000000007
4741.0,-40.225445544554454,363.7320911929231,174.47120879120877
648.05,0.0,363.7320911929231,5.649295550847458
637.95,215.1169805194805,363.7320911929231,694.994625
325.0,123.14413793103449,363.7320911929231,141.12833333333333
955.34,-12.324545454545458,363.7320911929231,32.15372393247269
4686.09,0.0,363.7320911929231,464.6008888888889
770.12,0.0,363.7320911929231,464.6008888888889
483.87,351.42589473684217,363.7320911929231,5.0842673796791455
554.66,351.42589473684217,363.7320911929231,5.0842673796791455
1878.0,204.78,363.7320911929231,421.2039097744361
11816.4,123.14413793103449,363.7320911929231,0.0
257.98,508.83510752688176,363.7320911929231,41.924557021677664
398.51,133.17636363636365,363.7320911929231,5.0842673796791455
916.78,175.0411904761905,363.7320911929231,41.97798701298701
2650.0,195.75224913494807,363.7320911929231,1537.8174226804128
494.3,121.71318327974278,363.7320911929231,0.0
2212.0,0.0,363.7320911929231,3.9130434782608696
445.76,248.87452991452994,363.7320911929231,5.649295550847458
43367.0,7.646978021978025,363.7320911929231,1910.85
610.63,123.14413793103449,363.7320911929231,0.0
413.84,486.77029069767445,363.7320911929231,0.0
4803.16,520.001304347826,363.7320911929231,241.09153846153842
33690.0,381.89819935691315,363.7320911929231,0.0
471.83,132.68696,363.7320911929231,41.97798701298701
260.37,187.98075657894734,363.7320911929231,41.97798701298701
1110.23,0.0,363.7320911929231,5.649295550847458
1034.04,315.531675,363.7320911929231,41.924557021677664
2374.0,195.75224913494807,363.7320911929231,1258.623466666667
641.46,0.0,363.7320911929231,5.649295550847458
325.0,56.79416988416988,363.7320911929231,141.12833333333333
1037.0,175.0411904761905,363.7320911929231,16.727272727272727
157.32,30.29000000000002,363.7320911929231,5.649295550847458
1957.05,104.04144736842105,363.7320911929231,0.0
297.88,248.87452991452994,363.7320911929231,0.0
1319.75,0.0,363.7320911929231,29.266851851851854
189.0,-74.12222222222222,363.7320911929231,141.12833333333333
7877.0,283.1751351351351,363.7320911929231,1258.623466666667
579.63,351.42589473684217,363.7320911929231,5.0842673796791455
6663.0,0.0,363.7320911929231,407.5
882.18,0.0,363.7320911929231,5.649295550847458
1199.58,195.75224913494807,363.7320911929231,32.15372393247269
18936.0,315.531675,363.7320911929231,669.1571205357143
452.81,145.4,363.7320911929231,5.649295550847458
34012.0,508.83510752688176,363.7320911929231,1910.85
393.54,121.71318327974278,363.7320911929231,1910.85
763.0,260.3768181818182,363.7320911929231,0.0
799.64,544.0854679802956,363.7320911929231,14.872403100775186
429.25,381.89819935691315,363.7320911929231,23.371704545454545
284.0,101.70593749999993,363.7320911929231,174.47120879120877
999.32,121.71318327974278,363.7320911929231,41.924557021677664
1384.79,71.06400000000004,363.7320911929231,41.924557021677664
601.0,-5.610000000000014,363.7320911929231,191.8758333333333
267.61,121.71318327974278,363.7320911929231,55.73203703703703
1386.41,115.06428571428569,363.7320911929231,32.15372393247269
381.77,0.0,363.7320911929231,5.649295550847458
304.44,51.56,363.7320911929231,6.500000000000007
478.3,0.0,363.7320911929231,5.0842673796791455
746.76,270.7600688705234,363.7320911929231,5.0842673796791455
461.64,0.0,363.7320911929231,83.60526315789474
351.12,-31.50299212598425,363.7320911929231,5.0842673796791455
467.0,351.42589473684217,363.7320911929231,5.0842673796791455
809.25,111.53585635359119,363.7320911929231,5.649295550847458
1020.42,187.98075657894734,363.7320911929231,0.0
1430.0,315.531675,363.7320911929231,0.0
961.0,-317.36,363.7320911929231,41.924557021677664
2165.23,137.48202702702702,363.7320911929231,32.15372393247269
4803.0,520.001304347826,363.7320911929231,715.124375
900.0,381.89819935691315,363.7320911929231,0.0
222.77,0.0,363.7320911929231,5.0842673796791455
2842.0,265.61896265560165,363.7320911929231,421.2039097744361
698.45,6.324500000000002,363.7320911929231,5.0842673796791455
251.88,145.4,363.7320911929231,5.649295550847458
680.43,381.89819935691315,363.7320911929231,5.649295550847458
150.92,265.61896265560165,363.7320911929231,23.371704545454545
860.37,-245.94000000000003,363.7320911929231,5.0842673796791455
410.68,252.6989830508475,363.7320911929231,5.0842673796791455
430.76,270.7600688705234,363.7320911929231,669.1571205357143
631.03,315.531675,363.7320911929231,185.61302013422815
6808.69,508.83510752688176,363.7320911929231,5.0842673796791455
2705.0,187.98075657894734,363.7320911929231,485.91
4373.04,381.89819935691315,363.7320911929231,0.0
336.89,-35.75999999999999,363.7320911929231,14714.00484848485
411.44,-40.225445544554454,363.7320911929231,5.649295550847458
650.85,883.5747142857142,363.7320911929231,0.0
1021.57,115.06428571428569,363.7320911929231,32.15372393247269
410.26,123.14413793103449,363.7320911929231,0.0
467.79,270.7600688705234,363.7320911929231,5.0842673796791455
523.78,6.324500000000002,363.7320911929231,5.0842673796791455
775.94,-12.324545454545458,363.7320911929231,41.924557021677664
494.0,111.53585635359119,363.7320911929231,6.500000000000007
3029.0,0.0199999999999818,363.7320911929231,0.01499999999998635
2056.0,-5.344545454545455,363.7320911929231,174.47120879120877
424.81,248.87452991452994,363.7320911929231,0.0
2614.51,472.5091428571429,363.7320911929231,1471.4126865671642
413.84,486.77029069767445,363.7320911929231,0.0
747.29,-120.45999999999992,363.7320911929231,41.924557021677664
370.0,270.7600688705234,363.7320911929231,0.0
561.74,-12.324545454545458,363.7320911929231,2.9732515337423315
2155.95,456.3500000000003,363.7320911929231,41.924557021677664
492.76,381.89819935691315,363.7320911929231,831.5
1634.79,544.0854679802956,363.7320911929231,14.872403100775186
558.0,56.79416988416988,363.7320911929231,174.47120879120877
851.4,0.0,363.7320911929231,5.649295550847458
648.05,0.0,363.7320911929231,5.649295550847458
666.81,23.66000000000008,363.7320911929231,41.924557021677664
491.04,-142.66000000000005,363.7320911929231,41.924557021677664
273.76,145.4,363.7320911929231,5.649295550847458
158.78,195.75224913494807,363.7320911929231,2.9732515337423315
815.68,331.8455357142857,363.7320911929231,32.15372393247269
184.71,381.89819935691315,363.7320911929231,0.0
478.3,149.50630630630627,363.7320911929231,5.0842673796791455
1549.0,175.0411904761905,363.7320911929231,18.41794117647059
1092.88,-9.77000000000021,363.7320911929231,41.924557021677664
665.59,0.0,363.7320911929231,41.924557021677664
361.72,215.1169805194805,363.7320911929231,32.15372393247269
2227.0,338.7142857142857,363.7320911929231,174.47120879120877
251.62,331.8455357142857,363.7320911929231,5.649295550847458
1256.9,0.0,363.7320911929231,5.0842673796791455
1102.97,7.646978021978025,363.7320911929231,32.15372393247269
909.86,265.61896265560165,363.7320911929231,41.924557021677664
246.0,111.53585635359119,363.7320911929231,0.0
2610.88,307.50999999999976,363.7320911929231,41.924557021677664
537.88,106.38125,363.7320911929231,32.15372393247269
183.03,17.75999999999999,363.7320911929231,41.924557021677664
14323.0,7562.9000000000015,363.7320911929231,1537.8174226804128
4997.04,149.50630630630627,363.7320911929231,5.0842673796791455
410.68,0.0,363.7320911929231,5.0842673796791455
17673.0,175.0411904761905,363.7320911929231,16.727272727272727
177.77,21.25,363.7320911929231,5.0842673796791455
226.16,195.75224913494807,363.7320911929231,5.649295550847458
221.0,381.89819935691315,363.7320911929231,54.444366197183115
1230.27,187.98075657894734,363.7320911929231,16.512476190476193
2878.97,104.04144736842105,363.7320911929231,41.924557021677664
172.66,121.08398843930635,363.7320911929231,5.649295550847458
1225.21,381.89819935691315,363.7320911929231,0.0
257.98,508.83510752688176,363.7320911929231,41.924557021677664
389.1,175.0411904761905,363.7320911929231,-0.001315789473683013
495.0,338.7142857142857,363.7320911929231,760.053
16654.0,111.53585635359119,363.7320911929231,3.5972222222222223
4287.59,133.17636363636365,363.7320911929231,3403.419032258065
1219.48,-74.38000000000011,363.7320911929231,185.61302013422815
882.18,486.77029069767445,363.7320911929231,5.649295550847458
38953.0,0.0,363.7320911929231,715.124375
314.06,283.1751351351351,363.7320911929231,5.360526315789475
21030.0,0.0,363.7320911929231,0.0
939.17,149.47600000000003,363.7320911929231,32.15372393247269
166.66,472.5091428571429,363.7320911929231,0.0
1255.49,4749.373428571428,363.7320911929231,-189.68178571428575
900.05,0.0,363.7320911929231,41.924557021677664
1229.32,121.71318327974278,363.7320911929231,-401.63666666666654
334.27,187.98075657894734,363.7320911929231,16.512476190476193
957.62,76.80000000000007,363.7320911929231,41.924557021677664
979.08,187.98075657894734,363.7320911929231,-0.001315789473683013
450.65,456.47955974842785,363.7320911929231,5.649295550847458
1884.6,-486.485,363.7320911929231,14714.00484848485
174.43,-10.89734042553192,363.7320911929231,5.0842673796791455
189.0,215.1169805194805,363.7320911929231,141.12833333333333
256.04,0.0,363.7320911929231,5.0842673796791455
6654.0,508.83510752688176,363.7320911929231,715.124375
302.88,-31.50299212598425,363.7320911929231,5.649295550847458
264.84,283.1751351351351,363.7320911929231,5.0842673796791455
1256.9,270.7600688705234,363.7320911929231,5.0842673796791455
402.0,195.75224913494807,363.7320911929231,1258.623466666667
1540.0,0.1300000000001091,363.7320911929231,0.06500000000005456
170.49,-40.225445544554454,363.7320911929231,5.649295550847458
384.27,956.9821886792453,363.7320911929231,23.371704545454545
370.0,311.55612903225807,363.7320911929231,174.47120879120877
255.37,175.0411904761905,363.7320911929231,0.0
1972.94,111.53585635359119,363.7320911929231,41.924557021677664
424.81,486.77029069767445,363.7320911929231,0.0
580.79,381.89819935691315,363.7320911929231,1085.1044444444444
912.94,508.83510752688176,363.7320911929231,32.15372393247269
5281.94,201.01747572815538,363.7320911929231,301.233181818182
1718.59,456.47955974842785,363.7320911929231,5.0842673796791455
5729.47,270.7600688705234,363.7320911929231,41.924557021677664
1149.17,457.81999999999994,363.7320911929231,41.924557021677664
1938.85,456.47955974842785,363.7320911929231,0.0
195.14,252.6989830508475,363.7320911929231,5.0842673796791455
3536.9,215.1169805194805,363.7320911929231,32.15372393247269
2529.0,0.4600000000000364,363.7320911929231,60.10700000000001
484.0,175.0411904761905,363.7320911929231,669.1571205357143
319.75,0.0,363.7320911929231,0.0
662.44,76.86607142857143,363.7320911929231,32.15372393247269
751.03,56.79416988416988,363.7320911929231,155.60470588235296
1188.97,132.68696,363.7320911929231,0.0
562.48,0.0,363.7320911929231,5.0842673796791455
425.97,7.646978021978025,363.7320911929231,5.649295550847458
1774.03,334.3799999999999,363.7320911929231,41.924557021677664
7196.47,5573.63,363.7320911929231,1085.1044444444444
161.73,27.634043715847,363.7320911929231,5.0842673796791455
1641.75,309.95000000000005,363.7320911929231,41.924557021677664
26316.0,1496.022692307692,363.7320911929231,14714.00484848485
216.68,0.0,363.7320911929231,5.0842673796791455
13365.77,195.75224913494807,363.7320911929231,0.02749999999893282
166.0,223.70475409836064,363.7320911929231,499.0127272727272
357.0,111.53585635359119,363.7320911929231,241.09153846153842
648.09,56.79416988416988,363.7320911929231,0.0
746.76,270.7600688705234,363.7320911929231,5.0842673796791455
1368.19,-239.04999999999995,363.7320911929231,41.924557021677664
150.92,0.0,363.7320911929231,23.371704545454545
4060.0,270.7600688705234,363.7320911929231,1537.8174226804128
209.38,456.47955974842785,363.7320911929231,174.47120879120877
3631.0,39.93307692307693,363.7320911929231,829.2833333333334
491.39,0.0,363.7320911929231,5.0842673796791455
4023.94,0.0,363.7320911929231,41.924557021677664
5940.47,187.98075657894734,363.7320911929231,0.0
210.0,166.32,363.7320911929231,32.15372393247269
477.54,195.75224913494807,363.7320911929231,5.649295550847458
151.0,177.61824742268038,363.7320911929231,1910.85
297.0,0.0,363.7320911929231,421.2039097744361
435.0,815.0,363.7320911929231,407.5
1653.15,-12.324545454545458,363.7320911929231,5.649295550847458
480.0,106.66666666666667,363.7320911929231,18.41794117647059
2010.2,-40.225445544554454,363.7320911929231,32.15372393247269
1924.75,-13.702777777777762,363.7320911929231,32.15372393247269
2155.95,-12.53999999999993,363.7320911929231,41.924557021677664
611.8,0.0,363.7320911929231,18.41794117647059
1533.87,260.3768181818182,363.7320911929231,32.15372393247269
340.15,195.75224913494807,363.7320911929231,1910.85
1810.56,2871.0800000000004,363.7320911929231,1471.4126865671642
614.0,106.38125,363.7320911929231,248.22134969325154
558.0,7.646978021978025,363.7320911929231,174.47120879120877
349.22,187.98075657894734,363.7320911929231,248.22134969325154
819.48,544.0854679802956,363.7320911929231,14.872403100775186
625.64,270.7600688705234,363.7320911929231,5.0842673796791455
340.15,106.38125,363.7320911929231,1910.85
305.0,508.83510752688176,363.7320911929231,0.0
955.49,-52.32000000000005,363.7320911929231,41.924557021677664
1693.81,121.71318327974278,363.7320911929231,0.0
687.97,873.24,363.7320911929231,1471.4126865671642
678.0,448.3261538461539,363.7320911929231,571.6111111111111
1006.45,104.04144736842105,363.7320911929231,135.61071428571432
2821.07,0.0,363.7320911929231,16.512476190476193
192.93,27.634043715847,363.7320911929231,5.649295550847458
1364.14,327.9799999999998,363.7320911929231,41.924557021677664
4144.41,2262.49,363.7320911929231,185.61302013422815
211.46,215.1169805194805,363.7320911929231,1085.1044444444444
1810.56,472.5091428571429,363.7320911929231,1471.4126865671642
288.0,265.61896265560165,363.7320911929231,174.47120879120877
191.31,381.89819935691315,363.7320911929231,41.924557021677664
645.13,22509.083333333332,363.7320911929231,-0.01666666666642413
752.89,0.0,363.7320911929231,5.0842673796791455
2156.22,890.3900000000003,363.7320911929231,41.924557021677664
1058.9,956.9821886792453,363.7320911929231,41.924557021677664
19000.0,88.62431952662725,363.7320911929231,0.0
316.0,381.89819935691315,363.7320911929231,0.0
1408.85,195.75224913494807,363.7320911929231,5.649295550847458
459.97,267.06999999999994,363.7320911929231,267.06999999999994
1173.0,121.71318327974278,363.7320911929231,114.72216216216215
263.45,0.0,363.7320911929231,5.649295550847458
277.5,24.529999999999973,363.7320911929231,5.0842673796791455
179.86,106.38125,363.7320911929231,5.649295550847458
2610.88,381.89819935691315,363.7320911929231,41.924557021677664
319.0,7.646978021978025,363.7320911929231,174.47120879120877
819.39,0.0,363.7320911929231,5.0842673796791455
823.46,0.0,363.7320911929231,5.649295550847458
163.86,0.0,363.7320911929231,5.649295550847458
1225.21,381.89819935691315,363.7320911929231,0.0
4060.0,270.7600688705234,363.7320911929231,1537.8174226804128
24948.65,0.0499999999992724,363.7320911929231,0.013823529411531452
769.93,381.89819935691315,363.7320911929231,464.6008888888889
1659.81,36.850000000000136,363.7320911929231,32.15372393247269
595.65,0.0,363.7320911929231,5.0842673796791455
2032.15,-367.9500000000001,363.7320911929231,41.924557021677664
1210.12,175.0411904761905,363.7320911929231,-0.001315789473683013
3860.35,883.5747142857142,363.7320911929231,2111.4774074074076
1000.0,-189.98,363.7320911929231,114.72216216216215
1162.8,7.646978021978025,363.7320911929231,32.15372393247269
1499.73,-42.25,363.7320911929231,41.924557021677664
165.13,311.55612903225807,363.7320911929231,1910.85
2417.24,121.77833333333335,363.7320911929231,14.872403100775186
734.0,223.70475409836064,363.7320911929231,55.73203703703703
491.39,6.324500000000002,363.7320911929231,5.0842673796791455
494.0,111.53585635359119,363.7320911929231,6.500000000000007
222.82,187.98075657894734,363.7320911929231,16.512476190476193
885.63,315.531675,363.7320911929231,185.61302013422815
685.76,283.1751351351351,363.7320911929231,-75.0
155.26,121.08398843930635,363.7320911929231,0.0
508.76,78.39285714285715,363.7320911929231,5.0842673796791455
14323.0,351.42589473684217,363.7320911929231,1537.8174226804128
554.66,351.42589473684217,363.7320911929231,5.0842673796791455
1384.79,111.53585635359119,363.7320911929231,41.924557021677664
158.78,106.38125,363.7320911929231,2.9732515337423315
21030.0,-21.43357142857139,363.7320911929231,0.0
2500.0,520.001304347826,363.7320911929231,114.72216216216215
331.0,0.0,363.7320911929231,174.47120879120877
479.15,121.71318327974278,363.7320911929231,-480.9000000000001
859.41,76.86607142857143,363.7320911929231,-0.001315789473683013
481.03,0.0,363.7320911929231,669.1571205357143
1203.89,544.0854679802956,363.7320911929231,14.872403100775186
2615.0,472.5091428571429,363.7320911929231,1471.4126865671642
380.47,15.677083333333327,363.7320911929231,29.266851851851854
240.0,956.9821886792453,363.7320911929231,669.1571205357143
255.73,76.86607142857143,363.7320911929231,5.649295550847458
8975.0,131.69444444444457,363.7320911929231,715.124375
6291.69,106.38125,363.7320911929231,32.15372393247269
226.16,0.0,363.7320911929231,5.649295550847458
1020.42,187.98075657894734,363.7320911929231,0.0
1956.26,924.4599999999998,363.7320911929231,41.924557021677664
5365.88,175.0411904761905,363.7320911929231,-0.001315789473683013
499.21,195.75224913494807,363.7320911929231,0.0
14323.0,351.42589473684217,363.7320911929231,1537.8174226804128
809.25,-206.05999999999997,363.7320911929231,5.649295550847458
2978.0,7929.299999999999,363.7320911929231,1228.6439795918368
379.3,0.0,363.7320911929231,0.0
410.6,-31.30000000000001,363.7320911929231,5.0842673796791455
6230.99,10.015714285714239,363.7320911929231,0.013823529411531452
599.0,149.50630630630627,363.7320911929231,5.0842673796791455
384.04,0.0,363.7320911929231,0.0
351.83,0.0,363.7320911929231,464.6008888888889
1938.85,-0.0005714285713890743,363.7320911929231,0.0
599.0,270.7600688705234,363.7320911929231,5.0842673796791455
379.3,0.0,363.7320911929231,0.0
172.0,315.531675,363.7320911929231,174.47120879120877
1764.86,-525.6199999999999,363.7320911929231,41.924557021677664
244.43,508.83510752688176,363.7320911929231,5.649295550847458
280.57,0.0,363.7320911929231,5.649295550847458
976.41,508.83510752688176,363.7320911929231,32.15372393247269
8087.0,0.0,363.7320911929231,0.0
2501.0,0.0,363.7320911929231,464.6008888888889
7222.95,381.89819935691315,363.7320911929231,1085.1044444444444
2510.04,122.86999999999988,363.7320911929231,41.924557021677664
488.6,0.0,363.7320911929231,5.649295550847458
6285.33,4749.373428571428,363.7320911929231,3403.419032258065
1216.0,195.75224913494807,363.7320911929231,248.22134969325154
246.6,45.06666666666667,363.7320911929231,5.649295550847458
9265.0,0.0,363.7320911929231,669.1571205357143
644.45,486.77029069767445,363.7320911929231,5.649295550847458
4023.94,104.04144736842105,363.7320911929231,41.924557021677664
192.22,145.4,363.7320911929231,5.649295550847458
578.02,-11.120000000000005,363.7320911929231,41.924557021677664
1390.0,-40.225445544554454,363.7320911929231,5.730666666666669
2081.27,381.89819935691315,363.7320911929231,561.603076923077
566.1,106.38125,363.7320911929231,5.649295550847458
1656.25,2728.0449999999996,363.7320911929231,2097.7239999999997
1564.23,-300.80999999999995,363.7320911929231,41.924557021677664
5357.0,0.0,363.7320911929231,174.47120879120877
1193.55,175.0411904761905,363.7320911929231,-0.001315789473683013
1796.02,544.0854679802956,363.7320911929231,174.47120879120877
504.0,-31.50299212598425,363.7320911929231,5.649295550847458
839.0,265.61896265560165,363.7320911929231,41.924557021677664
13365.77,195.75224913494807,363.7320911929231,0.02749999999893282
1954.77,131.69444444444457,363.7320911929231,41.924557021677664
314.67,-70.52000000000001,363.7320911929231,5.649295550847458
213.33,381.89819935691315,363.7320911929231,5.649295550847458
320.47,115.06428571428569,363.7320911929231,18.41794117647059
1325.8,0.0,363.7320911929231,41.924557021677664
1427.88,265.61896265560165,363.7320911929231,41.924557021677664
227.96,175.0411904761905,363.7320911929231,41.97798701298701
605.08,0.0,363.7320911929231,5.649295550847458
1000.0,121.71318327974278,363.7320911929231,114.72216216216215
740.58,0.0,363.7320911929231,5.0842673796791455
184.89,456.47955974842785,363.7320911929231,5.0842673796791455
213.33,0.0,363.7320911929231,5.649295550847458
295.47,248.87452991452994,363.7320911929231,5.649295550847458
379.3,381.89819935691315,363.7320911929231,0.0
316.0,381.89819935691315,363.7320911929231,0.0
523.78,6.324500000000002,363.7320911929231,5.0842673796791455
2123.7,345.88800000000003,363.7320911929231,1537.8174226804128
760.16,351.42589473684217,363.7320911929231,5.0842673796791455
325.0,32.0,363.7320911929231,141.12833333333333
3044.02,663.8899999999999,363.7320911929231,41.924557021677664
423.39,381.89819935691315,363.7320911929231,669.1571205357143
2070.44,315.531675,363.7320911929231,41.924557021677664
1591.0,0.0,363.7320911929231,421.2039097744361
2585.0,0.0,363.7320911929231,3.5972222222222223
1319.55,270.7600688705234,363.7320911929231,5.0842673796791455
1376.56,132.06352941176476,363.7320911929231,32.15372393247269
2527.0,430.25,363.7320911929231,41.924557021677664
458.78,76.86607142857143,363.7320911929231,5.649295550847458
571.07,195.75224913494807,363.7320911929231,87.04999999999995
2070.44,88.62431952662725,363.7320911929231,32.15372393247269
347.15,956.9821886792453,363.7320911929231,18.41794117647059
1505.85,115.06428571428569,363.7320911929231,32.15372393247269
108000.0,53.03571428571427,363.7320911929231,0.0
1427.88,115.06428571428569,363.7320911929231,32.15372393247269
764.57,187.98075657894734,363.7320911929231,16.512476190476193
3085.59,0.0,363.7320911929231,14.872403100775186
697.66,-12.324545454545458,363.7320911929231,5.649295550847458
471.83,123.14413793103449,363.7320911929231,41.97798701298701
152.44,315.531675,363.7320911929231,54.444366197183115
647.0,257.0,363.7320911929231,464.6008888888889
1636.15,544.0854679802956,363.7320911929231,41.924557021677664
188.8,0.0,363.7320911929231,5.649295550847458
1005.59,56.79416988416988,363.7320911929231,41.924557021677664
887.0,544.0854679802956,363.7320911929231,18.41794117647059
471.83,0.0,363.7320911929231,41.97798701298701
317.19,-16.629999999999995,363.7320911929231,5.649295550847458
1210.12,114.68700000000001,363.7320911929231,-0.001315789473683013
1605.0,909.0,363.7320911929231,248.22134969325154
631.03,229.01,363.7320911929231,185.61302013422815
218.6,201.01747572815538,363.7320911929231,174.47120879120877
10947.0,381.89819935691315,363.7320911929231,0.0
165.13,311.55612903225807,363.7320911929231,1910.85
1319.75,111.53585635359119,363.7320911929231,29.266851851851854
1457.0,0.0,363.7320911929231,6.500000000000007
3445.0,0.0,363.7320911929231,694.994625
295.24,0.0,363.7320911929231,5.649295550847458
1478.4,0.0,363.7320911929231,5.649295550847458
980.45,0.0,363.7320911929231,669.1571205357143
3496.01,115.06428571428569,363.7320911929231,32.15372393247269
413.29,195.75224913494807,363.7320911929231,0.0
1828.0,-171.26999999999998,363.7320911929231,41.924557021677664
183.56,119.42769230769233,363.7320911929231,5.0842673796791455
61109.0,22509.083333333332,363.7320911929231,14714.00484848485
2228.26,70.10999999999967,363.7320911929231,41.924557021677664
158.36,0.0,363.7320911929231,5.649295550847458
2614.51,2311.3599999999997,363.7320911929231,1471.4126865671642
545.64,0.0,363.7320911929231,5.649295550847458
1082.65,240.4699999999998,363.7320911929231,41.924557021677664
1244.43,-457.5200000000001,363.7320911929231,41.924557021677664
206.88,56.79416988416988,363.7320911929231,0.0
369.77,195.75224913494807,363.7320911929231,5.649295550847458
1298.0,315.531675,363.7320911929231,32.15372393247269
5748.04,283.1751351351351,363.7320911929231,3921.7854545454543
1275.31,311.55612903225807,363.7320911929231,41.924557021677664
461.64,0.0,363.7320911929231,83.60526315789474
200.0,315.531675,363.7320911929231,13.04352941176471
1112.7,508.83510752688176,363.7320911929231,32.15372393247269
1457.0,111.53585635359119,363.7320911929231,6.500000000000007
560.72,508.83510752688176,363.7320911929231,0.0
6663.0,345.88800000000003,363.7320911929231,1537.8174226804128
5241.4,123.14413793103449,363.7320911929231,0.0
5452.72,260.3768181818182,363.7320911929231,0.0
1654.07,18.820000000000164,363.7320911929231,41.924557021677664
8146.21,456.47955974842785,363.7320911929231,0.0
971.96,-31.50299212598425,363.7320911929231,-189.68178571428575
701.02,-12.324545454545458,363.7320911929231,5.649295550847458
1602.48,-104.53999999999996,363.7320911929231,41.924557021677664
698.45,0.0,363.7320911929231,5.0842673796791455
260.37,187.98075657894734,363.7320911929231,41.97798701298701
351.0,111.53585635359119,363.7320911929231,29.266851851851854
398.51,0.0,363.7320911929231,5.0842673796791455
398.51,0.0,363.7320911929231,5.0842673796791455
1309.47,798.2099999999998,363.7320911929231,41.924557021677664
1248.93,56.79416988416988,363.7320911929231,0.0
352.69,7.646978021978025,363.7320911929231,5.649295550847458
686.03,-74.12222222222222,363.7320911929231,5.0842673796791455
980.21,0.0,363.7320911929231,5.649295550847458
808.99,121.08398843930635,363.7320911929231,233.79176470588237
399.2,0.0,363.7320911929231,0.0
8964.0,175.0411904761905,363.7320911929231,715.124375
1252.92,215.1169805194805,363.7320911929231,32.15372393247269
1605.0,195.75224913494807,363.7320911929231,248.22134969325154
183.99,270.7600688705234,363.7320911929231,0.0
1384.72,381.89819935691315,363.7320911929231,694.994625
250.0,283.1751351351351,363.7320911929231,141.12833333333333
742.43,883.5747142857142,363.7320911929231,32.15372393247269
166.33,544.0854679802956,363.7320911929231,14.872403100775186
370.0,270.7600688705234,363.7320911929231,0.0
1828.0,201.01747572815538,363.7320911929231,112.65000000000002
12366.0,270.7600688705234,363.7320911929231,669.1571205357143
679.0,315.531675,363.7320911929231,174.47120879120877
1171.0,0.0,363.7320911929231,113.0609756097561
1421.46,137.48202702702702,363.7320911929231,1910.85
260.12,0.0,363.7320911929231,1910.85
33690.0,215.1169805194805,363.7320911929231,0.0
305.12,-11.379999999999995,363.7320911929231,5.649295550847458
483.0,0.0,363.7320911929231,499.0127272727272
320.64,121.08398843930635,363.7320911929231,41.924557021677664
206.13,486.77029069767445,363.7320911929231,5.649295550847458
666.81,137.48202702702702,363.7320911929231,32.15372393247269
258.34,508.83510752688176,363.7320911929231,3.9130434782608696
256.66,456.47955974842785,363.7320911929231,5.0842673796791455
1401.87,-380.8799999999999,363.7320911929231,41.924557021677664
1796.02,544.0854679802956,363.7320911929231,174.47120879120877
25000.0,-0.11999999999989085,363.7320911929231,0.0
159.66,0.0,363.7320911929231,5.649295550847458
1407.33,956.9821886792453,363.7320911929231,41.924557021677664
1792.68,-12.324545454545458,363.7320911929231,32.15372393247269
494.52,-31.50299212598425,363.7320911929231,-42.132999999999996
274.34,270.7600688705234,363.7320911929231,5.0842673796791455
494.52,-31.50299212598425,363.7320911929231,-42.132999999999996
369.0,544.0854679802956,363.7320911929231,174.47120879120877
315.56,252.6989830508475,363.7320911929231,5.0842673796791455
1430.56,0.0,363.7320911929231,41.924557021677664
3279.0,-40.225445544554454,363.7320911929231,174.47120879120877
215.0,248.87452991452994,363.7320911929231,1910.85
29948.0,195.75224913494807,363.7320911929231,1228.6439795918368
414.15,56.79416988416988,363.7320911929231,0.0
887.0,544.0854679802956,363.7320911929231,18.41794117647059
311.0,7.528000000000065,363.7320911929231,0.0
494.0,0.0,363.7320911929231,6.500000000000007
407.2,0.0,363.7320911929231,5.649295550847458
177.77,27.634043715847,363.7320911929231,5.0842673796791455
1214.93,187.98075657894734,363.7320911929231,41.924557021677664
8200.71,6529.290000000001,363.7320911929231,2707.9079166666666
195.38,215.1169805194805,363.7320911929231,5.649295550847458
1708.62,-12.324545454545458,363.7320911929231,5.649295550847458
34627.0,1598.0,363.7320911929231,669.1571205357143
446.21,101.70593749999993,363.7320911929231,0.0
678.0,448.3261538461539,363.7320911929231,571.6111111111111
743.73,0.0,363.7320911929231,1085.1044444444444
9791.0,123.14413793103449,363.7320911929231,1228.6439795918368
1722.11,111.53585635359119,363.7320911929231,41.924557021677664
289.46,270.7600688705234,363.7320911929231,0.0
300.15,121.71318327974278,363.7320911929231,114.72216216216215
1093.35,311.55612903225807,363.7320911929231,41.924557021677664
1248.69,956.9821886792453,363.7320911929231,174.47120879120877
34012.0,956.9821886792453,363.7320911929231,185.61302013422815
384.27,0.0,363.7320911929231,23.371704545454545
1711.38,215.1169805194805,363.7320911929231,32.15372393247269
258.52,20.863030303030303,363.7320911929231,5.0842673796791455
218.03,223.70475409836064,363.7320911929231,332.426829268293
382.61,132.68696,363.7320911929231,0.0
409.64,-119.0,363.7320911929231,41.924557021677664
1034.01,718.29,363.7320911929231,41.97798701298701
4970.0,123.14413793103449,363.7320911929231,1258.623466666667
4144.41,394.0747826086957,363.7320911929231,185.61302013422815
638.29,106.38125,363.7320911929231,32.15372393247269
649.44,0.0,363.7320911929231,41.924557021677664
579.0,111.53585635359119,363.7320911929231,18.41794117647059
277.44,27.634043715847,363.7320911929231,5.0842673796791455
250.0,76.86607142857143,363.7320911929231,141.12833333333333
1081.39,111.53585635359119,363.7320911929231,41.924557021677664
650.85,145.4,363.7320911929231,0.0
357.99,215.1169805194805,363.7320911929231,32.15372393247269
4924.11,-4.649999999999636,363.7320911929231,41.924557021677664
646.42,-90.32999999999991,363.7320911929231,41.924557021677664
198.7,270.7600688705234,363.7320911929231,669.1571205357143
316.11,0.0,363.7320911929231,0.0
210.99,177.61824742268038,363.7320911929231,0.0
1602.89,145.4,363.7320911929231,32.15372393247269
1163.17,28.96202247191011,363.7320911929231,32.15372393247269
1454.0,265.61896265560165,363.7320911929231,421.2039097744361
768.0,-28.0,363.7320911929231,1910.85
3251.0,338.7142857142857,363.7320911929231,174.47120879120877
634.3,76.86607142857143,363.7320911929231,16.512476190476193
1828.0,332.84000000000015,363.7320911929231,247.81440000000003
1431.36,495.68000000000006,363.7320911929231,41.924557021677664
635.28,149.50630630630627,363.7320911929231,2807.3
477.86,351.42589473684217,363.7320911929231,5.0842673796791455
3496.01,591.4099999999999,363.7320911929231,41.924557021677664
480.0,0.0,363.7320911929231,18.41794117647059
364.0,265.61896265560165,363.7320911929231,669.1571205357143
14323.0,351.42589473684217,363.7320911929231,1537.8174226804128
512.43,0.0,363.7320911929231,5.0842673796791455
493.0,115.06428571428569,363.7320911929231,224.53999999999996
1338.61,0.0,363.7320911929231,5.0842673796791455
1117.75,381.89819935691315,363.7320911929231,5.649295550847458
260.12,111.53585635359119,363.7320911929231,1910.85
784.14,56.79416988416988,363.7320911929231,41.924557021677664
1199.58,24.360000000000127,363.7320911929231,32.15372393247269
286.0,132.68696,363.7320911929231,5.649295550847458
366.94,56.79416988416988,363.7320911929231,0.0
1007.97,22.670000000000073,363.7320911929231,41.924557021677664
778.15,88.62431952662725,363.7320911929231,32.15372393247269
1196.38,177.61824742268038,363.7320911929231,41.924557021677664
473.0,76.86607142857143,363.7320911929231,146.40857142857143
601.0,166.32,363.7320911929231,191.8758333333333
770.16,265.61896265560165,363.7320911929231,835.9100000000001
1117.75,902.81,363.7320911929231,5.649295550847458
3453.0,115.06428571428569,363.7320911929231,174.47120879120877
2368.0,15.677083333333327,363.7320911929231,174.47120879120877
12333.57,0.0300000000006548,363.7320911929231,248.22134969325154
2177.54,177.61824742268038,363.7320911929231,41.924557021677664
751.03,7.646978021978025,363.7320911929231,155.60470588235296
1400.0,381.89819935691315,363.7320911929231,0.0
2355.56,-432.26,363.7320911929231,41.924557021677664
228.64,381.89819935691315,363.7320911929231,0.0
601.0,104.04144736842105,363.7320911929231,191.8758333333333
620.3,-31.50299212598425,363.7320911929231,5.0842673796791455
697.0,0.0,363.7320911929231,174.47120879120877
302.0,241.0,363.7320911929231,464.6008888888889
290.15,0.0,363.7320911929231,5.649295550847458
491.04,-142.66000000000005,363.7320911929231,41.924557021677664
3545.0,0.0,363.7320911929231,72.1
2998.34,544.0854679802956,363.7320911929231,174.47120879120877
1210.12,175.0411904761905,363.7320911929231,-0.001315789473683013
2000.0,0.0,363.7320911929231,174.47120879120877
1196.38,307.40999999999985,363.7320911929231,41.924557021677664
6230.99,10.015714285714239,363.7320911929231,0.013823529411531452
1588.4,98.936,363.7320911929231,32.15372393247269
15530.0,132.68696,363.7320911929231,1228.6439795918368
206.9,0.0,363.7320911929231,5.0842673796791455
1602.89,145.4,363.7320911929231,32.15372393247269
2329.45,394.0747826086957,363.7320911929231,669.1571205357143
1473.0,195.75224913494807,363.7320911929231,248.22134969325154
311.18,351.42589473684217,363.7320911929231,5.0842673796791455
912.5,0.0,363.7320911929231,5.649295550847458
355.12,215.1169805194805,363.7320911929231,5.649295550847458
1693.81,0.0,363.7320911929231,0.0
238.97,21.09999999999999,363.7320911929231,5.649295550847458
394.95,115.06428571428569,363.7320911929231,5.649295550847458
904.92,215.1169805194805,363.7320911929231,1279.8325
356.65,0.0,363.7320911929231,5.0842673796791455
1928.0,121.71318327974278,363.7320911929231,114.72216216216215
1701.81,265.61896265560165,363.7320911929231,301.233181818182
1227.57,201.95800000000003,363.7320911929231,32.15372393247269
2889.39,265.61896265560165,363.7320911929231,174.47120879120877
8914.0,-21.43357142857139,363.7320911929231,73.02000000000027
496.47,0.0,363.7320911929231,5.649295550847458
656.0,-10.89734042553192,363.7320911929231,159.6880821917808
463.08,-36.7,363.7320911929231,32.15372393247269
341.43,381.89819935691315,363.7320911929231,1910.85
427.29,0.0,363.7320911929231,5.649295550847458
8975.0,131.69444444444457,363.7320911929231,715.124375
167.64,0.0,363.7320911929231,113.0609756097561
864.2,508.83510752688176,363.7320911929231,32.15372393247269
355.0,226.0,363.7320911929231,226.0
4766.0,315.531675,363.7320911929231,174.47120879120877
358.19,101.70593749999993,363.7320911929231,247.81440000000003
1734.18,137.48202702702702,363.7320911929231,32.15372393247269
345.89,472.5091428571429,363.7320911929231,5.649295550847458
322.45,265.61896265560165,363.7320911929231,18.41794117647059
1478.4,106.38125,363.7320911929231,5.649295550847458
225.17,-12.324545454545458,363.7320911929231,5.649295550847458
734.64,0.0,363.7320911929231,5.649295550847458
2735.0,0.0,363.7320911929231,174.47120879120877
824.0,106.38125,363.7320911929231,0.0
548.0,223.70475409836064,363.7320911929231,174.47120879120877
494.3,0.0,363.7320911929231,0.0
1221.41,0.0,363.7320911929231,332.426829268293
300.15,121.08398843930635,363.7320911929231,114.72216216216215
166.25,0.0,363.7320911929231,0.0
499.0,448.3261538461539,363.7320911929231,211.46791666666672
1284.0,0.0,363.7320911929231,114.72216216216215
1444.94,187.98075657894734,363.7320911929231,41.924557021677664
942.64,84.17714285714281,363.7320911929231,1537.8174226804128
1364.14,265.61896265560165,363.7320911929231,41.924557021677664
912.94,956.9821886792453,363.7320911929231,41.924557021677664
879.26,111.53585635359119,363.7320911929231,41.924557021677664
2714.95,133.17636363636365,363.7320911929231,32.15372393247269
404.0,-40.225445544554454,363.7320911929231,174.47120879120877
3445.0,0.0,363.7320911929231,694.994625
211.09,-4.530000000000001,363.7320911929231,5.649295550847458
1516.45,182.40499999999997,363.7320911929231,136.80374999999998
1586.0,195.75224913494807,363.7320911929231,248.22134969325154
366.94,56.79416988416988,363.7320911929231,0.0
9857.85,0.0,363.7320911929231,2.127659574468085
310.76,351.42589473684217,363.7320911929231,5.0842673796791455
13805.0,121.71318327974278,363.7320911929231,669.1571205357143
3635.64,-109.30999999999996,363.7320911929231,41.924557021677664
890.33,270.7600688705234,363.7320911929231,5.0842673796791455
356.6,88.62431952662725,363.7320911929231,41.924557021677664
1101.79,111.53585635359119,363.7320911929231,41.924557021677664
991.89,-12.324545454545458,363.7320911929231,32.15372393247269
20446.0,56.79416988416988,363.7320911929231,1228.6439795918368
563.0,508.83510752688176,363.7320911929231,464.6008888888889
2464.46,0.0,363.7320911929231,0.0
1274.82,76.86607142857143,363.7320911929231,32.15372393247269
250.0,76.86607142857143,363.7320911929231,141.12833333333333
293.5,270.7600688705234,363.7320911929231,2807.3
264.14,265.61896265560165,363.7320911929231,5.649295550847458
4011.85,187.98075657894734,363.7320911929231,16.512476190476193
768.76,6.324500000000002,363.7320911929231,5.0842673796791455
1828.0,123.14413793103449,363.7320911929231,41.924557021677664
784.35,2728.0449999999996,363.7320911929231,32.15372393247269
369.39,0.0,363.7320911929231,5.649295550847458
5850.83,187.98075657894734,363.7320911929231,16.512476190476193
381.77,0.0,363.7320911929231,5.649295550847458
1382.78,0.0,363.7320911929231,421.2039097744361
4830.0,175.0411904761905,363.7320911929231,0.0
819.0,394.0747826086957,363.7320911929231,248.22134969325154
361.87,0.0,363.7320911929231,0.0
34627.0,1598.0,363.7320911929231,669.1571205357143
1265.59,121.71318327974278,363.7320911929231,41.924557021677664
636.1,121.08398843930635,363.7320911929231,5.649295550847458
215.79,0.0,363.7320911929231,5.0842673796791455
1010.0,175.0411904761905,363.7320911929231,14.112676056338028
1471.19,0.0,363.7320911929231,41.924557021677664
929.1,0.0,363.7320911929231,-0.001315789473683013
5365.88,0.0,363.7320911929231,-0.001315789473683013
5136.15,187.98075657894734,363.7320911929231,16.512476190476193
1258.13,270.7600688705234,363.7320911929231,5.0842673796791455
256.04,351.42589473684217,363.7320911929231,5.0842673796791455
1095.88,56.79416988416988,363.7320911929231,760.053
344.71,270.7600688705234,363.7320911929231,5.0842673796791455
1712.0,270.7600688705234,363.7320911929231,456.69565217391306
330.8,0.0,363.7320911929231,5.0842673796791455
668.54,215.1169805194805,363.7320911929231,0.0
344.99,270.7600688705234,363.7320911929231,669.1571205357143
461.42,238.67,363.7320911929231,-0.01666666666642413
1822.46,-1084.35,363.7320911929231,41.924557021677664
1313.28,6.324500000000002,363.7320911929231,5.0842673796791455
859.67,201.01747572815538,363.7320911929231,5.0842673796791455
1032.3,5.880000000000109,363.7320911929231,41.924557021677664
156.36,270.7600688705234,363.7320911929231,14.112676056338028
6000.0,381.89819935691315,363.7320911929231,0.0
978.44,121.71318327974278,363.7320911929231,-480.9000000000001
2067.0,195.75224913494807,363.7320911929231,248.22134969325154
2310.12,0.0,363.7320911929231,0.0
1203.89,544.0854679802956,363.7320911929231,14.872403100775186
1258.13,0.0,363.7320911929231,5.0842673796791455
1644.92,115.06428571428569,363.7320911929231,32.15372393247269
2500.0,520.001304347826,363.7320911929231,114.72216216216215
218.6,201.01747572815538,363.7320911929231,174.47120879120877
5969.0,0.0,363.7320911929231,174.47120879120877
2434.75,0.0,363.7320911929231,0.0
399.2,56.79416988416988,363.7320911929231,0.0
459.49,0.0,363.7320911929231,0.0
1043.63,0.0,363.7320911929231,635.6234693877551
1325.8,76.86607142857143,363.7320911929231,32.15372393247269
314.06,283.1751351351351,363.7320911929231,5.360526315789475
421.15,270.7600688705234,363.7320911929231,5.649295550847458
3545.0,0.0,363.7320911929231,72.1
204.1,270.7600688705234,363.7320911929231,5.0842673796791455
277.44,27.634043715847,363.7320911929231,5.0842673796791455
4754.42,4038.3692307692304,363.7320911929231,174.47120879120877
720.4,6.324500000000002,363.7320911929231,5.0842673796791455
423.48,0.0,363.7320911929231,5.649295550847458
2496.0,62.043461538461536,363.7320911929231,421.2039097744361
2614.51,2311.3599999999997,363.7320911929231,1471.4126865671642
824.0,195.75224913494807,363.7320911929231,0.0
225.71,0.0,363.7320911929231,669.1571205357143
1436.8,187.98075657894734,363.7320911929231,41.924557021677664
971.96,-74.12222222222222,363.7320911929231,-189.68178571428575
848.07,381.89819935691315,363.7320911929231,1085.1044444444444
936.26,-104.05999999999996,363.7320911929231,41.924557021677664
9265.0,0.0,363.7320911929231,669.1571205357143
176.0,381.89819935691315,363.7320911929231,54.444366197183115
1423.96,111.53585635359119,363.7320911929231,6.500000000000007
6230.99,35.054999999999836,363.7320911929231,0.013823529411531452
1800.73,315.531675,363.7320911929231,41.924557021677664
726.9,-10.89734042553192,363.7320911929231,5.0842673796791455
7853.84,123.14413793103449,363.7320911929231,0.0
431.78,-15.564000000000004,363.7320911929231,5.0842673796791455
226.87,175.0411904761905,363.7320911929231,0.01499999999998635
1555.2,315.531675,363.7320911929231,41.924557021677664
2842.0,3858.0,363.7320911929231,421.2039097744361
213.33,0.0,363.7320911929231,5.649295550847458
1255.49,4749.373428571428,363.7320911929231,-189.68178571428575
1628.0,123.14413793103449,363.7320911929231,136.80374999999998
2660.0,76.86607142857143,363.7320911929231,0.0
497.41,381.89819935691315,363.7320911929231,0.0
456.32,265.61896265560165,363.7320911929231,41.924557021677664
163.86,381.89819935691315,363.7320911929231,5.649295550847458
494.0,-12.324545454545458,363.7320911929231,6.500000000000007
1407.33,508.83510752688176,363.7320911929231,32.15372393247269
412.3,270.7600688705234,363.7320911929231,669.1571205357143
1335.45,111.53585635359119,363.7320911929231,41.924557021677664
372.06,76.86607142857143,363.7320911929231,0.0
647.0,257.0,363.7320911929231,464.6008888888889
557.04,123.14413793103449,363.7320911929231,669.1571205357143
458.78,76.86607142857143,363.7320911929231,5.649295550847458
992.91,508.83510752688176,363.7320911929231,32.15372393247269
167.64,123.14413793103449,363.7320911929231,113.0609756097561
656.0,-10.89734042553192,363.7320911929231,159.6880821917808
183.65,956.9821886792453,363.7320911929231,114.72216216216215
385.0,248.87452991452994,363.7320911929231,241.09153846153842
2362.0,0.0,363.7320911929231,114.72216216216215
177.77,27.634043715847,363.7320911929231,5.0842673796791455
404.89,32.0,363.7320911929231,5.0842673796791455
979.08,187.98075657894734,363.7320911929231,-0.001315789473683013
670.17,88.62431952662725,363.7320911929231,54.444366197183115
1525.31,411.23,363.7320911929231,41.924557021677664
796.65,-12.53999999999993,363.7320911929231,41.924557021677664
1561.85,0.0,363.7320911929231,-480.9000000000001
1173.0,919.0,363.7320911929231,114.72216216216215
686.0,0.0,363.7320911929231,248.22134969325154
525.67,-31.50299212598425,363.7320911929231,5.0842673796791455
622.04,24.06000000000006,363.7320911929231,41.924557021677664
1917.0,-12.324545454545458,363.7320911929231,-189.68178571428575
1634.79,-40.225445544554454,363.7320911929231,14.872403100775186
519.0,195.75224913494807,363.7320911929231,248.22134969325154
4803.0,520.001304347826,363.7320911929231,715.124375
984.63,195.75224913494807,363.7320911929231,41.924557021677664
412.3,270.7600688705234,363.7320911929231,669.1571205357143
1595.55,0.0,363.7320911929231,464.6008888888889
177.94,0.0,363.7320911929231,5.649295550847458
339.35,0.0,363.7320911929231,1471.4126865671642
187.09,270.7600688705234,363.7320911929231,5.0842673796791455
3919.0,195.75224913494807,363.7320911929231,3.5972222222222223
987.1,956.9821886792453,363.7320911929231,41.924557021677664
232.29,27.634043715847,363.7320911929231,5.0842673796791455
330.8,27.634043715847,363.7320911929231,5.0842673796791455
309.99,175.0411904761905,363.7320911929231,41.924557021677664
703.68,248.87452991452994,363.7320911929231,5.649295550847458
405.2,0.0,363.7320911929231,0.0
424.93,201.01747572815538,363.7320911929231,75.98000000000002
188.36,351.42589473684217,363.7320911929231,5.0842673796791455
27212.96,0.0400000000008731,363.7320911929231,332.426829268293
1589.4,267.17,363.7320911929231,185.61302013422815
750.81,508.83510752688176,363.7320911929231,32.15372393247269
1504.8,187.98075657894734,363.7320911929231,41.924557021677664
720.72,6.324500000000002,363.7320911929231,5.0842673796791455
580.61,381.89819935691315,363.7320911929231,0.0
262.0,315.531675,363.7320911929231,0.0
7853.84,123.14413793103449,363.7320911929231,0.0
1549.0,175.0411904761905,363.7320911929231,18.41794117647059
210.99,137.48202702702702,363.7320911929231,0.0
61109.0,126891.0,363.7320911929231,14714.00484848485
369.0,544.0854679802956,363.7320911929231,174.47120879120877
172.09,121.08398843930635,363.7320911929231,5.649295550847458
1421.46,0.0,363.7320911929231,0.0
277.0,270.7600688705234,363.7320911929231,1910.85
1216.0,195.75224913494807,363.7320911929231,248.22134969325154
740.58,6.324500000000002,363.7320911929231,5.0842673796791455
768.76,6.324500000000002,363.7320911929231,5.0842673796791455
2614.51,2311.3599999999997,363.7320911929231,1471.4126865671642
17195.0,-12.324545454545458,363.7320911929231,1228.6439795918368
274.34,270.7600688705234,363.7320911929231,5.0842673796791455
241.0,123.14413793103449,363.7320911929231,72.1
5748.04,0.0,363.7320911929231,3403.419032258065
351.12,0.0,363.7320911929231,5.0842673796791455
316.0,0.0,363.7320911929231,0.0
1525.1,0.0,363.7320911929231,41.924557021677664
1307.16,-3.5299999999999727,363.7320911929231,41.924557021677664
165.13,260.3768181818182,363.7320911929231,1910.85
8416.19,121.08398843930635,363.7320911929231,-480.9000000000001
736.13,486.77029069767445,363.7320911929231,2707.9079166666666
260.12,0.0,363.7320911929231,1910.85
645.13,0.0,363.7320911929231,-0.01666666666642413
1606.27,207.6400000000001,363.7320911929231,41.924557021677664
210.05,148.25,363.7320911929231,41.924557021677664
1304.62,0.0,363.7320911929231,1537.8174226804128
569.37,956.9821886792453,363.7320911929231,32.15372393247269
196.4,0.0,363.7320911929231,41.97798701298701
228.97,252.6989830508475,363.7320911929231,5.0842673796791455
884.1,0.0,363.7320911929231,41.97798701298701
1725.04,123.14413793103449,363.7320911929231,0.0
38953.0,145.4,363.7320911929231,715.124375
1725.04,132.68696,363.7320911929231,0.0
625.61,456.47955974842785,363.7320911929231,5.0842673796791455
277.0,46.089999999999975,363.7320911929231,1910.85
255.53,223.70475409836064,363.7320911929231,32.15372393247269
789.26,137.48202702702702,363.7320911929231,32.15372393247269
2449.91,1221.245,363.7320911929231,561.603076923077
1722.11,98.66000000000008,363.7320911929231,41.924557021677664
865.0,0.0,363.7320911929231,1910.85
1299.0,260.3768181818182,363.7320911929231,247.81440000000003
1842.25,0.0,363.7320911929231,174.47120879120877
973.12,0.0,363.7320911929231,41.924557021677664
819.48,-40.225445544554454,363.7320911929231,14.872403100775186
2362.0,121.71318327974278,363.7320911929231,114.72216216216215
829.0,223.70475409836064,363.7320911929231,669.1571205357143
1909.98,270.7600688705234,363.7320911929231,32.15372393247269
8200.71,248.87452991452994,363.7320911929231,2707.9079166666666
1030.65,94.34999999999992,363.7320911929231,669.1571205357143
1229.32,-386.2299999999999,363.7320911929231,-401.63666666666654
404.0,-40.225445544554454,363.7320911929231,174.47120879120877
1199.58,24.360000000000127,363.7320911929231,32.15372393247269
350.0,315.531675,363.7320911929231,54.444366197183115
206.13,0.0,363.7320911929231,5.649295550847458
26316.0,22509.083333333332,363.7320911929231,14714.00484848485
665.47,5678.785454545454,363.7320911929231,5.0842673796791455
809.25,-12.324545454545458,363.7320911929231,5.649295550847458
177.34,-0.0133333333333212,363.7320911929231,114.86666666666669
163.86,215.1169805194805,363.7320911929231,5.649295550847458
277.0,270.7600688705234,363.7320911929231,1910.85
637.06,6.324500000000002,363.7320911929231,5.0842673796791455
166.86,544.0854679802956,363.7320911929231,0.0
1081.15,270.7600688705234,363.7320911929231,5.0842673796791455
1750.07,456.47955974842785,363.7320911929231,0.0
11816.4,123.14413793103449,363.7320911929231,0.0
382.29,123.14413793103449,363.7320911929231,571.6111111111111
288.0,0.0,363.7320911929231,174.47120879120877
6684.81,0.0,363.7320911929231,0.0
998.71,7.646978021978025,363.7320911929231,0.0025000000000545623
1390.0,544.0854679802956,363.7320911929231,5.730666666666669
680.0,0.0,363.7320911929231,669.1571205357143
398.4,88.62431952662725,363.7320911929231,5.649295550847458
1473.0,106.38125,363.7320911929231,370.5014285714286
1853.16,28.96202247191011,363.7320911929231,41.924557021677664
657.16,0.0,363.7320911929231,5.649295550847458
206.54,215.1169805194805,363.7320911929231,5.649295550847458
444.21,123.14413793103449,363.7320911929231,32.15372393247269
228.32,508.83510752688176,363.7320911929231,5.649295550847458
1716.21,149.50630630630627,363.7320911929231,5.0842673796791455
202.07,0.0,363.7320911929231,1910.85
2309.8,0.0,363.7320911929231,0.0
497.18,27.634043715847,363.7320911929231,5.0842673796791455
311.18,0.0,363.7320911929231,5.0842673796791455
166.33,-40.225445544554454,363.7320911929231,14.872403100775186
1595.55,201.95800000000003,363.7320911929231,464.6008888888889
764.02,315.531675,363.7320911929231,41.924557021677664
187.72,51.62951923076919,363.7320911929231,0.0
2140.0,326.00631578947366,363.7320911929231,113.0609756097561
152.44,315.531675,363.7320911929231,0.0
2889.39,265.61896265560165,363.7320911929231,174.47120879120877
734.64,0.0,363.7320911929231,5.649295550847458
764.57,0.0,363.7320911929231,16.512476190476193
250.0,250.0,363.7320911929231,141.12833333333333
277.44,0.0,363.7320911929231,5.0842673796791455
1181.55,270.7600688705234,363.7320911929231,5.0842673796791455
4103.0,121.71318327974278,363.7320911929231,499.0127272727272
1011.29,-198.26,363.7320911929231,41.924557021677664
3504.21,0.0,363.7320911929231,0.0
1102.97,56.79416988416988,363.7320911929231,41.924557021677664
1021.97,121.71318327974278,363.7320911929231,499.0127272727272
162.73,29.28,363.7320911929231,41.924557021677664
209.38,456.47955974842785,363.7320911929231,174.47120879120877
274.39,22509.083333333332,363.7320911929231,0.0
295.24,195.75224913494807,363.7320911929231,5.649295550847458
1181.55,0.0,363.7320911929231,5.0842673796791455
991.89,111.53585635359119,363.7320911929231,41.924557021677664
349.29,508.83510752688176,363.7320911929231,5.649295550847458
1577.57,0.0,363.7320911929231,14714.00484848485
670.9,0.0,363.7320911929231,5.0842673796791455
1192.33,-12.324545454545458,363.7320911929231,5.649295550847458
1160.0,1621.0,363.7320911929231,464.6008888888889
1876.0,265.61896265560165,363.7320911929231,421.2039097744361
662.08,-64.31000000000006,363.7320911929231,41.924557021677664
325.0,7.646978021978025,363.7320911929231,141.12833333333333
2527.0,956.9821886792453,363.7320911929231,41.924557021677664
230.45,283.1751351351351,363.7320911929231,5.0842673796791455
2082.98,265.61896265560165,363.7320911929231,41.924557021677664
274.36,331.8455357142857,363.7320911929231,5.649295550847458
1954.77,132.06352941176476,363.7320911929231,32.15372393247269
379.23,0.0,363.7320911929231,5.649295550847458
1909.74,53.03571428571427,363.7320911929231,41.924557021677664
1178.0,111.53585635359119,363.7320911929231,60.10700000000001
2417.24,338.7142857142857,363.7320911929231,14.872403100775186
323.26,283.1751351351351,363.7320911929231,18.41794117647059
193.0,956.9821886792453,363.7320911929231,14.112676056338028
353.05,956.9821886792453,363.7320911929231,19198.74
861.06,187.98075657894734,363.7320911929231,16.512476190476193
183.65,508.83510752688176,363.7320911929231,114.72216216216215
1384.79,71.06400000000004,363.7320911929231,41.924557021677664
340.15,106.38125,363.7320911929231,1910.85
184.71,381.89819935691315,363.7320911929231,0.0
2798.0,0.0,363.7320911929231,14.872403100775186
4243.64,315.531675,363.7320911929231,0.0
2998.34,544.0854679802956,363.7320911929231,174.47120879120877
609.0,175.0411904761905,363.7320911929231,1910.85
516.88,270.7600688705234,363.7320911929231,5.0842673796791455
513.99,0.0,363.7320911929231,-0.001315789473683013
5111.33,1588.67,363.7320911929231,174.47120879120877
1895.74,139.20000000000005,363.7320911929231,41.924557021677664
252.0,121.71318327974278,363.7320911929231,114.72216216216215
929.1,175.0411904761905,363.7320911929231,-0.001315789473683013
4535.99,62.043461538461536,363.7320911929231,0.0
2798.0,0.0,363.7320911929231,14.872403100775186
971.96,-31.50299212598425,363.7320911929231,-189.68178571428575
3465.82,104.04144736842105,363.7320911929231,41.924557021677664
3504.21,121.71318327974278,363.7320911929231,51.05647058823524
857.91,177.61824742268038,363.7320911929231,41.924557021677664
200.77,121.08398843930635,363.7320911929231,114.72216216216215
2585.0,381.89819935691315,363.7320911929231,3.5972222222222223
1010.0,175.0411904761905,363.7320911929231,14.112676056338028
720.67,145.4,363.7320911929231,32.15372393247269
2584.41,121.08398843930635,363.7320911929231,0.0
1628.0,123.14413793103449,363.7320911929231,136.80374999999998
210.99,137.48202702702702,363.7320911929231,0.0
253.78,381.89819935691315,363.7320911929231,5.649295550847458
297.25,27.634043715847,363.7320911929231,5.649295550847458
2267.99,381.89819935691315,363.7320911929231,32.15372393247269
554.66,351.42589473684217,363.7320911929231,5.0842673796791455
371.04,56.79416988416988,363.7320911929231,0.0
635.28,270.7600688705234,363.7320911929231,2807.3
1424.77,714.4099999999999,363.7320911929231,41.924557021677664
599.0,270.7600688705234,363.7320911929231,5.0842673796791455
24948.65,51.62951923076919,363.7320911929231,0.013823529411531452
225.41,132.68696,363.7320911929231,5.649295550847458
492.76,678.0699999999999,363.7320911929231,1279.8325
644.45,0.0,363.7320911929231,5.649295550847458
2786.0,508.83510752688176,363.7320911929231,0.0
3685.0,0.0,363.7320911929231,14714.00484848485
471.83,123.14413793103449,363.7320911929231,41.97798701298701
1043.63,265.61896265560165,363.7320911929231,635.6234693877551
480.0,51.62951923076919,363.7320911929231,0.0
1034.01,187.98075657894734,363.7320911929231,41.97798701298701
1473.2,229.8199999999999,363.7320911929231,32.15372393247269
295.24,195.75224913494807,363.7320911929231,5.649295550847458
471.83,123.14413793103449,363.7320911929231,41.97798701298701
178.18,-25.03,363.7320911929231,41.924557021677664
2056.0,0.0,363.7320911929231,174.47120879120877
665.59,508.83510752688176,363.7320911929231,32.15372393247269
356.86,88.62431952662725,363.7320911929231,669.1571205357143
1081.15,270.7600688705234,363.7320911929231,5.0842673796791455
1171.0,0.0,363.7320911929231,113.0609756097561
430.76,270.7600688705234,363.7320911929231,669.1571205357143
2708.0,56.79416988416988,363.7320911929231,174.47120879120877
463.0,265.61896265560165,363.7320911929231,669.1571205357143
1165.89,121.08398843930635,363.7320911929231,649.5546153846153
250.0,283.1751351351351,363.7320911929231,141.12833333333333
1457.0,111.53585635359119,363.7320911929231,6.500000000000007
2281.94,918.06,363.7320911929231,669.1571205357143
1932.01,24.57199999999999,363.7320911929231,0.0
298.0,51.49000000000001,363.7320911929231,5.649295550847458
636.1,121.71318327974278,363.7320911929231,5.649295550847458
318.12,201.01747572815538,363.7320911929231,174.47120879120877
210.0,8.301999999999998,363.7320911929231,13.04352941176471
624.43,195.75224913494807,363.7320911929231,5.649295550847458
226.87,175.0411904761905,363.7320911929231,0.01499999999998635
411.44,0.0,363.7320911929231,5.649295550847458
2449.91,2728.0449999999996,363.7320911929231,767.001
484.5,486.77029069767445,363.7320911929231,0.0
200.99,7.646978021978025,363.7320911929231,32.15372393247269
839.0,115.06428571428569,363.7320911929231,41.924557021677664
1547.0,326.00631578947366,363.7320911929231,114.72216216216215
297.0,62.043461538461536,363.7320911929231,421.2039097744361
482.42,315.531675,363.7320911929231,478.2
8416.19,121.71318327974278,363.7320911929231,-480.9000000000001
5365.88,114.68700000000001,363.7320911929231,-0.001315789473683013
499.0,351.42589473684217,363.7320911929231,18.41794117647059
516.88,0.0,363.7320911929231,5.0842673796791455
1274.82,0.0,363.7320911929231,41.924557021677664
292.23,6.324500000000002,363.7320911929231,5.0842673796791455
278.01,260.3768181818182,363.7320911929231,2.9732515337423315
907.76,956.9821886792453,363.7320911929231,41.924557021677664
188.36,351.42589473684217,363.7320911929231,5.0842673796791455
151.0,177.61824742268038,363.7320911929231,1910.85
904.04,270.7600688705234,363.7320911929231,5.0842673796791455
18936.0,315.531675,363.7320911929231,669.1571205357143
1686.22,752.3100000000002,363.7320911929231,192.9492857142857
2285.81,177.61824742268038,363.7320911929231,772.0536842105263
156.36,270.7600688705234,363.7320911929231,14.112676056338028
23136.0,14140.0,363.7320911929231,13028.833333333334
238.97,21.09999999999999,363.7320911929231,5.649295550847458
34012.0,956.9821886792453,363.7320911929231,185.61302013422815
173.65,0.0,363.7320911929231,5.649295550847458
611.8,956.9821886792453,363.7320911929231,18.41794117647059
502.68,175.0411904761905,363.7320911929231,-0.001315789473683013
885.63,461.9799999999999,363.7320911929231,185.61302013422815
1010.0,175.0411904761905,363.7320911929231,14.112676056338028
11089.42,111.53585635359119,363.7320911929231,2111.4774074074076
284.21,-31.50299212598425,363.7320911929231,5.0842673796791455
897.45,500.02,363.7320911929231,41.924557021677664
668.54,0.0,363.7320911929231,0.0
637.06,0.0,363.7320911929231,5.0842673796791455
2889.39,265.61896265560165,363.7320911929231,174.47120879120877
691.15,195.75224913494807,363.7320911929231,2707.9079166666666
2718.84,0.0,363.7320911929231,635.6234693877551
579.63,0.0,363.7320911929231,5.0842673796791455
4686.09,0.0,363.7320911929231,464.6008888888889
2889.39,265.61896265560165,363.7320911929231,174.47120879120877
962.84,84.17714285714281,363.7320911929231,41.924557021677664
646.42,-125.97833333333341,363.7320911929231,41.924557021677664
2177.54,-114.80000000000018,363.7320911929231,41.924557021677664
516.17,0.0,363.7320911929231,5.649295550847458
237.64,177.61824742268038,363.7320911929231,192.9492857142857
510.85,76.86607142857143,363.7320911929231,0.0
162.73,265.61896265560165,363.7320911929231,2.9732515337423315
884.1,123.14413793103449,363.7320911929231,41.97798701298701
912.5,-12.324545454545458,363.7320911929231,5.649295550847458
856.93,381.89819935691315,363.7320911929231,41.924557021677664
170.0,123.14413793103449,363.7320911929231,113.0609756097561
4526.12,201.01747572815538,363.7320911929231,301.233181818182
7877.0,3898.0249999999996,363.7320911929231,1258.623466666667
8379.62,0.0,363.7320911929231,0.007272727272885999
887.28,25.75,363.7320911929231,41.924557021677664
10088.0,0.0,363.7320911929231,669.1571205357143
4373.04,381.89819935691315,363.7320911929231,0.0
781.85,6.324500000000002,363.7320911929231,5.0842673796791455
987.1,508.83510752688176,363.7320911929231,32.15372393247269
916.78,175.0411904761905,363.7320911929231,41.97798701298701
5961.0,0.0,363.7320911929231,715.124375
799.34,187.98075657894734,363.7320911929231,16.512476190476193
492.76,381.89819935691315,363.7320911929231,1279.8325
4970.0,2478.5200000000004,363.7320911929231,1258.623466666667
501.0,88.62431952662725,363.7320911929231,174.47120879120877
159.77,270.7600688705234,363.7320911929231,0.0
314.06,283.1751351351351,363.7320911929231,5.360526315789475
998.95,7.646978021978025,363.7320911929231,32.15372393247269
1368.19,-239.04999999999995,363.7320911929231,41.924557021677664
4516.88,123.14413793103449,363.7320911929231,0.0
861.84,121.71318327974278,363.7320911929231,41.924557021677664
2082.98,115.06428571428569,363.7320911929231,32.15372393247269
214.07,7.646978021978025,363.7320911929231,5.649295550847458
9265.0,0.0,363.7320911929231,669.1571205357143
2978.0,145.4,363.7320911929231,1228.6439795918368
24819.0,7.528000000000065,363.7320911929231,174.47120879120877
1938.85,456.47955974842785,363.7320911929231,0.0
31876.39,456.47955974842785,363.7320911929231,301.233181818182
260.12,-12.324545454545458,363.7320911929231,1910.85
435.0,4749.373428571428,363.7320911929231,689.6153846153846
206.88,56.79416988416988,363.7320911929231,0.0
866.0,7.646978021978025,363.7320911929231,32.15372393247269
241.52,0.0,363.7320911929231,5.0842673796791455
5748.04,283.1751351351351,363.7320911929231,3403.419032258065
180.1,145.4,363.7320911929231,5.649295550847458
369.77,133.51,363.7320911929231,5.649295550847458
10088.0,0.0,363.7320911929231,669.1571205357143
328.34,123.14413793103449,363.7320911929231,113.0609756097561
797.36,539.82,363.7320911929231,41.924557021677664
350.0,-0.0699999999999931,363.7320911929231,54.444366197183115
2002.79,-12.324545454545458,363.7320911929231,32.15372393247269
2242.9,0.0,363.7320911929231,332.426829268293
1851.47,137.48202702702702,363.7320911929231,32.15372393247269
1459.0,311.55612903225807,363.7320911929231,159.6880821917808
875.79,0.0,363.7320911929231,5.0842673796791455
342.69,0.0,363.7320911929231,174.47120879120877
3546.94,0.0,363.7320911929231,174.47120879120877
5194.95,121.71318327974278,363.7320911929231,0.0
1981.07,700.4100000000001,363.7320911929231,32.15372393247269
1388.59,0.0,363.7320911929231,41.924557021677664
4754.42,4374.9,363.7320911929231,174.47120879120877
459.49,0.0,363.7320911929231,0.0
335.97,0.0,363.7320911929231,0.0
1710.3,1681.91,363.7320911929231,41.924557021677664
275.5,456.47955974842785,363.7320911929231,5.0842673796791455
445.51,-31.50299212598425,363.7320911929231,5.0842673796791455
329.14,56.79416988416988,363.7320911929231,5.649295550847458
938.29,283.1751351351351,363.7320911929231,3403.419032258065
664.02,106.38125,363.7320911929231,32.15372393247269
161.96,132.68696,363.7320911929231,5.649295550847458
2853.23,262.1247727272727,363.7320911929231,464.6008888888889
158.36,7.646978021978025,363.7320911929231,5.649295550847458
166.33,-40.225445544554454,363.7320911929231,14.872403100775186
646.53,51.62951923076919,363.7320911929231,-0.0037499999999965877
16654.0,111.53585635359119,363.7320911929231,3.5972222222222223
2913.0,0.0,363.7320911929231,6.500000000000007
813.0,104.04144736842105,363.7320911929231,55.73203703703703
3674.0,56.79416988416988,363.7320911929231,174.47120879120877
189.21,-40.225445544554454,363.7320911929231,14.872403100775186
1181.76,176.97000000000003,363.7320911929231,41.924557021677664
302.88,-31.50299212598425,363.7320911929231,5.649295550847458
2614.51,331.8455357142857,363.7320911929231,1471.4126865671642
365.21,0.0,363.7320911929231,5.649295550847458
2185.75,106.38125,363.7320911929231,32.15372393247269
450.65,456.47955974842785,363.7320911929231,5.649295550847458
1258.13,270.7600688705234,363.7320911929231,5.0842673796791455
748.0,121.08398843930635,363.7320911929231,649.5546153846153
4144.41,394.0747826086957,363.7320911929231,185.61302013422815
158.78,195.75224913494807,363.7320911929231,2.9732515337423315
410.26,123.14413793103449,363.7320911929231,0.0
4011.85,76.86607142857143,363.7320911929231,0.0
1505.0,195.75224913494807,363.7320911929231,32.15372393247269
1581.24,508.83510752688176,363.7320911929231,32.15372393247269
562.48,-31.50299212598425,363.7320911929231,5.0842673796791455
300.58,33.900000000000034,363.7320911929231,41.924557021677664
483.65,114.68700000000001,363.7320911929231,-0.003103448275859245
1719.2,132.06352941176476,363.7320911929231,32.15372393247269
172.22,956.9821886792453,363.7320911929231,2.9732515337423315
618.34,-74.0,363.7320911929231,-74.0
6285.33,19790.17,363.7320911929231,3403.419032258065
3453.0,265.61896265560165,363.7320911929231,174.47120879120877
477.86,351.42589473684217,363.7320911929231,5.0842673796791455
278.64,123.14413793103449,363.7320911929231,0.0
1581.0,187.98075657894734,363.7320911929231,16.727272727272727
495.0,121.77833333333335,363.7320911929231,74.02
474.23,6.324500000000002,363.7320911929231,0.0
1006.99,215.1169805194805,363.7320911929231,5.649295550847458
2156.22,106.38125,363.7320911929231,32.15372393247269
289.46,270.7600688705234,363.7320911929231,0.0
456.88,-10.89734042553192,363.7320911929231,5.0842673796791455
398.48,0.0,363.7320911929231,5.649295550847458
398.48,0.0,363.7320911929231,5.649295550847458
2555.0,131.69444444444457,363.7320911929231,83.60526315789474
2555.0,0.0,363.7320911929231,83.60526315789474
1200.14,270.7600688705234,363.7320911929231,41.924557021677664
314.06,0.0,363.7320911929231,5.360526315789475
744.49,155.76687499999994,363.7320911929231,241.09153846153842
5241.4,123.14413793103449,363.7320911929231,0.0
1595.55,262.1247727272727,363.7320911929231,464.6008888888889
483.87,351.42589473684217,363.7320911929231,5.0842673796791455
978.44,121.71318327974278,363.7320911929231,-480.9000000000001
323.26,283.1751351351351,363.7320911929231,18.41794117647059
151.13,20.140000000000015,363.7320911929231,5.649295550847458
138.48,381.89819935691315,363.7320911929231,694.994625
259.64,0.0,363.7320911929231,5.0842673796791455
159.31,187.98075657894734,363.7320911929231,2.9732515337423315
2310.12,123.14413793103449,363.7320911929231,0.0
5060.0,155.76687499999994,363.7320911929231,715.124375
2242.9,187.98075657894734,363.7320911929231,332.426829268293
827.98,133.17636363636365,363.7320911929231,41.924557021677664
26316.0,22509.083333333332,363.7320911929231,14714.00484848485
403.36,-58.02000000000004,363.7320911929231,5.649295550847458
235.95,381.89819935691315,363.7320911929231,2.9732515337423315
280.75,-25.22,363.7320911929231,41.924557021677664
1948.25,-482.8399999999999,363.7320911929231,5.649295550847458
384.32,0.0,363.7320911929231,0.0
599.0,270.7600688705234,363.7320911929231,5.0842673796791455
1006.99,436.0999999999999,363.7320911929231,5.649295550847458
1344.78,215.1169805194805,363.7320911929231,32.15372393247269
2123.7,0.0,363.7320911929231,1537.8174226804128
150.92,0.0,363.7320911929231,23.371704545454545
194.88,-40.225445544554454,363.7320911929231,5.649295550847458
341.8,215.1169805194805,363.7320911929231,5.649295550847458
196.94,121.08398843930635,363.7320911929231,5.649295550847458
1304.62,127.5200000000002,363.7320911929231,614.4600000000002
473.0,0.0,363.7320911929231,233.79176470588237
1183.7,6.639999999999873,363.7320911929231,41.924557021677664
670.9,-10.89734042553192,363.7320911929231,5.0842673796791455
1001.69,7.646978021978025,363.7320911929231,32.15372393247269
1422.37,115.62000000000012,363.7320911929231,41.924557021677664
781.85,6.324500000000002,363.7320911929231,5.0842673796791455
172.22,956.9821886792453,363.7320911929231,2.9732515337423315
348.06,7.646978021978025,363.7320911929231,5.649295550847458
3563.5,0.0,363.7320911929231,0.0
5535.0,204.78,363.7320911929231,669.1571205357143
226.16,106.38125,363.7320911929231,5.649295550847458
1200.14,149.50630630630627,363.7320911929231,32.15372393247269
5028.0,121.77833333333335,363.7320911929231,174.47120879120877
13447.0,0.0,363.7320911929231,715.124375
6808.69,0.0,363.7320911929231,5.0842673796791455
363.89,-40.225445544554454,363.7320911929231,32.15372393247269
153.23,115.06428571428569,363.7320911929231,0.0
1641.66,263.1299999999999,363.7320911929231,41.924557021677664
768.76,6.324500000000002,363.7320911929231,5.0842673796791455
157.69,215.1169805194805,363.7320911929231,5.649295550847458
687.97,472.5091428571429,363.7320911929231,1471.4126865671642
768.0,270.7600688705234,363.7320911929231,1910.85
562.48,-31.50299212598425,363.7320911929231,5.0842673796791455
410.26,0.0,363.7320911929231,0.0
168.32,121.71318327974278,363.7320911929231,114.72216216216215
403.36,111.53585635359119,363.7320911929231,5.649295550847458
904.92,2390.8199999999997,363.7320911929231,1279.8325
1024.91,215.1169805194805,363.7320911929231,0.0
204.1,270.7600688705234,363.7320911929231,5.0842673796791455
165.0,381.89819935691315,363.7320911929231,159.6880821917808
2584.1,145.4,363.7320911929231,0.0
1007.97,187.98075657894734,363.7320911929231,41.924557021677664
450.65,456.47955974842785,363.7320911929231,5.649295550847458
1284.0,121.71318327974278,363.7320911929231,114.72216216216215
236.47,-12.324545454545458,363.7320911929231,5.649295550847458
2009.11,-72.5,363.7320911929231,41.924557021677664
274.39,22509.083333333332,363.7320911929231,0.0
846.59,-40.225445544554454,363.7320911929231,32.15372393247269
852.0,28.96202247191011,363.7320911929231,41.924557021677664
1750.0,270.7600688705234,363.7320911929231,669.1571205357143
722.0,111.53585635359119,363.7320911929231,472.0
2208.68,215.1169805194805,363.7320911929231,32.15372393247269
540.02,381.89819935691315,363.7320911929231,694.994625
1716.21,270.7600688705234,363.7320911929231,5.0842673796791455
8975.0,131.69444444444457,363.7320911929231,715.124375
297.0,121.71318327974278,363.7320911929231,114.72216216216215
1427.88,-133.94000000000003,363.7320911929231,41.924557021677664
665.47,0.0,363.7320911929231,5.0842673796791455
801.07,-31.50299212598425,363.7320911929231,5.0842673796791455
1540.0,0.1300000000001091,363.7320911929231,0.06500000000005456
265.91,508.83510752688176,363.7320911929231,18.41794117647059
1225.21,0.0,363.7320911929231,0.0
1709.56,339.9500000000003,363.7320911929231,41.924557021677664
209.88,34.743750000000006,363.7320911929231,13.04352941176471
2158.2,394.9200000000001,363.7320911929231,41.924557021677664
142.46,-12.324545454545458,363.7320911929231,2.9732515337423315
2400.0,287.41615384615386,363.7320911929231,233.79176470588237
902.86,0.0,363.7320911929231,248.22134969325154
7222.95,381.89819935691315,363.7320911929231,1085.1044444444444
516.96,0.0,363.7320911929231,5.649295550847458
637.06,6.324500000000002,363.7320911929231,5.0842673796791455
1032.3,7.646978021978025,363.7320911929231,32.15372393247269
908.47,187.98075657894734,363.7320911929231,16.512476190476193
280.75,-25.22,363.7320911929231,41.924557021677664
138.48,381.89819935691315,363.7320911929231,561.603076923077
252.97,145.4,363.7320911929231,32.15372393247269
902.86,76.86607142857143,363.7320911929231,248.22134969325154
2067.0,195.75224913494807,363.7320911929231,248.22134969325154
234.78,137.48202702702702,363.7320911929231,0.0
241.23,7.646978021978025,363.7320911929231,5.649295550847458
220.89,883.5747142857142,363.7320911929231,5.649295550847458
293.5,0.0,363.7320911929231,0.0
153.01,76.86607142857143,363.7320911929231,5.649295550847458
2998.34,0.0,363.7320911929231,174.47120879120877
1360.54,117.40000000000008,363.7320911929231,41.924557021677664
640.18,-12.324545454545458,363.7320911929231,5.649295550847458
685.76,283.1751351351351,363.7320911929231,-30.0
1750.07,456.47955974842785,363.7320911929231,0.0
304.0,544.0854679802956,363.7320911929231,14.872403100775186
495.59,270.7600688705234,363.7320911929231,669.1571205357143
1264.9,270.7600688705234,363.7320911929231,5.0842673796791455
1991.71,111.53585635359119,363.7320911929231,41.924557021677664
561.91,0.0,363.7320911929231,5.0842673796791455
3546.94,262.1247727272727,363.7320911929231,174.47120879120877
454.27,121.08398843930635,363.7320911929231,0.0
581.65,11.06000000000006,363.7320911929231,41.924557021677664
971.96,-31.50299212598425,363.7320911929231,-189.68178571428575
1043.63,265.61896265560165,363.7320911929231,635.6234693877551
842.0,28.96202247191011,363.7320911929231,55.73203703703703
735.2,195.75224913494807,363.7320911929231,248.22134969325154
152.93,201.01747572815538,363.7320911929231,5.649295550847458
496.64,0.0,363.7320911929231,5.649295550847458
744.49,155.76687499999994,363.7320911929231,241.09153846153842
1189.0,353.0,363.7320911929231,83.60526315789474
2281.94,918.06,363.7320911929231,669.1571205357143
461.23,7.646978021978025,363.7320911929231,5.649295550847458
963.0,15.677083333333327,363.7320911929231,29.266851851851854
262.76,381.89819935691315,363.7320911929231,13.04352941176471
477.86,351.42589473684217,363.7320911929231,5.0842673796791455
256.16,0.0,363.7320911929231,571.6111111111111
307.11,315.531675,363.7320911929231,54.444366197183115
1957.05,0.0,363.7320911929231,0.0
711.94,508.83510752688176,363.7320911929231,32.15372393247269
720.4,6.324500000000002,363.7320911929231,5.0842673796791455
1382.0,0.0,363.7320911929231,174.47120879120877
2838.86,121.71318327974278,363.7320911929231,51.05647058823524
2208.68,254.34000000000017,363.7320911929231,41.924557021677664
1754.84,412.5499999999999,363.7320911929231,41.924557021677664
498.7,448.3261538461539,363.7320911929231,211.46791666666672
157.62,0.0,363.7320911929231,5.649295550847458
2155.95,-60.51692307692301,363.7320911929231,32.15372393247269
393.54,121.71318327974278,363.7320911929231,1910.85
1183.23,262.1247727272727,363.7320911929231,41.924557021677664
305.19,195.75224913494807,363.7320911929231,0.0
860.37,270.7600688705234,363.7320911929231,5.0842673796791455
191.56,56.79416988416988,363.7320911929231,2.9732515337423315
4500.0,88.62431952662725,363.7320911929231,0.0
250.0,385.21,363.7320911929231,141.12833333333333
673.27,351.42589473684217,363.7320911929231,5.0842673796791455
405.2,215.1169805194805,363.7320911929231,0.0
297.88,486.77029069767445,363.7320911929231,0.0
3733.0,562.0,363.7320911929231,464.6008888888889
3807.77,187.98075657894734,363.7320911929231,5771.8099999999995
260.12,111.53585635359119,363.7320911929231,1910.85
4027.53,844.9900000000002,363.7320911929231,1279.8325
511.02,270.7600688705234,363.7320911929231,5.0842673796791455
1086.3,0.0,363.7320911929231,5.649295550847458
682.9,44.02999999999997,363.7320911929231,669.1571205357143
603.92,0.0,363.7320911929231,5.649295550847458
1754.84,177.61824742268038,363.7320911929231,41.924557021677664
154.28,956.9821886792453,363.7320911929231,114.72216216216215
384.32,486.77029069767445,363.7320911929231,0.0
938.29,283.1751351351351,363.7320911929231,3921.7854545454543
1264.0,757.51,363.7320911929231,247.81440000000003
249.43,315.531675,363.7320911929231,185.61302013422815
912.5,0.0,363.7320911929231,5.649295550847458
1632.93,-207.5,363.7320911929231,41.924557021677664
5535.0,204.78,363.7320911929231,669.1571205357143
1035.16,381.89819935691315,363.7320911929231,694.994625
403.22,0.0,363.7320911929231,5.649295550847458
1319.42,28.96202247191011,363.7320911929231,32.15372393247269
34627.0,260.3768181818182,363.7320911929231,159.6880821917808
587.97,111.53585635359119,363.7320911929231,5.649295550847458
4243.64,0.0,363.7320911929231,0.0
340.15,195.75224913494807,363.7320911929231,1910.85
183.18,76.86607142857143,363.7320911929231,0.0
625.58,88.62431952662725,363.7320911929231,32.15372393247269
349.75,123.14413793103449,363.7320911929231,635.6234693877551
177.18,248.87452991452994,363.7320911929231,32.15372393247269
1264.9,270.7600688705234,363.7320911929231,5.0842673796791455
478.83,381.89819935691315,363.7320911929231,5.649295550847458
173.65,270.7600688705234,363.7320911929231,5.649295550847458
1007.0,204.78,363.7320911929231,174.47120879120877
1167.52,706.06,363.7320911929231,41.924557021677664
1712.0,270.7600688705234,363.7320911929231,456.69565217391306
592.61,456.47955974842785,363.7320911929231,0.0
1666.0,552.0,363.7320911929231,174.47120879120877
736.13,486.77029069767445,363.7320911929231,2707.9079166666666
1616.97,223.70475409836064,363.7320911929231,41.924557021677664
2449.91,56.76999999999998,363.7320911929231,694.994625
320.47,265.61896265560165,363.7320911929231,18.41794117647059
2887.11,0.0,363.7320911929231,248.22134969325154
1317.6,223.70475409836064,363.7320911929231,41.924557021677664
154.49,0.0,363.7320911929231,5.649295550847458
386.51,270.7600688705234,363.7320911929231,5.0842673796791455
1388.7,-321.84000000000015,363.7320911929231,41.924557021677664
292.63,0.0,363.7320911929231,5.649295550847458
957.09,115.06428571428569,363.7320911929231,5.649295550847458
310.76,351.42589473684217,363.7320911929231,5.0842673796791455
307.11,315.531675,363.7320911929231,54.444366197183115
819.48,-40.225445544554454,363.7320911929231,74.02
238.78,121.08398843930635,363.7320911929231,5.649295550847458
2628.0,175.0411904761905,363.7320911929231,14.112676056338028
1043.63,0.0,363.7320911929231,635.6234693877551
1359.81,0.0,363.7320911929231,41.924557021677664
240.0,0.0,363.7320911929231,14.112676056338028
369.39,0.0,363.7320911929231,5.649295550847458
300.15,121.08398843930635,363.7320911929231,114.72216216216215
388.93,-47.24000000000001,363.7320911929231,5.649295550847458
402.01,56.79416988416988,363.7320911929231,2.9732515337423315
8324.28,18.0,363.7320911929231,1537.8174226804128
4027.53,844.9900000000002,363.7320911929231,1279.8325
12366.0,11537.5,363.7320911929231,669.1571205357143
1499.12,0.0,363.7320911929231,41.924557021677664
1981.07,700.4100000000001,363.7320911929231,41.924557021677664
365.21,0.0,363.7320911929231,5.649295550847458
1915.99,106.38125,363.7320911929231,32.15372393247269
382.1,270.7600688705234,363.7320911929231,5.649295550847458
1602.89,-179.0,363.7320911929231,41.924557021677664
838.68,111.53585635359119,363.7320911929231,41.924557021677664
2212.0,0.0,363.7320911929231,3.9130434782608696
154.73,175.0411904761905,363.7320911929231,0.0
8797.0,2459.0,363.7320911929231,669.1571205357143
1746.45,104.04144736842105,363.7320911929231,41.924557021677664
1272.71,115.06428571428569,363.7320911929231,32.15372393247269
1187.47,78.0,363.7320911929231,41.924557021677664
496.47,456.47955974842785,363.7320911929231,5.649295550847458
1006.99,436.0999999999999,363.7320911929231,5.649295550847458
3860.35,883.5747142857142,363.7320911929231,2111.4774074074076
1000.27,270.7600688705234,363.7320911929231,5.0842673796791455
955.49,248.87452991452994,363.7320911929231,32.15372393247269
1313.28,0.0,363.7320911929231,5.0842673796791455
706.41,46.110000000000014,363.7320911929231,41.924557021677664
693.97,149.50630630630627,363.7320911929231,5.0842673796791455
398.4,88.62431952662725,363.7320911929231,5.649295550847458
286.72,270.7600688705234,363.7320911929231,5.0842673796791455
615.78,365.86,363.7320911929231,41.924557021677664
1183.23,201.95800000000003,363.7320911929231,32.15372393247269
1540.0,0.1300000000001091,363.7320911929231,0.06500000000005456
241.23,56.79416988416988,363.7320911929231,5.649295550847458
1142.62,0.0,363.7320911929231,5.649295550847458
386.49,56.79416988416988,363.7320911929231,5.649295550847458
1265.37,145.4,363.7320911929231,0.0
17195.0,0.0,363.7320911929231,1228.6439795918368
471.0,260.3768181818182,363.7320911929231,74.02
402.0,195.75224913494807,363.7320911929231,1258.623466666667
645.63,508.83510752688176,363.7320911929231,32.15372393247269
2026.05,-10.89734042553192,363.7320911929231,5.0842673796791455
2658.34,520.001304347826,363.7320911929231,669.1571205357143
459.49,123.14413793103449,363.7320911929231,0.0
1912.17,201.01747572815538,363.7320911929231,41.924557021677664
241.52,252.6989830508475,363.7320911929231,5.0842673796791455
906.47,351.42589473684217,363.7320911929231,-294.73
468.0,88.62431952662725,363.7320911929231,2097.7239999999997
238.66,-60.51692307692301,363.7320911929231,41.924557021677664
401.74,260.3768181818182,363.7320911929231,41.924557021677664
2026.05,-10.89734042553192,363.7320911929231,5.0842673796791455
904.04,0.0,363.7320911929231,5.0842673796791455
2139.44,956.9821886792453,363.7320911929231,0.0
256.66,456.47955974842785,363.7320911929231,5.0842673796791455
927.22,246.44000000000003,363.7320911929231,41.924557021677664
649.6,0.0,363.7320911929231,5.649295550847458
15767.0,0.0,363.7320911929231,211.46791666666672
750.81,956.9821886792453,363.7320911929231,41.924557021677664
382.29,123.14413793103449,363.7320911929231,571.6111111111111
860.37,149.50630630630627,363.7320911929231,5.0842673796791455
255.97,1224.73,363.7320911929231,1085.1044444444444
752.89,6.324500000000002,363.7320911929231,5.0842673796791455
1299.0,311.55612903225807,363.7320911929231,112.65000000000002
280.57,0.0,363.7320911929231,5.649295550847458
302.88,-74.12222222222222,363.7320911929231,5.649295550847458
1340.15,115.06428571428569,363.7320911929231,32.15372393247269
816.79,283.1751351351351,363.7320911929231,5.0842673796791455
2139.44,956.9821886792453,363.7320911929231,0.0
12020.32,88.62431952662725,363.7320911929231,717.158095238095
150.86,121.71318327974278,363.7320911929231,41.924557021677664
711.01,381.89819935691315,363.7320911929231,0.0
211.94,0.0,363.7320911929231,41.97798701298701
842.25,-12.324545454545458,363.7320911929231,0.0
2555.5,-12.324545454545458,363.7320911929231,32.15372393247269
262.0,486.77029069767445,363.7320911929231,0.0
1113.02,472.5091428571429,363.7320911929231,41.924557021677664
676.89,201.01747572815538,363.7320911929231,3.5972222222222223
243.52,187.98075657894734,363.7320911929231,16.512476190476193
235.9,215.1169805194805,363.7320911929231,0.0
1693.81,121.71318327974278,363.7320911929231,0.0
435.0,4749.373428571428,363.7320911929231,689.6153846153846
8200.71,248.87452991452994,363.7320911929231,2707.9079166666666
237.79,883.5747142857142,363.7320911929231,5.649295550847458
193.16,0.0,363.7320911929231,5.649295550847458
1972.94,-29.670000000000073,363.7320911929231,41.924557021677664
861.37,201.01747572815538,363.7320911929231,18.41794117647059
1319.55,270.7600688705234,363.7320911929231,5.0842673796791455
4546.26,53.03571428571427,363.7320911929231,174.47120879120877
189.0,106.38125,363.7320911929231,141.12833333333333
442.54,27.634043715847,363.7320911929231,5.0842673796791455
397.44,132.68696,363.7320911929231,5.649295550847458
255.37,175.0411904761905,363.7320911929231,0.0
328.3,0.0,363.7320911929231,18.41794117647059
410.26,0.0,363.7320911929231,0.0
200.0,315.531675,363.7320911929231,13.04352941176471
12020.32,315.531675,363.7320911929231,717.158095238095
1504.8,187.98075657894734,363.7320911929231,41.924557021677664
364.0,115.06428571428569,363.7320911929231,669.1571205357143
520.0,28.96202247191011,363.7320911929231,0.0
467.79,270.7600688705234,363.7320911929231,5.0842673796791455
1378.0,265.61896265560165,363.7320911929231,421.2039097744361
726.9,-10.89734042553192,363.7320911929231,5.0842673796791455
1331.3,486.77029069767445,363.7320911929231,2707.9079166666666
2047.4,0.0,363.7320911929231,464.6008888888889
190.0,121.71318327974278,363.7320911929231,114.72216216216215
31876.39,456.47955974842785,363.7320911929231,3403.419032258065
1928.0,121.08398843930635,363.7320911929231,114.72216216216215
246.0,-12.324545454545458,363.7320911929231,0.0
328.3,175.0411904761905,363.7320911929231,18.41794117647059
359.86,0.0,363.7320911929231,5.0842673796791455
1875.72,121.71318327974278,363.7320911929231,0.0
735.2,106.38125,363.7320911929231,398.3342857142857
495.16,195.75224913494807,363.7320911929231,5.649295550847458
1030.65,536.2475000000001,363.7320911929231,669.1571205357143
335.75,381.89819935691315,363.7320911929231,0.0
174.43,0.0,363.7320911929231,5.0842673796791455
1796.02,544.0854679802956,363.7320911929231,174.47120879120877
216.55,187.98075657894734,363.7320911929231,2.9732515337423315
686.03,-31.50299212598425,363.7320911929231,5.0842673796791455
348.06,7.646978021978025,363.7320911929231,5.649295550847458
1195.0,0.0,363.7320911929231,247.81440000000003
297.0,121.08398843930635,363.7320911929231,649.5546153846153
698.4,315.531675,363.7320911929231,32.15372393247269
349.29,0.0,363.7320911929231,5.649295550847458
204.12,351.42589473684217,363.7320911929231,5.0842673796791455
1210.12,175.0411904761905,363.7320911929231,-0.001315789473683013
702.1,133.17636363636365,363.7320911929231,5.649295550847458
456.07,1200.7358333333332,363.7320911929231,760.053
195.14,351.42589473684217,363.7320911929231,5.0842673796791455
2165.23,-645.6300000000001,363.7320911929231,41.924557021677664
186.21,0.0,363.7320911929231,114.72216216216215
510.85,0.0,363.7320911929231,16.512476190476193
2429.52,-46.690000000000055,363.7320911929231,41.924557021677664
535.03,270.7600688705234,363.7320911929231,5.649295550847458
768.76,6.324500000000002,363.7320911929231,5.0842673796791455
348.31,177.61824742268038,363.7320911929231,0.0
1729.68,56.79416988416988,363.7320911929231,0.0011764705882609705
259.64,145.4,363.7320911929231,5.0842673796791455
1272.97,544.0854679802956,363.7320911929231,41.924557021677664
1923.81,0.0,363.7320911929231,0.0
10228.0,1179.0,363.7320911929231,669.1571205357143
1141.67,15.639999999999873,363.7320911929231,5.649295550847458
554.66,252.6989830508475,363.7320911929231,5.0842673796791455
824.0,195.75224913494807,363.7320911929231,0.0
256.04,351.42589473684217,363.7320911929231,5.0842673796791455
3546.94,0.0,363.7320911929231,174.47120879120877
2281.94,260.3768181818182,363.7320911929231,669.1571205357143
1171.0,132.68696,363.7320911929231,113.0609756097561
165.13,260.3768181818182,363.7320911929231,159.6880821917808
317.22,508.83510752688176,363.7320911929231,5.649295550847458
179.86,106.38125,363.7320911929231,5.649295550847458
861.37,0.0,363.7320911929231,18.41794117647059
258.53,137.48202702702702,363.7320911929231,2.9732515337423315
1948.25,-12.324545454545458,363.7320911929231,5.649295550847458
938.29,283.1751351351351,363.7320911929231,3921.7854545454543
736.13,213.74,363.7320911929231,2707.9079166666666
43129.0,36330.0,363.7320911929231,1910.85
8797.0,381.89819935691315,363.7320911929231,669.1571205357143
209.88,34.743750000000006,363.7320911929231,13.04352941176471
164.89,351.42589473684217,363.7320911929231,5.0842673796791455
1953.0,262.1247727272727,363.7320911929231,464.6008888888889
170.0,123.14413793103449,363.7320911929231,113.0609756097561
3860.35,883.5747142857142,363.7320911929231,2111.4774074074076
4144.41,394.0747826086957,363.7320911929231,185.61302013422815
1183.71,486.77029069767445,363.7320911929231,41.924557021677664
1262.43,456.47955974842785,363.7320911929231,5.0842673796791455
1000.0,175.0411904761905,363.7320911929231,83.60526315789474
184.89,-0.0005714285713890743,363.7320911929231,5.0842673796791455
210.0,51.62951923076919,363.7320911929231,0.0
899.45,0.0,363.7320911929231,5.0842673796791455
909.84,7.646978021978025,363.7320911929231,32.15372393247269
907.03,-90.90999999999995,363.7320911929231,41.924557021677664
566.1,0.0,363.7320911929231,5.649295550847458
277.0,270.7600688705234,363.7320911929231,1910.85
1095.88,56.79416988416988,363.7320911929231,760.053
216.53,486.77029069767445,363.7320911929231,5.649295550847458
720.72,6.324500000000002,363.7320911929231,5.0842673796791455
228.72,0.0,363.7320911929231,5.0842673796791455
980.21,133.17636363636365,363.7320911929231,5.649295550847458
625.64,270.7600688705234,363.7320911929231,5.0842673796791455
1019.97,508.83510752688176,363.7320911929231,5.649295550847458
1010.0,97.0,363.7320911929231,14.112676056338028
520.0,28.96202247191011,363.7320911929231,0.0
9265.0,0.0,363.7320911929231,669.1571205357143
223.46,0.0,363.7320911929231,5.649295550847458
1181.76,176.97000000000003,363.7320911929231,41.924557021677664
481.03,0.0,363.7320911929231,669.1571205357143
3546.94,262.1247727272727,363.7320911929231,174.47120879120877
1181.76,88.62431952662725,363.7320911929231,32.15372393247269
1525.52,76.86607142857143,363.7320911929231,32.15372393247269
222.61,0.0,363.7320911929231,5.649295550847458
2343.64,121.71318327974278,363.7320911929231,0.0
1105.23,121.71318327974278,363.7320911929231,41.97798701298701
381.01,0.0,363.7320911929231,5.0842673796791455
764.02,88.62431952662725,363.7320911929231,32.15372393247269
260.12,111.53585635359119,363.7320911929231,1910.85
225.17,0.0,363.7320911929231,5.649295550847458
1882.93,76.86607142857143,363.7320911929231,32.15372393247269
1221.41,0.0,363.7320911929231,332.426829268293
328.3,175.0411904761905,363.7320911929231,18.41794117647059
1230.27,187.98075657894734,363.7320911929231,16.512476190476193
4835.0,175.0411904761905,363.7320911929231,715.124375
1425.98,7.646978021978025,363.7320911929231,32.15372393247269
307.11,315.531675,363.7320911929231,0.0
383.84,0.0,363.7320911929231,332.426829268293
1759.82,14.5,363.7320911929231,41.924557021677664
3029.0,0.0199999999999818,363.7320911929231,0.01499999999998635
2281.94,918.06,363.7320911929231,669.1571205357143
292.76,145.4,363.7320911929231,5.649295550847458
644.45,248.87452991452994,363.7320911929231,5.649295550847458
237.52,270.7600688705234,363.7320911929231,0.0
444.21,123.14413793103449,363.7320911929231,41.924557021677664
599.0,270.7600688705234,363.7320911929231,5.0842673796791455
7254.37,187.98075657894734,363.7320911929231,16.512476190476193
968.05,219.1400000000001,363.7320911929231,41.924557021677664
2222.53,0.0,363.7320911929231,0.0
881.74,637.79,363.7320911929231,41.924557021677664
2211.29,0.0,363.7320911929231,174.47120879120877
204.12,351.42589473684217,363.7320911929231,5.0842673796791455
2899.77,121.45375000000001,363.7320911929231,41.924557021677664
257.97,121.71318327974278,363.7320911929231,0.0199999999999818
325.0,132.68696,363.7320911929231,141.12833333333333
262.37,81.39999999999998,363.7320911929231,5.649295550847458
14788.1,265.61896265560165,363.7320911929231,1634.2714285714285
1481.87,0.0,363.7320911929231,41.924557021677664
235.95,381.89819935691315,363.7320911929231,2.9732515337423315
2018.0,-6.881538461538464,363.7320911929231,0.06500000000005456
890.33,270.7600688705234,363.7320911929231,5.0842673796791455
454.27,121.08398843930635,363.7320911929231,0.0
706.41,46.110000000000014,363.7320911929231,41.924557021677664
226.32,106.38125,363.7320911929231,32.15372393247269
441.41,456.47955974842785,363.7320911929231,5.0842673796791455
530.2,88.62431952662725,363.7320911929231,5.649295550847458
15530.0,576.0,363.7320911929231,1228.6439795918368
164.89,351.42589473684217,363.7320911929231,5.0842673796791455
14810.0,106.38125,363.7320911929231,669.1571205357143
297.25,27.634043715847,363.7320911929231,5.649295550847458
1281.47,62.043461538461536,363.7320911929231,41.924557021677664
538.0,201.01747572815538,363.7320911929231,1910.85
764.57,187.98075657894734,363.7320911929231,16.512476190476193
837.61,-13.680000000000064,363.7320911929231,41.924557021677664
747.0,544.0854679802956,363.7320911929231,6.500000000000007
743.73,381.89819935691315,363.7320911929231,1085.1044444444444
1564.23,28.96202247191011,363.7320911929231,32.15372393247269
533.76,0.0,363.7320911929231,5.649295550847458
2913.0,7.646978021978025,363.7320911929231,184.53666666666672
1245.33,106.38125,363.7320911929231,32.15372393247269
676.18,270.7600688705234,363.7320911929231,5.0842673796791455
153.79,381.89819935691315,363.7320911929231,5.649295550847458
1319.75,111.53585635359119,363.7320911929231,29.266851851851854
1081.15,270.7600688705234,363.7320911929231,5.0842673796791455
1331.3,248.87452991452994,363.7320911929231,2707.9079166666666
241.52,0.0,363.7320911929231,5.0842673796791455
323.26,283.1751351351351,363.7320911929231,18.41794117647059
325.0,132.68696,363.7320911929231,141.12833333333333
613.65,0.0,363.7320911929231,5.649295550847458
980.45,-12.324545454545458,363.7320911929231,669.1571205357143
1030.65,287.41615384615386,363.7320911929231,669.1571205357143
541.58,248.87452991452994,363.7320911929231,32.15372393247269
264.14,115.06428571428569,363.7320911929231,5.649295550847458
3250.0,24.57199999999999,363.7320911929231,60.10700000000001
260.12,0.0,363.7320911929231,1910.85
289.46,270.7600688705234,363.7320911929231,0.0
1449.44,351.42589473684217,363.7320911929231,372.7999999999999
197.26,883.5747142857142,363.7320911929231,5.649295550847458
293.5,270.7600688705234,363.7320911929231,0.0
497.09,0.0,363.7320911929231,5.0842673796791455
4526.12,201.01747572815538,363.7320911929231,3403.419032258065
801.07,-31.50299212598425,363.7320911929231,5.0842673796791455
1441.26,1020.9,363.7320911929231,772.0536842105263
230.41,0.0,363.7320911929231,16.512476190476193
1020.42,0.0,363.7320911929231,16.512476190476193
1000.0,-189.98,363.7320911929231,114.72216216216215
842.0,223.70475409836064,363.7320911929231,192.9492857142857
691.81,508.83510752688176,363.7320911929231,5.649295550847458
335.97,123.14413793103449,363.7320911929231,0.0
23136.0,381.89819935691315,363.7320911929231,13028.833333333334
686.03,-31.50299212598425,363.7320911929231,5.0842673796791455
1877.47,-1284.62,363.7320911929231,41.924557021677664
1381.84,1483.72,363.7320911929231,1228.6439795918368
198.7,270.7600688705234,363.7320911929231,669.1571205357143
2329.45,267.17,363.7320911929231,669.1571205357143
504.76,351.42589473684217,363.7320911929231,5.0842673796791455
6964.33,76.86607142857143,363.7320911929231,16.512476190476193
2585.0,0.0,363.7320911929231,3.5972222222222223
222.77,0.0,363.7320911929231,5.0842673796791455
693.97,270.7600688705234,363.7320911929231,5.0842673796791455
682.9,270.7600688705234,363.7320911929231,669.1571205357143
3545.0,0.0,363.7320911929231,72.1
356.65,270.7600688705234,363.7320911929231,5.0842673796791455
230.45,283.1751351351351,363.7320911929231,5.0842673796791455
1449.44,351.42589473684217,363.7320911929231,372.7999999999999
2115.44,175.0411904761905,363.7320911929231,41.97798701298701
369.39,381.89819935691315,363.7320911929231,5.649295550847458
2978.0,883.5747142857142,363.7320911929231,1228.6439795918368
28466.0,22509.083333333332,363.7320911929231,14714.00484848485
687.97,873.24,363.7320911929231,1471.4126865671642
12333.57,131.69444444444457,363.7320911929231,248.22134969325154
998.71,56.79416988416988,363.7320911929231,0.0011764705882609705
421.15,0.0,363.7320911929231,5.649295550847458
1390.92,36.50999999999999,363.7320911929231,41.924557021677664
8146.21,0.0,363.7320911929231,0.0
515.69,0.0,363.7320911929231,5.649295550847458
219.18,111.53585635359119,363.7320911929231,18.41794117647059
827.0,223.70475409836064,363.7320911929231,159.6880821917808
173.14,166.32,363.7320911929231,174.47120879120877
5366.27,121.08398843930635,363.7320911929231,-480.9000000000001
2423.0,0.0,363.7320911929231,174.47120879120877
1307.16,132.68696,363.7320911929231,32.15372393247269
688.74,544.0854679802956,363.7320911929231,174.47120879120877
389.35,195.75224913494807,363.7320911929231,1910.85
1444.94,108.81999999999994,363.7320911929231,41.924557021677664
277.0,270.7600688705234,363.7320911929231,1910.85
2227.0,338.7142857142857,363.7320911929231,174.47120879120877
216.68,0.0,363.7320911929231,5.0842673796791455
758.0,111.53585635359119,363.7320911929231,5.730666666666669
752.3,315.531675,363.7320911929231,32.15372393247269
184.89,-0.0005714285713890743,363.7320911929231,5.0842673796791455
561.74,111.53585635359119,363.7320911929231,2.9732515337423315
384.0,51.62951923076919,363.7320911929231,0.0
702.52,-13.702777777777762,363.7320911929231,41.924557021677664
165.0,381.89819935691315,363.7320911929231,159.6880821917808
748.0,0.0,363.7320911929231,114.72216216216215
2379.84,267.17,363.7320911929231,669.1571205357143
494.52,-64.82,363.7320911929231,-42.132999999999996
688.74,544.0854679802956,363.7320911929231,174.47120879120877
300.68,215.1169805194805,363.7320911929231,32.15372393247269
1400.0,381.89819935691315,363.7320911929231,0.0
442.54,20.863030303030303,363.7320911929231,5.0842673796791455
1390.0,544.0854679802956,363.7320911929231,5.730666666666669
1842.25,76.86607142857143,363.7320911929231,174.47120879120877
225.71,6.324500000000002,363.7320911929231,669.1571205357143
211.7,351.42589473684217,363.7320911929231,5.0842673796791455
1438.74,115.06428571428569,363.7320911929231,32.15372393247269
561.74,111.53585635359119,363.7320911929231,2.9732515337423315
2526.47,0.0,363.7320911929231,760.053
410.68,0.0,363.7320911929231,5.0842673796791455
493.42,283.1751351351351,363.7320911929231,5.0842673796791455
336.89,-35.75999999999999,363.7320911929231,14714.00484848485
226.32,0.0,363.7320911929231,5.0842673796791455
1516.45,364.80999999999995,363.7320911929231,136.80374999999998
1092.18,508.83510752688176,363.7320911929231,32.15372393247269
286.72,0.0,363.7320911929231,5.0842673796791455
796.97,0.0,363.7320911929231,5.649295550847458
370.0,0.0,363.7320911929231,0.0
1533.87,258.6600000000001,363.7320911929231,41.924557021677664
488.29,88.62431952662725,363.7320911929231,174.47120879120877
1479.72,88.46000000000004,363.7320911929231,41.924557021677664
656.0,-10.89734042553192,363.7320911929231,159.6880821917808
389.35,195.75224913494807,363.7320911929231,1910.85
334.0,315.531675,363.7320911929231,174.47120879120877
384.57,175.0411904761905,363.7320911929231,16.512476190476193
2842.0,265.61896265560165,363.7320911929231,421.2039097744361
1444.94,187.98075657894734,363.7320911929231,41.924557021677664
369.0,0.0,363.7320911929231,174.47120879120877
995.04,64.16000000000008,363.7320911929231,5.649295550847458
5111.33,1588.67,363.7320911929231,174.47120879120877
734.0,0.0099999999999909,363.7320911929231,55.73203703703703
1882.93,76.86607142857143,363.7320911929231,32.15372393247269
613.65,115.06428571428569,363.7320911929231,5.649295550847458
4754.42,4038.3692307692304,363.7320911929231,174.47120879120877
407.0,-12.324545454545458,363.7320911929231,55.73203703703703
535.03,0.0,363.7320911929231,5.649295550847458
870.95,331.8455357142857,363.7320911929231,5.649295550847458
2954.53,381.89819935691315,363.7320911929231,2.127659574468085
4679.0,215.1169805194805,363.7320911929231,3.9130434782608696
1358.77,0.0,363.7320911929231,41.924557021677664
1292.0,1496.022692307692,363.7320911929231,-189.68178571428575
521.21,-51.53000000000003,363.7320911929231,41.924557021677664
609.43,956.9821886792453,363.7320911929231,41.924557021677664
1876.0,0.0,363.7320911929231,421.2039097744361
500.88,0.0,363.7320911929231,5.0842673796791455
1028.0,486.77029069767445,363.7320911929231,247.81440000000003
1258.13,0.0,363.7320911929231,5.0842673796791455
209.33,-10.89734042553192,363.7320911929231,185.61302013422815
4060.0,270.7600688705234,363.7320911929231,1537.8174226804128
253.65,175.0411904761905,363.7320911929231,0.0
258.34,508.83510752688176,363.7320911929231,3.9130434782608696
10228.0,2179.0,363.7320911929231,669.1571205357143
338.38,145.4,363.7320911929231,5.649295550847458
1142.6,486.77029069767445,363.7320911929231,41.924557021677664
201.1,114.68700000000001,363.7320911929231,41.924557021677664
313.56,115.06428571428569,363.7320911929231,5.649295550847458
412.3,270.7600688705234,363.7320911929231,669.1571205357143
474.23,0.0,363.7320911929231,0.0
4051.8,215.1169805194805,363.7320911929231,32.15372393247269
687.97,472.5091428571429,363.7320911929231,1471.4126865671642
416.07,956.9821886792453,363.7320911929231,41.924557021677664
1006.45,210.95000000000005,363.7320911929231,135.61071428571432
4754.42,4038.3692307692304,363.7320911929231,174.47120879120877
16654.0,111.53585635359119,363.7320911929231,3.5972222222222223
3029.0,0.0199999999999818,363.7320911929231,0.01499999999998635
255.69,0.0,363.7320911929231,18.41794117647059
328.29,88.62431952662725,363.7320911929231,1910.85
1352.53,381.89819935691315,363.7320911929231,1085.1044444444444
579.63,0.0,363.7320911929231,5.0842673796791455
609.0,175.0411904761905,363.7320911929231,1910.85
1216.0,1006.0,363.7320911929231,248.22134969325154
264.84,110.92583333333334,363.7320911929231,5.0842673796791455
369.39,0.0,363.7320911929231,5.649295550847458
1473.0,195.75224913494807,363.7320911929231,248.22134969325154
228.64,381.89819935691315,363.7320911929231,0.0
2565.0,265.61896265560165,363.7320911929231,421.2039097744361
2177.54,-114.80000000000018,363.7320911929231,41.924557021677664
438.44,0.0,363.7320911929231,5.0842673796791455
609.0,175.0411904761905,363.7320911929231,1910.85
867.09,0.0,363.7320911929231,5.0842673796791455
1524.71,381.89819935691315,363.7320911929231,32.15372393247269
2531.99,265.61896265560165,363.7320911929231,41.924557021677664
2478.23,56.79416988416988,363.7320911929231,1648.9999999999995
2140.0,839.0,363.7320911929231,113.0609756097561
398.48,265.61896265560165,363.7320911929231,5.649295550847458
886.69,248.87452991452994,363.7320911929231,5.649295550847458
473.0,0.0,363.7320911929231,233.79176470588237
4535.99,0.0,363.7320911929231,0.0
253.78,381.89819935691315,363.7320911929231,5.649295550847458
516.88,270.7600688705234,363.7320911929231,5.0842673796791455
867.09,6.324500000000002,363.7320911929231,5.0842673796791455
383.84,0.0,363.7320911929231,332.426829268293
355.0,121.71318327974278,363.7320911929231,226.0
687.77,76.86607142857143,363.7320911929231,32.15372393247269
1167.55,315.531675,363.7320911929231,174.47120879120877
838.43,0.0,363.7320911929231,5.649295550847458
1101.79,110.47000000000004,363.7320911929231,41.924557021677664
380.47,15.677083333333327,363.7320911929231,29.266851851851854
314.06,283.1751351351351,363.7320911929231,5.360526315789475
720.4,6.324500000000002,363.7320911929231,5.0842673796791455
495.0,330.0,363.7320911929231,760.053
792.89,215.1169805194805,363.7320911929231,767.001
493.42,283.1751351351351,363.7320911929231,5.0842673796791455
614.0,770.1600000000001,363.7320911929231,248.22134969325154
592.61,456.47955974842785,363.7320911929231,0.0
325.0,20.863030303030303,363.7320911929231,141.12833333333333
338.38,145.4,363.7320911929231,5.649295550847458
1216.0,195.75224913494807,363.7320911929231,248.22134969325154
939.17,-23.697499999999962,363.7320911929231,41.924557021677664
562.48,-31.50299212598425,363.7320911929231,5.0842673796791455
510.85,187.98075657894734,363.7320911929231,16.512476190476193
587.97,0.0,363.7320911929231,5.649295550847458
1549.0,175.0411904761905,363.7320911929231,18.41794117647059
1810.56,472.5091428571429,363.7320911929231,1471.4126865671642
392.51,472.5091428571429,363.7320911929231,62.26999999999998
1457.59,270.7600688705234,363.7320911929231,5.0842673796791455
665.47,4749.373428571428,363.7320911929231,5.0842673796791455
808.99,121.08398843930635,363.7320911929231,233.79176470588237
423.15,0.0,363.7320911929231,5.649295550847458
500.0,56.79416988416988,363.7320911929231,889.8235294117648
355.79,20.863030303030303,363.7320911929231,5.0842673796791455
864.2,-19.81000000000006,363.7320911929231,41.924557021677664
153.01,76.86607142857143,363.7320911929231,5.649295550847458
2649.0,111.53585635359119,363.7320911929231,6.500000000000007
213.19,311.55612903225807,363.7320911929231,2.9732515337423315
766.51,28.96202247191011,363.7320911929231,32.15372393247269
722.0,111.53585635359119,363.7320911929231,472.0
1382.0,544.0854679802956,363.7320911929231,174.47120879120877
1923.81,0.0,363.7320911929231,0.0
768.0,270.7600688705234,363.7320911929231,1910.85
500.0,114.68700000000001,363.7320911929231,-58.0
987.1,-139.04000000000008,363.7320911929231,41.924557021677664
272.49,0.0,363.7320911929231,5.649295550847458
750.53,315.531675,363.7320911929231,41.924557021677664
920.47,121.08398843930635,363.7320911929231,32.15372393247269
749.08,114.68700000000001,363.7320911929231,-0.003103448275859245
421.65,-192.71,363.7320911929231,14714.00484848485
480.0,0.0,363.7320911929231,18.41794117647059
1953.0,1410.0,363.7320911929231,464.6008888888889
686.03,-31.50299212598425,363.7320911929231,5.0842673796791455
262.0,486.77029069767445,363.7320911929231,0.0
206.9,0.0,363.7320911929231,5.0842673796791455
382.1,270.7600688705234,363.7320911929231,5.649295550847458
8324.28,18.0,363.7320911929231,1537.8174226804128
163.0,195.75224913494807,363.7320911929231,669.1571205357143
352.0,0.0,363.7320911929231,14.872403100775186
947.15,0.0,363.7320911929231,5.649295550847458
297.0,62.043461538461536,363.7320911929231,421.2039097744361
12014.91,-0.0100000000002182,363.7320911929231,0.013823529411531452
314.06,283.1751351351351,363.7320911929231,5.360526315789475
3545.0,0.0,363.7320911929231,72.1
457.72,270.7600688705234,363.7320911929231,41.924557021677664
1540.0,0.1300000000001091,363.7320911929231,0.06500000000005456
1255.49,5678.785454545454,363.7320911929231,-189.68178571428575
1348.06,0.0,363.7320911929231,5.649295550847458
4079.95,106.38125,363.7320911929231,248.22134969325154
2312.0,956.9821886792453,363.7320911929231,464.6008888888889
595.65,6.324500000000002,363.7320911929231,5.0842673796791455
163.86,381.89819935691315,363.7320911929231,5.649295550847458
920.66,-10.89734042553192,363.7320911929231,5.0842673796791455
7392.0,0.0,363.7320911929231,669.1571205357143
1019.17,270.7600688705234,363.7320911929231,5.649295550847458
6941.4,56.79416988416988,363.7320911929231,0.0
637.95,381.89819935691315,363.7320911929231,694.994625
335.75,381.89819935691315,363.7320911929231,0.0
566.1,106.38125,363.7320911929231,5.649295550847458
1382.78,0.0,363.7320911929231,421.2039097744361
1876.0,265.61896265560165,363.7320911929231,421.2039097744361
971.96,-31.50299212598425,363.7320911929231,-189.68178571428575
225.71,0.0,363.7320911929231,1910.85
205.0,223.70475409836064,363.7320911929231,2512.6315789473683
2127.86,195.75224913494807,363.7320911929231,41.924557021677664
1214.3,115.06428571428569,363.7320911929231,32.15372393247269
2887.11,187.98075657894734,363.7320911929231,248.22134969325154
6183.79,394.0747826086957,363.7320911929231,669.1571205357143
264.84,283.1751351351351,363.7320911929231,5.0842673796791455
370.0,270.7600688705234,363.7320911929231,0.0
227.59,381.89819935691315,363.7320911929231,0.0
151.0,0.0,363.7320911929231,1910.85
995.04,64.16000000000008,363.7320911929231,5.649295550847458
1703.48,945.3200000000002,363.7320911929231,41.924557021677664
4754.42,4374.9,363.7320911929231,174.47120879120877
2379.0,315.531675,363.7320911929231,55.73203703703703
1565.47,76.86607142857143,363.7320911929231,41.924557021677664
490.92,248.87452991452994,363.7320911929231,5.649295550847458
687.97,472.5091428571429,363.7320911929231,1471.4126865671642
245.3,133.17636363636365,363.7320911929231,5.0842673796791455
1401.87,133.17636363636365,363.7320911929231,32.15372393247269
4023.94,0.0,363.7320911929231,41.924557021677664
2147.62,0.0,363.7320911929231,174.47120879120877
1111.0,0.0,363.7320911929231,174.47120879120877
402.01,7.646978021978025,363.7320911929231,2.9732515337423315
3064.45,195.75224913494807,363.7320911929231,5.649295550847458
325.57,-76.65,363.7320911929231,41.924557021677664
1244.43,472.5091428571429,363.7320911929231,41.924557021677664
322.81,0.0,363.7320911929231,5.649295550847458
277.0,270.7600688705234,363.7320911929231,1910.85
384.57,175.0411904761905,363.7320911929231,16.512476190476193
14323.0,351.42589473684217,363.7320911929231,1537.8174226804128
13365.77,106.38125,363.7320911929231,0.02749999999893282
10228.0,1179.0,363.7320911929231,669.1571205357143
968.92,544.0854679802956,363.7320911929231,14.872403100775186
1054.46,-267.6500000000001,363.7320911929231,41.924557021677664
957.95,149.50630630630627,363.7320911929231,5.0842673796791455
1432.0,2353.2571428571428,363.7320911929231,2353.2999999999997
305.19,195.75224913494807,363.7320911929231,0.0
746.76,270.7600688705234,363.7320911929231,5.0842673796791455
670.9,-10.89734042553192,363.7320911929231,5.0842673796791455
252.2,27.634043715847,363.7320911929231,5.649295550847458
1591.0,0.0,363.7320911929231,421.2039097744361
403.22,0.0,363.7320911929231,5.649295550847458
278.64,123.14413793103449,363.7320911929231,0.0
1851.47,137.48202702702702,363.7320911929231,32.15372393247269
3536.9,1142.64,363.7320911929231,41.924557021677664
6941.4,0.0,363.7320911929231,0.0
2500.0,520.001304347826,363.7320911929231,114.72216216216215
819.39,27.634043715847,363.7320911929231,5.0842673796791455
323.26,283.1751351351351,363.7320911929231,18.41794117647059
188.36,351.42589473684217,363.7320911929231,5.0842673796791455
526.45,-245.32000000000005,363.7320911929231,32.15372393247269
177.03,123.14413793103449,363.7320911929231,113.0609756097561
1402.0,486.77029069767445,363.7320911929231,2707.9079166666666
899.45,6.324500000000002,363.7320911929231,5.0842673796791455
2289.34,111.53585635359119,363.7320911929231,32.15372393247269
1719.2,4.220000000000027,363.7320911929231,41.924557021677664
13365.77,0.0299999999988358,363.7320911929231,0.02749999999893282
1340.15,115.06428571428569,363.7320911929231,32.15372393247269
2261.3,132.68696,363.7320911929231,32.15372393247269
909.84,66.70999999999992,363.7320911929231,41.924557021677664
184.89,456.47955974842785,363.7320911929231,5.0842673796791455
355.0,121.71318327974278,363.7320911929231,226.0
222.77,252.6989830508475,363.7320911929231,5.0842673796791455
1264.9,270.7600688705234,363.7320911929231,5.0842673796791455
512.43,0.0,363.7320911929231,5.0842673796791455
2312.0,956.9821886792453,363.7320911929231,464.6008888888889
5369.18,-308.03000000000065,363.7320911929231,-220.5553333333338
1479.3,-242.26,363.7320911929231,41.924557021677664
262.96,119.42769230769233,363.7320911929231,5.0842673796791455
1394.14,0.0,363.7320911929231,41.924557021677664
2177.54,-114.80000000000018,363.7320911929231,41.924557021677664
3335.85,315.531675,363.7320911929231,332.426829268293
2595.0,476.0,363.7320911929231,464.6008888888889
228.32,508.83510752688176,363.7320911929231,5.649295550847458
1214.93,76.86607142857143,363.7320911929231,32.15372393247269
1210.12,175.0411904761905,363.7320911929231,-0.001315789473683013
1438.74,347.8299999999999,363.7320911929231,41.924557021677664
5366.27,0.0,363.7320911929231,-480.9000000000001
4766.0,88.62431952662725,363.7320911929231,174.47120879120877
418.89,145.4,363.7320911929231,5.649295550847458
1256.9,149.50630630630627,363.7320911929231,5.0842673796791455
2548.04,508.83510752688176,363.7320911929231,32.15372393247269
255.9,133.17636363636365,363.7320911929231,5.0842673796791455
764.57,0.0,363.7320911929231,16.512476190476193
516.88,270.7600688705234,363.7320911929231,5.0842673796791455
498.97,106.38125,363.7320911929231,32.15372393247269
472.23,145.4,363.7320911929231,5.649295550847458
917.91,47.389999999999986,363.7320911929231,5.649295550847458
481.03,270.7600688705234,363.7320911929231,669.1571205357143
749.08,-0.0099999999999909,363.7320911929231,-0.001315789473683013
540.35,0.0,363.7320911929231,5.649295550847458
2735.0,-40.225445544554454,363.7320911929231,174.47120879120877
313.56,265.61896265560165,363.7320911929231,5.649295550847458
339.35,315.531675,363.7320911929231,1471.4126865671642
562.98,27.634043715847,363.7320911929231,5.0842673796791455
5846.0,-5.344545454545455,363.7320911929231,174.47120879120877
293.5,270.7600688705234,363.7320911929231,0.0
10947.0,0.0,363.7320911929231,0.0
157.69,215.1169805194805,363.7320911929231,5.649295550847458
768.76,6.324500000000002,363.7320911929231,5.0842673796791455
2281.94,918.06,363.7320911929231,669.1571205357143
461.42,0.0,363.7320911929231,-0.01666666666642413
3279.0,544.0854679802956,363.7320911929231,174.47120879120877
15611.0,115.06428571428569,363.7320911929231,1634.2714285714285
279.01,270.7600688705234,363.7320911929231,5.0842673796791455
4825.6,883.5747142857142,363.7320911929231,2111.4774074074076
510.85,187.98075657894734,363.7320911929231,16.512476190476193
1188.97,123.14413793103449,363.7320911929231,0.0
682.9,270.7600688705234,363.7320911929231,669.1571205357143
898.19,0.0,363.7320911929231,5.0842673796791455
258.53,177.61824742268038,363.7320911929231,2.9732515337423315
1322.95,506.54,363.7320911929231,41.924557021677664
758.0,-12.324545454545458,363.7320911929231,5.730666666666669
227.59,381.89819935691315,363.7320911929231,0.0
613.89,270.7600688705234,363.7320911929231,5.0842673796791455
1284.0,121.71318327974278,363.7320911929231,114.72216216216215
579.0,111.53585635359119,363.7320911929231,18.41794117647059
1581.0,0.0,363.7320911929231,16.727272727272727
1188.97,123.14413793103449,363.7320911929231,0.0
1269.5,-350.07000000000005,363.7320911929231,41.924557021677664
1539.75,121.08398843930635,363.7320911929231,32.15372393247269
237.52,270.7600688705234,363.7320911929231,0.0
4924.11,-4.649999999999636,363.7320911929231,41.924557021677664
402.94,175.0411904761905,363.7320911929231,5.0842673796791455
2555.5,-280.07000000000016,363.7320911929231,41.924557021677664
362.81,215.1169805194805,363.7320911929231,-66.66499999999999
1338.61,270.7600688705234,363.7320911929231,5.0842673796791455
2628.0,0.0,363.7320911929231,14.112676056338028
341.43,215.1169805194805,363.7320911929231,1910.85
768.35,195.75224913494807,363.7320911929231,32.15372393247269
6183.79,394.0747826086957,363.7320911929231,669.1571205357143
202.07,187.98075657894734,363.7320911929231,1910.85
662.44,187.98075657894734,363.7320911929231,41.924557021677664
1110.23,106.38125,363.7320911929231,5.649295550847458
746.76,149.50630630630627,363.7320911929231,5.0842673796791455
237.28,315.531675,363.7320911929231,5.649295550847458
222.61,956.9821886792453,363.7320911929231,5.649295550847458
325.0,133.17636363636365,363.7320911929231,141.12833333333333
1215.56,956.9821886792453,363.7320911929231,464.6008888888889
438.24,-12.324545454545458,363.7320911929231,5.649295550847458
2449.91,56.76999999999998,363.7320911929231,694.994625
1750.07,456.47955974842785,363.7320911929231,0.0
1909.98,270.7600688705234,363.7320911929231,32.15372393247269
2155.95,456.3500000000003,363.7320911929231,41.924557021677664
3792.0,121.71318327974278,363.7320911929231,114.72216216216215
698.4,315.531675,363.7320911929231,41.924557021677664
278.28,187.98075657894734,363.7320911929231,2.9732515337423315
500.88,0.0,363.7320911929231,5.0842673796791455
698.4,37.110000000000014,363.7320911929231,41.924557021677664
4803.16,520.001304347826,363.7320911929231,241.09153846153842
1813.0,0.0,363.7320911929231,332.426829268293
1193.55,175.0411904761905,363.7320911929231,-0.001315789473683013
357.0,111.53585635359119,363.7320911929231,241.09153846153842
198.7,270.7600688705234,363.7320911929231,669.1571205357143
670.17,315.531675,363.7320911929231,54.444366197183115
1973.98,111.53585635359119,363.7320911929231,41.924557021677664
156.36,0.0,363.7320911929231,14.112676056338028
198.06,31.132499999999993,363.7320911929231,5.649295550847458
164.89,351.42589473684217,363.7320911929231,5.0842673796791455
314.1,265.61896265560165,363.7320911929231,211.46791666666672
189.21,-40.225445544554454,363.7320911929231,14.872403100775186
319.96,27.840000000000032,363.7320911929231,5.649295550847458
3545.0,-0.0133333333333212,363.7320911929231,72.1
1750.07,-0.0005714285713890743,363.7320911929231,0.0
1319.75,0.0,363.7320911929231,29.266851851851854
260.13,381.89819935691315,363.7320911929231,23.371704545454545
758.0,21.49000000000001,363.7320911929231,5.730666666666669
3563.5,121.71318327974278,363.7320911929231,0.0
2708.0,0.0,363.7320911929231,174.47120879120877
836.42,-6.242500000000002,363.7320911929231,0.0011764705882609705
1331.3,4608.79,363.7320911929231,2707.9079166666666
1602.89,-179.0,363.7320911929231,41.924557021677664
438.44,270.7600688705234,363.7320911929231,5.0842673796791455
1822.46,131.69444444444457,363.7320911929231,32.15372393247269
173.65,270.7600688705234,363.7320911929231,5.649295550847458
252.0,121.08398843930635,363.7320911929231,649.5546153846153
1116.13,223.70475409836064,363.7320911929231,41.924557021677664
2718.84,132.68696,363.7320911929231,635.6234693877551
1028.28,215.80999999999997,363.7320911929231,41.924557021677664
461.42,238.67,363.7320911929231,-0.01666666666642413
625.58,88.62431952662725,363.7320911929231,41.924557021677664
356.86,315.531675,363.7320911929231,669.1571205357143
1428.19,11.159999999999854,363.7320911929231,41.924557021677664
1757.27,71.3900000000001,363.7320911929231,41.924557021677664
1424.77,714.4099999999999,363.7320911929231,41.924557021677664
865.1,132.68696,363.7320911929231,32.15372393247269
1481.87,0.0,363.7320911929231,41.924557021677664
339.87,187.98075657894734,363.7320911929231,16.512476190476193
2628.0,0.0,363.7320911929231,14.112676056338028
568.12,956.9821886792453,363.7320911929231,5.649295550847458
1181.55,149.50630630630627,363.7320911929231,5.0842673796791455
1428.19,111.53585635359119,363.7320911929231,41.924557021677664
1884.6,0.0,363.7320911929231,14714.00484848485
720.67,145.4,363.7320911929231,32.15372393247269
2140.0,326.00631578947366,363.7320911929231,113.0609756097561
483.65,0.0,363.7320911929231,-0.001315789473683013
167.64,123.14413793103449,363.7320911929231,113.0609756097561
1799.64,764.7,363.7320911929231,16.512476190476193
566.1,195.75224913494807,363.7320911929231,5.649295550847458
196.4,175.0411904761905,363.7320911929231,41.97798701298701
837.34,315.531675,363.7320911929231,185.61302013422815
510.85,187.98075657894734,363.7320911929231,16.512476190476193
1354.0,265.61896265560165,363.7320911929231,174.47120879120877
185.09,111.53585635359119,363.7320911929231,5.649295550847458
1706.47,111.53585635359119,363.7320911929231,41.924557021677664
2610.88,307.50999999999976,363.7320911929231,41.924557021677664
578.89,0.0,363.7320911929231,0.0
4144.41,394.0747826086957,363.7320911929231,185.61302013422815
1129.48,187.98075657894734,363.7320911929231,32.15372393247269
279.29,508.83510752688176,363.7320911929231,5.649295550847458
1517.87,187.98075657894734,363.7320911929231,41.924557021677664
24819.0,2.509333333333355,363.7320911929231,174.47120879120877
885.63,461.9799999999999,363.7320911929231,185.61302013422815
232.29,27.634043715847,363.7320911929231,5.0842673796791455
860.0,0.0,363.7320911929231,669.1571205357143
1932.01,24.57199999999999,363.7320911929231,0.0
193.16,0.0,363.7320911929231,5.649295550847458
286.0,132.68696,363.7320911929231,5.649295550847458
1957.05,166.32,363.7320911929231,0.0
2898.28,0.0,363.7320911929231,16.512476190476193
329.0,315.531675,363.7320911929231,174.47120879120877
1058.9,508.83510752688176,363.7320911929231,32.15372393247269
477.54,0.0,363.7320911929231,5.649295550847458
297.88,0.0,363.7320911929231,0.0
404.89,0.0,363.7320911929231,5.0842673796791455
1058.99,381.89819935691315,363.7320911929231,1085.1044444444444
3032.0,338.7142857142857,363.7320911929231,889.8235294117648
1142.6,248.87452991452994,363.7320911929231,32.15372393247269
920.66,-10.89734042553192,363.7320911929231,5.0842673796791455
12366.0,270.7600688705234,363.7320911929231,669.1571205357143
1388.59,28.96202247191011,363.7320911929231,32.15372393247269
220.28,248.87452991452994,363.7320911929231,5.649295550847458
2886.0,956.9821886792453,363.7320911929231,174.47120879120877
1203.89,544.0854679802956,363.7320911929231,14.872403100775186
1155.21,88.62431952662725,363.7320911929231,5.649295550847458
2123.7,345.88800000000003,363.7320911929231,1537.8174226804128
799.64,544.0854679802956,363.7320911929231,14.872403100775186
10088.0,0.0,363.7320911929231,669.1571205357143
314.06,110.92583333333334,363.7320911929231,5.360526315789475
2585.0,215.1169805194805,363.7320911929231,3.5972222222222223
244.43,0.0,363.7320911929231,5.649295550847458
356.6,88.62431952662725,363.7320911929231,41.924557021677664
338.33,381.89819935691315,363.7320911929231,-66.66499999999999
198.71,0.0,363.7320911929231,0.0
165.0,381.89819935691315,363.7320911929231,159.6880821917808
3465.82,140.37999999999963,363.7320911929231,41.924557021677664
1181.68,265.61896265560165,363.7320911929231,41.924557021677664
8379.62,111.53585635359119,363.7320911929231,0.007272727272885999
341.8,215.1169805194805,363.7320911929231,5.649295550847458
3445.34,215.1169805194805,363.7320911929231,1043.6625
2718.84,123.14413793103449,363.7320911929231,635.6234693877551
567.03,121.71318327974278,363.7320911929231,2423.0200000000004
344.99,270.7600688705234,363.7320911929231,669.1571205357143
1478.4,0.0,363.7320911929231,5.649295550847458
746.76,0.0,363.7320911929231,5.0842673796791455
545.11,486.77029069767445,363.7320911929231,5.649295550847458
2894.74,0.0,363.7320911929231,41.924557021677664
355.72,0.0,363.7320911929231,5.649295550847458
938.29,283.1751351351351,363.7320911929231,3403.419032258065
274.06,111.53585635359119,363.7320911929231,5.649295550847458
5241.4,0.0,363.7320911929231,0.0
1725.04,123.14413793103449,363.7320911929231,0.0
166.66,331.8455357142857,363.7320911929231,0.0
2658.34,151.65999999999983,363.7320911929231,669.1571205357143
1499.73,9.916666666666666,363.7320911929231,32.15372393247269
1000.0,114.68700000000001,363.7320911929231,545.2133333333333
314.09,56.79416988416988,363.7320911929231,0.0
775.94,-12.324545454545458,363.7320911929231,41.924557021677664
218.03,0.0,363.7320911929231,332.426829268293
7222.95,381.89819935691315,363.7320911929231,1085.1044444444444
883.62,115.06428571428569,363.7320911929231,32.15372393247269
4939.78,111.53585635359119,363.7320911929231,29.266851851851854
676.89,201.01747572815538,363.7320911929231,3.5972222222222223
414.15,7.646978021978025,363.7320911929231,0.0
2595.0,304.76000000000005,363.7320911929231,464.6008888888889
161.96,132.68696,363.7320911929231,5.649295550847458
1729.68,7.646978021978025,363.7320911929231,0.0025000000000545623
1487.41,0.0,363.7320911929231,185.61302013422815
164.6,121.71318327974278,363.7320911929231,23.371704545454545
10947.0,0.0,363.7320911929231,0.0
877.34,956.9821886792453,363.7320911929231,464.6008888888889
210.79,201.01747572815538,363.7320911929231,5.0842673796791455
999.32,178.9899999999999,363.7320911929231,41.924557021677664
250.0,385.21,363.7320911929231,141.12833333333333
234.08,351.42589473684217,363.7320911929231,5.0842673796791455
1877.47,116.62999999999988,363.7320911929231,41.924557021677664
356.65,270.7600688705234,363.7320911929231,5.0842673796791455
497.41,381.89819935691315,363.7320911929231,0.0
296.02,55.75999999999999,363.7320911929231,5.649295550847458
1123.17,-19.950000000000045,363.7320911929231,41.924557021677664
4766.0,315.531675,363.7320911929231,174.47120879120877
1757.27,71.3900000000001,363.7320911929231,41.924557021677664
195.38,215.1169805194805,363.7320911929231,5.649295550847458
328.34,123.14413793103449,363.7320911929231,113.0609756097561
4011.85,187.98075657894734,363.7320911929231,16.512476190476193
2089.94,101.70593749999993,363.7320911929231,32.15372393247269
410.6,283.1751351351351,363.7320911929231,5.0842673796791455
437.21,0.0,363.7320911929231,760.053
739.39,15.430000000000064,363.7320911929231,41.924557021677664
389.1,175.0411904761905,363.7320911929231,-0.001315789473683013
1028.28,215.80999999999997,363.7320911929231,41.924557021677664
206.9,6.324500000000002,363.7320911929231,5.0842673796791455
6285.33,19790.17,363.7320911929231,3403.419032258065
197.26,145.4,363.7320911929231,5.649295550847458
456.07,1200.7358333333332,363.7320911929231,760.053
169.06,123.14413793103449,363.7320911929231,113.0609756097561
157.62,215.1169805194805,363.7320911929231,5.649295550847458
2869.65,0.0,363.7320911929231,18.41794117647059
1653.15,-12.324545454545458,363.7320911929231,5.649295550847458
664.02,227.62,363.7320911929231,41.924557021677664
1237.71,544.0854679802956,363.7320911929231,41.924557021677664
456.07,5910.93,363.7320911929231,2097.7239999999997
232.99,0.0,363.7320911929231,5.0842673796791455
413.29,195.75224913494807,363.7320911929231,0.0
3004.63,121.71318327974278,363.7320911929231,0.0
1492.74,121.08398843930635,363.7320911929231,32.15372393247269
4243.64,315.531675,363.7320911929231,55.21866666666667
991.89,-14.159999999999968,363.7320911929231,41.924557021677664
601.0,-5.610000000000014,363.7320911929231,191.8758333333333
6806.44,0.0,363.7320911929231,54.444366197183115
345.89,13.670000000000016,363.7320911929231,5.649295550847458
38953.0,883.5747142857142,363.7320911929231,60.10700000000001
204.55,215.1169805194805,363.7320911929231,2.9732515337423315
920.66,-10.89734042553192,363.7320911929231,5.0842673796791455
10439.09,195.75224913494807,363.7320911929231,1471.4126865671642
473.0,187.98075657894734,363.7320911929231,233.79176470588237
1586.0,0.0,363.7320911929231,248.22134969325154
1486.4,394.0747826086957,363.7320911929231,669.1571205357143
166.66,472.5091428571429,363.7320911929231,0.0
192.22,145.4,363.7320911929231,5.649295550847458
190.0,-0.0699999999999931,363.7320911929231,114.72216216216215
153.79,381.89819935691315,363.7320911929231,5.649295550847458
11843.75,121.08398843930635,363.7320911929231,1228.6439795918368
2500.0,0.0,363.7320911929231,114.72216216216215
2584.1,883.5747142857142,363.7320911929231,0.0
4432.97,-1807.57,363.7320911929231,41.924557021677664
5060.0,0.0,363.7320911929231,715.124375
1064.55,121.08398843930635,363.7320911929231,0.0
10228.0,1179.0,363.7320911929231,669.1571205357143
474.23,6.324500000000002,363.7320911929231,-30.0
172.5,111.53585635359119,363.7320911929231,5.649295550847458
5846.0,-11.758000000000001,363.7320911929231,174.47120879120877
994.22,311.55612903225807,363.7320911929231,41.924557021677664
154.49,121.08398843930635,363.7320911929231,5.649295550847458
1262.43,456.47955974842785,363.7320911929231,5.0842673796791455
1813.0,544.0854679802956,363.7320911929231,332.426829268293
613.89,270.7600688705234,363.7320911929231,5.0842673796791455
1194.57,563.25,363.7320911929231,41.924557021677664
1236.08,2230.5,363.7320911929231,41.924557021677664
637.95,381.89819935691315,363.7320911929231,694.994625
314.67,-70.52000000000001,363.7320911929231,5.649295550847458
63246.0,28.96202247191011,363.7320911929231,0.0
645.0,106.38125,363.7320911929231,248.22134969325154
904.04,270.7600688705234,363.7320911929231,5.0842673796791455
316.11,132.68696,363.7320911929231,0.0
3250.0,49.62999999999998,363.7320911929231,60.10700000000001
381.01,0.0,363.7320911929231,5.0842673796791455
1432.0,2353.2571428571428,363.7320911929231,2353.2999999999997
274.34,149.50630630630627,363.7320911929231,5.0842673796791455
3044.02,663.8899999999999,363.7320911929231,41.924557021677664
263.19,0.0,363.7320911929231,5.649295550847458
516.88,149.50630630630627,363.7320911929231,5.0842673796791455
816.79,283.1751351351351,363.7320911929231,5.0842673796791455
5028.0,338.7142857142857,363.7320911929231,174.47120879120877
252.0,121.71318327974278,363.7320911929231,114.72216216216215
2595.0,238.67,363.7320911929231,464.6008888888889
2864.51,0.0,363.7320911929231,0.0
172.5,-2.9399999999999977,363.7320911929231,5.649295550847458
992.43,0.0,363.7320911929231,5.649295550847458
836.24,111.53585635359119,363.7320911929231,32.15372393247269
305.19,195.75224913494807,363.7320911929231,0.0
5969.0,0.0,363.7320911929231,174.47120879120877
442.42,486.77029069767445,363.7320911929231,0.0
450.65,456.47955974842785,363.7320911929231,5.649295550847458
370.0,311.55612903225807,363.7320911929231,174.47120879120877
151.0,177.61824742268038,363.7320911929231,1910.85
2330.71,215.1169805194805,363.7320911929231,32.15372393247269
1494.31,51.75999999999999,363.7320911929231,41.924557021677664
1505.0,-1155.04,363.7320911929231,32.15372393247269
2705.0,187.98075657894734,363.7320911929231,485.91
204.81,-40.225445544554454,363.7320911929231,0.0
173.03,315.531675,363.7320911929231,185.61302013422815
351.83,0.0,363.7320911929231,464.6008888888889
214.07,7.646978021978025,363.7320911929231,5.649295550847458
2123.7,345.88800000000003,363.7320911929231,1537.8174226804128
4741.0,-40.225445544554454,363.7320911929231,174.47120879120877
1258.13,270.7600688705234,363.7320911929231,5.0842673796791455
430.24,27.634043715847,363.7320911929231,5.0842673796791455
686.03,-31.50299212598425,363.7320911929231,5.0842673796791455
498.97,106.38125,363.7320911929231,32.15372393247269
287.17,56.79416988416988,363.7320911929231,2.9732515337423315
6941.4,56.79416988416988,363.7320911929231,0.0
4231.0,88.62431952662725,363.7320911929231,174.47120879120877
867.09,0.0,363.7320911929231,5.0842673796791455
645.63,956.9821886792453,363.7320911929231,41.924557021677664
578.02,-12.324545454545458,363.7320911929231,32.15372393247269
2081.27,215.1169805194805,363.7320911929231,767.001
331.0,0.0,363.7320911929231,174.47120879120877
1418.67,456.47955974842785,363.7320911929231,5.0842673796791455
4060.0,149.50630630630627,363.7320911929231,1537.8174226804128
315.56,351.42589473684217,363.7320911929231,5.0842673796791455
1028.0,337.95000000000005,363.7320911929231,247.81440000000003
1479.3,204.78,363.7320911929231,41.924557021677664
355.79,27.634043715847,363.7320911929231,5.0842673796791455
723.13,0.0,363.7320911929231,5.649295550847458
2518.39,175.0411904761905,363.7320911929231,41.97798701298701
154.28,956.9821886792453,363.7320911929231,114.72216216216215
349.57,215.1169805194805,363.7320911929231,5.649295550847458
8200.71,486.77029069767445,363.7320911929231,2707.9079166666666
478.3,0.0,363.7320911929231,5.0842673796791455
491.67,-6.242500000000002,363.7320911929231,0.0011764705882609705
1712.0,270.7600688705234,363.7320911929231,456.69565217391306
658.0,-12.324545454545458,363.7320911929231,0.0
630.37,0.0,363.7320911929231,0.0
976.41,-177.69999999999993,363.7320911929231,41.924557021677664
278.01,311.55612903225807,363.7320911929231,2.9732515337423315
961.67,88.62431952662725,363.7320911929231,0.0
1746.45,791.6099999999999,363.7320911929231,41.924557021677664
31580.0,4774.0,363.7320911929231,2512.6315789473683
484.0,175.0411904761905,363.7320911929231,669.1571205357143
1604.69,56.79416988416988,363.7320911929231,0.0
917.26,-130.78999999999996,363.7320911929231,41.924557021677664
2285.81,177.61824742268038,363.7320911929231,772.0536842105263
870.0,270.7600688705234,363.7320911929231,5.0842673796791455
639.6,76.86607142857143,363.7320911929231,16.512476190476193
973.45,486.77029069767445,363.7320911929231,41.924557021677664
938.29,283.1751351351351,363.7320911929231,3403.419032258065
2978.0,145.4,363.7320911929231,1228.6439795918368
1390.92,36.50999999999999,363.7320911929231,41.924557021677664
228.39,-3.019999999999982,363.7320911929231,5.0842673796791455
957.09,0.0,363.7320911929231,5.649295550847458
370.0,270.7600688705234,363.7320911929231,0.0
1606.27,311.55612903225807,363.7320911929231,41.924557021677664
599.0,270.7600688705234,363.7320911929231,5.0842673796791455
1298.0,123.04999999999995,363.7320911929231,41.924557021677664
2541.13,111.53585635359119,363.7320911929231,32.15372393247269
1505.0,-1155.04,363.7320911929231,32.15372393247269
4060.0,270.7600688705234,363.7320911929231,1537.8174226804128
511.02,270.7600688705234,363.7320911929231,5.0842673796791455
961.67,315.531675,363.7320911929231,0.0
365.53,351.42589473684217,363.7320911929231,5.0842673796791455
356.6,315.531675,363.7320911929231,32.15372393247269
5369.18,-205.35333333333378,363.7320911929231,-220.5553333333338
973.07,381.89819935691315,363.7320911929231,0.0
413.29,0.0,363.7320911929231,0.0
1487.41,88.62431952662725,363.7320911929231,185.61302013422815
351.12,-74.12222222222222,363.7320911929231,5.0842673796791455
1686.22,132.68696,363.7320911929231,192.9492857142857
384.32,0.0,363.7320911929231,0.0
5369.18,-308.03000000000065,363.7320911929231,-220.5553333333338
241.52,351.42589473684217,363.7320911929231,5.0842673796791455
496.47,456.47955974842785,363.7320911929231,5.649295550847458
1062.76,265.61896265560165,363.7320911929231,41.924557021677664
1129.33,248.87452991452994,363.7320911929231,32.15372393247269
1553.76,88.62431952662725,363.7320911929231,32.15372393247269
2146.86,339.6500000000001,363.7320911929231,41.924557021677664
262.0,315.531675,363.7320911929231,0.0
529.54,956.9821886792453,363.7320911929231,5.649295550847458
960.64,381.89819935691315,363.7320911929231,464.6008888888889
12366.0,270.7600688705234,363.7320911929231,669.1571205357143
1002.11,360.9299999999999,363.7320911929231,41.924557021677664
297.0,62.043461538461536,363.7320911929231,421.2039097744361
255.37,0.0,363.7320911929231,-0.0037499999999965877
825.0,265.61896265560165,363.7320911929231,421.2039097744361
150000.0,394.0747826086957,363.7320911929231,55.73203703703703
1338.14,-123.44000000000004,363.7320911929231,41.924557021677664
183.41,215.1169805194805,363.7320911929231,5.649295550847458
237.79,0.0,363.7320911929231,5.649295550847458
474.23,6.324500000000002,363.7320911929231,0.0
236.47,111.53585635359119,363.7320911929231,5.649295550847458
4766.0,88.62431952662725,363.7320911929231,174.47120879120877
421.15,270.7600688705234,363.7320911929231,5.649295550847458
531.61,2.409473684210519,363.7320911929231,41.924557021677664
2894.74,133.17636363636365,363.7320911929231,32.15372393247269
461.91,0.0,363.7320911929231,192.9492857142857
722.0,472.0,363.7320911929231,472.0
1292.65,-182.32000000000016,363.7320911929231,41.924557021677664
1164.69,381.89819935691315,363.7320911929231,571.6111111111111
227.96,0.0,363.7320911929231,41.97798701298701
1117.75,381.89819935691315,363.7320911929231,5.649295550847458
1358.77,0.0,363.7320911929231,41.924557021677664
155.97,121.08398843930635,363.7320911929231,5.649295550847458
1272.97,-40.225445544554454,363.7320911929231,32.15372393247269
685.99,-5.779999999999973,363.7320911929231,41.924557021677664
1363.9,-144.2800000000002,363.7320911929231,41.924557021677664
164.13,215.1169805194805,363.7320911929231,5.649295550847458
1306.95,271.71000000000004,363.7320911929231,41.924557021677664
846.59,544.0854679802956,363.7320911929231,41.924557021677664
471.0,0.0,363.7320911929231,14.872403100775186
1577.57,-486.485,363.7320911929231,14714.00484848485
3453.0,265.61896265560165,363.7320911929231,174.47120879120877
1001.69,56.79416988416988,363.7320911929231,41.924557021677664
24544.55,-0.0499999999992724,363.7320911929231,-0.01666666666642413
4011.85,0.0,363.7320911929231,16.512476190476193
483.14,381.89819935691315,363.7320911929231,1910.85
209.38,456.47955974842785,363.7320911929231,174.47120879120877
322.45,0.0,363.7320911929231,18.41794117647059
2614.51,472.5091428571429,363.7320911929231,1471.4126865671642
353.27,195.75224913494807,363.7320911929231,5.649295550847458
25000.0,0.0,363.7320911929231,0.0
768.76,0.0,363.7320911929231,5.0842673796791455
1456.77,315.531675,363.7320911929231,0.0
8087.0,0.0,363.7320911929231,0.0
1284.0,121.71318327974278,363.7320911929231,114.72216216216215
3674.0,0.0,363.7320911929231,174.47120879120877
1304.62,0.0,363.7320911929231,1537.8174226804128
746.75,-36.7,363.7320911929231,5.649295550847458
235.42,76.86607142857143,363.7320911929231,5.649295550847458
246.6,315.531675,363.7320911929231,5.649295550847458
1188.46,315.531675,363.7320911929231,41.924557021677664
484.5,486.77029069767445,363.7320911929231,0.0
228.32,956.9821886792453,363.7320911929231,5.649295550847458
456.79,115.06428571428569,363.7320911929231,32.15372393247269
884.1,132.68696,363.7320911929231,41.97798701298701
1799.64,187.98075657894734,363.7320911929231,16.512476190476193
365.53,351.42589473684217,363.7320911929231,5.0842673796791455
1037.0,175.0411904761905,363.7320911929231,16.727272727272727
310.76,0.0,363.7320911929231,5.0842673796791455
906.47,-294.73,363.7320911929231,-294.73
1549.0,0.0,363.7320911929231,18.41794117647059
516.88,0.0,363.7320911929231,5.0842673796791455
7877.0,4041.2,363.7320911929231,1258.623466666667
837.34,0.0,363.7320911929231,185.61302013422815
17237.8,4543.100000000002,363.7320911929231,332.426829268293
204.55,381.89819935691315,363.7320911929231,2.9732515337423315
477.86,351.42589473684217,363.7320911929231,5.0842673796791455
3085.59,0.0,363.7320911929231,14.872403100775186
662.44,195.75224913494807,363.7320911929231,41.924557021677664
1003.87,-62.75,363.7320911929231,41.924557021677664
1923.81,381.89819935691315,363.7320911929231,0.0
938.29,283.1751351351351,363.7320911929231,3403.419032258065
470.5,106.38125,363.7320911929231,32.15372393247269
255.73,76.86607142857143,363.7320911929231,5.649295550847458
502.0,282.0,363.7320911929231,1228.6439795918368
1384.79,111.53585635359119,363.7320911929231,41.924557021677664
262.0,0.0,363.7320911929231,0.0
262.76,381.89819935691315,363.7320911929231,13.04352941176471
478.3,270.7600688705234,363.7320911929231,5.0842673796791455
844.67,121.08398843930635,363.7320911929231,32.15372393247269
255.88,0.0,363.7320911929231,5.649295550847458
955.34,111.53585635359119,363.7320911929231,41.924557021677664
1138.72,0.0,363.7320911929231,5.649295550847458
336.0,51.62951923076919,363.7320911929231,0.0
2026.05,-15.564000000000004,363.7320911929231,5.0842673796791455
512.98,248.87452991452994,363.7320911929231,5.649295550847458
607.04,486.77029069767445,363.7320911929231,0.0
3251.0,338.7142857142857,363.7320911929231,174.47120879120877
961.0,-317.36,363.7320911929231,41.924557021677664
627.31,0.0,363.7320911929231,41.97798701298701
554.66,0.0,363.7320911929231,5.0842673796791455
710.92,56.79416988416988,363.7320911929231,41.924557021677664
410.26,123.14413793103449,363.7320911929231,0.0
4460.0,104.04144736842105,363.7320911929231,1910.85
1402.0,486.77029069767445,363.7320911929231,2707.9079166666666
744.49,155.76687499999994,363.7320911929231,241.09153846153842
1383.78,883.5747142857142,363.7320911929231,5.0842673796791455
199.05,132.68696,363.7320911929231,5.649295550847458
34012.0,956.9821886792453,363.7320911929231,185.61302013422815
198.06,31.132499999999993,363.7320911929231,5.649295550847458
5846.0,-11.758000000000001,363.7320911929231,174.47120879120877
875.79,0.0,363.7320911929231,5.0842673796791455
315.21,187.98075657894734,363.7320911929231,5.649295550847458
250.0,315.531675,363.7320911929231,54.444366197183115
1298.0,123.04999999999995,363.7320911929231,41.924557021677664
209.38,456.47955974842785,363.7320911929231,174.47120879120877
255.69,0.0,363.7320911929231,18.41794117647059
2330.71,-2013.31,363.7320911929231,41.924557021677664
359.47,51.62951923076919,363.7320911929231,174.47120879120877
618.33,7.646978021978025,363.7320911929231,32.15372393247269
2423.0,0.0,363.7320911929231,174.47120879120877
909.84,7.646978021978025,363.7320911929231,32.15372393247269
230.06,0.0,363.7320911929231,0.0
2185.75,-67.28999999999996,363.7320911929231,32.15372393247269
152.27,114.68700000000001,363.7320911929231,5.0842673796791455
7877.0,283.1751351351351,363.7320911929231,1258.623466666667
314.09,7.646978021978025,363.7320911929231,0.0
20718.17,315.531675,363.7320911929231,8552.1625
280.75,270.7600688705234,363.7320911929231,41.924557021677664
819.14,478.2400000000001,363.7320911929231,41.924557021677664
1710.3,1681.91,363.7320911929231,41.924557021677664
837.34,315.531675,363.7320911929231,185.61302013422815
243.52,0.0,363.7320911929231,16.512476190476193
344.71,78.39285714285715,363.7320911929231,5.0842673796791455
1457.59,270.7600688705234,363.7320911929231,5.0842673796791455
458.59,270.7600688705234,363.7320911929231,5.0842673796791455
151.13,315.531675,363.7320911929231,5.649295550847458
483.0,121.71318327974278,363.7320911929231,499.0127272727272
174.96,265.61896265560165,363.7320911929231,2.9732515337423315
1764.86,-40.225445544554454,363.7320911929231,32.15372393247269
1248.93,0.0,363.7320911929231,0.0
2434.75,121.08398843930635,363.7320911929231,0.0
2261.3,599.06,363.7320911929231,41.924557021677664
178.18,56.79416988416988,363.7320911929231,41.924557021677664
304.44,51.56,363.7320911929231,6.500000000000007
324.09,0.0,363.7320911929231,5.649295550847458
24819.0,2.509333333333355,363.7320911929231,174.47120879120877
227.62,27.634043715847,363.7320911929231,1910.85
356.65,0.0,363.7320911929231,5.0842673796791455
829.5,262.1247727272727,363.7320911929231,41.924557021677664
1013.33,261.30000000000007,363.7320911929231,41.924557021677664
910.18,25.0,363.7320911929231,2.127659574468085
6663.0,345.88800000000003,363.7320911929231,407.5
1011.29,7.646978021978025,363.7320911929231,32.15372393247269
350.69,265.61896265560165,363.7320911929231,5.649295550847458
768.0,270.7600688705234,363.7320911929231,1910.85
258.52,27.634043715847,363.7320911929231,5.0842673796791455
348.31,0.0,363.7320911929231,0.0
676.18,270.7600688705234,363.7320911929231,5.0842673796791455
1769.5,106.38125,363.7320911929231,32.15372393247269
29948.0,106.38125,363.7320911929231,1228.6439795918368
421.65,-192.71,363.7320911929231,14714.00484848485
487.0,315.531675,363.7320911929231,54.444366197183115
1338.61,270.7600688705234,363.7320911929231,5.0842673796791455
2429.52,104.04144736842105,363.7320911929231,41.924557021677664
1796.02,0.0,363.7320911929231,174.47120879120877
2212.0,279.65500000000003,363.7320911929231,14.112676056338028
881.74,331.8455357142857,363.7320911929231,32.15372393247269
1616.97,28.96202247191011,363.7320911929231,32.15372393247269
356.6,315.531675,363.7320911929231,41.924557021677664
2407.67,381.89819935691315,363.7320911929231,1085.1044444444444
300.15,121.71318327974278,363.7320911929231,114.72216216216215
701.02,0.0,363.7320911929231,5.649295550847458
173.65,0.0,363.7320911929231,5.649295550847458
693.97,149.50630630630627,363.7320911929231,5.0842673796791455
3335.85,315.531675,363.7320911929231,332.426829268293
1686.22,752.3100000000002,363.7320911929231,192.9492857142857
2915.0,2994.0,363.7320911929231,669.1571205357143
697.66,0.0,363.7320911929231,5.649295550847458
300.58,33.900000000000034,363.7320911929231,41.924557021677664
667.0,51.62951923076919,363.7320911929231,0.0
1000.27,270.7600688705234,363.7320911929231,5.0842673796791455
1309.47,798.2099999999998,363.7320911929231,41.924557021677664
4051.8,263.7600000000002,363.7320911929231,41.924557021677664
1547.0,326.00631578947366,363.7320911929231,114.72216216216215
1006.45,104.04144736842105,363.7320911929231,135.61071428571432
153.79,0.0,363.7320911929231,5.649295550847458
384.04,0.0,363.7320911929231,0.0
5136.15,0.0,363.7320911929231,16.512476190476193
6684.81,0.0,363.7320911929231,0.0
1129.33,486.77029069767445,363.7320911929231,41.924557021677664
1080.58,315.531675,363.7320911929231,760.053
2538.67,381.89819935691315,363.7320911929231,694.994625
778.15,57.39999999999998,363.7320911929231,41.924557021677664
578.98,351.42589473684217,363.7320911929231,5.0842673796791455
877.71,88.62431952662725,363.7320911929231,32.15372393247269
1264.0,757.51,363.7320911929231,247.81440000000003
912.5,-12.324545454545458,363.7320911929231,5.649295550847458
222.82,76.86607142857143,363.7320911929231,0.0
696.65,79.94000000000005,363.7320911929231,41.924557021677664
6663.0,345.88800000000003,363.7320911929231,4323.6075
861.06,187.98075657894734,363.7320911929231,16.512476190476193
1499.12,28.96202247191011,363.7320911929231,32.15372393247269
159.77,270.7600688705234,363.7320911929231,0.0
1116.13,347.6199999999999,363.7320911929231,41.924557021677664
524.84,7.646978021978025,363.7320911929231,32.15372393247269
1282.97,0.0,363.7320911929231,41.924557021677664
7844.25,410.75,363.7320911929231,669.1571205357143
497.18,27.634043715847,363.7320911929231,5.0842673796791455
8399.81,101.70593749999993,363.7320911929231,0.013823529411531452
1160.0,486.77029069767445,363.7320911929231,464.6008888888889
906.47,351.42589473684217,363.7320911929231,-294.73
338.33,215.1169805194805,363.7320911929231,-66.66499999999999
2926.42,0.0,363.7320911929231,5.649295550847458
531.61,2.409473684210519,363.7320911929231,32.15372393247269
947.0,544.0854679802956,363.7320911929231,14.872403100775186
207.13,76.86607142857143,363.7320911929231,41.97798701298701
194.93,1.7699999999999818,363.7320911929231,23.371704545454545
1038.84,215.1169805194805,363.7320911929231,32.15372393247269
292.63,0.0,363.7320911929231,5.649295550847458
1154.49,49.62999999999998,363.7320911929231,32.15372393247269
251.62,331.8455357142857,363.7320911929231,5.649295550847458
631.03,315.531675,363.7320911929231,185.61302013422815
386.16,215.1169805194805,363.7320911929231,5.649295550847458
384.04,270.7600688705234,363.7320911929231,0.0
1421.46,177.61824742268038,363.7320911929231,0.0
740.58,0.0,363.7320911929231,5.0842673796791455
399.2,7.646978021978025,363.7320911929231,0.0
1335.45,-0.0699999999999363,363.7320911929231,41.924557021677664
1857.58,111.72000000000004,363.7320911929231,32.15372393247269
1331.3,486.77029069767445,363.7320911929231,2707.9079166666666
2289.34,-12.324545454545458,363.7320911929231,32.15372393247269
267.61,121.71318327974278,363.7320911929231,55.73203703703703
347.15,956.9821886792453,363.7320911929231,18.41794117647059
1441.26,177.61824742268038,363.7320911929231,772.0536842105263
579.63,351.42589473684217,363.7320911929231,5.0842673796791455
885.63,315.531675,363.7320911929231,185.61302013422815
348.31,0.0,363.7320911929231,0.0
1007.97,76.86607142857143,363.7320911929231,32.15372393247269
282.08,0.0,363.7320911929231,5.649295550847458
445.51,0.0,363.7320911929231,5.0842673796791455
645.13,0.0,363.7320911929231,0.0
3251.0,338.7142857142857,363.7320911929231,174.47120879120877
1958.9,132.68696,363.7320911929231,32.15372393247269
33690.0,0.0,363.7320911929231,0.0
167.64,132.68696,363.7320911929231,114.86666666666669
861.23,223.70475409836064,363.7320911929231,41.924557021677664
278.28,76.86607142857143,363.7320911929231,2.9732515337423315
264.14,0.0,363.7320911929231,5.649295550847458
374.17,121.08398843930635,363.7320911929231,32.15372393247269
1753.75,111.53585635359119,363.7320911929231,41.924557021677664
680.0,270.7600688705234,363.7320911929231,6.2899999999999965
609.32,-125.97833333333341,363.7320911929231,41.924557021677664
1421.46,0.0,363.7320911929231,0.0
20718.17,315.531675,363.7320911929231,8552.1625
1525.31,177.61824742268038,363.7320911929231,41.924557021677664
5366.27,0.0,363.7320911929231,-480.9000000000001
328.29,315.531675,363.7320911929231,1910.85
938.29,283.1751351351351,363.7320911929231,3403.419032258065
2067.0,20.0,363.7320911929231,248.22134969325154
253.99,-70.73000000000002,363.7320911929231,5.649295550847458
2998.34,544.0854679802956,363.7320911929231,174.47120879120877
581.65,7.646978021978025,363.7320911929231,32.15372393247269
3241.56,0.0,363.7320911929231,41.924557021677664
680.0,149.50630630630627,363.7320911929231,6.2899999999999965
1081.15,0.0,363.7320911929231,5.0842673796791455
322.49,201.01747572815538,363.7320911929231,5.0842673796791455
150.97,883.5747142857142,363.7320911929231,13.04352941176471
711.94,956.9821886792453,363.7320911929231,41.924557021677664
224.85,0.0,363.7320911929231,5.0842673796791455
1408.85,729.31,363.7320911929231,5.649295550847458
385.57,270.7600688705234,363.7320911929231,5.0842673796791455
678.0,448.3261538461539,363.7320911929231,571.6111111111111
1260.74,448.3261538461539,363.7320911929231,41.924557021677664
195.14,0.0,363.7320911929231,5.0842673796791455
230.06,0.0,363.7320911929231,0.0
6230.99,0.0,363.7320911929231,0.013823529411531452
2067.67,602.5499999999997,363.7320911929231,41.924557021677664
1080.58,315.531675,363.7320911929231,0.0
1421.46,177.61824742268038,363.7320911929231,0.0
1212.56,-9.450000000000044,363.7320911929231,41.924557021677664
1432.0,2353.2571428571428,363.7320911929231,2353.2999999999997
43367.0,56.79416988416988,363.7320911929231,1910.85
237.52,270.7600688705234,363.7320911929231,0.0
480.0,544.0854679802956,363.7320911929231,18.41794117647059
323.98,0.0,363.7320911929231,5.0842673796791455
402.0,84.0,363.7320911929231,1258.623466666667
2047.4,262.1247727272727,363.7320911929231,464.6008888888889
10947.0,381.89819935691315,363.7320911929231,0.0
471.0,311.55612903225807,363.7320911929231,14.872403100775186
24819.0,2.509333333333355,363.7320911929231,174.47120879120877
384.04,270.7600688705234,363.7320911929231,14.112676056338028
108000.0,53.03571428571427,363.7320911929231,0.0
1160.0,486.77029069767445,363.7320911929231,464.6008888888889
1281.81,326.00631578947366,363.7320911929231,113.0609756097561
499.21,106.38125,363.7320911929231,0.0
277.5,-10.89734042553192,363.7320911929231,5.0842673796791455
8112.12,201.01747572815538,363.7320911929231,301.233181818182
1173.0,121.71318327974278,363.7320911929231,114.72216216216215
163.51,215.1169805194805,363.7320911929231,5.649295550847458
343.54,0.0,363.7320911929231,5.649295550847458
1958.9,-396.93000000000006,363.7320911929231,41.924557021677664
2584.1,145.4,363.7320911929231,0.0
143.23,270.7600688705234,363.7320911929231,23.371704545454545
232.99,351.42589473684217,363.7320911929231,5.0842673796791455
177.77,27.634043715847,363.7320911929231,5.0842673796791455
314.32,472.5091428571429,363.7320911929231,5.649295550847458
297.0,121.71318327974278,363.7320911929231,114.72216216216215
4754.42,4038.3692307692304,363.7320911929231,174.47120879120877
210.99,177.61824742268038,363.7320911929231,0.0
4970.0,123.14413793103449,363.7320911929231,1258.623466666667
578.98,351.42589473684217,363.7320911929231,5.0842673796791455
177.34,123.14413793103449,363.7320911929231,113.0609756097561
713.35,187.98075657894734,363.7320911929231,16.512476190476193
580.79,381.89819935691315,363.7320911929231,1085.1044444444444
3055.88,121.08398843930635,363.7320911929231,571.6111111111111
580.79,381.89819935691315,363.7320911929231,1085.1044444444444
360.81,381.89819935691315,363.7320911929231,0.0
1616.97,0.0,363.7320911929231,41.924557021677664
1092.9,-20.40000000000009,363.7320911929231,32.15372393247269
344.99,270.7600688705234,363.7320911929231,669.1571205357143
162.55,28.96202247191011,363.7320911929231,32.15372393247269
426.15,0.0,363.7320911929231,5.649295550847458
493.0,0.0,363.7320911929231,421.2039097744361
361.87,381.89819935691315,363.7320911929231,0.0
1589.0,209.0,363.7320911929231,114.72216216216215
1932.01,24.57199999999999,363.7320911929231,0.0
1120.0,15.677083333333327,363.7320911929231,0.0
215.0,486.77029069767445,363.7320911929231,1910.85
1444.5,265.61896265560165,363.7320911929231,41.924557021677664
300.46,76.86607142857143,363.7320911929231,5.649295550847458
1810.56,2871.0800000000004,363.7320911929231,1471.4126865671642
989.43,121.71318327974278,363.7320911929231,2707.9079166666666
2500.0,0.0,363.7320911929231,114.72216216216215
516.16,111.53585635359119,363.7320911929231,41.924557021677664
163.51,215.1169805194805,363.7320911929231,5.649295550847458
322.49,201.01747572815538,363.7320911929231,5.0842673796791455
250.0,88.62431952662725,363.7320911929231,760.053
4060.0,270.7600688705234,363.7320911929231,1537.8174226804128
2417.24,338.7142857142857,363.7320911929231,14.872403100775186
826.01,262.1247727272727,363.7320911929231,41.924557021677664
369.0,544.0854679802956,363.7320911929231,174.47120879120877
976.41,508.83510752688176,363.7320911929231,32.15372393247269
865.0,381.89819935691315,363.7320911929231,1910.85
2329.45,24.7800000000002,363.7320911929231,669.1571205357143
890.33,270.7600688705234,363.7320911929231,5.0842673796791455
341.8,381.89819935691315,363.7320911929231,5.649295550847458
172.66,121.08398843930635,363.7320911929231,5.649295550847458
554.66,0.0,363.7320911929231,5.0842673796791455
1063.57,40.299999999999955,363.7320911929231,41.924557021677664
1020.42,187.98075657894734,363.7320911929231,16.512476190476193
711.01,0.0,363.7320911929231,0.0
152.93,133.17636363636365,363.7320911929231,5.649295550847458
1185.69,88.62431952662725,363.7320911929231,32.15372393247269
904.99,28.96202247191011,363.7320911929231,32.15372393247269
168.52,381.89819935691315,363.7320911929231,41.924557021677664
349.22,187.98075657894734,363.7320911929231,248.22134969325154
1909.98,149.50630630630627,363.7320911929231,32.15372393247269
1155.21,88.62431952662725,363.7320911929231,5.649295550847458
7500.8,0.0,363.7320911929231,0.0
1459.0,311.55612903225807,363.7320911929231,159.6880821917808
1474.77,-246.3499999999999,363.7320911929231,41.924557021677664
461.64,0.0,363.7320911929231,83.60526315789474
4144.41,2262.49,363.7320911929231,185.61302013422815
5491.89,544.0854679802956,363.7320911929231,1471.4126865671642
870.0,0.0,363.7320911929231,5.0842673796791455
3674.0,7.646978021978025,363.7320911929231,174.47120879120877
2584.1,0.0,363.7320911929231,0.0
1841.92,-12.324545454545458,363.7320911929231,32.15372393247269
219.9,111.53585635359119,363.7320911929231,571.6111111111111
263.45,956.9821886792453,363.7320911929231,5.649295550847458
258.53,177.61824742268038,363.7320911929231,2.9732515337423315
917.91,111.53585635359119,363.7320911929231,5.649295550847458
825.0,0.0,363.7320911929231,421.2039097744361
510.85,187.98075657894734,363.7320911929231,16.512476190476193
1810.04,107.46000000000004,363.7320911929231,41.924557021677664
665.02,187.98075657894734,363.7320911929231,485.91
540.02,381.89819935691315,363.7320911929231,694.994625
215.79,27.634043715847,363.7320911929231,5.0842673796791455
1146.22,94.42000000000009,363.7320911929231,41.924557021677664
1441.26,137.48202702702702,363.7320911929231,772.0536842105263
515.69,111.53585635359119,363.7320911929231,5.649295550847458
322.4,123.14413793103449,363.7320911929231,5.649295550847458
838.68,111.53585635359119,363.7320911929231,41.924557021677664
201.1,114.68700000000001,363.7320911929231,41.924557021677664
609.32,146.08499999999998,363.7320911929231,32.15372393247269
921.66,-40.225445544554454,363.7320911929231,0.0
356.65,270.7600688705234,363.7320911929231,5.0842673796791455
186.52,121.08398843930635,363.7320911929231,5.649295550847458
1591.0,265.61896265560165,363.7320911929231,421.2039097744361
525.67,-31.50299212598425,363.7320911929231,5.0842673796791455
2471.56,111.53585635359119,363.7320911929231,41.924557021677664
216.55,187.98075657894734,363.7320911929231,2.9732515337423315
573.0,315.531675,363.7320911929231,665.05
13365.77,195.75224913494807,363.7320911929231,0.02749999999893282
330.8,0.0,363.7320911929231,5.0842673796791455
322.45,265.61896265560165,363.7320911929231,18.41794117647059
865.1,410.16,363.7320911929231,41.924557021677664
859.41,0.0,363.7320911929231,-0.003103448275859245
1471.32,-173.83999999999992,363.7320911929231,41.924557021677664
1317.6,-180.43999999999983,363.7320911929231,41.924557021677664
1037.0,175.0411904761905,363.7320911929231,16.727272727272727
796.97,0.0,363.7320911929231,5.649295550847458
294.13,-36.51999999999998,363.7320911929231,5.649295550847458
1229.15,56.79416988416988,363.7320911929231,155.60470588235296
311.18,0.0,363.7320911929231,5.0842673796791455
3335.85,0.0,363.7320911929231,332.426829268293
8964.0,175.0411904761905,363.7320911929231,715.124375
351.83,0.0,363.7320911929231,464.6008888888889
1686.22,123.14413793103449,363.7320911929231,192.9492857142857
809.51,157.48000000000002,363.7320911929231,41.924557021677664
286.72,270.7600688705234,363.7320911929231,5.0842673796791455
7392.0,0.0,363.7320911929231,669.1571205357143
362.31,56.79416988416988,363.7320911929231,2.9732515337423315
7877.0,4041.2,363.7320911929231,1258.623466666667
3279.0,544.0854679802956,363.7320911929231,174.47120879120877
813.66,-135.44999999999993,363.7320911929231,41.924557021677664
991.41,177.40999999999997,363.7320911929231,41.924557021677664
481.03,270.7600688705234,363.7320911929231,185.61302013422815
3638.0,195.75224913494807,363.7320911929231,3.5972222222222223
4546.26,53.03571428571427,363.7320911929231,174.47120879120877
267.61,121.08398843930635,363.7320911929231,55.73203703703703
325.24,14.920000000000016,363.7320911929231,5.649295550847458
311.0,2.509333333333355,363.7320911929231,0.0
426.15,0.0,363.7320911929231,5.649295550847458
4744.0,0.0,363.7320911929231,0.0
2379.84,785.69,363.7320911929231,669.1571205357143
1035.16,381.89819935691315,363.7320911929231,694.994625
242.0,0.0,363.7320911929231,5.649295550847458
15530.0,123.14413793103449,363.7320911929231,1228.6439795918368
1917.0,-12.324545454545458,363.7320911929231,-189.68178571428575
980.2,7.646978021978025,363.7320911929231,32.15372393247269
2136.0,0.0,363.7320911929231,0.0
177.94,115.06428571428569,363.7320911929231,5.649295550847458
816.79,-30.18999999999994,363.7320911929231,5.0842673796791455
1924.75,-13.702777777777762,363.7320911929231,41.924557021677664
344.71,270.7600688705234,363.7320911929231,5.0842673796791455
13447.0,-6.881538461538464,363.7320911929231,715.124375
1101.76,121.08398843930635,363.7320911929231,32.15372393247269
1035.16,834.8399999999999,363.7320911929231,694.994625
379.39,351.42589473684217,363.7320911929231,5.0842673796791455
4023.94,0.0,363.7320911929231,41.924557021677664
1394.14,111.53585635359119,363.7320911929231,41.924557021677664
153.61,121.08398843930635,363.7320911929231,32.15372393247269
319.75,381.89819935691315,363.7320911929231,0.0
1957.05,0.0,363.7320911929231,0.0
311.22,0.0,363.7320911929231,5.649295550847458
277.0,270.7600688705234,363.7320911929231,159.6880821917808
211.46,570.39,363.7320911929231,1085.1044444444444
1686.26,123.14413793103449,363.7320911929231,0.0
740.58,6.324500000000002,363.7320911929231,5.0842673796791455
275.5,456.47955974842785,363.7320911929231,5.0842673796791455
688.0,-3.4600000000000364,363.7320911929231,41.924557021677664
3536.9,381.89819935691315,363.7320911929231,41.924557021677664
1129.48,0.0,363.7320911929231,41.924557021677664
564.05,0.0,363.7320911929231,5.0842673796791455
521.21,7.646978021978025,363.7320911929231,32.15372393247269
1340.15,265.61896265560165,363.7320911929231,41.924557021677664
768.0,1496.022692307692,363.7320911929231,-189.68178571428575
562.45,133.17636363636365,363.7320911929231,5.649295550847458
329.21,132.68696,363.7320911929231,0.0
493.42,-14.629999999999995,363.7320911929231,5.0842673796791455
1207.0,223.70475409836064,363.7320911929231,18.41794117647059
693.97,270.7600688705234,363.7320911929231,5.0842673796791455
656.0,-10.89734042553192,363.7320911929231,159.6880821917808
797.36,539.82,363.7320911929231,41.924557021677664
2047.4,201.95800000000003,363.7320911929231,432.323
1354.0,265.61896265560165,363.7320911929231,174.47120879120877
350.69,115.06428571428569,363.7320911929231,5.649295550847458
21030.0,0.0,363.7320911929231,0.0
2798.0,0.0,363.7320911929231,14.872403100775186
554.66,351.42589473684217,363.7320911929231,5.0842673796791455
244.83,0.0,363.7320911929231,5.649295550847458
613.89,270.7600688705234,363.7320911929231,5.0842673796791455
501.0,315.531675,363.7320911929231,174.47120879120877
491.04,-142.66000000000005,363.7320911929231,41.924557021677664
620.3,0.0,363.7320911929231,5.0842673796791455
609.43,508.83510752688176,363.7320911929231,32.15372393247269
2211.29,0.0,363.7320911929231,174.47120879120877
618.33,7.646978021978025,363.7320911929231,41.924557021677664
595.65,6.324500000000002,363.7320911929231,5.0842673796791455
142.46,111.53585635359119,363.7320911929231,2.9732515337423315
2289.34,-455.09000000000015,363.7320911929231,32.15372393247269
789.26,529.6500000000001,363.7320911929231,41.924557021677664
920.66,0.0,363.7320911929231,5.0842673796791455
1769.5,255.08999999999992,363.7320911929231,32.15372393247269
1857.58,195.75224913494807,363.7320911929231,32.15372393247269
1189.0,353.0,363.7320911929231,83.60526315789474
869.44,56.79416988416988,363.7320911929231,16.512476190476193
429.25,381.89819935691315,363.7320911929231,23.371704545454545
293.3,956.9821886792453,363.7320911929231,464.6008888888889
414.37,187.98075657894734,363.7320911929231,0.0
1265.59,121.08398843930635,363.7320911929231,32.15372393247269
749.0,265.61896265560165,363.7320911929231,421.2039097744361
579.0,111.53585635359119,363.7320911929231,18.41794117647059
218.6,0.0,363.7320911929231,174.47120879120877
1028.0,337.95000000000005,363.7320911929231,247.81440000000003
159.77,270.7600688705234,363.7320911929231,0.0
502.0,187.98075657894734,363.7320911929231,1228.6439795918368
166.86,544.0854679802956,363.7320911929231,0.0
488.6,0.0,363.7320911929231,5.649295550847458
164.6,121.71318327974278,363.7320911929231,23.371704545454545
781.85,0.0,363.7320911929231,5.0842673796791455
318.0,315.531675,363.7320911929231,54.444366197183115
20446.0,0.0,363.7320911929231,1228.6439795918368
939.17,-35.229999999999905,363.7320911929231,41.924557021677664
1459.13,0.0,363.7320911929231,233.79176470588237
2123.7,345.88800000000003,363.7320911929231,1537.8174226804128
824.0,195.75224913494807,363.7320911929231,0.0
936.12,-218.62,363.7320911929231,41.924557021677664
6663.0,0.0,363.7320911929231,407.5
2111.95,215.1169805194805,363.7320911929231,32.15372393247269
150.11,0.0,363.7320911929231,5.649295550847458
1096.52,123.14413793103449,363.7320911929231,41.924557021677664
330.8,27.634043715847,363.7320911929231,5.0842673796791455
170.49,0.0,363.7320911929231,72.1
6000.0,381.89819935691315,363.7320911929231,0.0
561.74,111.53585635359119,363.7320911929231,2.9732515337423315
356.65,0.0,363.7320911929231,5.0842673796791455
325.0,132.68696,363.7320911929231,141.12833333333333
1120.0,0.0,363.7320911929231,0.0
384.0,51.62951923076919,363.7320911929231,0.0
2708.0,0.0,363.7320911929231,174.47120879120877
1256.9,270.7600688705234,363.7320911929231,5.0842673796791455
310.76,252.6989830508475,363.7320911929231,5.0842673796791455
968.05,304.76000000000005,363.7320911929231,32.15372393247269
384.04,270.7600688705234,363.7320911929231,0.0
620.3,0.0,363.7320911929231,5.0842673796791455
278.0,115.06428571428569,363.7320911929231,23.371704545454545
1799.64,187.98075657894734,363.7320911929231,16.512476190476193
635.28,270.7600688705234,363.7320911929231,669.1571205357143
1219.48,381.89819935691315,363.7320911929231,185.61302013422815
8797.0,381.89819935691315,363.7320911929231,669.1571205357143
497.41,215.1169805194805,363.7320911929231,0.0
2212.0,0.0,363.7320911929231,3.9130434782608696
6684.81,0.0,363.7320911929231,0.0
333.96,115.06428571428569,363.7320911929231,5.649295550847458
180.66,111.53585635359119,363.7320911929231,0.0
1054.46,-267.6500000000001,363.7320911929231,41.924557021677664
1604.69,7.646978021978025,363.7320911929231,0.0
995.04,114.68700000000001,363.7320911929231,5.649295550847458
398.37,32.0,363.7320911929231,5.0842673796791455
292.8,283.1751351351351,363.7320911929231,5.0842673796791455
160.0,60.0,363.7320911929231,14.112676056338028
1938.85,456.47955974842785,363.7320911929231,0.0
172.22,956.9821886792453,363.7320911929231,2.9732515337423315
481.03,0.0,363.7320911929231,669.1571205357143
860.0,0.0,363.7320911929231,669.1571205357143
621.4,117.62,363.7320911929231,185.61302013422815
284.0,101.70593749999993,363.7320911929231,174.47120879120877
322.49,0.0,363.7320911929231,5.0842673796791455
549.28,486.77029069767445,363.7320911929231,5.649295550847458
309.58,215.1169805194805,363.7320911929231,0.0
734.64,133.17636363636365,363.7320911929231,5.649295550847458
6806.44,1288.6800000000003,363.7320911929231,54.444366197183115
3545.0,-0.0133333333333212,363.7320911929231,114.86666666666669
784.14,52.5,363.7320911929231,41.924557021677664
322.45,265.61896265560165,363.7320911929231,18.41794117647059
2081.27,381.89819935691315,363.7320911929231,1279.8325
341.43,381.89819935691315,363.7320911929231,1910.85
5021.76,315.531675,363.7320911929231,8552.1625
899.45,0.0,363.7320911929231,5.0842673796791455
1214.3,265.61896265560165,363.7320911929231,41.924557021677664
1000.27,0.0,363.7320911929231,5.0842673796791455
2842.14,166.32,363.7320911929231,32.15372393247269
816.79,-30.18999999999994,363.7320911929231,5.0842673796791455
2254.35,-12.324545454545458,363.7320911929231,0.0
26405.14,265.61896265560165,363.7320911929231,1634.2714285714285
1384.72,215.1169805194805,363.7320911929231,767.001
936.12,-60.51692307692301,363.7320911929231,32.15372393247269
249.43,0.0,363.7320911929231,185.61302013422815
346.5,145.4,363.7320911929231,5.649295550847458
690.33,0.0,363.7320911929231,5.649295550847458
1954.77,23.24000000000001,363.7320911929231,41.924557021677664
1039.0,215.1169805194805,363.7320911929231,32.15372393247269
2595.0,476.0,363.7320911929231,464.6008888888889
494.52,-64.82,363.7320911929231,-42.132999999999996
1092.18,-135.7800000000001,363.7320911929231,41.924557021677664
274.39,51.62951923076919,363.7320911929231,0.0
1948.25,-482.8399999999999,363.7320911929231,5.649295550847458
170.49,0.0,363.7320911929231,72.1
1106.65,223.70475409836064,363.7320911929231,41.924557021677664
3631.0,-13.702777777777762,363.7320911929231,71.23636363636363
170.49,123.14413793103449,363.7320911929231,72.1
706.41,111.53585635359119,363.7320911929231,41.924557021677664
686.0,0.0,363.7320911929231,248.22134969325154
558.0,56.79416988416988,363.7320911929231,174.47120879120877
191.11,472.5091428571429,363.7320911929231,41.924557021677664
461.05,544.0854679802956,363.7320911929231,0.0
867.09,6.324500000000002,363.7320911929231,5.0842673796791455
862.0,381.89819935691315,363.7320911929231,32.15372393247269
656.0,-10.89734042553192,363.7320911929231,159.6880821917808
2417.24,0.0,363.7320911929231,14.872403100775186
188.36,0.0,363.7320911929231,5.0842673796791455
614.0,195.75224913494807,363.7320911929231,248.22134969325154
498.7,250.00000000000009,363.7320911929231,211.46791666666672
264.84,283.1751351351351,363.7320911929231,5.0842673796791455
1745.0,265.61896265560165,363.7320911929231,32.15372393247269
668.54,381.89819935691315,363.7320911929231,0.0
662.08,-64.31000000000006,363.7320911929231,41.924557021677664
1101.76,121.71318327974278,363.7320911929231,41.924557021677664
316.73,456.47955974842785,363.7320911929231,5.0842673796791455
398.48,265.61896265560165,363.7320911929231,5.649295550847458
693.97,0.0,363.7320911929231,5.0842673796791455
402.27,381.89819935691315,363.7320911929231,0.0
1265.59,121.71318327974278,363.7320911929231,41.924557021677664
1181.34,88.62431952662725,363.7320911929231,32.15372393247269
463.0,115.06428571428569,363.7320911929231,669.1571205357143
564.05,0.0,363.7320911929231,5.0842673796791455
307.96,132.68696,363.7320911929231,5.649295550847458
604.59,215.1169805194805,363.7320911929231,32.15372393247269
500.0,7.646978021978025,363.7320911929231,889.8235294117648
1415.34,314.35000000000014,363.7320911929231,41.924557021677664
162.73,265.61896265560165,363.7320911929231,2.9732515337423315
502.0,187.98075657894734,363.7320911929231,1228.6439795918368
494.3,0.0,363.7320911929231,0.0
972.06,72.0,363.7320911929231,41.924557021677664
200.99,7.646978021978025,363.7320911929231,41.924557021677664
204.12,252.6989830508475,363.7320911929231,5.0842673796791455
325.0,293.98,363.7320911929231,141.12833333333333
6654.0,0.0,363.7320911929231,715.124375
292.23,6.324500000000002,363.7320911929231,5.0842673796791455
395.62,-12.324545454545458,363.7320911929231,5.649295550847458
1034.01,718.29,363.7320911929231,41.97798701298701
1229.32,-386.2299999999999,363.7320911929231,-401.63666666666654
1003.38,137.48202702702702,363.7320911929231,32.15372393247269
1703.48,945.3200000000002,363.7320911929231,41.924557021677664
352.0,-59.5,363.7320911929231,14.872403100775186
159.66,956.9821886792453,363.7320911929231,5.649295550847458
402.27,381.89819935691315,363.7320911929231,0.0
450.65,0.0,363.7320911929231,5.649295550847458
867.09,0.0,363.7320911929231,5.0842673796791455
182.33,381.89819935691315,363.7320911929231,83.97
251.98,472.5091428571429,363.7320911929231,48.47
579.0,0.0,363.7320911929231,18.41794117647059
4983.57,76.86607142857143,363.7320911929231,0.0
1216.9,0.0,363.7320911929231,18.41794117647059
1383.78,145.4,363.7320911929231,5.0842673796791455
15530.0,123.14413793103449,363.7320911929231,1228.6439795918368
747.91,121.71318327974278,363.7320911929231,0.0
386.16,215.1169805194805,363.7320911929231,5.649295550847458
960.64,215.1169805194805,363.7320911929231,464.6008888888889
382.1,270.7600688705234,363.7320911929231,5.649295550847458
713.0,268.0,363.7320911929231,55.73203703703703
2660.0,187.98075657894734,363.7320911929231,16.512476190476193
209.33,-10.89734042553192,363.7320911929231,185.61302013422815
508.76,270.7600688705234,363.7320911929231,5.0842673796791455
678.0,1054.0,363.7320911929231,571.6111111111111
343.54,-12.324545454545458,363.7320911929231,5.649295550847458
607.04,486.77029069767445,363.7320911929231,0.0
210.79,0.0,363.7320911929231,5.0842673796791455
1319.42,223.70475409836064,363.7320911929231,41.924557021677664
183.65,956.9821886792453,363.7320911929231,114.72216216216215
471.83,0.0,363.7320911929231,41.97798701298701
225.71,6.324500000000002,363.7320911929231,669.1571205357143
573.0,315.531675,363.7320911929231,665.05
813.66,-135.44999999999993,363.7320911929231,41.924557021677664
5028.0,338.7142857142857,363.7320911929231,174.47120879120877
157.62,381.89819935691315,363.7320911929231,5.649295550847458
2584.1,883.5747142857142,363.7320911929231,0.0
6941.4,56.79416988416988,363.7320911929231,0.0
3085.59,0.0,363.7320911929231,14.872403100775186
499.21,106.38125,363.7320911929231,0.0
174.96,265.61896265560165,363.7320911929231,2.9732515337423315
8146.21,456.47955974842785,363.7320911929231,0.0
11089.42,111.53585635359119,363.7320911929231,2111.4774074074076
1576.94,134.5,363.7320911929231,41.924557021677664
177.77,27.634043715847,363.7320911929231,5.0842673796791455
1183.71,-13.069999999999936,363.7320911929231,41.924557021677664
4679.0,0.0,363.7320911929231,3.9130434782608696
380.47,15.677083333333327,363.7320911929231,29.266851851851854
155.87,175.0411904761905,363.7320911929231,5.649295550847458
1660.19,115.06428571428569,363.7320911929231,32.15372393247269
267.0,175.0411904761905,363.7320911929231,0.0
344.99,270.7600688705234,363.7320911929231,669.1571205357143
196.4,0.0,363.7320911929231,41.97798701298701
611.74,195.75224913494807,363.7320911929231,248.22134969325154
860.0,270.7600688705234,363.7320911929231,669.1571205357143
2111.95,-676.4899999999998,363.7320911929231,41.924557021677664
351.83,956.9821886792453,363.7320911929231,464.6008888888889
557.55,5.0200000000000955,363.7320911929231,41.924557021677664
12333.57,131.69444444444457,363.7320911929231,248.22134969325154
466.8,88.62431952662725,363.7320911929231,32.15372393247269
977.33,0.0,363.7320911929231,41.924557021677664
349.22,76.86607142857143,363.7320911929231,248.22134969325154
2913.0,338.7142857142857,363.7320911929231,6.500000000000007
316.44,0.0,363.7320911929231,5.649295550847458
10439.09,106.38125,363.7320911929231,1471.4126865671642
8146.21,-0.0005714285713890743,363.7320911929231,0.0
413.84,486.77029069767445,363.7320911929231,0.0
188.36,351.42589473684217,363.7320911929231,5.0842673796791455
2175.35,31.360000000000127,363.7320911929231,41.924557021677664
51101.0,72904.0,363.7320911929231,72904.0
718.52,115.06428571428569,363.7320911929231,5.649295550847458
776.17,956.9821886792453,363.7320911929231,5.649295550847458
5491.89,544.0854679802956,363.7320911929231,1471.4126865671642
603.92,145.4,363.7320911929231,5.649295550847458
4835.0,114.68700000000001,363.7320911929231,715.124375
500.0,175.0411904761905,363.7320911929231,-58.0
938.29,889.8199999999999,363.7320911929231,3403.419032258065
499.0,351.42589473684217,363.7320911929231,18.41794117647059
570.11,114.68700000000001,363.7320911929231,-0.001315789473683013
435.0,4749.373428571428,363.7320911929231,689.6153846153846
2555.5,111.53585635359119,363.7320911929231,41.924557021677664
494.52,-31.50299212598425,363.7320911929231,-42.132999999999996
819.52,215.1169805194805,363.7320911929231,32.15372393247269
260.12,0.0,363.7320911929231,1910.85
358.19,51.62951923076919,363.7320911929231,247.81440000000003
480.0,106.66666666666667,363.7320911929231,18.41794117647059
3635.64,104.04144736842105,363.7320911929231,41.924557021677664
1886.0,0.0,363.7320911929231,0.0
758.09,175.0411904761905,363.7320911929231,41.97798701298701
365.53,252.6989830508475,363.7320911929231,5.0842673796791455
328.29,315.531675,363.7320911929231,1910.85
1216.0,1006.0,363.7320911929231,248.22134969325154
6339.0,51.62951923076919,363.7320911929231,0.0
1160.0,1621.0,363.7320911929231,464.6008888888889
2140.0,279.65500000000003,363.7320911929231,114.86666666666669
1661.25,106.38125,363.7320911929231,5.649295550847458
1003.11,223.70475409836064,363.7320911929231,32.15372393247269
482.42,315.531675,363.7320911929231,192.9492857142857
588.18,0.0,363.7320911929231,248.22134969325154
478.83,11.689999999999998,363.7320911929231,5.649295550847458
615.78,248.87452991452994,363.7320911929231,32.15372393247269
204.12,252.6989830508475,363.7320911929231,5.0842673796791455
346.82,145.4,363.7320911929231,5.649295550847458
369.0,-40.225445544554454,363.7320911929231,174.47120879120877
2006.82,-116.76999999999998,363.7320911929231,41.924557021677664
883.62,115.06428571428569,363.7320911929231,32.15372393247269
768.0,270.7600688705234,363.7320911929231,1910.85
152.44,315.531675,363.7320911929231,0.0
5969.0,0.0,363.7320911929231,174.47120879120877
421.15,0.0,363.7320911929231,5.649295550847458
657.21,0.0,363.7320911929231,5.0842673796791455
2614.51,472.5091428571429,363.7320911929231,1471.4126865671642
445.51,-31.50299212598425,363.7320911929231,5.0842673796791455
209.88,34.743750000000006,363.7320911929231,13.04352941176471
4754.42,4038.3692307692304,363.7320911929231,174.47120879120877
228.64,0.0,363.7320911929231,0.0
562.48,-31.50299212598425,363.7320911929231,5.0842673796791455
1561.85,0.0,363.7320911929231,-480.9000000000001
8112.12,201.01747572815538,363.7320911929231,301.233181818182
1741.86,539.1600000000001,363.7320911929231,41.924557021677664
1322.95,331.8455357142857,363.7320911929231,32.15372393247269
24948.65,51.62951923076919,363.7320911929231,0.013823529411531452
1420.0,956.9821886792453,363.7320911929231,1910.85
3733.0,508.83510752688176,363.7320911929231,464.6008888888889
315.55,7.646978021978025,363.7320911929231,5.649295550847458
1953.0,262.1247727272727,363.7320911929231,464.6008888888889
1519.72,265.61896265560165,363.7320911929231,32.15372393247269
341.43,94.70999999999998,363.7320911929231,1910.85
371.93,331.8455357142857,363.7320911929231,5.649295550847458
2185.75,-67.28999999999996,363.7320911929231,32.15372393247269
258.52,0.0,363.7320911929231,5.0842673796791455
963.0,83.0,363.7320911929231,29.266851851851854
627.31,187.98075657894734,363.7320911929231,41.97798701298701
252.0,121.71318327974278,363.7320911929231,114.72216216216215
1555.2,1.2000000000000457,363.7320911929231,32.15372393247269
355.0,121.71318327974278,363.7320911929231,226.0
210.0,8.301999999999998,363.7320911929231,13.04352941176471
1854.68,0.0,363.7320911929231,41.924557021677664
1120.0,15.677083333333327,363.7320911929231,0.0
500.0,84.0,363.7320911929231,889.8235294117648
696.65,331.8455357142857,363.7320911929231,32.15372393247269
264.84,110.92583333333334,363.7320911929231,5.0842673796791455
385.0,0.0,363.7320911929231,0.0
2538.67,215.1169805194805,363.7320911929231,694.994625
255.97,381.89819935691315,363.7320911929231,1085.1044444444444
1113.46,106.38125,363.7320911929231,32.15372393247269
227.62,27.634043715847,363.7320911929231,1910.85
2329.45,394.0747826086957,363.7320911929231,669.1571205357143
287.0,137.48202702702702,363.7320911929231,2.9732515337423315
15611.0,115.06428571428569,363.7320911929231,1634.2714285714285
2954.53,215.1169805194805,363.7320911929231,2.127659574468085
359.86,-31.50299212598425,363.7320911929231,5.0842673796791455
4744.0,51.62951923076919,363.7320911929231,55.73203703703703
235.9,381.89819935691315,363.7320911929231,0.0
284.21,-31.50299212598425,363.7320911929231,5.0842673796791455
223.46,0.0,363.7320911929231,5.649295550847458
26316.0,4304.0,363.7320911929231,14714.00484848485
2661.73,24.57199999999999,363.7320911929231,0.0
558.0,56.79416988416988,363.7320911929231,174.47120879120877
1828.0,-171.26999999999998,363.7320911929231,41.924557021677664
207.13,187.98075657894734,363.7320911929231,41.97798701298701
819.0,0.0,363.7320911929231,248.22134969325154
297.0,284.68111111111114,363.7320911929231,421.2039097744361
385.84,123.14413793103449,363.7320911929231,174.47120879120877
250.18,111.53585635359119,363.7320911929231,0.0
314.1,265.61896265560165,363.7320911929231,211.46791666666672
11843.75,121.71318327974278,363.7320911929231,1228.6439795918368
297.25,27.634043715847,363.7320911929231,5.649295550847458
3445.34,381.89819935691315,363.7320911929231,1043.6625
2718.84,123.14413793103449,363.7320911929231,635.6234693877551
619.55,0.0,363.7320911929231,5.649295550847458
769.93,0.0,363.7320911929231,464.6008888888889
379.3,381.89819935691315,363.7320911929231,0.0
726.9,0.0,363.7320911929231,5.0842673796791455
1117.75,902.81,363.7320911929231,5.649295550847458
131.05,201.01747572815538,363.7320911929231,23.371704545454545
361.87,381.89819935691315,363.7320911929231,0.0
260.13,0.0,363.7320911929231,23.371704545454545
1586.0,195.75224913494807,363.7320911929231,248.22134969325154
7254.37,0.0,363.7320911929231,16.512476190476193
442.54,20.863030303030303,363.7320911929231,5.0842673796791455
781.85,0.0,363.7320911929231,5.0842673796791455
272.49,133.17636363636365,363.7320911929231,5.649295550847458
24544.55,22509.083333333332,363.7320911929231,-0.01666666666642413
167.97,0.0,363.7320911929231,5.649295550847458
819.48,147.57999999999993,363.7320911929231,14.872403100775186
34012.0,0.0,363.7320911929231,185.61302013422815
1660.19,-341.95000000000005,363.7320911929231,41.924557021677664
2127.86,43.73999999999978,363.7320911929231,41.924557021677664
1035.16,215.1169805194805,363.7320911929231,694.994625
5365.88,0.0,363.7320911929231,-0.001315789473683013
226.87,114.68700000000001,363.7320911929231,0.01499999999998635
1753.75,-442.0499999999999,363.7320911929231,41.924557021677664
477.76,160.56000000000006,363.7320911929231,41.924557021677664
180.66,111.53585635359119,363.7320911929231,0.0
1156.72,0.0,363.7320911929231,5.649295550847458
2915.0,2994.0,363.7320911929231,669.1571205357143
2842.0,265.61896265560165,363.7320911929231,421.2039097744361
342.69,0.0,363.7320911929231,174.47120879120877
256.04,351.42589473684217,363.7320911929231,5.0842673796791455
3919.0,0.0,363.7320911929231,3.5972222222222223
447.6,51.62951923076919,363.7320911929231,0.0
216.68,883.5747142857142,363.7320911929231,5.0842673796791455
2312.0,3620.0,363.7320911929231,464.6008888888889
1305.0,315.531675,363.7320911929231,18.41794117647059
1255.49,-489.435,363.7320911929231,-189.68178571428575
1622.27,808.4900000000002,363.7320911929231,571.6111111111111
292.23,0.0,363.7320911929231,5.0842673796791455
170.34,265.61896265560165,363.7320911929231,5.649295550847458
283.86,0.0,363.7320911929231,5.649295550847458
768.35,200.0699999999999,363.7320911929231,32.15372393247269
4011.85,0.0,363.7320911929231,16.512476190476193
938.29,283.1751351351351,363.7320911929231,3403.419032258065
1376.0,132.68696,363.7320911929231,72.1
297.0,284.68111111111114,363.7320911929231,-215.65888888888887
499.0,0.0,363.7320911929231,18.41794117647059
2869.65,111.53585635359119,363.7320911929231,18.41794117647059
468.0,315.531675,363.7320911929231,54.444366197183115
4500.0,0.0,363.7320911929231,0.0
355.36,7.646978021978025,363.7320911929231,32.15372393247269
5136.15,187.98075657894734,363.7320911929231,16.512476190476193
392.51,62.26999999999998,363.7320911929231,62.26999999999998
152.95,223.70475409836064,363.7320911929231,23.371704545454545
335.75,0.0,363.7320911929231,0.0
407.0,111.53585635359119,363.7320911929231,0.0
778.15,88.62431952662725,363.7320911929231,32.15372393247269
2978.0,7929.299999999999,363.7320911929231,1228.6439795918368
1210.12,0.0,363.7320911929231,-0.001315789473683013
334.27,0.0,363.7320911929231,16.512476190476193
4825.6,883.5747142857142,363.7320911929231,2111.4774074074076
916.78,175.0411904761905,363.7320911929231,41.97798701298701
17195.0,111.53585635359119,363.7320911929231,1228.6439795918368
1185.66,88.62431952662725,363.7320911929231,41.924557021677664
4060.0,270.7600688705234,363.7320911929231,1537.8174226804128
211.28,315.531675,363.7320911929231,5.649295550847458
219.9,-12.324545454545458,363.7320911929231,571.6111111111111
1292.65,-182.32000000000016,363.7320911929231,41.924557021677664
226.32,351.42589473684217,363.7320911929231,5.0842673796791455
207.13,0.0,363.7320911929231,41.97798701298701
278.0,0.0,363.7320911929231,23.371704545454545
323.26,0.0,363.7320911929231,18.41794117647059
1700.0,132.68696,363.7320911929231,635.6234693877551
979.08,0.0,363.7320911929231,-0.001315789473683013
329.82,215.1169805194805,363.7320911929231,32.15372393247269
1716.21,270.7600688705234,363.7320911929231,5.0842673796791455
352.0,-17.0,363.7320911929231,14.872403100775186
328.3,175.0411904761905,363.7320911929231,18.41794117647059
1370.75,204.78,363.7320911929231,41.924557021677664
314.32,0.0,363.7320911929231,5.649295550847458
1005.59,-123.38,363.7320911929231,41.924557021677664
877.71,315.531675,363.7320911929231,41.924557021677664
4766.0,315.531675,363.7320911929231,174.47120879120877
2309.8,0.0,363.7320911929231,0.0
317.22,508.83510752688176,363.7320911929231,5.649295550847458
173.65,149.50630630630627,363.7320911929231,5.649295550847458
364.47,-56.52000000000004,363.7320911929231,41.924557021677664
9857.85,215.1169805194805,363.7320911929231,2.127659574468085
625.58,88.62431952662725,363.7320911929231,32.15372393247269
408.94,0.0,363.7320911929231,174.47120879120877
1043.63,265.61896265560165,363.7320911929231,635.6234693877551
705.83,0.0,363.7320911929231,5.0842673796791455
435.0,815.0,363.7320911929231,407.5
929.1,175.0411904761905,363.7320911929231,-0.001315789473683013
254.78,215.1169805194805,363.7320911929231,41.924557021677664
906.47,351.42589473684217,363.7320911929231,-294.73
907.03,215.1169805194805,363.7320911929231,32.15372393247269
1938.85,456.47955974842785,363.7320911929231,0.0
5241.4,132.68696,363.7320911929231,0.0
846.82,149.50630630630627,363.7320911929231,5.0842673796791455
1199.58,106.38125,363.7320911929231,32.15372393247269
3044.02,331.94499999999994,363.7320911929231,32.15372393247269
303.53,187.98075657894734,363.7320911929231,41.924557021677664
578.85,0.0,363.7320911929231,5.649295550847458
2344.0,0.0,363.7320911929231,114.72216216216215
855.74,133.17636363636365,363.7320911929231,32.15372393247269
209.33,-10.89734042553192,363.7320911929231,185.61302013422815
6806.44,0.0,363.7320911929231,54.444366197183115
813.0,-10.200000000000044,363.7320911929231,55.73203703703703
316.44,0.0,363.7320911929231,5.649295550847458
250.0,76.86607142857143,363.7320911929231,141.12833333333333
647.0,257.0,363.7320911929231,464.6008888888889
1560.39,24.57199999999999,363.7320911929231,41.924557021677664
370.0,270.7600688705234,363.7320911929231,0.0
4526.12,0.0,363.7320911929231,3403.419032258065
1051.73,65.44000000000005,363.7320911929231,41.924557021677664
1160.0,486.77029069767445,363.7320911929231,464.6008888888889
202.07,0.0,363.7320911929231,1910.85
277.5,-10.89734042553192,363.7320911929231,5.0842673796791455
166.0,223.70475409836064,363.7320911929231,499.0127272727272
2518.39,114.68700000000001,363.7320911929231,41.97798701298701
906.51,114.01,363.7320911929231,41.924557021677664
2919.96,201.01747572815538,363.7320911929231,41.924557021677664
2500.0,0.0,363.7320911929231,114.72216216216215
3445.0,381.89819935691315,363.7320911929231,694.994625
257.97,121.71318327974278,363.7320911929231,0.0199999999999818
287.17,7.646978021978025,363.7320911929231,2.9732515337423315
398.37,0.0,363.7320911929231,5.0842673796791455
316.73,-0.0005714285713890743,363.7320911929231,5.0842673796791455
183.92,145.4,363.7320911929231,32.15372393247269
1058.99,381.89819935691315,363.7320911929231,1085.1044444444444
2002.79,111.53585635359119,363.7320911929231,41.924557021677664
408.94,-23.840000000000018,363.7320911929231,174.47120879120877
202.07,187.98075657894734,363.7320911929231,1910.85
2026.05,-10.89734042553192,363.7320911929231,5.0842673796791455
5452.72,311.55612903225807,363.7320911929231,0.0
8416.19,-2308.3200000000006,363.7320911929231,-480.9000000000001
277.0,270.7600688705234,363.7320911929231,1910.85
430.76,270.7600688705234,363.7320911929231,669.1571205357143
11076.48,111.53585635359119,363.7320911929231,0.007272727272885999
561.74,111.53585635359119,363.7320911929231,2.9732515337423315
530.2,0.0,363.7320911929231,5.649295550847458
494.52,-31.50299212598425,363.7320911929231,-42.132999999999996
809.25,-206.05999999999997,363.7320911929231,5.649295550847458
410.26,315.531675,363.7320911929231,54.444366197183115
1500.11,508.83510752688176,363.7320911929231,32.15372393247269
2355.56,-432.26,363.7320911929231,41.924557021677664
4225.59,0.0,363.7320911929231,41.924557021677664
1467.44,51.62951923076919,363.7320911929231,32.15372393247269
9265.0,0.0,363.7320911929231,669.1571205357143
195.38,0.0,363.7320911929231,5.649295550847458
540.24,-71.32,363.7320911929231,41.924557021677664
177.34,0.0,363.7320911929231,113.0609756097561
1092.9,-20.40000000000009,363.7320911929231,32.15372393247269
1188.46,-290.46000000000004,363.7320911929231,41.924557021677664
423.67,0.0,363.7320911929231,5.649295550847458
417.53,315.531675,363.7320911929231,760.053
763.0,260.3768181818182,363.7320911929231,301.233181818182
370.0,270.7600688705234,363.7320911929231,0.0
17673.0,175.0411904761905,363.7320911929231,16.727272727272727
1632.93,-12.324545454545458,363.7320911929231,32.15372393247269
5550.0,0.0,363.7320911929231,174.47120879120877
4744.0,51.62951923076919,363.7320911929231,0.0
437.21,315.531675,363.7320911929231,113.0609756097561
2842.0,265.61896265560165,363.7320911929231,421.2039097744361
1487.41,88.62431952662725,363.7320911929231,185.61302013422815
1200.14,270.7600688705234,363.7320911929231,41.924557021677664
51101.0,72904.0,363.7320911929231,72904.0
170.49,-40.225445544554454,363.7320911929231,5.649295550847458
411.16,28.96202247191011,363.7320911929231,32.15372393247269
222.77,0.0,363.7320911929231,5.0842673796791455
562.48,-31.50299212598425,363.7320911929231,5.0842673796791455
295.24,0.0,363.7320911929231,5.649295550847458
627.31,0.0,363.7320911929231,41.97798701298701
192.67,0.0,363.7320911929231,5.649295550847458
1255.49,4749.373428571428,363.7320911929231,-189.68178571428575
631.49,486.77029069767445,363.7320911929231,5.649295550847458
5961.0,0.0,363.7320911929231,715.124375
1240.93,106.38125,363.7320911929231,32.15372393247269
215.79,27.634043715847,363.7320911929231,5.0842673796791455
7196.47,381.89819935691315,363.7320911929231,1085.1044444444444
1138.72,-12.324545454545458,363.7320911929231,5.649295550847458
192.93,27.634043715847,363.7320911929231,5.649295550847458
1381.84,175.0411904761905,363.7320911929231,1228.6439795918368
1605.0,195.75224913494807,363.7320911929231,248.22134969325154
4079.95,0.0,363.7320911929231,248.22134969325154
711.01,0.0,363.7320911929231,0.0
515.69,0.0,363.7320911929231,5.649295550847458
439.82,508.83510752688176,363.7320911929231,5.649295550847458
897.45,195.75224913494807,363.7320911929231,41.924557021677664
10228.0,1179.0,363.7320911929231,669.1571205357143
720.72,6.324500000000002,363.7320911929231,5.0842673796791455
212.81,-12.324545454545458,363.7320911929231,174.47120879120877
2915.0,2994.0,363.7320911929231,669.1571205357143
1866.49,260.3768181818182,363.7320911929231,32.15372393247269
260.37,0.0,363.7320911929231,41.97798701298701
192.93,27.634043715847,363.7320911929231,5.649295550847458
1473.0,195.75224913494807,363.7320911929231,248.22134969325154
1006.45,104.04144736842105,363.7320911929231,135.61071428571432
319.75,381.89819935691315,363.7320911929231,0.0
735.2,195.75224913494807,363.7320911929231,248.22134969325154
794.7,56.79416988416988,363.7320911929231,41.924557021677664
230.45,110.92583333333334,363.7320911929231,5.0842673796791455
1060.16,195.75224913494807,363.7320911929231,5.649295550847458
1354.0,265.61896265560165,363.7320911929231,174.47120879120877
609.0,114.68700000000001,363.7320911929231,159.6880821917808
450.65,-0.0005714285713890743,363.7320911929231,5.649295550847458
2298.0,175.0411904761905,363.7320911929231,715.124375
325.0,177.61824742268038,363.7320911929231,141.12833333333333
1105.25,486.77029069767445,363.7320911929231,41.924557021677664
1253.26,-157.48000000000002,363.7320911929231,41.924557021677664
467.93,7.646978021978025,363.7320911929231,5.649295550847458
209.38,456.47955974842785,363.7320911929231,174.47120879120877
5940.47,0.0,363.7320911929231,0.0
867.09,6.324500000000002,363.7320911929231,5.0842673796791455
154.28,956.9821886792453,363.7320911929231,114.72216216216215
186.21,121.08398843930635,363.7320911929231,114.72216216216215
5060.0,155.76687499999994,363.7320911929231,715.124375
412.3,270.7600688705234,363.7320911929231,669.1571205357143
1953.0,1410.0,363.7320911929231,464.6008888888889
640.18,111.53585635359119,363.7320911929231,5.649295550847458
220.89,145.4,363.7320911929231,5.649295550847458
538.71,115.06428571428569,363.7320911929231,5.649295550847458
280.75,270.7600688705234,363.7320911929231,41.924557021677664
325.0,225.0,363.7320911929231,141.12833333333333
900.05,28.96202247191011,363.7320911929231,32.15372393247269
578.98,351.42589473684217,363.7320911929231,5.0842673796791455
2356.19,223.70475409836064,363.7320911929231,41.924557021677664
215.17,0.0,363.7320911929231,18.41794117647059
311.0,2.509333333333355,363.7320911929231,0.0
450.65,0.0,363.7320911929231,5.649295550847458
962.84,84.17714285714281,363.7320911929231,32.15372393247269
350.69,-38.629999999999995,363.7320911929231,5.649295550847458
154.73,0.0,363.7320911929231,0.0
614.0,195.75224913494807,363.7320911929231,248.22134969325154
529.54,59.110000000000014,363.7320911929231,5.649295550847458
405.2,0.0,363.7320911929231,0.0
281.35,381.89819935691315,363.7320911929231,669.1571205357143
1181.76,176.97000000000003,363.7320911929231,41.924557021677664
2208.68,215.1169805194805,363.7320911929231,32.15372393247269
255.88,265.61896265560165,363.7320911929231,5.649295550847458
396.17,215.1169805194805,363.7320911929231,5.649295550847458
1813.0,544.0854679802956,363.7320911929231,332.426829268293
414.15,0.0,363.7320911929231,0.0
385.0,265.61896265560165,363.7320911929231,0.0
348.72,508.83510752688176,363.7320911929231,32.15372393247269
1024.91,0.0,363.7320911929231,0.0
1258.13,270.7600688705234,363.7320911929231,5.0842673796791455
7196.47,215.1169805194805,363.7320911929231,1085.1044444444444
2147.62,10.175,363.7320911929231,174.47120879120877
294.13,-8.839999999999975,363.7320911929231,5.649295550847458
166.66,472.5091428571429,363.7320911929231,0.0
379.0,265.61896265560165,363.7320911929231,174.47120879120877
968.92,544.0854679802956,363.7320911929231,14.872403100775186
186.8,270.7600688705234,363.7320911929231,2.9732515337423315
670.9,-10.89734042553192,363.7320911929231,5.0842673796791455
1376.56,131.69444444444457,363.7320911929231,32.15372393247269
199.5,121.08398843930635,363.7320911929231,5.649295550847458
262.37,81.39999999999998,363.7320911929231,5.649295550847458
519.0,0.0,363.7320911929231,248.22134969325154
1525.1,0.0,363.7320911929231,41.924557021677664
1595.55,262.1247727272727,363.7320911929231,464.6008888888889
1113.46,106.38125,363.7320911929231,32.15372393247269
819.0,0.0,363.7320911929231,248.22134969325154
360.81,381.89819935691315,363.7320911929231,0.0
329.0,315.531675,363.7320911929231,174.47120879120877
262.0,315.531675,363.7320911929231,113.0609756097561
625.61,456.47955974842785,363.7320911929231,5.0842673796791455
625.61,-0.0005714285713890743,363.7320911929231,5.0842673796791455
17195.0,0.0,363.7320911929231,1228.6439795918368
1710.3,1681.91,363.7320911929231,41.924557021677664
4939.78,-12.324545454545458,363.7320911929231,29.266851851851854
558.12,0.0,363.7320911929231,23.371704545454545
1063.57,956.9821886792453,363.7320911929231,41.924557021677664
713.35,0.0,363.7320911929231,16.512476190476193
6941.4,0.0,363.7320911929231,0.0
1661.25,106.38125,363.7320911929231,5.649295550847458
693.97,270.7600688705234,363.7320911929231,5.0842673796791455
206.13,486.77029069767445,363.7320911929231,5.649295550847458
160.0,1496.022692307692,363.7320911929231,-189.68178571428575
828.58,1.7899999999999636,363.7320911929231,41.924557021677664
1439.77,0.0,363.7320911929231,41.924557021677664
6684.0,267.17,363.7320911929231,669.1571205357143
642.24,-69.73000000000002,363.7320911929231,5.649295550847458
398.51,0.0,363.7320911929231,5.0842673796791455
6684.81,0.0,363.7320911929231,0.0
2565.0,469.98,363.7320911929231,421.2039097744361
10228.0,1179.0,363.7320911929231,669.1571205357143
309.58,381.89819935691315,363.7320911929231,0.0
456.88,-10.89734042553192,363.7320911929231,5.0842673796791455
1043.63,265.61896265560165,363.7320911929231,635.6234693877551
169.06,0.0,363.7320911929231,113.0609756097561
2047.4,0.0,363.7320911929231,464.6008888888889
315.21,0.0,363.7320911929231,5.649295550847458
258.52,27.634043715847,363.7320911929231,5.0842673796791455
172.0,88.62431952662725,363.7320911929231,174.47120879120877
399.2,56.79416988416988,363.7320911929231,0.0
679.0,0.0,363.7320911929231,174.47120879120877
8379.62,111.53585635359119,363.7320911929231,0.007272727272885999
3635.64,166.32,363.7320911929231,32.15372393247269
499.88,248.87452991452994,363.7320911929231,5.649295550847458
268.98,252.6989830508475,363.7320911929231,5.0842673796791455
504.0,-31.50299212598425,363.7320911929231,5.649295550847458
2798.0,0.0,363.7320911929231,14.872403100775186
638.29,429.22,363.7320911929231,32.15372393247269
1264.9,149.50630630630627,363.7320911929231,5.0842673796791455
395.25,133.17636363636365,363.7320911929231,5.649295550847458
887.28,25.75,363.7320911929231,41.924557021677664
2177.54,177.61824742268038,363.7320911929231,41.924557021677664
293.5,270.7600688705234,363.7320911929231,0.0
3792.0,1297.0,363.7320911929231,114.72216216216215
159.77,270.7600688705234,363.7320911929231,0.0
151.0,137.48202702702702,363.7320911929231,159.6880821917808
1772.7,132.06352941176476,363.7320911929231,32.15372393247269
886.69,0.0,363.7320911929231,5.649295550847458
2658.34,520.001304347826,363.7320911929231,669.1571205357143
1324.84,88.62431952662725,363.7320911929231,32.15372393247269
769.93,381.89819935691315,363.7320911929231,464.6008888888889
1740.0,175.0411904761905,363.7320911929231,669.1571205357143
162.55,28.96202247191011,363.7320911929231,41.924557021677664
1388.59,0.0,363.7320911929231,41.924557021677664
2000.0,381.89819935691315,363.7320911929231,0.0
311.18,351.42589473684217,363.7320911929231,5.0842673796791455
305.12,-11.379999999999995,363.7320911929231,5.649295550847458
2175.35,31.360000000000127,363.7320911929231,41.924557021677664
311.02,175.0411904761905,363.7320911929231,5.0842673796791455
157.62,0.0,363.7320911929231,5.649295550847458
1359.81,28.96202247191011,363.7320911929231,32.15372393247269
481.03,149.50630630630627,363.7320911929231,669.1571205357143
2089.94,113.50999999999976,363.7320911929231,41.924557021677664
1457.0,0.0,363.7320911929231,6.500000000000007
734.0,0.0099999999999909,363.7320911929231,55.73203703703703
1230.27,187.98075657894734,363.7320911929231,16.512476190476193
154.28,956.9821886792453,363.7320911929231,114.72216216216215
1187.47,104.04144736842105,363.7320911929231,41.924557021677664
473.0,0.0,363.7320911929231,233.79176470588237
277.5,-10.89734042553192,363.7320911929231,5.0842673796791455
163.61,0.0,363.7320911929231,174.47120879120877
810.99,22509.083333333332,363.7320911929231,-0.01666666666642413
890.33,270.7600688705234,363.7320911929231,5.0842673796791455
1938.85,456.47955974842785,363.7320911929231,0.0
2010.2,-40.225445544554454,363.7320911929231,32.15372393247269
6654.0,956.9821886792453,363.7320911929231,715.124375
402.0,195.75224913494807,363.7320911929231,1258.623466666667
1168.0,1496.022692307692,363.7320911929231,-189.68178571428575
163.86,215.1169805194805,363.7320911929231,5.649295550847458
368.63,508.83510752688176,363.7320911929231,5.649295550847458
5748.04,283.1751351351351,363.7320911929231,3403.419032258065
207.45,119.42769230769233,363.7320911929231,5.0842673796791455
325.0,133.17636363636365,363.7320911929231,141.12833333333333
8797.0,2459.0,363.7320911929231,669.1571205357143
530.2,315.531675,363.7320911929231,5.649295550847458
190.0,121.71318327974278,363.7320911929231,114.72216216216215
170.34,-22.950000000000017,363.7320911929231,5.649295550847458
250.0,254.8,363.7320911929231,141.12833333333333
2838.86,121.08398843930635,363.7320911929231,-480.9000000000001
206.88,56.79416988416988,363.7320911929231,0.0
228.64,215.1169805194805,363.7320911929231,0.0
942.64,84.17714285714281,363.7320911929231,614.4600000000002
227.96,0.0,363.7320911929231,41.97798701298701
650.85,883.5747142857142,363.7320911929231,0.0
809.25,-206.05999999999997,363.7320911929231,5.649295550847458
2379.84,394.0747826086957,363.7320911929231,669.1571205357143
197.0,0.0,363.7320911929231,5.649295550847458
186.29,0.0,363.7320911929231,5.649295550847458
361.24,508.83510752688176,363.7320911929231,5.649295550847458
493.42,283.1751351351351,363.7320911929231,5.0842673796791455
235.9,0.0,363.7320911929231,0.0
614.48,-169.72000000000003,363.7320911929231,41.924557021677664
836.42,-6.242500000000002,363.7320911929231,0.0011764705882609705
323.26,283.1751351351351,363.7320911929231,18.41794117647059
825.0,0.0,363.7320911929231,421.2039097744361
365.53,351.42589473684217,363.7320911929231,5.0842673796791455
1103.86,-18.449999999999815,363.7320911929231,41.924557021677664
1338.14,-13.702777777777762,363.7320911929231,41.924557021677664
479.37,106.38125,363.7320911929231,5.649295550847458
251.62,472.5091428571429,363.7320911929231,5.649295550847458
438.44,270.7600688705234,363.7320911929231,5.0842673796791455
31580.0,223.70475409836064,363.7320911929231,2512.6315789473683
345.38,175.0411904761905,363.7320911929231,5.0842673796791455
504.76,0.0,363.7320911929231,5.0842673796791455
2501.0,0.0,363.7320911929231,464.6008888888889
325.0,132.68696,363.7320911929231,141.12833333333333
323.98,27.634043715847,363.7320911929231,5.0842673796791455
4144.41,2262.49,363.7320911929231,185.61302013422815
158.0,315.531675,363.7320911929231,54.444366197183115
1672.7,111.53585635359119,363.7320911929231,1572.5226666666665
209.33,-10.89734042553192,363.7320911929231,185.61302013422815
1077.46,-277.76,363.7320911929231,41.924557021677664
225.71,6.324500000000002,363.7320911929231,1910.85
369.77,133.51,363.7320911929231,5.649295550847458
227.62,27.634043715847,363.7320911929231,1910.85
7877.0,4041.2,363.7320911929231,1258.623466666667
2271.86,2025.4199999999996,363.7320911929231,41.924557021677664
4287.59,1121.41,363.7320911929231,3403.419032258065
325.0,145.4,363.7320911929231,141.12833333333333
508.76,270.7600688705234,363.7320911929231,5.0842673796791455
196.4,0.0,363.7320911929231,41.97798701298701
1317.6,-180.43999999999983,363.7320911929231,41.924557021677664
685.76,283.1751351351351,363.7320911929231,-75.0
218.6,133.17636363636365,363.7320911929231,174.47120879120877
4744.0,51.62951923076919,363.7320911929231,55.73203703703703
5969.0,0.0,363.7320911929231,174.47120879120877
480.0,106.66666666666667,363.7320911929231,18.41794117647059
631.49,248.87452991452994,363.7320911929231,5.649295550847458
3029.0,0.0399999999999636,363.7320911929231,0.01499999999998635
325.0,133.17636363636365,363.7320911929231,141.12833333333333
7844.25,410.75,363.7320911929231,669.1571205357143
900.05,0.0,363.7320911929231,41.924557021677664
305.0,508.83510752688176,363.7320911929231,0.0
200.77,121.71318327974278,363.7320911929231,114.72216216216215
558.0,56.79416988416988,363.7320911929231,174.47120879120877
2898.28,0.0,363.7320911929231,16.512476190476193
205.0,28.96202247191011,363.7320911929231,2512.6315789473683
1258.13,149.50630630630627,363.7320911929231,5.0842673796791455
2002.0,0.0,363.7320911929231,5.730666666666669
63246.0,223.70475409836064,363.7320911929231,0.0
500.0,-58.0,363.7320911929231,-58.0
768.35,200.0699999999999,363.7320911929231,32.15372393247269
6708.0,381.89819935691315,363.7320911929231,2.127659574468085
336.0,51.62951923076919,363.7320911929231,0.0
2111.95,215.1169805194805,363.7320911929231,32.15372393247269
314.09,0.0,363.7320911929231,0.0
7612.33,123.14413793103449,363.7320911929231,0.0
500.48,0.0,363.7320911929231,18.41794117647059
259.64,883.5747142857142,363.7320911929231,5.0842673796791455
1252.92,215.1169805194805,363.7320911929231,32.15372393247269
184.71,0.0,363.7320911929231,0.0
540.24,-71.32,363.7320911929231,41.924557021677664
1588.4,-172.5,363.7320911929231,41.924557021677664
237.28,0.0,363.7320911929231,5.649295550847458
471.0,260.3768181818182,363.7320911929231,14.872403100775186
225.17,0.0,363.7320911929231,5.649295550847458
325.0,883.5747142857142,363.7320911929231,141.12833333333333
177.77,27.634043715847,363.7320911929231,5.0842673796791455
973.07,381.89819935691315,363.7320911929231,0.0
385.57,270.7600688705234,363.7320911929231,5.0842673796791455
206.54,0.0,363.7320911929231,5.649295550847458
305.19,195.75224913494807,363.7320911929231,0.0
329.82,215.1169805194805,363.7320911929231,32.15372393247269
5940.47,76.86607142857143,363.7320911929231,0.0
216.97,145.4,363.7320911929231,32.15372393247269
159.85,27.634043715847,363.7320911929231,5.0842673796791455
10088.0,-12.324545454545458,363.7320911929231,159.6880821917808
1273.72,0.0,363.7320911929231,5.649295550847458
1909.98,270.7600688705234,363.7320911929231,32.15372393247269
157.69,215.1169805194805,363.7320911929231,5.649295550847458
1260.74,278.87857142857143,363.7320911929231,32.15372393247269
679.0,315.531675,363.7320911929231,174.47120879120877
1209.0,175.0411904761905,363.7320911929231,1537.8174226804128
521.36,486.77029069767445,363.7320911929231,715.124375
198.71,215.1169805194805,363.7320911929231,0.0
6291.69,-2940.0699999999997,363.7320911929231,41.924557021677664
500.88,6.324500000000002,363.7320911929231,5.0842673796791455
920.47,121.08398843930635,363.7320911929231,32.15372393247269
4766.0,315.531675,363.7320911929231,174.47120879120877
1892.0,-36.7,363.7320911929231,-215.65888888888887
359.86,-31.50299212598425,363.7320911929231,5.0842673796791455
188.36,351.42589473684217,363.7320911929231,5.0842673796791455
832.25,0.0,363.7320911929231,0.0
28466.0,22509.083333333332,363.7320911929231,14714.00484848485
2407.67,381.89819935691315,363.7320911929231,1085.1044444444444
169.06,123.14413793103449,363.7320911929231,113.0609756097561
1577.57,-486.485,363.7320911929231,14714.00484848485
423.15,0.0,363.7320911929231,5.649295550847458
442.42,0.0,363.7320911929231,0.0
339.35,315.531675,363.7320911929231,1471.4126865671642
1863.09,647.05,363.7320911929231,41.924557021677664
1253.26,-157.48000000000002,363.7320911929231,41.924557021677664
1938.85,456.47955974842785,363.7320911929231,0.0
414.15,56.79416988416988,363.7320911929231,0.0
320.47,265.61896265560165,363.7320911929231,18.41794117647059
402.27,381.89819935691315,363.7320911929231,0.0
143.23,270.7600688705234,363.7320911929231,23.371704545454545
9265.0,0.0,363.7320911929231,669.1571205357143
348.72,956.9821886792453,363.7320911929231,41.924557021677664
973.07,0.0,363.7320911929231,0.0
183.99,270.7600688705234,363.7320911929231,0.0
1454.67,351.16999999999985,363.7320911929231,41.924557021677664
627.31,187.98075657894734,363.7320911929231,41.97798701298701
540.02,381.89819935691315,363.7320911929231,694.994625
5357.0,-17.0,363.7320911929231,174.47120879120877
102.4,145.4,363.7320911929231,23.371704545454545
611.8,508.83510752688176,363.7320911929231,18.41794117647059
499.79,121.71318327974278,363.7320911929231,5.649295550847458
11816.4,0.0,363.7320911929231,0.0
258.52,20.863030303030303,363.7320911929231,5.0842673796791455
875.79,6.324500000000002,363.7320911929231,5.0842673796791455
685.76,-75.0,363.7320911929231,-75.0
1700.0,132.68696,363.7320911929231,635.6234693877551
860.37,270.7600688705234,363.7320911929231,5.0842673796791455
549.28,0.0,363.7320911929231,5.649295550847458
3251.0,121.77833333333335,363.7320911929231,174.47120879120877
859.41,187.98075657894734,363.7320911929231,-0.003103448275859245
1164.69,381.89819935691315,363.7320911929231,571.6111111111111
1058.99,699.52,363.7320911929231,1085.1044444444444
2920.69,-23.697499999999962,363.7320911929231,41.924557021677664
483.87,351.42589473684217,363.7320911929231,5.0842673796791455
163.51,381.89819935691315,363.7320911929231,5.649295550847458
1219.48,381.89819935691315,363.7320911929231,185.61302013422815
930.86,472.5091428571429,363.7320911929231,41.924557021677664
452.81,145.4,363.7320911929231,5.649295550847458
1939.23,381.89819935691315,363.7320911929231,41.924557021677664
1368.0,9.916666666666666,363.7320911929231,174.47120879120877
513.99,187.98075657894734,363.7320911929231,-0.001315789473683013
1745.0,265.61896265560165,363.7320911929231,32.15372393247269
467.0,0.0,363.7320911929231,5.0842673796791455
685.99,508.83510752688176,363.7320911929231,32.15372393247269
718.52,0.0,363.7320911929231,5.649295550847458
1299.36,223.70475409836064,363.7320911929231,41.924557021677664
3733.0,956.9821886792453,363.7320911929231,464.6008888888889
224.85,270.7600688705234,363.7320911929231,5.0842673796791455
917.91,47.389999999999986,363.7320911929231,5.649295550847458
742.43,145.4,363.7320911929231,32.15372393247269
2641.37,104.04144736842105,363.7320911929231,41.924557021677664
3546.94,262.1247727272727,363.7320911929231,174.47120879120877
30274.0,-0.2744444444444475,363.7320911929231,0.0
297.88,248.87452991452994,363.7320911929231,0.0
237.52,270.7600688705234,363.7320911929231,0.0
166.86,-40.225445544554454,363.7320911929231,0.0
339.87,0.0,363.7320911929231,0.0
8087.0,381.89819935691315,363.7320911929231,0.0
5281.94,201.01747572815538,363.7320911929231,3403.419032258065
169.06,-0.0133333333333212,363.7320911929231,114.86666666666669
609.0,175.0411904761905,363.7320911929231,1910.85
1209.0,114.68700000000001,363.7320911929231,1537.8174226804128
31876.39,0.0100000000020372,363.7320911929231,3403.419032258065
424.81,486.77029069767445,363.7320911929231,0.0
980.45,111.53585635359119,363.7320911929231,669.1571205357143
3631.0,39.93307692307693,363.7320911929231,55.73203703703703
287.17,7.646978021978025,363.7320911929231,2.9732515337423315
287.0,177.61824742268038,363.7320911929231,2.9732515337423315
621.87,104.04144736842105,363.7320911929231,3.5972222222222223
335.97,123.14413793103449,363.7320911929231,0.0
278.1,-40.225445544554454,363.7320911929231,5.649295550847458
2838.86,0.0,363.7320911929231,0.0
645.0,106.38125,363.7320911929231,398.3342857142857
512.43,201.01747572815538,363.7320911929231,5.0842673796791455
298.26,175.0411904761905,363.7320911929231,0.0
153.61,-49.93000000000001,363.7320911929231,41.924557021677664
304.44,51.56,363.7320911929231,6.500000000000007
3631.0,-13.702777777777762,363.7320911929231,55.73203703703703
2565.63,-246.2800000000002,363.7320911929231,41.924557021677664
2869.65,111.53585635359119,363.7320911929231,18.41794117647059
1712.0,149.50630630630627,363.7320911929231,456.69565217391306
325.0,145.4,363.7320911929231,141.12833333333333
3635.64,-109.30999999999996,363.7320911929231,41.924557021677664
1679.75,-12.324545454545458,363.7320911929231,5.649295550847458
1452.43,115.06428571428569,363.7320911929231,32.15372393247269
1659.12,-60.51692307692301,363.7320911929231,32.15372393247269
3860.35,883.5747142857142,363.7320911929231,2111.4774074074076
4825.6,3513.3999999999996,363.7320911929231,2111.4774074074076
347.15,956.9821886792453,363.7320911929231,18.41794117647059
404.0,544.0854679802956,363.7320911929231,174.47120879120877
1938.85,456.47955974842785,363.7320911929231,0.0
228.39,-3.019999999999982,363.7320911929231,5.0842673796791455
302.88,0.0,363.7320911929231,5.649295550847458
1173.0,919.0,363.7320911929231,114.72216216216215
349.22,187.98075657894734,363.7320911929231,248.22134969325154
1436.49,29.059999999999945,363.7320911929231,41.924557021677664
702.52,39.93307692307693,363.7320911929231,32.15372393247269
159.77,270.7600688705234,363.7320911929231,0.0
2082.69,265.61896265560165,363.7320911929231,41.924557021677664
3685.0,0.0,363.7320911929231,14714.00484848485
210.0,6.939999999999998,363.7320911929231,41.924557021677664
1264.0,106.38125,363.7320911929231,247.81440000000003
938.29,110.92583333333334,363.7320911929231,3403.419032258065
200.67,132.68696,363.7320911929231,5.649295550847458
2723.39,106.38125,363.7320911929231,32.15372393247269
150.92,265.61896265560165,363.7320911929231,23.371704545454545
538.0,0.0,363.7320911929231,1910.85
253.99,486.77029069767445,363.7320911929231,5.649295550847458
483.88,555.2500000000001,363.7320911929231,760.053
1604.69,0.0,363.7320911929231,0.0
500.0,114.68700000000001,363.7320911929231,-58.0
10088.0,0.0,363.7320911929231,669.1571205357143
574.26,270.7600688705234,363.7320911929231,5.0842673796791455
1486.4,394.0747826086957,363.7320911929231,669.1571205357143
489.62,486.77029069767445,363.7320911929231,0.0
179.18,0.0,363.7320911929231,5.649295550847458
274.06,111.53585635359119,363.7320911929231,5.649295550847458
359.47,51.62951923076919,363.7320911929231,174.47120879120877
275.63,20.863030303030303,363.7320911929231,0.0
348.31,0.0,363.7320911929231,0.0
305.19,195.75224913494807,363.7320911929231,0.0
255.69,0.0,363.7320911929231,18.41794117647059
173.03,88.62431952662725,363.7320911929231,185.61302013422815
412.3,270.7600688705234,363.7320911929231,669.1571205357143
563.0,956.9821886792453,363.7320911929231,0.0
275.63,27.634043715847,363.7320911929231,0.0
494.52,-74.12222222222222,363.7320911929231,-42.132999999999996
4060.0,270.7600688705234,363.7320911929231,1537.8174226804128
251.98,48.47,363.7320911929231,48.47
750.81,-123.89999999999998,363.7320911929231,41.924557021677664
735.2,195.75224913494807,363.7320911929231,248.22134969325154
249.43,315.531675,363.7320911929231,185.61302013422815
198.7,270.7600688705234,363.7320911929231,669.1571205357143
497.09,201.01747572815538,363.7320911929231,5.0842673796791455
1546.27,76.86607142857143,363.7320911929231,32.15372393247269
319.42,315.531675,363.7320911929231,174.47120879120877
546.44,-74.34000000000003,363.7320911929231,41.924557021677664
2496.0,62.043461538461536,363.7320911929231,421.2039097744361
172.0,0.0,363.7320911929231,174.47120879120877
210.79,133.17636363636365,363.7320911929231,5.0842673796791455
10151.04,45397.86,363.7320911929231,19198.74
1103.9,956.9821886792453,363.7320911929231,41.924557021677664
399.2,56.79416988416988,363.7320911929231,0.0
194.93,1.7699999999999818,363.7320911929231,23.371704545454545
1035.16,834.8399999999999,363.7320911929231,694.994625
504.0,-31.50299212598425,363.7320911929231,5.649295550847458
10228.0,1179.0,363.7320911929231,669.1571205357143
5969.0,0.0,363.7320911929231,174.47120879120877
1167.55,315.531675,363.7320911929231,174.47120879120877
189.31,111.53585635359119,363.7320911929231,5.649295550847458
1555.13,177.61824742268038,363.7320911929231,41.924557021677664
3241.56,15.677083333333327,363.7320911929231,41.924557021677664
474.23,6.324500000000002,363.7320911929231,0.0
164.89,351.42589473684217,363.7320911929231,5.0842673796791455
206.9,6.324500000000002,363.7320911929231,5.0842673796791455
355.36,7.646978021978025,363.7320911929231,32.15372393247269
2998.34,544.0854679802956,363.7320911929231,174.47120879120877
359.86,-74.12222222222222,363.7320911929231,5.0842673796791455
799.64,0.0,363.7320911929231,14.872403100775186
564.05,351.42589473684217,363.7320911929231,5.0842673796791455
2089.94,113.50999999999976,363.7320911929231,41.924557021677664
174.96,265.61896265560165,363.7320911929231,2.9732515337423315
1430.56,7.646978021978025,363.7320911929231,32.15372393247269
322.49,0.0,363.7320911929231,5.0842673796791455
1794.0,1200.7358333333332,363.7320911929231,760.053
227.59,381.89819935691315,363.7320911929231,0.0
846.82,270.7600688705234,363.7320911929231,5.0842673796791455
1533.87,311.55612903225807,363.7320911929231,41.924557021677664
562.98,27.634043715847,363.7320911929231,5.0842673796791455
287.17,56.79416988416988,363.7320911929231,2.9732515337423315
430.76,0.0,363.7320911929231,669.1571205357143
5748.04,283.1751351351351,363.7320911929231,3403.419032258065
791.17,279.46000000000015,363.7320911929231,41.924557021677664
268.98,252.6989830508475,363.7320911929231,5.0842673796791455
493.42,283.1751351351351,363.7320911929231,5.0842673796791455
512.98,248.87452991452994,363.7320911929231,5.649295550847458
662.44,164.14999999999998,363.7320911929231,41.924557021677664
688.74,544.0854679802956,363.7320911929231,174.47120879120877
561.91,6.324500000000002,363.7320911929231,5.0842673796791455
4997.04,270.7600688705234,363.7320911929231,5.0842673796791455
343.54,0.0,363.7320911929231,5.649295550847458
304.83,114.68700000000001,363.7320911929231,5.649295550847458
781.85,6.324500000000002,363.7320911929231,5.0842673796791455
1595.55,262.1247727272727,363.7320911929231,464.6008888888889
2111.95,-676.4899999999998,363.7320911929231,41.924557021677664
2400.0,287.41615384615386,363.7320911929231,233.79176470588237
713.35,187.98075657894734,363.7320911929231,16.512476190476193
768.0,270.7600688705234,363.7320911929231,1910.85
168.95,121.08398843930635,363.7320911929231,5.649295550847458
698.4,37.110000000000014,363.7320911929231,41.924557021677664
2082.69,265.61896265560165,363.7320911929231,41.924557021677664
304.44,-12.324545454545458,363.7320911929231,6.500000000000007
650.85,0.0,363.7320911929231,0.0
2864.51,121.08398843930635,363.7320911929231,0.0
579.0,-12.324545454545458,363.7320911929231,18.41794117647059
713.35,187.98075657894734,363.7320911929231,16.512476190476193
1750.07,456.47955974842785,363.7320911929231,0.0
1382.0,-40.225445544554454,363.7320911929231,174.47120879120877
361.72,215.1169805194805,363.7320911929231,32.15372393247269
1494.31,106.38125,363.7320911929231,32.15372393247269
494.3,121.71318327974278,363.7320911929231,0.0
5111.33,1588.67,363.7320911929231,174.47120879120877
1002.11,331.8455357142857,363.7320911929231,32.15372393247269
1255.49,5678.785454545454,363.7320911929231,-189.68178571428575
224.44,0.0,363.7320911929231,5.649295550847458
174.34,544.0854679802956,363.7320911929231,5.649295550847458
7877.0,3898.0,363.7320911929231,1258.623466666667
1909.98,270.7600688705234,363.7320911929231,32.15372393247269
18668.0,187.98075657894734,363.7320911929231,1228.6439795918368
4766.0,0.0,363.7320911929231,174.47120879120877
984.63,-157.12,363.7320911929231,41.924557021677664
995.57,76.86607142857143,363.7320911929231,16.512476190476193
1857.58,106.38125,363.7320911929231,32.15372393247269
5961.0,0.0,363.7320911929231,715.124375
799.64,-40.225445544554454,363.7320911929231,74.02
1549.0,175.0411904761905,363.7320911929231,18.41794117647059
3100.0,111.53585635359119,363.7320911929231,456.69565217391306
2144.67,51.62951923076919,363.7320911929231,41.924557021677664
1418.67,0.0,363.7320911929231,5.0842673796791455
819.52,215.1169805194805,363.7320911929231,41.924557021677664
1953.0,262.1247727272727,363.7320911929231,464.6008888888889
181.58,215.1169805194805,363.7320911929231,5.649295550847458
363.1,88.62431952662725,363.7320911929231,18.41794117647059
2555.0,131.69444444444457,363.7320911929231,83.60526315789474
910.18,381.89819935691315,363.7320911929231,2.127659574468085
6285.33,4749.373428571428,363.7320911929231,3403.419032258065
2081.27,1185.79,363.7320911929231,1279.8325
350.61,82.30000000000001,363.7320911929231,5.649295550847458
625.61,0.0,363.7320911929231,5.0842673796791455
2026.05,-10.89734042553192,363.7320911929231,5.0842673796791455
1540.0,0.1300000000001091,363.7320911929231,0.06500000000005456
241.52,252.6989830508475,363.7320911929231,5.0842673796791455
157.62,381.89819935691315,363.7320911929231,5.649295550847458
195.14,351.42589473684217,363.7320911929231,5.0842673796791455
720.72,0.0,363.7320911929231,5.0842673796791455
824.0,195.75224913494807,363.7320911929231,0.0
157.49,0.0,363.7320911929231,5.649295550847458
2026.05,-10.89734042553192,363.7320911929231,5.0842673796791455
1292.65,956.9821886792453,363.7320911929231,41.924557021677664
516.16,-242.73999999999995,363.7320911929231,41.924557021677664
961.67,315.531675,363.7320911929231,0.0
3055.0,132.68696,363.7320911929231,1258.623466666667
463.0,265.61896265560165,363.7320911929231,669.1571205357143
297.0,121.71318327974278,363.7320911929231,114.72216216216215
1700.0,123.14413793103449,363.7320911929231,635.6234693877551
360.81,0.0,363.7320911929231,0.0
781.85,0.0,363.7320911929231,5.0842673796791455
4803.0,520.001304347826,363.7320911929231,715.124375
514.91,0.0,363.7320911929231,669.1571205357143
980.21,0.0,363.7320911929231,5.649295550847458
1641.66,263.1299999999999,363.7320911929231,41.924557021677664
277.0,270.7600688705234,363.7320911929231,1910.85
185.09,111.53585635359119,363.7320911929231,5.649295550847458
1799.64,187.98075657894734,363.7320911929231,16.512476190476193
906.51,177.61824742268038,363.7320911929231,41.924557021677664
2115.44,114.68700000000001,363.7320911929231,41.97798701298701
1081.39,34.799999999999955,363.7320911929231,41.924557021677664
752.89,6.324500000000002,363.7320911929231,5.0842673796791455
483.65,175.0411904761905,363.7320911929231,-0.001315789473683013
1857.58,195.75224913494807,363.7320911929231,32.15372393247269
317.74,544.0854679802956,363.7320911929231,5.649295550847458
206.9,0.0,363.7320911929231,5.0842673796791455
2954.53,381.89819935691315,363.7320911929231,2.127659574468085
778.8,0.0,363.7320911929231,16.512476190476193
4835.0,5527.0,363.7320911929231,715.124375
294.28,104.04144736842105,363.7320911929231,5.649295550847458
210.0,104.04144736842105,363.7320911929231,41.924557021677664
1400.0,215.1169805194805,363.7320911929231,0.0
292.8,283.1751351351351,363.7320911929231,5.0842673796791455
177.0,394.0747826086957,363.7320911929231,-220.5553333333338
5940.47,187.98075657894734,363.7320911929231,0.0
283.15,17.55000000000001,363.7320911929231,5.649295550847458
2002.0,0.0,363.7320911929231,5.730666666666669
1628.0,132.68696,363.7320911929231,136.80374999999998
329.0,0.0,363.7320911929231,174.47120879120877
1229.38,177.61824742268038,363.7320911929231,41.924557021677664
979.08,0.0,363.7320911929231,-0.001315789473683013
480.0,-40.225445544554454,363.7320911929231,18.41794117647059
2898.28,187.98075657894734,363.7320911929231,16.512476190476193
2290.72,195.75224913494807,363.7320911929231,32.15372393247269
355.0,121.71318327974278,363.7320911929231,226.0
844.0,0.0,363.7320911929231,669.1571205357143
1187.47,166.32,363.7320911929231,32.15372393247269
2526.47,88.62431952662725,363.7320911929231,760.053
158.78,195.75224913494807,363.7320911929231,2.9732515337423315
1237.71,-40.225445544554454,363.7320911929231,32.15372393247269
483.88,315.531675,363.7320911929231,760.053
446.21,51.62951923076919,363.7320911929231,0.0
740.58,6.324500000000002,363.7320911929231,5.0842673796791455
349.22,187.98075657894734,363.7320911929231,248.22134969325154
3205.77,692.69,363.7320911929231,41.924557021677664
313.56,115.06428571428569,363.7320911929231,5.649295550847458
5384.17,315.531675,363.7320911929231,717.158095238095
1602.48,-104.53999999999996,363.7320911929231,41.924557021677664
690.71,111.53585635359119,363.7320911929231,0.0
25000.0,0.0,363.7320911929231,0.0
237.64,137.48202702702702,363.7320911929231,192.9492857142857
958.27,111.53585635359119,363.7320911929231,0.0
1854.68,0.0,363.7320911929231,41.924557021677664
274.34,270.7600688705234,363.7320911929231,5.0842673796791455
5535.0,115.06428571428569,363.7320911929231,298.19571428571425
10773.0,315.531675,363.7320911929231,717.158095238095
293.5,270.7600688705234,363.7320911929231,0.0
5241.4,123.14413793103449,363.7320911929231,0.0
3792.0,121.71318327974278,363.7320911929231,114.72216216216215
230.41,187.98075657894734,363.7320911929231,16.512476190476193
1467.44,1042.9,363.7320911929231,41.924557021677664
430.76,270.7600688705234,363.7320911929231,669.1571205357143
911.66,195.75224913494807,363.7320911929231,18.41794117647059
645.13,1496.022692307692,363.7320911929231,-0.01666666666642413
2529.0,-12.324545454545458,363.7320911929231,66.74000000000008
1043.63,265.61896265560165,363.7320911929231,635.6234693877551
435.0,4749.373428571428,363.7320911929231,689.6153846153846
888.99,0.0,363.7320911929231,-0.001315789473683013
15767.0,265.61896265560165,363.7320911929231,211.46791666666672
516.88,270.7600688705234,363.7320911929231,5.0842673796791455
6806.44,0.0,363.7320911929231,54.444366197183115
1324.84,1482.64,363.7320911929231,41.924557021677664
867.09,0.0,363.7320911929231,5.0842673796791455
1311.41,115.06428571428569,363.7320911929231,32.15372393247269
8975.0,131.69444444444457,363.7320911929231,715.124375
3250.0,24.57199999999999,363.7320911929231,60.10700000000001
480.68,315.531675,363.7320911929231,332.426829268293
156.36,270.7600688705234,363.7320911929231,14.112676056338028
665.47,-40.548333333333325,363.7320911929231,5.0842673796791455
488.6,381.89819935691315,363.7320911929231,5.649295550847458
911.66,195.75224913494807,363.7320911929231,18.41794117647059
826.01,36.57000000000005,363.7320911929231,41.924557021677664
191.56,56.79416988416988,363.7320911929231,2.9732515337423315
38953.0,883.5747142857142,363.7320911929231,715.124375
809.77,0.0,363.7320911929231,5.649295550847458
7392.0,0.0,363.7320911929231,669.1571205357143
819.0,394.0747826086957,363.7320911929231,248.22134969325154
2718.84,123.14413793103449,363.7320911929231,635.6234693877551
523.78,0.0,363.7320911929231,5.0842673796791455
1299.0,347.43000000000006,363.7320911929231,247.81440000000003
166.0,223.70475409836064,363.7320911929231,499.0127272727272
581.74,315.531675,363.7320911929231,174.47120879120877
620.3,-31.50299212598425,363.7320911929231,5.0842673796791455
504.76,0.0,363.7320911929231,5.0842673796791455
1354.0,265.61896265560165,363.7320911929231,174.47120879120877
929.1,175.0411904761905,363.7320911929231,-0.001315789473683013
513.99,76.86607142857143,363.7320911929231,-0.003103448275859245
799.64,0.0,363.7320911929231,14.872403100775186
2067.0,195.75224913494807,363.7320911929231,248.22134969325154
1471.32,215.1169805194805,363.7320911929231,32.15372393247269
212.81,111.53585635359119,363.7320911929231,174.47120879120877
735.0,195.75224913494807,363.7320911929231,248.22134969325154
1216.0,106.38125,363.7320911929231,398.3342857142857
4445.0,0.0,363.7320911929231,174.47120879120877
5365.88,175.0411904761905,363.7320911929231,-0.001315789473683013
166.86,544.0854679802956,363.7320911929231,0.0
241.52,351.42589473684217,363.7320911929231,5.0842673796791455
1402.0,486.77029069767445,363.7320911929231,2707.9079166666666
3453.0,0.0,363.7320911929231,174.47120879120877
30274.0,-0.2744444444444475,363.7320911929231,0.0
2708.0,56.79416988416988,363.7320911929231,174.47120879120877
311.18,351.42589473684217,363.7320911929231,5.0842673796791455
143.23,270.7600688705234,363.7320911929231,23.371704545454545
920.47,29.92999999999995,363.7320911929231,41.924557021677664
789.0,121.08398843930635,363.7320911929231,32.15372393247269
153.23,265.61896265560165,363.7320911929231,0.0
968.05,304.76000000000005,363.7320911929231,32.15372393247269
5111.33,1588.67,363.7320911929231,174.47120879120877
3504.21,121.71318327974278,363.7320911929231,51.05647058823524
1734.18,-195.71000000000004,363.7320911929231,41.924557021677664
909.02,270.7600688705234,363.7320911929231,5.0842673796791455
385.0,265.61896265560165,363.7320911929231,0.0
280.75,270.7600688705234,363.7320911929231,41.924557021677664
1492.74,121.08398843930635,363.7320911929231,32.15372393247269
973.07,0.0,363.7320911929231,0.0
463.0,265.61896265560165,363.7320911929231,669.1571205357143
463.0,37.620000000000005,363.7320911929231,669.1571205357143
325.0,20.863030303030303,363.7320911929231,141.12833333333333
352.0,-17.0,363.7320911929231,14.872403100775186
174.43,-10.89734042553192,363.7320911929231,5.0842673796791455
209.33,-10.89734042553192,363.7320911929231,185.61302013422815
902.86,0.0,363.7320911929231,248.22134969325154
713.35,0.0,363.7320911929231,16.512476190476193
1459.0,311.55612903225807,363.7320911929231,159.6880821917808
906.47,351.42589473684217,363.7320911929231,-294.73
2919.96,-315.1999999999998,363.7320911929231,41.924557021677664
1317.6,223.70475409836064,363.7320911929231,32.15372393247269
668.54,0.0,363.7320911929231,0.0
1854.68,544.0854679802956,363.7320911929231,41.924557021677664
2212.0,0.0,363.7320911929231,3.9130434782608696
538.0,201.01747572815538,363.7320911929231,1910.85
778.8,0.0,363.7320911929231,16.512476190476193
227.96,175.0411904761905,363.7320911929231,41.97798701298701
16654.0,111.53585635359119,363.7320911929231,3.5972222222222223
494.0,0.0,363.7320911929231,6.500000000000007
290.15,508.83510752688176,363.7320911929231,5.649295550847458
172.0,315.531675,363.7320911929231,174.47120879120877
4546.26,53.03571428571427,363.7320911929231,174.47120879120877
1449.44,351.42589473684217,363.7320911929231,372.7999999999999
1139.65,49.62999999999998,363.7320911929231,41.924557021677664
328.34,132.68696,363.7320911929231,113.0609756097561
210.45,381.89819935691315,363.7320911929231,1085.1044444444444
424.93,75.98000000000002,363.7320911929231,75.98000000000002
5357.0,-17.0,363.7320911929231,174.47120879120877
2714.6,104.04144736842105,363.7320911929231,41.924557021677664
861.37,201.01747572815538,363.7320911929231,18.41794117647059
1433.28,544.0854679802956,363.7320911929231,174.47120879120877
897.45,500.02,363.7320911929231,41.924557021677664
1794.0,1200.7358333333332,363.7320911929231,760.053
2510.04,122.86999999999988,363.7320911929231,41.924557021677664
8416.19,121.71318327974278,363.7320911929231,-480.9000000000001
210.45,215.1169805194805,363.7320911929231,1085.1044444444444
262.96,34.743750000000006,363.7320911929231,5.0842673796791455
513.99,0.0,363.7320911929231,-0.001315789473683013
545.64,0.0,363.7320911929231,5.649295550847458
2368.0,2.409473684210519,363.7320911929231,174.47120879120877
2175.35,177.61824742268038,363.7320911929231,41.924557021677664
328.34,123.14413793103449,363.7320911929231,113.0609756097561
474.23,6.324500000000002,363.7320911929231,0.0
2628.0,175.0411904761905,363.7320911929231,14.112676056338028
210.0,121.71318327974278,363.7320911929231,114.72216216216215
204.1,270.7600688705234,363.7320911929231,5.0842673796791455
487.0,315.531675,363.7320911929231,54.444366197183115
1390.0,544.0854679802956,363.7320911929231,5.730666666666669
177.03,123.14413793103449,363.7320911929231,113.0609756097561
6806.44,1288.6800000000003,363.7320911929231,54.444366197183115
1606.27,207.6400000000001,363.7320911929231,41.924557021677664
1928.0,121.71318327974278,363.7320911929231,114.72216216216215
198.71,215.1169805194805,363.7320911929231,0.0
849.31,76.86607142857143,363.7320911929231,0.0
905.0,381.89819935691315,363.7320911929231,478.2
650.85,145.4,363.7320911929231,0.0
277.0,270.7600688705234,363.7320911929231,1910.85
265.91,0.0,363.7320911929231,18.41794117647059
345.6,486.77029069767445,363.7320911929231,0.0
3241.56,15.677083333333327,363.7320911929231,41.924557021677664
1470.73,132.68696,363.7320911929231,32.15372393247269
1436.49,29.059999999999945,363.7320911929231,41.924557021677664
908.47,187.98075657894734,363.7320911929231,16.512476190476193
1487.41,0.0,363.7320911929231,185.61302013422815
813.0,104.04144736842105,363.7320911929231,71.23636363636363
200.77,121.08398843930635,363.7320911929231,114.72216216216215
1103.9,508.83510752688176,363.7320911929231,32.15372393247269
441.41,-0.0005714285713890743,363.7320911929231,5.0842673796791455
371.04,7.646978021978025,363.7320911929231,0.0
439.82,956.9821886792453,363.7320911929231,5.649295550847458
1319.55,270.7600688705234,363.7320911929231,5.0842673796791455
177.77,27.634043715847,363.7320911929231,5.0842673796791455
1493.65,-182.21000000000004,363.7320911929231,41.924557021677664
8112.12,4615.88,363.7320911929231,3403.419032258065
702.52,96.84000000000005,363.7320911929231,41.924557021677664
609.0,114.68700000000001,363.7320911929231,1910.85
1368.19,123.14413793103449,363.7320911929231,41.924557021677664
4011.85,0.0,363.7320911929231,0.0
2309.8,123.14413793103449,363.7320911929231,0.0
690.71,111.53585635359119,363.7320911929231,0.0
1740.0,175.0411904761905,363.7320911929231,669.1571205357143
1628.0,123.14413793103449,363.7320911929231,715.124375
1089.41,-12.324545454545458,363.7320911929231,32.15372393247269
162.73,265.61896265560165,363.7320911929231,2.9732515337423315
1712.0,270.7600688705234,363.7320911929231,456.69565217391306
644.0,486.77029069767445,363.7320911929231,0.0
1909.74,742.4999999999998,363.7320911929231,41.924557021677664
522.45,121.08398843930635,363.7320911929231,332.426829268293
3055.0,123.14413793103449,363.7320911929231,1258.623466666667
795.18,15.530000000000086,363.7320911929231,41.924557021677664
1813.0,381.89819935691315,363.7320911929231,0.0
898.19,-0.0005714285713890743,363.7320911929231,5.0842673796791455
209.33,-15.564000000000004,363.7320911929231,185.61302013422815
157.49,121.71318327974278,363.7320911929231,5.649295550847458
898.19,456.47955974842785,363.7320911929231,5.0842673796791455
1418.67,456.47955974842785,363.7320911929231,5.0842673796791455
305.19,0.0,363.7320911929231,0.0
1591.0,265.61896265560165,363.7320911929231,421.2039097744361
10439.09,195.75224913494807,363.7320911929231,1471.4126865671642
2464.46,111.53585635359119,363.7320911929231,0.0
459.49,0.0,363.7320911929231,0.0
1388.7,-321.84000000000015,363.7320911929231,41.924557021677664
1741.86,539.1600000000001,363.7320911929231,41.924557021677664
909.02,508.83510752688176,363.7320911929231,32.15372393247269
2140.0,839.0,363.7320911929231,113.0609756097561
189.21,544.0854679802956,363.7320911929231,14.872403100775186
424.93,75.98000000000002,363.7320911929231,75.98000000000002
1002.33,132.68696,363.7320911929231,32.15372393247269
20718.17,315.531675,363.7320911929231,8552.1625
467.58,88.62431952662725,363.7320911929231,0.0
500.0,7.646978021978025,363.7320911929231,73.02000000000027
1381.0,121.71318327974278,363.7320911929231,499.0127272727272
356.65,0.0,363.7320911929231,5.0842673796791455
822.88,0.0,363.7320911929231,0.0
424.93,75.98000000000002,363.7320911929231,75.98000000000002
277.5,-10.89734042553192,363.7320911929231,5.0842673796791455
1284.0,121.71318327974278,363.7320911929231,114.72216216216215
4011.85,187.98075657894734,363.7320911929231,16.512476190476193
938.29,283.1751351351351,363.7320911929231,3921.7854545454543
18936.0,-1111.0,363.7320911929231,669.1571205357143
1003.38,177.61824742268038,363.7320911929231,41.924557021677664
371.93,0.0,363.7320911929231,5.649295550847458
825.0,265.61896265560165,363.7320911929231,421.2039097744361
548.0,28.96202247191011,363.7320911929231,174.47120879120877
612.94,-103.12000000000006,363.7320911929231,41.924557021677664
262.76,381.89819935691315,363.7320911929231,2.9732515337423315
463.0,265.61896265560165,363.7320911929231,669.1571205357143
178.85,195.75224913494807,363.7320911929231,5.649295550847458
1842.25,76.86607142857143,363.7320911929231,174.47120879120877
384.04,270.7600688705234,363.7320911929231,0.0
617.88,111.53585635359119,363.7320911929231,41.924557021677664
336.89,-35.75999999999999,363.7320911929231,14714.00484848485
5729.47,270.7600688705234,363.7320911929231,41.924557021677664
887.28,25.75,363.7320911929231,41.924557021677664
3453.0,265.61896265560165,363.7320911929231,174.47120879120877
484.57,104.04144736842105,363.7320911929231,18.41794117647059
296.02,55.75999999999999,363.7320911929231,5.649295550847458
882.18,0.0,363.7320911929231,5.649295550847458
664.02,106.38125,363.7320911929231,32.15372393247269
1196.38,137.48202702702702,363.7320911929231,32.15372393247269
215.0,486.77029069767445,363.7320911929231,1910.85
385.0,486.77029069767445,363.7320911929231,241.09153846153842
2139.44,0.0,363.7320911929231,0.0
252.2,0.0,363.7320911929231,5.649295550847458
386.49,7.646978021978025,363.7320911929231,5.649295550847458
389.1,0.0,363.7320911929231,-0.001315789473683013
531.61,2.409473684210519,363.7320911929231,32.15372393247269
2610.88,215.1169805194805,363.7320911929231,32.15372393247269
1382.78,115.06428571428569,363.7320911929231,421.2039097744361
562.98,231.77,363.7320911929231,5.0842673796791455
292.8,110.92583333333334,363.7320911929231,5.0842673796791455
138.48,381.89819935691315,363.7320911929231,1279.8325
799.34,187.98075657894734,363.7320911929231,16.512476190476193
2190.54,544.0854679802956,363.7320911929231,174.47120879120877
3041.65,166.32,363.7320911929231,32.15372393247269
2445.0,56.79416988416988,363.7320911929231,1258.623466666667
342.69,0.0,363.7320911929231,174.47120879120877
298.0,265.61896265560165,363.7320911929231,5.649295550847458
512.43,201.01747572815538,363.7320911929231,5.0842673796791455
2400.0,1025.3200000000002,363.7320911929231,233.79176470588237
548.0,0.0,363.7320911929231,174.47120879120877
351.19,132.68696,363.7320911929231,5.649295550847458
606.61,-40.225445544554454,363.7320911929231,5.649295550847458
857.91,585.5600000000001,363.7320911929231,41.924557021677664
2281.94,311.55612903225807,363.7320911929231,669.1571205357143
228.32,508.83510752688176,363.7320911929231,5.649295550847458
1701.81,265.61896265560165,363.7320911929231,301.233181818182
898.19,456.47955974842785,363.7320911929231,5.0842673796791455
296.66,956.9821886792453,363.7320911929231,5.649295550847458
5535.0,204.78,363.7320911929231,669.1571205357143
4144.41,267.17,363.7320911929231,185.61302013422815
27212.96,121.71318327974278,363.7320911929231,332.426829268293
637.06,6.324500000000002,363.7320911929231,5.0842673796791455
222.82,187.98075657894734,363.7320911929231,16.512476190476193
11843.75,699.25,363.7320911929231,1228.6439795918368
393.54,121.71318327974278,363.7320911929231,1910.85
906.47,252.6989830508475,363.7320911929231,-294.73
237.79,0.0,363.7320911929231,5.649295550847458
539.0,88.62431952662725,363.7320911929231,13.04352941176471
2714.6,843.0500000000002,363.7320911929231,41.924557021677664
502.68,-0.0099999999999909,363.7320911929231,-0.001315789473683013
538.11,215.1169805194805,363.7320911929231,32.15372393247269
11843.75,121.71318327974278,363.7320911929231,1228.6439795918368
424.81,486.77029069767445,363.7320911929231,0.0
1319.75,111.53585635359119,363.7320911929231,29.266851851851854
488.29,88.62431952662725,363.7320911929231,174.47120879120877
2529.0,111.53585635359119,363.7320911929231,715.124375
832.25,114.68700000000001,363.7320911929231,0.0
1402.0,486.77029069767445,363.7320911929231,2707.9079166666666
315.56,351.42589473684217,363.7320911929231,5.0842673796791455
703.68,486.77029069767445,363.7320911929231,5.649295550847458
3465.82,140.37999999999963,363.7320911929231,41.924557021677664
894.01,315.531675,363.7320911929231,41.924557021677664
275.63,27.634043715847,363.7320911929231,0.0
748.0,0.0,363.7320911929231,114.72216216216215
242.65,133.17636363636365,363.7320911929231,32.15372393247269
309.58,381.89819935691315,363.7320911929231,0.0
1407.33,0.0,363.7320911929231,41.924557021677664
764.57,187.98075657894734,363.7320911929231,16.512476190476193
581.65,11.06000000000006,363.7320911929231,41.924557021677664
11076.48,111.53585635359119,363.7320911929231,0.007272727272885999
278.0,265.61896265560165,363.7320911929231,23.371704545454545
809.77,0.0,363.7320911929231,5.649295550847458
504.0,-153.32999999999998,363.7320911929231,5.649295550847458
496.47,0.0,363.7320911929231,5.649295550847458
271.17,20.029999999999973,363.7320911929231,5.649295550847458
909.02,-157.21000000000004,363.7320911929231,41.924557021677664
255.9,133.17636363636365,363.7320911929231,5.0842673796791455
2500.0,520.001304347826,363.7320911929231,114.72216216216215
359.86,0.0,363.7320911929231,5.0842673796791455
2919.96,133.17636363636365,363.7320911929231,32.15372393247269
186.8,270.7600688705234,363.7320911929231,2.9732515337423315
235.73,111.53585635359119,363.7320911929231,2.9732515337423315
2548.04,0.0,363.7320911929231,41.924557021677664
176.0,51.62951923076919,363.7320911929231,0.0
342.69,0.0,363.7320911929231,174.47120879120877
13365.77,106.38125,363.7320911929231,0.02749999999893282
1504.37,-372.03,363.7320911929231,41.924557021677664
305.0,508.83510752688176,363.7320911929231,0.0
431.0,76.86607142857143,363.7320911929231,185.61302013422815
3273.61,-73.37000000000035,363.7320911929231,41.924557021677664
2907.0,123.14413793103449,363.7320911929231,635.6234693877551
194.2,215.1169805194805,363.7320911929231,2.9732515337423315
665.02,187.98075657894734,363.7320911929231,485.91
1491.72,-125.97833333333341,363.7320911929231,41.924557021677664
153.61,121.71318327974278,363.7320911929231,41.924557021677664
1729.68,0.0,363.7320911929231,0.0011764705882609705
1884.6,0.0,363.7320911929231,14714.00484848485
809.51,157.48000000000002,363.7320911929231,41.924557021677664
627.31,76.86607142857143,363.7320911929231,41.97798701298701
483.65,175.0411904761905,363.7320911929231,-0.001315789473683013
466.0,88.62431952662725,363.7320911929231,174.47120879120877
1246.15,-233.37000000000012,363.7320911929231,41.924557021677664
526.45,111.53585635359119,363.7320911929231,32.15372393247269
742.43,-77.50999999999999,363.7320911929231,32.15372393247269
206.9,6.324500000000002,363.7320911929231,5.0842673796791455
315.21,187.98075657894734,363.7320911929231,5.649295550847458
3190.69,267.17,363.7320911929231,185.61302013422815
2158.2,394.9200000000001,363.7320911929231,41.924557021677664
166.0,223.70475409836064,363.7320911929231,499.0127272727272
1019.97,0.0,363.7320911929231,5.649295550847458
1398.84,-433.2599999999999,363.7320911929231,41.924557021677664
355.79,27.634043715847,363.7320911929231,5.0842673796791455
631.03,315.531675,363.7320911929231,185.61302013422815
2658.34,520.001304347826,363.7320911929231,669.1571205357143
1603.53,111.53585635359119,363.7320911929231,41.924557021677664
459.39,215.1169805194805,363.7320911929231,5.649295550847458
653.46,381.89819935691315,363.7320911929231,5.649295550847458
662.44,76.86607142857143,363.7320911929231,32.15372393247269
161.73,27.634043715847,363.7320911929231,5.0842673796791455
957.62,111.53585635359119,363.7320911929231,41.924557021677664
423.48,0.0,363.7320911929231,5.649295550847458
1255.49,-489.435,363.7320911929231,-189.68178571428575
8324.28,-31.50299212598425,363.7320911929231,1537.8174226804128
333.49,51.62951923076919,363.7320911929231,2.930000000000007
1230.27,187.98075657894734,363.7320911929231,16.512476190476193
410.68,351.42589473684217,363.7320911929231,5.0842673796791455
618.34,-74.0,363.7320911929231,-74.0
5111.33,1588.67,363.7320911929231,174.47120879120877
502.0,282.0,363.7320911929231,1228.6439795918368
493.42,283.1751351351351,363.7320911929231,5.0842673796791455
822.88,381.89819935691315,363.7320911929231,0.0
459.39,215.1169805194805,363.7320911929231,5.649295550847458
179.86,0.0,363.7320911929231,5.649295550847458
185.09,71.06400000000004,363.7320911929231,5.649295550847458
445.76,248.87452991452994,363.7320911929231,5.649295550847458
6230.99,0.0,363.7320911929231,0.013823529411531452
1292.65,-182.32000000000016,363.7320911929231,41.924557021677664
278.01,260.3768181818182,363.7320911929231,2.9732515337423315
2853.23,262.1247727272727,363.7320911929231,464.6008888888889
611.8,956.9821886792453,363.7320911929231,18.41794117647059
600.0,215.1169805194805,363.7320911929231,13.04352941176471
622.04,24.06000000000006,363.7320911929231,41.924557021677664
334.27,187.98075657894734,363.7320911929231,16.512476190476193
410.26,132.68696,363.7320911929231,0.0
345.6,248.87452991452994,363.7320911929231,0.0
227.62,20.863030303030303,363.7320911929231,1910.85
159.85,27.634043715847,363.7320911929231,5.0842673796791455
225.71,6.324500000000002,363.7320911929231,669.1571205357143
1119.35,544.0854679802956,363.7320911929231,41.924557021677664
234.08,351.42589473684217,363.7320911929231,5.0842673796791455
3273.61,166.32,363.7320911929231,32.15372393247269
1384.72,648.8699999999999,363.7320911929231,694.994625
647.0,262.1247727272727,363.7320911929231,464.6008888888889
499.79,121.08398843930635,363.7320911929231,5.649295550847458
243.52,0.0,363.7320911929231,16.512476190476193
250.18,111.53585635359119,363.7320911929231,0.0
1028.28,215.80999999999997,363.7320911929231,41.924557021677664
1487.41,315.531675,363.7320911929231,185.61302013422815
299.31,145.4,363.7320911929231,5.649295550847458
4000.0,315.531675,363.7320911929231,0.0
325.0,315.531675,363.7320911929231,141.12833333333333
2565.0,265.61896265560165,363.7320911929231,421.2039097744361
1089.41,-12.324545454545458,363.7320911929231,32.15372393247269
987.1,956.9821886792453,363.7320911929231,41.924557021677664
202.36,27.634043715847,363.7320911929231,5.0842673796791455
8200.71,486.77029069767445,363.7320911929231,2707.9079166666666
665.47,-40.548333333333325,363.7320911929231,5.0842673796791455
5678.0,1221.245,363.7320911929231,760.053
289.46,270.7600688705234,363.7320911929231,0.0
2228.26,70.10999999999967,363.7320911929231,41.924557021677664
1116.13,347.6199999999999,363.7320911929231,41.924557021677664
2548.04,0.0,363.7320911929231,41.924557021677664
8112.12,133.17636363636365,363.7320911929231,3403.419032258065
384.04,270.7600688705234,363.7320911929231,0.0
1875.72,121.71318327974278,363.7320911929231,0.0
504.76,351.42589473684217,363.7320911929231,5.0842673796791455
297.0,121.71318327974278,363.7320911929231,114.72216216216215
302.88,-31.50299212598425,363.7320911929231,5.649295550847458
526.45,111.53585635359119,363.7320911929231,32.15372393247269
1095.88,56.79416988416988,363.7320911929231,760.053
385.57,270.7600688705234,363.7320911929231,5.0842673796791455
210.45,1261.69,363.7320911929231,1085.1044444444444
183.65,956.9821886792453,363.7320911929231,114.72216216216215
838.43,0.0,363.7320911929231,5.649295550847458
5194.95,0.0,363.7320911929231,0.0
2842.0,265.61896265560165,363.7320911929231,421.2039097744361
3751.82,315.531675,363.7320911929231,174.47120879120877
1160.0,486.77029069767445,363.7320911929231,464.6008888888889
770.16,835.91,363.7320911929231,835.9100000000001
1105.25,248.87452991452994,363.7320911929231,32.15372393247269
1021.97,121.71318327974278,363.7320911929231,499.0127272727272
342.69,0.0,363.7320911929231,174.47120879120877
1410.01,0.0,363.7320911929231,41.924557021677664
910.18,381.89819935691315,363.7320911929231,2.127659574468085
796.65,-60.51692307692301,363.7320911929231,32.15372393247269
495.59,270.7600688705234,363.7320911929231,6.2899999999999965
1382.0,544.0854679802956,363.7320911929231,174.47120879120877
19000.0,0.0,363.7320911929231,0.0
2285.81,177.61824742268038,363.7320911929231,772.0536842105263
224.44,0.0,363.7320911929231,5.649295550847458
555.8,223.70475409836064,363.7320911929231,41.924557021677664
664.02,195.75224913494807,363.7320911929231,41.924557021677664
385.0,115.06428571428569,363.7320911929231,0.0
513.82,187.98075657894734,363.7320911929231,41.97798701298701
561.91,6.324500000000002,363.7320911929231,5.0842673796791455
1586.0,0.0,363.7320911929231,248.22134969325154
204.12,351.42589473684217,363.7320911929231,5.0842673796791455
1449.44,351.42589473684217,363.7320911929231,372.7999999999999
2298.0,436.0,363.7320911929231,715.124375
23136.0,381.89819935691315,363.7320911929231,13028.833333333334
2887.11,0.0,363.7320911929231,248.22134969325154
238.78,0.0,363.7320911929231,5.649295550847458
402.01,56.79416988416988,363.7320911929231,2.9732515337423315
810.99,22509.083333333332,363.7320911929231,-0.01666666666642413
630.37,0.0,363.7320911929231,0.0
1433.28,544.0854679802956,363.7320911929231,174.47120879120877
1103.86,28.96202247191011,363.7320911929231,32.15372393247269
867.09,0.0,363.7320911929231,5.0842673796791455
416.07,508.83510752688176,363.7320911929231,41.924557021677664
1686.22,123.14413793103449,363.7320911929231,192.9492857142857
11843.75,699.25,363.7320911929231,1228.6439795918368
639.3,121.71318327974278,363.7320911929231,32.15372393247269
1125.78,131.69444444444457,363.7320911929231,41.924557021677664
1189.0,353.0,363.7320911929231,83.60526315789474
865.0,381.89819935691315,363.7320911929231,1910.85
1162.56,88.62431952662725,363.7320911929231,185.61302013422815
1591.0,265.61896265560165,363.7320911929231,421.2039097744361
1299.0,311.55612903225807,363.7320911929231,168.97500000000002
1828.0,133.17636363636365,363.7320911929231,247.81440000000003
219.9,111.53585635359119,363.7320911929231,571.6111111111111
1024.91,381.89819935691315,363.7320911929231,0.0
1034.04,88.62431952662725,363.7320911929231,32.15372393247269
319.04,0.0,363.7320911929231,0.0
702.52,96.84000000000005,363.7320911929231,41.924557021677664
314.55,115.06428571428569,363.7320911929231,5.649295550847458
1162.8,7.646978021978025,363.7320911929231,32.15372393247269
1501.02,314.1100000000001,363.7320911929231,41.924557021677664
4302.06,166.32,363.7320911929231,32.15372393247269
156.36,0.0,363.7320911929231,14.112676056338028
284.21,0.0,363.7320911929231,5.0842673796791455
435.0,4749.373428571428,363.7320911929231,689.6153846153846
693.97,0.0,363.7320911929231,5.0842673796791455
614.0,770.1600000000001,363.7320911929231,248.22134969325154
153.61,-49.93000000000001,363.7320911929231,41.924557021677664
1060.67,111.53585635359119,363.7320911929231,1572.5226666666665
2298.0,436.0,363.7320911929231,715.124375
279.01,270.7600688705234,363.7320911929231,5.0842673796791455
379.39,252.6989830508475,363.7320911929231,5.0842673796791455
3792.0,121.71318327974278,363.7320911929231,114.72216216216215
10088.0,0.0,363.7320911929231,669.1571205357143
249.43,315.531675,363.7320911929231,185.61302013422815
163.51,0.0,363.7320911929231,5.649295550847458
973.07,0.0,363.7320911929231,0.0
225.71,6.324500000000002,363.7320911929231,669.1571205357143
6684.81,0.0,363.7320911929231,0.0
43129.0,35025.6,363.7320911929231,1910.85
2585.0,381.89819935691315,363.7320911929231,3.5972222222222223
317.19,248.87452991452994,363.7320911929231,5.649295550847458
809.25,111.53585635359119,363.7320911929231,5.649295550847458
405.2,0.0,363.7320911929231,0.0
938.29,110.92583333333334,363.7320911929231,3403.419032258065
201.16,132.68696,363.7320911929231,5.649295550847458
631.76,0.0,363.7320911929231,5.649295550847458
1262.43,0.0,363.7320911929231,5.0842673796791455
242.65,133.17636363636365,363.7320911929231,32.15372393247269
546.67,0.0,363.7320911929231,5.649295550847458
2510.04,121.08398843930635,363.7320911929231,32.15372393247269
369.39,215.1169805194805,363.7320911929231,5.649295550847458
173.65,270.7600688705234,363.7320911929231,5.649295550847458
154.49,121.71318327974278,363.7320911929231,5.649295550847458
1525.31,177.61824742268038,363.7320911929231,41.924557021677664
450.65,456.47955974842785,363.7320911929231,5.649295550847458
813.0,104.04144736842105,363.7320911929231,55.73203703703703
1381.84,114.68700000000001,363.7320911929231,1228.6439795918368
647.0,257.0,363.7320911929231,464.6008888888889
339.35,315.531675,363.7320911929231,1471.4126865671642
3419.95,1045.9899999999998,363.7320911929231,41.924557021677664
579.0,0.0,363.7320911929231,18.41794117647059
470.5,57.98000000000002,363.7320911929231,41.924557021677664
2289.52,111.53585635359119,363.7320911929231,41.924557021677664
232.29,118.59,363.7320911929231,5.0842673796791455
3004.63,121.08398843930635,363.7320911929231,0.0
1017.99,111.53585635359119,363.7320911929231,41.924557021677664
289.46,0.0,363.7320911929231,0.0
938.29,283.1751351351351,363.7320911929231,3921.7854545454543
354.21,215.1169805194805,363.7320911929231,5.649295550847458
1985.38,-187.3800000000001,363.7320911929231,41.924557021677664
8146.21,456.47955974842785,363.7320911929231,0.0
2555.0,0.0,363.7320911929231,83.60526315789474
828.58,1.7899999999999636,363.7320911929231,41.924557021677664
461.64,168.15000000000003,363.7320911929231,545.2133333333333
1275.31,682.1300000000001,363.7320911929231,41.924557021677664
316.11,0.0,363.7320911929231,0.0
495.16,106.38125,363.7320911929231,5.649295550847458
330.8,27.634043715847,363.7320911929231,5.0842673796791455
172.0,315.531675,363.7320911929231,174.47120879120877
562.45,201.01747572815538,363.7320911929231,5.649295550847458
188.36,351.42589473684217,363.7320911929231,5.0842673796791455
177.34,0.0,363.7320911929231,113.0609756097561
2211.29,544.0854679802956,363.7320911929231,174.47120879120877
736.13,248.87452991452994,363.7320911929231,2707.9079166666666
2115.44,114.68700000000001,363.7320911929231,41.97798701298701
1354.0,265.61896265560165,363.7320911929231,174.47120879120877
1200.42,956.9821886792453,363.7320911929231,41.924557021677664
966.79,315.531675,363.7320911929231,174.47120879120877
569.37,182.65,363.7320911929231,41.924557021677664
322.4,132.68696,363.7320911929231,5.649295550847458
1595.55,262.1247727272727,363.7320911929231,464.6008888888889
32850.0,51.62951923076919,363.7320911929231,-3.6
4011.85,187.98075657894734,363.7320911929231,16.512476190476193
385.57,149.50630630630627,363.7320911929231,5.0842673796791455
1525.1,28.96202247191011,363.7320911929231,32.15372393247269
601.0,104.04144736842105,363.7320911929231,191.8758333333333
1304.62,63.7600000000001,363.7320911929231,1537.8174226804128
688.0,265.61896265560165,363.7320911929231,41.924557021677664
776.17,508.83510752688176,363.7320911929231,5.649295550847458
5535.0,-76.36750000000004,363.7320911929231,669.1571205357143
1418.67,456.47955974842785,363.7320911929231,5.0842673796791455
987.1,508.83510752688176,363.7320911929231,32.15372393247269
610.78,17.870000000000005,363.7320911929231,41.924557021677664
237.06,381.89819935691315,363.7320911929231,0.0
2538.67,2418.6000000000004,363.7320911929231,694.994625
241.52,351.42589473684217,363.7320911929231,5.0842673796791455
799.34,0.0,363.7320911929231,16.512476190476193
1875.72,121.71318327974278,363.7320911929231,0.0
1628.0,132.68696,363.7320911929231,136.80374999999998
158.0,315.531675,363.7320911929231,54.444366197183115
989.43,121.71318327974278,363.7320911929231,2707.9079166666666
290.15,956.9821886792453,363.7320911929231,5.649295550847458
545.64,0.0,363.7320911929231,5.649295550847458
316.11,123.14413793103449,363.7320911929231,0.0
961.67,315.531675,363.7320911929231,0.0
483.88,88.62431952662725,363.7320911929231,2097.7239999999997
1626.0,860.6199999999999,363.7320911929231,248.22134969325154
618.34,-74.0,363.7320911929231,-74.0
808.7,0.0,363.7320911929231,5.649295550847458
23136.0,381.89819935691315,363.7320911929231,13028.833333333334
823.46,0.0,363.7320911929231,5.649295550847458
4144.41,394.0747826086957,363.7320911929231,185.61302013422815
4432.97,106.38125,363.7320911929231,32.15372393247269
855.74,-640.06,363.7320911929231,41.924557021677664
618.34,-74.0,363.7320911929231,-74.0
179.18,0.0,363.7320911929231,5.649295550847458
879.26,-91.67999999999996,363.7320911929231,41.924557021677664
971.96,-31.50299212598425,363.7320911929231,-189.68178571428575
1181.55,270.7600688705234,363.7320911929231,5.0842673796791455
1305.0,315.531675,363.7320911929231,18.41794117647059
1882.93,12.819999999999936,363.7320911929231,41.924557021677664
7500.8,56.79416988416988,363.7320911929231,0.0
2228.26,10.015714285714239,363.7320911929231,41.924557021677664
305.19,195.75224913494807,363.7320911929231,0.0
1012.57,956.9821886792453,363.7320911929231,41.924557021677664
1441.26,137.48202702702702,363.7320911929231,772.0536842105263
791.79,0.0,363.7320911929231,5.0842673796791455
154.89,-40.225445544554454,363.7320911929231,5.649295550847458
2661.73,0.0,363.7320911929231,0.0
431.78,-10.89734042553192,363.7320911929231,5.0842673796791455
791.79,0.0,363.7320911929231,5.0842673796791455
7474.0,0.0,363.7320911929231,715.124375
2708.0,56.79416988416988,363.7320911929231,174.47120879120877
989.43,121.08398843930635,363.7320911929231,2707.9079166666666
4287.59,201.01747572815538,363.7320911929231,3403.419032258065
1686.26,123.14413793103449,363.7320911929231,0.0
14105.83,-0.0300000000006548,363.7320911929231,2111.4774074074076
1318.59,508.83510752688176,363.7320911929231,5.649295550847458
215.79,27.634043715847,363.7320911929231,5.0842673796791455
957.95,270.7600688705234,363.7320911929231,5.0842673796791455
1306.95,311.55612903225807,363.7320911929231,41.924557021677664
403.36,-58.02000000000004,363.7320911929231,5.649295550847458
459.49,132.68696,363.7320911929231,0.0
346.82,145.4,363.7320911929231,5.649295550847458
992.85,331.8455357142857,363.7320911929231,32.15372393247269
2089.94,101.70593749999993,363.7320911929231,32.15372393247269
4835.0,5527.0,363.7320911929231,715.124375
319.0,7.646978021978025,363.7320911929231,174.47120879120877
371.04,7.646978021978025,363.7320911929231,0.0
154.73,175.0411904761905,363.7320911929231,0.0
825.0,265.61896265560165,363.7320911929231,421.2039097744361
1420.0,956.9821886792453,363.7320911929231,1910.85
287.17,56.79416988416988,363.7320911929231,2.9732515337423315
256.16,149.50630630630627,363.7320911929231,571.6111111111111
1555.2,88.62431952662725,363.7320911929231,32.15372393247269
4460.0,104.04144736842105,363.7320911929231,1910.85
920.66,-10.89734042553192,363.7320911929231,5.0842673796791455
226.76,155.76687499999994,363.7320911929231,41.924557021677664
3919.0,0.0,363.7320911929231,3.5972222222222223
315.21,0.0,363.7320911929231,5.649295550847458
366.94,0.0,363.7320911929231,0.0
1408.85,729.31,363.7320911929231,5.649295550847458
302.88,-31.50299212598425,363.7320911929231,5.649295550847458
314.55,115.06428571428569,363.7320911929231,5.649295550847458
211.7,0.0,363.7320911929231,5.0842673796791455
626.01,115.06428571428569,363.7320911929231,41.924557021677664
936.12,-12.53999999999993,363.7320911929231,41.924557021677664
1828.0,201.01747572815538,363.7320911929231,247.81440000000003
379.39,351.42589473684217,363.7320911929231,5.0842673796791455
199.96,111.53585635359119,363.7320911929231,248.22134969325154
256.04,252.6989830508475,363.7320911929231,5.0842673796791455
178.85,99.67999999999998,363.7320911929231,5.649295550847458
861.37,0.0,363.7320911929231,18.41794117647059
5729.47,270.7600688705234,363.7320911929231,41.924557021677664
288.71,0.0,363.7320911929231,174.47120879120877
478.3,270.7600688705234,363.7320911929231,5.0842673796791455
904.92,215.1169805194805,363.7320911929231,767.001
1354.0,265.61896265560165,363.7320911929231,174.47120879120877
383.84,315.531675,363.7320911929231,332.426829268293
2615.0,472.5091428571429,363.7320911929231,1471.4126865671642
366.94,56.79416988416988,363.7320911929231,0.0
888.99,175.0411904761905,363.7320911929231,-0.001315789473683013
971.96,-31.50299212598425,363.7320911929231,-189.68178571428575
3605.73,0.0,363.7320911929231,41.924557021677664
467.0,351.42589473684217,363.7320911929231,5.0842673796791455
205.0,28.96202247191011,363.7320911929231,2512.6315789473683
890.33,270.7600688705234,363.7320911929231,5.0842673796791455
808.7,508.83510752688176,363.7320911929231,5.649295550847458
2056.0,-5.344545454545455,363.7320911929231,174.47120879120877
413.29,195.75224913494807,363.7320911929231,0.0
316.06,956.9821886792453,363.7320911929231,5.649295550847458
159.77,270.7600688705234,363.7320911929231,0.0
353.3,-40.225445544554454,363.7320911929231,32.15372393247269
605.08,486.77029069767445,363.7320911929231,5.649295550847458
578.98,252.6989830508475,363.7320911929231,5.0842673796791455
554.66,351.42589473684217,363.7320911929231,5.0842673796791455
819.48,147.57999999999993,363.7320911929231,14.872403100775186
1307.16,-3.5299999999999727,363.7320911929231,41.924557021677664
711.01,215.1169805194805,363.7320911929231,0.0
314.06,283.1751351351351,363.7320911929231,5.360526315789475
537.88,195.75224913494807,363.7320911929231,32.15372393247269
461.05,544.0854679802956,363.7320911929231,0.0
380.47,15.677083333333327,363.7320911929231,29.266851851851854
218.03,0.0,363.7320911929231,332.426829268293
304.0,544.0854679802956,363.7320911929231,14.872403100775186
666.81,137.48202702702702,363.7320911929231,32.15372393247269
342.69,0.0,363.7320911929231,174.47120879120877
1390.0,544.0854679802956,363.7320911929231,5.730666666666669
656.0,-10.89734042553192,363.7320911929231,159.6880821917808
1264.0,28.96202247191011,363.7320911929231,247.81440000000003
6684.81,0.0,363.7320911929231,0.0
1686.26,123.14413793103449,363.7320911929231,0.0
562.48,-31.50299212598425,363.7320911929231,5.0842673796791455
1319.42,0.0,363.7320911929231,41.924557021677664
472.23,145.4,363.7320911929231,5.649295550847458
966.79,315.531675,363.7320911929231,174.47120879120877
511.83,101.32999999999998,363.7320911929231,5.649295550847458
255.88,0.0,363.7320911929231,5.649295550847458
837.61,-13.680000000000064,363.7320911929231,41.924557021677664
911.66,0.0,363.7320911929231,18.41794117647059
7222.95,381.89819935691315,363.7320911929231,1085.1044444444444
1188.97,0.0,363.7320911929231,0.0
325.0,315.531675,363.7320911929231,141.12833333333333
1373.06,315.531675,363.7320911929231,41.924557021677664
920.47,121.71318327974278,363.7320911929231,41.924557021677664
747.0,0.0,363.7320911929231,6.500000000000007
848.07,381.89819935691315,363.7320911929231,1085.1044444444444
1082.65,238.67,363.7320911929231,41.924557021677664
197.6,111.53585635359119,363.7320911929231,41.924557021677664
488.24,106.38125,363.7320911929231,41.924557021677664
2006.07,106.38125,363.7320911929231,247.81440000000003
1757.27,278.87857142857143,363.7320911929231,32.15372393247269
6230.99,10.015714285714239,363.7320911929231,0.013823529411531452
172.5,-2.9399999999999977,363.7320911929231,5.649295550847458
2018.0,-6.881538461538464,363.7320911929231,0.06500000000005456
768.0,149.50630630630627,363.7320911929231,159.6880821917808
1444.94,76.86607142857143,363.7320911929231,32.15372393247269
244.54,486.77029069767445,363.7320911929231,5.649295550847458
414.37,187.98075657894734,363.7320911929231,0.0
601.43,1483.0500000000002,363.7320911929231,55.73203703703703
