project_id,snapshot_id,project_name,sector,ministry,implementing_agency,state,contract_type,terrain_type,original_cost_cr,revised_cost_cr,expenditure_cr,physical_progress_pct,financial_progress_pct,original_start_date,original_completion_date,revised_completion_date,as_of_date,actual_completion_date,final_cost_cr,target_delay_months,target_is_delayed,target_cost_overrun_pct,target_is_cost_overrun
PRJ-SYN-0001,SNAP-PRJ-SYN-0001-Q1,Punjab Express Highway Corridor Phase I,Highways,Ministry of Road Transport and Highways (MoRTH),State PWD (Highways),Punjab,HAM,Hilly/Mountainous,727.24,864.84,459.84,49.35,53.17,2019-03-24,2021-08-22,2022-10-23,2021-02-27,2023-05-29,956.1,21.2,1,31.47,1
PRJ-SYN-0001,SNAP-PRJ-SYN-0001-Q2,Punjab Express Highway Corridor Phase I,Highways,Ministry of Road Transport and Highways (MoRTH),State PWD (Highways),Punjab,HAM,Hilly/Mountainous,727.24,876.49,589.88,62.39,67.3,2019-03-24,2021-08-22,2022-12-08,2021-05-26,2023-05-29,956.1,21.2,1,31.47,1
PRJ-SYN-0002,SNAP-PRJ-SYN-0002-Q1,Assam Station Redevelopment & Quadrupling,Railways,Ministry of Railways (MoR),Dedicated Freight Corridor Corp (DFCCIL),Assam,EPC,Plains,993.45,993.45,212.2,18.2,21.36,2019-04-17,2022-08-16,2022-10-23,2019-12-16,2022-09-27,997.13,1.4,0,0.37,0
PRJ-SYN-0002,SNAP-PRJ-SYN-0002-Q2,Assam Station Redevelopment & Quadrupling,Railways,Ministry of Railways (MoR),Dedicated Freight Corridor Corp (DFCCIL),Assam,EPC,Plains,993.45,993.45,312.24,34.12,31.43,2019-04-17,2022-08-16,2022-08-16,2020-06-16,2022-09-27,997.13,1.4,0,0.37,0
PRJ-SYN-0002,SNAP-PRJ-SYN-0002-Q3,Assam Station Redevelopment & Quadrupling,Railways,Ministry of Railways (MoR),Dedicated Freight Corridor Corp (DFCCIL),Assam,EPC,Plains,993.45,993.45,475.66,46.2,47.88,2019-04-17,2022-08-16,2022-08-16,2020-12-15,2022-09-27,997.13,1.4,0,0.37,0
PRJ-SYN-0002,SNAP-PRJ-SYN-0002-Q4,Assam Station Redevelopment & Quadrupling,Railways,Ministry of Railways (MoR),Dedicated Freight Corridor Corp (DFCCIL),Assam,EPC,Plains,993.45,993.45,884.27,83.28,89.01,2019-04-17,2022-08-16,2022-08-16,2021-12-16,2022-09-27,997.13,1.4,0,0.37,0
PRJ-SYN-0003,SNAP-PRJ-SYN-0003-Q1,Deep Draft Container Terminal Berth 85,Ports & Shipping,"Ministry of Ports, Shipping and Waterways (MoPSW)",V.O. Chidambaranar Port,Rajasthan,BOT,Plains,442.63,455.42,147.97,22.47,32.49,2018-03-23,2020-07-22,2020-07-22,2019-01-15,2021-02-01,493.44,6.4,1,11.48,1
PRJ-SYN-0003,SNAP-PRJ-SYN-0003-Q2,Deep Draft Container Terminal Berth 85,Ports & Shipping,"Ministry of Ports, Shipping and Waterways (MoPSW)",V.O. Chidambaranar Port,Rajasthan,BOT,Plains,442.63,462.39,209.23,41.26,45.25,2018-03-23,2020-07-22,2020-07-22,2019-05-23,2021-02-01,493.44,6.4,1,11.48,1
PRJ-SYN-0003,SNAP-PRJ-SYN-0003-Q3,Deep Draft Container Terminal Berth 85,Ports & Shipping,"Ministry of Ports, Shipping and Waterways (MoPSW)",V.O. Chidambaranar Port,Rajasthan,BOT,Plains,442.63,475.35,410.13,83.54,86.28,2018-03-23,2020-07-22,2020-07-22,2020-04-28,2021-02-01,493.44,6.4,1,11.48,1
PRJ-SYN-0004,SNAP-PRJ-SYN-0004-Q1,Karnataka Metro Corridor Elevated Extension Phase I,Metro Rail,Ministry of Housing and Urban Affairs (MoHUA),Bangalore Metro Rail Corp (BMRCL),Karnataka,EPC,Plains,7746.51,7746.51,818.81,12.49,10.57,2018-06-28,2025-07-28,2025-07-28,2019-11-27,2027-08-15,8487.08,24.6,1,9.56,0
PRJ-SYN-0004,SNAP-PRJ-SYN-0004-Q2,Karnataka Metro Corridor Elevated Extension Phase I,Metro Rail,Ministry of Housing and Urban Affairs (MoHUA),Bangalore Metro Rail Corp (BMRCL),Karnataka,EPC,Plains,7746.51,7746.51,3435.58,42.91,44.35,2018-06-28,2025-07-28,2026-02-28,2022-01-11,2027-08-15,8487.08,24.6,1,9.56,0
PRJ-SYN-0004,SNAP-PRJ-SYN-0004-Q3,Karnataka Metro Corridor Elevated Extension Phase I,Metro Rail,Ministry of Housing and Urban Affairs (MoHUA),Bangalore Metro Rail Corp (BMRCL),Karnataka,EPC,Plains,7746.51,8021.17,5407.07,69.44,67.41,2018-06-28,2025-07-28,2026-12-28,2024-02-26,2027-08-15,8487.08,24.6,1,9.56,0
PRJ-SYN-0005,SNAP-PRJ-SYN-0005-Q1,Liquid Cargo Jetty & Breakwater Expansion,Ports & Shipping,"Ministry of Ports, Shipping and Waterways (MoPSW)",V.O. Chidambaranar Port,Gujarat,EPC,Urban Dense,519.68,519.68,179.03,35.77,34.45,2022-05-27,2024-04-26,2024-04-26,2023-01-27,2024-05-08,557.56,0.4,0,7.29,0
PRJ-SYN-0005,SNAP-PRJ-SYN-0005-Q2,Liquid Cargo Jetty & Breakwater Expansion,Ports & Shipping,"Ministry of Ports, Shipping and Waterways (MoPSW)",V.O. Chidambaranar Port,Gujarat,EPC,Urban Dense,519.68,519.68,286.92,50.94,55.21,2022-05-27,2024-04-26,2024-04-26,2023-05-12,2024-05-08,557.56,0.4,0,7.29,0
PRJ-SYN-0005,SNAP-PRJ-SYN-0005-Q3,Liquid Cargo Jetty & Breakwater Expansion,Ports & Shipping,"Ministry of Ports, Shipping and Waterways (MoPSW)",V.O. Chidambaranar Port,Gujarat,EPC,Urban Dense,519.68,519.68,416.11,79.23,80.07,2022-05-27,2024-04-26,2024-04-26,2023-12-08,2024-05-08,557.56,0.4,0,7.29,0
PRJ-SYN-0005,SNAP-PRJ-SYN-0005-Q4,Liquid Cargo Jetty & Breakwater Expansion,Ports & Shipping,"Ministry of Ports, Shipping and Waterways (MoPSW)",V.O. Chidambaranar Port,Gujarat,EPC,Urban Dense,519.68,519.68,446.72,88.9,85.96,2022-05-27,2024-04-26,2024-04-26,2024-02-16,2024-05-08,557.56,0.4,0,7.29,0
PRJ-SYN-0006,SNAP-PRJ-SYN-0006-Q1,Uttar Pradesh Express Highway Corridor Phase II,Highways,Ministry of Road Transport and Highways (MoRTH),National Highways Authority of India (NHAI),Uttar Pradesh,EPC,Coastal,1089.47,1089.47,377.5,34.94,34.65,2019-02-13,2021-04-14,2021-06-29,2019-11-16,2021-04-14,1099.28,0.0,0,0.9,0
PRJ-SYN-0006,SNAP-PRJ-SYN-0006-Q2,Uttar Pradesh Express Highway Corridor Phase II,Highways,Ministry of Road Transport and Highways (MoRTH),National Highways Authority of India (NHAI),Uttar Pradesh,EPC,Coastal,1089.47,1112.51,517.32,44.98,46.5,2019-02-13,2021-04-14,2021-04-14,2020-03-14,2021-04-14,1099.28,0.0,0,0.9,0
PRJ-SYN-0006,SNAP-PRJ-SYN-0006-Q3,Uttar Pradesh Express Highway Corridor Phase II,Highways,Ministry of Road Transport and Highways (MoRTH),National Highways Authority of India (NHAI),Uttar Pradesh,EPC,Coastal,1089.47,1089.47,704.78,63.28,64.69,2019-02-13,2021-04-14,2021-04-14,2020-07-11,2021-04-14,1099.28,0.0,0,0.9,0
PRJ-SYN-0007,SNAP-PRJ-SYN-0007-Q1,Odisha Metro Corridor Elevated Extension Phase II,Metro Rail,Ministry of Housing and Urban Affairs (MoHUA),Mumbai Metropolitan Region Development Authority (MMRDA),Odisha,EPC,Urban Dense,2388.69,2388.69,996.08,37.18,41.7,2023-11-21,2029-05-21,2029-06-09,2025-10-24,2029-08-29,2602.0,3.3,1,8.93,0
PRJ-SYN-0007,SNAP-PRJ-SYN-0007-Q2,Odisha Metro Corridor Elevated Extension Phase II,Metro Rail,Ministry of Housing and Urban Affairs (MoHUA),Mumbai Metropolitan Region Development Authority (MMRDA),Odisha,EPC,Urban Dense,2388.69,2388.69,1917.4,83.12,80.27,2023-11-21,2029-05-21,2029-08-03,2028-04-15,2029-08-29,2602.0,3.3,1,8.93,0
PRJ-SYN-0008,SNAP-PRJ-SYN-0008-Q1,NH-69 4/6-Laning Bypass & Viaduct,Highways,Ministry of Road Transport and Highways (MoRTH),State PWD (Highways),Bihar,EPC,Coastal,1970.87,1970.87,236.9,7.44,12.02,2020-11-23,2024-02-23,2024-02-23,2021-07-18,2025-01-31,2303.36,11.3,1,16.87,1
PRJ-SYN-0008,SNAP-PRJ-SYN-0008-Q2,NH-69 4/6-Laning Bypass & Viaduct,Highways,Ministry of Road Transport and Highways (MoRTH),State PWD (Highways),Bihar,EPC,Coastal,1970.87,2051.84,654.95,27.5,31.92,2020-11-23,2024-02-23,2024-02-23,2022-01-12,2025-01-31,2303.36,11.3,1,16.87,1
PRJ-SYN-0008,SNAP-PRJ-SYN-0008-Q3,NH-69 4/6-Laning Bypass & Viaduct,Highways,Ministry of Road Transport and Highways (MoRTH),State PWD (Highways),Bihar,EPC,Coastal,1970.87,2076.66,1128.87,46.03,54.36,2020-11-23,2024-02-23,2024-02-23,2022-07-09,2025-01-31,2303.36,11.3,1,16.87,1
PRJ-SYN-0008,SNAP-PRJ-SYN-0008-Q4,NH-69 4/6-Laning Bypass & Viaduct,Highways,Ministry of Road Transport and Highways (MoRTH),State PWD (Highways),Bihar,EPC,Coastal,1970.87,2163.59,1257.05,55.26,58.1,2020-11-23,2024-02-23,2024-07-06,2023-01-03,2025-01-31,2303.36,11.3,1,16.87,1
PRJ-SYN-0009,SNAP-PRJ-SYN-0009-Q1,Madhya Pradesh Economic Corridor Pkg 44,Highways,Ministry of Road Transport and Highways (MoRTH),National Highways Authority of India (NHAI),Madhya Pradesh,EPC,Plains,2684.81,2684.81,1138.09,38.98,42.39,2019-10-23,2022-03-23,2022-03-23,2020-08-26,2022-06-16,2698.5,2.8,0,0.51,0
PRJ-SYN-0009,SNAP-PRJ-SYN-0009-Q2,Madhya Pradesh Economic Corridor Pkg 44,Highways,Ministry of Road Transport and Highways (MoRTH),National Highways Authority of India (NHAI),Madhya Pradesh,EPC,Plains,2684.81,2684.81,1931.72,67.31,71.95,2019-10-23,2022-03-23,2022-03-23,2021-05-18,2022-06-16,2698.5,2.8,0,0.51,0
PRJ-SYN-0009,SNAP-PRJ-SYN-0009-Q3,Madhya Pradesh Economic Corridor Pkg 44,Highways,Ministry of Road Transport and Highways (MoRTH),National Highways Authority of India (NHAI),Madhya Pradesh,EPC,Plains,2684.81,2684.81,2192.15,83.81,81.65,2019-10-23,2022-03-23,2022-03-23,2021-09-28,2022-06-16,2698.5,2.8,0,0.51,0
PRJ-SYN-0010,SNAP-PRJ-SYN-0010-Q1,Border Road Strategic Connectivity Link 43,Highways,Ministry of Road Transport and Highways (MoRTH),State PWD (Highways),Telangana,EPC,Urban Dense,2666.29,2761.79,1419.84,51.88,51.41,2019-12-18,2022-07-18,2022-10-28,2021-04-02,2022-09-16,2802.0,2.0,0,5.09,0
PRJ-SYN-0010,SNAP-PRJ-SYN-0010-Q2,Border Road Strategic Connectivity Link 43,Highways,Ministry of Road Transport and Highways (MoRTH),State PWD (Highways),Telangana,EPC,Urban Dense,2666.29,2666.29,1813.61,62.43,68.02,2019-12-18,2022-07-18,2022-07-18,2021-08-22,2022-09-16,2802.0,2.0,0,5.09,0
PRJ-SYN-0010,SNAP-PRJ-SYN-0010-Q3,Border Road Strategic Connectivity Link 43,Highways,Ministry of Road Transport and Highways (MoRTH),State PWD (Highways),Telangana,EPC,Urban Dense,2666.29,2666.29,2322.07,81.42,87.09,2019-12-18,2022-07-18,2022-07-18,2022-01-10,2022-09-16,2802.0,2.0,0,5.09,0
PRJ-SYN-0010,SNAP-PRJ-SYN-0010-Q4,Border Road Strategic Connectivity Link 43,Highways,Ministry of Road Transport and Highways (MoRTH),State PWD (Highways),Telangana,EPC,Urban Dense,2666.29,2666.29,2406.33,89.78,90.25,2019-12-18,2022-07-18,2022-07-18,2022-04-15,2022-09-16,2802.0,2.0,0,5.09,0
PRJ-SYN-0011,SNAP-PRJ-SYN-0011-Q1,West Bengal Economic Corridor Pkg 27,Highways,Ministry of Road Transport and Highways (MoRTH),NHIDCL,West Bengal,BOT,Hilly/Mountainous,405.26,405.26,121.74,21.07,30.04,2021-02-25,2023-12-26,2023-12-26,2021-09-19,2024-02-06,459.97,1.4,0,13.5,1
PRJ-SYN-0011,SNAP-PRJ-SYN-0011-Q2,West Bengal Economic Corridor Pkg 27,Highways,Ministry of Road Transport and Highways (MoRTH),NHIDCL,West Bengal,BOT,Hilly/Mountainous,405.26,405.26,168.67,36.68,41.62,2021-02-25,2023-12-26,2023-12-26,2022-02-22,2024-02-06,459.97,1.4,0,13.5,1
PRJ-SYN-0012,SNAP-PRJ-SYN-0012-Q1,Kerala Pumped Storage Hydro Project Phase IV,Power & Renewable Energy,Ministry of Power / MNRE,Power Grid Corporation (PGCIL),Kerala,HAM,Plains,2176.03,2248.12,436.81,19.05,19.43,2021-07-20,2024-02-18,2024-04-23,2022-01-24,2024-05-16,2245.23,2.9,0,3.18,0
PRJ-SYN-0012,SNAP-PRJ-SYN-0012-Q2,Kerala Pumped Storage Hydro Project Phase IV,Power & Renewable Energy,Ministry of Power / MNRE,Power Grid Corporation (PGCIL),Kerala,HAM,Plains,2176.03,2176.03,1178.54,52.28,54.16,2021-07-20,2024-02-18,2024-02-18,2022-11-03,2024-05-16,2245.23,2.9,0,3.18,0
PRJ-SYN-0012,SNAP-PRJ-SYN-0012-Q3,Kerala Pumped Storage Hydro Project Phase IV,Power & Renewable Energy,Ministry of Power / MNRE,Power Grid Corporation (PGCIL),Kerala,HAM,Plains,2176.03,2176.03,1669.45,78.58,76.72,2021-07-20,2024-02-18,2024-02-18,2023-08-13,2024-05-16,2245.23,2.9,0,3.18,0
PRJ-SYN-0013,SNAP-PRJ-SYN-0013-Q1,Rajasthan Express Highway Corridor Phase III,Highways,Ministry of Road Transport and Highways (MoRTH),State PWD (Highways),Rajasthan,EPC,Plains,2392.41,2392.41,551.45,17.27,23.05,2018-05-14,2021-07-13,2021-08-02,2018-12-31,2021-11-23,2608.21,4.4,1,9.02,0
PRJ-SYN-0013,SNAP-PRJ-SYN-0013-Q2,Rajasthan Express Highway Corridor Phase III,Highways,Ministry of Road Transport and Highways (MoRTH),State PWD (Highways),Rajasthan,EPC,Plains,2392.41,2508.46,1423.3,59.03,56.74,2018-05-14,2021-07-13,2021-07-13,2020-06-03,2021-11-23,2608.21,4.4,1,9.02,0
PRJ-SYN-0014,SNAP-PRJ-SYN-0014-Q1,Tamil Nadu Ring Metro Transit System Pkg 74,Metro Rail,Ministry of Housing and Urban Affairs (MoHUA),Mumbai Metropolitan Region Development Authority (MMRDA),Tamil Nadu,EPC,Plains,685.99,685.99,119.09,17.84,17.36,2023-05-27,2027-02-24,2027-02-24,2024-02-24,2027-06-19,735.72,3.8,1,7.25,0
PRJ-SYN-0014,SNAP-PRJ-SYN-0014-Q2,Tamil Nadu Ring Metro Transit System Pkg 74,Metro Rail,Ministry of Housing and Urban Affairs (MoHUA),Mumbai Metropolitan Region Development Authority (MMRDA),Tamil Nadu,EPC,Plains,685.99,685.99,265.96,37.99,38.77,2023-05-27,2027-02-24,2027-03-29,2024-09-17,2027-06-19,735.72,3.8,1,7.25,0
PRJ-SYN-0014,SNAP-PRJ-SYN-0014-Q3,Tamil Nadu Ring Metro Transit System Pkg 74,Metro Rail,Ministry of Housing and Urban Affairs (MoHUA),Mumbai Metropolitan Region Development Authority (MMRDA),Tamil Nadu,EPC,Plains,685.99,694.11,533.42,79.72,76.85,2023-05-27,2027-02-24,2027-05-30,2026-05-26,2027-06-19,735.72,3.8,1,7.25,0
PRJ-SYN-0014,SNAP-PRJ-SYN-0014-Q4,Tamil Nadu Ring Metro Transit System Pkg 74,Metro Rail,Ministry of Housing and Urban Affairs (MoHUA),Mumbai Metropolitan Region Development Authority (MMRDA),Tamil Nadu,EPC,Plains,685.99,685.99,574.79,85.91,83.79,2023-05-27,2027-02-24,2027-05-10,2026-10-10,2027-06-19,735.72,3.8,1,7.25,0
PRJ-SYN-0015,SNAP-PRJ-SYN-0015-Q1,High-Speed Rail Corridor Link 86,Railways,Ministry of Railways (MoR),IRCON International,Tamil Nadu,HAM,Hilly/Mountainous,14174.59,14675.09,1266.46,5.0,8.63,2021-01-04,2027-06-05,2028-01-11,2022-04-17,2031-11-07,19152.71,53.1,1,35.12,1
PRJ-SYN-0015,SNAP-PRJ-SYN-0015-Q2,High-Speed Rail Corridor Link 86,Railways,Ministry of Railways (MoR),IRCON International,Tamil Nadu,HAM,Hilly/Mountainous,14174.59,14174.59,1933.41,7.76,13.64,2021-01-04,2027-06-05,2028-08-01,2023-04-04,2031-11-07,19152.71,53.1,1,35.12,1
PRJ-SYN-0015,SNAP-PRJ-SYN-0015-Q3,High-Speed Rail Corridor Link 86,Railways,Ministry of Railways (MoR),IRCON International,Tamil Nadu,HAM,Hilly/Mountainous,14174.59,16220.3,5808.49,24.4,35.81,2021-01-04,2027-06-05,2027-06-05,2024-03-20,2031-11-07,19152.71,53.1,1,35.12,1
PRJ-SYN-0016,SNAP-PRJ-SYN-0016-Q1,Maharashtra Express Highway Corridor Phase I,Highways,Ministry of Road Transport and Highways (MoRTH),National Highways Authority of India (NHAI),Maharashtra,EPC,Plains,1156.2,1156.2,287.55,15.9,24.87,2022-03-05,2024-05-04,2024-05-04,2022-12-06,2025-04-09,1373.45,11.2,1,18.79,1
PRJ-SYN-0016,SNAP-PRJ-SYN-0016-Q2,Maharashtra Express Highway Corridor Phase I,Highways,Ministry of Road Transport and Highways (MoRTH),National Highways Authority of India (NHAI),Maharashtra,EPC,Plains,1156.2,1156.2,648.05,46.7,56.05,2022-03-05,2024-05-04,2024-10-01,2023-08-01,2025-04-09,1373.45,11.2,1,18.79,1
PRJ-SYN-0016,SNAP-PRJ-SYN-0016-Q3,Maharashtra Express Highway Corridor Phase I,Highways,Ministry of Road Transport and Highways (MoRTH),National Highways Authority of India (NHAI),Maharashtra,EPC,Plains,1156.2,1291.13,993.14,65.01,76.92,2022-03-05,2024-05-04,2024-12-03,2023-11-28,2025-04-09,1373.45,11.2,1,18.79,1
PRJ-SYN-0016,SNAP-PRJ-SYN-0016-Q4,Maharashtra Express Highway Corridor Phase I,Highways,Ministry of Road Transport and Highways (MoRTH),National Highways Authority of India (NHAI),Maharashtra,EPC,Plains,1156.2,1156.2,993.29,74.6,85.91,2022-03-05,2024-05-04,2025-03-08,2024-02-15,2025-04-09,1373.45,11.2,1,18.79,1
PRJ-SYN-0017,SNAP-PRJ-SYN-0017-Q1,Maharashtra Ring Metro Transit System Pkg 37,Metro Rail,Ministry of Housing and Urban Affairs (MoHUA),UP Metro Rail Corp (UPMRC),Maharashtra,BOT,Plains,2157.73,2157.73,896.11,35.97,41.53,2023-12-07,2030-12-06,2030-12-06,2026-05-19,2031-02-23,2197.0,2.6,0,1.82,0
PRJ-SYN-0017,SNAP-PRJ-SYN-0017-Q2,Maharashtra Ring Metro Transit System Pkg 37,Metro Rail,Ministry of Housing and Urban Affairs (MoHUA),UP Metro Rail Corp (UPMRC),Maharashtra,BOT,Plains,2157.73,2157.73,1092.89,49.61,50.65,2023-12-07,2030-12-06,2030-12-06,2027-06-07,2031-02-23,2197.0,2.6,0,1.82,0
PRJ-SYN-0017,SNAP-PRJ-SYN-0017-Q3,Maharashtra Ring Metro Transit System Pkg 37,Metro Rail,Ministry of Housing and Urban Affairs (MoHUA),UP Metro Rail Corp (UPMRC),Maharashtra,BOT,Plains,2157.73,2157.73,1566.3,68.47,72.59,2023-12-07,2030-12-06,2031-02-12,2028-06-24,2031-02-23,2197.0,2.6,0,1.82,0
PRJ-SYN-0017,SNAP-PRJ-SYN-0017-Q4,Maharashtra Ring Metro Transit System Pkg 37,Metro Rail,Ministry of Housing and Urban Affairs (MoHUA),UP Metro Rail Corp (UPMRC),Maharashtra,BOT,Plains,2157.73,2157.73,1939.58,92.37,89.89,2023-12-07,2030-12-06,2030-12-06,2030-03-26,2031-02-23,2197.0,2.6,0,1.82,0
PRJ-SYN-0018,SNAP-PRJ-SYN-0018-Q1,Deep Draft Container Terminal Berth 38,Ports & Shipping,"Ministry of Ports, Shipping and Waterways (MoPSW)",V.O. Chidambaranar Port,Karnataka,EPC,Plains,1621.45,1621.45,127.28,5.0,7.85,2020-01-19,2022-04-19,2022-08-15,2020-07-01,2024-12-21,2143.39,32.1,1,32.19,1
PRJ-SYN-0018,SNAP-PRJ-SYN-0018-Q2,Deep Draft Container Terminal Berth 38,Ports & Shipping,"Ministry of Ports, Shipping and Waterways (MoPSW)",V.O. Chidambaranar Port,Karnataka,EPC,Plains,1621.45,1621.45,245.33,5.0,15.13,2020-01-19,2022-04-19,2022-04-19,2020-11-01,2024-12-21,2143.39,32.1,1,32.19,1
PRJ-SYN-0018,SNAP-PRJ-SYN-0018-Q3,Deep Draft Container Terminal Berth 38,Ports & Shipping,"Ministry of Ports, Shipping and Waterways (MoPSW)",V.O. Chidambaranar Port,Karnataka,EPC,Plains,1621.45,1974.08,657.17,30.45,33.29,2020-01-19,2022-04-19,2024-07-21,2021-11-06,2024-12-21,2143.39,32.1,1,32.19,1
PRJ-SYN-0018,SNAP-PRJ-SYN-0018-Q4,Deep Draft Container Terminal Berth 38,Ports & Shipping,"Ministry of Ports, Shipping and Waterways (MoPSW)",V.O. Chidambaranar Port,Karnataka,EPC,Plains,1621.45,1938.75,962.2,46.52,49.63,2020-01-19,2022-04-19,2023-11-23,2022-01-27,2024-12-21,2143.39,32.1,1,32.19,1
PRJ-SYN-0019,SNAP-PRJ-SYN-0019-Q1,Uttar Pradesh Express Highway Corridor Phase II,Highways,Ministry of Road Transport and Highways (MoRTH),National Highways Authority of India (NHAI),Uttar Pradesh,HAM,Urban Dense,1398.87,1398.87,676.07,50.67,48.33,2020-02-17,2022-04-18,2022-04-18,2021-03-18,2022-05-27,1478.47,1.3,0,5.69,0
PRJ-SYN-0019,SNAP-PRJ-SYN-0019-Q2,Uttar Pradesh Express Highway Corridor Phase II,Highways,Ministry of Road Transport and Highways (MoRTH),National Highways Authority of India (NHAI),Uttar Pradesh,HAM,Urban Dense,1398.87,1398.87,933.75,65.04,66.75,2020-02-17,2022-04-18,2022-04-18,2021-07-15,2022-05-27,1478.47,1.3,0,5.69,0
PRJ-SYN-0020,SNAP-PRJ-SYN-0020-Q1,High-Speed Rail Corridor Link 41,Railways,Ministry of Railways (MoR),Rail Vikas Nigam Ltd (RVNL),Rajasthan,HAM,Coastal,20106.19,20106.19,12270.81,63.33,61.03,2021-04-04,2029-02-02,2029-02-02,2026-05-07,2030-01-08,21260.29,11.2,1,5.74,0
PRJ-SYN-0020,SNAP-PRJ-SYN-0020-Q2,High-Speed Rail Corridor Link 41,Railways,Ministry of Railways (MoR),Rail Vikas Nigam Ltd (RVNL),Rajasthan,HAM,Coastal,20106.19,20106.19,16704.22,79.8,83.08,2021-04-04,2029-02-02,2029-12-16,2028-04-22,2030-01-08,21260.29,11.2,1,5.74,0
PRJ-SYN-0021,SNAP-PRJ-SYN-0021-Q1,Uttar Pradesh Metro Corridor Elevated Extension Phase IV,Metro Rail,Ministry of Housing and Urban Affairs (MoHUA),Mumbai Metropolitan Region Development Authority (MMRDA),Uttar Pradesh,BOT,Urban Dense,972.4,989.36,315.21,19.99,31.86,2023-11-21,2027-07-22,2027-08-10,2024-08-14,2027-11-17,1144.61,3.9,1,17.71,1
PRJ-SYN-0021,SNAP-PRJ-SYN-0021-Q2,Uttar Pradesh Metro Corridor Elevated Extension Phase IV,Metro Rail,Ministry of Housing and Urban Affairs (MoHUA),Mumbai Metropolitan Region Development Authority (MMRDA),Uttar Pradesh,BOT,Urban Dense,972.4,972.4,685.25,60.05,70.47,2023-11-21,2027-07-22,2027-09-20,2026-04-09,2027-11-17,1144.61,3.9,1,17.71,1
PRJ-SYN-0022,SNAP-PRJ-SYN-0022-Q1,Maharashtra Economic Corridor Pkg 41,Highways,Ministry of Road Transport and Highways (MoRTH),State PWD (Highways),Maharashtra,Item Rate,Urban Dense,3514.35,3514.35,1192.77,30.89,33.94,2019-09-15,2022-08-15,2022-08-15,2020-09-21,2022-10-05,3806.74,1.7,0,8.32,0
PRJ-SYN-0022,SNAP-PRJ-SYN-0022-Q2,Maharashtra Economic Corridor Pkg 41,Highways,Ministry of Road Transport and Highways (MoRTH),State PWD (Highways),Maharashtra,Item Rate,Urban Dense,3514.35,3514.35,2271.32,66.61,64.63,2019-09-15,2022-08-15,2022-08-15,2021-08-07,2022-10-05,3806.74,1.7,0,8.32,0
PRJ-SYN-0023,SNAP-PRJ-SYN-0023-Q1,765kV High Voltage Transmission Substation,Power & Renewable Energy,Ministry of Power / MNRE,Solar Energy Corporation of India (SECI),Andhra Pradesh,Item Rate,Hilly/Mountainous,3205.4,3285.53,274.67,5.0,8.36,2022-02-02,2027-02-02,2027-02-02,2023-02-02,2029-05-03,4113.17,27.0,1,28.32,1
PRJ-SYN-0023,SNAP-PRJ-SYN-0023-Q2,765kV High Voltage Transmission Substation,Power & Renewable Energy,Ministry of Power / MNRE,Solar Energy Corporation of India (SECI),Andhra Pradesh,Item Rate,Hilly/Mountainous,3205.4,3732.68,2052.23,49.06,54.98,2022-02-02,2027-02-02,2028-04-21,2025-05-04,2029-05-03,4113.17,27.0,1,28.32,1
PRJ-SYN-0023,SNAP-PRJ-SYN-0023-Q3,765kV High Voltage Transmission Substation,Power & Renewable Energy,Ministry of Power / MNRE,Solar Energy Corporation of India (SECI),Andhra Pradesh,Item Rate,Hilly/Mountainous,3205.4,3205.4,2204.03,60.54,68.76,2022-02-02,2027-02-02,2027-02-02,2026-02-02,2029-05-03,4113.17,27.0,1,28.32,1
PRJ-SYN-0023,SNAP-PRJ-SYN-0023-Q4,765kV High Voltage Transmission Substation,Power & Renewable Energy,Ministry of Power / MNRE,Solar Energy Corporation of India (SECI),Andhra Pradesh,Item Rate,Hilly/Mountainous,3205.4,3205.4,2547.33,76.0,79.47,2022-02-02,2027-02-02,2028-08-19,2026-08-03,2029-05-03,4113.17,27.0,1,28.32,1
PRJ-SYN-0024,SNAP-PRJ-SYN-0024-Q1,Telangana Station Redevelopment & Quadrupling,Railways,Ministry of Railways (MoR),Rail Vikas Nigam Ltd (RVNL),Telangana,EPC,Plains,430.56,430.56,45.04,5.0,10.46,2021-01-06,2024-08-06,2024-08-06,2021-09-24,2026-07-04,483.95,22.9,1,12.4,1
PRJ-SYN-0024,SNAP-PRJ-SYN-0024-Q2,Telangana Station Redevelopment & Quadrupling,Railways,Ministry of Railways (MoR),Rail Vikas Nigam Ltd (RVNL),Telangana,EPC,Plains,430.56,446.28,173.34,30.16,38.84,2021-01-06,2024-08-06,2025-03-16,2022-10-22,2026-07-04,483.95,22.9,1,12.4,1
PRJ-SYN-0024,SNAP-PRJ-SYN-0024-Q3,Telangana Station Redevelopment & Quadrupling,Railways,Ministry of Railways (MoR),Rail Vikas Nigam Ltd (RVNL),Telangana,EPC,Plains,430.56,456.39,201.45,41.25,44.14,2021-01-06,2024-08-06,2025-07-17,2023-05-06,2026-07-04,483.95,22.9,1,12.4,1
PRJ-SYN-0025,SNAP-PRJ-SYN-0025-Q1,Freight Corridor Feeder Line 99,Railways,Ministry of Railways (MoR),CORE,Bihar,EPC,Urban Dense,977.57,977.57,313.02,33.14,32.02,2023-12-16,2029-10-15,2029-10-15,2025-12-30,2029-12-30,1024.2,2.5,0,4.77,0
PRJ-SYN-0025,SNAP-PRJ-SYN-0025-Q2,Freight Corridor Feeder Line 99,Railways,Ministry of Railways (MoR),CORE,Bihar,EPC,Urban Dense,977.57,977.57,455.65,45.45,46.61,2023-12-16,2029-10-15,2029-12-03,2026-11-15,2029-12-30,1024.2,2.5,0,4.77,0
PRJ-SYN-0026,SNAP-PRJ-SYN-0026-Q1,Uttarakhand Metro Line 50 Underground Section,Metro Rail,Ministry of Housing and Urban Affairs (MoHUA),Bangalore Metro Rail Corp (BMRCL),Uttarakhand,HAM,Hilly/Mountainous,14283.7,14617.02,1052.43,5.0,7.2,2018-10-16,2023-12-16,2024-06-05,2019-10-28,2028-07-22,18327.42,55.2,1,28.31,1
PRJ-SYN-0026,SNAP-PRJ-SYN-0026-Q2,Uttarakhand Metro Line 50 Underground Section,Metro Rail,Ministry of Housing and Urban Affairs (MoHUA),Bangalore Metro Rail Corp (BMRCL),Uttarakhand,HAM,Hilly/Mountainous,14283.7,14283.7,1969.72,5.0,13.79,2018-10-16,2023-12-16,2024-11-10,2020-08-06,2028-07-22,18327.42,55.2,1,28.31,1
PRJ-SYN-0026,SNAP-PRJ-SYN-0026-Q3,Uttarakhand Metro Line 50 Underground Section,Metro Rail,Ministry of Housing and Urban Affairs (MoHUA),Bangalore Metro Rail Corp (BMRCL),Uttarakhand,HAM,Hilly/Mountainous,14283.7,15813.19,3872.65,17.12,24.49,2018-10-16,2023-12-16,2025-05-21,2021-05-16,2028-07-22,18327.42,55.2,1,28.31,1
PRJ-SYN-0026,SNAP-PRJ-SYN-0026-Q4,Uttarakhand Metro Line 50 Underground Section,Metro Rail,Ministry of Housing and Urban Affairs (MoHUA),Bangalore Metro Rail Corp (BMRCL),Uttarakhand,HAM,Hilly/Mountainous,14283.7,16776.26,8425.04,41.76,50.22,2018-10-16,2023-12-16,2023-12-16,2022-12-03,2028-07-22,18327.42,55.2,1,28.31,1
PRJ-SYN-0027,SNAP-PRJ-SYN-0027-Q1,High-Speed Rail Corridor Link 86,Railways,Ministry of Railways (MoR),Dedicated Freight Corridor Corp (DFCCIL),Gujarat,EPC,Plains,395.01,395.01,127.67,33.76,32.32,2023-04-13,2026-02-10,2026-04-21,2024-04-09,2026-02-28,397.66,0.6,0,0.67,0
PRJ-SYN-0027,SNAP-PRJ-SYN-0027-Q2,High-Speed Rail Corridor Link 86,Railways,Ministry of Railways (MoR),Dedicated Freight Corridor Corp (DFCCIL),Gujarat,EPC,Plains,395.01,395.01,311.35,80.81,78.82,2023-04-13,2026-02-10,2026-02-10,2025-07-18,2026-02-28,397.66,0.6,0,0.67,0
PRJ-SYN-0028,SNAP-PRJ-SYN-0028-Q1,Himachal Pradesh Pumped Storage Hydro Project Phase I,Power & Renewable Energy,Ministry of Power / MNRE,NTPC Limited,Himachal Pradesh,EPC,Plains,1283.44,1283.44,664.44,52.25,51.77,2022-06-09,2027-08-09,2027-08-09,2025-01-07,2027-09-17,1305.26,1.3,0,1.7,0
PRJ-SYN-0028,SNAP-PRJ-SYN-0028-Q2,Himachal Pradesh Pumped Storage Hydro Project Phase I,Power & Renewable Energy,Ministry of Power / MNRE,NTPC Limited,Himachal Pradesh,EPC,Plains,1283.44,1283.44,1145.86,87.71,89.28,2022-06-09,2027-08-09,2027-10-24,2027-02-01,2027-09-17,1305.26,1.3,0,1.7,0
PRJ-SYN-0029,SNAP-PRJ-SYN-0029-Q1,Rajasthan Economic Corridor Pkg 26,Highways,Ministry of Road Transport and Highways (MoRTH),National Highways Authority of India (NHAI),Rajasthan,EPC,Plains,176.9,176.9,28.92,18.78,16.35,2023-05-15,2026-05-14,2026-05-14,2023-12-20,2026-06-13,177.41,1.0,0,0.29,0
PRJ-SYN-0029,SNAP-PRJ-SYN-0029-Q2,Rajasthan Economic Corridor Pkg 26,Highways,Ministry of Road Transport and Highways (MoRTH),National Highways Authority of India (NHAI),Rajasthan,EPC,Plains,176.9,176.9,117.32,63.19,66.32,2023-05-15,2026-05-14,2026-05-14,2025-04-26,2026-06-13,177.41,1.0,0,0.29,0
PRJ-SYN-0029,SNAP-PRJ-SYN-0029-Q3,Rajasthan Economic Corridor Pkg 26,Highways,Ministry of Road Transport and Highways (MoRTH),National Highways Authority of India (NHAI),Rajasthan,EPC,Plains,176.9,176.9,165.44,92.28,93.52,2023-05-15,2026-05-14,2026-05-14,2026-01-25,2026-06-13,177.41,1.0,0,0.29,0
PRJ-SYN-0030,SNAP-PRJ-SYN-0030-Q1,Deep Draft Container Terminal Berth 74,Ports & Shipping,"Ministry of Ports, Shipping and Waterways (MoPSW)",Jawaharlal Nehru Port Trust (JNPT),Himachal Pradesh,BOT,Plains,1136.58,1218.67,470.28,28.64,38.59,2019-06-03,2022-02-01,2022-09-24,2020-10-02,2023-06-27,1419.59,16.8,1,24.9,1
PRJ-SYN-0030,SNAP-PRJ-SYN-0030-Q2,Deep Draft Container Terminal Berth 74,Ports & Shipping,"Ministry of Ports, Shipping and Waterways (MoPSW)",Jawaharlal Nehru Port Trust (JNPT),Himachal Pradesh,BOT,Plains,1136.58,1342.57,1047.07,69.34,77.99,2019-06-03,2022-02-01,2022-02-01,2021-10-26,2023-06-27,1419.59,16.8,1,24.9,1
PRJ-SYN-0031,SNAP-PRJ-SYN-0031-Q1,Himachal Pradesh Station Redevelopment & Quadrupling,Railways,Ministry of Railways (MoR),Rail Vikas Nigam Ltd (RVNL),Himachal Pradesh,EPC,Plains,230.93,230.93,49.51,20.98,21.44,2018-11-27,2023-06-28,2023-06-28,2019-10-27,2023-07-19,234.16,0.7,0,1.4,0
PRJ-SYN-0031,SNAP-PRJ-SYN-0031-Q2,Himachal Pradesh Station Redevelopment & Quadrupling,Railways,Ministry of Railways (MoR),Rail Vikas Nigam Ltd (RVNL),Himachal Pradesh,EPC,Plains,230.93,241.92,89.41,34.34,36.96,2018-11-27,2023-06-28,2023-06-28,2020-07-04,2023-07-19,234.16,0.7,0,1.4,0
PRJ-SYN-0031,SNAP-PRJ-SYN-0031-Q3,Himachal Pradesh Station Redevelopment & Quadrupling,Railways,Ministry of Railways (MoR),Rail Vikas Nigam Ltd (RVNL),Himachal Pradesh,EPC,Plains,230.93,230.93,119.0,47.38,51.53,2018-11-27,2023-06-28,2023-06-28,2021-03-13,2023-07-19,234.16,0.7,0,1.4,0
PRJ-SYN-0031,SNAP-PRJ-SYN-0031-Q4,Himachal Pradesh Station Redevelopment & Quadrupling,Railways,Ministry of Railways (MoR),Rail Vikas Nigam Ltd (RVNL),Himachal Pradesh,EPC,Plains,230.93,230.93,159.0,63.8,68.85,2018-11-27,2023-06-28,2023-08-21,2021-11-19,2023-07-19,234.16,0.7,0,1.4,0
PRJ-SYN-0032,SNAP-PRJ-SYN-0032-Q1,Odisha Express Highway Corridor Phase II,Highways,Ministry of Road Transport and Highways (MoRTH),National Highways Authority of India (NHAI),Odisha,EPC,Hilly/Mountainous,1381.72,1462.5,218.94,5.0,14.97,2022-04-23,2025-02-20,2025-02-20,2023-04-20,2027-08-12,1825.39,29.7,1,32.11,1
PRJ-SYN-0032,SNAP-PRJ-SYN-0032-Q2,Odisha Express Highway Corridor Phase II,Highways,Ministry of Road Transport and Highways (MoRTH),National Highways Authority of India (NHAI),Odisha,EPC,Hilly/Mountainous,1381.72,1546.07,329.62,12.12,21.32,2022-04-23,2025-02-20,2025-12-22,2023-09-22,2027-08-12,1825.39,29.7,1,32.11,1
PRJ-SYN-0032,SNAP-PRJ-SYN-0032-Q3,Odisha Express Highway Corridor Phase II,Highways,Ministry of Road Transport and Highways (MoRTH),National Highways Authority of India (NHAI),Odisha,EPC,Hilly/Mountainous,1381.72,1590.56,603.78,26.88,37.96,2022-04-23,2025-02-20,2026-10-18,2024-02-24,2027-08-12,1825.39,29.7,1,32.11,1
PRJ-SYN-0033,SNAP-PRJ-SYN-0033-Q1,Rajasthan Express Highway Corridor Phase I,Highways,Ministry of Road Transport and Highways (MoRTH),NHIDCL,Rajasthan,HAM,Hilly/Mountainous,565.88,565.88,72.21,5.0,12.76,2020-01-01,2022-10-01,2024-03-31,2020-12-17,2027-12-10,862.12,62.3,1,52.35,1
PRJ-SYN-0033,SNAP-PRJ-SYN-0033-Q2,Rajasthan Express Highway Corridor Phase I,Highways,Ministry of Road Transport and Highways (MoRTH),NHIDCL,Rajasthan,HAM,Hilly/Mountainous,565.88,565.88,95.35,5.0,16.85,2020-01-01,2022-10-01,2025-04-04,2021-05-17,2027-12-10,862.12,62.3,1,52.35,1
PRJ-SYN-0033,SNAP-PRJ-SYN-0033-Q3,Rajasthan Express Highway Corridor Phase I,Highways,Ministry of Road Transport and Highways (MoRTH),NHIDCL,Rajasthan,HAM,Hilly/Mountainous,565.88,805.26,199.79,14.11,24.81,2020-01-01,2022-10-01,2025-11-05,2022-06-22,2027-12-10,862.12,62.3,1,52.35,1
PRJ-SYN-0034,SNAP-PRJ-SYN-0034-Q1,Border Road Strategic Connectivity Link 81,Highways,Ministry of Road Transport and Highways (MoRTH),State PWD (Highways),Assam,EPC,Plains,1933.37,1933.37,481.02,23.81,24.88,2018-02-23,2020-04-24,2020-04-24,2018-07-31,2020-04-24,1949.8,0.0,0,0.85,0
PRJ-SYN-0034,SNAP-PRJ-SYN-0034-Q2,Border Road Strategic Connectivity Link 81,Highways,Ministry of Road Transport and Highways (MoRTH),State PWD (Highways),Assam,EPC,Plains,1933.37,1933.37,1465.69,77.54,75.81,2018-02-23,2020-04-24,2020-04-24,2019-11-18,2020-04-24,1949.8,0.0,0,0.85,0
PRJ-SYN-0035,SNAP-PRJ-SYN-0035-Q1,High-Speed Rail Corridor Link 26,Railways,Ministry of Railways (MoR),IRCON International,Kerala,EPC,Hilly/Mountainous,590.57,590.57,238.12,42.72,40.32,2020-06-26,2023-05-27,2023-05-27,2021-07-03,2023-07-26,610.35,2.0,0,3.35,0
PRJ-SYN-0035,SNAP-PRJ-SYN-0035-Q2,High-Speed Rail Corridor Link 26,Railways,Ministry of Railways (MoR),IRCON International,Kerala,EPC,Hilly/Mountainous,590.57,590.57,326.35,50.18,55.26,2020-06-26,2023-05-27,2023-05-27,2021-12-10,2023-07-26,610.35,2.0,0,3.35,0
PRJ-SYN-0036,SNAP-PRJ-SYN-0036-Q1,NH-55 4/6-Laning Bypass & Viaduct,Highways,Ministry of Road Transport and Highways (MoRTH),State PWD (Highways),Andhra Pradesh,HAM,Plains,713.74,713.74,135.82,20.63,19.03,2022-07-20,2026-04-19,2026-04-19,2023-04-19,2026-08-03,746.71,3.5,1,4.62,0
PRJ-SYN-0036,SNAP-PRJ-SYN-0036-Q2,NH-55 4/6-Laning Bypass & Viaduct,Highways,Ministry of Road Transport and Highways (MoRTH),State PWD (Highways),Andhra Pradesh,HAM,Plains,713.74,713.74,222.62,25.67,31.19,2022-07-20,2026-04-19,2026-05-18,2023-11-11,2026-08-03,746.71,3.5,1,4.62,0
PRJ-SYN-0036,SNAP-PRJ-SYN-0036-Q3,NH-55 4/6-Laning Bypass & Viaduct,Highways,Ministry of Road Transport and Highways (MoRTH),State PWD (Highways),Andhra Pradesh,HAM,Plains,713.74,713.74,529.67,75.8,74.21,2022-07-20,2026-04-19,2026-06-12,2025-07-19,2026-08-03,746.71,3.5,1,4.62,0
PRJ-SYN-0036,SNAP-PRJ-SYN-0036-Q4,NH-55 4/6-Laning Bypass & Viaduct,Highways,Ministry of Road Transport and Highways (MoRTH),State PWD (Highways),Andhra Pradesh,HAM,Plains,713.74,713.74,611.53,86.68,85.68,2022-07-20,2026-04-19,2026-06-19,2025-12-03,2026-08-03,746.71,3.5,1,4.62,0
PRJ-SYN-0037,SNAP-PRJ-SYN-0037-Q1,Assam Express Highway Corridor Phase II,Highways,Ministry of Road Transport and Highways (MoRTH),NHIDCL,Assam,EPC,Hilly/Mountainous,654.84,711.58,134.7,14.88,18.93,2023-12-26,2026-10-25,2027-03-01,2024-12-22,2028-08-03,887.9,21.3,1,35.59,1
PRJ-SYN-0037,SNAP-PRJ-SYN-0037-Q2,Assam Express Highway Corridor Phase II,Highways,Ministry of Road Transport and Highways (MoRTH),NHIDCL,Assam,EPC,Hilly/Mountainous,654.84,723.07,188.0,21.92,26.0,2023-12-26,2026-10-25,2027-06-24,2025-05-26,2028-08-03,887.9,21.3,1,35.59,1
PRJ-SYN-0038,SNAP-PRJ-SYN-0038-Q1,Himachal Pradesh Port Modernization & Coastal Connectivity,Ports & Shipping,"Ministry of Ports, Shipping and Waterways (MoPSW)",Jawaharlal Nehru Port Trust (JNPT),Himachal Pradesh,EPC,Plains,2842.99,2842.99,189.34,7.01,6.66,2019-08-12,2022-07-12,2022-07-12,2020-03-12,2023-01-07,3023.24,5.9,1,6.34,0
PRJ-SYN-0038,SNAP-PRJ-SYN-0038-Q2,Himachal Pradesh Port Modernization & Coastal Connectivity,Ports & Shipping,"Ministry of Ports, Shipping and Waterways (MoPSW)",Jawaharlal Nehru Port Trust (JNPT),Himachal Pradesh,EPC,Plains,2842.99,2842.99,898.67,33.35,31.61,2019-08-12,2022-07-12,2022-09-05,2020-08-18,2023-01-07,3023.24,5.9,1,6.34,0
PRJ-SYN-0038,SNAP-PRJ-SYN-0038-Q3,Himachal Pradesh Port Modernization & Coastal Connectivity,Ports & Shipping,"Ministry of Ports, Shipping and Waterways (MoPSW)",Jawaharlal Nehru Port Trust (JNPT),Himachal Pradesh,EPC,Plains,2842.99,2842.99,2258.76,82.25,79.45,2019-08-12,2022-07-12,2022-12-11,2022-03-27,2023-01-07,3023.24,5.9,1,6.34,0
PRJ-SYN-0039,SNAP-PRJ-SYN-0039-Q1,NH-52 4/6-Laning Bypass & Viaduct,Highways,Ministry of Road Transport and Highways (MoRTH),State PWD (Highways),Uttar Pradesh,Item Rate,Coastal,3015.26,3015.26,474.3,17.67,15.73,2018-05-12,2021-06-11,2021-06-11,2018-12-23,2021-06-23,3128.63,0.4,0,3.76,0
PRJ-SYN-0039,SNAP-PRJ-SYN-0039-Q2,NH-52 4/6-Laning Bypass & Viaduct,Highways,Ministry of Road Transport and Highways (MoRTH),State PWD (Highways),Uttar Pradesh,Item Rate,Coastal,3015.26,3015.26,1823.93,56.02,60.49,2018-05-12,2021-06-11,2021-07-21,2019-11-26,2021-06-23,3128.63,0.4,0,3.76,0
PRJ-SYN-0039,SNAP-PRJ-SYN-0039-Q3,NH-52 4/6-Laning Bypass & Viaduct,Highways,Ministry of Road Transport and Highways (MoRTH),State PWD (Highways),Uttar Pradesh,Item Rate,Coastal,3015.26,3015.26,2178.53,67.15,72.25,2018-05-12,2021-06-11,2021-06-11,2020-05-13,2021-06-23,3128.63,0.4,0,3.76,0
PRJ-SYN-0039,SNAP-PRJ-SYN-0039-Q4,NH-52 4/6-Laning Bypass & Viaduct,Highways,Ministry of Road Transport and Highways (MoRTH),State PWD (Highways),Uttar Pradesh,Item Rate,Coastal,3015.26,3015.26,2520.15,85.0,83.58,2018-05-12,2021-06-11,2021-06-11,2020-10-28,2021-06-23,3128.63,0.4,0,3.76,0
PRJ-SYN-0040,SNAP-PRJ-SYN-0040-Q1,Freight Corridor Feeder Line 84,Railways,Ministry of Railways (MoR),Dedicated Freight Corridor Corp (DFCCIL),Andhra Pradesh,EPC,Plains,5518.2,5518.2,2661.43,47.73,48.23,2018-02-20,2023-06-22,2023-06-22,2020-10-21,2023-08-06,5549.1,1.5,0,0.56,0
PRJ-SYN-0040,SNAP-PRJ-SYN-0040-Q2,Freight Corridor Feeder Line 84,Railways,Ministry of Railways (MoR),Dedicated Freight Corridor Corp (DFCCIL),Andhra Pradesh,EPC,Plains,5518.2,5518.2,3541.03,62.07,64.17,2018-02-20,2023-06-22,2023-06-22,2021-08-09,2023-08-06,5549.1,1.5,0,0.56,0
PRJ-SYN-0040,SNAP-PRJ-SYN-0040-Q3,Freight Corridor Feeder Line 84,Railways,Ministry of Railways (MoR),Dedicated Freight Corridor Corp (DFCCIL),Andhra Pradesh,EPC,Plains,5518.2,5518.2,5440.39,93.16,98.59,2018-02-20,2023-06-22,2023-06-22,2022-12-09,2023-08-06,5549.1,1.5,0,0.56,0
PRJ-SYN-0041,SNAP-PRJ-SYN-0041-Q1,Gujarat Express Highway Corridor Phase IV,Highways,Ministry of Road Transport and Highways (MoRTH),State PWD (Highways),Gujarat,HAM,Plains,8991.87,8991.87,2077.12,19.9,23.1,2020-01-23,2023-04-24,2023-04-24,2020-09-16,2023-05-27,9257.13,1.1,0,2.95,0
PRJ-SYN-0041,SNAP-PRJ-SYN-0041-Q2,Gujarat Express Highway Corridor Phase IV,Highways,Ministry of Road Transport and Highways (MoRTH),State PWD (Highways),Gujarat,HAM,Plains,8991.87,8991.87,4017.57,40.31,44.68,2020-01-23,2023-04-24,2023-04-24,2021-03-13,2023-05-27,9257.13,1.1,0,2.95,0
PRJ-SYN-0041,SNAP-PRJ-SYN-0041-Q3,Gujarat Express Highway Corridor Phase IV,Highways,Ministry of Road Transport and Highways (MoRTH),State PWD (Highways),Gujarat,HAM,Plains,8991.87,9411.72,7728.9,81.87,82.12,2020-01-23,2023-04-24,2023-08-04,2022-08-29,2023-05-27,9257.13,1.1,0,2.95,0
PRJ-SYN-0042,SNAP-PRJ-SYN-0042-Q1,Uttar Pradesh Station Redevelopment & Quadrupling,Railways,Ministry of Railways (MoR),IRCON International,Uttar Pradesh,HAM,Urban Dense,321.42,321.42,168.71,53.24,52.49,2022-06-22,2026-05-22,2026-05-22,2024-06-06,2026-07-21,344.85,2.0,0,7.29,0
PRJ-SYN-0042,SNAP-PRJ-SYN-0042-Q2,Uttar Pradesh Station Redevelopment & Quadrupling,Railways,Ministry of Railways (MoR),IRCON International,Uttar Pradesh,HAM,Urban Dense,321.42,321.42,288.54,92.46,89.77,2022-06-22,2026-05-22,2026-05-22,2025-12-30,2026-07-21,344.85,2.0,0,7.29,0
PRJ-SYN-0043,SNAP-PRJ-SYN-0043-Q1,Liquid Cargo Jetty & Breakwater Expansion,Ports & Shipping,"Ministry of Ports, Shipping and Waterways (MoPSW)",Syama Prasad Mookerjee Port,Telangana,BOT,Plains,1104.42,1104.42,442.1,37.66,40.03,2023-05-18,2026-05-17,2026-06-22,2024-06-04,2026-06-01,1153.57,0.5,0,4.45,0
PRJ-SYN-0043,SNAP-PRJ-SYN-0043-Q2,Liquid Cargo Jetty & Breakwater Expansion,Ports & Shipping,"Ministry of Ports, Shipping and Waterways (MoPSW)",Syama Prasad Mookerjee Port,Telangana,BOT,Plains,1104.42,1129.39,738.51,61.87,65.39,2023-05-18,2026-05-17,2026-05-17,2025-04-29,2026-06-01,1153.57,0.5,0,4.45,0
PRJ-SYN-0044,SNAP-PRJ-SYN-0044-Q1,Karnataka Pumped Storage Hydro Project Phase II,Power & Renewable Energy,Ministry of Power / MNRE,SJVN Limited,Karnataka,HAM,Urban Dense,3968.87,4124.99,2688.67,53.2,65.18,2020-07-18,2026-06-18,2026-06-18,2023-07-03,2026-07-27,4378.06,1.3,0,10.31,1
PRJ-SYN-0044,SNAP-PRJ-SYN-0044-Q2,Karnataka Pumped Storage Hydro Project Phase II,Power & Renewable Energy,Ministry of Power / MNRE,SJVN Limited,Karnataka,HAM,Urban Dense,3968.87,3968.87,4272.09,96.9,107.64,2020-07-18,2026-06-18,2026-06-18,2025-11-13,2026-07-27,4378.06,1.3,0,10.31,1
PRJ-SYN-0045,SNAP-PRJ-SYN-0045-Q1,Tamil Nadu Station Redevelopment & Quadrupling,Railways,Ministry of Railways (MoR),Rail Vikas Nigam Ltd (RVNL),Tamil Nadu,HAM,Plains,1213.03,1273.09,128.2,12.69,10.07,2021-11-07,2027-04-08,2027-05-05,2022-12-07,2027-11-19,1259.49,7.4,1,3.83,0
PRJ-SYN-0045,SNAP-PRJ-SYN-0045-Q2,Tamil Nadu Station Redevelopment & Quadrupling,Railways,Ministry of Railways (MoR),Rail Vikas Nigam Ltd (RVNL),Tamil Nadu,HAM,Plains,1213.03,1213.03,397.63,27.23,32.78,2021-11-07,2027-04-08,2027-06-01,2023-09-30,2027-11-19,1259.49,7.4,1,3.83,0
PRJ-SYN-0045,SNAP-PRJ-SYN-0045-Q3,Tamil Nadu Station Redevelopment & Quadrupling,Railways,Ministry of Railways (MoR),Rail Vikas Nigam Ltd (RVNL),Tamil Nadu,HAM,Plains,1213.03,1213.03,817.58,62.49,67.4,2021-11-07,2027-04-08,2027-08-14,2025-05-15,2027-11-19,1259.49,7.4,1,3.83,0
PRJ-SYN-0045,SNAP-PRJ-SYN-0045-Q4,Tamil Nadu Station Redevelopment & Quadrupling,Railways,Ministry of Railways (MoR),Rail Vikas Nigam Ltd (RVNL),Tamil Nadu,HAM,Plains,1213.03,1213.03,977.22,78.95,80.56,2021-11-07,2027-04-08,2027-08-17,2026-03-08,2027-11-19,1259.49,7.4,1,3.83,0
PRJ-SYN-0046,SNAP-PRJ-SYN-0046-Q1,Assam Economic Corridor Pkg 40,Highways,Ministry of Road Transport and Highways (MoRTH),State PWD (Highways),Assam,EPC,Plains,3862.22,3862.22,548.05,15.8,14.19,2020-04-26,2024-09-25,2024-10-06,2021-03-14,2025-01-03,4144.93,3.3,1,7.32,0
PRJ-SYN-0046,SNAP-PRJ-SYN-0046-Q2,Assam Economic Corridor Pkg 40,Highways,Ministry of Road Transport and Highways (MoRTH),State PWD (Highways),Assam,EPC,Plains,3862.22,4036.4,1687.22,39.58,41.8,2020-04-26,2024-09-25,2024-10-15,2021-11-11,2025-01-03,4144.93,3.3,1,7.32,0
PRJ-SYN-0047,SNAP-PRJ-SYN-0047-Q1,Deep Draft Container Terminal Berth 88,Ports & Shipping,"Ministry of Ports, Shipping and Waterways (MoPSW)",Jawaharlal Nehru Port Trust (JNPT),Punjab,Item Rate,Urban Dense,2101.21,2101.21,815.69,35.31,38.82,2018-08-14,2023-01-13,2023-03-01,2020-02-29,2023-01-13,2217.2,0.0,0,5.52,0
PRJ-SYN-0047,SNAP-PRJ-SYN-0047-Q2,Deep Draft Container Terminal Berth 88,Ports & Shipping,"Ministry of Ports, Shipping and Waterways (MoPSW)",Jawaharlal Nehru Port Trust (JNPT),Punjab,Item Rate,Urban Dense,2101.21,2101.21,1431.13,63.45,68.11,2018-08-14,2023-01-13,2023-01-13,2021-06-27,2023-01-13,2217.2,0.0,0,5.52,0
PRJ-SYN-0047,SNAP-PRJ-SYN-0047-Q3,Deep Draft Container Terminal Berth 88,Ports & Shipping,"Ministry of Ports, Shipping and Waterways (MoPSW)",Jawaharlal Nehru Port Trust (JNPT),Punjab,Item Rate,Urban Dense,2101.21,2101.21,1744.0,80.67,83.0,2018-08-14,2023-01-13,2023-01-13,2022-02-24,2023-01-13,2217.2,0.0,0,5.52,0
PRJ-SYN-0047,SNAP-PRJ-SYN-0047-Q4,Deep Draft Container Terminal Berth 88,Ports & Shipping,"Ministry of Ports, Shipping and Waterways (MoPSW)",Jawaharlal Nehru Port Trust (JNPT),Punjab,Item Rate,Urban Dense,2101.21,2101.21,1921.56,92.05,91.45,2018-08-14,2023-01-13,2023-01-13,2022-08-04,2023-01-13,2217.2,0.0,0,5.52,0
PRJ-SYN-0048,SNAP-PRJ-SYN-0048-Q1,Jammu & Kashmir Metro Line 93 Underground Section,Metro Rail,Ministry of Housing and Urban Affairs (MoHUA),Chennai Metro Rail Ltd (CMRL),Jammu & Kashmir,Item Rate,Hilly/Mountainous,23079.67,23079.67,20411.66,83.51,88.44,2018-07-08,2023-08-07,2023-11-08,2022-08-01,2023-10-31,24868.34,2.8,0,7.75,0
PRJ-SYN-0048,SNAP-PRJ-SYN-0048-Q2,Jammu & Kashmir Metro Line 93 Underground Section,Metro Rail,Ministry of Housing and Urban Affairs (MoHUA),Chennai Metro Rail Ltd (CMRL),Jammu & Kashmir,Item Rate,Hilly/Mountainous,23079.67,23079.67,21367.16,88.89,92.58,2018-07-08,2023-08-07,2023-08-07,2023-02-03,2023-10-31,24868.34,2.8,0,7.75,0
PRJ-SYN-0049,SNAP-PRJ-SYN-0049-Q1,Andhra Pradesh Ultra Mega Solar Power Park 25 MW,Power & Renewable Energy,Ministry of Power / MNRE,SJVN Limited,Andhra Pradesh,EPC,Plains,659.5,659.5,250.48,35.27,37.98,2019-08-22,2023-09-21,2023-09-21,2021-01-25,2023-10-27,663.46,1.2,0,0.6,0
PRJ-SYN-0049,SNAP-PRJ-SYN-0049-Q2,Andhra Pradesh Ultra Mega Solar Power Park 25 MW,Power & Renewable Energy,Ministry of Power / MNRE,SJVN Limited,Andhra Pradesh,EPC,Plains,659.5,659.5,347.36,50.8,52.67,2019-08-22,2023-09-21,2023-09-21,2021-09-05,2023-10-27,663.46,1.2,0,0.6,0
PRJ-SYN-0049,SNAP-PRJ-SYN-0049-Q3,Andhra Pradesh Ultra Mega Solar Power Park 25 MW,Power & Renewable Energy,Ministry of Power / MNRE,SJVN Limited,Andhra Pradesh,EPC,Plains,659.5,659.5,537.43,78.8,81.49,2019-08-22,2023-09-21,2023-12-31,2022-11-27,2023-10-27,663.46,1.2,0,0.6,0
PRJ-SYN-0049,SNAP-PRJ-SYN-0049-Q4,Andhra Pradesh Ultra Mega Solar Power Park 25 MW,Power & Renewable Energy,Ministry of Power / MNRE,SJVN Limited,Andhra Pradesh,EPC,Plains,659.5,659.5,582.8,88.66,88.37,2019-08-22,2023-09-21,2023-12-04,2023-04-25,2023-10-27,663.46,1.2,0,0.6,0
PRJ-SYN-0050,SNAP-PRJ-SYN-0050-Q1,Border Road Strategic Connectivity Link 30,Highways,Ministry of Road Transport and Highways (MoRTH),State PWD (Highways),Rajasthan,EPC,Urban Dense,1069.22,1069.22,516.75,48.42,48.33,2021-08-09,2025-07-09,2025-07-09,2023-07-25,2025-09-01,1083.65,1.8,0,1.35,0
PRJ-SYN-0050,SNAP-PRJ-SYN-0050-Q2,Border Road Strategic Connectivity Link 30,Highways,Ministry of Road Transport and Highways (MoRTH),State PWD (Highways),Rajasthan,EPC,Urban Dense,1069.22,1069.22,938.67,88.33,87.79,2021-08-09,2025-07-09,2025-07-09,2025-02-16,2025-09-01,1083.65,1.8,0,1.35,0
PRJ-SYN-0051,SNAP-PRJ-SYN-0051-Q1,High-Speed Rail Corridor Link 66,Railways,Ministry of Railways (MoR),CORE,Uttar Pradesh,Item Rate,Hilly/Mountainous,14318.0,14318.0,1620.8,5.0,11.32,2023-05-08,2027-12-07,2028-04-05,2024-04-06,2030-04-13,18547.54,28.2,1,29.54,1
PRJ-SYN-0051,SNAP-PRJ-SYN-0051-Q2,High-Speed Rail Corridor Link 66,Railways,Ministry of Railways (MoR),CORE,Uttar Pradesh,Item Rate,Hilly/Mountainous,14318.0,16013.07,5884.8,24.91,36.75,2023-05-08,2027-12-07,2028-09-14,2025-08-22,2030-04-13,18547.54,28.2,1,29.54,1
PRJ-SYN-0051,SNAP-PRJ-SYN-0051-Q3,High-Speed Rail Corridor Link 66,Railways,Ministry of Railways (MoR),CORE,Uttar Pradesh,Item Rate,Hilly/Mountainous,14318.0,17410.62,12140.43,67.42,69.73,2023-05-08,2027-12-07,2027-12-07,2027-06-22,2030-04-13,18547.54,28.2,1,29.54,1
PRJ-SYN-0052,SNAP-PRJ-SYN-0052-Q1,High-Speed Rail Corridor Link 59,Railways,Ministry of Railways (MoR),Rail Vikas Nigam Ltd (RVNL),Telangana,EPC,Urban Dense,3938.23,3938.23,2156.57,50.59,54.76,2023-04-03,2027-09-02,2027-10-11,2025-06-17,2027-11-11,4206.82,2.3,0,6.82,0
PRJ-SYN-0052,SNAP-PRJ-SYN-0052-Q2,High-Speed Rail Corridor Link 59,Railways,Ministry of Railways (MoR),Rail Vikas Nigam Ltd (RVNL),Telangana,EPC,Urban Dense,3938.23,3938.23,2768.58,67.13,70.3,2023-04-03,2027-09-02,2027-09-02,2026-02-14,2027-11-11,4206.82,2.3,0,6.82,0
PRJ-SYN-0052,SNAP-PRJ-SYN-0052-Q3,High-Speed Rail Corridor Link 59,Railways,Ministry of Railways (MoR),Rail Vikas Nigam Ltd (RVNL),Telangana,EPC,Urban Dense,3938.23,3938.23,3545.19,87.78,90.02,2023-04-03,2027-09-02,2027-09-02,2027-03-24,2027-11-11,4206.82,2.3,0,6.82,0
PRJ-SYN-0053,SNAP-PRJ-SYN-0053-Q1,Tamil Nadu Express Highway Corridor Phase II,Highways,Ministry of Road Transport and Highways (MoRTH),NHIDCL,Tamil Nadu,EPC,Plains,886.37,886.37,143.24,12.91,16.16,2022-12-01,2025-10-31,2025-10-31,2023-07-02,2026-03-29,928.92,4.9,1,4.8,0
PRJ-SYN-0053,SNAP-PRJ-SYN-0053-Q2,Tamil Nadu Express Highway Corridor Phase II,Highways,Ministry of Road Transport and Highways (MoRTH),NHIDCL,Tamil Nadu,EPC,Plains,886.37,886.37,241.71,29.33,27.27,2022-12-01,2025-10-31,2025-10-31,2023-12-08,2026-03-29,928.92,4.9,1,4.8,0
PRJ-SYN-0053,SNAP-PRJ-SYN-0053-Q3,Tamil Nadu Express Highway Corridor Phase II,Highways,Ministry of Road Transport and Highways (MoRTH),NHIDCL,Tamil Nadu,EPC,Plains,886.37,886.37,496.1,57.69,55.97,2022-12-01,2025-10-31,2026-01-28,2024-10-23,2026-03-29,928.92,4.9,1,4.8,0
PRJ-SYN-0053,SNAP-PRJ-SYN-0053-Q4,Tamil Nadu Express Highway Corridor Phase II,Highways,Ministry of Road Transport and Highways (MoRTH),NHIDCL,Tamil Nadu,EPC,Plains,886.37,886.37,741.71,83.74,83.68,2022-12-01,2025-10-31,2026-02-16,2025-07-16,2026-03-29,928.92,4.9,1,4.8,0
PRJ-SYN-0054,SNAP-PRJ-SYN-0054-Q1,Border Road Strategic Connectivity Link 78,Highways,Ministry of Road Transport and Highways (MoRTH),NHIDCL,Maharashtra,EPC,Plains,919.84,952.45,336.98,36.87,35.38,2023-09-26,2027-07-27,2027-07-27,2025-01-28,2027-10-17,923.98,2.7,0,0.45,0
PRJ-SYN-0054,SNAP-PRJ-SYN-0054-Q2,Border Road Strategic Connectivity Link 78,Highways,Ministry of Road Transport and Highways (MoRTH),NHIDCL,Maharashtra,EPC,Plains,919.84,919.84,630.64,65.18,68.56,2023-09-26,2027-07-27,2027-07-27,2026-03-24,2027-10-17,923.98,2.7,0,0.45,0
PRJ-SYN-0054,SNAP-PRJ-SYN-0054-Q3,Border Road Strategic Connectivity Link 78,Highways,Ministry of Road Transport and Highways (MoRTH),NHIDCL,Maharashtra,EPC,Plains,919.84,919.84,756.84,78.06,82.28,2023-09-26,2027-07-27,2027-07-27,2026-10-20,2027-10-17,923.98,2.7,0,0.45,0
PRJ-SYN-0054,SNAP-PRJ-SYN-0054-Q4,Border Road Strategic Connectivity Link 78,Highways,Ministry of Road Transport and Highways (MoRTH),NHIDCL,Maharashtra,EPC,Plains,919.84,919.84,874.03,93.95,95.02,2023-09-26,2027-07-27,2027-07-27,2027-03-09,2027-10-17,923.98,2.7,0,0.45,0
PRJ-SYN-0055,SNAP-PRJ-SYN-0055-Q1,Maharashtra Metro Corridor Elevated Extension Phase I,Metro Rail,Ministry of Housing and Urban Affairs (MoHUA),Chennai Metro Rail Ltd (CMRL),Maharashtra,EPC,Plains,4436.4,4436.4,1235.98,29.22,27.86,2023-11-26,2030-03-27,2030-03-27,2026-02-12,2031-05-08,4699.48,13.4,1,5.93,0
PRJ-SYN-0055,SNAP-PRJ-SYN-0055-Q2,Maharashtra Metro Corridor Elevated Extension Phase I,Metro Rail,Ministry of Housing and Urban Affairs (MoHUA),Chennai Metro Rail Ltd (CMRL),Maharashtra,EPC,Plains,4436.4,4436.4,3119.23,66.84,70.31,2023-11-26,2030-03-27,2030-03-27,2028-01-07,2031-05-08,4699.48,13.4,1,5.93,0
PRJ-SYN-0055,SNAP-PRJ-SYN-0055-Q3,Maharashtra Metro Corridor Elevated Extension Phase I,Metro Rail,Ministry of Housing and Urban Affairs (MoHUA),Chennai Metro Rail Ltd (CMRL),Maharashtra,EPC,Plains,4436.4,4436.4,3923.11,82.66,88.43,2023-11-26,2030-03-27,2031-03-17,2029-08-07,2031-05-08,4699.48,13.4,1,5.93,0
PRJ-SYN-0056,SNAP-PRJ-SYN-0056-Q1,Maharashtra Express Highway Corridor Phase IV,Highways,Ministry of Road Transport and Highways (MoRTH),National Highways Authority of India (NHAI),Maharashtra,EPC,Plains,1286.01,1343.47,298.38,16.32,22.21,2023-01-03,2026-08-03,2026-08-03,2023-09-21,2026-10-08,1300.28,2.2,0,1.11,0
PRJ-SYN-0056,SNAP-PRJ-SYN-0056-Q2,Maharashtra Express Highway Corridor Phase IV,Highways,Ministry of Road Transport and Highways (MoRTH),National Highways Authority of India (NHAI),Maharashtra,EPC,Plains,1286.01,1286.01,405.86,30.61,31.56,2023-01-03,2026-08-03,2026-08-03,2024-04-05,2026-10-08,1300.28,2.2,0,1.11,0
PRJ-SYN-0056,SNAP-PRJ-SYN-0056-Q3,Maharashtra Express Highway Corridor Phase IV,Highways,Ministry of Road Transport and Highways (MoRTH),National Highways Authority of India (NHAI),Maharashtra,EPC,Plains,1286.01,1286.01,802.86,60.1,62.43,2023-01-03,2026-08-03,2026-08-03,2025-05-02,2026-10-08,1300.28,2.2,0,1.11,0
PRJ-SYN-0056,SNAP-PRJ-SYN-0056-Q4,Maharashtra Express Highway Corridor Phase IV,Highways,Ministry of Road Transport and Highways (MoRTH),National Highways Authority of India (NHAI),Maharashtra,EPC,Plains,1286.01,1286.01,1168.85,88.28,90.89,2023-01-03,2026-08-03,2026-08-03,2026-03-25,2026-10-08,1300.28,2.2,0,1.11,0
PRJ-SYN-0057,SNAP-PRJ-SYN-0057-Q1,Bihar Economic Corridor Pkg 51,Highways,Ministry of Road Transport and Highways (MoRTH),National Highways Authority of India (NHAI),Bihar,BOT,Plains,1201.61,1201.61,631.45,52.32,52.55,2021-06-11,2023-12-11,2024-02-09,2022-09-10,2024-01-04,1251.48,0.8,0,4.15,0
PRJ-SYN-0057,SNAP-PRJ-SYN-0057-Q2,Bihar Economic Corridor Pkg 51,Highways,Ministry of Road Transport and Highways (MoRTH),National Highways Authority of India (NHAI),Bihar,BOT,Plains,1201.61,1201.61,747.04,56.45,62.17,2021-06-11,2023-12-11,2023-12-11,2023-01-25,2024-01-04,1251.48,0.8,0,4.15,0
PRJ-SYN-0057,SNAP-PRJ-SYN-0057-Q3,Bihar Economic Corridor Pkg 51,Highways,Ministry of Road Transport and Highways (MoRTH),National Highways Authority of India (NHAI),Bihar,BOT,Plains,1201.61,1201.61,1099.47,93.32,91.5,2021-06-11,2023-12-11,2023-12-11,2023-09-10,2024-01-04,1251.48,0.8,0,4.15,0
PRJ-SYN-0058,SNAP-PRJ-SYN-0058-Q1,Border Road Strategic Connectivity Link 79,Highways,Ministry of Road Transport and Highways (MoRTH),National Highways Authority of India (NHAI),Maharashtra,EPC,Plains,474.72,474.72,124.61,23.7,26.25,2020-04-21,2022-02-19,2022-04-03,2020-09-01,2022-03-15,477.43,0.8,0,0.57,0
PRJ-SYN-0058,SNAP-PRJ-SYN-0058-Q2,Border Road Strategic Connectivity Link 79,Highways,Ministry of Road Transport and Highways (MoRTH),National Highways Authority of India (NHAI),Maharashtra,EPC,Plains,474.72,474.72,444.53,89.04,93.64,2020-04-21,2022-02-19,2022-02-19,2021-12-14,2022-03-15,477.43,0.8,0,0.57,0
PRJ-SYN-0059,SNAP-PRJ-SYN-0059-Q1,Uttar Pradesh Ultra Mega Solar Power Park 12 MW,Power & Renewable Energy,Ministry of Power / MNRE,NTPC Limited,Uttar Pradesh,EPC,Plains,7826.23,7826.23,901.58,5.0,11.52,2019-03-16,2022-09-14,2022-12-16,2019-11-26,2024-08-29,8840.51,23.5,1,12.96,1
PRJ-SYN-0059,SNAP-PRJ-SYN-0059-Q2,Uttar Pradesh Ultra Mega Solar Power Park 12 MW,Power & Renewable Energy,Ministry of Power / MNRE,NTPC Limited,Uttar Pradesh,EPC,Plains,7826.23,8035.13,1761.3,15.37,21.92,2019-03-16,2022-09-14,2022-09-14,2020-06-05,2024-08-29,8840.51,23.5,1,12.96,1
PRJ-SYN-0059,SNAP-PRJ-SYN-0059-Q3,Uttar Pradesh Ultra Mega Solar Power Park 12 MW,Power & Renewable Energy,Ministry of Power / MNRE,NTPC Limited,Uttar Pradesh,EPC,Plains,7826.23,8283.03,3897.99,43.66,47.06,2019-03-16,2022-09-14,2023-07-31,2021-06-23,2024-08-29,8840.51,23.5,1,12.96,1
PRJ-SYN-0059,SNAP-PRJ-SYN-0059-Q4,Uttar Pradesh Ultra Mega Solar Power Park 12 MW,Power & Renewable Energy,Ministry of Power / MNRE,NTPC Limited,Uttar Pradesh,EPC,Plains,7826.23,7826.23,5078.44,58.45,64.89,2019-03-16,2022-09-14,2024-03-12,2022-01-01,2024-08-29,8840.51,23.5,1,12.96,1
PRJ-SYN-0060,SNAP-PRJ-SYN-0060-Q1,765kV High Voltage Transmission Substation,Power & Renewable Energy,Ministry of Power / MNRE,Solar Energy Corporation of India (SECI),Punjab,HAM,Plains,770.39,770.39,219.79,23.15,28.53,2019-05-04,2021-10-02,2021-10-02,2019-10-27,2021-11-16,770.85,1.5,0,0.06,0
PRJ-SYN-0060,SNAP-PRJ-SYN-0060-Q2,765kV High Voltage Transmission Substation,Power & Renewable Energy,Ministry of Power / MNRE,Solar Energy Corporation of India (SECI),Punjab,HAM,Plains,770.39,770.39,288.59,36.92,37.46,2019-05-04,2021-10-02,2021-12-21,2020-03-07,2021-11-16,770.85,1.5,0,0.06,0
PRJ-SYN-0060,SNAP-PRJ-SYN-0060-Q3,765kV High Voltage Transmission Substation,Power & Renewable Energy,Ministry of Power / MNRE,Solar Energy Corporation of India (SECI),Punjab,HAM,Plains,770.39,808.21,424.8,46.57,52.56,2019-05-04,2021-10-02,2021-10-02,2020-07-18,2021-11-16,770.85,1.5,0,0.06,0
PRJ-SYN-0060,SNAP-PRJ-SYN-0060-Q4,765kV High Voltage Transmission Substation,Power & Renewable Energy,Ministry of Power / MNRE,Solar Energy Corporation of India (SECI),Punjab,HAM,Plains,770.39,770.39,524.33,65.96,68.06,2019-05-04,2021-10-02,2021-10-02,2020-11-27,2021-11-16,770.85,1.5,0,0.06,0
PRJ-SYN-0061,SNAP-PRJ-SYN-0061-Q1,Karnataka Rail Doubling & Third Line Section,Railways,Ministry of Railways (MoR),Rail Vikas Nigam Ltd (RVNL),Karnataka,HAM,Urban Dense,2875.88,2941.98,765.8,24.13,26.03,2023-10-26,2029-01-24,2029-01-24,2024-11-12,2029-02-17,3023.41,0.8,0,5.13,0
PRJ-SYN-0061,SNAP-PRJ-SYN-0061-Q2,Karnataka Rail Doubling & Third Line Section,Railways,Ministry of Railways (MoR),Rail Vikas Nigam Ltd (RVNL),Karnataka,HAM,Urban Dense,2875.88,2875.88,2452.55,84.78,85.28,2023-10-26,2029-01-24,2029-01-24,2028-01-07,2029-02-17,3023.41,0.8,0,5.13,0
PRJ-SYN-0062,SNAP-PRJ-SYN-0062-Q1,Border Road Strategic Connectivity Link 18,Highways,Ministry of Road Transport and Highways (MoRTH),NHIDCL,Gujarat,EPC,Hilly/Mountainous,418.94,418.94,119.1,26.76,28.43,2023-06-01,2026-03-31,2026-05-26,2023-12-24,2026-04-06,443.87,0.2,0,5.95,0
PRJ-SYN-0062,SNAP-PRJ-SYN-0062-Q2,Border Road Strategic Connectivity Link 18,Highways,Ministry of Road Transport and Highways (MoRTH),NHIDCL,Gujarat,EPC,Hilly/Mountainous,418.94,418.94,264.14,60.83,63.05,2023-06-01,2026-03-31,2026-03-31,2025-04-03,2026-04-06,443.87,0.2,0,5.95,0
PRJ-SYN-0062,SNAP-PRJ-SYN-0062-Q3,Border Road Strategic Connectivity Link 18,Highways,Ministry of Road Transport and Highways (MoRTH),NHIDCL,Gujarat,EPC,Hilly/Mountainous,418.94,418.94,372.61,85.06,88.94,2023-06-01,2026-03-31,2026-03-31,2025-12-18,2026-04-06,443.87,0.2,0,5.95,0
PRJ-SYN-0063,SNAP-PRJ-SYN-0063-Q1,Maharashtra River Basin Pollution Abatement Pkg 29,Urban Water & Sanitation,Ministry of Housing and Urban Affairs (MoHUA),Karnataka Urban Infra Dev (KUIDFC),Maharashtra,EPC,Plains,870.61,870.61,296.97,32.74,34.11,2019-12-17,2022-06-17,2022-06-17,2020-10-31,2022-08-04,916.23,1.6,0,5.24,0
PRJ-SYN-0063,SNAP-PRJ-SYN-0063-Q2,Maharashtra River Basin Pollution Abatement Pkg 29,Urban Water & Sanitation,Ministry of Housing and Urban Affairs (MoHUA),Karnataka Urban Infra Dev (KUIDFC),Maharashtra,EPC,Plains,870.61,870.61,425.99,49.16,48.93,2019-12-17,2022-06-17,2022-06-17,2021-03-17,2022-08-04,916.23,1.6,0,5.24,0
PRJ-SYN-0063,SNAP-PRJ-SYN-0063-Q3,Maharashtra River Basin Pollution Abatement Pkg 29,Urban Water & Sanitation,Ministry of Housing and Urban Affairs (MoHUA),Karnataka Urban Infra Dev (KUIDFC),Maharashtra,EPC,Plains,870.61,870.61,619.87,67.75,71.2,2019-12-17,2022-06-17,2022-06-17,2021-08-01,2022-08-04,916.23,1.6,0,5.24,0
PRJ-SYN-0063,SNAP-PRJ-SYN-0063-Q4,Maharashtra River Basin Pollution Abatement Pkg 29,Urban Water & Sanitation,Ministry of Housing and Urban Affairs (MoHUA),Karnataka Urban Infra Dev (KUIDFC),Maharashtra,EPC,Plains,870.61,870.61,638.94,75.29,73.39,2019-12-17,2022-06-17,2022-06-17,2021-12-16,2022-08-04,916.23,1.6,0,5.24,0
PRJ-SYN-0064,SNAP-PRJ-SYN-0064-Q1,West Bengal Economic Corridor Pkg 41,Highways,Ministry of Road Transport and Highways (MoRTH),NHIDCL,West Bengal,HAM,Plains,214.07,214.07,134.99,65.67,63.06,2020-08-08,2022-04-08,2022-04-08,2021-09-07,2022-06-04,216.9,1.9,0,1.32,0
PRJ-SYN-0064,SNAP-PRJ-SYN-0064-Q2,West Bengal Economic Corridor Pkg 41,Highways,Ministry of Road Transport and Highways (MoRTH),NHIDCL,West Bengal,HAM,Plains,214.07,214.07,185.17,84.09,86.5,2020-08-08,2022-04-08,2022-04-08,2021-12-08,2022-06-04,216.9,1.9,0,1.32,0
PRJ-SYN-0064,SNAP-PRJ-SYN-0064-Q3,West Bengal Economic Corridor Pkg 41,Highways,Ministry of Road Transport and Highways (MoRTH),NHIDCL,West Bengal,HAM,Plains,214.07,214.07,193.5,87.89,90.39,2020-08-08,2022-04-08,2022-04-08,2022-02-06,2022-06-04,216.9,1.9,0,1.32,0
PRJ-SYN-0065,SNAP-PRJ-SYN-0065-Q1,Deep Draft Container Terminal Berth 51,Ports & Shipping,"Ministry of Ports, Shipping and Waterways (MoPSW)",Syama Prasad Mookerjee Port,Karnataka,EPC,Urban Dense,583.87,627.75,201.57,25.59,32.11,2021-04-12,2023-06-12,2023-06-12,2022-05-12,2024-12-20,734.8,18.3,1,25.85,1
PRJ-SYN-0065,SNAP-PRJ-SYN-0065-Q2,Deep Draft Container Terminal Berth 51,Ports & Shipping,"Ministry of Ports, Shipping and Waterways (MoPSW)",Syama Prasad Mookerjee Port,Karnataka,EPC,Urban Dense,583.87,689.53,370.55,50.78,53.74,2021-04-12,2023-06-12,2024-07-09,2023-01-05,2024-12-20,734.8,18.3,1,25.85,1
PRJ-SYN-0065,SNAP-PRJ-SYN-0065-Q3,Deep Draft Container Terminal Berth 51,Ports & Shipping,"Ministry of Ports, Shipping and Waterways (MoPSW)",Syama Prasad Mookerjee Port,Karnataka,EPC,Urban Dense,583.87,706.0,476.76,63.21,67.53,2021-04-12,2023-06-12,2024-12-24,2023-03-25,2024-12-20,734.8,18.3,1,25.85,1
PRJ-SYN-0066,SNAP-PRJ-SYN-0066-Q1,Bihar Express Highway Corridor Phase II,Highways,Ministry of Road Transport and Highways (MoRTH),State PWD (Highways),Bihar,EPC,Plains,2161.91,2161.91,824.12,35.91,38.12,2023-07-16,2026-05-15,2026-06-20,2024-07-12,2026-08-11,2167.75,2.9,0,0.27,0
PRJ-SYN-0066,SNAP-PRJ-SYN-0066-Q2,Bihar Express Highway Corridor Phase II,Highways,Ministry of Road Transport and Highways (MoRTH),State PWD (Highways),Bihar,EPC,Plains,2161.91,2161.91,1479.83,63.4,68.45,2023-07-16,2026-05-15,2026-05-15,2025-05-18,2026-08-11,2167.75,2.9,0,0.27,0
PRJ-SYN-0066,SNAP-PRJ-SYN-0066-Q3,Bihar Express Highway Corridor Phase II,Highways,Ministry of Road Transport and Highways (MoRTH),State PWD (Highways),Bihar,EPC,Plains,2161.91,2161.91,1635.92,78.05,75.67,2023-07-16,2026-05-15,2026-08-14,2025-10-20,2026-08-11,2167.75,2.9,0,0.27,0
PRJ-SYN-0066,SNAP-PRJ-SYN-0066-Q4,Bihar Express Highway Corridor Phase II,Highways,Ministry of Road Transport and Highways (MoRTH),State PWD (Highways),Bihar,EPC,Plains,2161.91,2161.91,1846.92,86.33,85.43,2023-07-16,2026-05-15,2026-05-15,2026-02-01,2026-08-11,2167.75,2.9,0,0.27,0
PRJ-SYN-0067,SNAP-PRJ-SYN-0067-Q1,West Bengal Metro Line 38 Underground Section,Metro Rail,Ministry of Housing and Urban Affairs (MoHUA),Delhi Metro Rail Corp (DMRC),West Bengal,EPC,Plains,7295.39,7295.39,3939.51,48.38,54.0,2023-04-10,2030-06-09,2030-06-09,2026-11-08,2030-10-11,7600.34,4.1,1,4.18,0
PRJ-SYN-0067,SNAP-PRJ-SYN-0067-Q2,West Bengal Metro Line 38 Underground Section,Metro Rail,Ministry of Housing and Urban Affairs (MoHUA),Delhi Metro Rail Corp (DMRC),West Bengal,EPC,Plains,7295.39,7295.39,4367.02,61.05,59.86,2023-04-10,2030-06-09,2030-08-13,2027-12-06,2030-10-11,7600.34,4.1,1,4.18,0
PRJ-SYN-0067,SNAP-PRJ-SYN-0067-Q3,West Bengal Metro Line 38 Underground Section,Metro Rail,Ministry of Housing and Urban Affairs (MoHUA),Delhi Metro Rail Corp (DMRC),West Bengal,EPC,Plains,7295.39,7295.39,5753.87,75.89,78.87,2023-04-10,2030-06-09,2030-06-09,2029-01-02,2030-10-11,7600.34,4.1,1,4.18,0
PRJ-SYN-0067,SNAP-PRJ-SYN-0067-Q4,West Bengal Metro Line 38 Underground Section,Metro Rail,Ministry of Housing and Urban Affairs (MoHUA),Delhi Metro Rail Corp (DMRC),West Bengal,EPC,Plains,7295.39,7295.39,6632.24,91.8,90.91,2023-04-10,2030-06-09,2030-10-13,2029-09-20,2030-10-11,7600.34,4.1,1,4.18,0
PRJ-SYN-0068,SNAP-PRJ-SYN-0068-Q1,West Bengal Port Modernization & Coastal Connectivity,Ports & Shipping,"Ministry of Ports, Shipping and Waterways (MoPSW)",Syama Prasad Mookerjee Port,West Bengal,Item Rate,Hilly/Mountainous,544.93,570.8,97.21,16.79,17.03,2021-05-10,2024-10-08,2024-10-08,2022-01-14,2024-11-22,590.76,1.5,0,8.41,0
PRJ-SYN-0068,SNAP-PRJ-SYN-0068-Q2,West Bengal Port Modernization & Coastal Connectivity,Ports & Shipping,"Ministry of Ports, Shipping and Waterways (MoPSW)",Syama Prasad Mookerjee Port,West Bengal,Item Rate,Hilly/Mountainous,544.93,544.93,174.81,32.33,32.08,2021-05-10,2024-10-08,2024-10-08,2022-07-20,2024-11-22,590.76,1.5,0,8.41,0
PRJ-SYN-0068,SNAP-PRJ-SYN-0068-Q3,West Bengal Port Modernization & Coastal Connectivity,Ports & Shipping,"Ministry of Ports, Shipping and Waterways (MoPSW)",Syama Prasad Mookerjee Port,West Bengal,Item Rate,Hilly/Mountainous,544.93,544.93,525.53,91.17,96.44,2021-05-10,2024-10-08,2024-10-08,2024-06-06,2024-11-22,590.76,1.5,0,8.41,0
PRJ-SYN-0069,SNAP-PRJ-SYN-0069-Q1,Uttar Pradesh Ultra Mega Solar Power Park 34 MW,Power & Renewable Energy,Ministry of Power / MNRE,Solar Energy Corporation of India (SECI),Uttar Pradesh,BOT,Plains,11148.38,11148.38,2590.88,19.13,23.24,2023-08-09,2027-09-08,2027-11-08,2024-06-02,2027-11-26,11976.7,2.6,0,7.43,0
PRJ-SYN-0069,SNAP-PRJ-SYN-0069-Q2,Uttar Pradesh Ultra Mega Solar Power Park 34 MW,Power & Renewable Energy,Ministry of Power / MNRE,Solar Energy Corporation of India (SECI),Uttar Pradesh,BOT,Plains,11148.38,11148.38,5765.94,51.61,51.72,2023-08-09,2027-09-08,2027-09-08,2025-08-23,2027-11-26,11976.7,2.6,0,7.43,0
PRJ-SYN-0069,SNAP-PRJ-SYN-0069-Q3,Uttar Pradesh Ultra Mega Solar Power Park 34 MW,Power & Renewable Energy,Ministry of Power / MNRE,Solar Energy Corporation of India (SECI),Uttar Pradesh,BOT,Plains,11148.38,11644.27,9513.37,77.3,81.7,2023-08-09,2027-09-08,2027-09-08,2026-11-14,2027-11-26,11976.7,2.6,0,7.43,0
PRJ-SYN-0069,SNAP-PRJ-SYN-0069-Q4,Uttar Pradesh Ultra Mega Solar Power Park 34 MW,Power & Renewable Energy,Ministry of Power / MNRE,Solar Energy Corporation of India (SECI),Uttar Pradesh,BOT,Plains,11148.38,11148.38,11289.96,97.39,101.27,2023-08-09,2027-09-08,2027-09-08,2027-04-12,2027-11-26,11976.7,2.6,0,7.43,0
PRJ-SYN-0070,SNAP-PRJ-SYN-0070-Q1,Freight Corridor Feeder Line 56,Railways,Ministry of Railways (MoR),Rail Vikas Nigam Ltd (RVNL),Uttar Pradesh,EPC,Plains,1299.64,1311.29,158.14,5.0,12.06,2020-01-23,2024-01-23,2024-01-23,2020-11-10,2025-10-23,1448.97,21.0,1,11.49,1
PRJ-SYN-0070,SNAP-PRJ-SYN-0070-Q2,Freight Corridor Feeder Line 56,Railways,Ministry of Railways (MoR),Rail Vikas Nigam Ltd (RVNL),Uttar Pradesh,EPC,Plains,1299.64,1324.52,365.83,19.12,27.62,2020-01-23,2024-01-23,2024-01-23,2021-06-17,2025-10-23,1448.97,21.0,1,11.49,1
PRJ-SYN-0070,SNAP-PRJ-SYN-0070-Q3,Freight Corridor Feeder Line 56,Railways,Ministry of Railways (MoR),Rail Vikas Nigam Ltd (RVNL),Uttar Pradesh,EPC,Plains,1299.64,1361.77,480.02,28.65,35.25,2020-01-23,2024-01-23,2024-10-26,2022-01-22,2025-10-23,1448.97,21.0,1,11.49,1
PRJ-SYN-0070,SNAP-PRJ-SYN-0070-Q4,Freight Corridor Feeder Line 56,Railways,Ministry of Railways (MoR),Rail Vikas Nigam Ltd (RVNL),Uttar Pradesh,EPC,Plains,1299.64,1373.48,749.65,45.66,54.58,2020-01-23,2024-01-23,2024-01-23,2022-08-29,2025-10-23,1448.97,21.0,1,11.49,1
PRJ-SYN-0071,SNAP-PRJ-SYN-0071-Q1,Rajasthan Pumped Storage Hydro Project Phase II,Power & Renewable Energy,Ministry of Power / MNRE,Solar Energy Corporation of India (SECI),Rajasthan,EPC,Hilly/Mountainous,1035.77,1035.77,653.78,64.37,63.12,2018-01-19,2022-08-20,2022-08-20,2021-01-11,2022-08-20,1113.76,0.0,0,7.53,0
PRJ-SYN-0071,SNAP-PRJ-SYN-0071-Q2,Rajasthan Pumped Storage Hydro Project Phase II,Power & Renewable Energy,Ministry of Power / MNRE,Solar Energy Corporation of India (SECI),Rajasthan,EPC,Hilly/Mountainous,1035.77,1063.37,909.61,81.62,85.54,2018-01-19,2022-08-20,2022-08-20,2021-09-19,2022-08-20,1113.76,0.0,0,7.53,0
PRJ-SYN-0071,SNAP-PRJ-SYN-0071-Q3,Rajasthan Pumped Storage Hydro Project Phase II,Power & Renewable Energy,Ministry of Power / MNRE,Solar Energy Corporation of India (SECI),Rajasthan,EPC,Hilly/Mountainous,1035.77,1035.77,926.5,92.28,89.45,2018-01-19,2022-08-20,2022-08-20,2022-03-05,2022-08-20,1113.76,0.0,0,7.53,0
PRJ-SYN-0072,SNAP-PRJ-SYN-0072-Q1,NH-42 4/6-Laning Bypass & Viaduct,Highways,Ministry of Road Transport and Highways (MoRTH),NHIDCL,West Bengal,EPC,Plains,366.98,366.98,59.96,16.42,16.34,2018-02-13,2020-11-13,2020-11-13,2018-09-01,2020-12-19,371.42,1.2,0,1.21,0
PRJ-SYN-0072,SNAP-PRJ-SYN-0072-Q2,NH-42 4/6-Laning Bypass & Viaduct,Highways,Ministry of Road Transport and Highways (MoRTH),NHIDCL,West Bengal,EPC,Plains,366.98,366.98,294.54,79.88,80.26,2018-02-13,2020-11-13,2020-11-13,2020-04-26,2020-12-19,371.42,1.2,0,1.21,0
PRJ-SYN-0072,SNAP-PRJ-SYN-0072-Q3,NH-42 4/6-Laning Bypass & Viaduct,Highways,Ministry of Road Transport and Highways (MoRTH),NHIDCL,West Bengal,EPC,Plains,366.98,366.98,353.95,90.85,96.45,2018-02-13,2020-11-13,2020-11-13,2020-08-04,2020-12-19,371.42,1.2,0,1.21,0
PRJ-SYN-0073,SNAP-PRJ-SYN-0073-Q1,Tamil Nadu Metro Line 20 Underground Section,Metro Rail,Ministry of Housing and Urban Affairs (MoHUA),Bangalore Metro Rail Corp (BMRCL),Tamil Nadu,EPC,Urban Dense,4478.73,4478.73,1528.59,25.76,34.13,2018-09-25,2024-06-25,2024-12-04,2020-09-29,2026-03-17,5590.8,20.7,1,24.83,1
PRJ-SYN-0073,SNAP-PRJ-SYN-0073-Q2,Tamil Nadu Metro Line 20 Underground Section,Metro Rail,Ministry of Housing and Urban Affairs (MoHUA),Bangalore Metro Rail Corp (BMRCL),Tamil Nadu,EPC,Urban Dense,4478.73,5061.87,3872.33,69.38,76.5,2018-09-25,2024-06-25,2025-10-23,2023-05-02,2026-03-17,5590.8,20.7,1,24.83,1
PRJ-SYN-0073,SNAP-PRJ-SYN-0073-Q3,Tamil Nadu Metro Line 20 Underground Section,Metro Rail,Ministry of Housing and Urban Affairs (MoHUA),Bangalore Metro Rail Corp (BMRCL),Tamil Nadu,EPC,Urban Dense,4478.73,5155.07,4056.52,75.97,78.69,2018-09-25,2024-06-25,2024-06-25,2023-11-28,2026-03-17,5590.8,20.7,1,24.83,1
PRJ-SYN-0074,SNAP-PRJ-SYN-0074-Q1,Karnataka Metro Corridor Elevated Extension Phase IV,Metro Rail,Ministry of Housing and Urban Affairs (MoHUA),UP Metro Rail Corp (UPMRC),Karnataka,EPC,Plains,7188.7,7284.22,584.19,8.63,8.02,2022-07-10,2029-01-08,2029-01-08,2023-10-27,2031-06-12,7816.27,29.1,1,8.73,0
PRJ-SYN-0074,SNAP-PRJ-SYN-0074-Q2,Karnataka Metro Corridor Elevated Extension Phase IV,Metro Rail,Ministry of Housing and Urban Affairs (MoHUA),UP Metro Rail Corp (UPMRC),Karnataka,EPC,Plains,7188.7,7188.7,3730.22,52.23,51.89,2022-07-10,2029-01-08,2030-03-28,2026-09-30,2031-06-12,7816.27,29.1,1,8.73,0
PRJ-SYN-0074,SNAP-PRJ-SYN-0074-Q3,Karnataka Metro Corridor Elevated Extension Phase IV,Metro Rail,Ministry of Housing and Urban Affairs (MoHUA),UP Metro Rail Corp (UPMRC),Karnataka,EPC,Plains,7188.7,7188.7,4791.27,64.11,66.65,2022-07-10,2029-01-08,2030-09-20,2027-09-21,2031-06-12,7816.27,29.1,1,8.73,0
PRJ-SYN-0074,SNAP-PRJ-SYN-0074-Q4,Karnataka Metro Corridor Elevated Extension Phase IV,Metro Rail,Ministry of Housing and Urban Affairs (MoHUA),UP Metro Rail Corp (UPMRC),Karnataka,EPC,Plains,7188.7,7188.7,5154.3,74.32,71.7,2022-07-10,2029-01-08,2030-09-21,2028-05-15,2031-06-12,7816.27,29.1,1,8.73,0
PRJ-SYN-0075,SNAP-PRJ-SYN-0075-Q1,Underground Sewerage System & 100 MLD STP,Urban Water & Sanitation,Ministry of Housing and Urban Affairs (MoHUA),Delhi Jal Board,Rajasthan,HAM,Urban Dense,737.84,737.84,84.04,5.0,11.39,2019-09-03,2021-08-03,2021-08-03,2020-01-21,2024-11-08,1151.99,39.2,1,56.13,1
PRJ-SYN-0075,SNAP-PRJ-SYN-0075-Q2,Underground Sewerage System & 100 MLD STP,Urban Water & Sanitation,Ministry of Housing and Urban Affairs (MoHUA),Delhi Jal Board,Rajasthan,HAM,Urban Dense,737.84,914.35,86.04,5.0,9.41,2019-09-03,2021-08-03,2021-08-03,2020-12-01,2024-11-08,1151.99,39.2,1,56.13,1
PRJ-SYN-0076,SNAP-PRJ-SYN-0076-Q1,Gujarat Ring Metro Transit System Pkg 47,Metro Rail,Ministry of Housing and Urban Affairs (MoHUA),Chennai Metro Rail Ltd (CMRL),Gujarat,Item Rate,Urban Dense,8413.25,8413.25,1945.98,11.28,23.13,2019-05-23,2024-02-20,2024-04-02,2020-05-03,2025-03-27,10970.88,13.2,1,30.4,1
PRJ-SYN-0076,SNAP-PRJ-SYN-0076-Q2,Gujarat Ring Metro Transit System Pkg 47,Metro Rail,Ministry of Housing and Urban Affairs (MoHUA),Chennai Metro Rail Ltd (CMRL),Gujarat,Item Rate,Urban Dense,8413.25,8413.25,4641.59,51.85,55.17,2019-05-23,2024-02-20,2024-02-20,2022-06-23,2025-03-27,10970.88,13.2,1,30.4,1
PRJ-SYN-0076,SNAP-PRJ-SYN-0076-Q3,Gujarat Ring Metro Transit System Pkg 47,Metro Rail,Ministry of Housing and Urban Affairs (MoHUA),Chennai Metro Rail Ltd (CMRL),Gujarat,Item Rate,Urban Dense,8413.25,10436.72,9522.46,80.83,91.24,2019-05-23,2024-02-20,2025-01-05,2023-08-31,2025-03-27,10970.88,13.2,1,30.4,1
PRJ-SYN-0077,SNAP-PRJ-SYN-0077-Q1,NH-90 4/6-Laning Bypass & Viaduct,Highways,Ministry of Road Transport and Highways (MoRTH),State PWD (Highways),West Bengal,HAM,Urban Dense,234.45,234.45,83.58,36.43,35.65,2023-04-14,2026-01-12,2026-01-12,2024-03-30,2026-01-21,240.26,0.3,0,2.48,0
PRJ-SYN-0077,SNAP-PRJ-SYN-0077-Q2,NH-90 4/6-Laning Bypass & Viaduct,Highways,Ministry of Road Transport and Highways (MoRTH),State PWD (Highways),West Bengal,HAM,Urban Dense,234.45,234.45,195.93,79.37,83.57,2023-04-14,2026-01-12,2026-01-12,2025-06-25,2026-01-21,240.26,0.3,0,2.48,0
PRJ-SYN-0078,SNAP-PRJ-SYN-0078-Q1,Rajasthan Metro Corridor Elevated Extension Phase II,Metro Rail,Ministry of Housing and Urban Affairs (MoHUA),Bangalore Metro Rail Corp (BMRCL),Rajasthan,EPC,Plains,1555.39,1555.39,270.02,20.04,17.36,2019-05-20,2023-04-19,2023-04-19,2020-03-01,2023-05-19,1599.87,1.0,0,2.86,0
PRJ-SYN-0078,SNAP-PRJ-SYN-0078-Q2,Rajasthan Metro Corridor Elevated Extension Phase II,Metro Rail,Ministry of Housing and Urban Affairs (MoHUA),Bangalore Metro Rail Corp (BMRCL),Rajasthan,EPC,Plains,1555.39,1589.96,788.3,49.64,49.58,2019-05-20,2023-04-19,2023-04-19,2021-05-04,2023-05-19,1599.87,1.0,0,2.86,0
PRJ-SYN-0078,SNAP-PRJ-SYN-0078-Q3,Rajasthan Metro Corridor Elevated Extension Phase II,Metro Rail,Ministry of Housing and Urban Affairs (MoHUA),Bangalore Metro Rail Corp (BMRCL),Rajasthan,EPC,Plains,1555.39,1555.39,1123.46,66.26,72.23,2019-05-20,2023-04-19,2023-04-19,2021-12-04,2023-05-19,1599.87,1.0,0,2.86,0
PRJ-SYN-0078,SNAP-PRJ-SYN-0078-Q4,Rajasthan Metro Corridor Elevated Extension Phase II,Metro Rail,Ministry of Housing and Urban Affairs (MoHUA),Bangalore Metro Rail Corp (BMRCL),Rajasthan,EPC,Plains,1555.39,1555.39,1308.24,81.77,84.11,2019-05-20,2023-04-19,2023-04-19,2022-07-07,2023-05-19,1599.87,1.0,0,2.86,0
PRJ-SYN-0079,SNAP-PRJ-SYN-0079-Q1,Maharashtra Ring Metro Transit System Pkg 99,Metro Rail,Ministry of Housing and Urban Affairs (MoHUA),Chennai Metro Rail Ltd (CMRL),Maharashtra,HAM,Plains,5108.8,5278.41,1069.93,17.49,20.27,2020-09-18,2027-07-19,2027-07-19,2022-01-30,2027-09-02,5175.73,1.5,0,1.31,0
PRJ-SYN-0079,SNAP-PRJ-SYN-0079-Q2,Maharashtra Ring Metro Transit System Pkg 99,Metro Rail,Ministry of Housing and Urban Affairs (MoHUA),Chennai Metro Rail Ltd (CMRL),Maharashtra,HAM,Plains,5108.8,5108.8,3794.31,71.18,74.27,2020-09-18,2027-07-19,2027-07-19,2025-02-26,2027-09-02,5175.73,1.5,0,1.31,0
PRJ-SYN-0079,SNAP-PRJ-SYN-0079-Q3,Maharashtra Ring Metro Transit System Pkg 99,Metro Rail,Ministry of Housing and Urban Affairs (MoHUA),Chennai Metro Rail Ltd (CMRL),Maharashtra,HAM,Plains,5108.8,5108.8,4498.81,83.63,88.06,2020-09-18,2027-07-19,2027-08-22,2026-03-07,2027-09-02,5175.73,1.5,0,1.31,0
PRJ-SYN-0080,SNAP-PRJ-SYN-0080-Q1,Assam Economic Corridor Pkg 13,Highways,Ministry of Road Transport and Highways (MoRTH),NHIDCL,Assam,HAM,Urban Dense,73.98,73.98,10.62,5.0,14.36,2019-11-27,2021-07-27,2021-07-27,2020-03-27,2024-05-29,106.78,34.1,1,44.33,1
PRJ-SYN-0080,SNAP-PRJ-SYN-0080-Q2,Assam Economic Corridor Pkg 13,Highways,Ministry of Road Transport and Highways (MoRTH),NHIDCL,Assam,HAM,Urban Dense,73.98,85.84,11.53,5.0,13.43,2019-11-27,2021-07-27,2021-07-27,2020-09-26,2024-05-29,106.78,34.1,1,44.33,1
PRJ-SYN-0080,SNAP-PRJ-SYN-0080-Q3,Assam Economic Corridor Pkg 13,Highways,Ministry of Road Transport and Highways (MoRTH),NHIDCL,Assam,HAM,Urban Dense,73.98,90.64,13.96,5.0,15.4,2019-11-27,2021-07-27,2022-10-29,2020-12-26,2024-05-29,106.78,34.1,1,44.33,1
PRJ-SYN-0080,SNAP-PRJ-SYN-0080-Q4,Assam Economic Corridor Pkg 13,Highways,Ministry of Road Transport and Highways (MoRTH),NHIDCL,Assam,HAM,Urban Dense,73.98,91.03,13.24,8.92,14.54,2019-11-27,2021-07-27,2023-11-20,2021-03-28,2024-05-29,106.78,34.1,1,44.33,1
PRJ-SYN-0081,SNAP-PRJ-SYN-0081-Q1,NH-76 4/6-Laning Bypass & Viaduct,Highways,Ministry of Road Transport and Highways (MoRTH),National Highways Authority of India (NHAI),Andhra Pradesh,EPC,Coastal,590.26,590.26,133.75,21.54,22.66,2021-05-06,2024-09-04,2024-10-10,2022-01-04,2024-09-04,612.04,0.0,0,3.69,0
PRJ-SYN-0081,SNAP-PRJ-SYN-0081-Q2,NH-76 4/6-Laning Bypass & Viaduct,Highways,Ministry of Road Transport and Highways (MoRTH),National Highways Authority of India (NHAI),Andhra Pradesh,EPC,Coastal,590.26,590.26,218.1,33.4,36.95,2021-05-06,2024-09-04,2024-09-04,2022-07-06,2024-09-04,612.04,0.0,0,3.69,0
PRJ-SYN-0081,SNAP-PRJ-SYN-0081-Q3,NH-76 4/6-Laning Bypass & Viaduct,Highways,Ministry of Road Transport and Highways (MoRTH),National Highways Authority of India (NHAI),Andhra Pradesh,EPC,Coastal,590.26,590.26,390.34,67.7,66.13,2021-05-06,2024-09-04,2024-11-30,2023-07-06,2024-09-04,612.04,0.0,0,3.69,0
PRJ-SYN-0081,SNAP-PRJ-SYN-0081-Q4,NH-76 4/6-Laning Bypass & Viaduct,Highways,Ministry of Road Transport and Highways (MoRTH),National Highways Authority of India (NHAI),Andhra Pradesh,EPC,Coastal,590.26,590.26,562.16,92.33,95.24,2021-05-06,2024-09-04,2024-10-08,2024-05-05,2024-09-04,612.04,0.0,0,3.69,0
PRJ-SYN-0082,SNAP-PRJ-SYN-0082-Q1,Border Road Strategic Connectivity Link 51,Highways,Ministry of Road Transport and Highways (MoRTH),NHIDCL,Gujarat,EPC,Coastal,421.47,421.47,193.79,48.42,45.98,2018-03-11,2021-06-10,2021-08-19,2019-10-25,2021-06-10,426.49,0.0,0,1.19,0
PRJ-SYN-0082,SNAP-PRJ-SYN-0082-Q2,Border Road Strategic Connectivity Link 51,Highways,Ministry of Road Transport and Highways (MoRTH),NHIDCL,Gujarat,EPC,Coastal,421.47,421.47,276.74,64.96,65.66,2018-03-11,2021-06-10,2021-06-10,2020-04-20,2021-06-10,426.49,0.0,0,1.19,0
PRJ-SYN-0082,SNAP-PRJ-SYN-0082-Q3,Border Road Strategic Connectivity Link 51,Highways,Ministry of Road Transport and Highways (MoRTH),NHIDCL,Gujarat,EPC,Coastal,421.47,432.75,413.84,90.2,95.63,2018-03-11,2021-06-10,2021-06-10,2021-02-11,2021-06-10,426.49,0.0,0,1.19,0
PRJ-SYN-0083,SNAP-PRJ-SYN-0083-Q1,Jharkhand Ring Metro Transit System Pkg 68,Metro Rail,Ministry of Housing and Urban Affairs (MoHUA),Chennai Metro Rail Ltd (CMRL),Jharkhand,EPC,Hilly/Mountainous,6099.36,6504.62,4449.16,65.26,68.4,2020-05-11,2025-04-10,2025-10-28,2023-07-22,2026-02-17,7036.83,10.3,1,15.37,1
PRJ-SYN-0083,SNAP-PRJ-SYN-0083-Q2,Jharkhand Ring Metro Transit System Pkg 68,Metro Rail,Ministry of Housing and Urban Affairs (MoHUA),Chennai Metro Rail Ltd (CMRL),Jharkhand,EPC,Hilly/Mountainous,6099.36,6099.36,4831.91,76.07,79.22,2020-05-11,2025-04-10,2025-09-21,2024-04-16,2026-02-17,7036.83,10.3,1,15.37,1
PRJ-SYN-0084,SNAP-PRJ-SYN-0084-Q1,West Bengal Ring Metro Transit System Pkg 62,Metro Rail,Ministry of Housing and Urban Affairs (MoHUA),Delhi Metro Rail Corp (DMRC),West Bengal,EPC,Plains,38000.0,38000.0,8899.6,22.71,23.42,2019-09-12,2025-05-12,2025-05-12,2020-10-29,2025-07-08,38471.2,1.9,0,1.24,0
PRJ-SYN-0084,SNAP-PRJ-SYN-0084-Q2,West Bengal Ring Metro Transit System Pkg 62,Metro Rail,Ministry of Housing and Urban Affairs (MoHUA),Delhi Metro Rail Corp (DMRC),West Bengal,EPC,Plains,38000.0,38000.0,26341.6,65.06,69.32,2019-09-12,2025-05-12,2025-08-10,2023-05-19,2025-07-08,38471.2,1.9,0,1.24,0
PRJ-SYN-0084,SNAP-PRJ-SYN-0084-Q3,West Bengal Ring Metro Transit System Pkg 62,Metro Rail,Ministry of Housing and Urban Affairs (MoHUA),Delhi Metro Rail Corp (DMRC),West Bengal,EPC,Plains,38000.0,38000.0,29119.4,77.82,76.63,2019-09-12,2025-05-12,2025-07-06,2024-03-24,2025-07-08,38471.2,1.9,0,1.24,0
PRJ-SYN-0084,SNAP-PRJ-SYN-0084-Q4,West Bengal Ring Metro Transit System Pkg 62,Metro Rail,Ministry of Housing and Urban Affairs (MoHUA),Delhi Metro Rail Corp (DMRC),West Bengal,EPC,Plains,38000.0,38000.0,33899.8,90.37,89.21,2019-09-12,2025-05-12,2025-05-12,2024-10-17,2025-07-08,38471.2,1.9,0,1.24,0
PRJ-SYN-0085,SNAP-PRJ-SYN-0085-Q1,Gujarat Pumped Storage Hydro Project Phase II,Power & Renewable Energy,Ministry of Power / MNRE,Solar Energy Corporation of India (SECI),Gujarat,EPC,Coastal,5329.31,5522.61,4487.12,79.77,81.25,2023-08-04,2028-12-03,2028-12-03,2027-11-09,2029-02-17,5411.91,2.5,0,1.55,0
PRJ-SYN-0085,SNAP-PRJ-SYN-0085-Q2,Gujarat Pumped Storage Hydro Project Phase II,Power & Renewable Energy,Ministry of Power / MNRE,Solar Energy Corporation of India (SECI),Gujarat,EPC,Coastal,5329.31,5329.31,5308.53,93.93,99.61,2023-08-04,2028-12-03,2028-12-03,2028-05-22,2029-02-17,5411.91,2.5,0,1.55,0
PRJ-SYN-0086,SNAP-PRJ-SYN-0086-Q1,NH-80 4/6-Laning Bypass & Viaduct,Highways,Ministry of Road Transport and Highways (MoRTH),National Highways Authority of India (NHAI),Assam,HAM,Hilly/Mountainous,538.44,538.44,122.12,19.42,22.68,2022-07-03,2024-04-02,2024-04-02,2022-11-07,2024-06-11,556.85,2.3,0,3.42,0
PRJ-SYN-0086,SNAP-PRJ-SYN-0086-Q2,NH-80 4/6-Laning Bypass & Viaduct,Highways,Ministry of Road Transport and Highways (MoRTH),National Highways Authority of India (NHAI),Assam,HAM,Hilly/Mountainous,538.44,538.44,337.39,64.0,62.66,2022-07-03,2024-04-02,2024-04-02,2023-08-22,2024-06-11,556.85,2.3,0,3.42,0
PRJ-SYN-0087,SNAP-PRJ-SYN-0087-Q1,NH-47 4/6-Laning Bypass & Viaduct,Highways,Ministry of Road Transport and Highways (MoRTH),National Highways Authority of India (NHAI),Tamil Nadu,HAM,Plains,624.35,624.35,249.74,39.24,40.0,2023-05-14,2026-06-13,2026-06-13,2024-06-11,2026-07-19,666.99,1.2,0,6.83,0
PRJ-SYN-0087,SNAP-PRJ-SYN-0087-Q2,NH-47 4/6-Laning Bypass & Viaduct,Highways,Ministry of Road Transport and Highways (MoRTH),National Highways Authority of India (NHAI),Tamil Nadu,HAM,Plains,624.35,624.35,416.75,61.81,66.75,2023-05-14,2026-06-13,2026-07-14,2025-05-15,2026-07-19,666.99,1.2,0,6.83,0
PRJ-SYN-0087,SNAP-PRJ-SYN-0087-Q3,NH-47 4/6-Laning Bypass & Viaduct,Highways,Ministry of Road Transport and Highways (MoRTH),National Highways Authority of India (NHAI),Tamil Nadu,HAM,Plains,624.35,624.35,582.64,91.28,93.32,2023-05-14,2026-06-13,2026-06-13,2026-02-20,2026-07-19,666.99,1.2,0,6.83,0
PRJ-SYN-0088,SNAP-PRJ-SYN-0088-Q1,Maharashtra Port Modernization & Coastal Connectivity,Ports & Shipping,"Ministry of Ports, Shipping and Waterways (MoPSW)",Deendayal Port Authority,Maharashtra,HAM,Plains,1232.48,1232.48,659.13,49.09,53.48,2023-03-28,2026-08-26,2026-08-26,2024-12-10,2026-10-16,1263.05,1.7,0,2.48,0
PRJ-SYN-0088,SNAP-PRJ-SYN-0088-Q2,Maharashtra Port Modernization & Coastal Connectivity,Ports & Shipping,"Ministry of Ports, Shipping and Waterways (MoPSW)",Deendayal Port Authority,Maharashtra,HAM,Plains,1232.48,1232.48,746.64,59.13,60.58,2023-03-28,2026-08-26,2026-08-26,2025-06-16,2026-10-16,1263.05,1.7,0,2.48,0
PRJ-SYN-0089,SNAP-PRJ-SYN-0089-Q1,Bihar Economic Corridor Pkg 46,Highways,Ministry of Road Transport and Highways (MoRTH),NHIDCL,Bihar,Item Rate,Plains,539.82,539.82,209.56,38.65,38.82,2020-10-19,2024-04-19,2024-04-19,2022-01-09,2024-05-07,563.52,0.6,0,4.39,0
PRJ-SYN-0089,SNAP-PRJ-SYN-0089-Q2,Bihar Economic Corridor Pkg 46,Highways,Ministry of Road Transport and Highways (MoRTH),NHIDCL,Bihar,Item Rate,Plains,539.82,539.82,325.89,54.56,60.37,2020-10-19,2024-04-19,2024-07-09,2022-07-20,2024-05-07,563.52,0.6,0,4.39,0
PRJ-SYN-0089,SNAP-PRJ-SYN-0089-Q3,Bihar Economic Corridor Pkg 46,Highways,Ministry of Road Transport and Highways (MoRTH),NHIDCL,Bihar,Item Rate,Plains,539.82,539.82,357.41,68.58,66.21,2020-10-19,2024-04-19,2024-04-19,2023-01-27,2024-05-07,563.52,0.6,0,4.39,0
PRJ-SYN-0089,SNAP-PRJ-SYN-0089-Q4,Bihar Economic Corridor Pkg 46,Highways,Ministry of Road Transport and Highways (MoRTH),NHIDCL,Bihar,Item Rate,Plains,539.82,539.82,462.52,86.64,85.68,2020-10-19,2024-04-19,2024-04-19,2023-12-13,2024-05-07,563.52,0.6,0,4.39,0
PRJ-SYN-0090,SNAP-PRJ-SYN-0090-Q1,Bihar Metro Corridor Elevated Extension Phase III,Metro Rail,Ministry of Housing and Urban Affairs (MoHUA),Chennai Metro Rail Ltd (CMRL),Bihar,HAM,Plains,10185.11,10185.11,4089.32,37.17,40.15,2021-08-11,2030-01-10,2030-01-10,2024-07-21,2030-01-10,10602.7,0.0,0,4.1,0
PRJ-SYN-0090,SNAP-PRJ-SYN-0090-Q2,Bihar Metro Corridor Elevated Extension Phase III,Metro Rail,Ministry of Housing and Urban Affairs (MoHUA),Chennai Metro Rail Ltd (CMRL),Bihar,HAM,Plains,10185.11,10185.11,9679.93,92.0,95.04,2021-08-11,2030-01-10,2030-03-15,2029-03-08,2030-01-10,10602.7,0.0,0,4.1,0
PRJ-SYN-0091,SNAP-PRJ-SYN-0091-Q1,High-Speed Rail Corridor Link 15,Railways,Ministry of Railways (MoR),CORE,Jammu & Kashmir,HAM,Plains,1003.39,1003.39,368.85,37.13,36.76,2023-08-23,2028-04-22,2028-04-22,2025-04-10,2028-05-25,1053.56,1.1,0,5.0,0
PRJ-SYN-0091,SNAP-PRJ-SYN-0091-Q2,High-Speed Rail Corridor Link 15,Railways,Ministry of Railways (MoR),CORE,Jammu & Kashmir,HAM,Plains,1003.39,1052.07,714.67,63.69,67.93,2023-08-23,2028-04-22,2028-04-22,2026-09-03,2028-05-25,1053.56,1.1,0,5.0,0
PRJ-SYN-0091,SNAP-PRJ-SYN-0091-Q3,High-Speed Rail Corridor Link 15,Railways,Ministry of Railways (MoR),CORE,Jammu & Kashmir,HAM,Plains,1003.39,1003.39,925.13,92.67,92.2,2023-08-23,2028-04-22,2028-07-14,2027-11-04,2028-05-25,1053.56,1.1,0,5.0,0
PRJ-SYN-0092,SNAP-PRJ-SYN-0092-Q1,High-Speed Rail Corridor Link 22,Railways,Ministry of Railways (MoR),Dedicated Freight Corridor Corp (DFCCIL),Maharashtra,EPC,Plains,1012.9,1012.9,302.35,30.15,29.85,2018-09-15,2024-01-15,2024-04-23,2020-07-27,2024-03-28,1020.09,2.4,0,0.71,0
PRJ-SYN-0092,SNAP-PRJ-SYN-0092-Q2,High-Speed Rail Corridor Link 22,Railways,Ministry of Railways (MoR),Dedicated Freight Corridor Corp (DFCCIL),Maharashtra,EPC,Plains,1012.9,1012.9,948.28,91.28,93.62,2018-09-15,2024-01-15,2024-01-15,2023-07-04,2024-03-28,1020.09,2.4,0,0.71,0
PRJ-SYN-0093,SNAP-PRJ-SYN-0093-Q1,NH-70 4/6-Laning Bypass & Viaduct,Highways,Ministry of Road Transport and Highways (MoRTH),NHIDCL,Gujarat,Item Rate,Plains,2016.71,2110.26,382.8,20.11,18.14,2020-10-23,2023-09-23,2023-09-23,2021-05-24,2023-09-26,2143.36,0.1,0,6.28,0
PRJ-SYN-0093,SNAP-PRJ-SYN-0093-Q2,NH-70 4/6-Laning Bypass & Viaduct,Highways,Ministry of Road Transport and Highways (MoRTH),NHIDCL,Gujarat,Item Rate,Plains,2016.71,2016.71,1065.43,51.96,52.83,2020-10-23,2023-09-23,2023-09-23,2022-04-08,2023-09-26,2143.36,0.1,0,6.28,0
PRJ-SYN-0093,SNAP-PRJ-SYN-0093-Q3,NH-70 4/6-Laning Bypass & Viaduct,Highways,Ministry of Road Transport and Highways (MoRTH),NHIDCL,Gujarat,Item Rate,Plains,2016.71,2016.71,2056.24,98.0,101.96,2020-10-23,2023-09-23,2023-09-23,2023-06-08,2023-09-26,2143.36,0.1,0,6.28,0
PRJ-SYN-0094,SNAP-PRJ-SYN-0094-Q1,Freight Corridor Feeder Line 79,Railways,Ministry of Railways (MoR),CORE,Rajasthan,HAM,Hilly/Mountainous,592.37,592.37,278.77,41.51,47.06,2022-02-08,2025-01-08,2025-01-08,2023-02-15,2025-03-22,610.79,2.4,0,3.11,0
PRJ-SYN-0094,SNAP-PRJ-SYN-0094-Q2,Freight Corridor Feeder Line 79,Railways,Ministry of Railways (MoR),CORE,Rajasthan,HAM,Hilly/Mountainous,592.37,592.37,302.29,49.47,51.03,2022-02-08,2025-01-08,2025-02-26,2023-07-25,2025-03-22,610.79,2.4,0,3.11,0
PRJ-SYN-0094,SNAP-PRJ-SYN-0094-Q3,Freight Corridor Feeder Line 79,Railways,Ministry of Railways (MoR),CORE,Rajasthan,HAM,Hilly/Mountainous,592.37,604.85,460.23,78.68,76.09,2022-02-08,2025-01-08,2025-01-08,2024-06-09,2025-03-22,610.79,2.4,0,3.11,0
PRJ-SYN-0094,SNAP-PRJ-SYN-0094-Q4,Freight Corridor Feeder Line 79,Railways,Ministry of Railways (MoR),CORE,Rajasthan,HAM,Hilly/Mountainous,592.37,592.37,493.8,83.38,83.36,2022-02-08,2025-01-08,2025-01-08,2024-09-23,2025-03-22,610.79,2.4,0,3.11,0
PRJ-SYN-0095,SNAP-PRJ-SYN-0095-Q1,Gujarat Station Redevelopment & Quadrupling,Railways,Ministry of Railways (MoR),Dedicated Freight Corridor Corp (DFCCIL),Gujarat,EPC,Plains,1286.74,1286.74,254.26,14.37,19.76,2021-03-23,2024-10-21,2025-01-06,2021-12-09,2024-10-24,1308.61,0.1,0,1.7,0
PRJ-SYN-0095,SNAP-PRJ-SYN-0095-Q2,Gujarat Station Redevelopment & Quadrupling,Railways,Ministry of Railways (MoR),Dedicated Freight Corridor Corp (DFCCIL),Gujarat,EPC,Plains,1286.74,1286.74,622.4,50.35,48.37,2021-03-23,2024-10-21,2024-10-21,2023-01-06,2024-10-24,1308.61,0.1,0,1.7,0
PRJ-SYN-0095,SNAP-PRJ-SYN-0095-Q3,Gujarat Station Redevelopment & Quadrupling,Railways,Ministry of Railways (MoR),Dedicated Freight Corridor Corp (DFCCIL),Gujarat,EPC,Plains,1286.74,1286.74,1200.01,89.94,93.26,2021-03-23,2024-10-21,2024-12-11,2024-06-12,2024-10-24,1308.61,0.1,0,1.7,0
PRJ-SYN-0096,SNAP-PRJ-SYN-0096-Q1,Freight Corridor Feeder Line 57,Railways,Ministry of Railways (MoR),Dedicated Freight Corridor Corp (DFCCIL),Tamil Nadu,EPC,Coastal,5906.22,5906.22,2556.8,37.69,43.29,2019-04-17,2025-11-15,2026-02-01,2021-08-05,2025-11-15,6111.17,0.0,0,3.47,0
PRJ-SYN-0096,SNAP-PRJ-SYN-0096-Q2,Freight Corridor Feeder Line 57,Railways,Ministry of Railways (MoR),Dedicated Freight Corridor Corp (DFCCIL),Tamil Nadu,EPC,Coastal,5906.22,6055.96,5063.39,80.43,83.61,2019-04-17,2025-11-15,2025-11-15,2024-07-22,2025-11-15,6111.17,0.0,0,3.47,0
PRJ-SYN-0096,SNAP-PRJ-SYN-0096-Q3,Freight Corridor Feeder Line 57,Railways,Ministry of Railways (MoR),Dedicated Freight Corridor Corp (DFCCIL),Tamil Nadu,EPC,Coastal,5906.22,6064.26,5365.66,88.16,88.48,2019-04-17,2025-11-15,2025-11-15,2025-03-20,2025-11-15,6111.17,0.0,0,3.47,0
PRJ-SYN-0097,SNAP-PRJ-SYN-0097-Q1,Maharashtra Express Highway Corridor Phase IV,Highways,Ministry of Road Transport and Highways (MoRTH),National Highways Authority of India (NHAI),Maharashtra,EPC,Coastal,2707.46,2707.46,1095.98,35.62,40.48,2019-08-19,2023-11-18,2024-02-25,2021-02-12,2024-02-14,2756.19,2.9,0,1.8,0
PRJ-SYN-0097,SNAP-PRJ-SYN-0097-Q2,Maharashtra Express Highway Corridor Phase IV,Highways,Ministry of Road Transport and Highways (MoRTH),National Highways Authority of India (NHAI),Maharashtra,EPC,Coastal,2707.46,2707.46,1756.6,67.28,64.88,2019-08-19,2023-11-18,2023-12-19,2022-05-24,2024-02-14,2756.19,2.9,0,1.8,0
PRJ-SYN-0098,SNAP-PRJ-SYN-0098-Q1,Gujarat Station Redevelopment & Quadrupling,Railways,Ministry of Railways (MoR),IRCON International,Gujarat,EPC,Hilly/Mountainous,209.49,209.49,44.24,18.06,21.12,2021-05-22,2023-09-21,2023-09-21,2021-11-08,2023-11-30,224.22,2.3,0,7.03,0
PRJ-SYN-0098,SNAP-PRJ-SYN-0098-Q2,Gujarat Station Redevelopment & Quadrupling,Railways,Ministry of Railways (MoR),IRCON International,Gujarat,EPC,Hilly/Mountainous,209.49,209.49,93.08,40.33,44.43,2021-05-22,2023-09-21,2023-09-21,2022-03-16,2023-11-30,224.22,2.3,0,7.03,0
PRJ-SYN-0098,SNAP-PRJ-SYN-0098-Q3,Gujarat Station Redevelopment & Quadrupling,Railways,Ministry of Railways (MoR),IRCON International,Gujarat,EPC,Hilly/Mountainous,209.49,209.49,148.99,65.87,71.12,2021-05-22,2023-09-21,2023-09-21,2022-11-26,2023-11-30,224.22,2.3,0,7.03,0
PRJ-SYN-0098,SNAP-PRJ-SYN-0098-Q4,Gujarat Station Redevelopment & Quadrupling,Railways,Ministry of Railways (MoR),IRCON International,Gujarat,EPC,Hilly/Mountainous,209.49,209.49,194.87,90.78,93.02,2021-05-22,2023-09-21,2023-09-21,2023-06-28,2023-11-30,224.22,2.3,0,7.03,0
PRJ-SYN-0099,SNAP-PRJ-SYN-0099-Q1,Bihar Metro Corridor Elevated Extension Phase IV,Metro Rail,Ministry of Housing and Urban Affairs (MoHUA),UP Metro Rail Corp (UPMRC),Bihar,EPC,Plains,1205.07,1236.87,296.85,23.93,24.0,2021-05-07,2026-04-06,2026-04-06,2022-05-01,2026-05-03,1215.31,0.9,0,0.85,0
PRJ-SYN-0099,SNAP-PRJ-SYN-0099-Q2,Bihar Metro Corridor Elevated Extension Phase IV,Metro Rail,Ministry of Housing and Urban Affairs (MoHUA),UP Metro Rail Corp (UPMRC),Bihar,EPC,Plains,1205.07,1205.07,509.5,39.19,42.28,2021-05-07,2026-04-06,2026-04-06,2023-01-25,2026-05-03,1215.31,0.9,0,0.85,0
PRJ-SYN-0099,SNAP-PRJ-SYN-0099-Q3,Bihar Metro Corridor Elevated Extension Phase IV,Metro Rail,Ministry of Housing and Urban Affairs (MoHUA),UP Metro Rail Corp (UPMRC),Bihar,EPC,Plains,1205.07,1205.07,830.65,70.67,68.93,2021-05-07,2026-04-06,2026-06-13,2024-07-17,2026-05-03,1215.31,0.9,0,0.85,0
PRJ-SYN-0100,SNAP-PRJ-SYN-0100-Q1,Tamil Nadu River Basin Pollution Abatement Pkg 83,Urban Water & Sanitation,Ministry of Housing and Urban Affairs (MoHUA),State Jal Nigam,Tamil Nadu,EPC,Plains,348.43,365.24,109.21,24.8,29.9,2023-05-01,2025-02-28,2025-02-28,2023-09-11,2025-03-24,350.8,0.8,0,0.68,0
PRJ-SYN-0100,SNAP-PRJ-SYN-0100-Q2,Tamil Nadu River Basin Pollution Abatement Pkg 83,Urban Water & Sanitation,Ministry of Housing and Urban Affairs (MoHUA),State Jal Nigam,Tamil Nadu,EPC,Plains,348.43,348.43,192.19,50.72,55.16,2023-05-01,2025-02-28,2025-02-28,2024-03-30,2025-03-24,350.8,0.8,0,0.68,0
PRJ-SYN-0100,SNAP-PRJ-SYN-0100-Q3,Tamil Nadu River Basin Pollution Abatement Pkg 83,Urban Water & Sanitation,Ministry of Housing and Urban Affairs (MoHUA),State Jal Nigam,Tamil Nadu,EPC,Plains,348.43,348.43,255.61,67.71,73.36,2023-05-01,2025-02-28,2025-02-28,2024-07-09,2025-03-24,350.8,0.8,0,0.68,0
PRJ-SYN-0100,SNAP-PRJ-SYN-0100-Q4,Tamil Nadu River Basin Pollution Abatement Pkg 83,Urban Water & Sanitation,Ministry of Housing and Urban Affairs (MoHUA),State Jal Nigam,Tamil Nadu,EPC,Plains,348.43,348.43,278.67,81.59,79.98,2023-05-01,2025-02-28,2025-02-28,2024-10-17,2025-03-24,350.8,0.8,0,0.68,0
PRJ-SYN-0101,SNAP-PRJ-SYN-0101-Q1,Himachal Pradesh Pumped Storage Hydro Project Phase IV,Power & Renewable Energy,Ministry of Power / MNRE,NTPC Limited,Himachal Pradesh,EPC,Plains,236.72,236.72,81.48,32.4,34.42,2022-06-08,2024-12-07,2024-12-07,2023-04-23,2024-12-07,252.79,0.0,0,6.79,0
PRJ-SYN-0101,SNAP-PRJ-SYN-0101-Q2,Himachal Pradesh Pumped Storage Hydro Project Phase IV,Power & Renewable Energy,Ministry of Power / MNRE,NTPC Limited,Himachal Pradesh,EPC,Plains,236.72,236.72,123.38,49.48,52.12,2022-06-08,2024-12-07,2024-12-07,2023-09-07,2024-12-07,252.79,0.0,0,6.79,0
PRJ-SYN-0101,SNAP-PRJ-SYN-0101-Q3,Himachal Pradesh Pumped Storage Hydro Project Phase IV,Power & Renewable Energy,Ministry of Power / MNRE,NTPC Limited,Himachal Pradesh,EPC,Plains,236.72,236.72,160.07,61.68,67.62,2022-06-08,2024-12-07,2024-12-07,2024-01-22,2024-12-07,252.79,0.0,0,6.79,0
PRJ-SYN-0101,SNAP-PRJ-SYN-0101-Q4,Himachal Pradesh Pumped Storage Hydro Project Phase IV,Power & Renewable Energy,Ministry of Power / MNRE,NTPC Limited,Himachal Pradesh,EPC,Plains,236.72,236.72,200.48,85.88,84.69,2022-06-08,2024-12-07,2025-02-11,2024-06-07,2024-12-07,252.79,0.0,0,6.79,0
PRJ-SYN-0102,SNAP-PRJ-SYN-0102-Q1,Gujarat Rail Doubling & Third Line Section,Railways,Ministry of Railways (MoR),Rail Vikas Nigam Ltd (RVNL),Gujarat,BOT,Coastal,6248.48,6248.48,1150.35,20.29,18.41,2018-10-12,2025-06-12,2025-06-12,2020-02-11,2025-09-05,6474.05,2.8,0,3.61,0
PRJ-SYN-0102,SNAP-PRJ-SYN-0102-Q2,Gujarat Rail Doubling & Third Line Section,Railways,Ministry of Railways (MoR),Rail Vikas Nigam Ltd (RVNL),Gujarat,BOT,Coastal,6248.48,6248.48,2528.14,34.63,40.46,2018-10-12,2025-06-12,2025-06-12,2021-02-10,2025-09-05,6474.05,2.8,0,3.61,0
PRJ-SYN-0102,SNAP-PRJ-SYN-0102-Q3,Gujarat Rail Doubling & Third Line Section,Railways,Ministry of Railways (MoR),Rail Vikas Nigam Ltd (RVNL),Gujarat,BOT,Coastal,6248.48,6248.48,3048.01,46.48,48.78,2018-10-12,2025-06-12,2025-06-12,2022-02-10,2025-09-05,6474.05,2.8,0,3.61,0
PRJ-SYN-0102,SNAP-PRJ-SYN-0102-Q4,Gujarat Rail Doubling & Third Line Section,Railways,Ministry of Railways (MoR),Rail Vikas Nigam Ltd (RVNL),Gujarat,BOT,Coastal,6248.48,6248.48,5773.6,91.92,92.4,2018-10-12,2025-06-12,2025-06-12,2024-10-11,2025-09-05,6474.05,2.8,0,3.61,0
PRJ-SYN-0103,SNAP-PRJ-SYN-0103-Q1,High-Speed Rail Corridor Link 26,Railways,Ministry of Railways (MoR),CORE,Jammu & Kashmir,Turnkey,Plains,814.2,850.15,325.44,39.48,38.28,2020-09-17,2026-04-18,2026-04-18,2022-08-31,2026-06-11,865.09,1.8,0,6.25,0
PRJ-SYN-0103,SNAP-PRJ-SYN-0103-Q2,High-Speed Rail Corridor Link 26,Railways,Ministry of Railways (MoR),CORE,Jammu & Kashmir,Turnkey,Plains,814.2,814.2,443.09,51.78,54.42,2020-09-17,2026-04-18,2026-06-23,2023-07-03,2026-06-11,865.09,1.8,0,6.25,0
PRJ-SYN-0103,SNAP-PRJ-SYN-0103-Q3,High-Speed Rail Corridor Link 26,Railways,Ministry of Railways (MoR),CORE,Jammu & Kashmir,Turnkey,Plains,814.2,814.2,483.39,56.18,59.37,2020-09-17,2026-04-18,2026-04-18,2024-05-04,2026-06-11,865.09,1.8,0,6.25,0
PRJ-SYN-0104,SNAP-PRJ-SYN-0104-Q1,Gujarat Economic Corridor Pkg 69,Highways,Ministry of Road Transport and Highways (MoRTH),NHIDCL,Gujarat,EPC,Urban Dense,401.45,417.31,93.94,22.86,22.51,2019-04-28,2021-02-25,2021-02-25,2019-09-08,2021-03-03,423.97,0.2,0,5.61,0
PRJ-SYN-0104,SNAP-PRJ-SYN-0104-Q2,Gujarat Economic Corridor Pkg 69,Highways,Ministry of Road Transport and Highways (MoRTH),NHIDCL,Gujarat,EPC,Urban Dense,401.45,417.56,230.49,51.54,55.2,2019-04-28,2021-02-25,2021-02-25,2020-03-27,2021-03-03,423.97,0.2,0,5.61,0
PRJ-SYN-0104,SNAP-PRJ-SYN-0104-Q3,Gujarat Economic Corridor Pkg 69,Highways,Ministry of Road Transport and Highways (MoRTH),NHIDCL,Gujarat,EPC,Urban Dense,401.45,401.45,293.78,68.57,73.18,2019-04-28,2021-02-25,2021-05-03,2020-07-06,2021-03-03,423.97,0.2,0,5.61,0
PRJ-SYN-0104,SNAP-PRJ-SYN-0104-Q4,Gujarat Economic Corridor Pkg 69,Highways,Ministry of Road Transport and Highways (MoRTH),NHIDCL,Gujarat,EPC,Urban Dense,401.45,401.45,360.58,92.12,89.82,2019-04-28,2021-02-25,2021-02-25,2020-12-20,2021-03-03,423.97,0.2,0,5.61,0
PRJ-SYN-0105,SNAP-PRJ-SYN-0105-Q1,Karnataka Express Highway Corridor Phase III,Highways,Ministry of Road Transport and Highways (MoRTH),NHIDCL,Karnataka,EPC,Urban Dense,922.58,946.67,467.94,51.98,49.43,2021-06-22,2023-08-22,2023-08-22,2022-07-22,2023-10-24,955.42,2.1,0,3.56,0
PRJ-SYN-0105,SNAP-PRJ-SYN-0105-Q2,Karnataka Express Highway Corridor Phase III,Highways,Ministry of Road Transport and Highways (MoRTH),NHIDCL,Karnataka,EPC,Urban Dense,922.58,922.58,617.21,67.81,66.9,2021-06-22,2023-08-22,2023-08-22,2022-11-18,2023-10-24,955.42,2.1,0,3.56,0
PRJ-SYN-0105,SNAP-PRJ-SYN-0105-Q3,Karnataka Express Highway Corridor Phase III,Highways,Ministry of Road Transport and Highways (MoRTH),NHIDCL,Karnataka,EPC,Urban Dense,922.58,922.58,781.33,79.54,84.69,2021-06-22,2023-08-22,2023-08-22,2023-03-17,2023-10-24,955.42,2.1,0,3.56,0
PRJ-SYN-0105,SNAP-PRJ-SYN-0105-Q4,Karnataka Express Highway Corridor Phase III,Highways,Ministry of Road Transport and Highways (MoRTH),NHIDCL,Karnataka,EPC,Urban Dense,922.58,922.58,840.75,92.1,91.13,2021-06-22,2023-08-22,2023-08-22,2023-06-04,2023-10-24,955.42,2.1,0,3.56,0
PRJ-SYN-0106,SNAP-PRJ-SYN-0106-Q1,Karnataka Rail Doubling & Third Line Section,Railways,Ministry of Railways (MoR),IRCON International,Karnataka,HAM,Plains,1823.95,1823.95,386.5,18.05,21.19,2022-09-11,2026-01-10,2026-01-10,2023-05-12,2026-04-02,1856.05,2.7,0,1.76,0
PRJ-SYN-0106,SNAP-PRJ-SYN-0106-Q2,Karnataka Rail Doubling & Third Line Section,Railways,Ministry of Railways (MoR),IRCON International,Karnataka,HAM,Plains,1823.95,1823.95,729.03,35.57,39.97,2022-09-11,2026-01-10,2026-01-10,2023-11-11,2026-04-02,1856.05,2.7,0,1.76,0
PRJ-SYN-0106,SNAP-PRJ-SYN-0106-Q3,Karnataka Rail Doubling & Third Line Section,Railways,Ministry of Railways (MoR),IRCON International,Karnataka,HAM,Plains,1823.95,1823.95,921.28,46.53,50.51,2022-09-11,2026-01-10,2026-01-10,2024-05-11,2026-04-02,1856.05,2.7,0,1.76,0
PRJ-SYN-0106,SNAP-PRJ-SYN-0106-Q4,Karnataka Rail Doubling & Third Line Section,Railways,Ministry of Railways (MoR),IRCON International,Karnataka,HAM,Plains,1823.95,1888.12,1222.75,65.2,64.76,2022-09-11,2026-01-10,2026-04-07,2024-11-10,2026-04-02,1856.05,2.7,0,1.76,0
PRJ-SYN-0107,SNAP-PRJ-SYN-0107-Q1,Border Road Strategic Connectivity Link 27,Highways,Ministry of Road Transport and Highways (MoRTH),NHIDCL,Maharashtra,HAM,Plains,2120.88,2172.65,201.84,9.44,9.29,2018-05-16,2020-08-14,2020-09-24,2018-10-27,2021-05-08,2273.37,8.8,1,7.19,0
PRJ-SYN-0107,SNAP-PRJ-SYN-0107-Q2,Border Road Strategic Connectivity Link 27,Highways,Ministry of Road Transport and Highways (MoRTH),NHIDCL,Maharashtra,HAM,Plains,2120.88,2120.88,406.78,19.36,19.18,2018-05-16,2020-08-14,2020-08-14,2019-02-27,2021-05-08,2273.37,8.8,1,7.19,0
PRJ-SYN-0108,SNAP-PRJ-SYN-0108-Q1,Kerala Station Redevelopment & Quadrupling,Railways,Ministry of Railways (MoR),Rail Vikas Nigam Ltd (RVNL),Kerala,EPC,Coastal,2420.91,2420.91,515.9,24.27,21.31,2021-10-24,2028-04-24,2028-04-24,2023-02-10,2028-05-03,2444.63,0.3,0,0.98,0
PRJ-SYN-0108,SNAP-PRJ-SYN-0108-Q2,Kerala Station Redevelopment & Quadrupling,Railways,Ministry of Railways (MoR),Rail Vikas Nigam Ltd (RVNL),Kerala,EPC,Coastal,2420.91,2420.91,987.25,37.78,40.78,2021-10-24,2028-04-24,2028-04-24,2024-02-01,2028-05-03,2444.63,0.3,0,0.98,0
PRJ-SYN-0108,SNAP-PRJ-SYN-0108-Q3,Kerala Station Redevelopment & Quadrupling,Railways,Ministry of Railways (MoR),Rail Vikas Nigam Ltd (RVNL),Kerala,EPC,Coastal,2420.91,2520.83,1637.28,65.27,64.95,2021-10-24,2028-04-24,2028-04-24,2026-01-14,2028-05-03,2444.63,0.3,0,0.98,0
PRJ-SYN-0108,SNAP-PRJ-SYN-0108-Q4,Kerala Station Redevelopment & Quadrupling,Railways,Ministry of Railways (MoR),Rail Vikas Nigam Ltd (RVNL),Kerala,EPC,Coastal,2420.91,2420.91,2130.88,90.59,88.02,2021-10-24,2028-04-24,2028-04-24,2027-08-30,2028-05-03,2444.63,0.3,0,0.98,0
PRJ-SYN-0109,SNAP-PRJ-SYN-0109-Q1,Freight Corridor Feeder Line 98,Railways,Ministry of Railways (MoR),CORE,Tamil Nadu,EPC,Plains,385.67,385.67,54.8,15.3,14.21,2019-08-15,2023-10-14,2023-10-14,2020-06-14,2024-05-17,408.12,7.1,1,5.82,0
PRJ-SYN-0109,SNAP-PRJ-SYN-0109-Q2,Freight Corridor Feeder Line 98,Railways,Ministry of Railways (MoR),CORE,Tamil Nadu,EPC,Plains,385.67,385.67,193.37,45.22,50.14,2019-08-15,2023-10-14,2023-10-14,2021-09-13,2024-05-17,408.12,7.1,1,5.82,0
PRJ-SYN-0110,SNAP-PRJ-SYN-0110-Q1,Freight Corridor Feeder Line 60,Railways,Ministry of Railways (MoR),IRCON International,Gujarat,EPC,Hilly/Mountainous,694.62,694.62,140.1,20.58,20.17,2019-02-28,2023-04-29,2023-06-06,2019-12-29,2023-07-26,731.71,2.9,0,5.34,0
PRJ-SYN-0110,SNAP-PRJ-SYN-0110-Q2,Freight Corridor Feeder Line 60,Railways,Ministry of Railways (MoR),IRCON International,Gujarat,EPC,Hilly/Mountainous,694.62,694.62,251.45,34.56,36.2,2019-02-28,2023-04-29,2023-04-29,2020-08-13,2023-07-26,731.71,2.9,0,5.34,0
PRJ-SYN-0110,SNAP-PRJ-SYN-0110-Q3,Freight Corridor Feeder Line 60,Railways,Ministry of Railways (MoR),IRCON International,Gujarat,EPC,Hilly/Mountainous,694.62,694.62,630.37,89.31,90.75,2019-02-28,2023-04-29,2023-04-29,2022-11-28,2023-07-26,731.71,2.9,0,5.34,0
PRJ-SYN-0111,SNAP-PRJ-SYN-0111-Q1,Freight Corridor Feeder Line 26,Railways,Ministry of Railways (MoR),Dedicated Freight Corridor Corp (DFCCIL),Maharashtra,EPC,Coastal,605.6,605.6,165.33,23.34,27.3,2019-02-27,2024-08-27,2024-08-27,2020-04-03,2024-08-27,623.59,0.0,0,2.97,0
PRJ-SYN-0111,SNAP-PRJ-SYN-0111-Q2,Freight Corridor Feeder Line 26,Railways,Ministry of Railways (MoR),Dedicated Freight Corridor Corp (DFCCIL),Maharashtra,EPC,Coastal,605.6,605.6,212.57,37.02,35.1,2019-02-27,2024-08-27,2024-10-18,2021-01-30,2024-08-27,623.59,0.0,0,2.97,0
PRJ-SYN-0111,SNAP-PRJ-SYN-0111-Q3,Freight Corridor Feeder Line 26,Railways,Ministry of Railways (MoR),Dedicated Freight Corridor Corp (DFCCIL),Maharashtra,EPC,Coastal,605.6,605.6,519.24,81.78,85.74,2019-02-27,2024-08-27,2024-08-27,2023-07-23,2024-08-27,623.59,0.0,0,2.97,0
PRJ-SYN-0111,SNAP-PRJ-SYN-0111-Q4,Freight Corridor Feeder Line 26,Railways,Ministry of Railways (MoR),Dedicated Freight Corridor Corp (DFCCIL),Maharashtra,EPC,Coastal,605.6,605.6,597.97,92.97,98.74,2019-02-27,2024-08-27,2024-12-03,2024-02-08,2024-08-27,623.59,0.0,0,2.97,0
PRJ-SYN-0112,SNAP-PRJ-SYN-0112-Q1,Assam Ultra Mega Solar Power Park 45 MW,Power & Renewable Energy,Ministry of Power / MNRE,Solar Energy Corporation of India (SECI),Assam,EPC,Plains,424.65,445.17,72.7,15.07,16.33,2019-09-09,2022-01-08,2022-01-08,2020-02-26,2022-02-07,436.33,1.0,0,2.75,0
PRJ-SYN-0112,SNAP-PRJ-SYN-0112-Q2,Assam Ultra Mega Solar Power Park 45 MW,Power & Renewable Energy,Ministry of Power / MNRE,Solar Energy Corporation of India (SECI),Assam,EPC,Plains,424.65,424.65,379.17,91.61,89.29,2019-09-09,2022-01-08,2022-01-08,2021-10-15,2022-02-07,436.33,1.0,0,2.75,0
PRJ-SYN-0113,SNAP-PRJ-SYN-0113-Q1,Uttar Pradesh Express Highway Corridor Phase III,Highways,Ministry of Road Transport and Highways (MoRTH),National Highways Authority of India (NHAI),Uttar Pradesh,HAM,Urban Dense,940.55,940.55,206.54,18.89,21.96,2020-01-06,2023-06-06,2023-06-06,2020-09-11,2023-07-27,986.92,1.7,0,4.93,0
PRJ-SYN-0113,SNAP-PRJ-SYN-0113-Q2,Uttar Pradesh Express Highway Corridor Phase III,Highways,Ministry of Road Transport and Highways (MoRTH),National Highways Authority of India (NHAI),Uttar Pradesh,HAM,Urban Dense,940.55,940.55,334.18,34.3,35.53,2020-01-06,2023-06-06,2023-06-06,2021-03-17,2023-07-27,986.92,1.7,0,4.93,0
PRJ-SYN-0113,SNAP-PRJ-SYN-0113-Q3,Uttar Pradesh Express Highway Corridor Phase III,Highways,Ministry of Road Transport and Highways (MoRTH),National Highways Authority of India (NHAI),Uttar Pradesh,HAM,Urban Dense,940.55,950.25,607.78,66.4,63.96,2020-01-06,2023-06-06,2023-06-06,2022-03-27,2023-07-27,986.92,1.7,0,4.93,0
PRJ-SYN-0114,SNAP-PRJ-SYN-0114-Q1,Uttar Pradesh Rail Doubling & Third Line Section,Railways,Ministry of Railways (MoR),Dedicated Freight Corridor Corp (DFCCIL),Uttar Pradesh,BOT,Hilly/Mountainous,1815.62,1845.81,506.86,26.56,27.46,2022-10-04,2028-02-03,2028-02-03,2023-10-28,2028-02-03,1923.65,0.0,0,5.95,0
PRJ-SYN-0114,SNAP-PRJ-SYN-0114-Q2,Uttar Pradesh Rail Doubling & Third Line Section,Railways,Ministry of Railways (MoR),Dedicated Freight Corridor Corp (DFCCIL),Uttar Pradesh,BOT,Hilly/Mountainous,1815.62,1895.05,534.4,29.32,28.2,2022-10-04,2028-02-03,2028-02-03,2024-08-15,2028-02-03,1923.65,0.0,0,5.95,0
PRJ-SYN-0114,SNAP-PRJ-SYN-0114-Q3,Uttar Pradesh Rail Doubling & Third Line Section,Railways,Ministry of Railways (MoR),Dedicated Freight Corridor Corp (DFCCIL),Uttar Pradesh,BOT,Hilly/Mountainous,1815.62,1815.62,1461.94,81.34,80.52,2022-10-04,2028-02-03,2028-02-03,2027-01-09,2028-02-03,1923.65,0.0,0,5.95,0
PRJ-SYN-0115,SNAP-PRJ-SYN-0115-Q1,Underground Sewerage System & 100 MLD STP,Urban Water & Sanitation,Ministry of Housing and Urban Affairs (MoHUA),Karnataka Urban Infra Dev (KUIDFC),Jharkhand,HAM,Coastal,650.88,650.88,376.27,60.15,57.81,2021-07-22,2024-01-21,2024-01-21,2023-03-07,2024-02-08,662.6,0.6,0,1.8,0
PRJ-SYN-0115,SNAP-PRJ-SYN-0115-Q2,Underground Sewerage System & 100 MLD STP,Urban Water & Sanitation,Ministry of Housing and Urban Affairs (MoHUA),Karnataka Urban Infra Dev (KUIDFC),Jharkhand,HAM,Coastal,650.88,650.88,630.18,91.65,96.82,2021-07-22,2024-01-21,2024-01-21,2023-10-21,2024-02-08,662.6,0.6,0,1.8,0
PRJ-SYN-0116,SNAP-PRJ-SYN-0116-Q1,Telangana Rail Doubling & Third Line Section,Railways,Ministry of Railways (MoR),Dedicated Freight Corridor Corp (DFCCIL),Telangana,HAM,Plains,954.07,954.07,386.3,37.49,40.49,2018-03-09,2021-11-07,2021-11-07,2019-06-20,2021-11-07,973.63,0.0,0,2.05,0
PRJ-SYN-0116,SNAP-PRJ-SYN-0116-Q2,Telangana Rail Doubling & Third Line Section,Railways,Ministry of Railways (MoR),Dedicated Freight Corridor Corp (DFCCIL),Telangana,HAM,Plains,954.07,977.24,460.18,49.98,47.09,2018-03-09,2021-11-07,2021-11-07,2020-01-07,2021-11-07,973.63,0.0,0,2.05,0
PRJ-SYN-0116,SNAP-PRJ-SYN-0116-Q3,Telangana Rail Doubling & Third Line Section,Railways,Ministry of Railways (MoR),Dedicated Freight Corridor Corp (DFCCIL),Telangana,HAM,Plains,954.07,954.07,799.03,84.69,83.75,2018-03-09,2021-11-07,2021-11-07,2021-02-12,2021-11-07,973.63,0.0,0,2.05,0
PRJ-SYN-0116,SNAP-PRJ-SYN-0116-Q4,Telangana Rail Doubling & Third Line Section,Railways,Ministry of Railways (MoR),Dedicated Freight Corridor Corp (DFCCIL),Telangana,HAM,Plains,954.07,979.97,942.83,92.65,96.21,2018-03-09,2021-11-07,2022-01-13,2021-06-26,2021-11-07,973.63,0.0,0,2.05,0
PRJ-SYN-0117,SNAP-PRJ-SYN-0117-Q1,Uttar Pradesh Ring Metro Transit System Pkg 68,Metro Rail,Ministry of Housing and Urban Affairs (MoHUA),UP Metro Rail Corp (UPMRC),Uttar Pradesh,EPC,Plains,2316.72,2316.72,642.89,23.96,27.75,2022-07-04,2029-06-03,2029-06-03,2023-11-21,2029-06-09,2339.89,0.2,0,1.0,0
PRJ-SYN-0117,SNAP-PRJ-SYN-0117-Q2,Uttar Pradesh Ring Metro Transit System Pkg 68,Metro Rail,Ministry of Housing and Urban Affairs (MoHUA),UP Metro Rail Corp (UPMRC),Uttar Pradesh,EPC,Plains,2316.72,2316.72,775.87,29.4,33.49,2022-07-04,2029-06-03,2029-06-03,2024-12-04,2029-06-09,2339.89,0.2,0,1.0,0
PRJ-SYN-0117,SNAP-PRJ-SYN-0117-Q3,Uttar Pradesh Ring Metro Transit System Pkg 68,Metro Rail,Ministry of Housing and Urban Affairs (MoHUA),UP Metro Rail Corp (UPMRC),Uttar Pradesh,EPC,Plains,2316.72,2316.72,1581.16,68.02,68.25,2022-07-04,2029-06-03,2029-06-03,2027-01-01,2029-06-09,2339.89,0.2,0,1.0,0
PRJ-SYN-0117,SNAP-PRJ-SYN-0117-Q4,Uttar Pradesh Ring Metro Transit System Pkg 68,Metro Rail,Ministry of Housing and Urban Affairs (MoHUA),UP Metro Rail Corp (UPMRC),Uttar Pradesh,EPC,Plains,2316.72,2343.23,1851.85,80.04,79.03,2022-07-04,2029-06-03,2029-09-07,2028-01-15,2029-06-09,2339.89,0.2,0,1.0,0
PRJ-SYN-0118,SNAP-PRJ-SYN-0118-Q1,NH-53 4/6-Laning Bypass & Viaduct,Highways,Ministry of Road Transport and Highways (MoRTH),NHIDCL,Punjab,HAM,Plains,380.49,380.49,174.99,45.81,45.99,2021-07-24,2024-03-24,2024-03-24,2022-11-23,2024-07-11,396.2,3.6,1,4.13,0
PRJ-SYN-0118,SNAP-PRJ-SYN-0118-Q2,NH-53 4/6-Laning Bypass & Viaduct,Highways,Ministry of Road Transport and Highways (MoRTH),NHIDCL,Punjab,HAM,Plains,380.49,380.49,243.32,59.93,63.95,2021-07-24,2024-03-24,2024-05-12,2023-04-18,2024-07-11,396.2,3.6,1,4.13,0
PRJ-SYN-0119,SNAP-PRJ-SYN-0119-Q1,Freight Corridor Feeder Line 29,Railways,Ministry of Railways (MoR),IRCON International,Uttar Pradesh,EPC,Urban Dense,4983.14,4983.14,826.2,11.26,16.58,2018-02-27,2024-11-27,2024-11-27,2019-07-05,2026-09-27,6303.67,22.0,1,26.5,1
PRJ-SYN-0119,SNAP-PRJ-SYN-0119-Q2,Freight Corridor Feeder Line 29,Railways,Ministry of Railways (MoR),IRCON International,Uttar Pradesh,EPC,Urban Dense,4983.14,5570.51,3455.94,51.28,62.04,2018-02-27,2024-11-27,2025-08-21,2022-07-18,2026-09-27,6303.67,22.0,1,26.5,1
PRJ-SYN-0120,SNAP-PRJ-SYN-0120-Q1,Odisha Economic Corridor Pkg 81,Highways,Ministry of Road Transport and Highways (MoRTH),National Highways Authority of India (NHAI),Odisha,EPC,Plains,1313.42,1364.87,218.38,16.93,16.0,2022-09-18,2024-10-17,2024-10-17,2023-02-17,2024-10-20,1322.88,0.1,0,0.72,0
PRJ-SYN-0120,SNAP-PRJ-SYN-0120-Q2,Odisha Economic Corridor Pkg 81,Highways,Ministry of Road Transport and Highways (MoRTH),National Highways Authority of India (NHAI),Odisha,EPC,Plains,1313.42,1313.42,928.85,67.04,70.72,2022-09-18,2024-10-17,2024-10-17,2024-01-25,2024-10-20,1322.88,0.1,0,0.72,0
PRJ-SYN-0120,SNAP-PRJ-SYN-0120-Q3,Odisha Economic Corridor Pkg 81,Highways,Ministry of Road Transport and Highways (MoRTH),National Highways Authority of India (NHAI),Odisha,EPC,Plains,1313.42,1313.42,1133.22,86.55,86.28,2022-09-18,2024-10-17,2024-10-17,2024-08-02,2024-10-20,1322.88,0.1,0,0.72,0
PRJ-SYN-0121,SNAP-PRJ-SYN-0121-Q1,Uttar Pradesh Pumped Storage Hydro Project Phase IV,Power & Renewable Energy,Ministry of Power / MNRE,Solar Energy Corporation of India (SECI),Uttar Pradesh,EPC,Coastal,806.03,806.03,647.56,76.96,80.34,2022-05-12,2025-09-10,2025-11-21,2025-01-10,2025-12-19,864.23,3.3,1,7.22,0
PRJ-SYN-0121,SNAP-PRJ-SYN-0121-Q2,Uttar Pradesh Pumped Storage Hydro Project Phase IV,Power & Renewable Energy,Ministry of Power / MNRE,Solar Energy Corporation of India (SECI),Uttar Pradesh,EPC,Coastal,806.03,822.64,739.14,84.28,89.85,2022-05-12,2025-09-10,2025-11-19,2025-05-11,2025-12-19,864.23,3.3,1,7.22,0
PRJ-SYN-0122,SNAP-PRJ-SYN-0122-Q1,Odisha Metro Line 38 Underground Section,Metro Rail,Ministry of Housing and Urban Affairs (MoHUA),Bangalore Metro Rail Corp (BMRCL),Odisha,EPC,Plains,361.7,361.7,196.8,53.25,54.41,2020-09-12,2024-01-12,2024-01-12,2022-05-13,2024-02-23,374.4,1.4,0,3.51,0
PRJ-SYN-0122,SNAP-PRJ-SYN-0122-Q2,Odisha Metro Line 38 Underground Section,Metro Rail,Ministry of Housing and Urban Affairs (MoHUA),Bangalore Metro Rail Corp (BMRCL),Odisha,EPC,Plains,361.7,361.7,313.05,82.99,86.55,2020-09-12,2024-01-12,2024-01-12,2023-05-14,2024-02-23,374.4,1.4,0,3.51,0
PRJ-SYN-0123,SNAP-PRJ-SYN-0123-Q1,765kV High Voltage Transmission Substation,Power & Renewable Energy,Ministry of Power / MNRE,Power Grid Corporation (PGCIL),Uttar Pradesh,EPC,Plains,3292.74,3292.74,372.08,12.83,11.3,2018-03-09,2022-03-09,2022-03-09,2018-12-26,2022-05-27,3486.35,2.6,0,5.88,0
PRJ-SYN-0123,SNAP-PRJ-SYN-0123-Q2,765kV High Voltage Transmission Substation,Power & Renewable Energy,Ministry of Power / MNRE,Power Grid Corporation (PGCIL),Uttar Pradesh,EPC,Plains,3292.74,3436.17,1726.33,49.78,50.24,2018-03-09,2022-03-09,2022-05-31,2020-03-08,2022-05-27,3486.35,2.6,0,5.88,0
PRJ-SYN-0123,SNAP-PRJ-SYN-0123-Q3,765kV High Voltage Transmission Substation,Power & Renewable Energy,Ministry of Power / MNRE,Power Grid Corporation (PGCIL),Uttar Pradesh,EPC,Plains,3292.74,3292.74,2598.96,79.82,78.93,2018-03-09,2022-03-09,2022-03-09,2021-05-20,2022-05-27,3486.35,2.6,0,5.88,0
PRJ-SYN-0123,SNAP-PRJ-SYN-0123-Q4,765kV High Voltage Transmission Substation,Power & Renewable Energy,Ministry of Power / MNRE,Power Grid Corporation (PGCIL),Uttar Pradesh,EPC,Plains,3292.74,3292.74,3071.47,91.36,93.28,2018-03-09,2022-03-09,2022-05-16,2021-10-13,2022-05-27,3486.35,2.6,0,5.88,0
PRJ-SYN-0124,SNAP-PRJ-SYN-0124-Q1,Jammu & Kashmir Metro Line 18 Underground Section,Metro Rail,Ministry of Housing and Urban Affairs (MoHUA),Bangalore Metro Rail Corp (BMRCL),Jammu & Kashmir,EPC,Urban Dense,422.7,489.79,268.01,45.99,54.72,2023-11-01,2027-07-02,2029-11-13,2026-10-07,2030-10-22,537.29,39.7,1,27.11,1
PRJ-SYN-0124,SNAP-PRJ-SYN-0124-Q2,Jammu & Kashmir Metro Line 18 Underground Section,Metro Rail,Ministry of Housing and Urban Affairs (MoHUA),Bangalore Metro Rail Corp (BMRCL),Jammu & Kashmir,EPC,Urban Dense,422.7,422.7,266.55,52.73,63.06,2023-11-01,2027-07-02,2030-05-18,2027-02-18,2030-10-22,537.29,39.7,1,27.11,1
PRJ-SYN-0125,SNAP-PRJ-SYN-0125-Q1,Border Road Strategic Connectivity Link 68,Highways,Ministry of Road Transport and Highways (MoRTH),National Highways Authority of India (NHAI),West Bengal,EPC,Plains,2765.02,2765.02,608.03,17.94,21.99,2019-06-10,2022-09-09,2022-09-09,2020-02-02,2022-09-09,2838.02,0.0,0,2.64,0
PRJ-SYN-0125,SNAP-PRJ-SYN-0125-Q2,Border Road Strategic Connectivity Link 68,Highways,Ministry of Road Transport and Highways (MoRTH),National Highways Authority of India (NHAI),West Bengal,EPC,Plains,2765.02,2765.02,1457.72,49.55,52.72,2019-06-10,2022-09-09,2022-11-06,2021-01-23,2022-09-09,2838.02,0.0,0,2.64,0
PRJ-SYN-0125,SNAP-PRJ-SYN-0125-Q3,Border Road Strategic Connectivity Link 68,Highways,Ministry of Road Transport and Highways (MoRTH),National Highways Authority of India (NHAI),West Bengal,EPC,Plains,2765.02,2765.02,1894.59,65.48,68.52,2019-06-10,2022-09-09,2022-09-09,2021-07-20,2022-09-09,2838.02,0.0,0,2.64,0
PRJ-SYN-0125,SNAP-PRJ-SYN-0125-Q4,Border Road Strategic Connectivity Link 68,Highways,Ministry of Road Transport and Highways (MoRTH),National Highways Authority of India (NHAI),West Bengal,EPC,Plains,2765.02,2765.02,2275.06,81.51,82.28,2019-06-10,2022-09-09,2022-10-30,2022-01-14,2022-09-09,2838.02,0.0,0,2.64,0
PRJ-SYN-0126,SNAP-PRJ-SYN-0126-Q1,NH-96 4/6-Laning Bypass & Viaduct,Highways,Ministry of Road Transport and Highways (MoRTH),National Highways Authority of India (NHAI),Tamil Nadu,Turnkey,Plains,271.65,271.65,197.98,69.54,72.88,2020-08-22,2022-05-23,2022-05-23,2021-10-11,2022-07-01,272.3,1.3,0,0.24,0
PRJ-SYN-0126,SNAP-PRJ-SYN-0126-Q2,NH-96 4/6-Laning Bypass & Viaduct,Highways,Ministry of Road Transport and Highways (MoRTH),National Highways Authority of India (NHAI),Tamil Nadu,Turnkey,Plains,271.65,271.65,213.9,78.16,78.74,2020-08-22,2022-05-23,2022-05-23,2022-01-15,2022-07-01,272.3,1.3,0,0.24,0
PRJ-SYN-0126,SNAP-PRJ-SYN-0126-Q3,NH-96 4/6-Laning Bypass & Viaduct,Highways,Ministry of Road Transport and Highways (MoRTH),National Highways Authority of India (NHAI),Tamil Nadu,Turnkey,Plains,271.65,271.65,229.14,84.76,84.35,2020-08-22,2022-05-23,2022-05-23,2022-03-20,2022-07-01,272.3,1.3,0,0.24,0
PRJ-SYN-0127,SNAP-PRJ-SYN-0127-Q1,Freight Corridor Feeder Line 75,Railways,Ministry of Railways (MoR),CORE,Maharashtra,EPC,Coastal,1570.51,1570.51,1027.11,62.56,65.4,2020-07-04,2024-04-03,2024-07-15,2022-12-11,2024-05-18,1601.13,1.5,0,1.95,0
PRJ-SYN-0127,SNAP-PRJ-SYN-0127-Q2,Freight Corridor Feeder Line 75,Railways,Ministry of Railways (MoR),CORE,Maharashtra,EPC,Coastal,1570.51,1570.51,1347.34,82.43,85.79,2020-07-04,2024-04-03,2024-04-03,2023-07-04,2024-05-18,1601.13,1.5,0,1.95,0
PRJ-SYN-0127,SNAP-PRJ-SYN-0127-Q3,Freight Corridor Feeder Line 75,Railways,Ministry of Railways (MoR),CORE,Maharashtra,EPC,Coastal,1570.51,1570.51,1350.64,86.56,86.0,2020-07-04,2024-04-03,2024-04-03,2023-11-18,2024-05-18,1601.13,1.5,0,1.95,0
PRJ-SYN-0128,SNAP-PRJ-SYN-0128-Q1,Maharashtra Smart City Water Supply Augmentation,Urban Water & Sanitation,Ministry of Housing and Urban Affairs (MoHUA),Karnataka Urban Infra Dev (KUIDFC),Maharashtra,EPC,Coastal,745.17,745.17,72.73,7.61,9.76,2018-01-07,2020-12-07,2021-05-19,2019-01-14,2022-09-28,891.82,21.7,1,19.68,1
PRJ-SYN-0128,SNAP-PRJ-SYN-0128-Q2,Maharashtra Smart City Water Supply Augmentation,Urban Water & Sanitation,Ministry of Housing and Urban Affairs (MoHUA),Karnataka Urban Infra Dev (KUIDFC),Maharashtra,EPC,Coastal,745.17,802.74,336.11,30.29,41.87,2018-01-07,2020-12-07,2021-09-16,2019-06-23,2022-09-28,891.82,21.7,1,19.68,1
PRJ-SYN-0128,SNAP-PRJ-SYN-0128-Q3,Maharashtra Smart City Water Supply Augmentation,Urban Water & Sanitation,Ministry of Housing and Urban Affairs (MoHUA),Karnataka Urban Infra Dev (KUIDFC),Maharashtra,EPC,Coastal,745.17,880.04,598.96,65.13,68.06,2018-01-07,2020-12-07,2022-03-05,2020-08-22,2022-09-28,891.82,21.7,1,19.68,1
PRJ-SYN-0129,SNAP-PRJ-SYN-0129-Q1,Freight Corridor Feeder Line 10,Railways,Ministry of Railways (MoR),IRCON International,Bihar,EPC,Hilly/Mountainous,1492.5,1492.5,982.96,67.07,65.86,2023-07-06,2029-05-05,2029-05-05,2027-04-20,2029-05-05,1553.84,0.0,0,4.11,0
PRJ-SYN-0129,SNAP-PRJ-SYN-0129-Q2,Freight Corridor Feeder Line 10,Railways,Ministry of Railways (MoR),IRCON International,Bihar,EPC,Hilly/Mountainous,1492.5,1534.82,1183.81,77.9,77.13,2023-07-06,2029-05-05,2029-05-05,2028-03-05,2029-05-05,1553.84,0.0,0,4.11,0
PRJ-SYN-0130,SNAP-PRJ-SYN-0130-Q1,Freight Corridor Feeder Line 60,Railways,Ministry of Railways (MoR),Rail Vikas Nigam Ltd (RVNL),Madhya Pradesh,EPC,Coastal,693.97,693.97,370.02,51.42,53.32,2021-01-15,2023-12-16,2023-12-16,2022-07-01,2024-02-11,731.44,1.9,0,5.4,0
PRJ-SYN-0130,SNAP-PRJ-SYN-0130-Q2,Freight Corridor Feeder Line 60,Railways,Ministry of Railways (MoR),Rail Vikas Nigam Ltd (RVNL),Madhya Pradesh,EPC,Coastal,693.97,711.21,599.55,82.61,84.3,2021-01-15,2023-12-16,2023-12-16,2023-05-17,2024-02-11,731.44,1.9,0,5.4,0
PRJ-SYN-0131,SNAP-PRJ-SYN-0131-Q1,West Bengal Station Redevelopment & Quadrupling,Railways,Ministry of Railways (MoR),CORE,West Bengal,EPC,Plains,4798.31,4798.31,3339.14,66.92,69.59,2021-01-11,2025-05-12,2025-05-12,2023-11-05,2025-08-08,4856.37,2.9,0,1.21,0
PRJ-SYN-0131,SNAP-PRJ-SYN-0131-Q2,West Bengal Station Redevelopment & Quadrupling,Railways,Ministry of Railways (MoR),CORE,West Bengal,EPC,Plains,4798.31,4798.31,3742.2,75.15,77.99,2021-01-11,2025-05-12,2025-08-13,2024-06-30,2025-08-08,4856.37,2.9,0,1.21,0
PRJ-SYN-0132,SNAP-PRJ-SYN-0132-Q1,Tamil Nadu Economic Corridor Pkg 65,Highways,Ministry of Road Transport and Highways (MoRTH),State PWD (Highways),Tamil Nadu,EPC,Plains,143.74,143.74,22.83,17.93,15.88,2019-07-19,2021-04-18,2021-04-18,2019-11-23,2021-05-24,151.27,1.2,0,5.24,0
PRJ-SYN-0132,SNAP-PRJ-SYN-0132-Q2,Tamil Nadu Economic Corridor Pkg 65,Highways,Ministry of Road Transport and Highways (MoRTH),State PWD (Highways),Tamil Nadu,EPC,Plains,143.74,143.74,85.77,61.23,59.67,2019-07-19,2021-04-18,2021-06-01,2020-09-06,2021-05-24,151.27,1.2,0,5.24,0
PRJ-SYN-0132,SNAP-PRJ-SYN-0132-Q3,Tamil Nadu Economic Corridor Pkg 65,Highways,Ministry of Road Transport and Highways (MoRTH),State PWD (Highways),Tamil Nadu,EPC,Plains,143.74,143.74,122.78,82.44,85.42,2019-07-19,2021-04-18,2021-04-18,2020-12-11,2021-05-24,151.27,1.2,0,5.24,0
PRJ-SYN-0133,SNAP-PRJ-SYN-0133-Q1,Maharashtra Ring Metro Transit System Pkg 38,Metro Rail,Ministry of Housing and Urban Affairs (MoHUA),Mumbai Metropolitan Region Development Authority (MMRDA),Maharashtra,EPC,Plains,4022.29,4022.29,1096.07,23.15,27.25,2019-02-17,2025-05-18,2025-05-18,2020-05-18,2025-05-18,4057.69,0.0,0,0.88,0
PRJ-SYN-0133,SNAP-PRJ-SYN-0133-Q2,Maharashtra Ring Metro Transit System Pkg 38,Metro Rail,Ministry of Housing and Urban Affairs (MoHUA),Mumbai Metropolitan Region Development Authority (MMRDA),Maharashtra,EPC,Plains,4022.29,4022.29,1575.93,33.6,39.18,2019-02-17,2025-05-18,2025-05-18,2021-04-25,2025-05-18,4057.69,0.0,0,0.88,0
PRJ-SYN-0133,SNAP-PRJ-SYN-0133-Q3,Maharashtra Ring Metro Transit System Pkg 38,Metro Rail,Ministry of Housing and Urban Affairs (MoHUA),Mumbai Metropolitan Region Development Authority (MMRDA),Maharashtra,EPC,Plains,4022.29,4125.7,2970.92,67.12,72.01,2019-02-17,2025-05-18,2025-05-18,2023-03-11,2025-05-18,4057.69,0.0,0,0.88,0
PRJ-SYN-0133,SNAP-PRJ-SYN-0133-Q4,Maharashtra Ring Metro Transit System Pkg 38,Metro Rail,Ministry of Housing and Urban Affairs (MoHUA),Mumbai Metropolitan Region Development Authority (MMRDA),Maharashtra,EPC,Plains,4022.29,4022.29,3280.58,80.03,81.56,2019-02-17,2025-05-18,2025-05-18,2024-02-17,2025-05-18,4057.69,0.0,0,0.88,0
PRJ-SYN-0134,SNAP-PRJ-SYN-0134-Q1,Himachal Pradesh Ring Metro Transit System Pkg 40,Metro Rail,Ministry of Housing and Urban Affairs (MoHUA),Mumbai Metropolitan Region Development Authority (MMRDA),Himachal Pradesh,Item Rate,Urban Dense,28468.22,29339.25,9640.88,29.25,32.86,2019-05-07,2025-04-06,2025-07-17,2021-06-01,2026-02-28,33820.25,10.8,1,18.8,1
PRJ-SYN-0134,SNAP-PRJ-SYN-0134-Q2,Himachal Pradesh Ring Metro Transit System Pkg 40,Metro Rail,Ministry of Housing and Urban Affairs (MoHUA),Mumbai Metropolitan Region Development Authority (MMRDA),Himachal Pradesh,Item Rate,Urban Dense,28468.22,31374.44,26219.62,79.15,83.57,2019-05-07,2025-04-06,2025-11-20,2024-01-29,2026-02-28,33820.25,10.8,1,18.8,1
PRJ-SYN-0135,SNAP-PRJ-SYN-0135-Q1,High-Speed Rail Corridor Link 69,Railways,Ministry of Railways (MoR),Dedicated Freight Corridor Corp (DFCCIL),Gujarat,EPC,Plains,803.77,803.77,358.32,43.72,44.58,2022-08-22,2028-05-22,2028-05-22,2025-07-07,2028-05-28,819.2,0.2,0,1.92,0
PRJ-SYN-0135,SNAP-PRJ-SYN-0135-Q2,High-Speed Rail Corridor Link 69,Railways,Ministry of Railways (MoR),Dedicated Freight Corridor Corp (DFCCIL),Gujarat,EPC,Plains,803.77,803.77,583.22,69.24,72.56,2022-08-22,2028-05-22,2028-05-22,2026-05-18,2028-05-28,819.2,0.2,0,1.92,0
PRJ-SYN-0135,SNAP-PRJ-SYN-0135-Q3,High-Speed Rail Corridor Link 69,Railways,Ministry of Railways (MoR),Dedicated Freight Corridor Corp (DFCCIL),Gujarat,EPC,Plains,803.77,803.77,689.07,83.05,85.73,2022-08-22,2028-05-22,2028-08-06,2027-03-29,2028-05-28,819.2,0.2,0,1.92,0
PRJ-SYN-0135,SNAP-PRJ-SYN-0135-Q4,High-Speed Rail Corridor Link 69,Railways,Ministry of Railways (MoR),Dedicated Freight Corridor Corp (DFCCIL),Gujarat,EPC,Plains,803.77,803.77,701.93,89.28,87.33,2022-08-22,2028-05-22,2028-08-13,2027-10-25,2028-05-28,819.2,0.2,0,1.92,0
PRJ-SYN-0136,SNAP-PRJ-SYN-0136-Q1,NH-18 4/6-Laning Bypass & Viaduct,Highways,Ministry of Road Transport and Highways (MoRTH),NHIDCL,Tamil Nadu,Item Rate,Plains,80.13,81.27,11.29,5.0,13.89,2021-11-10,2024-06-10,2024-06-10,2022-05-17,2025-12-22,95.52,18.4,1,19.21,1
PRJ-SYN-0136,SNAP-PRJ-SYN-0136-Q2,NH-18 4/6-Laning Bypass & Viaduct,Highways,Ministry of Road Transport and Highways (MoRTH),NHIDCL,Tamil Nadu,Item Rate,Plains,80.13,80.13,29.24,29.13,36.49,2021-11-10,2024-06-10,2024-06-10,2023-02-24,2025-12-22,95.52,18.4,1,19.21,1
PRJ-SYN-0136,SNAP-PRJ-SYN-0136-Q3,NH-18 4/6-Laning Bypass & Viaduct,Highways,Ministry of Road Transport and Highways (MoRTH),NHIDCL,Tamil Nadu,Item Rate,Plains,80.13,90.05,55.33,56.1,61.44,2021-11-10,2024-06-10,2025-09-14,2023-12-04,2025-12-22,95.52,18.4,1,19.21,1
PRJ-SYN-0137,SNAP-PRJ-SYN-0137-Q1,Andhra Pradesh Port Modernization & Coastal Connectivity,Ports & Shipping,"Ministry of Ports, Shipping and Waterways (MoPSW)",Jawaharlal Nehru Port Trust (JNPT),Andhra Pradesh,EPC,Plains,2640.85,2640.85,662.06,20.17,25.07,2018-06-27,2020-10-26,2020-10-26,2018-12-14,2020-11-28,2644.55,1.1,0,0.14,0
PRJ-SYN-0137,SNAP-PRJ-SYN-0137-Q2,Andhra Pradesh Port Modernization & Coastal Connectivity,Ports & Shipping,"Ministry of Ports, Shipping and Waterways (MoPSW)",Jawaharlal Nehru Port Trust (JNPT),Andhra Pradesh,EPC,Plains,2640.85,2640.85,1678.52,63.18,63.56,2018-06-27,2020-10-26,2020-10-26,2020-01-01,2020-11-28,2644.55,1.1,0,0.14,0
PRJ-SYN-0137,SNAP-PRJ-SYN-0137-Q3,Andhra Pradesh Port Modernization & Coastal Connectivity,Ports & Shipping,"Ministry of Ports, Shipping and Waterways (MoPSW)",Jawaharlal Nehru Port Trust (JNPT),Andhra Pradesh,EPC,Plains,2640.85,2640.85,2551.06,90.63,96.6,2018-06-27,2020-10-26,2020-10-26,2020-08-02,2020-11-28,2644.55,1.1,0,0.14,0
PRJ-SYN-0138,SNAP-PRJ-SYN-0138-Q1,Karnataka Express Highway Corridor Phase IV,Highways,Ministry of Road Transport and Highways (MoRTH),NHIDCL,Karnataka,EPC,Plains,520.99,542.97,126.57,21.95,23.31,2019-06-20,2022-09-19,2022-09-19,2020-02-12,2022-09-19,532.14,0.0,0,2.14,0
PRJ-SYN-0138,SNAP-PRJ-SYN-0138-Q2,Karnataka Express Highway Corridor Phase IV,Highways,Ministry of Road Transport and Highways (MoRTH),NHIDCL,Karnataka,EPC,Plains,520.99,542.17,181.79,31.59,33.53,2019-06-20,2022-09-19,2022-09-19,2020-08-08,2022-09-19,532.14,0.0,0,2.14,0
PRJ-SYN-0138,SNAP-PRJ-SYN-0138-Q3,Karnataka Express Highway Corridor Phase IV,Highways,Ministry of Road Transport and Highways (MoRTH),NHIDCL,Karnataka,EPC,Plains,520.99,520.99,449.82,82.11,86.34,2019-06-20,2022-09-19,2022-12-09,2022-01-24,2022-09-19,532.14,0.0,0,2.14,0
PRJ-SYN-0139,SNAP-PRJ-SYN-0139-Q1,Odisha Metro Line 20 Underground Section,Metro Rail,Ministry of Housing and Urban Affairs (MoHUA),Chennai Metro Rail Ltd (CMRL),Odisha,EPC,Plains,8014.89,8014.89,5451.73,65.65,68.02,2023-03-02,2031-03-02,2031-03-02,2028-05-13,2031-04-22,8242.51,1.7,0,2.84,0
PRJ-SYN-0139,SNAP-PRJ-SYN-0139-Q2,Odisha Metro Line 20 Underground Section,Metro Rail,Ministry of Housing and Urban Affairs (MoHUA),Chennai Metro Rail Ltd (CMRL),Odisha,EPC,Plains,8014.89,8014.89,7534.0,95.59,94.0,2023-03-02,2031-03-02,2031-03-02,2030-05-13,2031-04-22,8242.51,1.7,0,2.84,0
PRJ-SYN-0140,SNAP-PRJ-SYN-0140-Q1,NH-57 4/6-Laning Bypass & Viaduct,Highways,Ministry of Road Transport and Highways (MoRTH),NHIDCL,Uttar Pradesh,EPC,Plains,2438.01,2530.28,461.02,19.53,18.22,2021-07-25,2024-08-24,2024-08-24,2022-03-07,2024-11-08,2472.39,2.5,0,1.41,0
PRJ-SYN-0140,SNAP-PRJ-SYN-0140-Q2,NH-57 4/6-Laning Bypass & Viaduct,Highways,Ministry of Road Transport and Highways (MoRTH),NHIDCL,Uttar Pradesh,EPC,Plains,2438.01,2438.01,2089.37,81.53,85.7,2021-07-25,2024-08-24,2024-08-24,2024-01-11,2024-11-08,2472.39,2.5,0,1.41,0
PRJ-SYN-0140,SNAP-PRJ-SYN-0140-Q3,NH-57 4/6-Laning Bypass & Viaduct,Highways,Ministry of Road Transport and Highways (MoRTH),NHIDCL,Uttar Pradesh,EPC,Plains,2438.01,2438.01,2254.43,93.09,92.47,2021-07-25,2024-08-24,2024-08-24,2024-05-03,2024-11-08,2472.39,2.5,0,1.41,0
PRJ-SYN-0141,SNAP-PRJ-SYN-0141-Q1,Gujarat Economic Corridor Pkg 52,Highways,Ministry of Road Transport and Highways (MoRTH),State PWD (Highways),Gujarat,EPC,Hilly/Mountainous,1362.24,1362.24,290.97,18.48,21.36,2022-11-13,2025-03-14,2025-05-28,2023-09-07,2026-01-15,1742.71,10.1,1,27.93,1
PRJ-SYN-0141,SNAP-PRJ-SYN-0141-Q2,Gujarat Economic Corridor Pkg 52,Highways,Ministry of Road Transport and Highways (MoRTH),State PWD (Highways),Gujarat,EPC,Hilly/Mountainous,1362.24,1465.1,580.62,37.32,39.63,2022-11-13,2025-03-14,2025-03-14,2024-01-13,2026-01-15,1742.71,10.1,1,27.93,1
PRJ-SYN-0141,SNAP-PRJ-SYN-0141-Q3,Gujarat Economic Corridor Pkg 52,Highways,Ministry of Road Transport and Highways (MoRTH),State PWD (Highways),Gujarat,EPC,Hilly/Mountainous,1362.24,1593.08,1099.38,66.62,69.01,2022-11-13,2025-03-14,2025-03-14,2024-09-24,2026-01-15,1742.71,10.1,1,27.93,1
PRJ-SYN-0142,SNAP-PRJ-SYN-0142-Q1,Deep Draft Container Terminal Berth 54,Ports & Shipping,"Ministry of Ports, Shipping and Waterways (MoPSW)",Syama Prasad Mookerjee Port,Karnataka,BOT,Coastal,283.77,283.77,56.13,21.93,19.78,2023-12-22,2026-02-20,2026-02-20,2024-05-28,2026-03-07,291.52,0.5,0,2.73,0
PRJ-SYN-0142,SNAP-PRJ-SYN-0142-Q2,Deep Draft Container Terminal Berth 54,Ports & Shipping,"Ministry of Ports, Shipping and Waterways (MoPSW)",Syama Prasad Mookerjee Port,Karnataka,BOT,Coastal,283.77,283.77,119.16,37.27,41.99,2023-12-22,2026-02-20,2026-02-20,2024-09-23,2026-03-07,291.52,0.5,0,2.73,0
PRJ-SYN-0142,SNAP-PRJ-SYN-0142-Q3,Deep Draft Container Terminal Berth 54,Ports & Shipping,"Ministry of Ports, Shipping and Waterways (MoPSW)",Syama Prasad Mookerjee Port,Karnataka,BOT,Coastal,283.77,283.77,224.75,81.84,79.2,2023-12-22,2026-02-20,2026-03-24,2025-09-15,2026-03-07,291.52,0.5,0,2.73,0
PRJ-SYN-0143,SNAP-PRJ-SYN-0143-Q1,Border Road Strategic Connectivity Link 26,Highways,Ministry of Road Transport and Highways (MoRTH),NHIDCL,Assam,HAM,Plains,304.55,304.55,38.46,5.0,12.63,2023-12-22,2027-01-21,2027-01-21,2024-08-03,2028-12-24,361.26,23.1,1,18.62,1
PRJ-SYN-0143,SNAP-PRJ-SYN-0143-Q2,Border Road Strategic Connectivity Link 26,Highways,Ministry of Road Transport and Highways (MoRTH),NHIDCL,Assam,HAM,Plains,304.55,328.11,118.68,28.3,36.17,2023-12-22,2027-01-21,2027-01-21,2025-07-07,2028-12-24,361.26,23.1,1,18.62,1
PRJ-SYN-0143,SNAP-PRJ-SYN-0143-Q3,Border Road Strategic Connectivity Link 26,Highways,Ministry of Road Transport and Highways (MoRTH),NHIDCL,Assam,HAM,Plains,304.55,333.67,170.91,45.33,51.22,2023-12-22,2027-01-21,2027-01-21,2025-12-23,2028-12-24,361.26,23.1,1,18.62,1
PRJ-SYN-0143,SNAP-PRJ-SYN-0143-Q4,Border Road Strategic Connectivity Link 26,Highways,Ministry of Road Transport and Highways (MoRTH),NHIDCL,Assam,HAM,Plains,304.55,349.13,261.29,63.55,74.84,2023-12-22,2027-01-21,2029-01-01,2026-09-30,2028-12-24,361.26,23.1,1,18.62,1
PRJ-SYN-0144,SNAP-PRJ-SYN-0144-Q1,Underground Sewerage System & 100 MLD STP,Urban Water & Sanitation,Ministry of Housing and Urban Affairs (MoHUA),Karnataka Urban Infra Dev (KUIDFC),Madhya Pradesh,Item Rate,Hilly/Mountainous,316.0,316.0,92.15,25.89,29.16,2021-04-08,2023-03-09,2023-03-09,2021-08-26,2023-04-20,342.61,1.4,0,8.42,0
PRJ-SYN-0144,SNAP-PRJ-SYN-0144-Q2,Underground Sewerage System & 100 MLD STP,Urban Water & Sanitation,Ministry of Housing and Urban Affairs (MoHUA),Karnataka Urban Infra Dev (KUIDFC),Madhya Pradesh,Item Rate,Hilly/Mountainous,316.0,316.0,105.61,35.01,33.42,2021-04-08,2023-03-09,2023-03-09,2021-12-09,2023-04-20,342.61,1.4,0,8.42,0
PRJ-SYN-0145,SNAP-PRJ-SYN-0145-Q1,Bihar Express Highway Corridor Phase I,Highways,Ministry of Road Transport and Highways (MoRTH),NHIDCL,Bihar,EPC,Hilly/Mountainous,664.06,714.04,118.6,5.0,16.61,2022-03-20,2024-10-18,2025-04-23,2023-02-13,2027-04-13,906.77,29.8,1,36.55,1
PRJ-SYN-0145,SNAP-PRJ-SYN-0145-Q2,Bihar Express Highway Corridor Phase I,Highways,Ministry of Road Transport and Highways (MoRTH),NHIDCL,Bihar,EPC,Hilly/Mountainous,664.06,853.82,432.63,42.94,50.67,2022-03-20,2024-10-18,2026-08-05,2024-04-12,2027-04-13,906.77,29.8,1,36.55,1
PRJ-SYN-0145,SNAP-PRJ-SYN-0145-Q3,Bihar Express Highway Corridor Phase I,Highways,Ministry of Road Transport and Highways (MoRTH),NHIDCL,Bihar,EPC,Hilly/Mountainous,664.06,817.74,429.07,50.15,52.47,2022-03-20,2024-10-18,2027-03-08,2024-07-16,2027-04-13,906.77,29.8,1,36.55,1
PRJ-SYN-0146,SNAP-PRJ-SYN-0146-Q1,Liquid Cargo Jetty & Breakwater Expansion,Ports & Shipping,"Ministry of Ports, Shipping and Waterways (MoPSW)",Deendayal Port Authority,Madhya Pradesh,EPC,Urban Dense,879.48,919.84,630.73,62.59,68.57,2020-11-24,2023-11-24,2023-11-24,2022-11-06,2024-01-26,927.06,2.1,0,5.41,0
PRJ-SYN-0146,SNAP-PRJ-SYN-0146-Q2,Liquid Cargo Jetty & Breakwater Expansion,Ports & Shipping,"Ministry of Ports, Shipping and Waterways (MoPSW)",Deendayal Port Authority,Madhya Pradesh,EPC,Urban Dense,879.48,900.07,760.83,79.9,84.53,2020-11-24,2023-11-24,2024-03-07,2023-04-19,2024-01-26,927.06,2.1,0,5.41,0
PRJ-SYN-0147,SNAP-PRJ-SYN-0147-Q1,Jammu & Kashmir Pumped Storage Hydro Project Phase IV,Power & Renewable Energy,Ministry of Power / MNRE,Solar Energy Corporation of India (SECI),Jammu & Kashmir,BOT,Plains,1971.46,2067.91,596.8,30.35,28.86,2019-05-26,2024-08-24,2024-08-24,2021-03-27,2024-09-20,2005.96,0.9,0,1.75,0
PRJ-SYN-0147,SNAP-PRJ-SYN-0147-Q2,Jammu & Kashmir Pumped Storage Hydro Project Phase IV,Power & Renewable Energy,Ministry of Power / MNRE,Solar Energy Corporation of India (SECI),Jammu & Kashmir,BOT,Plains,1971.46,1971.46,972.32,49.81,49.32,2019-05-26,2024-08-24,2024-08-24,2022-01-08,2024-09-20,2005.96,0.9,0,1.75,0
PRJ-SYN-0147,SNAP-PRJ-SYN-0147-Q3,Jammu & Kashmir Pumped Storage Hydro Project Phase IV,Power & Renewable Energy,Ministry of Power / MNRE,Solar Energy Corporation of India (SECI),Jammu & Kashmir,BOT,Plains,1971.46,1971.46,1303.73,66.44,66.13,2019-05-26,2024-08-24,2024-10-12,2022-10-23,2024-09-20,2005.96,0.9,0,1.75,0
PRJ-SYN-0148,SNAP-PRJ-SYN-0148-Q1,Madhya Pradesh Economic Corridor Pkg 74,Highways,Ministry of Road Transport and Highways (MoRTH),NHIDCL,Madhya Pradesh,EPC,Plains,638.13,638.13,199.86,29.25,31.32,2021-03-27,2024-04-26,2024-07-09,2022-04-25,2024-06-16,663.66,1.7,0,4.0,0
PRJ-SYN-0148,SNAP-PRJ-SYN-0148-Q2,Madhya Pradesh Economic Corridor Pkg 74,Highways,Ministry of Road Transport and Highways (MoRTH),NHIDCL,Madhya Pradesh,EPC,Plains,638.13,660.44,535.62,79.55,81.1,2021-03-27,2024-04-26,2024-04-26,2023-09-13,2024-06-16,663.66,1.7,0,4.0,0
PRJ-SYN-0149,SNAP-PRJ-SYN-0149-Q1,Maharashtra Rail Doubling & Third Line Section,Railways,Ministry of Railways (MoR),IRCON International,Maharashtra,EPC,Plains,490.56,490.56,138.09,23.39,28.15,2018-12-28,2024-03-28,2024-03-28,2020-01-15,2024-03-28,498.95,0.0,0,1.71,0
PRJ-SYN-0149,SNAP-PRJ-SYN-0149-Q2,Maharashtra Rail Doubling & Third Line Section,Railways,Ministry of Railways (MoR),IRCON International,Maharashtra,EPC,Plains,490.56,490.56,277.71,52.05,56.61,2018-12-28,2024-03-28,2024-03-28,2021-08-12,2024-03-28,498.95,0.0,0,1.71,0
PRJ-SYN-0149,SNAP-PRJ-SYN-0149-Q3,Maharashtra Rail Doubling & Third Line Section,Railways,Ministry of Railways (MoR),IRCON International,Maharashtra,EPC,Plains,490.56,490.56,308.32,61.45,62.85,2018-12-28,2024-03-28,2024-03-28,2022-05-27,2024-03-28,498.95,0.0,0,1.71,0
PRJ-SYN-0149,SNAP-PRJ-SYN-0149-Q4,Maharashtra Rail Doubling & Third Line Section,Railways,Ministry of Railways (MoR),IRCON International,Maharashtra,EPC,Plains,490.56,490.56,440.77,88.5,89.85,2018-12-28,2024-03-28,2024-03-28,2023-09-18,2024-03-28,498.95,0.0,0,1.71,0
PRJ-SYN-0150,SNAP-PRJ-SYN-0150-Q1,765kV High Voltage Transmission Substation,Power & Renewable Energy,Ministry of Power / MNRE,Solar Energy Corporation of India (SECI),Tamil Nadu,EPC,Plains,881.98,881.98,202.86,20.79,23.0,2019-08-12,2021-12-11,2021-12-11,2020-01-29,2022-01-31,935.34,1.7,0,6.05,0
PRJ-SYN-0150,SNAP-PRJ-SYN-0150-Q2,765kV High Voltage Transmission Substation,Power & Renewable Energy,Ministry of Power / MNRE,Solar Energy Corporation of India (SECI),Tamil Nadu,EPC,Plains,881.98,881.98,531.83,61.23,60.3,2019-08-12,2021-12-11,2021-12-11,2021-02-15,2022-01-31,935.34,1.7,0,6.05,0
PRJ-SYN-0151,SNAP-PRJ-SYN-0151-Q1,Uttar Pradesh Ring Metro Transit System Pkg 40,Metro Rail,Ministry of Housing and Urban Affairs (MoHUA),Chennai Metro Rail Ltd (CMRL),Uttar Pradesh,HAM,Plains,1467.55,1467.55,159.23,10.48,10.85,2018-06-08,2024-03-08,2024-04-09,2019-08-02,2025-01-27,1542.25,10.7,1,5.09,0
PRJ-SYN-0151,SNAP-PRJ-SYN-0151-Q2,Uttar Pradesh Ring Metro Transit System Pkg 40,Metro Rail,Ministry of Housing and Urban Affairs (MoHUA),Chennai Metro Rail Ltd (CMRL),Uttar Pradesh,HAM,Plains,1467.55,1467.55,681.97,44.46,46.47,2018-06-08,2024-03-08,2024-03-08,2021-04-23,2025-01-27,1542.25,10.7,1,5.09,0
PRJ-SYN-0152,SNAP-PRJ-SYN-0152-Q1,Madhya Pradesh Economic Corridor Pkg 27,Highways,Ministry of Road Transport and Highways (MoRTH),State PWD (Highways),Madhya Pradesh,EPC,Plains,648.99,648.99,444.82,65.89,68.54,2020-08-23,2022-07-24,2022-09-27,2021-11-21,2022-09-22,648.99,2.0,0,0.0,0
PRJ-SYN-0152,SNAP-PRJ-SYN-0152-Q2,Madhya Pradesh Economic Corridor Pkg 27,Highways,Ministry of Road Transport and Highways (MoRTH),State PWD (Highways),Madhya Pradesh,EPC,Plains,648.99,668.1,609.91,91.13,91.29,2020-08-23,2022-07-24,2022-07-24,2022-05-15,2022-09-22,648.99,2.0,0,0.0,0
PRJ-SYN-0153,SNAP-PRJ-SYN-0153-Q1,Gujarat Express Highway Corridor Phase I,Highways,Ministry of Road Transport and Highways (MoRTH),NHIDCL,Gujarat,EPC,Plains,843.35,843.35,174.91,19.87,20.74,2019-03-18,2021-10-16,2021-10-16,2019-09-22,2021-12-31,867.47,2.5,0,2.86,0
PRJ-SYN-0153,SNAP-PRJ-SYN-0153-Q2,Gujarat Express Highway Corridor Phase I,Highways,Ministry of Road Transport and Highways (MoRTH),NHIDCL,Gujarat,EPC,Plains,843.35,843.35,550.62,61.36,65.29,2019-03-18,2021-10-16,2021-10-16,2020-11-20,2021-12-31,867.47,2.5,0,2.86,0
PRJ-SYN-0153,SNAP-PRJ-SYN-0153-Q3,Gujarat Express Highway Corridor Phase I,Highways,Ministry of Road Transport and Highways (MoRTH),NHIDCL,Gujarat,EPC,Plains,843.35,843.35,672.99,78.2,79.8,2019-03-18,2021-10-16,2021-10-16,2021-04-10,2021-12-31,867.47,2.5,0,2.86,0
PRJ-SYN-0153,SNAP-PRJ-SYN-0153-Q4,Gujarat Express Highway Corridor Phase I,Highways,Ministry of Road Transport and Highways (MoRTH),NHIDCL,Gujarat,EPC,Plains,843.35,843.35,744.34,86.67,88.26,2019-03-18,2021-10-16,2021-11-18,2021-07-14,2021-12-31,867.47,2.5,0,2.86,0
PRJ-SYN-0154,SNAP-PRJ-SYN-0154-Q1,High-Speed Rail Corridor Link 25,Railways,Ministry of Railways (MoR),IRCON International,Tamil Nadu,Item Rate,Plains,1719.75,1749.14,152.7,5.0,8.73,2019-07-21,2023-01-19,2023-03-17,2020-04-01,2024-02-06,1993.88,12.6,1,15.94,1
PRJ-SYN-0154,SNAP-PRJ-SYN-0154-Q2,High-Speed Rail Corridor Link 25,Railways,Ministry of Railways (MoR),IRCON International,Tamil Nadu,Item Rate,Plains,1719.75,1719.75,490.13,25.25,28.5,2019-07-21,2023-01-19,2023-05-06,2020-10-10,2024-02-06,1993.88,12.6,1,15.94,1
PRJ-SYN-0154,SNAP-PRJ-SYN-0154-Q3,High-Speed Rail Corridor Link 25,Railways,Ministry of Railways (MoR),IRCON International,Tamil Nadu,Item Rate,Plains,1719.75,1825.88,1115.61,55.23,61.1,2019-07-21,2023-01-19,2023-01-19,2021-10-28,2024-02-06,1993.88,12.6,1,15.94,1
PRJ-SYN-0154,SNAP-PRJ-SYN-0154-Q4,High-Speed Rail Corridor Link 25,Railways,Ministry of Railways (MoR),IRCON International,Tamil Nadu,Item Rate,Plains,1719.75,1878.96,1420.31,68.34,75.59,2019-07-21,2023-01-19,2023-08-02,2022-05-08,2024-02-06,1993.88,12.6,1,15.94,1
PRJ-SYN-0155,SNAP-PRJ-SYN-0155-Q1,Madhya Pradesh River Basin Pollution Abatement Pkg 28,Urban Water & Sanitation,Ministry of Housing and Urban Affairs (MoHUA),NBCC (India) Limited,Madhya Pradesh,BOT,Plains,1609.35,1609.35,571.16,35.99,35.49,2021-01-20,2023-05-22,2023-05-22,2021-11-14,2023-08-12,1731.66,2.7,0,7.6,0
PRJ-SYN-0155,SNAP-PRJ-SYN-0155-Q2,Madhya Pradesh River Basin Pollution Abatement Pkg 28,Urban Water & Sanitation,Ministry of Housing and Urban Affairs (MoHUA),NBCC (India) Limited,Madhya Pradesh,BOT,Plains,1609.35,1609.35,1025.0,66.6,63.69,2021-01-20,2023-05-22,2023-05-22,2022-07-27,2023-08-12,1731.66,2.7,0,7.6,0
PRJ-SYN-0155,SNAP-PRJ-SYN-0155-Q3,Madhya Pradesh River Basin Pollution Abatement Pkg 28,Urban Water & Sanitation,Ministry of Housing and Urban Affairs (MoHUA),NBCC (India) Limited,Madhya Pradesh,BOT,Plains,1609.35,1609.35,1198.16,76.74,74.45,2021-01-20,2023-05-22,2023-05-22,2022-12-02,2023-08-12,1731.66,2.7,0,7.6,0
PRJ-SYN-0156,SNAP-PRJ-SYN-0156-Q1,Himachal Pradesh Express Highway Corridor Phase III,Highways,Ministry of Road Transport and Highways (MoRTH),National Highways Authority of India (NHAI),Himachal Pradesh,BOT,Plains,283.88,283.88,63.62,20.9,22.41,2022-09-26,2025-05-27,2025-05-27,2023-04-08,2025-05-27,309.77,0.0,0,9.12,0
PRJ-SYN-0156,SNAP-PRJ-SYN-0156-Q2,Himachal Pradesh Express Highway Corridor Phase III,Highways,Ministry of Road Transport and Highways (MoRTH),National Highways Authority of India (NHAI),Himachal Pradesh,BOT,Plains,283.88,283.88,120.37,38.62,42.4,2022-09-26,2025-05-27,2025-05-27,2023-09-01,2025-05-27,309.77,0.0,0,9.12,0
PRJ-SYN-0156,SNAP-PRJ-SYN-0156-Q3,Himachal Pradesh Express Highway Corridor Phase III,Highways,Ministry of Road Transport and Highways (MoRTH),National Highways Authority of India (NHAI),Himachal Pradesh,BOT,Plains,283.88,283.88,203.51,67.33,71.69,2022-09-26,2025-05-27,2025-06-26,2024-06-20,2025-05-27,309.77,0.0,0,9.12,0
PRJ-SYN-0156,SNAP-PRJ-SYN-0156-Q4,Himachal Pradesh Express Highway Corridor Phase III,Highways,Ministry of Road Transport and Highways (MoRTH),National Highways Authority of India (NHAI),Himachal Pradesh,BOT,Plains,283.88,283.88,234.51,81.91,82.61,2022-09-26,2025-05-27,2025-05-27,2024-11-13,2025-05-27,309.77,0.0,0,9.12,0
PRJ-SYN-0157,SNAP-PRJ-SYN-0157-Q1,Liquid Cargo Jetty & Breakwater Expansion,Ports & Shipping,"Ministry of Ports, Shipping and Waterways (MoPSW)",Jawaharlal Nehru Port Trust (JNPT),Kerala,EPC,Hilly/Mountainous,405.88,405.88,41.4,7.0,10.2,2023-01-12,2025-04-12,2025-08-12,2023-10-26,2026-10-08,525.78,17.9,1,29.54,1
PRJ-SYN-0157,SNAP-PRJ-SYN-0157-Q2,Liquid Cargo Jetty & Breakwater Expansion,Ports & Shipping,"Ministry of Ports, Shipping and Waterways (MoPSW)",Jawaharlal Nehru Port Trust (JNPT),Kerala,EPC,Hilly/Mountainous,405.88,440.67,113.25,17.74,25.7,2023-01-12,2025-04-12,2025-11-16,2024-02-26,2026-10-08,525.78,17.9,1,29.54,1
PRJ-SYN-0158,SNAP-PRJ-SYN-0158-Q1,Liquid Cargo Jetty & Breakwater Expansion,Ports & Shipping,"Ministry of Ports, Shipping and Waterways (MoPSW)",Jawaharlal Nehru Port Trust (JNPT),Karnataka,HAM,Hilly/Mountainous,939.26,939.26,370.26,38.82,39.42,2020-09-11,2022-09-11,2022-12-13,2021-05-24,2022-10-29,1007.73,1.6,0,7.29,0
PRJ-SYN-0158,SNAP-PRJ-SYN-0158-Q2,Liquid Cargo Jetty & Breakwater Expansion,Ports & Shipping,"Ministry of Ports, Shipping and Waterways (MoPSW)",Jawaharlal Nehru Port Trust (JNPT),Karnataka,HAM,Hilly/Mountainous,939.26,939.26,486.72,49.63,51.82,2020-09-11,2022-09-11,2022-12-25,2021-09-11,2022-10-29,1007.73,1.6,0,7.29,0
PRJ-SYN-0158,SNAP-PRJ-SYN-0158-Q3,Liquid Cargo Jetty & Breakwater Expansion,Ports & Shipping,"Ministry of Ports, Shipping and Waterways (MoPSW)",Jawaharlal Nehru Port Trust (JNPT),Karnataka,HAM,Hilly/Mountainous,939.26,971.0,623.48,65.28,64.21,2020-09-11,2022-09-11,2022-09-11,2021-12-29,2022-10-29,1007.73,1.6,0,7.29,0
PRJ-SYN-0158,SNAP-PRJ-SYN-0158-Q4,Liquid Cargo Jetty & Breakwater Expansion,Ports & Shipping,"Ministry of Ports, Shipping and Waterways (MoPSW)",Jawaharlal Nehru Port Trust (JNPT),Karnataka,HAM,Hilly/Mountainous,939.26,955.13,783.3,80.22,82.01,2020-09-11,2022-09-11,2022-09-11,2022-04-18,2022-10-29,1007.73,1.6,0,7.29,0
PRJ-SYN-0159,SNAP-PRJ-SYN-0159-Q1,NH-68 4/6-Laning Bypass & Viaduct,Highways,Ministry of Road Transport and Highways (MoRTH),National Highways Authority of India (NHAI),Haryana,Item Rate,Coastal,741.75,753.6,104.9,5.0,13.92,2020-04-02,2022-03-03,2022-03-03,2020-08-20,2023-08-11,884.39,17.3,1,19.23,1
PRJ-SYN-0159,SNAP-PRJ-SYN-0159-Q2,NH-68 4/6-Laning Bypass & Viaduct,Highways,Ministry of Road Transport and Highways (MoRTH),National Highways Authority of India (NHAI),Haryana,Item Rate,Coastal,741.75,741.75,199.98,21.37,26.96,2020-04-02,2022-03-03,2022-03-03,2021-03-18,2023-08-11,884.39,17.3,1,19.23,1
PRJ-SYN-0160,SNAP-PRJ-SYN-0160-Q1,Karnataka Station Redevelopment & Quadrupling,Railways,Ministry of Railways (MoR),IRCON International,Karnataka,EPC,Urban Dense,329.63,329.63,49.71,5.0,15.08,2023-04-10,2025-11-08,2025-12-10,2023-10-15,2026-07-18,376.87,8.3,1,14.33,1
PRJ-SYN-0160,SNAP-PRJ-SYN-0160-Q2,Karnataka Station Redevelopment & Quadrupling,Railways,Ministry of Railways (MoR),IRCON International,Karnataka,EPC,Urban Dense,329.63,329.63,144.08,40.52,43.71,2023-04-10,2025-11-08,2025-11-08,2024-07-24,2026-07-18,376.87,8.3,1,14.33,1
PRJ-SYN-0160,SNAP-PRJ-SYN-0160-Q3,Karnataka Station Redevelopment & Quadrupling,Railways,Ministry of Railways (MoR),IRCON International,Karnataka,EPC,Urban Dense,329.63,360.4,274.08,68.73,76.05,2023-04-10,2025-11-08,2026-03-29,2025-05-03,2026-07-18,376.87,8.3,1,14.33,1
PRJ-SYN-0161,SNAP-PRJ-SYN-0161-Q1,Telangana Metro Corridor Elevated Extension Phase IV,Metro Rail,Ministry of Housing and Urban Affairs (MoHUA),Delhi Metro Rail Corp (DMRC),Telangana,HAM,Hilly/Mountainous,3181.79,3536.78,1736.91,41.6,49.11,2021-06-06,2028-03-06,2028-03-06,2024-10-20,2029-06-26,4088.28,15.7,1,28.49,1
PRJ-SYN-0161,SNAP-PRJ-SYN-0161-Q2,Telangana Metro Corridor Elevated Extension Phase IV,Metro Rail,Ministry of Housing and Urban Affairs (MoHUA),Delhi Metro Rail Corp (DMRC),Telangana,HAM,Hilly/Mountainous,3181.79,3579.61,2272.34,55.36,63.48,2021-06-06,2028-03-06,2028-10-27,2025-10-25,2029-06-26,4088.28,15.7,1,28.49,1
PRJ-SYN-0161,SNAP-PRJ-SYN-0161-Q3,Telangana Metro Corridor Elevated Extension Phase IV,Metro Rail,Ministry of Housing and Urban Affairs (MoHUA),Delhi Metro Rail Corp (DMRC),Telangana,HAM,Hilly/Mountainous,3181.79,3852.98,3700.02,87.45,96.03,2021-06-06,2028-03-06,2029-01-06,2027-07-03,2029-06-26,4088.28,15.7,1,28.49,1
PRJ-SYN-0162,SNAP-PRJ-SYN-0162-Q1,Maharashtra Ultra Mega Solar Power Park 20 MW,Power & Renewable Energy,Ministry of Power / MNRE,Solar Energy Corporation of India (SECI),Maharashtra,EPC,Plains,646.61,646.61,158.68,20.96,24.54,2022-03-18,2026-02-15,2026-02-15,2022-12-29,2026-02-15,655.66,0.0,0,1.4,0
PRJ-SYN-0162,SNAP-PRJ-SYN-0162-Q2,Maharashtra Ultra Mega Solar Power Park 20 MW,Power & Renewable Energy,Ministry of Power / MNRE,Solar Energy Corporation of India (SECI),Maharashtra,EPC,Plains,646.61,646.61,344.97,50.68,53.35,2022-03-18,2026-02-15,2026-02-15,2024-03-02,2026-02-15,655.66,0.0,0,1.4,0
PRJ-SYN-0162,SNAP-PRJ-SYN-0162-Q3,Maharashtra Ultra Mega Solar Power Park 20 MW,Power & Renewable Energy,Ministry of Power / MNRE,Solar Energy Corporation of India (SECI),Maharashtra,EPC,Plains,646.61,646.61,542.25,82.08,83.86,2022-03-18,2026-02-15,2026-02-15,2025-05-05,2026-02-15,655.66,0.0,0,1.4,0
PRJ-SYN-0163,SNAP-PRJ-SYN-0163-Q1,Himachal Pradesh Ring Metro Transit System Pkg 49,Metro Rail,Ministry of Housing and Urban Affairs (MoHUA),Mumbai Metropolitan Region Development Authority (MMRDA),Himachal Pradesh,EPC,Urban Dense,12094.81,13544.71,8396.37,54.85,61.99,2022-12-14,2030-11-13,2031-08-28,2028-02-05,2032-11-03,14946.77,23.7,1,23.58,1
PRJ-SYN-0163,SNAP-PRJ-SYN-0163-Q2,Himachal Pradesh Ring Metro Transit System Pkg 49,Metro Rail,Ministry of Housing and Urban Affairs (MoHUA),Mumbai Metropolitan Region Development Authority (MMRDA),Himachal Pradesh,EPC,Urban Dense,12094.81,14780.42,13065.89,83.68,88.4,2022-12-14,2030-11-13,2030-11-13,2030-01-28,2032-11-03,14946.77,23.7,1,23.58,1
PRJ-SYN-0164,SNAP-PRJ-SYN-0164-Q1,Bihar Station Redevelopment & Quadrupling,Railways,Ministry of Railways (MoR),IRCON International,Bihar,EPC,Hilly/Mountainous,7953.26,7953.26,1432.38,14.81,18.01,2020-11-26,2027-08-27,2027-11-12,2022-04-03,2029-03-06,9125.57,18.3,1,14.74,1
PRJ-SYN-0164,SNAP-PRJ-SYN-0164-Q2,Bihar Station Redevelopment & Quadrupling,Railways,Ministry of Railways (MoR),IRCON International,Bihar,EPC,Hilly/Mountainous,7953.26,8542.43,5421.03,59.23,63.46,2020-11-26,2027-08-27,2028-04-25,2025-04-16,2029-03-06,9125.57,18.3,1,14.74,1
PRJ-SYN-0165,SNAP-PRJ-SYN-0165-Q1,NH-28 4/6-Laning Bypass & Viaduct,Highways,Ministry of Road Transport and Highways (MoRTH),NHIDCL,Tamil Nadu,HAM,Urban Dense,753.82,753.82,55.93,5.18,7.42,2023-08-02,2026-12-31,2026-12-31,2024-04-07,2028-02-20,922.68,13.7,1,22.4,1
PRJ-SYN-0165,SNAP-PRJ-SYN-0165-Q2,NH-28 4/6-Laning Bypass & Viaduct,Highways,Ministry of Road Transport and Highways (MoRTH),NHIDCL,Tamil Nadu,HAM,Urban Dense,753.82,794.49,183.92,19.8,23.15,2023-08-02,2026-12-31,2026-12-31,2024-10-11,2028-02-20,922.68,13.7,1,22.4,1
PRJ-SYN-0166,SNAP-PRJ-SYN-0166-Q1,Freight Corridor Feeder Line 82,Railways,Ministry of Railways (MoR),IRCON International,Maharashtra,EPC,Hilly/Mountainous,1218.48,1218.48,633.98,49.73,52.03,2022-03-22,2025-06-21,2025-06-21,2023-11-05,2025-07-24,1275.63,1.1,0,4.69,0
PRJ-SYN-0166,SNAP-PRJ-SYN-0166-Q2,Freight Corridor Feeder Line 82,Railways,Ministry of Railways (MoR),IRCON International,Maharashtra,EPC,Hilly/Mountainous,1218.48,1218.48,813.82,64.89,66.79,2022-03-22,2025-06-21,2025-06-21,2024-05-01,2025-07-24,1275.63,1.1,0,4.69,0
PRJ-SYN-0166,SNAP-PRJ-SYN-0166-Q3,Freight Corridor Feeder Line 82,Railways,Ministry of Railways (MoR),IRCON International,Maharashtra,EPC,Hilly/Mountainous,1218.48,1218.48,1118.44,91.42,91.79,2022-03-22,2025-06-21,2025-08-22,2025-02-22,2025-07-24,1275.63,1.1,0,4.69,0
PRJ-SYN-0167,SNAP-PRJ-SYN-0167-Q1,Assam Pumped Storage Hydro Project Phase II,Power & Renewable Energy,Ministry of Power / MNRE,NTPC Limited,Assam,EPC,Plains,1066.89,1066.89,169.85,18.17,15.92,2021-06-21,2025-05-21,2025-05-21,2022-04-03,2025-05-21,1110.53,0.0,0,4.09,0
PRJ-SYN-0167,SNAP-PRJ-SYN-0167-Q2,Assam Pumped Storage Hydro Project Phase II,Power & Renewable Energy,Ministry of Power / MNRE,NTPC Limited,Assam,EPC,Plains,1066.89,1066.89,383.55,34.97,35.95,2021-06-21,2025-05-21,2025-05-21,2022-11-03,2025-05-21,1110.53,0.0,0,4.09,0
PRJ-SYN-0167,SNAP-PRJ-SYN-0167-Q3,Assam Pumped Storage Hydro Project Phase II,Power & Renewable Energy,Ministry of Power / MNRE,NTPC Limited,Assam,EPC,Plains,1066.89,1066.89,851.38,78.03,79.8,2021-06-21,2025-05-21,2025-05-21,2024-08-08,2025-05-21,1110.53,0.0,0,4.09,0
PRJ-SYN-0168,SNAP-PRJ-SYN-0168-Q1,765kV High Voltage Transmission Substation,Power & Renewable Energy,Ministry of Power / MNRE,Power Grid Corporation (PGCIL),Odisha,EPC,Plains,674.92,674.92,259.44,39.7,38.44,2020-05-23,2022-10-22,2022-10-22,2021-03-27,2022-10-22,690.31,0.0,0,2.28,0
PRJ-SYN-0168,SNAP-PRJ-SYN-0168-Q2,765kV High Voltage Transmission Substation,Power & Renewable Energy,Ministry of Power / MNRE,Power Grid Corporation (PGCIL),Odisha,EPC,Plains,674.92,674.92,353.59,47.42,52.39,2020-05-23,2022-10-22,2022-10-22,2021-08-07,2022-10-22,690.31,0.0,0,2.28,0
PRJ-SYN-0168,SNAP-PRJ-SYN-0168-Q3,765kV High Voltage Transmission Substation,Power & Renewable Energy,Ministry of Power / MNRE,Power Grid Corporation (PGCIL),Odisha,EPC,Plains,674.92,674.92,524.75,78.59,77.75,2020-05-23,2022-10-22,2022-10-22,2022-04-29,2022-10-22,690.31,0.0,0,2.28,0
PRJ-SYN-0169,SNAP-PRJ-SYN-0169-Q1,Himachal Pradesh Metro Line 27 Underground Section,Metro Rail,Ministry of Housing and Urban Affairs (MoHUA),Chennai Metro Rail Ltd (CMRL),Himachal Pradesh,EPC,Plains,872.93,872.93,99.25,13.64,11.37,2021-03-23,2024-12-21,2025-01-06,2021-12-21,2025-03-31,900.78,3.3,1,3.19,0
PRJ-SYN-0169,SNAP-PRJ-SYN-0169-Q2,Himachal Pradesh Metro Line 27 Underground Section,Metro Rail,Ministry of Housing and Urban Affairs (MoHUA),Chennai Metro Rail Ltd (CMRL),Himachal Pradesh,EPC,Plains,872.93,872.93,476.1,49.75,54.54,2021-03-23,2024-12-21,2025-01-31,2023-02-05,2025-03-31,900.78,3.3,1,3.19,0
PRJ-SYN-0169,SNAP-PRJ-SYN-0169-Q3,Himachal Pradesh Metro Line 27 Underground Section,Metro Rail,Ministry of Housing and Urban Affairs (MoHUA),Chennai Metro Rail Ltd (CMRL),Himachal Pradesh,EPC,Plains,872.93,872.93,726.8,82.56,83.26,2021-03-23,2024-12-21,2025-03-02,2024-03-22,2025-03-31,900.78,3.3,1,3.19,0
PRJ-SYN-0170,SNAP-PRJ-SYN-0170-Q1,Uttar Pradesh Pumped Storage Hydro Project Phase III,Power & Renewable Energy,Ministry of Power / MNRE,NTPC Limited,Uttar Pradesh,BOT,Hilly/Mountainous,1618.0,1646.99,384.57,13.7,23.35,2023-12-23,2026-12-22,2026-12-31,2024-07-29,2027-03-26,1881.73,3.1,1,16.3,1
PRJ-SYN-0170,SNAP-PRJ-SYN-0170-Q2,Uttar Pradesh Pumped Storage Hydro Project Phase III,Power & Renewable Energy,Ministry of Power / MNRE,NTPC Limited,Uttar Pradesh,BOT,Hilly/Mountainous,1618.0,1618.0,668.4,29.52,41.31,2023-12-23,2026-12-22,2026-12-22,2025-01-09,2027-03-26,1881.73,3.1,1,16.3,1
PRJ-SYN-0170,SNAP-PRJ-SYN-0170-Q3,Uttar Pradesh Pumped Storage Hydro Project Phase III,Power & Renewable Energy,Ministry of Power / MNRE,NTPC Limited,Uttar Pradesh,BOT,Hilly/Mountainous,1618.0,1715.24,995.7,50.11,58.05,2023-12-23,2026-12-22,2027-01-26,2025-06-22,2027-03-26,1881.73,3.1,1,16.3,1
PRJ-SYN-0170,SNAP-PRJ-SYN-0170-Q4,Uttar Pradesh Pumped Storage Hydro Project Phase III,Power & Renewable Energy,Ministry of Power / MNRE,NTPC Limited,Uttar Pradesh,BOT,Hilly/Mountainous,1618.0,1797.89,1578.19,83.02,87.78,2023-12-23,2026-12-22,2027-02-23,2026-09-04,2027-03-26,1881.73,3.1,1,16.3,1
PRJ-SYN-0171,SNAP-PRJ-SYN-0171-Q1,Odisha Metro Line 73 Underground Section,Metro Rail,Ministry of Housing and Urban Affairs (MoHUA),Bangalore Metro Rail Corp (BMRCL),Odisha,EPC,Plains,4835.55,4835.55,1632.97,32.46,33.77,2020-09-19,2025-01-18,2025-01-18,2022-03-26,2025-01-18,4839.9,0.0,0,0.09,0
PRJ-SYN-0171,SNAP-PRJ-SYN-0171-Q2,Odisha Metro Line 73 Underground Section,Metro Rail,Ministry of Housing and Urban Affairs (MoHUA),Bangalore Metro Rail Corp (BMRCL),Odisha,EPC,Plains,4835.55,4899.69,3426.84,68.75,69.94,2020-09-19,2025-01-18,2025-01-18,2023-07-14,2025-01-18,4839.9,0.0,0,0.09,0
PRJ-SYN-0171,SNAP-PRJ-SYN-0171-Q3,Odisha Metro Line 73 Underground Section,Metro Rail,Ministry of Housing and Urban Affairs (MoHUA),Bangalore Metro Rail Corp (BMRCL),Odisha,EPC,Plains,4835.55,4835.55,3920.18,80.23,81.07,2020-09-19,2025-01-18,2025-03-11,2024-03-08,2025-01-18,4839.9,0.0,0,0.09,0
PRJ-SYN-0172,SNAP-PRJ-SYN-0172-Q1,Telangana Metro Line 49 Underground Section,Metro Rail,Ministry of Housing and Urban Affairs (MoHUA),UP Metro Rail Corp (UPMRC),Telangana,EPC,Urban Dense,2771.95,2771.95,859.86,28.61,31.02,2023-12-16,2030-04-16,2030-04-16,2025-03-22,2030-05-22,2820.18,1.2,0,1.74,0
PRJ-SYN-0172,SNAP-PRJ-SYN-0172-Q2,Telangana Metro Line 49 Underground Section,Metro Rail,Ministry of Housing and Urban Affairs (MoHUA),UP Metro Rail Corp (UPMRC),Telangana,EPC,Urban Dense,2771.95,2771.95,1808.14,61.8,65.23,2023-12-16,2030-04-16,2030-04-16,2028-01-27,2030-05-22,2820.18,1.2,0,1.74,0
PRJ-SYN-0172,SNAP-PRJ-SYN-0172-Q3,Telangana Metro Line 49 Underground Section,Metro Rail,Ministry of Housing and Urban Affairs (MoHUA),UP Metro Rail Corp (UPMRC),Telangana,EPC,Urban Dense,2771.95,2771.95,2285.2,79.16,82.44,2023-12-16,2030-04-16,2030-04-16,2029-01-08,2030-05-22,2820.18,1.2,0,1.74,0
PRJ-SYN-0172,SNAP-PRJ-SYN-0172-Q4,Telangana Metro Line 49 Underground Section,Metro Rail,Ministry of Housing and Urban Affairs (MoHUA),UP Metro Rail Corp (UPMRC),Telangana,EPC,Urban Dense,2771.95,2771.95,2745.89,93.55,99.06,2023-12-16,2030-04-16,2030-06-06,2029-08-27,2030-05-22,2820.18,1.2,0,1.74,0
PRJ-SYN-0173,SNAP-PRJ-SYN-0173-Q1,Madhya Pradesh Express Highway Corridor Phase IV,Highways,Ministry of Road Transport and Highways (MoRTH),NHIDCL,Madhya Pradesh,HAM,Hilly/Mountainous,2551.99,2598.47,416.79,12.69,16.04,2022-06-05,2026-09-04,2026-09-04,2023-04-11,2027-10-29,2980.47,13.8,1,16.79,1
PRJ-SYN-0173,SNAP-PRJ-SYN-0173-Q2,Madhya Pradesh Express Highway Corridor Phase IV,Highways,Ministry of Road Transport and Highways (MoRTH),NHIDCL,Madhya Pradesh,HAM,Hilly/Mountainous,2551.99,2551.99,712.52,21.9,27.92,2022-06-05,2026-09-04,2026-09-04,2023-11-30,2027-10-29,2980.47,13.8,1,16.79,1
PRJ-SYN-0173,SNAP-PRJ-SYN-0173-Q3,Madhya Pradesh Express Highway Corridor Phase IV,Highways,Ministry of Road Transport and Highways (MoRTH),NHIDCL,Madhya Pradesh,HAM,Hilly/Mountainous,2551.99,2860.75,2094.64,70.04,73.22,2022-06-05,2026-09-04,2027-05-11,2025-10-28,2027-10-29,2980.47,13.8,1,16.79,1
PRJ-SYN-0173,SNAP-PRJ-SYN-0173-Q4,Madhya Pradesh Express Highway Corridor Phase IV,Highways,Ministry of Road Transport and Highways (MoRTH),NHIDCL,Madhya Pradesh,HAM,Hilly/Mountainous,2551.99,2551.99,2290.67,79.25,89.76,2022-06-05,2026-09-04,2027-08-05,2026-04-02,2027-10-29,2980.47,13.8,1,16.79,1
PRJ-SYN-0174,SNAP-PRJ-SYN-0174-Q1,West Bengal Express Highway Corridor Phase I,Highways,Ministry of Road Transport and Highways (MoRTH),NHIDCL,West Bengal,EPC,Hilly/Mountainous,685.12,685.12,225.75,34.36,32.95,2020-03-06,2022-05-06,2022-05-06,2020-12-07,2022-05-27,701.43,0.7,0,2.38,0
PRJ-SYN-0174,SNAP-PRJ-SYN-0174-Q2,West Bengal Express Highway Corridor Phase I,Highways,Ministry of Road Transport and Highways (MoRTH),NHIDCL,West Bengal,EPC,Hilly/Mountainous,685.12,685.12,405.39,53.21,59.17,2020-03-06,2022-05-06,2022-05-06,2021-04-05,2022-05-27,701.43,0.7,0,2.38,0
PRJ-SYN-0174,SNAP-PRJ-SYN-0174-Q3,West Bengal Express Highway Corridor Phase I,Highways,Ministry of Road Transport and Highways (MoRTH),NHIDCL,West Bengal,EPC,Hilly/Mountainous,685.12,685.12,618.05,90.27,90.21,2020-03-06,2022-05-06,2022-05-06,2022-02-16,2022-05-27,701.43,0.7,0,2.38,0
PRJ-SYN-0175,SNAP-PRJ-SYN-0175-Q1,Madhya Pradesh Metro Corridor Elevated Extension Phase I,Metro Rail,Ministry of Housing and Urban Affairs (MoHUA),UP Metro Rail Corp (UPMRC),Madhya Pradesh,EPC,Plains,1455.45,1455.45,843.72,53.11,57.97,2023-09-09,2028-05-09,2028-05-09,2026-01-08,2028-06-29,1489.8,1.7,0,2.36,0
PRJ-SYN-0175,SNAP-PRJ-SYN-0175-Q2,Madhya Pradesh Metro Corridor Elevated Extension Phase I,Metro Rail,Ministry of Housing and Urban Affairs (MoHUA),UP Metro Rail Corp (UPMRC),Madhya Pradesh,EPC,Plains,1455.45,1455.45,1383.11,92.46,95.03,2023-09-09,2028-05-09,2028-06-30,2027-11-21,2028-06-29,1489.8,1.7,0,2.36,0
PRJ-SYN-0176,SNAP-PRJ-SYN-0176-Q1,High-Speed Rail Corridor Link 31,Railways,Ministry of Railways (MoR),Dedicated Freight Corridor Corp (DFCCIL),Rajasthan,Item Rate,Plains,1703.95,1703.95,385.77,23.54,22.64,2022-01-27,2027-02-26,2027-02-26,2023-02-02,2027-02-26,1748.76,0.0,0,2.63,0
PRJ-SYN-0176,SNAP-PRJ-SYN-0176-Q2,High-Speed Rail Corridor Link 31,Railways,Ministry of Railways (MoR),Dedicated Freight Corridor Corp (DFCCIL),Rajasthan,Item Rate,Plains,1703.95,1703.95,1605.29,96.84,94.21,2022-01-27,2027-02-26,2027-02-26,2026-08-25,2027-02-26,1748.76,0.0,0,2.63,0
PRJ-SYN-0177,SNAP-PRJ-SYN-0177-Q1,Karnataka Economic Corridor Pkg 83,Highways,Ministry of Road Transport and Highways (MoRTH),State PWD (Highways),Karnataka,HAM,Urban Dense,1224.84,1280.08,661.29,42.64,51.66,2022-11-01,2025-12-31,2025-12-31,2024-06-01,2026-04-04,1397.66,3.1,1,14.11,1
PRJ-SYN-0177,SNAP-PRJ-SYN-0177-Q2,Karnataka Economic Corridor Pkg 83,Highways,Ministry of Road Transport and Highways (MoRTH),State PWD (Highways),Karnataka,HAM,Urban Dense,1224.84,1316.23,1033.24,76.29,78.5,2022-11-01,2025-12-31,2026-03-13,2025-05-14,2026-04-04,1397.66,3.1,1,14.11,1
PRJ-SYN-0177,SNAP-PRJ-SYN-0177-Q3,Karnataka Economic Corridor Pkg 83,Highways,Ministry of Road Transport and Highways (MoRTH),State PWD (Highways),Karnataka,HAM,Urban Dense,1224.84,1356.32,1307.09,90.41,96.37,2022-11-01,2025-12-31,2026-04-02,2025-09-06,2026-04-04,1397.66,3.1,1,14.11,1
PRJ-SYN-0178,SNAP-PRJ-SYN-0178-Q1,Uttar Pradesh Economic Corridor Pkg 41,Highways,Ministry of Road Transport and Highways (MoRTH),State PWD (Highways),Uttar Pradesh,HAM,Coastal,311.89,311.89,52.96,18.52,16.98,2021-05-15,2024-06-14,2024-06-14,2021-12-26,2024-07-11,316.29,0.9,0,1.41,0
PRJ-SYN-0178,SNAP-PRJ-SYN-0178-Q2,Uttar Pradesh Economic Corridor Pkg 41,Highways,Ministry of Road Transport and Highways (MoRTH),State PWD (Highways),Uttar Pradesh,HAM,Coastal,311.89,326.03,275.23,83.81,84.42,2021-05-15,2024-06-14,2024-06-14,2024-02-22,2024-07-11,316.29,0.9,0,1.41,0
PRJ-SYN-0179,SNAP-PRJ-SYN-0179-Q1,Madhya Pradesh Station Redevelopment & Quadrupling,Railways,Ministry of Railways (MoR),Rail Vikas Nigam Ltd (RVNL),Madhya Pradesh,EPC,Hilly/Mountainous,850.14,913.69,353.23,30.84,38.66,2019-06-20,2024-09-18,2025-08-29,2022-02-02,2027-04-13,1050.94,30.8,1,23.62,1
PRJ-SYN-0179,SNAP-PRJ-SYN-0179-Q2,Madhya Pradesh Station Redevelopment & Quadrupling,Railways,Ministry of Railways (MoR),Rail Vikas Nigam Ltd (RVNL),Madhya Pradesh,EPC,Hilly/Mountainous,850.14,1009.71,767.88,71.96,76.05,2019-06-20,2024-09-18,2027-03-04,2024-03-10,2027-04-13,1050.94,30.8,1,23.62,1
PRJ-SYN-0180,SNAP-PRJ-SYN-0180-Q1,Karnataka Station Redevelopment & Quadrupling,Railways,Ministry of Railways (MoR),IRCON International,Karnataka,Item Rate,Hilly/Mountainous,811.51,811.51,91.94,5.0,11.33,2022-02-11,2027-07-13,2028-01-24,2023-03-13,2030-10-30,997.75,39.6,1,22.95,1
PRJ-SYN-0180,SNAP-PRJ-SYN-0180-Q2,Karnataka Station Redevelopment & Quadrupling,Railways,Ministry of Railways (MoR),IRCON International,Karnataka,Item Rate,Hilly/Mountainous,811.51,902.27,473.06,42.15,52.43,2022-02-11,2027-07-13,2029-08-16,2025-08-19,2030-10-30,997.75,39.6,1,22.95,1
PRJ-SYN-0181,SNAP-PRJ-SYN-0181-Q1,765kV High Voltage Transmission Substation,Power & Renewable Energy,Ministry of Power / MNRE,Solar Energy Corporation of India (SECI),Gujarat,BOT,Plains,4749.27,4749.27,1446.15,27.4,30.45,2018-05-13,2021-05-12,2021-05-12,2019-05-31,2021-07-08,5011.9,1.9,0,5.53,0
PRJ-SYN-0181,SNAP-PRJ-SYN-0181-Q2,765kV High Voltage Transmission Substation,Power & Renewable Energy,Ministry of Power / MNRE,Solar Energy Corporation of India (SECI),Gujarat,BOT,Plains,4749.27,4749.27,2917.0,63.23,61.42,2018-05-13,2021-05-12,2021-05-12,2020-04-24,2021-07-08,5011.9,1.9,0,5.53,0
PRJ-SYN-0181,SNAP-PRJ-SYN-0181-Q3,765kV High Voltage Transmission Substation,Power & Renewable Energy,Ministry of Power / MNRE,Solar Energy Corporation of India (SECI),Gujarat,BOT,Plains,4749.27,4910.64,4073.87,82.53,82.96,2018-05-13,2021-05-12,2021-05-12,2020-10-05,2021-07-08,5011.9,1.9,0,5.53,0
PRJ-SYN-0181,SNAP-PRJ-SYN-0181-Q4,765kV High Voltage Transmission Substation,Power & Renewable Energy,Ministry of Power / MNRE,Solar Energy Corporation of India (SECI),Gujarat,BOT,Plains,4749.27,4952.63,4313.74,86.12,87.1,2018-05-13,2021-05-12,2021-05-12,2021-01-23,2021-07-08,5011.9,1.9,0,5.53,0
PRJ-SYN-0182,SNAP-PRJ-SYN-0182-Q1,High-Speed Rail Corridor Link 73,Railways,Ministry of Railways (MoR),IRCON International,Karnataka,Item Rate,Hilly/Mountainous,1006.88,1006.88,274.98,19.9,27.31,2021-08-10,2027-04-10,2027-04-23,2022-09-27,2027-07-13,1236.35,3.1,1,22.79,1
PRJ-SYN-0182,SNAP-PRJ-SYN-0182-Q2,High-Speed Rail Corridor Link 73,Railways,Ministry of Railways (MoR),IRCON International,Karnataka,Item Rate,Hilly/Mountainous,1006.88,1133.11,701.51,59.31,61.91,2021-08-10,2027-04-10,2027-05-22,2025-04-16,2027-07-13,1236.35,3.1,1,22.79,1
PRJ-SYN-0182,SNAP-PRJ-SYN-0182-Q3,High-Speed Rail Corridor Link 73,Railways,Ministry of Railways (MoR),IRCON International,Karnataka,Item Rate,Hilly/Mountainous,1006.88,1180.47,1153.56,89.05,97.72,2021-08-10,2027-04-10,2027-06-10,2026-09-15,2027-07-13,1236.35,3.1,1,22.79,1
PRJ-SYN-0183,SNAP-PRJ-SYN-0183-Q1,Border Road Strategic Connectivity Link 37,Highways,Ministry of Road Transport and Highways (MoRTH),State PWD (Highways),Tamil Nadu,EPC,Plains,64.3,68.22,42.61,59.84,62.46,2020-01-02,2022-10-02,2022-12-25,2021-10-15,2023-02-09,72.02,4.3,1,12.0,1
PRJ-SYN-0183,SNAP-PRJ-SYN-0183-Q2,Border Road Strategic Connectivity Link 37,Highways,Ministry of Road Transport and Highways (MoRTH),State PWD (Highways),Tamil Nadu,EPC,Plains,64.3,64.3,50.7,71.27,78.85,2020-01-02,2022-10-02,2022-12-10,2022-03-15,2023-02-09,72.02,4.3,1,12.0,1
PRJ-SYN-0183,SNAP-PRJ-SYN-0183-Q3,Border Road Strategic Connectivity Link 37,Highways,Ministry of Road Transport and Highways (MoRTH),State PWD (Highways),Tamil Nadu,EPC,Plains,64.3,64.3,60.16,91.1,93.56,2020-01-02,2022-10-02,2023-01-02,2022-06-23,2023-02-09,72.02,4.3,1,12.0,1
PRJ-SYN-0184,SNAP-PRJ-SYN-0184-Q1,Uttar Pradesh Express Highway Corridor Phase I,Highways,Ministry of Road Transport and Highways (MoRTH),NHIDCL,Uttar Pradesh,EPC,Plains,1535.72,1535.72,296.55,16.15,19.31,2020-12-12,2023-05-13,2023-07-11,2021-06-06,2023-05-16,1675.62,0.1,0,9.11,0
PRJ-SYN-0184,SNAP-PRJ-SYN-0184-Q2,Uttar Pradesh Express Highway Corridor Phase I,Highways,Ministry of Road Transport and Highways (MoRTH),NHIDCL,Uttar Pradesh,EPC,Plains,1535.72,1535.72,686.01,47.63,44.67,2020-12-12,2023-05-13,2023-05-13,2022-02-26,2023-05-16,1675.62,0.1,0,9.11,0
PRJ-SYN-0184,SNAP-PRJ-SYN-0184-Q3,Uttar Pradesh Express Highway Corridor Phase I,Highways,Ministry of Road Transport and Highways (MoRTH),NHIDCL,Uttar Pradesh,EPC,Plains,1535.72,1535.72,1013.73,65.31,66.01,2020-12-12,2023-05-13,2023-05-13,2022-07-08,2023-05-16,1675.62,0.1,0,9.11,0
PRJ-SYN-0185,SNAP-PRJ-SYN-0185-Q1,NH-80 4/6-Laning Bypass & Viaduct,Highways,Ministry of Road Transport and Highways (MoRTH),National Highways Authority of India (NHAI),Karnataka,EPC,Plains,991.63,991.63,135.75,15.82,13.69,2018-07-17,2021-03-17,2021-03-17,2019-01-27,2021-05-16,999.17,2.0,0,0.76,0
PRJ-SYN-0185,SNAP-PRJ-SYN-0185-Q2,NH-80 4/6-Laning Bypass & Viaduct,Highways,Ministry of Road Transport and Highways (MoRTH),National Highways Authority of India (NHAI),Karnataka,EPC,Plains,991.63,991.63,509.7,48.3,51.4,2018-07-17,2021-03-17,2021-03-17,2019-11-16,2021-05-16,999.17,2.0,0,0.76,0
PRJ-SYN-0185,SNAP-PRJ-SYN-0185-Q3,NH-80 4/6-Laning Bypass & Viaduct,Highways,Ministry of Road Transport and Highways (MoRTH),National Highways Authority of India (NHAI),Karnataka,EPC,Plains,991.63,991.63,806.69,77.31,81.35,2018-07-17,2021-03-17,2021-03-17,2020-09-03,2021-05-16,999.17,2.0,0,0.76,0
PRJ-SYN-0186,SNAP-PRJ-SYN-0186-Q1,Himachal Pradesh Ultra Mega Solar Power Park 57 MW,Power & Renewable Energy,Ministry of Power / MNRE,Power Grid Corporation (PGCIL),Himachal Pradesh,EPC,Plains,439.06,439.06,171.28,38.23,39.01,2022-06-25,2025-09-24,2025-09-24,2023-08-14,2025-10-03,450.61,0.3,0,2.63,0
PRJ-SYN-0186,SNAP-PRJ-SYN-0186-Q2,Himachal Pradesh Ultra Mega Solar Power Park 57 MW,Power & Renewable Energy,Ministry of Power / MNRE,Power Grid Corporation (PGCIL),Himachal Pradesh,EPC,Plains,439.06,439.06,344.93,81.02,78.56,2022-06-25,2025-09-24,2025-11-25,2025-01-29,2025-10-03,450.61,0.3,0,2.63,0
PRJ-SYN-0187,SNAP-PRJ-SYN-0187-Q1,Tamil Nadu Rail Doubling & Third Line Section,Railways,Ministry of Railways (MoR),CORE,Tamil Nadu,HAM,Coastal,2465.63,2465.63,916.72,31.64,37.18,2023-06-26,2027-07-26,2027-07-26,2024-11-29,2028-05-28,2598.77,10.1,1,5.4,0
PRJ-SYN-0187,SNAP-PRJ-SYN-0187-Q2,Tamil Nadu Rail Doubling & Third Line Section,Railways,Ministry of Railways (MoR),CORE,Tamil Nadu,HAM,Coastal,2465.63,2465.63,1533.87,60.86,62.21,2023-06-26,2027-07-26,2028-01-15,2026-02-19,2028-05-28,2598.77,10.1,1,5.4,0
PRJ-SYN-0187,SNAP-PRJ-SYN-0187-Q3,Tamil Nadu Rail Doubling & Third Line Section,Railways,Ministry of Railways (MoR),CORE,Tamil Nadu,HAM,Coastal,2465.63,2465.63,1736.54,68.25,70.43,2023-06-26,2027-07-26,2028-02-28,2026-10-01,2028-05-28,2598.77,10.1,1,5.4,0
PRJ-SYN-0188,SNAP-PRJ-SYN-0188-Q1,Freight Corridor Feeder Line 30,Railways,Ministry of Railways (MoR),Rail Vikas Nigam Ltd (RVNL),Uttar Pradesh,HAM,Plains,6803.16,6803.16,3810.45,51.84,56.01,2022-12-27,2029-05-27,2029-05-27,2026-03-12,2029-06-05,6844.66,0.3,0,0.61,0
PRJ-SYN-0188,SNAP-PRJ-SYN-0188-Q2,Freight Corridor Feeder Line 30,Railways,Ministry of Railways (MoR),Rail Vikas Nigam Ltd (RVNL),Uttar Pradesh,HAM,Plains,6803.16,6942.31,4979.72,70.34,71.73,2022-12-27,2029-05-27,2029-05-27,2027-02-27,2029-06-05,6844.66,0.3,0,0.61,0
PRJ-SYN-0188,SNAP-PRJ-SYN-0188-Q3,Freight Corridor Feeder Line 30,Railways,Ministry of Railways (MoR),Rail Vikas Nigam Ltd (RVNL),Uttar Pradesh,HAM,Plains,6803.16,7006.23,5649.12,81.04,80.63,2022-12-27,2029-05-27,2029-05-27,2028-02-13,2029-06-05,6844.66,0.3,0,0.61,0
PRJ-SYN-0189,SNAP-PRJ-SYN-0189-Q1,Maharashtra Metro Corridor Elevated Extension Phase IV,Metro Rail,Ministry of Housing and Urban Affairs (MoHUA),UP Metro Rail Corp (UPMRC),Maharashtra,HAM,Coastal,38000.0,38000.0,6156.0,15.53,16.2,2020-11-04,2029-02-03,2029-02-03,2022-06-29,2029-12-22,40413.0,10.6,1,6.35,0
PRJ-SYN-0189,SNAP-PRJ-SYN-0189-Q2,Maharashtra Metro Corridor Elevated Extension Phase IV,Metro Rail,Ministry of Housing and Urban Affairs (MoHUA),UP Metro Rail Corp (UPMRC),Maharashtra,HAM,Coastal,38000.0,38000.0,19539.6,46.4,51.42,2020-11-04,2029-02-03,2029-02-03,2024-12-19,2029-12-22,40413.0,10.6,1,6.35,0
PRJ-SYN-0189,SNAP-PRJ-SYN-0189-Q3,Maharashtra Metro Corridor Elevated Extension Phase IV,Metro Rail,Ministry of Housing and Urban Affairs (MoHUA),UP Metro Rail Corp (UPMRC),Maharashtra,HAM,Coastal,38000.0,38000.0,30327.8,78.94,79.81,2020-11-04,2029-02-03,2029-02-03,2027-06-11,2029-12-22,40413.0,10.6,1,6.35,0
PRJ-SYN-0190,SNAP-PRJ-SYN-0190-Q1,Freight Corridor Feeder Line 16,Railways,Ministry of Railways (MoR),CORE,Uttar Pradesh,EPC,Plains,737.37,749.81,288.6,40.76,38.49,2019-09-21,2024-12-20,2024-12-20,2021-07-23,2024-12-20,750.42,0.0,0,1.77,0
PRJ-SYN-0190,SNAP-PRJ-SYN-0190-Q2,Freight Corridor Feeder Line 16,Railways,Ministry of Railways (MoR),CORE,Uttar Pradesh,EPC,Plains,737.37,737.37,333.73,46.33,45.26,2019-09-21,2024-12-20,2024-12-20,2022-05-06,2024-12-20,750.42,0.0,0,1.77,0
PRJ-SYN-0190,SNAP-PRJ-SYN-0190-Q3,Freight Corridor Feeder Line 16,Railways,Ministry of Railways (MoR),CORE,Uttar Pradesh,EPC,Plains,737.37,737.37,539.75,69.01,73.2,2019-09-21,2024-12-20,2025-01-31,2023-02-18,2024-12-20,750.42,0.0,0,1.77,0
PRJ-SYN-0190,SNAP-PRJ-SYN-0190-Q4,Freight Corridor Feeder Line 16,Railways,Ministry of Railways (MoR),CORE,Uttar Pradesh,EPC,Plains,737.37,737.37,652.79,83.55,88.53,2019-09-21,2024-12-20,2024-12-20,2023-12-03,2024-12-20,750.42,0.0,0,1.77,0
PRJ-SYN-0191,SNAP-PRJ-SYN-0191-Q1,Madhya Pradesh Metro Line 34 Underground Section,Metro Rail,Ministry of Housing and Urban Affairs (MoHUA),Bangalore Metro Rail Corp (BMRCL),Madhya Pradesh,BOT,Coastal,1375.57,1436.6,476.38,34.17,33.16,2021-06-14,2025-02-12,2025-02-12,2022-09-25,2025-05-05,1398.13,2.7,0,1.64,0
PRJ-SYN-0191,SNAP-PRJ-SYN-0191-Q2,Madhya Pradesh Metro Line 34 Underground Section,Metro Rail,Ministry of Housing and Urban Affairs (MoHUA),Bangalore Metro Rail Corp (BMRCL),Madhya Pradesh,BOT,Coastal,1375.57,1375.57,954.92,66.35,69.42,2021-06-14,2025-02-12,2025-02-12,2023-11-01,2025-05-05,1398.13,2.7,0,1.64,0
PRJ-SYN-0192,SNAP-PRJ-SYN-0192-Q1,Karnataka Pumped Storage Hydro Project Phase IV,Power & Renewable Energy,Ministry of Power / MNRE,SJVN Limited,Karnataka,EPC,Plains,1378.74,1378.74,969.25,67.08,70.3,2022-04-18,2025-01-16,2025-01-16,2024-01-30,2025-02-27,1388.67,1.4,0,0.72,0
PRJ-SYN-0192,SNAP-PRJ-SYN-0192-Q2,Karnataka Pumped Storage Hydro Project Phase IV,Power & Renewable Energy,Ministry of Power / MNRE,SJVN Limited,Karnataka,EPC,Plains,1378.74,1378.74,1108.23,82.2,80.38,2022-04-18,2025-01-16,2025-01-16,2024-06-29,2025-02-27,1388.67,1.4,0,0.72,0
PRJ-SYN-0192,SNAP-PRJ-SYN-0192-Q3,Karnataka Pumped Storage Hydro Project Phase IV,Power & Renewable Energy,Ministry of Power / MNRE,SJVN Limited,Karnataka,EPC,Plains,1378.74,1378.74,1205.29,85.88,87.42,2022-04-18,2025-01-16,2025-01-16,2024-10-07,2025-02-27,1388.67,1.4,0,0.72,0
PRJ-SYN-0193,SNAP-PRJ-SYN-0193-Q1,Odisha Metro Line 78 Underground Section,Metro Rail,Ministry of Housing and Urban Affairs (MoHUA),Mumbai Metropolitan Region Development Authority (MMRDA),Odisha,EPC,Plains,5174.41,5174.41,539.69,6.67,10.43,2022-06-22,2028-11-20,2028-11-20,2023-10-03,2030-09-20,5619.41,22.0,1,8.6,0
PRJ-SYN-0193,SNAP-PRJ-SYN-0193-Q2,Odisha Metro Line 78 Underground Section,Metro Rail,Ministry of Housing and Urban Affairs (MoHUA),Mumbai Metropolitan Region Development Authority (MMRDA),Odisha,EPC,Plains,5174.41,5174.41,1635.63,34.05,31.61,2022-06-22,2028-11-20,2029-07-03,2025-09-05,2030-09-20,5619.41,22.0,1,8.6,0
PRJ-SYN-0193,SNAP-PRJ-SYN-0193-Q3,Odisha Metro Line 78 Underground Section,Metro Rail,Ministry of Housing and Urban Affairs (MoHUA),Mumbai Metropolitan Region Development Authority (MMRDA),Odisha,EPC,Plains,5174.41,5174.41,2584.62,50.1,49.95,2022-06-22,2028-11-20,2028-11-20,2026-08-23,2030-09-20,5619.41,22.0,1,8.6,0
PRJ-SYN-0193,SNAP-PRJ-SYN-0193-Q4,Odisha Metro Line 78 Underground Section,Metro Rail,Ministry of Housing and Urban Affairs (MoHUA),Mumbai Metropolitan Region Development Authority (MMRDA),Odisha,EPC,Plains,5174.41,5174.41,4431.36,80.92,85.64,2022-06-22,2028-11-20,2030-06-30,2028-03-31,2030-09-20,5619.41,22.0,1,8.6,0
PRJ-SYN-0194,SNAP-PRJ-SYN-0194-Q1,Underground Sewerage System & 100 MLD STP,Urban Water & Sanitation,Ministry of Housing and Urban Affairs (MoHUA),Delhi Jal Board,Madhya Pradesh,EPC,Plains,356.61,356.61,140.18,35.09,39.31,2020-12-07,2022-10-07,2023-01-17,2021-07-29,2022-10-07,359.28,0.0,0,0.75,0
PRJ-SYN-0194,SNAP-PRJ-SYN-0194-Q2,Underground Sewerage System & 100 MLD STP,Urban Water & Sanitation,Ministry of Housing and Urban Affairs (MoHUA),Delhi Jal Board,Madhya Pradesh,EPC,Plains,356.61,356.61,204.52,53.58,57.35,2020-12-07,2022-10-07,2022-10-07,2021-11-06,2022-10-07,359.28,0.0,0,0.75,0
PRJ-SYN-0194,SNAP-PRJ-SYN-0194-Q3,Underground Sewerage System & 100 MLD STP,Urban Water & Sanitation,Ministry of Housing and Urban Affairs (MoHUA),Delhi Jal Board,Madhya Pradesh,EPC,Plains,356.61,356.61,217.71,61.23,61.05,2020-12-07,2022-10-07,2022-12-30,2022-02-15,2022-10-07,359.28,0.0,0,0.75,0
PRJ-SYN-0194,SNAP-PRJ-SYN-0194-Q4,Underground Sewerage System & 100 MLD STP,Urban Water & Sanitation,Ministry of Housing and Urban Affairs (MoHUA),Delhi Jal Board,Madhya Pradesh,EPC,Plains,356.61,356.61,327.4,92.54,91.81,2020-12-07,2022-10-07,2022-11-10,2022-08-01,2022-10-07,359.28,0.0,0,0.75,0
PRJ-SYN-0195,SNAP-PRJ-SYN-0195-Q1,Andhra Pradesh Ring Metro Transit System Pkg 46,Metro Rail,Ministry of Housing and Urban Affairs (MoHUA),Mumbai Metropolitan Region Development Authority (MMRDA),Andhra Pradesh,Item Rate,Plains,11512.86,12013.47,4332.06,28.02,36.06,2022-11-18,2028-05-18,2028-05-18,2024-10-21,2029-11-04,13623.17,17.6,1,18.33,1
PRJ-SYN-0195,SNAP-PRJ-SYN-0195-Q2,Andhra Pradesh Ring Metro Transit System Pkg 46,Metro Rail,Ministry of Housing and Urban Affairs (MoHUA),Mumbai Metropolitan Region Development Authority (MMRDA),Andhra Pradesh,Item Rate,Plains,11512.86,11512.86,5519.27,37.55,47.94,2022-11-18,2028-05-18,2028-05-18,2025-08-18,2029-11-04,13623.17,17.6,1,18.33,1
PRJ-SYN-0195,SNAP-PRJ-SYN-0195-Q3,Andhra Pradesh Ring Metro Transit System Pkg 46,Metro Rail,Ministry of Housing and Urban Affairs (MoHUA),Mumbai Metropolitan Region Development Authority (MMRDA),Andhra Pradesh,Item Rate,Plains,11512.86,11512.86,7012.48,55.28,60.91,2022-11-18,2028-05-18,2028-05-18,2026-06-15,2029-11-04,13623.17,17.6,1,18.33,1
PRJ-SYN-0196,SNAP-PRJ-SYN-0196-Q1,Tamil Nadu Express Highway Corridor Phase III,Highways,Ministry of Road Transport and Highways (MoRTH),NHIDCL,Tamil Nadu,Item Rate,Plains,958.58,958.58,369.63,34.58,38.56,2021-11-09,2024-09-08,2024-10-09,2022-11-06,2024-10-23,979.96,1.5,0,2.23,0
PRJ-SYN-0196,SNAP-PRJ-SYN-0196-Q2,Tamil Nadu Express Highway Corridor Phase III,Highways,Ministry of Road Transport and Highways (MoRTH),NHIDCL,Tamil Nadu,Item Rate,Plains,958.58,958.58,506.32,50.92,52.82,2021-11-09,2024-09-08,2024-09-08,2023-04-10,2024-10-23,979.96,1.5,0,2.23,0
PRJ-SYN-0196,SNAP-PRJ-SYN-0196-Q3,Tamil Nadu Express Highway Corridor Phase III,Highways,Ministry of Road Transport and Highways (MoRTH),NHIDCL,Tamil Nadu,Item Rate,Plains,958.58,958.58,599.88,60.9,62.58,2021-11-09,2024-09-08,2024-09-08,2023-09-12,2024-10-23,979.96,1.5,0,2.23,0
PRJ-SYN-0196,SNAP-PRJ-SYN-0196-Q4,Tamil Nadu Express Highway Corridor Phase III,Highways,Ministry of Road Transport and Highways (MoRTH),NHIDCL,Tamil Nadu,Item Rate,Plains,958.58,958.58,745.68,76.24,77.79,2021-11-09,2024-09-08,2024-12-22,2024-02-14,2024-10-23,979.96,1.5,0,2.23,0
PRJ-SYN-0197,SNAP-PRJ-SYN-0197-Q1,Maharashtra Economic Corridor Pkg 23,Highways,Ministry of Road Transport and Highways (MoRTH),NHIDCL,Maharashtra,HAM,Hilly/Mountainous,205.57,205.57,37.27,17.01,18.13,2023-10-08,2026-08-07,2026-08-07,2024-05-01,2026-08-07,216.34,0.0,0,5.24,0
PRJ-SYN-0197,SNAP-PRJ-SYN-0197-Q2,Maharashtra Economic Corridor Pkg 23,Highways,Ministry of Road Transport and Highways (MoRTH),NHIDCL,Maharashtra,HAM,Hilly/Mountainous,205.57,205.57,179.05,85.48,87.1,2023-10-08,2026-08-07,2026-08-07,2026-01-12,2026-08-07,216.34,0.0,0,5.24,0
PRJ-SYN-0198,SNAP-PRJ-SYN-0198-Q1,Tamil Nadu River Basin Pollution Abatement Pkg 16,Urban Water & Sanitation,Ministry of Housing and Urban Affairs (MoHUA),Delhi Jal Board,Tamil Nadu,BOT,Plains,171.26,175.93,28.66,5.0,16.29,2021-06-23,2022-10-23,2022-10-23,2021-09-28,2023-11-13,230.67,12.7,1,34.69,1
PRJ-SYN-0198,SNAP-PRJ-SYN-0198-Q2,Tamil Nadu River Basin Pollution Abatement Pkg 16,Urban Water & Sanitation,Ministry of Housing and Urban Affairs (MoHUA),Delhi Jal Board,Tamil Nadu,BOT,Plains,171.26,184.22,19.32,5.0,10.49,2021-06-23,2022-10-23,2022-10-23,2021-12-10,2023-11-13,230.67,12.7,1,34.69,1
PRJ-SYN-0198,SNAP-PRJ-SYN-0198-Q3,Tamil Nadu River Basin Pollution Abatement Pkg 16,Urban Water & Sanitation,Ministry of Housing and Urban Affairs (MoHUA),Delhi Jal Board,Tamil Nadu,BOT,Plains,171.26,216.25,146.94,57.93,67.95,2021-06-23,2022-10-23,2023-08-27,2022-09-04,2023-11-13,230.67,12.7,1,34.69,1
PRJ-SYN-0199,SNAP-PRJ-SYN-0199-Q1,765kV High Voltage Transmission Substation,Power & Renewable Energy,Ministry of Power / MNRE,Power Grid Corporation (PGCIL),Jammu & Kashmir,EPC,Urban Dense,910.76,910.76,231.15,20.89,25.38,2020-06-10,2023-05-11,2023-05-11,2021-01-09,2023-06-16,1030.89,1.2,0,13.19,1
PRJ-SYN-0199,SNAP-PRJ-SYN-0199-Q2,765kV High Voltage Transmission Substation,Power & Renewable Energy,Ministry of Power / MNRE,Power Grid Corporation (PGCIL),Jammu & Kashmir,EPC,Urban Dense,910.76,932.69,318.42,32.07,34.14,2020-06-10,2023-05-11,2023-05-11,2021-06-17,2023-06-16,1030.89,1.2,0,13.19,1
PRJ-SYN-0199,SNAP-PRJ-SYN-0199-Q3,765kV High Voltage Transmission Substation,Power & Renewable Energy,Ministry of Power / MNRE,Power Grid Corporation (PGCIL),Jammu & Kashmir,EPC,Urban Dense,910.76,910.76,539.9,53.91,59.28,2020-06-10,2023-05-11,2023-07-03,2021-11-24,2023-06-16,1030.89,1.2,0,13.19,1
PRJ-SYN-0199,SNAP-PRJ-SYN-0199-Q4,765kV High Voltage Transmission Substation,Power & Renewable Energy,Ministry of Power / MNRE,Power Grid Corporation (PGCIL),Jammu & Kashmir,EPC,Urban Dense,910.76,1006.35,909.04,87.65,90.33,2020-06-10,2023-05-11,2023-05-11,2023-01-24,2023-06-16,1030.89,1.2,0,13.19,1
PRJ-SYN-0200,SNAP-PRJ-SYN-0200-Q1,High-Speed Rail Corridor Link 32,Railways,Ministry of Railways (MoR),Dedicated Freight Corridor Corp (DFCCIL),Karnataka,Item Rate,Coastal,783.94,783.94,146.91,19.06,18.74,2021-08-06,2024-08-05,2024-08-05,2022-03-13,2024-08-08,839.83,0.1,0,7.13,0
PRJ-SYN-0200,SNAP-PRJ-SYN-0200-Q2,High-Speed Rail Corridor Link 32,Railways,Ministry of Railways (MoR),Dedicated Freight Corridor Corp (DFCCIL),Karnataka,Item Rate,Coastal,783.94,783.94,270.38,36.39,34.49,2021-08-06,2024-08-05,2024-09-09,2022-08-24,2024-08-08,839.83,0.1,0,7.13,0
PRJ-SYN-0200,SNAP-PRJ-SYN-0200-Q3,High-Speed Rail Corridor Link 32,Railways,Ministry of Railways (MoR),Dedicated Freight Corridor Corp (DFCCIL),Karnataka,Item Rate,Coastal,783.94,783.94,419.64,48.35,53.53,2021-08-06,2024-08-05,2024-08-05,2023-02-04,2024-08-08,839.83,0.1,0,7.13,0
PRJ-SYN-0200,SNAP-PRJ-SYN-0200-Q4,High-Speed Rail Corridor Link 32,Railways,Ministry of Railways (MoR),Dedicated Freight Corridor Corp (DFCCIL),Karnataka,Item Rate,Coastal,783.94,783.94,652.16,77.59,83.19,2021-08-06,2024-08-05,2024-08-05,2023-12-30,2024-08-08,839.83,0.1,0,7.13,0
PRJ-SYN-0201,SNAP-PRJ-SYN-0201-Q1,Jammu & Kashmir Express Highway Corridor Phase III,Highways,Ministry of Road Transport and Highways (MoRTH),State PWD (Highways),Jammu & Kashmir,EPC,Plains,969.3,969.3,317.15,32.33,32.72,2023-09-17,2026-10-17,2026-10-17,2024-10-15,2026-10-23,975.89,0.2,0,0.68,0
PRJ-SYN-0201,SNAP-PRJ-SYN-0201-Q2,Jammu & Kashmir Express Highway Corridor Phase III,Highways,Ministry of Road Transport and Highways (MoRTH),State PWD (Highways),Jammu & Kashmir,EPC,Plains,969.3,969.3,629.75,66.46,64.97,2023-09-17,2026-10-17,2026-10-17,2025-09-18,2026-10-23,975.89,0.2,0,0.68,0
PRJ-SYN-0201,SNAP-PRJ-SYN-0201-Q3,Jammu & Kashmir Express Highway Corridor Phase III,Highways,Ministry of Road Transport and Highways (MoRTH),State PWD (Highways),Jammu & Kashmir,EPC,Plains,969.3,969.3,790.66,77.4,81.57,2023-09-17,2026-10-17,2026-10-17,2026-03-05,2026-10-23,975.89,0.2,0,0.68,0
PRJ-SYN-0202,SNAP-PRJ-SYN-0202-Q1,NH-52 4/6-Laning Bypass & Viaduct,Highways,Ministry of Road Transport and Highways (MoRTH),NHIDCL,West Bengal,EPC,Plains,570.69,570.69,96.96,19.6,16.99,2023-08-21,2025-10-20,2025-10-20,2024-01-26,2025-11-22,606.24,1.1,0,6.23,0
PRJ-SYN-0202,SNAP-PRJ-SYN-0202-Q2,NH-52 4/6-Laning Bypass & Viaduct,Highways,Ministry of Road Transport and Highways (MoRTH),NHIDCL,West Bengal,EPC,Plains,570.69,593.83,248.04,36.24,41.77,2023-08-21,2025-10-20,2026-02-02,2024-05-23,2025-11-22,606.24,1.1,0,6.23,0
PRJ-SYN-0202,SNAP-PRJ-SYN-0202-Q3,NH-52 4/6-Laning Bypass & Viaduct,Highways,Ministry of Road Transport and Highways (MoRTH),NHIDCL,West Bengal,EPC,Plains,570.69,570.69,536.56,93.94,94.02,2023-08-21,2025-10-20,2025-10-20,2025-08-02,2025-11-22,606.24,1.1,0,6.23,0
PRJ-SYN-0203,SNAP-PRJ-SYN-0203-Q1,Haryana Economic Corridor Pkg 82,Highways,Ministry of Road Transport and Highways (MoRTH),State PWD (Highways),Haryana,BOT,Urban Dense,539.71,539.71,102.81,16.68,19.05,2019-03-20,2022-07-19,2022-07-19,2019-11-18,2022-07-19,572.42,0.0,0,6.06,0
PRJ-SYN-0203,SNAP-PRJ-SYN-0203-Q2,Haryana Economic Corridor Pkg 82,Highways,Ministry of Road Transport and Highways (MoRTH),State PWD (Highways),Haryana,BOT,Urban Dense,539.71,539.71,260.73,49.17,48.31,2019-03-20,2022-07-19,2022-07-19,2020-11-17,2022-07-19,572.42,0.0,0,6.06,0
PRJ-SYN-0203,SNAP-PRJ-SYN-0203-Q3,Haryana Economic Corridor Pkg 82,Highways,Ministry of Road Transport and Highways (MoRTH),State PWD (Highways),Haryana,BOT,Urban Dense,539.71,539.71,358.37,63.99,66.4,2019-03-20,2022-07-19,2022-07-19,2021-05-19,2022-07-19,572.42,0.0,0,6.06,0
PRJ-SYN-0203,SNAP-PRJ-SYN-0203-Q4,Haryana Economic Corridor Pkg 82,Highways,Ministry of Road Transport and Highways (MoRTH),State PWD (Highways),Haryana,BOT,Urban Dense,539.71,539.71,484.44,88.54,89.76,2019-03-20,2022-07-19,2022-07-19,2022-03-19,2022-07-19,572.42,0.0,0,6.06,0
PRJ-SYN-0204,SNAP-PRJ-SYN-0204-Q1,Uttarakhand Express Highway Corridor Phase II,Highways,Ministry of Road Transport and Highways (MoRTH),NHIDCL,Uttarakhand,EPC,Hilly/Mountainous,1451.4,1493.93,487.02,26.73,32.6,2020-04-01,2023-08-31,2023-11-11,2021-06-11,2024-08-30,1695.09,12.0,1,16.79,1
PRJ-SYN-0204,SNAP-PRJ-SYN-0204-Q2,Uttarakhand Express Highway Corridor Phase II,Highways,Ministry of Road Transport and Highways (MoRTH),NHIDCL,Uttarakhand,EPC,Hilly/Mountainous,1451.4,1451.4,801.03,50.11,55.19,2020-04-01,2023-08-31,2024-05-03,2022-06-21,2024-08-30,1695.09,12.0,1,16.79,1
PRJ-SYN-0204,SNAP-PRJ-SYN-0204-Q3,Uttarakhand Express Highway Corridor Phase II,Highways,Ministry of Road Transport and Highways (MoRTH),NHIDCL,Uttarakhand,EPC,Hilly/Mountainous,1451.4,1644.57,1352.17,78.16,82.22,2020-04-01,2023-08-31,2023-08-31,2023-04-29,2024-08-30,1695.09,12.0,1,16.79,1
PRJ-SYN-0205,SNAP-PRJ-SYN-0205-Q1,Freight Corridor Feeder Line 84,Railways,Ministry of Railways (MoR),IRCON International,West Bengal,EPC,Plains,1379.03,1379.03,341.72,21.14,24.78,2018-05-21,2024-08-19,2024-08-19,2019-08-20,2024-10-21,1418.33,2.1,0,2.85,0
PRJ-SYN-0205,SNAP-PRJ-SYN-0205-Q2,Freight Corridor Feeder Line 84,Railways,Ministry of Railways (MoR),IRCON International,West Bengal,EPC,Plains,1379.03,1379.03,441.84,34.59,32.04,2018-05-21,2024-08-19,2024-08-19,2020-07-27,2024-10-21,1418.33,2.1,0,2.85,0
PRJ-SYN-0205,SNAP-PRJ-SYN-0205-Q3,Freight Corridor Feeder Line 84,Railways,Ministry of Railways (MoR),IRCON International,West Bengal,EPC,Plains,1379.03,1379.03,1344.55,92.23,97.5,2018-05-21,2024-08-19,2024-08-19,2024-01-04,2024-10-21,1418.33,2.1,0,2.85,0
PRJ-SYN-0206,SNAP-PRJ-SYN-0206-Q1,Underground Sewerage System & 100 MLD STP,Urban Water & Sanitation,Ministry of Housing and Urban Affairs (MoHUA),NBCC (India) Limited,Tamil Nadu,EPC,Plains,263.87,267.2,55.52,15.36,20.78,2023-09-23,2025-09-22,2025-10-08,2024-02-16,2026-01-06,294.37,3.5,1,11.56,1
PRJ-SYN-0206,SNAP-PRJ-SYN-0206-Q2,Underground Sewerage System & 100 MLD STP,Urban Water & Sanitation,Ministry of Housing and Urban Affairs (MoHUA),NBCC (India) Limited,Tamil Nadu,EPC,Plains,263.87,263.87,142.67,44.65,54.07,2023-09-23,2025-09-22,2025-09-22,2024-09-22,2026-01-06,294.37,3.5,1,11.56,1
PRJ-SYN-0206,SNAP-PRJ-SYN-0206-Q3,Underground Sewerage System & 100 MLD STP,Urban Water & Sanitation,Ministry of Housing and Urban Affairs (MoHUA),NBCC (India) Limited,Tamil Nadu,EPC,Plains,263.87,286.53,263.12,85.88,91.83,2023-09-23,2025-09-22,2025-12-13,2025-07-11,2026-01-06,294.37,3.5,1,11.56,1
PRJ-SYN-0207,SNAP-PRJ-SYN-0207-Q1,Karnataka Ring Metro Transit System Pkg 38,Metro Rail,Ministry of Housing and Urban Affairs (MoHUA),Mumbai Metropolitan Region Development Authority (MMRDA),Karnataka,HAM,Plains,4900.46,4900.46,1638.71,21.77,33.44,2021-03-15,2026-04-14,2026-04-14,2023-09-29,2029-04-19,5878.59,36.2,1,19.96,1
PRJ-SYN-0207,SNAP-PRJ-SYN-0207-Q2,Karnataka Ring Metro Transit System Pkg 38,Metro Rail,Ministry of Housing and Urban Affairs (MoHUA),Mumbai Metropolitan Region Development Authority (MMRDA),Karnataka,HAM,Plains,4900.46,5467.28,2583.84,40.99,47.26,2021-03-15,2026-04-14,2028-02-02,2024-07-03,2029-04-19,5878.59,36.2,1,19.96,1
PRJ-SYN-0207,SNAP-PRJ-SYN-0207-Q3,Karnataka Ring Metro Transit System Pkg 38,Metro Rail,Ministry of Housing and Urban Affairs (MoHUA),Mumbai Metropolitan Region Development Authority (MMRDA),Karnataka,HAM,Plains,4900.46,5401.71,3157.3,55.22,58.45,2021-03-15,2026-04-14,2028-11-28,2025-04-08,2029-04-19,5878.59,36.2,1,19.96,1
PRJ-SYN-0207,SNAP-PRJ-SYN-0207-Q4,Karnataka Ring Metro Transit System Pkg 38,Metro Rail,Ministry of Housing and Urban Affairs (MoHUA),Mumbai Metropolitan Region Development Authority (MMRDA),Karnataka,HAM,Plains,4900.46,5774.53,3802.53,61.43,65.85,2021-03-15,2026-04-14,2028-03-19,2025-10-11,2029-04-19,5878.59,36.2,1,19.96,1
PRJ-SYN-0208,SNAP-PRJ-SYN-0208-Q1,Rajasthan Metro Corridor Elevated Extension Phase II,Metro Rail,Ministry of Housing and Urban Affairs (MoHUA),UP Metro Rail Corp (UPMRC),Rajasthan,HAM,Urban Dense,3866.43,3866.43,681.26,7.46,17.62,2018-09-15,2026-08-15,2026-11-29,2020-04-15,2028-11-22,4622.32,27.3,1,19.55,1
PRJ-SYN-0208,SNAP-PRJ-SYN-0208-Q2,Rajasthan Metro Corridor Elevated Extension Phase II,Metro Rail,Ministry of Housing and Urban Affairs (MoHUA),UP Metro Rail Corp (UPMRC),Rajasthan,HAM,Urban Dense,3866.43,4166.57,1947.45,36.19,46.74,2018-09-15,2026-08-15,2027-08-25,2022-08-30,2028-11-22,4622.32,27.3,1,19.55,1
PRJ-SYN-0208,SNAP-PRJ-SYN-0208-Q3,Rajasthan Metro Corridor Elevated Extension Phase II,Metro Rail,Ministry of Housing and Urban Affairs (MoHUA),UP Metro Rail Corp (UPMRC),Rajasthan,HAM,Urban Dense,3866.43,4409.9,3255.39,67.52,73.82,2018-09-15,2026-08-15,2028-04-21,2025-01-14,2028-11-22,4622.32,27.3,1,19.55,1
PRJ-SYN-0208,SNAP-PRJ-SYN-0208-Q4,Rajasthan Metro Corridor Elevated Extension Phase II,Metro Rail,Ministry of Housing and Urban Affairs (MoHUA),UP Metro Rail Corp (UPMRC),Rajasthan,HAM,Urban Dense,3866.43,4333.81,3620.46,79.58,83.54,2018-09-15,2026-08-15,2028-06-25,2025-10-30,2028-11-22,4622.32,27.3,1,19.55,1
PRJ-SYN-0209,SNAP-PRJ-SYN-0209-Q1,Madhya Pradesh Ultra Mega Solar Power Park 83 MW,Power & Renewable Energy,Ministry of Power / MNRE,NTPC Limited,Madhya Pradesh,EPC,Coastal,1778.02,1778.02,367.87,18.9,20.69,2019-03-11,2024-05-10,2024-05-10,2020-03-22,2024-06-24,1788.69,1.5,0,0.6,0
PRJ-SYN-0209,SNAP-PRJ-SYN-0209-Q2,Madhya Pradesh Ultra Mega Solar Power Park 83 MW,Power & Renewable Energy,Ministry of Power / MNRE,NTPC Limited,Madhya Pradesh,EPC,Coastal,1778.02,1778.02,558.12,32.89,31.39,2019-03-11,2024-05-10,2024-05-10,2020-12-30,2024-06-24,1788.69,1.5,0,0.6,0
PRJ-SYN-0209,SNAP-PRJ-SYN-0209-Q3,Madhya Pradesh Ultra Mega Solar Power Park 83 MW,Power & Renewable Energy,Ministry of Power / MNRE,NTPC Limited,Madhya Pradesh,EPC,Coastal,1778.02,1778.02,934.53,50.23,52.56,2019-03-11,2024-05-10,2024-05-10,2021-10-09,2024-06-24,1788.69,1.5,0,0.6,0
PRJ-SYN-0209,SNAP-PRJ-SYN-0209-Q4,Madhya Pradesh Ultra Mega Solar Power Park 83 MW,Power & Renewable Energy,Ministry of Power / MNRE,NTPC Limited,Madhya Pradesh,EPC,Coastal,1778.02,1778.02,1208.7,65.37,67.98,2019-03-11,2024-05-10,2024-05-10,2022-07-19,2024-06-24,1788.69,1.5,0,0.6,0
PRJ-SYN-0210,SNAP-PRJ-SYN-0210-Q1,Karnataka Rail Doubling & Third Line Section,Railways,Ministry of Railways (MoR),CORE,Karnataka,HAM,Plains,1018.31,1032.64,129.91,5.0,12.58,2019-09-14,2025-02-12,2025-02-12,2020-10-13,2026-11-13,1145.4,21.0,1,12.48,1
PRJ-SYN-0210,SNAP-PRJ-SYN-0210-Q2,Karnataka Rail Doubling & Third Line Section,Railways,Ministry of Railways (MoR),CORE,Karnataka,HAM,Plains,1018.31,1087.48,627.26,50.66,57.68,2019-09-14,2025-02-12,2026-01-16,2023-03-22,2026-11-13,1145.4,21.0,1,12.48,1
PRJ-SYN-0210,SNAP-PRJ-SYN-0210-Q3,Karnataka Rail Doubling & Third Line Section,Railways,Ministry of Railways (MoR),CORE,Karnataka,HAM,Plains,1018.31,1110.95,788.66,68.87,70.99,2019-09-14,2025-02-12,2026-01-16,2024-01-13,2026-11-13,1145.4,21.0,1,12.48,1
PRJ-SYN-0211,SNAP-PRJ-SYN-0211-Q1,Andhra Pradesh River Basin Pollution Abatement Pkg 60,Urban Water & Sanitation,Ministry of Housing and Urban Affairs (MoHUA),Karnataka Urban Infra Dev (KUIDFC),Andhra Pradesh,HAM,Plains,413.96,413.96,100.01,19.62,24.16,2018-12-07,2020-10-06,2020-10-06,2019-04-19,2020-10-09,414.87,0.1,0,0.22,0
PRJ-SYN-0211,SNAP-PRJ-SYN-0211-Q2,Andhra Pradesh River Basin Pollution Abatement Pkg 60,Urban Water & Sanitation,Ministry of Housing and Urban Affairs (MoHUA),Karnataka Urban Infra Dev (KUIDFC),Andhra Pradesh,HAM,Plains,413.96,413.96,154.37,39.73,37.29,2018-12-07,2020-10-06,2020-11-08,2019-07-29,2020-10-09,414.87,0.1,0,0.22,0
PRJ-SYN-0211,SNAP-PRJ-SYN-0211-Q3,Andhra Pradesh River Basin Pollution Abatement Pkg 60,Urban Water & Sanitation,Ministry of Housing and Urban Affairs (MoHUA),Karnataka Urban Infra Dev (KUIDFC),Andhra Pradesh,HAM,Plains,413.96,413.96,258.97,65.09,62.56,2018-12-07,2020-10-06,2020-11-08,2020-02-15,2020-10-09,414.87,0.1,0,0.22,0
PRJ-SYN-0211,SNAP-PRJ-SYN-0211-Q4,Andhra Pradesh River Basin Pollution Abatement Pkg 60,Urban Water & Sanitation,Ministry of Housing and Urban Affairs (MoHUA),Karnataka Urban Infra Dev (KUIDFC),Andhra Pradesh,HAM,Plains,413.96,413.96,384.53,93.53,92.89,2018-12-07,2020-10-06,2020-12-09,2020-07-31,2020-10-09,414.87,0.1,0,0.22,0
PRJ-SYN-0212,SNAP-PRJ-SYN-0212-Q1,West Bengal Rail Doubling & Third Line Section,Railways,Ministry of Railways (MoR),Dedicated Freight Corridor Corp (DFCCIL),West Bengal,EPC,Plains,1431.05,1431.05,936.77,53.76,65.46,2020-07-06,2023-10-06,2024-04-08,2022-08-16,2024-08-11,1755.9,10.2,1,22.7,1
PRJ-SYN-0212,SNAP-PRJ-SYN-0212-Q2,West Bengal Rail Doubling & Third Line Section,Railways,Ministry of Railways (MoR),Dedicated Freight Corridor Corp (DFCCIL),West Bengal,EPC,Plains,1431.05,1712.22,1518.57,82.13,88.69,2020-07-06,2023-10-06,2024-05-14,2023-06-09,2024-08-11,1755.9,10.2,1,22.7,1
PRJ-SYN-0213,SNAP-PRJ-SYN-0213-Q1,Maharashtra Port Modernization & Coastal Connectivity,Ports & Shipping,"Ministry of Ports, Shipping and Waterways (MoPSW)",Syama Prasad Mookerjee Port,Maharashtra,EPC,Coastal,319.58,319.58,81.72,20.9,25.57,2018-11-22,2021-05-23,2021-05-23,2019-05-23,2021-05-23,322.26,0.0,0,0.84,0
PRJ-SYN-0213,SNAP-PRJ-SYN-0213-Q2,Maharashtra Port Modernization & Coastal Connectivity,Ports & Shipping,"Ministry of Ports, Shipping and Waterways (MoPSW)",Syama Prasad Mookerjee Port,Maharashtra,EPC,Coastal,319.58,331.51,123.06,34.69,37.12,2018-11-22,2021-05-23,2021-05-23,2019-10-07,2021-05-23,322.26,0.0,0,0.84,0
PRJ-SYN-0213,SNAP-PRJ-SYN-0213-Q3,Maharashtra Port Modernization & Coastal Connectivity,Ports & Shipping,"Ministry of Ports, Shipping and Waterways (MoPSW)",Syama Prasad Mookerjee Port,Maharashtra,EPC,Coastal,319.58,330.21,176.2,51.18,53.36,2018-11-22,2021-05-23,2021-05-23,2020-02-21,2021-05-23,322.26,0.0,0,0.84,0
PRJ-SYN-0213,SNAP-PRJ-SYN-0213-Q4,Maharashtra Port Modernization & Coastal Connectivity,Ports & Shipping,"Ministry of Ports, Shipping and Waterways (MoPSW)",Syama Prasad Mookerjee Port,Maharashtra,EPC,Coastal,319.58,319.58,226.04,67.89,70.73,2018-11-22,2021-05-23,2021-05-23,2020-07-07,2021-05-23,322.26,0.0,0,0.84,0
PRJ-SYN-0214,SNAP-PRJ-SYN-0214-Q1,Border Road Strategic Connectivity Link 38,Highways,Ministry of Road Transport and Highways (MoRTH),State PWD (Highways),Karnataka,EPC,Coastal,725.38,725.38,413.25,53.16,56.97,2018-05-15,2020-03-14,2020-03-14,2019-04-14,2020-03-14,728.35,0.0,0,0.41,0
PRJ-SYN-0214,SNAP-PRJ-SYN-0214-Q2,Border Road Strategic Connectivity Link 38,Highways,Ministry of Road Transport and Highways (MoRTH),State PWD (Highways),Karnataka,EPC,Coastal,725.38,725.38,461.34,63.66,63.6,2018-05-15,2020-03-14,2020-06-27,2019-07-24,2020-03-14,728.35,0.0,0,0.41,0
PRJ-SYN-0214,SNAP-PRJ-SYN-0214-Q3,Border Road Strategic Connectivity Link 38,Highways,Ministry of Road Transport and Highways (MoRTH),State PWD (Highways),Karnataka,EPC,Coastal,725.38,738.54,585.07,80.34,79.22,2018-05-15,2020-03-14,2020-03-14,2019-11-01,2020-03-14,728.35,0.0,0,0.41,0
PRJ-SYN-0214,SNAP-PRJ-SYN-0214-Q4,Border Road Strategic Connectivity Link 38,Highways,Ministry of Road Transport and Highways (MoRTH),State PWD (Highways),Karnataka,EPC,Coastal,725.38,745.57,687.64,95.04,92.23,2018-05-15,2020-03-14,2020-03-14,2020-01-07,2020-03-14,728.35,0.0,0,0.41,0
PRJ-SYN-0215,SNAP-PRJ-SYN-0215-Q1,Deep Draft Container Terminal Berth 68,Ports & Shipping,"Ministry of Ports, Shipping and Waterways (MoPSW)",V.O. Chidambaranar Port,Maharashtra,HAM,Coastal,215.01,215.01,52.14,20.49,24.25,2019-05-07,2021-09-05,2021-09-05,2019-10-24,2021-10-02,226.79,0.9,0,5.48,0
PRJ-SYN-0215,SNAP-PRJ-SYN-0215-Q2,Deep Draft Container Terminal Berth 68,Ports & Shipping,"Ministry of Ports, Shipping and Waterways (MoPSW)",V.O. Chidambaranar Port,Maharashtra,HAM,Coastal,215.01,215.01,110.0,51.68,51.16,2019-05-07,2021-09-05,2021-09-05,2020-07-06,2021-10-02,226.79,0.9,0,5.48,0
PRJ-SYN-0215,SNAP-PRJ-SYN-0215-Q3,Deep Draft Container Terminal Berth 68,Ports & Shipping,"Ministry of Ports, Shipping and Waterways (MoPSW)",V.O. Chidambaranar Port,Maharashtra,HAM,Coastal,215.01,215.01,147.0,64.48,68.37,2019-05-07,2021-09-05,2021-09-05,2020-11-10,2021-10-02,226.79,0.9,0,5.48,0
PRJ-SYN-0215,SNAP-PRJ-SYN-0215-Q4,Deep Draft Container Terminal Berth 68,Ports & Shipping,"Ministry of Ports, Shipping and Waterways (MoPSW)",V.O. Chidambaranar Port,Maharashtra,HAM,Coastal,215.01,215.01,192.48,91.95,89.52,2019-05-07,2021-09-05,2021-09-05,2021-06-12,2021-10-02,226.79,0.9,0,5.48,0
PRJ-SYN-0216,SNAP-PRJ-SYN-0216-Q1,NH-18 4/6-Laning Bypass & Viaduct,Highways,Ministry of Road Transport and Highways (MoRTH),National Highways Authority of India (NHAI),Jharkhand,HAM,Hilly/Mountainous,1863.26,1863.26,338.93,14.38,18.19,2022-01-15,2024-06-15,2024-06-25,2022-07-10,2024-09-14,2192.87,3.0,1,17.69,1
PRJ-SYN-0216,SNAP-PRJ-SYN-0216-Q2,NH-18 4/6-Laning Bypass & Viaduct,Highways,Ministry of Road Transport and Highways (MoRTH),National Highways Authority of India (NHAI),Jharkhand,HAM,Hilly/Mountainous,1863.26,1938.83,720.86,29.1,37.18,2022-01-15,2024-06-15,2024-07-02,2022-11-19,2024-09-14,2192.87,3.0,1,17.69,1
PRJ-SYN-0216,SNAP-PRJ-SYN-0216-Q3,NH-18 4/6-Laning Bypass & Viaduct,Highways,Ministry of Road Transport and Highways (MoRTH),National Highways Authority of India (NHAI),Jharkhand,HAM,Hilly/Mountainous,1863.26,1959.08,1079.84,50.12,55.12,2022-01-15,2024-06-15,2024-07-18,2023-04-01,2024-09-14,2192.87,3.0,1,17.69,1
PRJ-SYN-0216,SNAP-PRJ-SYN-0216-Q4,NH-18 4/6-Laning Bypass & Viaduct,Highways,Ministry of Road Transport and Highways (MoRTH),National Highways Authority of India (NHAI),Jharkhand,HAM,Hilly/Mountainous,1863.26,2130.35,2067.72,86.22,97.06,2022-01-15,2024-06-15,2024-08-23,2024-03-19,2024-09-14,2192.87,3.0,1,17.69,1
PRJ-SYN-0217,SNAP-PRJ-SYN-0217-Q1,Tamil Nadu Metro Corridor Elevated Extension Phase IV,Metro Rail,Ministry of Housing and Urban Affairs (MoHUA),Delhi Metro Rail Corp (DMRC),Tamil Nadu,HAM,Plains,1928.65,1928.65,792.87,35.3,41.11,2019-01-05,2025-12-05,2025-12-05,2021-06-07,2025-12-29,1946.39,0.8,0,0.92,0
PRJ-SYN-0217,SNAP-PRJ-SYN-0217-Q2,Tamil Nadu Metro Corridor Elevated Extension Phase IV,Metro Rail,Ministry of Housing and Urban Affairs (MoHUA),Delhi Metro Rail Corp (DMRC),Tamil Nadu,HAM,Plains,1928.65,1928.65,1022.38,50.77,53.01,2019-01-05,2025-12-05,2025-12-05,2022-06-21,2025-12-29,1946.39,0.8,0,0.92,0
PRJ-SYN-0217,SNAP-PRJ-SYN-0217-Q3,Tamil Nadu Metro Corridor Elevated Extension Phase IV,Metro Rail,Ministry of Housing and Urban Affairs (MoHUA),Delhi Metro Rail Corp (DMRC),Tamil Nadu,HAM,Plains,1928.65,1928.65,1303.0,66.45,67.56,2019-01-05,2025-12-05,2025-12-05,2023-07-05,2025-12-29,1946.39,0.8,0,0.92,0
PRJ-SYN-0217,SNAP-PRJ-SYN-0217-Q4,Tamil Nadu Metro Corridor Elevated Extension Phase IV,Metro Rail,Ministry of Housing and Urban Affairs (MoHUA),Delhi Metro Rail Corp (DMRC),Tamil Nadu,HAM,Plains,1928.65,1928.65,1729.03,87.7,89.65,2019-01-05,2025-12-05,2025-12-05,2025-03-27,2025-12-29,1946.39,0.8,0,0.92,0
PRJ-SYN-0218,SNAP-PRJ-SYN-0218-Q1,Himachal Pradesh Economic Corridor Pkg 48,Highways,Ministry of Road Transport and Highways (MoRTH),State PWD (Highways),Himachal Pradesh,HAM,Plains,870.38,870.38,218.12,20.34,25.06,2023-09-08,2025-12-07,2025-12-07,2024-02-19,2025-12-07,881.43,0.0,0,1.27,0
PRJ-SYN-0218,SNAP-PRJ-SYN-0218-Q2,Himachal Pradesh Economic Corridor Pkg 48,Highways,Ministry of Road Transport and Highways (MoRTH),State PWD (Highways),Himachal Pradesh,HAM,Plains,870.38,870.38,459.91,48.82,52.84,2023-09-08,2025-12-07,2025-12-07,2024-10-22,2025-12-07,881.43,0.0,0,1.27,0
PRJ-SYN-0218,SNAP-PRJ-SYN-0218-Q3,Himachal Pradesh Economic Corridor Pkg 48,Highways,Ministry of Road Transport and Highways (MoRTH),State PWD (Highways),Himachal Pradesh,HAM,Plains,870.38,870.38,751.49,87.84,86.34,2023-09-08,2025-12-07,2025-12-07,2025-09-16,2025-12-07,881.43,0.0,0,1.27,0
PRJ-SYN-0219,SNAP-PRJ-SYN-0219-Q1,NH-81 4/6-Laning Bypass & Viaduct,Highways,Ministry of Road Transport and Highways (MoRTH),State PWD (Highways),Jharkhand,EPC,Plains,821.39,830.32,379.79,47.08,45.74,2018-06-21,2021-07-21,2021-07-21,2020-01-05,2021-10-11,888.99,2.7,0,8.23,0
PRJ-SYN-0219,SNAP-PRJ-SYN-0219-Q2,NH-81 4/6-Laning Bypass & Viaduct,Highways,Ministry of Road Transport and Highways (MoRTH),State PWD (Highways),Jharkhand,EPC,Plains,821.39,821.39,543.43,67.95,66.16,2018-06-21,2021-07-21,2021-07-21,2020-06-22,2021-10-11,888.99,2.7,0,8.23,0
PRJ-SYN-0219,SNAP-PRJ-SYN-0219-Q3,NH-81 4/6-Laning Bypass & Viaduct,Highways,Ministry of Road Transport and Highways (MoRTH),State PWD (Highways),Jharkhand,EPC,Plains,821.39,854.64,707.64,78.75,82.8,2018-06-21,2021-07-21,2021-07-21,2020-12-07,2021-10-11,888.99,2.7,0,8.23,0
PRJ-SYN-0219,SNAP-PRJ-SYN-0219-Q4,NH-81 4/6-Laning Bypass & Viaduct,Highways,Ministry of Road Transport and Highways (MoRTH),State PWD (Highways),Jharkhand,EPC,Plains,821.39,821.39,745.08,89.81,90.71,2018-06-21,2021-07-21,2021-07-21,2021-03-30,2021-10-11,888.99,2.7,0,8.23,0
PRJ-SYN-0220,SNAP-PRJ-SYN-0220-Q1,Uttarakhand Station Redevelopment & Quadrupling,Railways,Ministry of Railways (MoR),CORE,Uttarakhand,Item Rate,Plains,3808.15,3808.15,1343.13,35.73,35.27,2019-09-16,2025-08-16,2025-08-16,2021-10-11,2025-09-30,3947.91,1.5,0,3.67,0
PRJ-SYN-0220,SNAP-PRJ-SYN-0220-Q2,Uttarakhand Station Redevelopment & Quadrupling,Railways,Ministry of Railways (MoR),CORE,Uttarakhand,Item Rate,Plains,3808.15,3934.36,2074.19,46.73,52.72,2019-09-16,2025-08-16,2025-09-27,2022-08-31,2025-09-30,3947.91,1.5,0,3.67,0
PRJ-SYN-0221,SNAP-PRJ-SYN-0221-Q1,Andhra Pradesh Station Redevelopment & Quadrupling,Railways,Ministry of Railways (MoR),Rail Vikas Nigam Ltd (RVNL),Andhra Pradesh,EPC,Plains,1363.79,1421.65,605.34,37.39,42.58,2021-09-17,2027-01-17,2027-01-17,2023-07-30,2027-01-29,1442.75,0.4,0,5.79,0
PRJ-SYN-0221,SNAP-PRJ-SYN-0221-Q2,Andhra Pradesh Station Redevelopment & Quadrupling,Railways,Ministry of Railways (MoR),Rail Vikas Nigam Ltd (RVNL),Andhra Pradesh,EPC,Plains,1363.79,1363.79,780.63,59.42,57.24,2021-09-17,2027-01-17,2027-01-17,2025-03-06,2027-01-29,1442.75,0.4,0,5.79,0
PRJ-SYN-0222,SNAP-PRJ-SYN-0222-Q1,High-Speed Rail Corridor Link 92,Railways,Ministry of Railways (MoR),IRCON International,Maharashtra,EPC,Plains,6009.76,6009.76,1599.8,25.97,26.62,2021-06-03,2025-09-02,2025-09-02,2022-04-09,2025-11-20,6050.63,2.6,0,0.68,0
PRJ-SYN-0222,SNAP-PRJ-SYN-0222-Q2,High-Speed Rail Corridor Link 92,Railways,Ministry of Railways (MoR),IRCON International,Maharashtra,EPC,Plains,6009.76,6009.76,2795.74,41.84,46.52,2021-06-03,2025-09-02,2025-09-02,2022-11-28,2025-11-20,6050.63,2.6,0,0.68,0
PRJ-SYN-0222,SNAP-PRJ-SYN-0222-Q3,High-Speed Rail Corridor Link 92,Railways,Ministry of Railways (MoR),IRCON International,Maharashtra,EPC,Plains,6009.76,6009.76,5047.0,80.73,83.98,2021-06-03,2025-09-02,2025-09-02,2024-10-26,2025-11-20,6050.63,2.6,0,0.68,0
PRJ-SYN-0222,SNAP-PRJ-SYN-0222-Q4,High-Speed Rail Corridor Link 92,Railways,Ministry of Railways (MoR),IRCON International,Maharashtra,EPC,Plains,6009.76,6009.76,5284.98,85.44,87.94,2021-06-03,2025-09-02,2025-09-02,2025-03-31,2025-11-20,6050.63,2.6,0,0.68,0
PRJ-SYN-0223,SNAP-PRJ-SYN-0223-Q1,Tamil Nadu Express Highway Corridor Phase I,Highways,Ministry of Road Transport and Highways (MoRTH),NHIDCL,Tamil Nadu,EPC,Plains,831.86,831.86,285.49,35.18,34.32,2022-12-22,2026-10-22,2026-11-14,2024-04-25,2027-02-05,881.52,3.5,1,5.97,0
PRJ-SYN-0223,SNAP-PRJ-SYN-0223-Q2,Tamil Nadu Express Highway Corridor Phase I,Highways,Ministry of Road Transport and Highways (MoRTH),NHIDCL,Tamil Nadu,EPC,Plains,831.86,831.86,477.49,60.32,57.4,2022-12-22,2026-10-22,2026-12-16,2025-06-19,2027-02-05,881.52,3.5,1,5.97,0
PRJ-SYN-0223,SNAP-PRJ-SYN-0223-Q3,Tamil Nadu Express Highway Corridor Phase I,Highways,Ministry of Road Transport and Highways (MoRTH),NHIDCL,Tamil Nadu,EPC,Plains,831.86,859.12,703.96,77.17,81.94,2022-12-22,2026-10-22,2026-10-22,2026-01-15,2027-02-05,881.52,3.5,1,5.97,0
PRJ-SYN-0223,SNAP-PRJ-SYN-0223-Q4,Tamil Nadu Express Highway Corridor Phase I,Highways,Ministry of Road Transport and Highways (MoRTH),NHIDCL,Tamil Nadu,EPC,Plains,831.86,831.86,753.83,88.37,90.62,2022-12-22,2026-10-22,2026-12-26,2026-06-04,2027-02-05,881.52,3.5,1,5.97,0
PRJ-SYN-0224,SNAP-PRJ-SYN-0224-Q1,Tamil Nadu Rail Doubling & Third Line Section,Railways,Ministry of Railways (MoR),IRCON International,Tamil Nadu,Item Rate,Plains,792.03,792.03,190.56,20.87,24.06,2023-08-08,2027-01-06,2027-01-06,2024-04-13,2027-01-06,863.47,0.0,0,9.02,0
PRJ-SYN-0224,SNAP-PRJ-SYN-0224-Q2,Tamil Nadu Rail Doubling & Third Line Section,Railways,Ministry of Railways (MoR),IRCON International,Tamil Nadu,Item Rate,Plains,792.03,812.19,214.99,29.01,26.47,2023-08-08,2027-01-06,2027-01-06,2024-10-17,2027-01-06,863.47,0.0,0,9.02,0
PRJ-SYN-0224,SNAP-PRJ-SYN-0224-Q3,Tamil Nadu Rail Doubling & Third Line Section,Railways,Ministry of Railways (MoR),IRCON International,Tamil Nadu,Item Rate,Plains,792.03,792.03,511.65,64.71,64.6,2023-08-08,2027-01-06,2027-01-06,2025-10-27,2027-01-06,863.47,0.0,0,9.02,0
PRJ-SYN-0224,SNAP-PRJ-SYN-0224-Q4,Tamil Nadu Rail Doubling & Third Line Section,Railways,Ministry of Railways (MoR),IRCON International,Tamil Nadu,Item Rate,Plains,792.03,792.03,631.96,74.02,79.79,2023-08-08,2027-01-06,2027-01-06,2026-05-02,2027-01-06,863.47,0.0,0,9.02,0
PRJ-SYN-0225,SNAP-PRJ-SYN-0225-Q1,Freight Corridor Feeder Line 69,Railways,Ministry of Railways (MoR),IRCON International,Jharkhand,EPC,Hilly/Mountainous,4171.02,4570.65,1444.78,21.19,31.61,2023-06-10,2030-06-09,2031-12-16,2026-12-09,2035-01-17,5187.5,55.3,1,24.37,1
PRJ-SYN-0225,SNAP-PRJ-SYN-0225-Q2,Freight Corridor Feeder Line 69,Railways,Ministry of Railways (MoR),IRCON International,Jharkhand,EPC,Hilly/Mountainous,4171.02,4171.02,1837.75,40.72,44.06,2023-06-10,2030-06-09,2032-06-30,2027-12-27,2035-01-17,5187.5,55.3,1,24.37,1
PRJ-SYN-0225,SNAP-PRJ-SYN-0225-Q3,Freight Corridor Feeder Line 69,Railways,Ministry of Railways (MoR),IRCON International,Jharkhand,EPC,Hilly/Mountainous,4171.02,4777.83,3093.17,57.29,64.74,2023-06-10,2030-06-09,2033-02-07,2029-01-14,2035-01-17,5187.5,55.3,1,24.37,1
PRJ-SYN-0226,SNAP-PRJ-SYN-0226-Q1,Bihar Rail Doubling & Third Line Section,Railways,Ministry of Railways (MoR),CORE,Bihar,EPC,Plains,337.01,337.01,124.86,37.2,37.05,2020-06-14,2023-11-13,2023-11-13,2021-08-24,2023-11-22,337.48,0.3,0,0.14,0
PRJ-SYN-0226,SNAP-PRJ-SYN-0226-Q2,Bihar Rail Doubling & Third Line Section,Railways,Ministry of Railways (MoR),CORE,Bihar,EPC,Plains,337.01,337.01,290.1,81.48,86.08,2020-06-14,2023-11-13,2023-11-13,2023-03-09,2023-11-22,337.48,0.3,0,0.14,0
PRJ-SYN-0227,SNAP-PRJ-SYN-0227-Q1,NH-43 4/6-Laning Bypass & Viaduct,Highways,Ministry of Road Transport and Highways (MoRTH),State PWD (Highways),Maharashtra,HAM,Plains,1267.87,1267.87,363.24,28.91,28.65,2022-10-24,2026-04-24,2026-05-16,2024-01-14,2026-07-24,1379.95,3.0,1,8.84,0
PRJ-SYN-0227,SNAP-PRJ-SYN-0227-Q2,NH-43 4/6-Laning Bypass & Viaduct,Highways,Ministry of Road Transport and Highways (MoRTH),State PWD (Highways),Maharashtra,HAM,Plains,1267.87,1267.87,707.85,49.94,55.83,2022-10-24,2026-04-24,2026-04-24,2024-07-24,2026-07-24,1379.95,3.0,1,8.84,0
PRJ-SYN-0227,SNAP-PRJ-SYN-0227-Q3,NH-43 4/6-Laning Bypass & Viaduct,Highways,Ministry of Road Transport and Highways (MoRTH),State PWD (Highways),Maharashtra,HAM,Plains,1267.87,1267.87,1051.32,80.43,82.92,2022-10-24,2026-04-24,2026-07-04,2025-08-11,2026-07-24,1379.95,3.0,1,8.84,0
PRJ-SYN-0228,SNAP-PRJ-SYN-0228-Q1,High-Speed Rail Corridor Link 82,Railways,Ministry of Railways (MoR),IRCON International,Gujarat,EPC,Plains,5091.36,5091.36,2400.07,48.04,47.14,2021-09-21,2026-12-21,2026-12-21,2024-05-06,2027-02-04,5193.19,1.5,0,2.0,0
PRJ-SYN-0228,SNAP-PRJ-SYN-0228-Q2,High-Speed Rail Corridor Link 82,Railways,Ministry of Railways (MoR),IRCON International,Gujarat,EPC,Plains,5091.36,5091.36,3244.21,65.08,63.72,2021-09-21,2026-12-21,2026-12-21,2025-02-18,2027-02-04,5193.19,1.5,0,2.0,0
PRJ-SYN-0228,SNAP-PRJ-SYN-0228-Q3,High-Speed Rail Corridor Link 82,Railways,Ministry of Railways (MoR),IRCON International,Gujarat,EPC,Plains,5091.36,5091.36,3943.26,79.25,77.45,2021-09-21,2026-12-21,2026-12-21,2025-12-03,2027-02-04,5193.19,1.5,0,2.0,0
PRJ-SYN-0228,SNAP-PRJ-SYN-0228-Q4,High-Speed Rail Corridor Link 82,Railways,Ministry of Railways (MoR),IRCON International,Gujarat,EPC,Plains,5091.36,5300.28,4682.8,84.98,88.35,2021-09-21,2026-12-21,2026-12-21,2026-06-12,2027-02-04,5193.19,1.5,0,2.0,0
PRJ-SYN-0229,SNAP-PRJ-SYN-0229-Q1,765kV High Voltage Transmission Substation,Power & Renewable Energy,Ministry of Power / MNRE,SJVN Limited,Maharashtra,HAM,Urban Dense,6503.73,6503.73,1229.2,17.98,18.9,2019-12-18,2023-07-18,2023-07-18,2020-09-04,2023-10-08,6689.74,2.7,0,2.86,0
PRJ-SYN-0229,SNAP-PRJ-SYN-0229-Q2,765kV High Voltage Transmission Substation,Power & Renewable Energy,Ministry of Power / MNRE,SJVN Limited,Maharashtra,HAM,Urban Dense,6503.73,6503.73,2202.81,35.67,33.87,2019-12-18,2023-07-18,2023-07-18,2021-03-20,2023-10-08,6689.74,2.7,0,2.86,0
PRJ-SYN-0229,SNAP-PRJ-SYN-0229-Q3,765kV High Voltage Transmission Substation,Power & Renewable Energy,Ministry of Power / MNRE,SJVN Limited,Maharashtra,HAM,Urban Dense,6503.73,6503.73,4607.89,72.89,70.85,2019-12-18,2023-07-18,2023-07-18,2022-10-30,2023-10-08,6689.74,2.7,0,2.86,0
PRJ-SYN-0230,SNAP-PRJ-SYN-0230-Q1,Rajasthan Ultra Mega Solar Power Park 10 MW,Power & Renewable Energy,Ministry of Power / MNRE,NTPC Limited,Rajasthan,EPC,Plains,7598.9,7598.9,2447.61,26.72,32.21,2019-11-08,2025-03-09,2025-03-09,2021-09-19,2026-02-15,8079.15,11.3,1,6.32,0
PRJ-SYN-0230,SNAP-PRJ-SYN-0230-Q2,Rajasthan Ultra Mega Solar Power Park 10 MW,Power & Renewable Energy,Ministry of Power / MNRE,NTPC Limited,Rajasthan,EPC,Plains,7598.9,7598.9,6435.51,81.07,84.69,2019-11-08,2025-03-09,2025-11-12,2024-08-26,2026-02-15,8079.15,11.3,1,6.32,0
PRJ-SYN-0231,SNAP-PRJ-SYN-0231-Q1,Gujarat Smart City Water Supply Augmentation,Urban Water & Sanitation,Ministry of Housing and Urban Affairs (MoHUA),NBCC (India) Limited,Gujarat,EPC,Coastal,635.1,675.93,113.29,5.0,16.76,2022-11-22,2024-04-22,2024-04-22,2023-03-05,2026-12-15,1012.92,31.8,1,59.49,1
PRJ-SYN-0231,SNAP-PRJ-SYN-0231-Q2,Gujarat Smart City Water Supply Augmentation,Urban Water & Sanitation,Ministry of Housing and Urban Affairs (MoHUA),NBCC (India) Limited,Gujarat,EPC,Coastal,635.1,635.1,85.74,5.0,13.5,2022-11-22,2024-04-22,2024-04-22,2023-10-24,2026-12-15,1012.92,31.8,1,59.49,1
PRJ-SYN-0231,SNAP-PRJ-SYN-0231-Q3,Gujarat Smart City Water Supply Augmentation,Urban Water & Sanitation,Ministry of Housing and Urban Affairs (MoHUA),NBCC (India) Limited,Gujarat,EPC,Coastal,635.1,868.67,109.54,6.22,12.61,2022-11-22,2024-04-22,2024-04-22,2024-01-09,2026-12-15,1012.92,31.8,1,59.49,1
PRJ-SYN-0231,SNAP-PRJ-SYN-0231-Q4,Gujarat Smart City Water Supply Augmentation,Urban Water & Sanitation,Ministry of Housing and Urban Affairs (MoHUA),NBCC (India) Limited,Gujarat,EPC,Coastal,635.1,924.47,153.55,14.06,16.61,2022-11-22,2024-04-22,2024-04-22,2024-03-01,2026-12-15,1012.92,31.8,1,59.49,1
PRJ-SYN-0232,SNAP-PRJ-SYN-0232-Q1,Karnataka Ring Metro Transit System Pkg 11,Metro Rail,Ministry of Housing and Urban Affairs (MoHUA),UP Metro Rail Corp (UPMRC),Karnataka,HAM,Plains,23117.63,23117.63,3809.79,13.34,16.48,2022-12-09,2028-02-08,2028-02-08,2023-12-21,2028-02-29,23321.07,0.7,0,0.88,0
PRJ-SYN-0232,SNAP-PRJ-SYN-0232-Q2,Karnataka Ring Metro Transit System Pkg 11,Metro Rail,Ministry of Housing and Urban Affairs (MoHUA),UP Metro Rail Corp (UPMRC),Karnataka,HAM,Plains,23117.63,23117.63,10502.34,47.3,45.43,2022-12-09,2028-02-08,2028-04-23,2025-07-09,2028-02-29,23321.07,0.7,0,0.88,0
PRJ-SYN-0232,SNAP-PRJ-SYN-0232-Q3,Karnataka Ring Metro Transit System Pkg 11,Metro Rail,Ministry of Housing and Urban Affairs (MoHUA),UP Metro Rail Corp (UPMRC),Karnataka,HAM,Plains,23117.63,23117.63,15357.04,61.6,66.43,2022-12-09,2028-02-08,2028-02-08,2026-04-18,2028-02-29,23321.07,0.7,0,0.88,0
PRJ-SYN-0232,SNAP-PRJ-SYN-0232-Q4,Karnataka Ring Metro Transit System Pkg 11,Metro Rail,Ministry of Housing and Urban Affairs (MoHUA),UP Metro Rail Corp (UPMRC),Karnataka,HAM,Plains,23117.63,23117.63,18639.75,77.59,80.63,2022-12-09,2028-02-08,2028-02-08,2027-01-26,2028-02-29,23321.07,0.7,0,0.88,0
PRJ-SYN-0233,SNAP-PRJ-SYN-0233-Q1,Jammu & Kashmir Rail Doubling & Third Line Section,Railways,Ministry of Railways (MoR),Dedicated Freight Corridor Corp (DFCCIL),Jammu & Kashmir,Item Rate,Plains,1660.81,1660.81,354.75,23.54,21.36,2022-09-09,2026-12-09,2026-12-09,2023-07-16,2027-01-05,1717.11,0.9,0,3.39,0
PRJ-SYN-0233,SNAP-PRJ-SYN-0233-Q2,Jammu & Kashmir Rail Doubling & Third Line Section,Railways,Ministry of Railways (MoR),Dedicated Freight Corridor Corp (DFCCIL),Jammu & Kashmir,Item Rate,Plains,1660.81,1716.47,809.83,48.52,47.18,2022-09-09,2026-12-09,2026-12-09,2024-10-24,2027-01-05,1717.11,0.9,0,3.39,0
PRJ-SYN-0233,SNAP-PRJ-SYN-0233-Q3,Jammu & Kashmir Rail Doubling & Third Line Section,Railways,Ministry of Railways (MoR),Dedicated Freight Corridor Corp (DFCCIL),Jammu & Kashmir,Item Rate,Plains,1660.81,1715.47,1040.78,63.51,60.67,2022-09-09,2026-12-09,2026-12-09,2025-06-14,2027-01-05,1717.11,0.9,0,3.39,0
PRJ-SYN-0234,SNAP-PRJ-SYN-0234-Q1,Border Road Strategic Connectivity Link 82,Highways,Ministry of Road Transport and Highways (MoRTH),NHIDCL,Karnataka,HAM,Plains,2616.88,2713.83,320.77,13.69,11.82,2023-04-10,2026-03-10,2026-03-10,2023-11-09,2026-07-09,2829.89,4.0,1,8.14,0
PRJ-SYN-0234,SNAP-PRJ-SYN-0234-Q2,Border Road Strategic Connectivity Link 82,Highways,Ministry of Road Transport and Highways (MoRTH),NHIDCL,Karnataka,HAM,Plains,2616.88,2616.88,853.63,26.96,32.62,2023-04-10,2026-03-10,2026-04-03,2024-04-16,2026-07-09,2829.89,4.0,1,8.14,0
PRJ-SYN-0234,SNAP-PRJ-SYN-0234-Q3,Border Road Strategic Connectivity Link 82,Highways,Ministry of Road Transport and Highways (MoRTH),NHIDCL,Karnataka,HAM,Plains,2616.88,2616.88,2066.29,76.4,78.96,2023-04-10,2026-03-10,2026-06-17,2025-08-09,2026-07-09,2829.89,4.0,1,8.14,0
PRJ-SYN-0234,SNAP-PRJ-SYN-0234-Q4,Border Road Strategic Connectivity Link 82,Highways,Ministry of Road Transport and Highways (MoRTH),NHIDCL,Karnataka,HAM,Plains,2616.88,2616.88,2271.19,89.28,86.79,2023-04-10,2026-03-10,2026-03-10,2025-11-23,2026-07-09,2829.89,4.0,1,8.14,0
PRJ-SYN-0235,SNAP-PRJ-SYN-0235-Q1,Border Road Strategic Connectivity Link 17,Highways,Ministry of Road Transport and Highways (MoRTH),NHIDCL,Madhya Pradesh,EPC,Coastal,963.92,963.92,553.1,52.15,57.38,2018-12-06,2022-07-06,2023-03-19,2021-04-04,2023-08-26,1040.84,13.7,1,7.98,0
PRJ-SYN-0235,SNAP-PRJ-SYN-0235-Q2,Border Road Strategic Connectivity Link 17,Highways,Ministry of Road Transport and Highways (MoRTH),NHIDCL,Madhya Pradesh,EPC,Coastal,963.92,963.92,713.11,72.47,73.98,2018-12-06,2022-07-06,2023-06-28,2022-02-25,2023-08-26,1040.84,13.7,1,7.98,0
PRJ-SYN-0236,SNAP-PRJ-SYN-0236-Q1,Uttar Pradesh Economic Corridor Pkg 77,Highways,Ministry of Road Transport and Highways (MoRTH),State PWD (Highways),Uttar Pradesh,HAM,Hilly/Mountainous,435.0,435.0,74.39,16.91,17.1,2019-04-28,2021-01-26,2021-01-26,2019-09-02,2021-04-21,463.58,2.8,0,6.57,0
PRJ-SYN-0236,SNAP-PRJ-SYN-0236-Q2,Uttar Pradesh Economic Corridor Pkg 77,Highways,Ministry of Road Transport and Highways (MoRTH),State PWD (Highways),Uttar Pradesh,HAM,Hilly/Mountainous,435.0,435.0,226.68,46.87,52.11,2019-04-28,2021-01-26,2021-01-26,2020-03-12,2021-04-21,463.58,2.8,0,6.57,0
PRJ-SYN-0236,SNAP-PRJ-SYN-0236-Q3,Uttar Pradesh Economic Corridor Pkg 77,Highways,Ministry of Road Transport and Highways (MoRTH),State PWD (Highways),Uttar Pradesh,HAM,Hilly/Mountainous,435.0,435.0,309.02,65.88,71.04,2019-04-28,2021-01-26,2021-01-26,2020-06-16,2021-04-21,463.58,2.8,0,6.57,0
PRJ-SYN-0236,SNAP-PRJ-SYN-0236-Q4,Uttar Pradesh Economic Corridor Pkg 77,Highways,Ministry of Road Transport and Highways (MoRTH),State PWD (Highways),Uttar Pradesh,HAM,Hilly/Mountainous,435.0,435.0,343.0,77.77,78.85,2019-04-28,2021-01-26,2021-01-26,2020-09-20,2021-04-21,463.58,2.8,0,6.57,0
PRJ-SYN-0237,SNAP-PRJ-SYN-0237-Q1,Uttar Pradesh Economic Corridor Pkg 32,Highways,Ministry of Road Transport and Highways (MoRTH),National Highways Authority of India (NHAI),Uttar Pradesh,EPC,Plains,3049.47,3252.75,1908.06,50.1,58.66,2018-04-19,2021-07-19,2022-03-05,2020-05-29,2022-08-21,3432.18,13.1,1,12.55,1
PRJ-SYN-0237,SNAP-PRJ-SYN-0237-Q2,Uttar Pradesh Economic Corridor Pkg 32,Highways,Ministry of Road Transport and Highways (MoRTH),National Highways Authority of India (NHAI),Uttar Pradesh,EPC,Plains,3049.47,3340.8,2821.31,79.79,84.45,2018-04-19,2021-07-19,2021-07-19,2021-03-22,2022-08-21,3432.18,13.1,1,12.55,1
PRJ-SYN-0238,SNAP-PRJ-SYN-0238-Q1,Freight Corridor Feeder Line 82,Railways,Ministry of Railways (MoR),Dedicated Freight Corridor Corp (DFCCIL),Himachal Pradesh,Turnkey,Plains,6000.11,6310.63,2514.15,29.85,39.84,2022-07-22,2027-11-21,2027-11-21,2024-06-02,2028-02-20,7333.93,3.0,1,22.23,1
PRJ-SYN-0238,SNAP-PRJ-SYN-0238-Q2,Freight Corridor Feeder Line 82,Railways,Ministry of Railways (MoR),Dedicated Freight Corridor Corp (DFCCIL),Himachal Pradesh,Turnkey,Plains,6000.11,6440.87,3628.79,50.51,56.34,2022-07-22,2027-11-21,2027-12-23,2025-03-22,2028-02-20,7333.93,3.0,1,22.23,1
PRJ-SYN-0238,SNAP-PRJ-SYN-0238-Q3,Freight Corridor Feeder Line 82,Railways,Ministry of Railways (MoR),Dedicated Freight Corridor Corp (DFCCIL),Himachal Pradesh,Turnkey,Plains,6000.11,6589.17,4531.37,64.24,68.77,2022-07-22,2027-11-21,2027-11-21,2026-01-08,2028-02-20,7333.93,3.0,1,22.23,1
PRJ-SYN-0238,SNAP-PRJ-SYN-0238-Q4,Freight Corridor Feeder Line 82,Railways,Ministry of Railways (MoR),Dedicated Freight Corridor Corp (DFCCIL),Himachal Pradesh,Turnkey,Plains,6000.11,6924.12,6800.18,89.88,98.21,2022-07-22,2027-11-21,2028-01-13,2027-05-10,2028-02-20,7333.93,3.0,1,22.23,1
PRJ-SYN-0239,SNAP-PRJ-SYN-0239-Q1,Rajasthan Express Highway Corridor Phase III,Highways,Ministry of Road Transport and Highways (MoRTH),State PWD (Highways),Rajasthan,EPC,Urban Dense,1684.64,1684.64,983.32,52.38,58.37,2021-04-27,2023-09-26,2023-09-26,2022-07-12,2023-09-26,1743.43,0.0,0,3.49,0
PRJ-SYN-0239,SNAP-PRJ-SYN-0239-Q2,Rajasthan Express Highway Corridor Phase III,Highways,Ministry of Road Transport and Highways (MoRTH),State PWD (Highways),Rajasthan,EPC,Urban Dense,1684.64,1684.64,1368.94,78.29,81.26,2021-04-27,2023-09-26,2023-09-26,2023-04-03,2023-09-26,1743.43,0.0,0,3.49,0
PRJ-SYN-0240,SNAP-PRJ-SYN-0240-Q1,Freight Corridor Feeder Line 91,Railways,Ministry of Railways (MoR),CORE,Assam,EPC,Coastal,938.19,938.19,548.37,52.62,58.45,2021-08-08,2025-12-07,2026-06-25,2024-06-01,2027-03-11,1020.47,15.1,1,8.77,0
PRJ-SYN-0240,SNAP-PRJ-SYN-0240-Q2,Freight Corridor Feeder Line 91,Railways,Ministry of Railways (MoR),CORE,Assam,EPC,Coastal,938.19,938.19,678.12,66.4,72.28,2021-08-08,2025-12-07,2026-08-04,2025-01-25,2027-03-11,1020.47,15.1,1,8.77,0
PRJ-SYN-0240,SNAP-PRJ-SYN-0240-Q3,Freight Corridor Feeder Line 91,Railways,Ministry of Railways (MoR),CORE,Assam,EPC,Coastal,938.19,938.19,769.6,80.56,82.03,2021-08-08,2025-12-07,2027-01-17,2025-07-02,2027-03-11,1020.47,15.1,1,8.77,0
PRJ-SYN-0241,SNAP-PRJ-SYN-0241-Q1,Uttar Pradesh Ring Metro Transit System Pkg 20,Metro Rail,Ministry of Housing and Urban Affairs (MoHUA),Bangalore Metro Rail Corp (BMRCL),Uttar Pradesh,EPC,Hilly/Mountainous,4174.17,4174.17,472.52,5.0,11.32,2020-04-23,2028-05-23,2028-05-23,2021-12-04,2031-03-05,5124.63,33.4,1,22.77,1
PRJ-SYN-0241,SNAP-PRJ-SYN-0241-Q2,Uttar Pradesh Ring Metro Transit System Pkg 20,Metro Rail,Ministry of Housing and Urban Affairs (MoHUA),Bangalore Metro Rail Corp (BMRCL),Uttar Pradesh,EPC,Hilly/Mountainous,4174.17,4486.41,1956.97,35.58,43.62,2020-04-23,2028-05-23,2029-03-27,2024-05-08,2031-03-05,5124.63,33.4,1,22.77,1
PRJ-SYN-0242,SNAP-PRJ-SYN-0242-Q1,Border Road Strategic Connectivity Link 59,Highways,Ministry of Road Transport and Highways (MoRTH),National Highways Authority of India (NHAI),Uttarakhand,EPC,Plains,2087.52,2087.52,1034.99,43.94,49.58,2020-02-03,2023-03-05,2023-03-05,2021-08-19,2023-04-13,2094.83,1.3,0,0.35,0
PRJ-SYN-0242,SNAP-PRJ-SYN-0242-Q2,Border Road Strategic Connectivity Link 59,Highways,Ministry of Road Transport and Highways (MoRTH),National Highways Authority of India (NHAI),Uttarakhand,EPC,Plains,2087.52,2110.06,1426.82,69.33,67.62,2020-02-03,2023-03-05,2023-03-05,2022-02-04,2023-04-13,2094.83,1.3,0,0.35,0
PRJ-SYN-0243,SNAP-PRJ-SYN-0243-Q1,Freight Corridor Feeder Line 26,Railways,Ministry of Railways (MoR),IRCON International,Andhra Pradesh,EPC,Plains,1029.05,1029.05,200.46,15.16,19.48,2019-07-15,2022-12-13,2022-12-25,2020-03-20,2023-04-04,1063.11,3.7,1,3.31,0
PRJ-SYN-0243,SNAP-PRJ-SYN-0243-Q2,Freight Corridor Feeder Line 26,Railways,Ministry of Railways (MoR),IRCON International,Andhra Pradesh,EPC,Plains,1029.05,1029.05,673.2,64.68,65.42,2019-07-15,2022-12-13,2022-12-13,2021-10-03,2023-04-04,1063.11,3.7,1,3.31,0
PRJ-SYN-0243,SNAP-PRJ-SYN-0243-Q3,Freight Corridor Feeder Line 26,Railways,Ministry of Railways (MoR),IRCON International,Andhra Pradesh,EPC,Plains,1029.05,1029.05,830.34,77.67,80.69,2019-07-15,2022-12-13,2023-02-15,2022-04-08,2023-04-04,1063.11,3.7,1,3.31,0
PRJ-SYN-0243,SNAP-PRJ-SYN-0243-Q4,Freight Corridor Feeder Line 26,Railways,Ministry of Railways (MoR),IRCON International,Andhra Pradesh,EPC,Plains,1029.05,1029.05,905.15,82.0,87.96,2019-07-15,2022-12-13,2023-03-15,2022-08-11,2023-04-04,1063.11,3.7,1,3.31,0
PRJ-SYN-0244,SNAP-PRJ-SYN-0244-Q1,Deep Draft Container Terminal Berth 80,Ports & Shipping,"Ministry of Ports, Shipping and Waterways (MoPSW)",Jawaharlal Nehru Port Trust (JNPT),Assam,EPC,Hilly/Mountainous,2840.83,2840.83,713.9,19.9,25.13,2022-10-26,2025-03-26,2025-03-26,2023-04-20,2025-03-26,2941.11,0.0,0,3.53,0
PRJ-SYN-0244,SNAP-PRJ-SYN-0244-Q2,Deep Draft Container Terminal Berth 80,Ports & Shipping,"Ministry of Ports, Shipping and Waterways (MoPSW)",Jawaharlal Nehru Port Trust (JNPT),Assam,EPC,Hilly/Mountainous,2840.83,2911.94,1704.65,56.65,58.54,2022-10-26,2025-03-26,2025-06-11,2024-01-10,2025-03-26,2941.11,0.0,0,3.53,0
PRJ-SYN-0244,SNAP-PRJ-SYN-0244-Q3,Deep Draft Container Terminal Berth 80,Ports & Shipping,"Ministry of Ports, Shipping and Waterways (MoPSW)",Jawaharlal Nehru Port Trust (JNPT),Assam,EPC,Hilly/Mountainous,2840.83,2840.83,1922.96,66.67,67.69,2022-10-26,2025-03-26,2025-03-26,2024-05-21,2025-03-26,2941.11,0.0,0,3.53,0
PRJ-SYN-0245,SNAP-PRJ-SYN-0245-Q1,Border Road Strategic Connectivity Link 81,Highways,Ministry of Road Transport and Highways (MoRTH),NHIDCL,Tamil Nadu,BOT,Hilly/Mountainous,1484.4,1569.18,511.55,24.12,32.6,2022-09-06,2025-05-07,2025-05-07,2023-08-12,2026-04-06,1857.88,11.0,1,25.16,1
PRJ-SYN-0245,SNAP-PRJ-SYN-0245-Q2,Border Road Strategic Connectivity Link 81,Highways,Ministry of Road Transport and Highways (MoRTH),NHIDCL,Tamil Nadu,BOT,Hilly/Mountainous,1484.4,1654.48,1079.88,54.35,65.27,2022-09-06,2025-05-07,2025-12-21,2024-05-31,2026-04-06,1857.88,11.0,1,25.16,1
PRJ-SYN-0245,SNAP-PRJ-SYN-0245-Q3,Border Road Strategic Connectivity Link 81,Highways,Ministry of Road Transport and Highways (MoRTH),NHIDCL,Tamil Nadu,BOT,Hilly/Mountainous,1484.4,1750.53,1344.93,70.94,76.83,2022-09-06,2025-05-07,2025-11-20,2024-10-24,2026-04-06,1857.88,11.0,1,25.16,1
PRJ-SYN-0245,SNAP-PRJ-SYN-0245-Q4,Border Road Strategic Connectivity Link 81,Highways,Ministry of Road Transport and Highways (MoRTH),NHIDCL,Tamil Nadu,BOT,Hilly/Mountainous,1484.4,1823.34,1433.69,74.29,78.63,2022-09-06,2025-05-07,2025-05-07,2025-01-29,2026-04-06,1857.88,11.0,1,25.16,1
PRJ-SYN-0246,SNAP-PRJ-SYN-0246-Q1,Karnataka Economic Corridor Pkg 28,Highways,Ministry of Road Transport and Highways (MoRTH),NHIDCL,Karnataka,EPC,Hilly/Mountainous,211.75,211.75,35.6,19.41,16.81,2019-07-09,2021-03-08,2021-03-08,2019-11-07,2021-04-04,226.64,0.9,0,7.03,0
PRJ-SYN-0246,SNAP-PRJ-SYN-0246-Q2,Karnataka Economic Corridor Pkg 28,Highways,Ministry of Road Transport and Highways (MoRTH),NHIDCL,Karnataka,EPC,Hilly/Mountainous,211.75,211.75,123.15,53.86,58.16,2019-07-09,2021-03-08,2021-03-08,2020-05-08,2021-04-04,226.64,0.9,0,7.03,0
PRJ-SYN-0246,SNAP-PRJ-SYN-0246-Q3,Karnataka Economic Corridor Pkg 28,Highways,Ministry of Road Transport and Highways (MoRTH),NHIDCL,Karnataka,EPC,Hilly/Mountainous,211.75,211.75,135.05,63.12,63.78,2019-07-09,2021-03-08,2021-03-08,2020-08-07,2021-04-04,226.64,0.9,0,7.03,0
PRJ-SYN-0247,SNAP-PRJ-SYN-0247-Q1,Kerala Port Modernization & Coastal Connectivity,Ports & Shipping,"Ministry of Ports, Shipping and Waterways (MoPSW)",Syama Prasad Mookerjee Port,Kerala,EPC,Coastal,1468.6,1500.34,112.53,5.0,7.5,2022-10-07,2026-03-07,2026-03-07,2023-06-13,2028-03-12,1798.74,24.2,1,22.48,1
PRJ-SYN-0247,SNAP-PRJ-SYN-0247-Q2,Kerala Port Modernization & Coastal Connectivity,Ports & Shipping,"Ministry of Ports, Shipping and Waterways (MoPSW)",Syama Prasad Mookerjee Port,Kerala,EPC,Coastal,1468.6,1550.92,306.0,11.28,19.73,2022-10-07,2026-03-07,2026-08-04,2023-12-17,2028-03-12,1798.74,24.2,1,22.48,1
PRJ-SYN-0247,SNAP-PRJ-SYN-0247-Q3,Kerala Port Modernization & Coastal Connectivity,Ports & Shipping,"Ministry of Ports, Shipping and Waterways (MoPSW)",Syama Prasad Mookerjee Port,Kerala,EPC,Coastal,1468.6,1468.6,555.42,26.5,37.82,2022-10-07,2026-03-07,2026-03-07,2024-06-21,2028-03-12,1798.74,24.2,1,22.48,1
PRJ-SYN-0248,SNAP-PRJ-SYN-0248-Q1,Border Road Strategic Connectivity Link 89,Highways,Ministry of Road Transport and Highways (MoRTH),National Highways Authority of India (NHAI),West Bengal,EPC,Plains,701.94,701.94,177.59,21.81,25.3,2020-08-11,2023-06-11,2023-11-10,2021-08-08,2024-10-19,799.3,16.3,1,13.87,1
PRJ-SYN-0248,SNAP-PRJ-SYN-0248-Q2,Border Road Strategic Connectivity Link 89,Highways,Ministry of Road Transport and Highways (MoRTH),National Highways Authority of India (NHAI),West Bengal,EPC,Plains,701.94,753.88,521.61,57.57,69.19,2020-08-11,2023-06-11,2024-03-31,2022-11-16,2024-10-19,799.3,16.3,1,13.87,1
PRJ-SYN-0248,SNAP-PRJ-SYN-0248-Q3,Border Road Strategic Connectivity Link 89,Highways,Ministry of Road Transport and Highways (MoRTH),National Highways Authority of India (NHAI),West Bengal,EPC,Plains,701.94,793.64,650.31,71.9,81.94,2020-08-11,2023-06-11,2024-06-28,2023-02-28,2024-10-19,799.3,16.3,1,13.87,1
PRJ-SYN-0249,SNAP-PRJ-SYN-0249-Q1,Uttar Pradesh Metro Corridor Elevated Extension Phase II,Metro Rail,Ministry of Housing and Urban Affairs (MoHUA),Mumbai Metropolitan Region Development Authority (MMRDA),Uttar Pradesh,HAM,Hilly/Mountainous,3086.76,3206.53,1255.68,34.29,39.16,2019-07-11,2025-07-10,2025-09-25,2021-08-16,2025-07-10,3256.84,0.0,0,5.51,0
PRJ-SYN-0249,SNAP-PRJ-SYN-0249-Q2,Uttar Pradesh Metro Corridor Elevated Extension Phase II,Metro Rail,Ministry of Housing and Urban Affairs (MoHUA),Mumbai Metropolitan Region Development Authority (MMRDA),Uttar Pradesh,HAM,Hilly/Mountainous,3086.76,3086.76,1974.91,63.78,63.98,2019-07-11,2025-07-10,2025-07-10,2023-06-04,2025-07-10,3256.84,0.0,0,5.51,0
PRJ-SYN-0249,SNAP-PRJ-SYN-0249-Q3,Uttar Pradesh Metro Corridor Elevated Extension Phase II,Metro Rail,Ministry of Housing and Urban Affairs (MoHUA),Mumbai Metropolitan Region Development Authority (MMRDA),Uttar Pradesh,HAM,Hilly/Mountainous,3086.76,3086.76,2766.05,86.19,89.61,2019-07-11,2025-07-10,2025-10-14,2024-12-03,2025-07-10,3256.84,0.0,0,5.51,0
PRJ-SYN-0250,SNAP-PRJ-SYN-0250-Q1,Uttar Pradesh Station Redevelopment & Quadrupling,Railways,Ministry of Railways (MoR),IRCON International,Uttar Pradesh,EPC,Plains,3773.37,3773.37,948.25,20.8,25.13,2018-10-07,2024-08-06,2024-08-06,2019-12-07,2024-08-24,3826.57,0.6,0,1.41,0
PRJ-SYN-0250,SNAP-PRJ-SYN-0250-Q2,Uttar Pradesh Station Redevelopment & Quadrupling,Railways,Ministry of Railways (MoR),IRCON International,Uttar Pradesh,EPC,Plains,3773.37,3773.37,1347.09,35.15,35.7,2018-10-07,2024-08-06,2024-08-06,2020-10-21,2024-08-24,3826.57,0.6,0,1.41,0
PRJ-SYN-0250,SNAP-PRJ-SYN-0250-Q3,Uttar Pradesh Station Redevelopment & Quadrupling,Railways,Ministry of Railways (MoR),IRCON International,Uttar Pradesh,EPC,Plains,3773.37,3773.37,2005.92,51.91,53.16,2018-10-07,2024-08-06,2024-08-06,2021-09-06,2024-08-24,3826.57,0.6,0,1.41,0
PRJ-SYN-0250,SNAP-PRJ-SYN-0250-Q4,Uttar Pradesh Station Redevelopment & Quadrupling,Railways,Ministry of Railways (MoR),IRCON International,Uttar Pradesh,EPC,Plains,3773.37,3773.37,2980.21,78.98,78.98,2018-10-07,2024-08-06,2024-08-06,2023-06-07,2024-08-24,3826.57,0.6,0,1.41,0
PRJ-SYN-0251,SNAP-PRJ-SYN-0251-Q1,NH-47 4/6-Laning Bypass & Viaduct,Highways,Ministry of Road Transport and Highways (MoRTH),NHIDCL,Assam,EPC,Plains,2566.01,2566.01,599.68,26.05,23.37,2018-07-22,2022-11-20,2022-11-20,2020-01-26,2023-09-08,2717.4,9.6,1,5.9,0
PRJ-SYN-0251,SNAP-PRJ-SYN-0251-Q2,NH-47 4/6-Laning Bypass & Viaduct,Highways,Ministry of Road Transport and Highways (MoRTH),NHIDCL,Assam,EPC,Plains,2566.01,2566.01,962.0,36.46,37.49,2018-07-22,2022-11-20,2023-02-27,2020-09-20,2023-09-08,2717.4,9.6,1,5.9,0
PRJ-SYN-0251,SNAP-PRJ-SYN-0251-Q3,NH-47 4/6-Laning Bypass & Viaduct,Highways,Ministry of Road Transport and Highways (MoRTH),NHIDCL,Assam,EPC,Plains,2566.01,2566.01,2155.96,84.83,84.02,2018-07-22,2022-11-20,2023-06-01,2022-06-15,2023-09-08,2717.4,9.6,1,5.9,0
PRJ-SYN-0252,SNAP-PRJ-SYN-0252-Q1,Maharashtra Ring Metro Transit System Pkg 64,Metro Rail,Ministry of Housing and Urban Affairs (MoHUA),Mumbai Metropolitan Region Development Authority (MMRDA),Maharashtra,EPC,Urban Dense,7758.07,8260.45,5653.45,62.91,68.44,2018-08-20,2025-09-19,2025-09-19,2023-03-28,2026-04-01,8867.47,6.4,1,14.3,1
PRJ-SYN-0252,SNAP-PRJ-SYN-0252-Q2,Maharashtra Ring Metro Transit System Pkg 64,Metro Rail,Ministry of Housing and Urban Affairs (MoHUA),Mumbai Metropolitan Region Development Authority (MMRDA),Maharashtra,EPC,Urban Dense,7758.07,8486.37,6747.51,76.24,79.51,2018-08-20,2025-09-19,2026-01-08,2024-04-19,2026-04-01,8867.47,6.4,1,14.3,1
PRJ-SYN-0252,SNAP-PRJ-SYN-0252-Q3,Maharashtra Ring Metro Transit System Pkg 64,Metro Rail,Ministry of Housing and Urban Affairs (MoHUA),Mumbai Metropolitan Region Development Authority (MMRDA),Maharashtra,EPC,Urban Dense,7758.07,8697.1,8390.96,89.03,96.48,2018-08-20,2025-09-19,2026-04-03,2025-01-03,2026-04-01,8867.47,6.4,1,14.3,1
PRJ-SYN-0253,SNAP-PRJ-SYN-0253-Q1,Madhya Pradesh Express Highway Corridor Phase III,Highways,Ministry of Road Transport and Highways (MoRTH),State PWD (Highways),Madhya Pradesh,EPC,Plains,750.72,768.25,210.5,22.55,27.4,2022-11-03,2026-02-02,2026-05-11,2023-12-23,2027-06-19,826.77,16.5,1,10.13,1
PRJ-SYN-0253,SNAP-PRJ-SYN-0253-Q2,Madhya Pradesh Express Highway Corridor Phase III,Highways,Ministry of Road Transport and Highways (MoRTH),State PWD (Highways),Madhya Pradesh,EPC,Plains,750.72,750.72,326.56,35.13,43.5,2022-11-03,2026-02-02,2026-08-02,2024-06-18,2027-06-19,826.77,16.5,1,10.13,1
PRJ-SYN-0254,SNAP-PRJ-SYN-0254-Q1,Uttarakhand Express Highway Corridor Phase IV,Highways,Ministry of Road Transport and Highways (MoRTH),National Highways Authority of India (NHAI),Uttarakhand,Item Rate,Plains,790.38,822.28,298.65,28.92,36.32,2018-01-04,2020-12-04,2020-12-31,2019-01-11,2021-04-26,981.65,4.7,1,24.2,1
PRJ-SYN-0254,SNAP-PRJ-SYN-0254-Q2,Uttarakhand Express Highway Corridor Phase IV,Highways,Ministry of Road Transport and Highways (MoRTH),National Highways Authority of India (NHAI),Uttarakhand,Item Rate,Plains,790.38,790.38,637.05,77.24,80.6,2018-01-04,2020-12-04,2021-03-01,2020-05-05,2021-04-26,981.65,4.7,1,24.2,1
PRJ-SYN-0254,SNAP-PRJ-SYN-0254-Q3,Uttarakhand Express Highway Corridor Phase IV,Highways,Ministry of Road Transport and Highways (MoRTH),National Highways Authority of India (NHAI),Uttarakhand,Item Rate,Plains,790.38,922.72,848.63,87.48,91.97,2018-01-04,2020-12-04,2021-03-21,2020-08-19,2021-04-26,981.65,4.7,1,24.2,1
PRJ-SYN-0255,SNAP-PRJ-SYN-0255-Q1,Underground Sewerage System & 100 MLD STP,Urban Water & Sanitation,Ministry of Housing and Urban Affairs (MoHUA),State Jal Nigam,Maharashtra,EPC,Plains,330.07,330.07,86.87,27.78,26.32,2023-10-23,2026-09-22,2026-09-22,2024-05-23,2026-11-03,334.79,1.4,0,1.43,0
PRJ-SYN-0255,SNAP-PRJ-SYN-0255-Q2,Underground Sewerage System & 100 MLD STP,Urban Water & Sanitation,Ministry of Housing and Urban Affairs (MoHUA),State Jal Nigam,Maharashtra,EPC,Plains,330.07,330.07,134.5,38.41,40.75,2023-10-23,2026-09-22,2027-01-04,2024-10-29,2026-11-03,334.79,1.4,0,1.43,0
PRJ-SYN-0255,SNAP-PRJ-SYN-0255-Q3,Underground Sewerage System & 100 MLD STP,Urban Water & Sanitation,Ministry of Housing and Urban Affairs (MoHUA),State Jal Nigam,Maharashtra,EPC,Plains,330.07,342.58,158.2,47.96,46.18,2023-10-23,2026-09-22,2026-09-22,2025-04-07,2026-11-03,334.79,1.4,0,1.43,0
PRJ-SYN-0255,SNAP-PRJ-SYN-0255-Q4,Underground Sewerage System & 100 MLD STP,Urban Water & Sanitation,Ministry of Housing and Urban Affairs (MoHUA),State Jal Nigam,Maharashtra,EPC,Plains,330.07,330.07,319.97,92.9,96.94,2023-10-23,2026-09-22,2026-09-22,2026-06-07,2026-11-03,334.79,1.4,0,1.43,0
PRJ-SYN-0256,SNAP-PRJ-SYN-0256-Q1,Gujarat Economic Corridor Pkg 20,Highways,Ministry of Road Transport and Highways (MoRTH),National Highways Authority of India (NHAI),Gujarat,Item Rate,Plains,1075.9,1108.03,367.31,32.53,33.15,2023-03-12,2025-06-10,2025-08-09,2023-12-24,2025-06-28,1161.22,0.6,0,7.93,0
PRJ-SYN-0256,SNAP-PRJ-SYN-0256-Q2,Gujarat Economic Corridor Pkg 20,Highways,Ministry of Road Transport and Highways (MoRTH),National Highways Authority of India (NHAI),Gujarat,Item Rate,Plains,1075.9,1075.9,500.29,46.34,46.5,2023-03-12,2025-06-10,2025-06-10,2024-04-25,2025-06-28,1161.22,0.6,0,7.93,0
PRJ-SYN-0256,SNAP-PRJ-SYN-0256-Q3,Gujarat Economic Corridor Pkg 20,Highways,Ministry of Road Transport and Highways (MoRTH),National Highways Authority of India (NHAI),Gujarat,Item Rate,Plains,1075.9,1075.9,690.51,63.82,64.18,2023-03-12,2025-06-10,2025-06-10,2024-08-27,2025-06-28,1161.22,0.6,0,7.93,0
PRJ-SYN-0257,SNAP-PRJ-SYN-0257-Q1,Uttar Pradesh Metro Corridor Elevated Extension Phase III,Metro Rail,Ministry of Housing and Urban Affairs (MoHUA),UP Metro Rail Corp (UPMRC),Uttar Pradesh,EPC,Plains,1315.85,1315.85,383.97,23.98,29.18,2021-12-23,2026-01-22,2026-03-22,2022-10-17,2026-02-03,1338.61,0.4,0,1.73,0
PRJ-SYN-0257,SNAP-PRJ-SYN-0257-Q2,Uttar Pradesh Metro Corridor Elevated Extension Phase III,Metro Rail,Ministry of Housing and Urban Affairs (MoHUA),UP Metro Rail Corp (UPMRC),Uttar Pradesh,EPC,Plains,1315.85,1315.85,712.14,51.26,54.12,2021-12-23,2026-01-22,2026-01-22,2024-01-07,2026-02-03,1338.61,0.4,0,1.73,0
PRJ-SYN-0257,SNAP-PRJ-SYN-0257-Q3,Uttar Pradesh Metro Corridor Elevated Extension Phase III,Metro Rail,Ministry of Housing and Urban Affairs (MoHUA),UP Metro Rail Corp (UPMRC),Uttar Pradesh,EPC,Plains,1315.85,1357.65,1334.3,93.0,98.28,2021-12-23,2026-01-22,2026-01-22,2025-08-26,2026-02-03,1338.61,0.4,0,1.73,0
PRJ-SYN-0258,SNAP-PRJ-SYN-0258-Q1,Rajasthan Ring Metro Transit System Pkg 12,Metro Rail,Ministry of Housing and Urban Affairs (MoHUA),Delhi Metro Rail Corp (DMRC),Rajasthan,EPC,Urban Dense,2324.96,2324.96,855.59,34.85,36.8,2023-02-22,2028-12-22,2028-12-22,2025-03-08,2029-02-08,2396.34,1.6,0,3.07,0
PRJ-SYN-0258,SNAP-PRJ-SYN-0258-Q2,Rajasthan Ring Metro Transit System Pkg 12,Metro Rail,Ministry of Housing and Urban Affairs (MoHUA),Delhi Metro Rail Corp (DMRC),Rajasthan,EPC,Urban Dense,2324.96,2324.96,2180.58,89.26,93.79,2023-02-22,2028-12-22,2029-03-27,2028-05-23,2029-02-08,2396.34,1.6,0,3.07,0
PRJ-SYN-0259,SNAP-PRJ-SYN-0259-Q1,NH-52 4/6-Laning Bypass & Viaduct,Highways,Ministry of Road Transport and Highways (MoRTH),State PWD (Highways),Telangana,Item Rate,Plains,2174.2,2174.2,967.3,41.62,44.49,2021-08-08,2025-05-08,2025-05-08,2022-11-30,2025-05-08,2310.74,0.0,0,6.28,0
PRJ-SYN-0259,SNAP-PRJ-SYN-0259-Q2,NH-52 4/6-Laning Bypass & Viaduct,Highways,Ministry of Road Transport and Highways (MoRTH),State PWD (Highways),Telangana,Item Rate,Plains,2174.2,2174.2,1917.43,83.6,88.19,2021-08-08,2025-05-08,2025-05-08,2024-08-07,2025-05-08,2310.74,0.0,0,6.28,0
PRJ-SYN-0259,SNAP-PRJ-SYN-0259-Q3,NH-52 4/6-Laning Bypass & Viaduct,Highways,Ministry of Road Transport and Highways (MoRTH),State PWD (Highways),Telangana,Item Rate,Plains,2174.2,2174.2,2130.93,94.59,98.01,2021-08-08,2025-05-08,2025-05-08,2024-12-22,2025-05-08,2310.74,0.0,0,6.28,0
PRJ-SYN-0260,SNAP-PRJ-SYN-0260-Q1,765kV High Voltage Transmission Substation,Power & Renewable Energy,Ministry of Power / MNRE,SJVN Limited,Tamil Nadu,BOT,Plains,1827.25,1886.42,198.07,5.0,10.5,2021-10-14,2025-01-13,2025-04-20,2022-06-08,2026-10-20,2396.26,21.2,1,31.14,1
PRJ-SYN-0260,SNAP-PRJ-SYN-0260-Q2,765kV High Voltage Transmission Substation,Power & Renewable Energy,Ministry of Power / MNRE,SJVN Limited,Tamil Nadu,BOT,Plains,1827.25,1942.05,405.11,11.08,20.86,2021-10-14,2025-01-13,2025-06-14,2022-12-03,2026-10-20,2396.26,21.2,1,31.14,1
PRJ-SYN-0260,SNAP-PRJ-SYN-0260-Q3,765kV High Voltage Transmission Substation,Power & Renewable Energy,Ministry of Power / MNRE,SJVN Limited,Tamil Nadu,BOT,Plains,1827.25,1827.25,1042.08,49.77,57.03,2021-10-14,2025-01-13,2026-04-08,2024-05-20,2026-10-20,2396.26,21.2,1,31.14,1
PRJ-SYN-0261,SNAP-PRJ-SYN-0261-Q1,Gujarat Ring Metro Transit System Pkg 83,Metro Rail,Ministry of Housing and Urban Affairs (MoHUA),Mumbai Metropolitan Region Development Authority (MMRDA),Gujarat,EPC,Coastal,6405.05,6405.05,1282.29,18.11,20.02,2022-03-12,2027-03-12,2027-03-24,2023-03-12,2027-07-02,6501.77,3.7,1,1.51,0
PRJ-SYN-0261,SNAP-PRJ-SYN-0261-Q2,Gujarat Ring Metro Transit System Pkg 83,Metro Rail,Ministry of Housing and Urban Affairs (MoHUA),Mumbai Metropolitan Region Development Authority (MMRDA),Gujarat,EPC,Coastal,6405.05,6405.05,2899.57,39.71,45.27,2022-03-12,2027-03-12,2027-04-02,2023-12-11,2027-07-02,6501.77,3.7,1,1.51,0
PRJ-SYN-0261,SNAP-PRJ-SYN-0261-Q3,Gujarat Ring Metro Transit System Pkg 83,Metro Rail,Ministry of Housing and Urban Affairs (MoHUA),Mumbai Metropolitan Region Development Authority (MMRDA),Gujarat,EPC,Coastal,6405.05,6405.05,4090.26,64.67,63.86,2022-03-12,2027-03-12,2027-05-01,2025-06-11,2027-07-02,6501.77,3.7,1,1.51,0
PRJ-SYN-0262,SNAP-PRJ-SYN-0262-Q1,Gujarat Station Redevelopment & Quadrupling,Railways,Ministry of Railways (MoR),IRCON International,Gujarat,EPC,Hilly/Mountainous,38000.0,38000.0,22610.0,53.68,59.5,2022-07-19,2030-02-16,2030-02-16,2026-05-03,2030-03-09,38972.8,0.7,0,2.56,0
PRJ-SYN-0262,SNAP-PRJ-SYN-0262-Q2,Gujarat Station Redevelopment & Quadrupling,Railways,Ministry of Railways (MoR),IRCON International,Gujarat,EPC,Hilly/Mountainous,38000.0,38000.0,33200.6,90.03,87.37,2022-07-19,2030-02-16,2030-02-16,2029-05-15,2030-03-09,38972.8,0.7,0,2.56,0
PRJ-SYN-0263,SNAP-PRJ-SYN-0263-Q1,West Bengal River Basin Pollution Abatement Pkg 96,Urban Water & Sanitation,Ministry of Housing and Urban Affairs (MoHUA),State Jal Nigam,West Bengal,EPC,Coastal,412.29,412.29,140.26,32.79,34.02,2020-10-19,2023-08-19,2023-08-19,2021-10-16,2023-09-21,414.56,1.1,0,0.55,0
PRJ-SYN-0263,SNAP-PRJ-SYN-0263-Q2,West Bengal River Basin Pollution Abatement Pkg 96,Urban Water & Sanitation,Ministry of Housing and Urban Affairs (MoHUA),State Jal Nigam,West Bengal,EPC,Coastal,412.29,412.29,364.59,86.9,88.43,2020-10-19,2023-08-19,2023-08-19,2023-05-08,2023-09-21,414.56,1.1,0,0.55,0
PRJ-SYN-0264,SNAP-PRJ-SYN-0264-Q1,Haryana Express Highway Corridor Phase II,Highways,Ministry of Road Transport and Highways (MoRTH),NHIDCL,Haryana,BOT,Plains,604.12,706.01,255.29,28.86,36.16,2019-06-23,2021-07-22,2022-09-08,2020-10-29,2023-07-10,837.31,23.6,1,38.6,1
PRJ-SYN-0264,SNAP-PRJ-SYN-0264-Q2,Haryana Express Highway Corridor Phase II,Highways,Ministry of Road Transport and Highways (MoRTH),NHIDCL,Haryana,BOT,Plains,604.12,729.57,378.72,47.11,51.91,2019-06-23,2021-07-22,2023-02-05,2021-02-20,2023-07-10,837.31,23.6,1,38.6,1
PRJ-SYN-0265,SNAP-PRJ-SYN-0265-Q1,Jharkhand Ring Metro Transit System Pkg 83,Metro Rail,Ministry of Housing and Urban Affairs (MoHUA),Chennai Metro Rail Ltd (CMRL),Jharkhand,EPC,Plains,5341.0,5341.0,1310.15,20.49,24.53,2021-03-16,2028-01-14,2028-10-10,2023-08-06,2030-06-02,6322.68,28.6,1,18.38,1
PRJ-SYN-0265,SNAP-PRJ-SYN-0265-Q2,Jharkhand Ring Metro Transit System Pkg 83,Metro Rail,Ministry of Housing and Urban Affairs (MoHUA),Chennai Metro Rail Ltd (CMRL),Jharkhand,EPC,Plains,5341.0,5341.0,2911.91,47.4,54.52,2021-03-16,2028-01-14,2029-03-17,2025-08-24,2030-06-02,6322.68,28.6,1,18.38,1
PRJ-SYN-0265,SNAP-PRJ-SYN-0265-Q3,Jharkhand Ring Metro Transit System Pkg 83,Metro Rail,Ministry of Housing and Urban Affairs (MoHUA),Chennai Metro Rail Ltd (CMRL),Jharkhand,EPC,Plains,5341.0,5901.02,4322.5,62.68,73.25,2021-03-16,2028-01-14,2029-07-28,2026-09-02,2030-06-02,6322.68,28.6,1,18.38,1
PRJ-SYN-0265,SNAP-PRJ-SYN-0265-Q4,Jharkhand Ring Metro Transit System Pkg 83,Metro Rail,Ministry of Housing and Urban Affairs (MoHUA),Chennai Metro Rail Ltd (CMRL),Jharkhand,EPC,Plains,5341.0,5341.0,4461.34,76.48,83.53,2021-03-16,2028-01-14,2029-06-17,2027-05-10,2030-06-02,6322.68,28.6,1,18.38,1
PRJ-SYN-0266,SNAP-PRJ-SYN-0266-Q1,NH-50 4/6-Laning Bypass & Viaduct,Highways,Ministry of Road Transport and Highways (MoRTH),NHIDCL,Tamil Nadu,EPC,Coastal,1101.07,1101.07,229.02,15.33,20.8,2022-01-28,2025-03-29,2025-03-29,2022-09-16,2025-05-31,1129.26,2.1,0,2.56,0
PRJ-SYN-0266,SNAP-PRJ-SYN-0266-Q2,NH-50 4/6-Laning Bypass & Viaduct,Highways,Ministry of Road Transport and Highways (MoRTH),NHIDCL,Tamil Nadu,EPC,Coastal,1101.07,1117.64,424.37,36.0,37.97,2022-01-28,2025-03-29,2025-03-29,2023-03-08,2025-05-31,1129.26,2.1,0,2.56,0
PRJ-SYN-0266,SNAP-PRJ-SYN-0266-Q3,NH-50 4/6-Laning Bypass & Viaduct,Highways,Ministry of Road Transport and Highways (MoRTH),NHIDCL,Tamil Nadu,EPC,Coastal,1101.07,1143.92,787.59,69.43,68.85,2022-01-28,2025-03-29,2025-06-12,2024-02-18,2025-05-31,1129.26,2.1,0,2.56,0
PRJ-SYN-0267,SNAP-PRJ-SYN-0267-Q1,Telangana Station Redevelopment & Quadrupling,Railways,Ministry of Railways (MoR),Rail Vikas Nigam Ltd (RVNL),Telangana,EPC,Plains,6802.56,6802.56,1401.33,21.88,20.6,2021-12-27,2029-01-26,2029-01-26,2023-05-28,2029-03-12,6879.43,1.5,0,1.13,0
PRJ-SYN-0267,SNAP-PRJ-SYN-0267-Q2,Telangana Station Redevelopment & Quadrupling,Railways,Ministry of Railways (MoR),Rail Vikas Nigam Ltd (RVNL),Telangana,EPC,Plains,6802.56,6802.56,2145.53,34.17,31.54,2021-12-27,2029-01-26,2029-01-26,2024-06-19,2029-03-12,6879.43,1.5,0,1.13,0
PRJ-SYN-0267,SNAP-PRJ-SYN-0267-Q3,Telangana Station Redevelopment & Quadrupling,Railways,Ministry of Railways (MoR),Rail Vikas Nigam Ltd (RVNL),Telangana,EPC,Plains,6802.56,6802.56,4445.47,65.94,65.35,2021-12-27,2029-01-26,2029-04-07,2026-08-04,2029-03-12,6879.43,1.5,0,1.13,0
PRJ-SYN-0268,SNAP-PRJ-SYN-0268-Q1,Haryana Express Highway Corridor Phase II,Highways,Ministry of Road Transport and Highways (MoRTH),State PWD (Highways),Haryana,HAM,Hilly/Mountainous,1009.13,1040.54,383.75,35.23,36.88,2020-04-18,2022-05-18,2022-08-01,2021-01-09,2022-07-05,1087.54,1.6,0,7.77,0
PRJ-SYN-0268,SNAP-PRJ-SYN-0268-Q2,Haryana Express Highway Corridor Phase II,Highways,Ministry of Road Transport and Highways (MoRTH),State PWD (Highways),Haryana,HAM,Hilly/Mountainous,1009.13,1009.13,697.41,72.02,69.11,2020-04-18,2022-05-18,2022-05-18,2021-08-25,2022-07-05,1087.54,1.6,0,7.77,0
PRJ-SYN-0268,SNAP-PRJ-SYN-0268-Q3,Haryana Express Highway Corridor Phase II,Highways,Ministry of Road Transport and Highways (MoRTH),State PWD (Highways),Haryana,HAM,Hilly/Mountainous,1009.13,1009.13,853.22,79.0,84.55,2020-04-18,2022-05-18,2022-05-18,2021-12-17,2022-07-05,1087.54,1.6,0,7.77,0
PRJ-SYN-0269,SNAP-PRJ-SYN-0269-Q1,Rajasthan Ring Metro Transit System Pkg 83,Metro Rail,Ministry of Housing and Urban Affairs (MoHUA),UP Metro Rail Corp (UPMRC),Rajasthan,EPC,Plains,2630.26,2630.26,399.54,12.34,15.19,2020-09-27,2025-04-28,2025-04-28,2021-08-27,2026-02-08,2928.53,9.4,1,11.34,1
PRJ-SYN-0269,SNAP-PRJ-SYN-0269-Q2,Rajasthan Ring Metro Transit System Pkg 83,Metro Rail,Ministry of Housing and Urban Affairs (MoHUA),UP Metro Rail Corp (UPMRC),Rajasthan,EPC,Plains,2630.26,2630.26,1821.98,58.12,69.27,2020-09-27,2025-04-28,2025-08-21,2023-09-20,2026-02-08,2928.53,9.4,1,11.34,1
PRJ-SYN-0269,SNAP-PRJ-SYN-0269-Q3,Rajasthan Ring Metro Transit System Pkg 83,Metro Rail,Ministry of Housing and Urban Affairs (MoHUA),UP Metro Rail Corp (UPMRC),Rajasthan,EPC,Plains,2630.26,2803.36,2375.01,74.73,84.72,2020-09-27,2025-04-28,2025-04-28,2024-05-28,2026-02-08,2928.53,9.4,1,11.34,1
PRJ-SYN-0270,SNAP-PRJ-SYN-0270-Q1,Telangana Metro Line 23 Underground Section,Metro Rail,Ministry of Housing and Urban Affairs (MoHUA),UP Metro Rail Corp (UPMRC),Telangana,EPC,Plains,5575.31,5575.31,2751.42,47.1,49.35,2019-05-28,2027-12-27,2028-06-08,2023-09-11,2028-12-14,7537.82,11.6,1,35.2,1
PRJ-SYN-0270,SNAP-PRJ-SYN-0270-Q2,Telangana Metro Line 23 Underground Section,Metro Rail,Ministry of Housing and Urban Affairs (MoHUA),UP Metro Rail Corp (UPMRC),Telangana,EPC,Plains,5575.31,6359.3,4736.41,63.22,74.48,2019-05-28,2027-12-27,2028-07-21,2024-12-24,2028-12-14,7537.82,11.6,1,35.2,1
PRJ-SYN-0271,SNAP-PRJ-SYN-0271-Q1,Deep Draft Container Terminal Berth 25,Ports & Shipping,"Ministry of Ports, Shipping and Waterways (MoPSW)",Syama Prasad Mookerjee Port,Andhra Pradesh,HAM,Plains,1095.3,1125.62,242.01,19.97,21.5,2019-04-26,2023-04-26,2023-04-26,2020-02-12,2023-04-26,1113.26,0.0,0,1.64,0
PRJ-SYN-0271,SNAP-PRJ-SYN-0271-Q2,Deep Draft Container Terminal Berth 25,Ports & Shipping,"Ministry of Ports, Shipping and Waterways (MoPSW)",Syama Prasad Mookerjee Port,Andhra Pradesh,HAM,Plains,1095.3,1095.3,599.46,57.65,54.73,2019-04-26,2023-04-26,2023-04-26,2021-04-25,2023-04-26,1113.26,0.0,0,1.64,0
PRJ-SYN-0271,SNAP-PRJ-SYN-0271-Q3,Deep Draft Container Terminal Berth 25,Ports & Shipping,"Ministry of Ports, Shipping and Waterways (MoPSW)",Syama Prasad Mookerjee Port,Andhra Pradesh,HAM,Plains,1095.3,1139.33,766.2,66.95,67.25,2019-04-26,2023-04-26,2023-04-26,2021-11-30,2023-04-26,1113.26,0.0,0,1.64,0
PRJ-SYN-0271,SNAP-PRJ-SYN-0271-Q4,Deep Draft Container Terminal Berth 25,Ports & Shipping,"Ministry of Ports, Shipping and Waterways (MoPSW)",Syama Prasad Mookerjee Port,Andhra Pradesh,HAM,Plains,1095.3,1095.3,836.26,77.7,76.35,2019-04-26,2023-04-26,2023-06-22,2022-07-07,2023-04-26,1113.26,0.0,0,1.64,0
PRJ-SYN-0272,SNAP-PRJ-SYN-0272-Q1,West Bengal Metro Line 36 Underground Section,Metro Rail,Ministry of Housing and Urban Affairs (MoHUA),UP Metro Rail Corp (UPMRC),West Bengal,EPC,Plains,1178.43,1178.43,424.35,35.68,36.01,2022-06-18,2026-04-18,2026-04-18,2023-10-21,2026-06-14,1185.85,1.9,0,0.63,0
PRJ-SYN-0272,SNAP-PRJ-SYN-0272-Q2,West Bengal Metro Line 36 Underground Section,Metro Rail,Ministry of Housing and Urban Affairs (MoHUA),UP Metro Rail Corp (UPMRC),West Bengal,EPC,Plains,1178.43,1178.43,959.83,80.76,81.45,2022-06-18,2026-04-18,2026-06-01,2025-07-12,2026-06-14,1185.85,1.9,0,0.63,0
PRJ-SYN-0272,SNAP-PRJ-SYN-0272-Q3,West Bengal Metro Line 36 Underground Section,Metro Rail,Ministry of Housing and Urban Affairs (MoHUA),UP Metro Rail Corp (UPMRC),West Bengal,EPC,Plains,1178.43,1178.43,1086.98,88.13,92.24,2022-06-18,2026-04-18,2026-04-18,2025-11-29,2026-06-14,1185.85,1.9,0,0.63,0
PRJ-SYN-0273,SNAP-PRJ-SYN-0273-Q1,Freight Corridor Feeder Line 83,Railways,Ministry of Railways (MoR),IRCON International,Jammu & Kashmir,HAM,Plains,1256.58,1256.58,533.29,42.15,42.44,2022-11-27,2027-05-28,2027-05-28,2024-06-24,2027-06-09,1278.44,0.4,0,1.74,0
PRJ-SYN-0273,SNAP-PRJ-SYN-0273-Q2,Freight Corridor Feeder Line 83,Railways,Ministry of Railways (MoR),IRCON International,Jammu & Kashmir,HAM,Plains,1256.58,1296.13,849.35,67.48,65.53,2022-11-27,2027-05-28,2027-05-28,2025-10-30,2027-06-09,1278.44,0.4,0,1.74,0
PRJ-SYN-0274,SNAP-PRJ-SYN-0274-Q1,Uttarakhand Economic Corridor Pkg 99,Highways,Ministry of Road Transport and Highways (MoRTH),National Highways Authority of India (NHAI),Uttarakhand,HAM,Plains,419.94,419.94,142.53,33.28,33.94,2019-03-23,2021-03-22,2021-03-22,2019-12-03,2021-05-27,425.78,2.2,0,1.39,0
PRJ-SYN-0274,SNAP-PRJ-SYN-0274-Q2,Uttarakhand Economic Corridor Pkg 99,Highways,Ministry of Road Transport and Highways (MoRTH),National Highways Authority of India (NHAI),Uttarakhand,HAM,Plains,419.94,419.94,295.51,66.0,70.37,2019-03-23,2021-03-22,2021-03-22,2020-07-09,2021-05-27,425.78,2.2,0,1.39,0
PRJ-SYN-0274,SNAP-PRJ-SYN-0274-Q3,Uttarakhand Economic Corridor Pkg 99,Highways,Ministry of Road Transport and Highways (MoRTH),National Highways Authority of India (NHAI),Uttarakhand,HAM,Plains,419.94,419.94,356.49,81.59,84.89,2019-03-23,2021-03-22,2021-06-11,2020-10-27,2021-05-27,425.78,2.2,0,1.39,0
PRJ-SYN-0275,SNAP-PRJ-SYN-0275-Q1,Freight Corridor Feeder Line 58,Railways,Ministry of Railways (MoR),Rail Vikas Nigam Ltd (RVNL),Madhya Pradesh,EPC,Coastal,13606.49,13606.49,9064.64,62.47,66.62,2018-11-26,2026-03-27,2026-03-27,2023-09-02,2026-04-26,13990.19,1.0,0,2.82,0
PRJ-SYN-0275,SNAP-PRJ-SYN-0275-Q2,Freight Corridor Feeder Line 58,Railways,Ministry of Railways (MoR),Rail Vikas Nigam Ltd (RVNL),Madhya Pradesh,EPC,Coastal,13606.49,13606.49,11332.85,78.2,83.29,2018-11-26,2026-03-27,2026-03-27,2024-10-07,2026-04-26,13990.19,1.0,0,2.82,0
PRJ-SYN-0276,SNAP-PRJ-SYN-0276-Q1,Maharashtra Pumped Storage Hydro Project Phase III,Power & Renewable Energy,Ministry of Power / MNRE,Solar Energy Corporation of India (SECI),Maharashtra,Item Rate,Plains,356.04,356.04,35.46,5.0,9.96,2020-10-01,2024-08-01,2024-09-14,2021-07-08,2025-08-10,394.81,12.3,1,10.89,1
PRJ-SYN-0276,SNAP-PRJ-SYN-0276-Q2,Maharashtra Pumped Storage Hydro Project Phase III,Power & Renewable Energy,Ministry of Power / MNRE,Solar Energy Corporation of India (SECI),Maharashtra,Item Rate,Plains,356.04,370.7,186.31,40.69,50.26,2020-10-01,2024-08-01,2024-11-25,2022-09-01,2025-08-10,394.81,12.3,1,10.89,1
PRJ-SYN-0276,SNAP-PRJ-SYN-0276-Q3,Maharashtra Pumped Storage Hydro Project Phase III,Power & Renewable Energy,Ministry of Power / MNRE,Solar Energy Corporation of India (SECI),Maharashtra,Item Rate,Plains,356.04,356.04,215.87,55.17,60.63,2020-10-01,2024-08-01,2024-12-31,2023-03-30,2025-08-10,394.81,12.3,1,10.89,1
PRJ-SYN-0276,SNAP-PRJ-SYN-0276-Q4,Maharashtra Pumped Storage Hydro Project Phase III,Power & Renewable Energy,Ministry of Power / MNRE,Solar Energy Corporation of India (SECI),Maharashtra,Item Rate,Plains,356.04,388.23,321.65,75.3,82.85,2020-10-01,2024-08-01,2025-07-24,2024-03-14,2025-08-10,394.81,12.3,1,10.89,1
PRJ-SYN-0277,SNAP-PRJ-SYN-0277-Q1,Border Road Strategic Connectivity Link 64,Highways,Ministry of Road Transport and Highways (MoRTH),State PWD (Highways),Bihar,EPC,Plains,1722.83,1722.83,589.21,35.24,34.2,2021-05-11,2024-01-10,2024-01-10,2022-04-16,2024-01-10,1776.58,0.0,0,3.12,0
PRJ-SYN-0277,SNAP-PRJ-SYN-0277-Q2,Border Road Strategic Connectivity Link 64,Highways,Ministry of Road Transport and Highways (MoRTH),State PWD (Highways),Bihar,EPC,Plains,1722.83,1722.83,996.14,54.86,57.82,2021-05-11,2024-01-10,2024-01-10,2022-09-10,2024-01-10,1776.58,0.0,0,3.12,0
PRJ-SYN-0277,SNAP-PRJ-SYN-0277-Q3,Border Road Strategic Connectivity Link 64,Highways,Ministry of Road Transport and Highways (MoRTH),State PWD (Highways),Bihar,EPC,Plains,1722.83,1722.83,1393.77,81.25,80.9,2021-05-11,2024-01-10,2024-01-10,2023-06-29,2024-01-10,1776.58,0.0,0,3.12,0
PRJ-SYN-0278,SNAP-PRJ-SYN-0278-Q1,Border Road Strategic Connectivity Link 97,Highways,Ministry of Road Transport and Highways (MoRTH),State PWD (Highways),Gujarat,EPC,Urban Dense,964.51,964.51,257.52,22.29,26.7,2018-01-04,2021-12-04,2021-12-04,2018-10-17,2022-02-12,1025.37,2.3,0,6.31,0
PRJ-SYN-0278,SNAP-PRJ-SYN-0278-Q2,Border Road Strategic Connectivity Link 97,Highways,Ministry of Road Transport and Highways (MoRTH),State PWD (Highways),Gujarat,EPC,Urban Dense,964.51,964.51,577.36,62.06,59.86,2018-01-04,2021-12-04,2021-12-04,2020-07-21,2022-02-12,1025.37,2.3,0,6.31,0
PRJ-SYN-0278,SNAP-PRJ-SYN-0278-Q3,Border Road Strategic Connectivity Link 97,Highways,Ministry of Road Transport and Highways (MoRTH),State PWD (Highways),Gujarat,EPC,Urban Dense,964.51,964.51,777.4,82.92,80.6,2018-01-04,2021-12-04,2021-12-04,2021-02-21,2022-02-12,1025.37,2.3,0,6.31,0
PRJ-SYN-0278,SNAP-PRJ-SYN-0278-Q4,Border Road Strategic Connectivity Link 97,Highways,Ministry of Road Transport and Highways (MoRTH),State PWD (Highways),Gujarat,EPC,Urban Dense,964.51,987.17,889.64,87.76,90.12,2018-01-04,2021-12-04,2022-03-17,2021-07-14,2022-02-12,1025.37,2.3,0,6.31,0
PRJ-SYN-0279,SNAP-PRJ-SYN-0279-Q1,765kV High Voltage Transmission Substation,Power & Renewable Energy,Ministry of Power / MNRE,SJVN Limited,Andhra Pradesh,EPC,Coastal,580.11,580.11,146.71,20.53,25.29,2023-03-21,2025-12-19,2025-12-19,2023-10-07,2026-01-03,613.52,0.5,0,5.76,0
PRJ-SYN-0279,SNAP-PRJ-SYN-0279-Q2,765kV High Voltage Transmission Substation,Power & Renewable Energy,Ministry of Power / MNRE,SJVN Limited,Andhra Pradesh,EPC,Coastal,580.11,608.95,214.41,32.1,35.21,2023-03-21,2025-12-19,2025-12-19,2024-03-06,2026-01-03,613.52,0.5,0,5.76,0
PRJ-SYN-0279,SNAP-PRJ-SYN-0279-Q3,765kV High Voltage Transmission Substation,Power & Renewable Energy,Ministry of Power / MNRE,SJVN Limited,Andhra Pradesh,EPC,Coastal,580.11,585.94,299.83,51.43,51.17,2023-03-21,2025-12-19,2025-12-19,2024-08-04,2026-01-03,613.52,0.5,0,5.76,0
PRJ-SYN-0280,SNAP-PRJ-SYN-0280-Q1,765kV High Voltage Transmission Substation,Power & Renewable Energy,Ministry of Power / MNRE,Solar Energy Corporation of India (SECI),West Bengal,Turnkey,Plains,303.43,303.43,116.03,34.1,38.24,2018-07-21,2020-11-19,2020-11-19,2019-05-15,2020-12-13,305.46,0.8,0,0.67,0
PRJ-SYN-0280,SNAP-PRJ-SYN-0280-Q2,765kV High Voltage Transmission Substation,Power & Renewable Energy,Ministry of Power / MNRE,Solar Energy Corporation of India (SECI),West Bengal,Turnkey,Plains,303.43,317.02,210.06,66.31,66.26,2018-07-21,2020-11-19,2020-11-19,2020-01-25,2020-12-13,305.46,0.8,0,0.67,0
PRJ-SYN-0280,SNAP-PRJ-SYN-0280-Q3,765kV High Voltage Transmission Substation,Power & Renewable Energy,Ministry of Power / MNRE,Solar Energy Corporation of India (SECI),West Bengal,Turnkey,Plains,303.43,303.43,265.68,89.08,87.56,2018-07-21,2020-11-19,2020-11-19,2020-08-26,2020-12-13,305.46,0.8,0,0.67,0
PRJ-SYN-0281,SNAP-PRJ-SYN-0281-Q1,Tamil Nadu Ring Metro Transit System Pkg 10,Metro Rail,Ministry of Housing and Urban Affairs (MoHUA),Delhi Metro Rail Corp (DMRC),Tamil Nadu,Turnkey,Plains,2766.11,2766.11,754.87,21.84,27.29,2021-02-05,2026-05-07,2026-05-07,2022-02-23,2026-05-07,2787.13,0.0,0,0.76,0
PRJ-SYN-0281,SNAP-PRJ-SYN-0281-Q2,Tamil Nadu Ring Metro Transit System Pkg 10,Metro Rail,Ministry of Housing and Urban Affairs (MoHUA),Delhi Metro Rail Corp (DMRC),Tamil Nadu,Turnkey,Plains,2766.11,2766.11,1053.33,36.13,38.08,2021-02-05,2026-05-07,2026-05-07,2022-12-08,2026-05-07,2787.13,0.0,0,0.76,0
PRJ-SYN-0281,SNAP-PRJ-SYN-0281-Q3,Tamil Nadu Ring Metro Transit System Pkg 10,Metro Rail,Ministry of Housing and Urban Affairs (MoHUA),Delhi Metro Rail Corp (DMRC),Tamil Nadu,Turnkey,Plains,2766.11,2766.11,1695.9,60.1,61.31,2021-02-05,2026-05-07,2026-05-07,2024-07-05,2026-05-07,2787.13,0.0,0,0.76,0
PRJ-SYN-0281,SNAP-PRJ-SYN-0281-Q4,Tamil Nadu Ring Metro Transit System Pkg 10,Metro Rail,Ministry of Housing and Urban Affairs (MoHUA),Delhi Metro Rail Corp (DMRC),Tamil Nadu,Turnkey,Plains,2766.11,2852.06,2199.22,77.29,77.11,2021-02-05,2026-05-07,2026-06-14,2025-04-19,2026-05-07,2787.13,0.0,0,0.76,0
PRJ-SYN-0282,SNAP-PRJ-SYN-0282-Q1,Andhra Pradesh Economic Corridor Pkg 64,Highways,Ministry of Road Transport and Highways (MoRTH),National Highways Authority of India (NHAI),Andhra Pradesh,EPC,Urban Dense,578.25,588.22,115.0,16.24,19.55,2019-08-03,2023-02-01,2023-02-01,2020-04-14,2023-05-21,666.72,3.6,1,15.3,1
PRJ-SYN-0282,SNAP-PRJ-SYN-0282-Q2,Andhra Pradesh Economic Corridor Pkg 64,Highways,Ministry of Road Transport and Highways (MoRTH),National Highways Authority of India (NHAI),Andhra Pradesh,EPC,Urban Dense,578.25,622.21,466.66,65.9,75.0,2019-08-03,2023-02-01,2023-02-01,2021-11-10,2023-05-21,666.72,3.6,1,15.3,1
PRJ-SYN-0283,SNAP-PRJ-SYN-0283-Q1,Uttar Pradesh Smart City Water Supply Augmentation,Urban Water & Sanitation,Ministry of Housing and Urban Affairs (MoHUA),NBCC (India) Limited,Uttar Pradesh,Item Rate,Plains,808.17,808.17,344.85,37.53,42.67,2019-07-25,2021-09-23,2021-09-23,2020-04-26,2021-09-23,860.3,0.0,0,6.45,0
PRJ-SYN-0283,SNAP-PRJ-SYN-0283-Q2,Uttar Pradesh Smart City Water Supply Augmentation,Urban Water & Sanitation,Ministry of Housing and Urban Affairs (MoHUA),NBCC (India) Limited,Uttar Pradesh,Item Rate,Plains,808.17,808.17,748.69,90.07,92.64,2019-07-25,2021-09-23,2021-09-23,2021-07-06,2021-09-23,860.3,0.0,0,6.45,0
PRJ-SYN-0284,SNAP-PRJ-SYN-0284-Q1,Liquid Cargo Jetty & Breakwater Expansion,Ports & Shipping,"Ministry of Ports, Shipping and Waterways (MoPSW)",Jawaharlal Nehru Port Trust (JNPT),Uttar Pradesh,EPC,Plains,342.21,342.21,111.15,35.31,32.48,2019-08-12,2022-09-11,2022-09-11,2020-09-09,2022-09-11,342.72,0.0,0,0.15,0
PRJ-SYN-0284,SNAP-PRJ-SYN-0284-Q2,Liquid Cargo Jetty & Breakwater Expansion,Ports & Shipping,"Ministry of Ports, Shipping and Waterways (MoPSW)",Jawaharlal Nehru Port Trust (JNPT),Uttar Pradesh,EPC,Plains,342.21,342.21,170.87,50.45,49.93,2019-08-12,2022-09-11,2022-09-11,2021-02-25,2022-09-11,342.72,0.0,0,0.15,0
PRJ-SYN-0284,SNAP-PRJ-SYN-0284-Q3,Liquid Cargo Jetty & Breakwater Expansion,Ports & Shipping,"Ministry of Ports, Shipping and Waterways (MoPSW)",Jawaharlal Nehru Port Trust (JNPT),Uttar Pradesh,EPC,Plains,342.21,342.21,204.85,59.32,59.86,2019-08-12,2022-09-11,2022-09-11,2021-08-13,2022-09-11,342.72,0.0,0,0.15,0
PRJ-SYN-0284,SNAP-PRJ-SYN-0284-Q4,Liquid Cargo Jetty & Breakwater Expansion,Ports & Shipping,"Ministry of Ports, Shipping and Waterways (MoPSW)",Jawaharlal Nehru Port Trust (JNPT),Uttar Pradesh,EPC,Plains,342.21,342.21,330.4,90.93,96.55,2019-08-12,2022-09-11,2022-11-27,2022-05-21,2022-09-11,342.72,0.0,0,0.15,0
PRJ-SYN-0285,SNAP-PRJ-SYN-0285-Q1,Border Road Strategic Connectivity Link 21,Highways,Ministry of Road Transport and Highways (MoRTH),State PWD (Highways),Jammu & Kashmir,EPC,Plains,1522.51,1522.51,522.07,33.1,34.29,2019-02-19,2021-06-20,2021-06-20,2019-12-14,2021-06-26,1566.97,0.2,0,2.92,0
PRJ-SYN-0285,SNAP-PRJ-SYN-0285-Q2,Border Road Strategic Connectivity Link 21,Highways,Ministry of Road Transport and Highways (MoRTH),State PWD (Highways),Jammu & Kashmir,EPC,Plains,1522.51,1522.51,696.09,46.86,45.72,2019-02-19,2021-06-20,2021-08-28,2020-04-20,2021-06-26,1566.97,0.2,0,2.92,0
PRJ-SYN-0285,SNAP-PRJ-SYN-0285-Q3,Border Road Strategic Connectivity Link 21,Highways,Ministry of Road Transport and Highways (MoRTH),State PWD (Highways),Jammu & Kashmir,EPC,Plains,1522.51,1522.51,1113.72,67.78,73.15,2019-02-19,2021-06-20,2021-06-20,2020-08-25,2021-06-26,1566.97,0.2,0,2.92,0
PRJ-SYN-0285,SNAP-PRJ-SYN-0285-Q4,Border Road Strategic Connectivity Link 21,Highways,Ministry of Road Transport and Highways (MoRTH),State PWD (Highways),Jammu & Kashmir,EPC,Plains,1522.51,1522.51,1443.34,89.73,94.8,2019-02-19,2021-06-20,2021-08-13,2021-03-27,2021-06-26,1566.97,0.2,0,2.92,0
PRJ-SYN-0286,SNAP-PRJ-SYN-0286-Q1,High-Speed Rail Corridor Link 92,Railways,Ministry of Railways (MoR),Rail Vikas Nigam Ltd (RVNL),Gujarat,EPC,Plains,425.99,425.99,120.21,22.06,28.22,2019-09-20,2022-08-20,2023-04-20,2021-03-05,2024-08-28,525.54,24.3,1,23.37,1
PRJ-SYN-0286,SNAP-PRJ-SYN-0286-Q2,High-Speed Rail Corridor Link 92,Railways,Ministry of Railways (MoR),Rail Vikas Nigam Ltd (RVNL),Gujarat,EPC,Plains,425.99,472.38,215.88,40.78,45.7,2019-09-20,2022-08-20,2022-08-20,2021-08-12,2024-08-28,525.54,24.3,1,23.37,1
PRJ-SYN-0286,SNAP-PRJ-SYN-0286-Q3,High-Speed Rail Corridor Link 92,Railways,Ministry of Railways (MoR),Rail Vikas Nigam Ltd (RVNL),Gujarat,EPC,Plains,425.99,483.11,287.55,48.18,59.52,2019-09-20,2022-08-20,2024-02-12,2022-01-19,2024-08-28,525.54,24.3,1,23.37,1
PRJ-SYN-0286,SNAP-PRJ-SYN-0286-Q4,High-Speed Rail Corridor Link 92,Railways,Ministry of Railways (MoR),Rail Vikas Nigam Ltd (RVNL),Gujarat,EPC,Plains,425.99,508.43,355.55,67.53,69.93,2019-09-20,2022-08-20,2024-05-12,2022-05-05,2024-08-28,525.54,24.3,1,23.37,1
PRJ-SYN-0287,SNAP-PRJ-SYN-0287-Q1,Maharashtra Economic Corridor Pkg 76,Highways,Ministry of Road Transport and Highways (MoRTH),National Highways Authority of India (NHAI),Maharashtra,EPC,Plains,868.76,868.76,159.94,14.1,18.41,2022-04-24,2025-10-23,2025-10-23,2023-01-04,2025-12-28,894.04,2.2,0,2.91,0
PRJ-SYN-0287,SNAP-PRJ-SYN-0287-Q2,Maharashtra Economic Corridor Pkg 76,Highways,Ministry of Road Transport and Highways (MoRTH),National Highways Authority of India (NHAI),Maharashtra,EPC,Plains,868.76,868.76,281.13,34.94,32.36,2022-04-24,2025-10-23,2025-10-23,2023-07-15,2025-12-28,894.04,2.2,0,2.91,0
PRJ-SYN-0287,SNAP-PRJ-SYN-0287-Q3,Maharashtra Economic Corridor Pkg 76,Highways,Ministry of Road Transport and Highways (MoRTH),National Highways Authority of India (NHAI),Maharashtra,EPC,Plains,868.76,903.61,486.32,48.88,53.82,2022-04-24,2025-10-23,2025-10-23,2024-01-23,2025-12-28,894.04,2.2,0,2.91,0
PRJ-SYN-0288,SNAP-PRJ-SYN-0288-Q1,Maharashtra Station Redevelopment & Quadrupling,Railways,Ministry of Railways (MoR),CORE,Maharashtra,Item Rate,Plains,1042.92,1042.92,284.93,21.32,27.32,2023-10-03,2029-05-03,2029-05-03,2024-11-13,2029-08-02,1281.23,3.0,1,22.85,1
PRJ-SYN-0288,SNAP-PRJ-SYN-0288-Q2,Maharashtra Station Redevelopment & Quadrupling,Railways,Ministry of Railways (MoR),CORE,Maharashtra,Item Rate,Plains,1042.92,1129.99,638.44,46.07,56.5,2023-10-03,2029-05-03,2029-06-01,2026-07-18,2029-08-02,1281.23,3.0,1,22.85,1
PRJ-SYN-0288,SNAP-PRJ-SYN-0288-Q3,Maharashtra Station Redevelopment & Quadrupling,Railways,Ministry of Railways (MoR),CORE,Maharashtra,Item Rate,Plains,1042.92,1193.81,1015.69,77.06,85.08,2023-10-03,2029-05-03,2029-07-02,2028-03-21,2029-08-02,1281.23,3.0,1,22.85,1
PRJ-SYN-0288,SNAP-PRJ-SYN-0288-Q4,Maharashtra Station Redevelopment & Quadrupling,Railways,Ministry of Railways (MoR),CORE,Maharashtra,Item Rate,Plains,1042.92,1202.82,1203.18,90.32,100.03,2023-10-03,2029-05-03,2029-07-31,2028-10-11,2029-08-02,1281.23,3.0,1,22.85,1
PRJ-SYN-0289,SNAP-PRJ-SYN-0289-Q1,Jammu & Kashmir Pumped Storage Hydro Project Phase IV,Power & Renewable Energy,Ministry of Power / MNRE,SJVN Limited,Jammu & Kashmir,EPC,Plains,2107.43,2107.43,459.21,19.57,21.79,2023-03-25,2028-07-24,2028-07-24,2024-04-17,2028-08-20,2218.7,0.9,0,5.28,0
PRJ-SYN-0289,SNAP-PRJ-SYN-0289-Q2,Jammu & Kashmir Pumped Storage Hydro Project Phase IV,Power & Renewable Energy,Ministry of Power / MNRE,SJVN Limited,Jammu & Kashmir,EPC,Plains,2107.43,2107.43,1705.75,83.59,80.94,2023-03-25,2028-07-24,2028-07-24,2027-06-30,2028-08-20,2218.7,0.9,0,5.28,0
PRJ-SYN-0289,SNAP-PRJ-SYN-0289-Q3,Jammu & Kashmir Pumped Storage Hydro Project Phase IV,Power & Renewable Energy,Ministry of Power / MNRE,SJVN Limited,Jammu & Kashmir,EPC,Plains,2107.43,2107.43,1882.78,85.44,89.34,2023-03-25,2028-07-24,2028-07-24,2028-01-11,2028-08-20,2218.7,0.9,0,5.28,0
PRJ-SYN-0290,SNAP-PRJ-SYN-0290-Q1,Freight Corridor Feeder Line 15,Railways,Ministry of Railways (MoR),Dedicated Freight Corridor Corp (DFCCIL),Maharashtra,EPC,Plains,4141.29,4141.29,908.6,24.23,21.94,2021-09-10,2025-08-10,2025-08-10,2023-01-23,2026-07-19,4505.72,11.3,1,8.8,0
PRJ-SYN-0290,SNAP-PRJ-SYN-0290-Q2,Freight Corridor Feeder Line 15,Railways,Ministry of Railways (MoR),Dedicated Freight Corridor Corp (DFCCIL),Maharashtra,EPC,Plains,4141.29,4141.29,2442.12,57.01,58.97,2021-09-10,2025-08-10,2025-08-10,2024-03-27,2026-07-19,4505.72,11.3,1,8.8,0
PRJ-SYN-0290,SNAP-PRJ-SYN-0290-Q3,Freight Corridor Feeder Line 15,Railways,Ministry of Railways (MoR),Dedicated Freight Corridor Corp (DFCCIL),Maharashtra,EPC,Plains,4141.29,4345.76,3181.53,71.77,73.21,2021-09-10,2025-08-10,2026-02-17,2024-10-28,2026-07-19,4505.72,11.3,1,8.8,0
PRJ-SYN-0290,SNAP-PRJ-SYN-0290-Q4,Freight Corridor Feeder Line 15,Railways,Ministry of Railways (MoR),Dedicated Freight Corridor Corp (DFCCIL),Maharashtra,EPC,Plains,4141.29,4141.29,3614.93,84.29,87.29,2021-09-10,2025-08-10,2026-05-22,2025-03-20,2026-07-19,4505.72,11.3,1,8.8,0
PRJ-SYN-0291,SNAP-PRJ-SYN-0291-Q1,Himachal Pradesh Rail Doubling & Third Line Section,Railways,Ministry of Railways (MoR),CORE,Himachal Pradesh,EPC,Plains,16974.39,16974.39,6360.3,32.08,37.47,2020-02-17,2024-11-16,2024-11-16,2021-10-16,2025-01-12,17144.13,1.9,0,1.0,0
PRJ-SYN-0291,SNAP-PRJ-SYN-0291-Q2,Himachal Pradesh Rail Doubling & Third Line Section,Railways,Ministry of Railways (MoR),CORE,Himachal Pradesh,EPC,Plains,16974.39,16974.39,13307.92,81.22,78.4,2020-02-17,2024-11-16,2024-11-16,2023-12-05,2025-01-12,17144.13,1.9,0,1.0,0
PRJ-SYN-0292,SNAP-PRJ-SYN-0292-Q1,765kV High Voltage Transmission Substation,Power & Renewable Energy,Ministry of Power / MNRE,Solar Energy Corporation of India (SECI),West Bengal,BOT,Plains,550.76,569.51,171.19,26.05,30.06,2023-04-02,2027-01-31,2027-04-09,2024-01-07,2027-03-08,574.17,1.2,0,4.25,0
PRJ-SYN-0292,SNAP-PRJ-SYN-0292-Q2,765kV High Voltage Transmission Substation,Power & Renewable Energy,Ministry of Power / MNRE,Solar Energy Corporation of India (SECI),West Bengal,BOT,Plains,550.76,550.76,352.93,65.69,64.08,2023-04-02,2027-01-31,2027-01-31,2025-09-28,2027-03-08,574.17,1.2,0,4.25,0
PRJ-SYN-0293,SNAP-PRJ-SYN-0293-Q1,Rajasthan Station Redevelopment & Quadrupling,Railways,Ministry of Railways (MoR),Dedicated Freight Corridor Corp (DFCCIL),Rajasthan,EPC,Plains,2506.75,2506.75,535.69,17.48,21.37,2018-01-23,2022-06-24,2022-06-24,2018-12-11,2022-06-24,2547.61,0.0,0,1.63,0
PRJ-SYN-0293,SNAP-PRJ-SYN-0293-Q2,Rajasthan Station Redevelopment & Quadrupling,Railways,Ministry of Railways (MoR),Dedicated Freight Corridor Corp (DFCCIL),Rajasthan,EPC,Plains,2506.75,2597.39,2505.96,93.65,96.48,2018-01-23,2022-06-24,2022-06-24,2022-01-13,2022-06-24,2547.61,0.0,0,1.63,0
PRJ-SYN-0294,SNAP-PRJ-SYN-0294-Q1,Border Road Strategic Connectivity Link 76,Highways,Ministry of Road Transport and Highways (MoRTH),National Highways Authority of India (NHAI),Maharashtra,EPC,Coastal,455.56,455.56,83.41,21.23,18.31,2023-05-06,2026-04-05,2026-04-05,2023-12-05,2026-05-29,463.76,1.8,0,1.8,0
PRJ-SYN-0294,SNAP-PRJ-SYN-0294-Q2,Border Road Strategic Connectivity Link 76,Highways,Ministry of Road Transport and Highways (MoRTH),National Highways Authority of India (NHAI),Maharashtra,EPC,Coastal,455.56,455.56,167.14,34.17,36.69,2023-05-06,2026-04-05,2026-05-07,2024-05-12,2026-05-29,463.76,1.8,0,1.8,0
PRJ-SYN-0294,SNAP-PRJ-SYN-0294-Q3,Border Road Strategic Connectivity Link 76,Highways,Ministry of Road Transport and Highways (MoRTH),National Highways Authority of India (NHAI),Maharashtra,EPC,Coastal,455.56,455.56,237.8,51.46,52.2,2023-05-06,2026-04-05,2026-04-05,2024-10-19,2026-05-29,463.76,1.8,0,1.8,0
PRJ-SYN-0295,SNAP-PRJ-SYN-0295-Q1,Freight Corridor Feeder Line 44,Railways,Ministry of Railways (MoR),Dedicated Freight Corridor Corp (DFCCIL),Uttar Pradesh,HAM,Coastal,1264.17,1303.82,312.0,18.76,23.93,2018-05-23,2024-04-22,2024-04-22,2019-07-29,2024-06-06,1285.66,1.5,0,1.7,0
PRJ-SYN-0295,SNAP-PRJ-SYN-0295-Q2,Freight Corridor Feeder Line 44,Railways,Ministry of Railways (MoR),Dedicated Freight Corridor Corp (DFCCIL),Uttar Pradesh,HAM,Coastal,1264.17,1264.17,393.16,33.47,31.1,2018-05-23,2024-04-22,2024-04-22,2020-06-17,2024-06-06,1285.66,1.5,0,1.7,0
PRJ-SYN-0295,SNAP-PRJ-SYN-0295-Q3,Freight Corridor Feeder Line 44,Railways,Ministry of Railways (MoR),Dedicated Freight Corridor Corp (DFCCIL),Uttar Pradesh,HAM,Coastal,1264.17,1264.17,794.53,57.34,62.85,2018-05-23,2024-04-22,2024-04-22,2022-03-27,2024-06-06,1285.66,1.5,0,1.7,0
PRJ-SYN-0295,SNAP-PRJ-SYN-0295-Q4,Freight Corridor Feeder Line 44,Railways,Ministry of Railways (MoR),Dedicated Freight Corridor Corp (DFCCIL),Uttar Pradesh,HAM,Coastal,1264.17,1264.17,1119.55,87.18,88.56,2018-05-23,2024-04-22,2024-04-22,2023-09-18,2024-06-06,1285.66,1.5,0,1.7,0
PRJ-SYN-0296,SNAP-PRJ-SYN-0296-Q1,Madhya Pradesh Metro Corridor Elevated Extension Phase I,Metro Rail,Ministry of Housing and Urban Affairs (MoHUA),UP Metro Rail Corp (UPMRC),Madhya Pradesh,EPC,Coastal,5864.37,5864.37,1266.12,17.81,21.59,2019-06-06,2027-07-06,2027-08-24,2021-01-16,2028-06-23,6392.16,11.6,1,9.0,0
PRJ-SYN-0296,SNAP-PRJ-SYN-0296-Q2,Madhya Pradesh Metro Corridor Elevated Extension Phase I,Metro Rail,Ministry of Housing and Urban Affairs (MoHUA),UP Metro Rail Corp (UPMRC),Madhya Pradesh,EPC,Coastal,5864.37,5864.37,4683.29,74.2,79.86,2019-06-06,2027-07-06,2028-04-17,2025-11-22,2028-06-23,6392.16,11.6,1,9.0,0
PRJ-SYN-0296,SNAP-PRJ-SYN-0296-Q3,Madhya Pradesh Metro Corridor Elevated Extension Phase I,Metro Rail,Ministry of Housing and Urban Affairs (MoHUA),UP Metro Rail Corp (UPMRC),Madhya Pradesh,EPC,Coastal,5864.37,5864.37,5135.43,85.91,87.57,2019-06-06,2027-07-06,2028-04-23,2026-09-14,2028-06-23,6392.16,11.6,1,9.0,0
PRJ-SYN-0297,SNAP-PRJ-SYN-0297-Q1,Tamil Nadu Ring Metro Transit System Pkg 15,Metro Rail,Ministry of Housing and Urban Affairs (MoHUA),Bangalore Metro Rail Corp (BMRCL),Tamil Nadu,HAM,Hilly/Mountainous,3053.02,3053.02,1210.83,34.68,39.66,2019-01-16,2023-01-16,2023-01-16,2020-06-10,2023-02-24,3162.32,1.3,0,3.58,0
PRJ-SYN-0297,SNAP-PRJ-SYN-0297-Q2,Tamil Nadu Ring Metro Transit System Pkg 15,Metro Rail,Ministry of Housing and Urban Affairs (MoHUA),Bangalore Metro Rail Corp (BMRCL),Tamil Nadu,HAM,Hilly/Mountainous,3053.02,3053.02,1771.06,60.14,58.01,2019-01-16,2023-01-16,2023-01-16,2021-08-22,2023-02-24,3162.32,1.3,0,3.58,0
PRJ-SYN-0297,SNAP-PRJ-SYN-0297-Q3,Tamil Nadu Ring Metro Transit System Pkg 15,Metro Rail,Ministry of Housing and Urban Affairs (MoHUA),Bangalore Metro Rail Corp (BMRCL),Tamil Nadu,HAM,Hilly/Mountainous,3053.02,3053.02,2423.79,77.88,79.39,2019-01-16,2023-01-16,2023-01-16,2022-03-29,2023-02-24,3162.32,1.3,0,3.58,0
PRJ-SYN-0298,SNAP-PRJ-SYN-0298-Q1,Odisha Pumped Storage Hydro Project Phase IV,Power & Renewable Energy,Ministry of Power / MNRE,NTPC Limited,Odisha,EPC,Coastal,2344.89,2344.89,348.92,12.84,14.88,2019-07-24,2023-08-23,2023-08-23,2020-05-17,2023-10-01,2388.5,1.3,0,1.86,0
PRJ-SYN-0298,SNAP-PRJ-SYN-0298-Q2,Odisha Pumped Storage Hydro Project Phase IV,Power & Renewable Energy,Ministry of Power / MNRE,NTPC Limited,Odisha,EPC,Coastal,2344.89,2440.2,1298.92,51.35,53.23,2019-07-24,2023-08-23,2023-08-23,2021-08-07,2023-10-01,2388.5,1.3,0,1.86,0
PRJ-SYN-0298,SNAP-PRJ-SYN-0298-Q3,Odisha Pumped Storage Hydro Project Phase IV,Power & Renewable Energy,Ministry of Power / MNRE,NTPC Limited,Odisha,EPC,Coastal,2344.89,2344.89,2207.24,88.6,94.13,2019-07-24,2023-08-23,2023-10-31,2023-03-27,2023-10-01,2388.5,1.3,0,1.86,0
PRJ-SYN-0299,SNAP-PRJ-SYN-0299-Q1,Haryana Express Highway Corridor Phase II,Highways,Ministry of Road Transport and Highways (MoRTH),National Highways Authority of India (NHAI),Haryana,EPC,Plains,191.55,198.15,99.02,48.39,49.97,2018-07-03,2021-03-03,2021-03-03,2019-11-02,2021-03-03,193.89,0.0,0,1.22,0
PRJ-SYN-0299,SNAP-PRJ-SYN-0299-Q2,Haryana Express Highway Corridor Phase II,Highways,Ministry of Road Transport and Highways (MoRTH),National Highways Authority of India (NHAI),Haryana,EPC,Plains,191.55,191.55,155.46,77.73,81.16,2018-07-03,2021-03-03,2021-03-03,2020-08-20,2021-03-03,193.89,0.0,0,1.22,0
PRJ-SYN-0299,SNAP-PRJ-SYN-0299-Q3,Haryana Express Highway Corridor Phase II,Highways,Ministry of Road Transport and Highways (MoRTH),National Highways Authority of India (NHAI),Haryana,EPC,Plains,191.55,191.55,179.79,88.8,93.86,2018-07-03,2021-03-03,2021-03-03,2020-11-25,2021-03-03,193.89,0.0,0,1.22,0
PRJ-SYN-0300,SNAP-PRJ-SYN-0300-Q1,Border Road Strategic Connectivity Link 57,Highways,Ministry of Road Transport and Highways (MoRTH),National Highways Authority of India (NHAI),Punjab,EPC,Plains,459.14,459.14,158.17,33.19,34.45,2020-10-26,2022-12-26,2022-12-26,2021-07-29,2023-02-03,462.95,1.3,0,0.83,0
PRJ-SYN-0300,SNAP-PRJ-SYN-0300-Q2,Border Road Strategic Connectivity Link 57,Highways,Ministry of Road Transport and Highways (MoRTH),National Highways Authority of India (NHAI),Punjab,EPC,Plains,459.14,459.14,376.72,77.68,82.05,2020-10-26,2022-12-26,2023-03-06,2022-07-21,2023-02-03,462.95,1.3,0,0.83,0
PRJ-SYN-0300,SNAP-PRJ-SYN-0300-Q3,Border Road Strategic Connectivity Link 57,Highways,Ministry of Road Transport and Highways (MoRTH),National Highways Authority of India (NHAI),Punjab,EPC,Plains,459.14,476.01,453.45,95.7,95.26,2020-10-26,2022-12-26,2022-12-26,2022-10-08,2023-02-03,462.95,1.3,0,0.83,0
PRJ-SYN-0301,SNAP-PRJ-SYN-0301-Q1,Himachal Pradesh Economic Corridor Pkg 35,Highways,Ministry of Road Transport and Highways (MoRTH),NHIDCL,Himachal Pradesh,Item Rate,Coastal,1346.75,1346.75,186.39,15.13,13.84,2022-04-05,2026-05-05,2026-08-04,2023-01-28,2026-05-29,1381.36,0.8,0,2.57,0
PRJ-SYN-0301,SNAP-PRJ-SYN-0301-Q2,Himachal Pradesh Economic Corridor Pkg 35,Highways,Ministry of Road Transport and Highways (MoRTH),NHIDCL,Himachal Pradesh,Item Rate,Coastal,1346.75,1346.75,829.6,63.89,61.6,2022-04-05,2026-05-05,2026-05-05,2024-11-29,2026-05-29,1381.36,0.8,0,2.57,0
PRJ-SYN-0302,SNAP-PRJ-SYN-0302-Q1,Freight Corridor Feeder Line 52,Railways,Ministry of Railways (MoR),Rail Vikas Nigam Ltd (RVNL),Karnataka,EPC,Coastal,1541.69,1541.69,340.87,18.28,22.11,2023-07-28,2026-09-26,2026-09-26,2024-03-15,2026-11-04,1605.82,1.3,0,4.16,0
PRJ-SYN-0302,SNAP-PRJ-SYN-0302-Q2,Freight Corridor Feeder Line 52,Railways,Ministry of Railways (MoR),Rail Vikas Nigam Ltd (RVNL),Karnataka,EPC,Coastal,1541.69,1595.5,744.14,49.16,46.64,2023-07-28,2026-09-26,2026-09-26,2025-02-25,2026-11-04,1605.82,1.3,0,4.16,0
PRJ-SYN-0302,SNAP-PRJ-SYN-0302-Q3,Freight Corridor Feeder Line 52,Railways,Ministry of Railways (MoR),Rail Vikas Nigam Ltd (RVNL),Karnataka,EPC,Coastal,1541.69,1541.69,1138.08,74.27,73.82,2023-07-28,2026-09-26,2026-09-26,2025-08-17,2026-11-04,1605.82,1.3,0,4.16,0
PRJ-SYN-0302,SNAP-PRJ-SYN-0302-Q4,Freight Corridor Feeder Line 52,Railways,Ministry of Railways (MoR),Rail Vikas Nigam Ltd (RVNL),Karnataka,EPC,Coastal,1541.69,1563.65,1475.15,90.84,94.34,2023-07-28,2026-09-26,2026-09-26,2026-06-02,2026-11-04,1605.82,1.3,0,4.16,0
PRJ-SYN-0303,SNAP-PRJ-SYN-0303-Q1,NH-72 4/6-Laning Bypass & Viaduct,Highways,Ministry of Road Transport and Highways (MoRTH),State PWD (Highways),Telangana,EPC,Plains,3139.68,3139.68,317.42,12.83,10.11,2019-12-09,2022-05-09,2022-05-09,2020-06-02,2022-12-17,3363.85,7.3,1,7.14,0
PRJ-SYN-0303,SNAP-PRJ-SYN-0303-Q2,NH-72 4/6-Laning Bypass & Viaduct,Highways,Ministry of Road Transport and Highways (MoRTH),State PWD (Highways),Telangana,EPC,Plains,3139.68,3139.68,710.51,22.9,22.63,2019-12-09,2022-05-09,2022-07-20,2020-10-12,2022-12-17,3363.85,7.3,1,7.14,0
PRJ-SYN-0304,SNAP-PRJ-SYN-0304-Q1,Border Road Strategic Connectivity Link 68,Highways,Ministry of Road Transport and Highways (MoRTH),State PWD (Highways),Madhya Pradesh,EPC,Coastal,1079.84,1079.84,224.5,22.09,20.79,2018-10-04,2022-09-03,2022-09-03,2019-07-17,2022-09-03,1106.08,0.0,0,2.43,0
PRJ-SYN-0304,SNAP-PRJ-SYN-0304-Q2,Border Road Strategic Connectivity Link 68,Highways,Ministry of Road Transport and Highways (MoRTH),State PWD (Highways),Madhya Pradesh,EPC,Coastal,1079.84,1079.84,402.13,32.49,37.24,2018-10-04,2022-09-03,2022-09-03,2020-02-16,2022-09-03,1106.08,0.0,0,2.43,0
PRJ-SYN-0304,SNAP-PRJ-SYN-0304-Q3,Border Road Strategic Connectivity Link 68,Highways,Ministry of Road Transport and Highways (MoRTH),State PWD (Highways),Madhya Pradesh,EPC,Coastal,1079.84,1079.84,472.43,46.3,43.75,2018-10-04,2022-09-03,2022-09-03,2020-09-18,2022-09-03,1106.08,0.0,0,2.43,0
PRJ-SYN-0304,SNAP-PRJ-SYN-0304-Q4,Border Road Strategic Connectivity Link 68,Highways,Ministry of Road Transport and Highways (MoRTH),State PWD (Highways),Madhya Pradesh,EPC,Coastal,1079.84,1079.84,699.2,62.95,64.75,2018-10-04,2022-09-03,2022-09-03,2021-04-20,2022-09-03,1106.08,0.0,0,2.43,0
PRJ-SYN-0305,SNAP-PRJ-SYN-0305-Q1,Andhra Pradesh Metro Line 94 Underground Section,Metro Rail,Ministry of Housing and Urban Affairs (MoHUA),UP Metro Rail Corp (UPMRC),Andhra Pradesh,HAM,Plains,716.56,716.56,362.72,49.15,50.62,2019-05-09,2023-04-08,2023-07-05,2021-04-23,2023-04-08,757.05,0.0,0,5.65,0
PRJ-SYN-0305,SNAP-PRJ-SYN-0305-Q2,Andhra Pradesh Metro Line 94 Underground Section,Metro Rail,Ministry of Housing and Urban Affairs (MoHUA),UP Metro Rail Corp (UPMRC),Andhra Pradesh,HAM,Plains,716.56,716.56,505.46,64.68,70.54,2019-05-09,2023-04-08,2023-04-08,2021-11-23,2023-04-08,757.05,0.0,0,5.65,0
PRJ-SYN-0305,SNAP-PRJ-SYN-0305-Q3,Andhra Pradesh Metro Line 94 Underground Section,Metro Rail,Ministry of Housing and Urban Affairs (MoHUA),UP Metro Rail Corp (UPMRC),Andhra Pradesh,HAM,Plains,716.56,716.56,589.16,81.14,82.22,2019-05-09,2023-04-08,2023-04-08,2022-06-26,2023-04-08,757.05,0.0,0,5.65,0
PRJ-SYN-0306,SNAP-PRJ-SYN-0306-Q1,Freight Corridor Feeder Line 19,Railways,Ministry of Railways (MoR),CORE,Karnataka,EPC,Hilly/Mountainous,3885.14,3964.56,325.49,5.0,8.21,2019-10-04,2024-07-03,2024-10-31,2020-09-14,2026-12-02,4715.01,29.0,1,21.36,1
PRJ-SYN-0306,SNAP-PRJ-SYN-0306-Q2,Freight Corridor Feeder Line 19,Railways,Ministry of Railways (MoR),CORE,Karnataka,EPC,Hilly/Mountainous,3885.14,3885.14,698.16,14.22,17.97,2019-10-04,2024-07-03,2024-07-03,2021-06-02,2026-12-02,4715.01,29.0,1,21.36,1
PRJ-SYN-0307,SNAP-PRJ-SYN-0307-Q1,Karnataka Metro Corridor Elevated Extension Phase III,Metro Rail,Ministry of Housing and Urban Affairs (MoHUA),Chennai Metro Rail Ltd (CMRL),Karnataka,EPC,Coastal,1567.28,1567.28,758.09,44.08,48.37,2022-06-25,2026-10-24,2026-11-29,2024-08-24,2027-02-22,1595.8,4.0,1,1.82,0
PRJ-SYN-0307,SNAP-PRJ-SYN-0307-Q2,Karnataka Metro Corridor Elevated Extension Phase III,Metro Rail,Ministry of Housing and Urban Affairs (MoHUA),Chennai Metro Rail Ltd (CMRL),Karnataka,EPC,Coastal,1567.28,1567.28,880.81,58.61,56.2,2022-06-25,2026-10-24,2026-12-24,2025-04-18,2027-02-22,1595.8,4.0,1,1.82,0
PRJ-SYN-0308,SNAP-PRJ-SYN-0308-Q1,Uttar Pradesh Economic Corridor Pkg 21,Highways,Ministry of Road Transport and Highways (MoRTH),NHIDCL,Uttar Pradesh,HAM,Coastal,1879.01,1879.01,382.38,15.92,20.35,2023-05-27,2025-12-25,2025-12-25,2023-12-01,2026-08-10,2006.59,7.5,1,6.79,0
PRJ-SYN-0308,SNAP-PRJ-SYN-0308-Q2,Uttar Pradesh Economic Corridor Pkg 21,Highways,Ministry of Road Transport and Highways (MoRTH),NHIDCL,Uttar Pradesh,HAM,Coastal,1879.01,1879.01,945.71,52.56,50.33,2023-05-27,2025-12-25,2026-05-09,2025-01-29,2026-08-10,2006.59,7.5,1,6.79,0
PRJ-SYN-0308,SNAP-PRJ-SYN-0308-Q3,Uttar Pradesh Economic Corridor Pkg 21,Highways,Ministry of Road Transport and Highways (MoRTH),NHIDCL,Uttar Pradesh,HAM,Coastal,1879.01,1879.01,1299.15,68.63,69.14,2023-05-27,2025-12-25,2026-05-19,2025-06-19,2026-08-10,2006.59,7.5,1,6.79,0
PRJ-SYN-0308,SNAP-PRJ-SYN-0308-Q4,Uttar Pradesh Economic Corridor Pkg 21,Highways,Ministry of Road Transport and Highways (MoRTH),NHIDCL,Uttar Pradesh,HAM,Coastal,1879.01,1879.01,1548.12,79.42,82.39,2023-05-27,2025-12-25,2026-06-20,2025-09-22,2026-08-10,2006.59,7.5,1,6.79,0
PRJ-SYN-0309,SNAP-PRJ-SYN-0309-Q1,NH-41 4/6-Laning Bypass & Viaduct,Highways,Ministry of Road Transport and Highways (MoRTH),NHIDCL,Uttar Pradesh,EPC,Urban Dense,508.62,508.62,42.42,5.0,8.34,2021-09-02,2024-04-02,2024-06-02,2022-03-09,2025-05-27,603.83,13.8,1,18.72,1
PRJ-SYN-0309,SNAP-PRJ-SYN-0309-Q2,NH-41 4/6-Laning Bypass & Viaduct,Highways,Ministry of Road Transport and Highways (MoRTH),NHIDCL,Uttar Pradesh,EPC,Urban Dense,508.62,528.65,110.22,12.34,20.85,2021-09-02,2024-04-02,2024-07-04,2022-07-29,2025-05-27,603.83,13.8,1,18.72,1
PRJ-SYN-0309,SNAP-PRJ-SYN-0309-Q3,NH-41 4/6-Laning Bypass & Viaduct,Highways,Ministry of Road Transport and Highways (MoRTH),NHIDCL,Uttar Pradesh,EPC,Urban Dense,508.62,508.62,210.47,33.34,41.38,2021-09-02,2024-04-02,2024-04-02,2022-12-17,2025-05-27,603.83,13.8,1,18.72,1
PRJ-SYN-0309,SNAP-PRJ-SYN-0309-Q4,NH-41 4/6-Laning Bypass & Viaduct,Highways,Ministry of Road Transport and Highways (MoRTH),NHIDCL,Uttar Pradesh,EPC,Urban Dense,508.62,581.89,419.02,67.76,72.01,2021-09-02,2024-04-02,2025-05-16,2023-12-30,2025-05-27,603.83,13.8,1,18.72,1
PRJ-SYN-0310,SNAP-PRJ-SYN-0310-Q1,Border Road Strategic Connectivity Link 22,Highways,Ministry of Road Transport and Highways (MoRTH),NHIDCL,Karnataka,EPC,Urban Dense,4044.2,4044.2,1135.61,23.24,28.08,2018-03-04,2021-12-02,2021-12-02,2018-12-02,2021-12-02,4237.51,0.0,0,4.78,0
PRJ-SYN-0310,SNAP-PRJ-SYN-0310-Q2,Border Road Strategic Connectivity Link 22,Highways,Ministry of Road Transport and Highways (MoRTH),NHIDCL,Karnataka,EPC,Urban Dense,4044.2,4044.2,1552.16,41.27,38.38,2018-03-04,2021-12-02,2021-12-02,2019-06-26,2021-12-02,4237.51,0.0,0,4.78,0
PRJ-SYN-0311,SNAP-PRJ-SYN-0311-Q1,NH-57 4/6-Laning Bypass & Viaduct,Highways,Ministry of Road Transport and Highways (MoRTH),National Highways Authority of India (NHAI),Uttar Pradesh,EPC,Plains,869.7,869.7,240.99,25.32,27.71,2023-11-03,2027-07-04,2027-09-02,2024-07-27,2027-07-04,926.32,0.0,0,6.51,0
PRJ-SYN-0311,SNAP-PRJ-SYN-0311-Q2,NH-57 4/6-Laning Bypass & Viaduct,Highways,Ministry of Road Transport and Highways (MoRTH),National Highways Authority of India (NHAI),Uttar Pradesh,EPC,Plains,869.7,880.92,503.36,52.39,57.14,2023-11-03,2027-07-04,2027-07-04,2025-09-02,2027-07-04,926.32,0.0,0,6.51,0
PRJ-SYN-0311,SNAP-PRJ-SYN-0311-Q3,NH-57 4/6-Laning Bypass & Viaduct,Highways,Ministry of Road Transport and Highways (MoRTH),National Highways Authority of India (NHAI),Uttar Pradesh,EPC,Plains,869.7,869.7,507.04,59.38,58.3,2023-11-03,2027-07-04,2027-07-04,2026-03-22,2027-07-04,926.32,0.0,0,6.51,0
PRJ-SYN-0311,SNAP-PRJ-SYN-0311-Q4,NH-57 4/6-Laning Bypass & Viaduct,Highways,Ministry of Road Transport and Highways (MoRTH),National Highways Authority of India (NHAI),Uttar Pradesh,EPC,Plains,869.7,869.7,748.03,80.49,86.01,2023-11-03,2027-07-04,2027-07-04,2026-10-09,2027-07-04,926.32,0.0,0,6.51,0
PRJ-SYN-0312,SNAP-PRJ-SYN-0312-Q1,High-Speed Rail Corridor Link 26,Railways,Ministry of Railways (MoR),Dedicated Freight Corridor Corp (DFCCIL),Haryana,Item Rate,Coastal,561.85,570.81,84.88,5.0,14.87,2020-02-02,2023-03-04,2023-03-04,2020-09-14,2024-11-23,662.42,20.7,1,17.9,1
PRJ-SYN-0312,SNAP-PRJ-SYN-0312-Q2,High-Speed Rail Corridor Link 26,Railways,Ministry of Railways (MoR),Dedicated Freight Corridor Corp (DFCCIL),Haryana,Item Rate,Coastal,561.85,561.85,130.29,17.64,23.19,2020-02-02,2023-03-04,2023-03-04,2021-03-02,2024-11-23,662.42,20.7,1,17.9,1
PRJ-SYN-0312,SNAP-PRJ-SYN-0312-Q3,High-Speed Rail Corridor Link 26,Railways,Ministry of Railways (MoR),Dedicated Freight Corridor Corp (DFCCIL),Haryana,Item Rate,Coastal,561.85,606.08,311.71,43.95,51.43,2020-02-02,2023-03-04,2023-11-25,2022-02-03,2024-11-23,662.42,20.7,1,17.9,1
PRJ-SYN-0313,SNAP-PRJ-SYN-0313-Q1,Border Road Strategic Connectivity Link 13,Highways,Ministry of Road Transport and Highways (MoRTH),State PWD (Highways),Andhra Pradesh,Item Rate,Hilly/Mountainous,522.69,522.69,73.39,5.0,14.04,2023-07-06,2026-03-06,2027-04-02,2024-06-10,2030-01-13,749.01,46.3,1,43.3,1
PRJ-SYN-0313,SNAP-PRJ-SYN-0313-Q2,Border Road Strategic Connectivity Link 13,Highways,Ministry of Road Transport and Highways (MoRTH),State PWD (Highways),Andhra Pradesh,Item Rate,Hilly/Mountainous,522.69,598.15,69.68,5.0,11.65,2023-07-06,2026-03-06,2027-09-11,2024-11-04,2030-01-13,749.01,46.3,1,43.3,1
PRJ-SYN-0313,SNAP-PRJ-SYN-0313-Q3,Border Road Strategic Connectivity Link 13,Highways,Ministry of Road Transport and Highways (MoRTH),State PWD (Highways),Andhra Pradesh,Item Rate,Hilly/Mountainous,522.69,668.25,304.66,36.23,45.59,2023-07-06,2026-03-06,2029-03-27,2025-11-28,2030-01-13,749.01,46.3,1,43.3,1
PRJ-SYN-0314,SNAP-PRJ-SYN-0314-Q1,Kerala Port Modernization & Coastal Connectivity,Ports & Shipping,"Ministry of Ports, Shipping and Waterways (MoPSW)",Syama Prasad Mookerjee Port,Kerala,EPC,Urban Dense,1097.42,1205.52,209.4,13.68,17.37,2022-10-08,2026-05-08,2026-05-08,2024-07-23,2029-01-09,1386.81,32.1,1,26.37,1
PRJ-SYN-0314,SNAP-PRJ-SYN-0314-Q2,Kerala Port Modernization & Coastal Connectivity,Ports & Shipping,"Ministry of Ports, Shipping and Waterways (MoPSW)",Syama Prasad Mookerjee Port,Kerala,EPC,Urban Dense,1097.42,1215.86,536.44,38.18,44.12,2022-10-08,2026-05-08,2027-12-04,2025-02-04,2029-01-09,1386.81,32.1,1,26.37,1
PRJ-SYN-0314,SNAP-PRJ-SYN-0314-Q3,Kerala Port Modernization & Coastal Connectivity,Ports & Shipping,"Ministry of Ports, Shipping and Waterways (MoPSW)",Syama Prasad Mookerjee Port,Kerala,EPC,Urban Dense,1097.42,1289.84,773.26,53.78,59.95,2022-10-08,2026-05-08,2027-11-16,2025-08-20,2029-01-09,1386.81,32.1,1,26.37,1
PRJ-SYN-0314,SNAP-PRJ-SYN-0314-Q4,Kerala Port Modernization & Coastal Connectivity,Ports & Shipping,"Ministry of Ports, Shipping and Waterways (MoPSW)",Syama Prasad Mookerjee Port,Kerala,EPC,Urban Dense,1097.42,1371.12,995.3,61.64,72.59,2022-10-08,2026-05-08,2027-11-23,2025-12-28,2029-01-09,1386.81,32.1,1,26.37,1
PRJ-SYN-0315,SNAP-PRJ-SYN-0315-Q1,Gujarat Smart City Water Supply Augmentation,Urban Water & Sanitation,Ministry of Housing and Urban Affairs (MoHUA),State Jal Nigam,Gujarat,HAM,Plains,867.23,867.23,178.74,21.92,20.61,2019-07-07,2021-12-05,2021-12-05,2019-12-30,2021-12-29,886.48,0.8,0,2.22,0
PRJ-SYN-0315,SNAP-PRJ-SYN-0315-Q2,Gujarat Smart City Water Supply Augmentation,Urban Water & Sanitation,Ministry of Housing and Urban Affairs (MoHUA),State Jal Nigam,Gujarat,HAM,Plains,867.23,867.23,274.22,33.01,31.62,2019-07-07,2021-12-05,2021-12-05,2020-05-10,2021-12-29,886.48,0.8,0,2.22,0
PRJ-SYN-0315,SNAP-PRJ-SYN-0315-Q3,Gujarat Smart City Water Supply Augmentation,Urban Water & Sanitation,Ministry of Housing and Urban Affairs (MoHUA),State Jal Nigam,Gujarat,HAM,Plains,867.23,867.23,660.22,76.92,76.13,2019-07-07,2021-12-05,2021-12-05,2021-06-12,2021-12-29,886.48,0.8,0,2.22,0
PRJ-SYN-0315,SNAP-PRJ-SYN-0315-Q4,Gujarat Smart City Water Supply Augmentation,Urban Water & Sanitation,Ministry of Housing and Urban Affairs (MoHUA),State Jal Nigam,Gujarat,HAM,Plains,867.23,867.23,827.25,93.3,95.39,2019-07-07,2021-12-05,2021-12-05,2021-09-08,2021-12-29,886.48,0.8,0,2.22,0
PRJ-SYN-0316,SNAP-PRJ-SYN-0316-Q1,Madhya Pradesh Station Redevelopment & Quadrupling,Railways,Ministry of Railways (MoR),IRCON International,Madhya Pradesh,Item Rate,Plains,1469.12,1469.12,452.93,24.98,30.83,2022-06-13,2028-10-12,2028-12-06,2023-09-18,2028-11-14,1523.33,1.1,0,3.69,0
PRJ-SYN-0316,SNAP-PRJ-SYN-0316-Q2,Madhya Pradesh Station Redevelopment & Quadrupling,Railways,Ministry of Railways (MoR),IRCON International,Madhya Pradesh,Item Rate,Plains,1469.12,1469.12,448.82,33.34,30.55,2022-06-13,2028-10-12,2028-10-12,2024-08-30,2028-11-14,1523.33,1.1,0,3.69,0
PRJ-SYN-0316,SNAP-PRJ-SYN-0316-Q3,Madhya Pradesh Station Redevelopment & Quadrupling,Railways,Ministry of Railways (MoR),IRCON International,Madhya Pradesh,Item Rate,Plains,1469.12,1469.12,755.13,50.46,51.4,2022-06-13,2028-10-12,2029-01-02,2025-08-12,2028-11-14,1523.33,1.1,0,3.69,0
PRJ-SYN-0317,SNAP-PRJ-SYN-0317-Q1,Uttar Pradesh Rail Doubling & Third Line Section,Railways,Ministry of Railways (MoR),Rail Vikas Nigam Ltd (RVNL),Uttar Pradesh,EPC,Hilly/Mountainous,4457.11,4457.11,959.62,18.94,21.53,2022-06-25,2029-02-23,2029-02-23,2023-10-25,2029-05-07,4702.7,2.4,0,5.51,0
PRJ-SYN-0317,SNAP-PRJ-SYN-0317-Q2,Uttar Pradesh Rail Doubling & Third Line Section,Railways,Ministry of Railways (MoR),Rail Vikas Nigam Ltd (RVNL),Uttar Pradesh,EPC,Hilly/Mountainous,4457.11,4457.11,1584.5,35.33,35.55,2022-06-25,2029-02-23,2029-02-23,2024-10-24,2029-05-07,4702.7,2.4,0,5.51,0
PRJ-SYN-0317,SNAP-PRJ-SYN-0317-Q3,Uttar Pradesh Rail Doubling & Third Line Section,Railways,Ministry of Railways (MoR),Rail Vikas Nigam Ltd (RVNL),Uttar Pradesh,EPC,Hilly/Mountainous,4457.11,4457.11,3000.97,67.25,67.33,2022-06-25,2029-02-23,2029-02-23,2026-10-24,2029-05-07,4702.7,2.4,0,5.51,0
PRJ-SYN-0317,SNAP-PRJ-SYN-0317-Q4,Uttar Pradesh Rail Doubling & Third Line Section,Railways,Ministry of Railways (MoR),Rail Vikas Nigam Ltd (RVNL),Uttar Pradesh,EPC,Hilly/Mountainous,4457.11,4457.11,4284.17,91.17,96.12,2022-06-25,2029-02-23,2029-02-23,2028-06-24,2029-05-07,4702.7,2.4,0,5.51,0
PRJ-SYN-0318,SNAP-PRJ-SYN-0318-Q1,Freight Corridor Feeder Line 38,Railways,Ministry of Railways (MoR),Rail Vikas Nigam Ltd (RVNL),Odisha,BOT,Plains,23227.78,23227.78,7490.96,32.49,32.25,2021-06-27,2030-02-25,2030-06-02,2024-07-08,2030-04-29,24029.14,2.1,0,3.45,0
PRJ-SYN-0318,SNAP-PRJ-SYN-0318-Q2,Freight Corridor Feeder Line 38,Railways,Ministry of Railways (MoR),Rail Vikas Nigam Ltd (RVNL),Odisha,BOT,Plains,23227.78,23227.78,21508.92,93.29,92.6,2021-06-27,2030-02-25,2030-02-25,2029-04-14,2030-04-29,24029.14,2.1,0,3.45,0
PRJ-SYN-0319,SNAP-PRJ-SYN-0319-Q1,Tamil Nadu Metro Corridor Elevated Extension Phase III,Metro Rail,Ministry of Housing and Urban Affairs (MoHUA),UP Metro Rail Corp (UPMRC),Tamil Nadu,HAM,Plains,7622.22,7622.22,2802.69,32.91,36.77,2023-12-12,2028-07-12,2028-07-12,2025-07-19,2028-10-14,7735.79,3.1,1,1.49,0
PRJ-SYN-0319,SNAP-PRJ-SYN-0319-Q2,Tamil Nadu Metro Corridor Elevated Extension Phase III,Metro Rail,Ministry of Housing and Urban Affairs (MoHUA),UP Metro Rail Corp (UPMRC),Tamil Nadu,HAM,Plains,7622.22,7622.22,4468.15,61.32,58.62,2023-12-12,2028-07-12,2028-08-30,2026-12-04,2028-10-14,7735.79,3.1,1,1.49,0
PRJ-SYN-0319,SNAP-PRJ-SYN-0319-Q3,Tamil Nadu Metro Corridor Elevated Extension Phase III,Metro Rail,Ministry of Housing and Urban Affairs (MoHUA),UP Metro Rail Corp (UPMRC),Tamil Nadu,HAM,Plains,7622.22,7622.22,6138.17,78.54,80.53,2023-12-12,2028-07-12,2028-09-23,2027-08-12,2028-10-14,7735.79,3.1,1,1.49,0
PRJ-SYN-0319,SNAP-PRJ-SYN-0319-Q4,Tamil Nadu Metro Corridor Elevated Extension Phase III,Metro Rail,Ministry of Housing and Urban Affairs (MoHUA),UP Metro Rail Corp (UPMRC),Tamil Nadu,HAM,Plains,7622.22,7727.75,7167.49,87.62,92.75,2023-12-12,2028-07-12,2028-10-12,2028-01-26,2028-10-14,7735.79,3.1,1,1.49,0
PRJ-SYN-0320,SNAP-PRJ-SYN-0320-Q1,High-Speed Rail Corridor Link 14,Railways,Ministry of Railways (MoR),IRCON International,West Bengal,EPC,Plains,3931.81,3931.81,338.92,5.0,8.62,2018-04-20,2022-05-20,2022-05-20,2019-02-12,2023-11-21,4267.59,18.1,1,8.54,0
PRJ-SYN-0320,SNAP-PRJ-SYN-0320-Q2,High-Speed Rail Corridor Link 14,Railways,Ministry of Railways (MoR),IRCON International,West Bengal,EPC,Plains,3931.81,3931.81,2699.58,66.27,68.66,2018-04-20,2022-05-20,2023-04-22,2021-07-26,2023-11-21,4267.59,18.1,1,8.54,0
PRJ-SYN-0321,SNAP-PRJ-SYN-0321-Q1,Uttar Pradesh Metro Line 88 Underground Section,Metro Rail,Ministry of Housing and Urban Affairs (MoHUA),Chennai Metro Rail Ltd (CMRL),Uttar Pradesh,HAM,Plains,784.63,784.63,150.49,21.39,19.18,2019-06-23,2023-10-22,2023-10-22,2020-05-04,2023-11-06,789.42,0.5,0,0.61,0
PRJ-SYN-0321,SNAP-PRJ-SYN-0321-Q2,Uttar Pradesh Metro Line 88 Underground Section,Metro Rail,Ministry of Housing and Urban Affairs (MoHUA),Chennai Metro Rail Ltd (CMRL),Uttar Pradesh,HAM,Plains,784.63,784.63,386.27,46.3,49.23,2019-06-23,2023-10-22,2023-10-22,2021-08-22,2023-11-06,789.42,0.5,0,0.61,0
PRJ-SYN-0322,SNAP-PRJ-SYN-0322-Q1,NH-24 4/6-Laning Bypass & Viaduct,Highways,Ministry of Road Transport and Highways (MoRTH),National Highways Authority of India (NHAI),Maharashtra,HAM,Plains,363.77,363.77,79.12,20.09,21.75,2020-02-12,2022-12-12,2023-03-19,2020-09-05,2023-02-26,366.72,2.5,0,0.81,0
PRJ-SYN-0322,SNAP-PRJ-SYN-0322-Q2,NH-24 4/6-Laning Bypass & Viaduct,Highways,Ministry of Road Transport and Highways (MoRTH),National Highways Authority of India (NHAI),Maharashtra,HAM,Plains,363.77,363.77,117.1,35.07,32.19,2020-02-12,2022-12-12,2022-12-12,2021-02-08,2023-02-26,366.72,2.5,0,0.81,0
PRJ-SYN-0322,SNAP-PRJ-SYN-0322-Q3,NH-24 4/6-Laning Bypass & Viaduct,Highways,Ministry of Road Transport and Highways (MoRTH),National Highways Authority of India (NHAI),Maharashtra,HAM,Plains,363.77,363.77,232.78,66.77,63.99,2020-02-12,2022-12-12,2022-12-12,2021-12-15,2023-02-26,366.72,2.5,0,0.81,0
PRJ-SYN-0322,SNAP-PRJ-SYN-0322-Q4,NH-24 4/6-Laning Bypass & Viaduct,Highways,Ministry of Road Transport and Highways (MoRTH),National Highways Authority of India (NHAI),Maharashtra,HAM,Plains,363.77,363.77,321.25,89.34,88.31,2020-02-12,2022-12-12,2022-12-12,2022-08-31,2023-02-26,366.72,2.5,0,0.81,0
PRJ-SYN-0323,SNAP-PRJ-SYN-0323-Q1,Maharashtra Metro Corridor Elevated Extension Phase II,Metro Rail,Ministry of Housing and Urban Affairs (MoHUA),Mumbai Metropolitan Region Development Authority (MMRDA),Maharashtra,BOT,Plains,1680.71,1768.81,645.62,31.93,36.5,2023-08-21,2029-10-20,2029-12-17,2025-10-17,2030-08-11,2166.1,9.7,1,28.88,1
PRJ-SYN-0323,SNAP-PRJ-SYN-0323-Q2,Maharashtra Metro Corridor Elevated Extension Phase II,Metro Rail,Ministry of Housing and Urban Affairs (MoHUA),Mumbai Metropolitan Region Development Authority (MMRDA),Maharashtra,BOT,Plains,1680.71,1847.42,968.42,46.1,52.42,2023-08-21,2029-10-20,2030-03-12,2026-09-20,2030-08-11,2166.1,9.7,1,28.88,1
PRJ-SYN-0323,SNAP-PRJ-SYN-0323-Q3,Maharashtra Metro Corridor Elevated Extension Phase II,Metro Rail,Ministry of Housing and Urban Affairs (MoHUA),Mumbai Metropolitan Region Development Authority (MMRDA),Maharashtra,BOT,Plains,1680.71,1987.83,1604.78,75.19,80.73,2023-08-21,2029-10-20,2030-05-05,2028-07-26,2030-08-11,2166.1,9.7,1,28.88,1
PRJ-SYN-0324,SNAP-PRJ-SYN-0324-Q1,Punjab Pumped Storage Hydro Project Phase II,Power & Renewable Energy,Ministry of Power / MNRE,Power Grid Corporation (PGCIL),Punjab,EPC,Hilly/Mountainous,2809.6,2809.6,324.79,5.0,11.56,2023-12-10,2028-01-09,2028-01-09,2024-10-03,2029-08-21,3481.38,19.4,1,23.91,1
PRJ-SYN-0324,SNAP-PRJ-SYN-0324-Q2,Punjab Pumped Storage Hydro Project Phase II,Power & Renewable Energy,Ministry of Power / MNRE,Power Grid Corporation (PGCIL),Punjab,EPC,Hilly/Mountainous,2809.6,2921.9,868.97,22.06,29.74,2023-12-10,2028-01-09,2028-07-04,2025-05-15,2029-08-21,3481.38,19.4,1,23.91,1
PRJ-SYN-0325,SNAP-PRJ-SYN-0325-Q1,Himachal Pradesh Rail Doubling & Third Line Section,Railways,Ministry of Railways (MoR),CORE,Himachal Pradesh,EPC,Plains,1292.08,1306.64,156.27,5.0,11.96,2022-04-21,2027-02-19,2027-05-19,2023-04-09,2029-06-23,1452.43,28.1,1,12.41,1
PRJ-SYN-0325,SNAP-PRJ-SYN-0325-Q2,Himachal Pradesh Rail Doubling & Third Line Section,Railways,Ministry of Railways (MoR),CORE,Himachal Pradesh,EPC,Plains,1292.08,1323.0,303.23,11.19,22.92,2022-04-21,2027-02-19,2027-07-27,2023-12-29,2029-06-23,1452.43,28.1,1,12.41,1
PRJ-SYN-0325,SNAP-PRJ-SYN-0325-Q3,Himachal Pradesh Rail Doubling & Third Line Section,Railways,Ministry of Railways (MoR),CORE,Himachal Pradesh,EPC,Plains,1292.08,1386.48,819.13,48.69,59.08,2022-04-21,2027-02-19,2027-02-19,2025-06-11,2029-06-23,1452.43,28.1,1,12.41,1
PRJ-SYN-0325,SNAP-PRJ-SYN-0325-Q4,Himachal Pradesh Rail Doubling & Third Line Section,Railways,Ministry of Railways (MoR),CORE,Himachal Pradesh,EPC,Plains,1292.08,1404.58,1068.04,67.5,76.04,2022-04-21,2027-02-19,2028-05-07,2026-03-03,2029-06-23,1452.43,28.1,1,12.41,1
PRJ-SYN-0326,SNAP-PRJ-SYN-0326-Q1,High-Speed Rail Corridor Link 50,Railways,Ministry of Railways (MoR),Dedicated Freight Corridor Corp (DFCCIL),West Bengal,Item Rate,Plains,14103.92,14103.92,2036.61,16.09,14.44,2023-02-27,2028-05-28,2028-05-28,2024-03-16,2028-06-12,14504.47,0.5,0,2.84,0
PRJ-SYN-0326,SNAP-PRJ-SYN-0326-Q2,High-Speed Rail Corridor Link 50,Railways,Ministry of Railways (MoR),Dedicated Freight Corridor Corp (DFCCIL),West Bengal,Item Rate,Plains,14103.92,14103.92,7510.34,48.61,53.25,2023-02-27,2028-05-28,2028-05-28,2025-10-12,2028-06-12,14504.47,0.5,0,2.84,0
PRJ-SYN-0326,SNAP-PRJ-SYN-0326-Q3,High-Speed Rail Corridor Link 50,Railways,Ministry of Railways (MoR),Dedicated Freight Corridor Corp (DFCCIL),West Bengal,Item Rate,Plains,14103.92,14103.92,7851.65,56.35,55.67,2023-02-27,2028-05-28,2028-05-28,2026-07-27,2028-06-12,14504.47,0.5,0,2.84,0
PRJ-SYN-0326,SNAP-PRJ-SYN-0326-Q4,High-Speed Rail Corridor Link 50,Railways,Ministry of Railways (MoR),Dedicated Freight Corridor Corp (DFCCIL),West Bengal,Item Rate,Plains,14103.92,14804.65,13629.16,87.83,92.06,2023-02-27,2028-05-28,2028-08-27,2027-11-18,2028-06-12,14504.47,0.5,0,2.84,0
PRJ-SYN-0327,SNAP-PRJ-SYN-0327-Q1,High-Speed Rail Corridor Link 98,Railways,Ministry of Railways (MoR),IRCON International,Andhra Pradesh,Item Rate,Plains,690.28,690.28,119.69,16.64,17.34,2020-05-26,2023-06-26,2023-06-26,2021-01-06,2023-09-07,700.08,2.4,0,1.42,0
PRJ-SYN-0327,SNAP-PRJ-SYN-0327-Q2,High-Speed Rail Corridor Link 98,Railways,Ministry of Railways (MoR),IRCON International,Andhra Pradesh,Item Rate,Plains,690.28,690.28,639.13,88.19,92.59,2020-05-26,2023-06-26,2023-06-26,2023-03-05,2023-09-07,700.08,2.4,0,1.42,0
PRJ-SYN-0328,SNAP-PRJ-SYN-0328-Q1,Border Road Strategic Connectivity Link 63,Highways,Ministry of Road Transport and Highways (MoRTH),National Highways Authority of India (NHAI),Gujarat,EPC,Plains,1405.3,1405.3,226.96,13.38,16.15,2021-08-13,2024-02-12,2024-04-11,2022-02-11,2024-03-01,1417.95,0.6,0,0.9,0
PRJ-SYN-0328,SNAP-PRJ-SYN-0328-Q2,Border Road Strategic Connectivity Link 63,Highways,Ministry of Road Transport and Highways (MoRTH),National Highways Authority of India (NHAI),Gujarat,EPC,Plains,1405.3,1405.3,977.95,66.03,69.59,2021-08-13,2024-02-12,2024-02-12,2023-03-29,2024-03-01,1417.95,0.6,0,0.9,0
PRJ-SYN-0328,SNAP-PRJ-SYN-0328-Q3,Border Road Strategic Connectivity Link 63,Highways,Ministry of Road Transport and Highways (MoRTH),National Highways Authority of India (NHAI),Gujarat,EPC,Plains,1405.3,1453.25,1200.09,77.03,82.58,2021-08-13,2024-02-12,2024-05-20,2023-08-13,2024-03-01,1417.95,0.6,0,0.9,0
PRJ-SYN-0329,SNAP-PRJ-SYN-0329-Q1,High-Speed Rail Corridor Link 67,Railways,Ministry of Railways (MoR),CORE,Madhya Pradesh,Item Rate,Plains,771.31,771.31,220.36,22.73,28.57,2018-05-01,2021-06-30,2021-10-07,2018-12-18,2021-07-18,792.29,0.6,0,2.72,0
PRJ-SYN-0329,SNAP-PRJ-SYN-0329-Q2,High-Speed Rail Corridor Link 67,Railways,Ministry of Railways (MoR),CORE,Madhya Pradesh,Item Rate,Plains,771.31,771.31,394.14,49.45,51.1,2018-05-01,2021-06-30,2021-06-30,2019-11-30,2021-07-18,792.29,0.6,0,2.72,0
PRJ-SYN-0329,SNAP-PRJ-SYN-0329-Q3,High-Speed Rail Corridor Link 67,Railways,Ministry of Railways (MoR),CORE,Madhya Pradesh,Item Rate,Plains,771.31,771.31,661.86,82.43,85.81,2018-05-01,2021-06-30,2021-06-30,2020-11-11,2021-07-18,792.29,0.6,0,2.72,0
PRJ-SYN-0330,SNAP-PRJ-SYN-0330-Q1,Gujarat Metro Line 30 Underground Section,Metro Rail,Ministry of Housing and Urban Affairs (MoHUA),Mumbai Metropolitan Region Development Authority (MMRDA),Gujarat,EPC,Urban Dense,8961.63,9121.28,1951.04,17.11,21.39,2022-02-11,2027-02-11,2027-02-22,2023-02-11,2027-05-22,10801.45,3.3,1,20.53,1
PRJ-SYN-0330,SNAP-PRJ-SYN-0330-Q2,Gujarat Metro Line 30 Underground Section,Metro Rail,Ministry of Housing and Urban Affairs (MoHUA),Mumbai Metropolitan Region Development Authority (MMRDA),Gujarat,EPC,Urban Dense,8961.63,9379.73,4053.92,32.14,43.22,2022-02-11,2027-02-11,2027-02-11,2023-11-12,2027-05-22,10801.45,3.3,1,20.53,1
PRJ-SYN-0330,SNAP-PRJ-SYN-0330-Q3,Gujarat Metro Line 30 Underground Section,Metro Rail,Ministry of Housing and Urban Affairs (MoHUA),Mumbai Metropolitan Region Development Authority (MMRDA),Gujarat,EPC,Urban Dense,8961.63,8961.63,5506.03,58.48,61.44,2022-02-11,2027-02-11,2027-04-01,2025-05-13,2027-05-22,10801.45,3.3,1,20.53,1
PRJ-SYN-0330,SNAP-PRJ-SYN-0330-Q4,Gujarat Metro Line 30 Underground Section,Metro Rail,Ministry of Housing and Urban Affairs (MoHUA),Mumbai Metropolitan Region Development Authority (MMRDA),Gujarat,EPC,Urban Dense,8961.63,10355.95,8731.1,75.37,84.31,2022-02-11,2027-02-11,2027-04-26,2026-02-11,2027-05-22,10801.45,3.3,1,20.53,1
PRJ-SYN-0331,SNAP-PRJ-SYN-0331-Q1,NH-30 4/6-Laning Bypass & Viaduct,Highways,Ministry of Road Transport and Highways (MoRTH),State PWD (Highways),Madhya Pradesh,HAM,Plains,1941.62,1941.62,1344.77,64.68,69.26,2018-06-07,2020-09-05,2020-09-05,2019-11-23,2020-11-23,1968.41,2.6,0,1.38,0
PRJ-SYN-0331,SNAP-PRJ-SYN-0331-Q2,NH-30 4/6-Laning Bypass & Viaduct,Highways,Ministry of Road Transport and Highways (MoRTH),State PWD (Highways),Madhya Pradesh,HAM,Plains,1941.62,1941.62,1610.96,78.53,82.97,2018-06-07,2020-09-05,2020-09-05,2020-03-25,2020-11-23,1968.41,2.6,0,1.38,0
PRJ-SYN-0332,SNAP-PRJ-SYN-0332-Q1,Karnataka Pumped Storage Hydro Project Phase III,Power & Renewable Energy,Ministry of Power / MNRE,Solar Energy Corporation of India (SECI),Karnataka,HAM,Plains,403.1,403.1,42.16,5.0,10.46,2018-01-13,2020-10-13,2020-10-13,2018-08-01,2022-01-12,482.35,15.0,1,19.66,1
PRJ-SYN-0332,SNAP-PRJ-SYN-0332-Q2,Karnataka Pumped Storage Hydro Project Phase III,Power & Renewable Energy,Ministry of Power / MNRE,Solar Energy Corporation of India (SECI),Karnataka,HAM,Plains,403.1,403.1,74.69,15.52,18.53,2018-01-13,2020-10-13,2021-03-02,2018-12-30,2022-01-12,482.35,15.0,1,19.66,1
PRJ-SYN-0332,SNAP-PRJ-SYN-0332-Q3,Karnataka Pumped Storage Hydro Project Phase III,Power & Renewable Energy,Ministry of Power / MNRE,Solar Energy Corporation of India (SECI),Karnataka,HAM,Plains,403.1,436.5,242.82,52.24,55.63,2018-01-13,2020-10-13,2020-10-13,2019-10-27,2022-01-12,482.35,15.0,1,19.66,1
PRJ-SYN-0332,SNAP-PRJ-SYN-0332-Q4,Karnataka Pumped Storage Hydro Project Phase III,Power & Renewable Energy,Ministry of Power / MNRE,Solar Energy Corporation of India (SECI),Karnataka,HAM,Plains,403.1,449.13,317.62,64.74,70.72,2018-01-13,2020-10-13,2021-09-01,2020-03-26,2022-01-12,482.35,15.0,1,19.66,1
PRJ-SYN-0333,SNAP-PRJ-SYN-0333-Q1,Gujarat Metro Line 21 Underground Section,Metro Rail,Ministry of Housing and Urban Affairs (MoHUA),Mumbai Metropolitan Region Development Authority (MMRDA),Gujarat,BOT,Plains,6794.68,6794.68,1434.36,18.97,21.11,2023-11-20,2030-03-21,2030-03-21,2025-02-24,2030-04-26,7001.92,1.2,0,3.05,0
PRJ-SYN-0333,SNAP-PRJ-SYN-0333-Q2,Gujarat Metro Line 21 Underground Section,Metro Rail,Ministry of Housing and Urban Affairs (MoHUA),Mumbai Metropolitan Region Development Authority (MMRDA),Gujarat,BOT,Plains,6794.68,6794.68,2867.35,37.7,42.2,2023-11-20,2030-03-21,2030-03-21,2026-02-06,2030-04-26,7001.92,1.2,0,3.05,0
PRJ-SYN-0333,SNAP-PRJ-SYN-0333-Q3,Gujarat Metro Line 21 Underground Section,Metro Rail,Ministry of Housing and Urban Affairs (MoHUA),Mumbai Metropolitan Region Development Authority (MMRDA),Gujarat,BOT,Plains,6794.68,6794.68,5818.96,83.37,85.64,2023-11-20,2030-03-21,2030-03-21,2028-12-13,2030-04-26,7001.92,1.2,0,3.05,0
PRJ-SYN-0334,SNAP-PRJ-SYN-0334-Q1,NH-20 4/6-Laning Bypass & Viaduct,Highways,Ministry of Road Transport and Highways (MoRTH),National Highways Authority of India (NHAI),Uttar Pradesh,EPC,Plains,2457.76,2457.76,1202.83,46.67,48.94,2018-05-26,2022-01-24,2022-03-10,2020-03-25,2022-04-28,2656.59,3.1,1,8.09,0
PRJ-SYN-0334,SNAP-PRJ-SYN-0334-Q2,NH-20 4/6-Laning Bypass & Viaduct,Highways,Ministry of Road Transport and Highways (MoRTH),National Highways Authority of India (NHAI),Uttar Pradesh,EPC,Plains,2457.76,2457.76,1554.04,65.48,63.23,2018-05-26,2022-01-24,2022-03-18,2020-10-12,2022-04-28,2656.59,3.1,1,8.09,0
PRJ-SYN-0334,SNAP-PRJ-SYN-0334-Q3,NH-20 4/6-Laning Bypass & Viaduct,Highways,Ministry of Road Transport and Highways (MoRTH),National Highways Authority of India (NHAI),Uttar Pradesh,EPC,Plains,2457.76,2457.76,2208.3,85.64,89.85,2018-05-26,2022-01-24,2022-04-08,2021-09-12,2022-04-28,2656.59,3.1,1,8.09,0
PRJ-SYN-0335,SNAP-PRJ-SYN-0335-Q1,Odisha Ring Metro Transit System Pkg 33,Metro Rail,Ministry of Housing and Urban Affairs (MoHUA),Delhi Metro Rail Corp (DMRC),Odisha,EPC,Plains,3208.25,3208.25,922.69,25.18,28.76,2021-06-06,2027-09-05,2027-11-14,2022-09-05,2027-09-05,3229.42,0.0,0,0.66,0
PRJ-SYN-0335,SNAP-PRJ-SYN-0335-Q2,Odisha Ring Metro Transit System Pkg 33,Metro Rail,Ministry of Housing and Urban Affairs (MoHUA),Delhi Metro Rail Corp (DMRC),Odisha,EPC,Plains,3208.25,3208.25,1626.58,52.64,50.7,2021-06-06,2027-09-05,2027-09-05,2024-07-21,2027-09-05,3229.42,0.0,0,0.66,0
PRJ-SYN-0335,SNAP-PRJ-SYN-0335-Q3,Odisha Ring Metro Transit System Pkg 33,Metro Rail,Ministry of Housing and Urban Affairs (MoHUA),Delhi Metro Rail Corp (DMRC),Odisha,EPC,Plains,3208.25,3360.14,1938.8,60.7,57.7,2021-06-06,2027-09-05,2027-09-05,2025-06-28,2027-09-05,3229.42,0.0,0,0.66,0
PRJ-SYN-0336,SNAP-PRJ-SYN-0336-Q1,Assam Economic Corridor Pkg 44,Highways,Ministry of Road Transport and Highways (MoRTH),NHIDCL,Assam,HAM,Coastal,3408.64,3408.64,336.43,6.67,9.87,2018-03-25,2022-04-24,2022-04-24,2019-01-17,2023-02-13,4122.75,9.7,1,20.95,1
PRJ-SYN-0336,SNAP-PRJ-SYN-0336-Q2,Assam Economic Corridor Pkg 44,Highways,Ministry of Road Transport and Highways (MoRTH),NHIDCL,Assam,HAM,Coastal,3408.64,3408.64,1664.1,43.08,48.82,2018-03-25,2022-04-24,2022-08-05,2020-04-08,2023-02-13,4122.75,9.7,1,20.95,1
PRJ-SYN-0336,SNAP-PRJ-SYN-0336-Q3,Assam Economic Corridor Pkg 44,Highways,Ministry of Road Transport and Highways (MoRTH),NHIDCL,Assam,HAM,Coastal,3408.64,3946.57,2995.45,71.38,75.9,2018-03-25,2022-04-24,2023-01-02,2021-06-30,2023-02-13,4122.75,9.7,1,20.95,1
PRJ-SYN-0336,SNAP-PRJ-SYN-0336-Q4,Assam Economic Corridor Pkg 44,Highways,Ministry of Road Transport and Highways (MoRTH),NHIDCL,Assam,HAM,Coastal,3408.64,4015.45,3761.67,83.73,93.68,2018-03-25,2022-04-24,2022-12-01,2021-11-26,2023-02-13,4122.75,9.7,1,20.95,1
PRJ-SYN-0337,SNAP-PRJ-SYN-0337-Q1,Telangana Pumped Storage Hydro Project Phase IV,Power & Renewable Energy,Ministry of Power / MNRE,Solar Energy Corporation of India (SECI),Telangana,EPC,Plains,185.41,185.41,114.69,63.11,61.86,2022-01-27,2024-07-28,2024-07-28,2023-09-12,2024-08-18,185.61,0.7,0,0.11,0
PRJ-SYN-0337,SNAP-PRJ-SYN-0337-Q2,Telangana Pumped Storage Hydro Project Phase IV,Power & Renewable Energy,Ministry of Power / MNRE,Solar Energy Corporation of India (SECI),Telangana,EPC,Plains,185.41,185.41,161.07,85.49,86.87,2022-01-27,2024-07-28,2024-07-28,2024-01-27,2024-08-18,185.61,0.7,0,0.11,0
PRJ-SYN-0337,SNAP-PRJ-SYN-0337-Q3,Telangana Pumped Storage Hydro Project Phase IV,Power & Renewable Energy,Ministry of Power / MNRE,Solar Energy Corporation of India (SECI),Telangana,EPC,Plains,185.41,187.97,170.39,87.08,90.65,2022-01-27,2024-07-28,2024-09-08,2024-04-27,2024-08-18,185.61,0.7,0,0.11,0
PRJ-SYN-0338,SNAP-PRJ-SYN-0338-Q1,NH-48 4/6-Laning Bypass & Viaduct,Highways,Ministry of Road Transport and Highways (MoRTH),State PWD (Highways),Jharkhand,EPC,Plains,444.23,444.23,120.25,22.21,27.07,2021-12-02,2023-10-02,2023-10-02,2022-04-14,2023-11-10,448.27,1.3,0,0.91,0
PRJ-SYN-0338,SNAP-PRJ-SYN-0338-Q2,NH-48 4/6-Laning Bypass & Viaduct,Highways,Ministry of Road Transport and Highways (MoRTH),State PWD (Highways),Jharkhand,EPC,Plains,444.23,444.23,147.88,33.44,33.29,2021-12-02,2023-10-02,2023-10-02,2022-07-24,2023-11-10,448.27,1.3,0,0.91,0
PRJ-SYN-0338,SNAP-PRJ-SYN-0338-Q3,NH-48 4/6-Laning Bypass & Viaduct,Highways,Ministry of Road Transport and Highways (MoRTH),State PWD (Highways),Jharkhand,EPC,Plains,444.23,452.07,354.65,76.26,78.45,2021-12-02,2023-10-02,2023-10-02,2023-05-21,2023-11-10,448.27,1.3,0,0.91,0
PRJ-SYN-0338,SNAP-PRJ-SYN-0338-Q4,NH-48 4/6-Laning Bypass & Viaduct,Highways,Ministry of Road Transport and Highways (MoRTH),State PWD (Highways),Jharkhand,EPC,Plains,444.23,444.23,410.82,89.5,92.48,2021-12-02,2023-10-02,2023-11-05,2023-07-27,2023-11-10,448.27,1.3,0,0.91,0
PRJ-SYN-0339,SNAP-PRJ-SYN-0339-Q1,NH-37 4/6-Laning Bypass & Viaduct,Highways,Ministry of Road Transport and Highways (MoRTH),NHIDCL,Uttar Pradesh,EPC,Urban Dense,1539.47,1539.47,1007.58,60.5,65.45,2019-01-14,2021-08-14,2021-08-14,2020-09-18,2022-02-06,1765.77,5.8,1,14.7,1
PRJ-SYN-0339,SNAP-PRJ-SYN-0339-Q2,NH-37 4/6-Laning Bypass & Viaduct,Highways,Ministry of Road Transport and Highways (MoRTH),NHIDCL,Uttar Pradesh,EPC,Urban Dense,1539.47,1685.98,1503.39,81.66,89.17,2019-01-14,2021-08-14,2022-01-02,2021-05-12,2022-02-06,1765.77,5.8,1,14.7,1
PRJ-SYN-0340,SNAP-PRJ-SYN-0340-Q1,NH-50 4/6-Laning Bypass & Viaduct,Highways,Ministry of Road Transport and Highways (MoRTH),National Highways Authority of India (NHAI),Tamil Nadu,Item Rate,Hilly/Mountainous,1768.81,1927.87,265.47,5.0,13.77,2018-02-13,2022-04-14,2023-10-05,2019-07-30,2027-07-26,2568.67,63.4,1,45.22,1
PRJ-SYN-0340,SNAP-PRJ-SYN-0340-Q2,NH-50 4/6-Laning Bypass & Viaduct,Highways,Ministry of Road Transport and Highways (MoRTH),National Highways Authority of India (NHAI),Tamil Nadu,Item Rate,Hilly/Mountainous,1768.81,1768.81,285.31,5.0,16.13,2018-02-13,2022-04-14,2022-04-14,2020-03-14,2027-07-26,2568.67,63.4,1,45.22,1
PRJ-SYN-0340,SNAP-PRJ-SYN-0340-Q3,NH-50 4/6-Laning Bypass & Viaduct,Highways,Ministry of Road Transport and Highways (MoRTH),National Highways Authority of India (NHAI),Tamil Nadu,Item Rate,Hilly/Mountainous,1768.81,2184.15,479.64,10.17,21.96,2018-02-13,2022-04-14,2025-09-07,2020-10-29,2027-07-26,2568.67,63.4,1,45.22,1
PRJ-SYN-0340,SNAP-PRJ-SYN-0340-Q4,NH-50 4/6-Laning Bypass & Viaduct,Highways,Ministry of Road Transport and Highways (MoRTH),National Highways Authority of India (NHAI),Tamil Nadu,Item Rate,Hilly/Mountainous,1768.81,2356.02,846.99,33.09,35.95,2018-02-13,2022-04-14,2026-07-24,2021-06-14,2027-07-26,2568.67,63.4,1,45.22,1
PRJ-SYN-0341,SNAP-PRJ-SYN-0341-Q1,Border Road Strategic Connectivity Link 99,Highways,Ministry of Road Transport and Highways (MoRTH),State PWD (Highways),Madhya Pradesh,EPC,Hilly/Mountainous,1397.26,1397.26,290.21,19.08,20.77,2022-09-26,2026-06-26,2026-06-26,2023-06-26,2026-06-29,1452.31,0.1,0,3.94,0
PRJ-SYN-0341,SNAP-PRJ-SYN-0341-Q2,Border Road Strategic Connectivity Link 99,Highways,Ministry of Road Transport and Highways (MoRTH),State PWD (Highways),Madhya Pradesh,EPC,Hilly/Mountainous,1397.26,1397.26,372.65,29.43,26.67,2022-09-26,2026-06-26,2026-06-26,2024-01-18,2026-06-29,1452.31,0.1,0,3.94,0
PRJ-SYN-0341,SNAP-PRJ-SYN-0341-Q3,Border Road Strategic Connectivity Link 99,Highways,Ministry of Road Transport and Highways (MoRTH),State PWD (Highways),Madhya Pradesh,EPC,Hilly/Mountainous,1397.26,1397.26,916.88,60.76,65.62,2022-09-26,2026-06-26,2026-06-26,2025-03-04,2026-06-29,1452.31,0.1,0,3.94,0
PRJ-SYN-0342,SNAP-PRJ-SYN-0342-Q1,Tamil Nadu Pumped Storage Hydro Project Phase I,Power & Renewable Energy,Ministry of Power / MNRE,Power Grid Corporation (PGCIL),Tamil Nadu,EPC,Plains,2050.82,2050.82,846.99,36.73,41.3,2018-05-28,2023-11-26,2023-11-26,2020-04-30,2024-01-01,2053.9,1.2,0,0.15,0
PRJ-SYN-0342,SNAP-PRJ-SYN-0342-Q2,Tamil Nadu Pumped Storage Hydro Project Phase I,Power & Renewable Energy,Ministry of Power / MNRE,Power Grid Corporation (PGCIL),Tamil Nadu,EPC,Plains,2050.82,2050.82,928.61,48.02,45.28,2018-05-28,2023-11-26,2023-11-26,2021-02-25,2024-01-01,2053.9,1.2,0,0.15,0
PRJ-SYN-0342,SNAP-PRJ-SYN-0342-Q3,Tamil Nadu Pumped Storage Hydro Project Phase I,Power & Renewable Energy,Ministry of Power / MNRE,Power Grid Corporation (PGCIL),Tamil Nadu,EPC,Plains,2050.82,2087.83,1389.87,67.64,66.57,2018-05-28,2023-11-26,2024-01-21,2021-12-23,2024-01-01,2053.9,1.2,0,0.15,0
PRJ-SYN-0342,SNAP-PRJ-SYN-0342-Q4,Tamil Nadu Pumped Storage Hydro Project Phase I,Power & Renewable Energy,Ministry of Power / MNRE,Power Grid Corporation (PGCIL),Tamil Nadu,EPC,Plains,2050.82,2050.82,1799.18,86.96,87.73,2018-05-28,2023-11-26,2023-11-26,2023-05-09,2024-01-01,2053.9,1.2,0,0.15,0
PRJ-SYN-0343,SNAP-PRJ-SYN-0343-Q1,Border Road Strategic Connectivity Link 14,Highways,Ministry of Road Transport and Highways (MoRTH),State PWD (Highways),Maharashtra,HAM,Plains,1746.67,1746.67,348.64,16.69,19.96,2020-07-05,2023-02-03,2023-02-03,2021-01-09,2023-02-21,1814.79,0.6,0,3.9,0
PRJ-SYN-0343,SNAP-PRJ-SYN-0343-Q2,Border Road Strategic Connectivity Link 14,Highways,Ministry of Road Transport and Highways (MoRTH),State PWD (Highways),Maharashtra,HAM,Plains,1746.67,1746.67,568.54,34.96,32.55,2020-07-05,2023-02-03,2023-05-13,2021-05-31,2023-02-21,1814.79,0.6,0,3.9,0
PRJ-SYN-0343,SNAP-PRJ-SYN-0343-Q3,Border Road Strategic Connectivity Link 14,Highways,Ministry of Road Transport and Highways (MoRTH),State PWD (Highways),Maharashtra,HAM,Plains,1746.67,1746.67,1194.37,64.68,68.38,2020-07-05,2023-02-03,2023-02-03,2022-03-10,2023-02-21,1814.79,0.6,0,3.9,0
PRJ-SYN-0343,SNAP-PRJ-SYN-0343-Q4,Border Road Strategic Connectivity Link 14,Highways,Ministry of Road Transport and Highways (MoRTH),State PWD (Highways),Maharashtra,HAM,Plains,1746.67,1746.67,1471.22,83.34,84.23,2020-07-05,2023-02-03,2023-02-03,2022-07-29,2023-02-21,1814.79,0.6,0,3.9,0
PRJ-SYN-0344,SNAP-PRJ-SYN-0344-Q1,Andhra Pradesh River Basin Pollution Abatement Pkg 16,Urban Water & Sanitation,Ministry of Housing and Urban Affairs (MoHUA),Karnataka Urban Infra Dev (KUIDFC),Andhra Pradesh,EPC,Urban Dense,580.44,705.06,138.12,9.29,19.59,2021-05-12,2024-06-11,2025-08-17,2022-11-26,2028-01-29,896.37,43.6,1,54.43,1
PRJ-SYN-0344,SNAP-PRJ-SYN-0344-Q2,Andhra Pradesh River Basin Pollution Abatement Pkg 16,Urban Water & Sanitation,Ministry of Housing and Urban Affairs (MoHUA),Karnataka Urban Infra Dev (KUIDFC),Andhra Pradesh,EPC,Urban Dense,580.44,829.15,386.63,41.46,46.63,2021-05-12,2024-06-11,2026-10-11,2024-02-19,2028-01-29,896.37,43.6,1,54.43,1
PRJ-SYN-0345,SNAP-PRJ-SYN-0345-Q1,765kV High Voltage Transmission Substation,Power & Renewable Energy,Ministry of Power / MNRE,Solar Energy Corporation of India (SECI),Uttar Pradesh,EPC,Plains,5192.92,5192.92,2376.8,47.36,45.77,2019-03-10,2022-04-09,2022-04-09,2020-09-23,2022-05-21,5354.94,1.4,0,3.12,0
PRJ-SYN-0345,SNAP-PRJ-SYN-0345-Q2,765kV High Voltage Transmission Substation,Power & Renewable Energy,Ministry of Power / MNRE,Solar Energy Corporation of India (SECI),Uttar Pradesh,EPC,Plains,5192.92,5192.92,3609.08,65.81,69.5,2019-03-10,2022-04-09,2022-04-09,2021-03-11,2022-05-21,5354.94,1.4,0,3.12,0
PRJ-SYN-0345,SNAP-PRJ-SYN-0345-Q3,765kV High Voltage Transmission Substation,Power & Renewable Energy,Ministry of Power / MNRE,Solar Energy Corporation of India (SECI),Uttar Pradesh,EPC,Plains,5192.92,5192.92,4189.13,78.49,80.67,2019-03-10,2022-04-09,2022-04-09,2021-08-26,2022-05-21,5354.94,1.4,0,3.12,0
PRJ-SYN-0345,SNAP-PRJ-SYN-0345-Q4,765kV High Voltage Transmission Substation,Power & Renewable Energy,Ministry of Power / MNRE,Solar Energy Corporation of India (SECI),Uttar Pradesh,EPC,Plains,5192.92,5192.92,4503.3,88.18,86.72,2019-03-10,2022-04-09,2022-04-09,2021-12-17,2022-05-21,5354.94,1.4,0,3.12,0
PRJ-SYN-0346,SNAP-PRJ-SYN-0346-Q1,Andhra Pradesh Express Highway Corridor Phase II,Highways,Ministry of Road Transport and Highways (MoRTH),NHIDCL,Andhra Pradesh,Turnkey,Plains,433.22,433.22,105.53,22.05,24.36,2021-12-16,2024-02-15,2024-02-15,2022-05-23,2024-03-31,434.04,1.5,0,0.19,0
PRJ-SYN-0346,SNAP-PRJ-SYN-0346-Q2,Andhra Pradesh Express Highway Corridor Phase II,Highways,Ministry of Road Transport and Highways (MoRTH),NHIDCL,Andhra Pradesh,Turnkey,Plains,433.22,433.22,188.45,37.89,43.5,2021-12-16,2024-02-15,2024-02-15,2022-09-18,2024-03-31,434.04,1.5,0,0.19,0
PRJ-SYN-0346,SNAP-PRJ-SYN-0346-Q3,Andhra Pradesh Express Highway Corridor Phase II,Highways,Ministry of Road Transport and Highways (MoRTH),NHIDCL,Andhra Pradesh,Turnkey,Plains,433.22,433.22,235.5,53.27,54.36,2021-12-16,2024-02-15,2024-04-03,2023-01-15,2024-03-31,434.04,1.5,0,0.19,0
PRJ-SYN-0346,SNAP-PRJ-SYN-0346-Q4,Andhra Pradesh Express Highway Corridor Phase II,Highways,Ministry of Road Transport and Highways (MoRTH),NHIDCL,Andhra Pradesh,Turnkey,Plains,433.22,433.22,384.22,87.1,88.69,2021-12-16,2024-02-15,2024-02-15,2023-09-10,2024-03-31,434.04,1.5,0,0.19,0
PRJ-SYN-0347,SNAP-PRJ-SYN-0347-Q1,Karnataka River Basin Pollution Abatement Pkg 27,Urban Water & Sanitation,Ministry of Housing and Urban Affairs (MoHUA),Karnataka Urban Infra Dev (KUIDFC),Karnataka,EPC,Plains,1534.62,1534.62,288.66,15.64,18.81,2022-10-01,2026-06-01,2026-10-02,2024-01-12,2028-01-30,1710.49,20.0,1,11.46,1
PRJ-SYN-0347,SNAP-PRJ-SYN-0347-Q2,Karnataka River Basin Pollution Abatement Pkg 27,Urban Water & Sanitation,Ministry of Housing and Urban Affairs (MoHUA),Karnataka Urban Infra Dev (KUIDFC),Karnataka,EPC,Plains,1534.62,1644.73,1209.21,69.53,73.52,2022-10-01,2026-06-01,2026-06-01,2026-01-18,2028-01-30,1710.49,20.0,1,11.46,1
PRJ-SYN-0348,SNAP-PRJ-SYN-0348-Q1,Gujarat Smart City Water Supply Augmentation,Urban Water & Sanitation,Ministry of Housing and Urban Affairs (MoHUA),NBCC (India) Limited,Gujarat,EPC,Plains,216.1,216.1,76.26,36.67,35.29,2020-12-07,2022-03-08,2022-05-02,2021-07-23,2022-07-04,230.97,3.9,1,6.88,0
PRJ-SYN-0348,SNAP-PRJ-SYN-0348-Q2,Gujarat Smart City Water Supply Augmentation,Urban Water & Sanitation,Ministry of Housing and Urban Affairs (MoHUA),NBCC (India) Limited,Gujarat,EPC,Plains,216.1,216.1,125.47,60.0,58.06,2020-12-07,2022-03-08,2022-04-27,2021-09-29,2022-07-04,230.97,3.9,1,6.88,0
PRJ-SYN-0348,SNAP-PRJ-SYN-0348-Q3,Gujarat Smart City Water Supply Augmentation,Urban Water & Sanitation,Ministry of Housing and Urban Affairs (MoHUA),NBCC (India) Limited,Gujarat,EPC,Plains,216.1,223.82,164.42,67.96,73.46,2020-12-07,2022-03-08,2022-06-18,2021-12-07,2022-07-04,230.97,3.9,1,6.88,0
PRJ-SYN-0349,SNAP-PRJ-SYN-0349-Q1,Telangana Express Highway Corridor Phase I,Highways,Ministry of Road Transport and Highways (MoRTH),State PWD (Highways),Telangana,BOT,Plains,4605.84,4605.84,2572.82,56.88,55.86,2021-10-15,2025-04-15,2025-04-15,2024-01-23,2025-06-30,4677.23,2.5,0,1.55,0
PRJ-SYN-0349,SNAP-PRJ-SYN-0349-Q2,Telangana Express Highway Corridor Phase I,Highways,Ministry of Road Transport and Highways (MoRTH),State PWD (Highways),Telangana,BOT,Plains,4605.84,4771.67,3991.98,80.32,83.66,2021-10-15,2025-04-15,2025-04-15,2024-08-02,2025-06-30,4677.23,2.5,0,1.55,0
PRJ-SYN-0350,SNAP-PRJ-SYN-0350-Q1,Underground Sewerage System & 100 MLD STP,Urban Water & Sanitation,Ministry of Housing and Urban Affairs (MoHUA),Karnataka Urban Infra Dev (KUIDFC),Maharashtra,EPC,Coastal,459.25,459.25,109.99,22.33,23.95,2023-02-10,2026-02-09,2026-02-09,2023-09-17,2026-04-29,460.12,2.6,0,0.19,0
PRJ-SYN-0350,SNAP-PRJ-SYN-0350-Q2,Underground Sewerage System & 100 MLD STP,Urban Water & Sanitation,Ministry of Housing and Urban Affairs (MoHUA),Karnataka Urban Infra Dev (KUIDFC),Maharashtra,EPC,Coastal,459.25,459.25,299.75,64.05,65.27,2023-02-10,2026-02-09,2026-02-09,2025-01-22,2026-04-29,460.12,2.6,0,0.19,0
PRJ-SYN-0351,SNAP-PRJ-SYN-0351-Q1,Jharkhand River Basin Pollution Abatement Pkg 38,Urban Water & Sanitation,Ministry of Housing and Urban Affairs (MoHUA),Delhi Jal Board,Jharkhand,HAM,Plains,602.47,602.47,142.54,17.91,23.66,2019-11-07,2022-10-07,2022-10-07,2020-06-07,2022-10-07,606.45,0.0,0,0.66,0
PRJ-SYN-0351,SNAP-PRJ-SYN-0351-Q2,Jharkhand River Basin Pollution Abatement Pkg 38,Urban Water & Sanitation,Ministry of Housing and Urban Affairs (MoHUA),Delhi Jal Board,Jharkhand,HAM,Plains,602.47,602.47,379.32,64.29,62.96,2019-11-07,2022-10-07,2022-10-07,2021-09-29,2022-10-07,606.45,0.0,0,0.66,0
PRJ-SYN-0351,SNAP-PRJ-SYN-0351-Q3,Jharkhand River Basin Pollution Abatement Pkg 38,Urban Water & Sanitation,Ministry of Housing and Urban Affairs (MoHUA),Delhi Jal Board,Jharkhand,HAM,Plains,602.47,602.47,569.88,91.4,94.59,2019-11-07,2022-10-07,2022-10-07,2022-06-22,2022-10-07,606.45,0.0,0,0.66,0
PRJ-SYN-0352,SNAP-PRJ-SYN-0352-Q1,Underground Sewerage System & 100 MLD STP,Urban Water & Sanitation,Ministry of Housing and Urban Affairs (MoHUA),NBCC (India) Limited,Kerala,EPC,Urban Dense,93.24,100.04,43.21,34.39,43.19,2022-01-08,2023-07-09,2023-10-27,2022-10-08,2024-04-07,110.12,9.0,1,18.1,1
PRJ-SYN-0352,SNAP-PRJ-SYN-0352-Q2,Underground Sewerage System & 100 MLD STP,Urban Water & Sanitation,Ministry of Housing and Urban Affairs (MoHUA),NBCC (India) Limited,Kerala,EPC,Urban Dense,93.24,103.48,71.4,59.13,69.0,2022-01-08,2023-07-09,2024-02-23,2023-03-22,2024-04-07,110.12,9.0,1,18.1,1
PRJ-SYN-0352,SNAP-PRJ-SYN-0352-Q3,Underground Sewerage System & 100 MLD STP,Urban Water & Sanitation,Ministry of Housing and Urban Affairs (MoHUA),NBCC (India) Limited,Kerala,EPC,Urban Dense,93.24,108.12,87.59,73.15,81.01,2022-01-08,2023-07-09,2024-01-29,2023-05-16,2024-04-07,110.12,9.0,1,18.1,1
PRJ-SYN-0353,SNAP-PRJ-SYN-0353-Q1,Assam Station Redevelopment & Quadrupling,Railways,Ministry of Railways (MoR),CORE,Assam,EPC,Plains,1653.79,1653.79,769.84,48.95,46.55,2019-08-10,2024-03-10,2024-03-10,2021-11-24,2024-12-02,1806.1,8.8,1,9.21,0
PRJ-SYN-0353,SNAP-PRJ-SYN-0353-Q2,Assam Station Redevelopment & Quadrupling,Railways,Ministry of Railways (MoR),CORE,Assam,EPC,Plains,1653.79,1653.79,1034.28,57.46,62.54,2019-08-10,2024-03-10,2024-03-10,2022-08-02,2024-12-02,1806.1,8.8,1,9.21,0
PRJ-SYN-0353,SNAP-PRJ-SYN-0353-Q3,Assam Station Redevelopment & Quadrupling,Railways,Ministry of Railways (MoR),CORE,Assam,EPC,Plains,1653.79,1653.79,1258.7,74.74,76.11,2019-08-10,2024-03-10,2024-03-10,2023-04-10,2024-12-02,1806.1,8.8,1,9.21,0
PRJ-SYN-0353,SNAP-PRJ-SYN-0353-Q4,Assam Station Redevelopment & Quadrupling,Railways,Ministry of Railways (MoR),CORE,Assam,EPC,Plains,1653.79,1653.79,1367.85,83.24,82.71,2019-08-10,2024-03-10,2024-09-13,2023-09-24,2024-12-02,1806.1,8.8,1,9.21,0
PRJ-SYN-0354,SNAP-PRJ-SYN-0354-Q1,Jammu & Kashmir Express Highway Corridor Phase III,Highways,Ministry of Road Transport and Highways (MoRTH),National Highways Authority of India (NHAI),Jammu & Kashmir,EPC,Hilly/Mountainous,2054.47,2108.62,194.41,5.0,9.22,2022-10-10,2026-10-10,2026-10-10,2023-07-29,2028-04-06,2634.86,17.9,1,28.25,1
PRJ-SYN-0354,SNAP-PRJ-SYN-0354-Q2,Jammu & Kashmir Express Highway Corridor Phase III,Highways,Ministry of Road Transport and Highways (MoRTH),National Highways Authority of India (NHAI),Jammu & Kashmir,EPC,Hilly/Mountainous,2054.47,2054.47,1212.75,50.32,59.03,2022-10-10,2026-10-10,2027-07-13,2025-05-16,2028-04-06,2634.86,17.9,1,28.25,1
PRJ-SYN-0354,SNAP-PRJ-SYN-0354-Q3,Jammu & Kashmir Express Highway Corridor Phase III,Highways,Ministry of Road Transport and Highways (MoRTH),National Highways Authority of India (NHAI),Jammu & Kashmir,EPC,Hilly/Mountainous,2054.47,2513.77,2286.27,79.88,90.95,2022-10-10,2026-10-10,2027-11-09,2026-05-16,2028-04-06,2634.86,17.9,1,28.25,1
PRJ-SYN-0355,SNAP-PRJ-SYN-0355-Q1,Freight Corridor Feeder Line 91,Railways,Ministry of Railways (MoR),Dedicated Freight Corridor Corp (DFCCIL),Madhya Pradesh,EPC,Hilly/Mountainous,1745.42,1745.42,472.83,22.19,27.09,2020-05-21,2025-05-21,2025-05-21,2021-05-21,2025-06-29,1837.4,1.3,0,5.27,0
PRJ-SYN-0355,SNAP-PRJ-SYN-0355-Q2,Freight Corridor Feeder Line 91,Railways,Ministry of Railways (MoR),Dedicated Freight Corridor Corp (DFCCIL),Madhya Pradesh,EPC,Hilly/Mountainous,1745.42,1779.15,659.0,31.1,37.04,2020-05-21,2025-05-21,2025-05-21,2022-02-19,2025-06-29,1837.4,1.3,0,5.27,0
PRJ-SYN-0355,SNAP-PRJ-SYN-0355-Q3,Freight Corridor Feeder Line 91,Railways,Ministry of Railways (MoR),Dedicated Freight Corridor Corp (DFCCIL),Madhya Pradesh,EPC,Hilly/Mountainous,1745.42,1745.42,886.5,53.61,50.79,2020-05-21,2025-05-21,2025-05-21,2022-11-20,2025-06-29,1837.4,1.3,0,5.27,0
PRJ-SYN-0355,SNAP-PRJ-SYN-0355-Q4,Freight Corridor Feeder Line 91,Railways,Ministry of Railways (MoR),Dedicated Freight Corridor Corp (DFCCIL),Madhya Pradesh,EPC,Hilly/Mountainous,1745.42,1745.42,1654.48,90.03,94.79,2020-05-21,2025-05-21,2025-05-21,2024-11-19,2025-06-29,1837.4,1.3,0,5.27,0
PRJ-SYN-0356,SNAP-PRJ-SYN-0356-Q1,Gujarat Metro Line 86 Underground Section,Metro Rail,Ministry of Housing and Urban Affairs (MoHUA),UP Metro Rail Corp (UPMRC),Gujarat,EPC,Plains,8866.7,8866.7,2576.66,24.62,29.06,2023-06-22,2030-10-21,2030-10-21,2024-12-08,2030-10-30,8974.87,0.3,0,1.22,0
PRJ-SYN-0356,SNAP-PRJ-SYN-0356-Q2,Gujarat Metro Line 86 Underground Section,Metro Rail,Ministry of Housing and Urban Affairs (MoHUA),UP Metro Rail Corp (UPMRC),Gujarat,EPC,Plains,8866.7,8866.7,8344.45,94.72,94.11,2023-06-22,2030-10-21,2030-10-21,2030-01-26,2030-10-30,8974.87,0.3,0,1.22,0
PRJ-SYN-0357,SNAP-PRJ-SYN-0357-Q1,Freight Corridor Feeder Line 63,Railways,Ministry of Railways (MoR),CORE,Maharashtra,HAM,Plains,1196.08,1196.08,407.5,35.24,34.07,2021-12-02,2027-02-01,2027-02-01,2023-09-23,2027-09-17,1255.64,7.5,1,4.98,0
PRJ-SYN-0357,SNAP-PRJ-SYN-0357-Q2,Freight Corridor Feeder Line 63,Railways,Ministry of Railways (MoR),CORE,Maharashtra,HAM,Plains,1196.08,1196.08,646.84,53.18,54.08,2021-12-02,2027-02-01,2027-06-03,2025-04-11,2027-09-17,1255.64,7.5,1,4.98,0
PRJ-SYN-0357,SNAP-PRJ-SYN-0357-Q3,Freight Corridor Feeder Line 63,Railways,Ministry of Railways (MoR),CORE,Maharashtra,HAM,Plains,1196.08,1196.08,1010.69,81.14,84.5,2021-12-02,2027-02-01,2027-08-04,2026-01-19,2027-09-17,1255.64,7.5,1,4.98,0
PRJ-SYN-0357,SNAP-PRJ-SYN-0357-Q4,Freight Corridor Feeder Line 63,Railways,Ministry of Railways (MoR),CORE,Maharashtra,HAM,Plains,1196.08,1231.85,1184.79,90.66,96.18,2021-12-02,2027-02-01,2027-06-17,2026-07-27,2027-09-17,1255.64,7.5,1,4.98,0
PRJ-SYN-0358,SNAP-PRJ-SYN-0358-Q1,NH-95 4/6-Laning Bypass & Viaduct,Highways,Ministry of Road Transport and Highways (MoRTH),State PWD (Highways),Uttar Pradesh,HAM,Hilly/Mountainous,580.3,580.3,448.46,78.27,77.28,2022-05-28,2025-01-26,2025-01-26,2024-07-15,2025-03-24,606.99,1.9,0,4.6,0
PRJ-SYN-0358,SNAP-PRJ-SYN-0358-Q2,NH-95 4/6-Laning Bypass & Viaduct,Highways,Ministry of Road Transport and Highways (MoRTH),State PWD (Highways),Uttar Pradesh,HAM,Hilly/Mountainous,580.3,580.3,534.75,89.23,92.15,2022-05-28,2025-01-26,2025-04-05,2024-10-20,2025-03-24,606.99,1.9,0,4.6,0
PRJ-SYN-0359,SNAP-PRJ-SYN-0359-Q1,Freight Corridor Feeder Line 70,Railways,Ministry of Railways (MoR),Rail Vikas Nigam Ltd (RVNL),Telangana,HAM,Plains,4084.0,4084.0,783.31,17.64,19.18,2023-05-24,2027-09-22,2027-09-22,2024-04-04,2027-11-03,4115.86,1.4,0,0.78,0
PRJ-SYN-0359,SNAP-PRJ-SYN-0359-Q2,Freight Corridor Feeder Line 70,Railways,Ministry of Railways (MoR),Rail Vikas Nigam Ltd (RVNL),Telangana,HAM,Plains,4084.0,4084.0,1224.79,32.38,29.99,2023-05-24,2027-09-22,2027-09-22,2024-11-27,2027-11-03,4115.86,1.4,0,0.78,0
PRJ-SYN-0359,SNAP-PRJ-SYN-0359-Q3,Freight Corridor Feeder Line 70,Railways,Ministry of Railways (MoR),Rail Vikas Nigam Ltd (RVNL),Telangana,HAM,Plains,4084.0,4084.0,2195.56,52.92,53.76,2023-05-24,2027-09-22,2027-09-22,2025-07-23,2027-11-03,4115.86,1.4,0,0.78,0
PRJ-SYN-0359,SNAP-PRJ-SYN-0359-Q4,Freight Corridor Feeder Line 70,Railways,Ministry of Railways (MoR),Rail Vikas Nigam Ltd (RVNL),Telangana,HAM,Plains,4084.0,4084.0,2572.1,61.25,62.98,2023-05-24,2027-09-22,2027-09-22,2026-03-17,2027-11-03,4115.86,1.4,0,0.78,0
PRJ-SYN-0360,SNAP-PRJ-SYN-0360-Q1,High-Speed Rail Corridor Link 63,Railways,Ministry of Railways (MoR),IRCON International,Karnataka,HAM,Plains,5377.9,5377.9,954.58,18.19,17.75,2020-05-19,2026-03-19,2026-03-19,2021-07-19,2026-04-09,5433.29,0.7,0,1.03,0
PRJ-SYN-0360,SNAP-PRJ-SYN-0360-Q2,High-Speed Rail Corridor Link 63,Railways,Ministry of Railways (MoR),IRCON International,Karnataka,HAM,Plains,5377.9,5377.9,3263.85,61.42,60.69,2020-05-19,2026-03-19,2026-03-19,2024-03-03,2026-04-09,5433.29,0.7,0,1.03,0
PRJ-SYN-0360,SNAP-PRJ-SYN-0360-Q3,High-Speed Rail Corridor Link 63,Railways,Ministry of Railways (MoR),IRCON International,Karnataka,HAM,Plains,5377.9,5558.76,4868.36,89.86,87.58,2020-05-19,2026-03-19,2026-03-19,2025-08-18,2026-04-09,5433.29,0.7,0,1.03,0
PRJ-SYN-0361,SNAP-PRJ-SYN-0361-Q1,Tamil Nadu Rail Doubling & Third Line Section,Railways,Ministry of Railways (MoR),Dedicated Freight Corridor Corp (DFCCIL),Tamil Nadu,EPC,Plains,2278.5,2278.5,453.65,21.35,19.91,2018-11-13,2025-03-14,2025-03-14,2020-02-18,2025-03-14,2291.72,0.0,0,0.58,0
PRJ-SYN-0361,SNAP-PRJ-SYN-0361-Q2,Tamil Nadu Rail Doubling & Third Line Section,Railways,Ministry of Railways (MoR),Dedicated Freight Corridor Corp (DFCCIL),Tamil Nadu,EPC,Plains,2278.5,2278.5,1064.74,47.84,46.73,2018-11-13,2025-03-14,2025-06-03,2022-01-12,2025-03-14,2291.72,0.0,0,0.58,0
PRJ-SYN-0361,SNAP-PRJ-SYN-0361-Q3,Tamil Nadu Rail Doubling & Third Line Section,Railways,Ministry of Railways (MoR),Dedicated Freight Corridor Corp (DFCCIL),Tamil Nadu,EPC,Plains,2278.5,2278.5,1442.97,61.62,63.33,2018-11-13,2025-03-14,2025-06-13,2022-12-25,2025-03-14,2291.72,0.0,0,0.58,0
PRJ-SYN-0361,SNAP-PRJ-SYN-0361-Q4,Tamil Nadu Rail Doubling & Third Line Section,Railways,Ministry of Railways (MoR),Dedicated Freight Corridor Corp (DFCCIL),Tamil Nadu,EPC,Plains,2278.5,2278.5,1811.18,78.9,79.49,2018-11-13,2025-03-14,2025-03-14,2023-12-07,2025-03-14,2291.72,0.0,0,0.58,0
PRJ-SYN-0362,SNAP-PRJ-SYN-0362-Q1,NH-62 4/6-Laning Bypass & Viaduct,Highways,Ministry of Road Transport and Highways (MoRTH),National Highways Authority of India (NHAI),West Bengal,EPC,Coastal,1163.06,1163.06,199.46,12.06,17.15,2021-03-11,2024-09-09,2024-09-09,2021-11-21,2025-09-09,1349.61,12.0,1,16.04,1
PRJ-SYN-0362,SNAP-PRJ-SYN-0362-Q2,NH-62 4/6-Laning Bypass & Viaduct,Highways,Ministry of Road Transport and Highways (MoRTH),National Highways Authority of India (NHAI),West Bengal,EPC,Coastal,1163.06,1204.56,378.23,22.08,31.4,2021-03-11,2024-09-09,2024-09-09,2022-06-01,2025-09-09,1349.61,12.0,1,16.04,1
PRJ-SYN-0362,SNAP-PRJ-SYN-0362-Q3,NH-62 4/6-Laning Bypass & Viaduct,Highways,Ministry of Road Transport and Highways (MoRTH),National Highways Authority of India (NHAI),West Bengal,EPC,Coastal,1163.06,1263.76,582.72,43.53,46.11,2021-03-11,2024-09-09,2025-03-13,2023-06-19,2025-09-09,1349.61,12.0,1,16.04,1
PRJ-SYN-0362,SNAP-PRJ-SYN-0362-Q4,NH-62 4/6-Laning Bypass & Viaduct,Highways,Ministry of Road Transport and Highways (MoRTH),National Highways Authority of India (NHAI),West Bengal,EPC,Coastal,1163.06,1324.91,1085.1,78.63,81.9,2021-03-11,2024-09-09,2025-06-22,2024-05-04,2025-09-09,1349.61,12.0,1,16.04,1
PRJ-SYN-0363,SNAP-PRJ-SYN-0363-Q1,Underground Sewerage System & 100 MLD STP,Urban Water & Sanitation,Ministry of Housing and Urban Affairs (MoHUA),Delhi Jal Board,Bihar,Item Rate,Plains,210.97,210.97,71.71,31.1,33.99,2020-04-25,2022-05-25,2022-05-25,2021-01-16,2022-06-12,222.89,0.6,0,5.65,0
PRJ-SYN-0363,SNAP-PRJ-SYN-0363-Q2,Underground Sewerage System & 100 MLD STP,Urban Water & Sanitation,Ministry of Housing and Urban Affairs (MoHUA),Delhi Jal Board,Bihar,Item Rate,Plains,210.97,221.46,184.03,83.02,83.1,2020-04-25,2022-05-25,2022-06-29,2021-12-24,2022-06-12,222.89,0.6,0,5.65,0
PRJ-SYN-0364,SNAP-PRJ-SYN-0364-Q1,Gujarat Ultra Mega Solar Power Park 88 MW,Power & Renewable Energy,Ministry of Power / MNRE,SJVN Limited,Gujarat,HAM,Plains,273.91,273.91,54.04,16.25,19.73,2023-07-13,2026-12-11,2026-12-11,2024-03-18,2026-12-11,276.81,0.0,0,1.06,0
PRJ-SYN-0364,SNAP-PRJ-SYN-0364-Q2,Gujarat Ultra Mega Solar Power Park 88 MW,Power & Renewable Energy,Ministry of Power / MNRE,SJVN Limited,Gujarat,HAM,Plains,273.91,273.91,184.26,65.01,67.27,2023-07-13,2026-12-11,2027-02-23,2025-10-01,2026-12-11,276.81,0.0,0,1.06,0
PRJ-SYN-0364,SNAP-PRJ-SYN-0364-Q3,Gujarat Ultra Mega Solar Power Park 88 MW,Power & Renewable Energy,Ministry of Power / MNRE,SJVN Limited,Gujarat,HAM,Plains,273.91,273.91,254.49,88.23,92.91,2023-07-13,2026-12-11,2026-12-11,2026-08-09,2026-12-11,276.81,0.0,0,1.06,0
PRJ-SYN-0365,SNAP-PRJ-SYN-0365-Q1,NH-11 4/6-Laning Bypass & Viaduct,Highways,Ministry of Road Transport and Highways (MoRTH),National Highways Authority of India (NHAI),Bihar,BOT,Hilly/Mountainous,533.46,551.05,86.68,16.8,15.73,2022-04-01,2024-09-30,2024-09-30,2022-09-30,2024-11-02,563.39,1.1,0,5.61,0
PRJ-SYN-0365,SNAP-PRJ-SYN-0365-Q2,NH-11 4/6-Laning Bypass & Viaduct,Highways,Ministry of Road Transport and Highways (MoRTH),National Highways Authority of India (NHAI),Bihar,BOT,Hilly/Mountainous,533.46,533.46,194.18,34.85,36.4,2022-04-01,2024-09-30,2024-09-30,2023-02-14,2024-11-02,563.39,1.1,0,5.61,0
PRJ-SYN-0365,SNAP-PRJ-SYN-0365-Q3,NH-11 4/6-Laning Bypass & Viaduct,Highways,Ministry of Road Transport and Highways (MoRTH),National Highways Authority of India (NHAI),Bihar,BOT,Hilly/Mountainous,533.46,533.46,266.41,47.85,49.94,2022-04-01,2024-09-30,2024-09-30,2023-07-01,2024-11-02,563.39,1.1,0,5.61,0
PRJ-SYN-0365,SNAP-PRJ-SYN-0365-Q4,NH-11 4/6-Laning Bypass & Viaduct,Highways,Ministry of Road Transport and Highways (MoRTH),National Highways Authority of India (NHAI),Bihar,BOT,Hilly/Mountainous,533.46,553.12,499.91,85.13,90.38,2022-04-01,2024-09-30,2025-01-08,2024-03-31,2024-11-02,563.39,1.1,0,5.61,0
PRJ-SYN-0366,SNAP-PRJ-SYN-0366-Q1,Maharashtra Economic Corridor Pkg 23,Highways,Ministry of Road Transport and Highways (MoRTH),NHIDCL,Maharashtra,EPC,Plains,1299.33,1299.33,340.42,22.99,26.2,2022-10-10,2025-11-09,2025-11-09,2023-05-23,2025-11-09,1300.24,0.0,0,0.07,0
PRJ-SYN-0366,SNAP-PRJ-SYN-0366-Q2,Maharashtra Economic Corridor Pkg 23,Highways,Ministry of Road Transport and Highways (MoRTH),NHIDCL,Maharashtra,EPC,Plains,1299.33,1326.48,1168.23,88.27,88.07,2022-10-10,2025-11-09,2025-11-09,2025-07-19,2025-11-09,1300.24,0.0,0,0.07,0
PRJ-SYN-0367,SNAP-PRJ-SYN-0367-Q1,Underground Sewerage System & 100 MLD STP,Urban Water & Sanitation,Ministry of Housing and Urban Affairs (MoHUA),Karnataka Urban Infra Dev (KUIDFC),Andhra Pradesh,EPC,Plains,887.93,887.93,145.35,8.3,16.37,2022-06-14,2025-06-13,2025-06-13,2023-07-02,2027-05-26,1077.41,23.4,1,21.34,1
PRJ-SYN-0367,SNAP-PRJ-SYN-0367-Q2,Underground Sewerage System & 100 MLD STP,Urban Water & Sanitation,Ministry of Housing and Urban Affairs (MoHUA),Karnataka Urban Infra Dev (KUIDFC),Andhra Pradesh,EPC,Plains,887.93,887.93,341.59,26.61,38.47,2022-06-14,2025-06-13,2025-06-13,2023-12-13,2027-05-26,1077.41,23.4,1,21.34,1
PRJ-SYN-0367,SNAP-PRJ-SYN-0367-Q3,Underground Sewerage System & 100 MLD STP,Urban Water & Sanitation,Ministry of Housing and Urban Affairs (MoHUA),Karnataka Urban Infra Dev (KUIDFC),Andhra Pradesh,EPC,Plains,887.93,963.97,539.63,45.26,55.98,2022-06-14,2025-06-13,2026-07-03,2024-05-26,2027-05-26,1077.41,23.4,1,21.34,1
PRJ-SYN-0367,SNAP-PRJ-SYN-0367-Q4,Underground Sewerage System & 100 MLD STP,Urban Water & Sanitation,Ministry of Housing and Urban Affairs (MoHUA),Karnataka Urban Infra Dev (KUIDFC),Andhra Pradesh,EPC,Plains,887.93,1004.88,714.17,63.36,71.07,2022-06-14,2025-06-13,2027-04-11,2025-02-24,2027-05-26,1077.41,23.4,1,21.34,1
PRJ-SYN-0368,SNAP-PRJ-SYN-0368-Q1,NH-12 4/6-Laning Bypass & Viaduct,Highways,Ministry of Road Transport and Highways (MoRTH),National Highways Authority of India (NHAI),Rajasthan,HAM,Plains,2771.78,2771.78,379.18,5.0,13.68,2019-12-05,2022-11-04,2022-11-04,2020-07-05,2024-02-18,3067.81,15.5,1,10.68,1
PRJ-SYN-0368,SNAP-PRJ-SYN-0368-Q2,NH-12 4/6-Laning Bypass & Viaduct,Highways,Ministry of Road Transport and Highways (MoRTH),National Highways Authority of India (NHAI),Rajasthan,HAM,Plains,2771.78,3038.81,2254.49,67.57,74.19,2019-12-05,2022-11-04,2022-11-04,2022-07-20,2024-02-18,3067.81,15.5,1,10.68,1
PRJ-SYN-0369,SNAP-PRJ-SYN-0369-Q1,NH-56 4/6-Laning Bypass & Viaduct,Highways,Ministry of Road Transport and Highways (MoRTH),State PWD (Highways),Jammu & Kashmir,Item Rate,Coastal,387.95,392.0,78.71,14.69,20.08,2023-01-13,2026-04-14,2026-04-14,2023-09-07,2026-11-06,428.22,6.8,1,10.38,1
PRJ-SYN-0369,SNAP-PRJ-SYN-0369-Q2,NH-56 4/6-Laning Bypass & Viaduct,Highways,Ministry of Road Transport and Highways (MoRTH),State PWD (Highways),Jammu & Kashmir,Item Rate,Coastal,387.95,401.38,204.02,46.18,50.83,2023-01-13,2026-04-14,2026-07-06,2024-08-28,2026-11-06,428.22,6.8,1,10.38,1
PRJ-SYN-0369,SNAP-PRJ-SYN-0369-Q3,NH-56 4/6-Laning Bypass & Viaduct,Highways,Ministry of Road Transport and Highways (MoRTH),State PWD (Highways),Jammu & Kashmir,Item Rate,Coastal,387.95,417.25,344.73,74.0,82.62,2023-01-13,2026-04-14,2026-07-31,2025-08-19,2026-11-06,428.22,6.8,1,10.38,1
PRJ-SYN-0369,SNAP-PRJ-SYN-0369-Q4,NH-56 4/6-Laning Bypass & Viaduct,Highways,Ministry of Road Transport and Highways (MoRTH),State PWD (Highways),Jammu & Kashmir,Item Rate,Coastal,387.95,418.24,370.06,83.73,88.48,2023-01-13,2026-04-14,2026-09-09,2025-12-16,2026-11-06,428.22,6.8,1,10.38,1
PRJ-SYN-0370,SNAP-PRJ-SYN-0370-Q1,Madhya Pradesh Ring Metro Transit System Pkg 93,Metro Rail,Ministry of Housing and Urban Affairs (MoHUA),Delhi Metro Rail Corp (DMRC),Madhya Pradesh,EPC,Urban Dense,1423.46,1423.46,378.07,26.18,26.56,2018-12-04,2022-09-03,2022-09-03,2019-09-03,2022-11-15,1484.53,2.4,0,4.29,0
PRJ-SYN-0370,SNAP-PRJ-SYN-0370-Q2,Madhya Pradesh Ring Metro Transit System Pkg 93,Metro Rail,Ministry of Housing and Urban Affairs (MoHUA),Delhi Metro Rail Corp (DMRC),Madhya Pradesh,EPC,Urban Dense,1423.46,1423.46,843.97,60.46,59.29,2018-12-04,2022-09-03,2022-09-03,2021-05-12,2022-11-15,1484.53,2.4,0,4.29,0
PRJ-SYN-0370,SNAP-PRJ-SYN-0370-Q3,Madhya Pradesh Ring Metro Transit System Pkg 93,Metro Rail,Ministry of Housing and Urban Affairs (MoHUA),Delhi Metro Rail Corp (DMRC),Madhya Pradesh,EPC,Urban Dense,1423.46,1423.46,1299.05,91.6,91.26,2018-12-04,2022-09-03,2022-12-16,2022-04-19,2022-11-15,1484.53,2.4,0,4.29,0
PRJ-SYN-0371,SNAP-PRJ-SYN-0371-Q1,Haryana Economic Corridor Pkg 99,Highways,Ministry of Road Transport and Highways (MoRTH),State PWD (Highways),Haryana,BOT,Hilly/Mountainous,584.53,592.76,160.52,22.21,27.08,2019-12-22,2022-01-20,2022-02-01,2020-05-22,2022-05-12,691.38,3.7,1,18.28,1
PRJ-SYN-0371,SNAP-PRJ-SYN-0371-Q2,Haryana Economic Corridor Pkg 99,Highways,Ministry of Road Transport and Highways (MoRTH),State PWD (Highways),Haryana,BOT,Hilly/Mountainous,584.53,626.04,291.92,43.89,46.63,2019-12-22,2022-01-20,2022-03-09,2021-01-05,2022-05-12,691.38,3.7,1,18.28,1
PRJ-SYN-0371,SNAP-PRJ-SYN-0371-Q3,Haryana Economic Corridor Pkg 99,Highways,Ministry of Road Transport and Highways (MoRTH),State PWD (Highways),Haryana,BOT,Hilly/Mountainous,584.53,637.56,432.46,60.98,67.83,2019-12-22,2022-01-20,2022-03-23,2021-04-29,2022-05-12,691.38,3.7,1,18.28,1
PRJ-SYN-0371,SNAP-PRJ-SYN-0371-Q4,Haryana Economic Corridor Pkg 99,Highways,Ministry of Road Transport and Highways (MoRTH),State PWD (Highways),Haryana,BOT,Hilly/Mountainous,584.53,584.53,444.65,72.92,76.07,2019-12-22,2022-01-20,2022-04-01,2021-08-21,2022-05-12,691.38,3.7,1,18.28,1
PRJ-SYN-0372,SNAP-PRJ-SYN-0372-Q1,Karnataka Ring Metro Transit System Pkg 89,Metro Rail,Ministry of Housing and Urban Affairs (MoHUA),Delhi Metro Rail Corp (DMRC),Karnataka,Item Rate,Plains,2063.34,2063.34,1742.9,78.69,84.47,2023-03-14,2030-07-13,2030-07-13,2029-01-23,2030-09-02,2148.76,1.7,0,4.14,0
PRJ-SYN-0372,SNAP-PRJ-SYN-0372-Q2,Karnataka Ring Metro Transit System Pkg 89,Metro Rail,Ministry of Housing and Urban Affairs (MoHUA),Delhi Metro Rail Corp (DMRC),Karnataka,Item Rate,Plains,2063.34,2063.34,1748.68,87.48,84.75,2023-03-14,2030-07-13,2030-07-13,2029-10-18,2030-09-02,2148.76,1.7,0,4.14,0
PRJ-SYN-0373,SNAP-PRJ-SYN-0373-Q1,Underground Sewerage System & 100 MLD STP,Urban Water & Sanitation,Ministry of Housing and Urban Affairs (MoHUA),NBCC (India) Limited,Andhra Pradesh,Item Rate,Hilly/Mountainous,466.03,466.03,206.26,33.04,44.26,2019-10-07,2022-03-07,2022-03-07,2020-08-10,2022-04-03,524.42,0.9,0,12.53,1
PRJ-SYN-0373,SNAP-PRJ-SYN-0373-Q2,Underground Sewerage System & 100 MLD STP,Urban Water & Sanitation,Ministry of Housing and Urban Affairs (MoHUA),NBCC (India) Limited,Andhra Pradesh,Item Rate,Hilly/Mountainous,466.03,485.63,262.73,48.17,54.1,2019-10-07,2022-03-07,2022-03-07,2020-12-21,2022-04-03,524.42,0.9,0,12.53,1
PRJ-SYN-0373,SNAP-PRJ-SYN-0373-Q3,Underground Sewerage System & 100 MLD STP,Urban Water & Sanitation,Ministry of Housing and Urban Affairs (MoHUA),NBCC (India) Limited,Andhra Pradesh,Item Rate,Hilly/Mountainous,466.03,466.03,381.31,78.5,81.82,2019-10-07,2022-03-07,2022-03-07,2021-09-12,2022-04-03,524.42,0.9,0,12.53,1
PRJ-SYN-0374,SNAP-PRJ-SYN-0374-Q1,Freight Corridor Feeder Line 15,Railways,Ministry of Railways (MoR),CORE,Andhra Pradesh,EPC,Urban Dense,1818.75,1818.75,436.86,22.79,24.02,2021-04-23,2027-09-22,2027-09-22,2022-08-04,2027-12-04,1875.86,2.4,0,3.14,0
PRJ-SYN-0374,SNAP-PRJ-SYN-0374-Q2,Freight Corridor Feeder Line 15,Railways,Ministry of Railways (MoR),CORE,Andhra Pradesh,EPC,Urban Dense,1818.75,1818.75,600.73,32.44,33.03,2021-04-23,2027-09-22,2027-09-22,2023-07-22,2027-12-04,1875.86,2.4,0,3.14,0
PRJ-SYN-0374,SNAP-PRJ-SYN-0374-Q3,Freight Corridor Feeder Line 15,Railways,Ministry of Railways (MoR),CORE,Andhra Pradesh,EPC,Urban Dense,1818.75,1818.75,933.02,48.79,51.3,2021-04-23,2027-09-22,2027-11-28,2024-07-07,2027-12-04,1875.86,2.4,0,3.14,0
PRJ-SYN-0375,SNAP-PRJ-SYN-0375-Q1,Andhra Pradesh Ring Metro Transit System Pkg 24,Metro Rail,Ministry of Housing and Urban Affairs (MoHUA),Delhi Metro Rail Corp (DMRC),Andhra Pradesh,Item Rate,Plains,11925.82,11925.82,2034.54,18.76,17.06,2023-08-05,2032-05-04,2032-05-04,2025-05-05,2032-05-04,12388.54,0.0,0,3.88,0
PRJ-SYN-0375,SNAP-PRJ-SYN-0375-Q2,Andhra Pradesh Ring Metro Transit System Pkg 24,Metro Rail,Ministry of Housing and Urban Affairs (MoHUA),Delhi Metro Rail Corp (DMRC),Andhra Pradesh,Item Rate,Plains,11925.82,11925.82,9694.5,77.83,81.29,2023-08-05,2032-05-04,2032-05-04,2030-08-04,2032-05-04,12388.54,0.0,0,3.88,0
PRJ-SYN-0376,SNAP-PRJ-SYN-0376-Q1,Freight Corridor Feeder Line 68,Railways,Ministry of Railways (MoR),Dedicated Freight Corridor Corp (DFCCIL),Andhra Pradesh,EPC,Plains,2151.46,2151.46,487.74,19.75,22.67,2020-08-02,2025-07-02,2025-07-02,2021-07-27,2025-08-10,2236.66,1.3,0,3.96,0
PRJ-SYN-0376,SNAP-PRJ-SYN-0376-Q2,Freight Corridor Feeder Line 68,Railways,Ministry of Railways (MoR),Dedicated Freight Corridor Corp (DFCCIL),Andhra Pradesh,EPC,Plains,2151.46,2151.46,938.68,37.97,43.63,2020-08-02,2025-07-02,2025-07-02,2022-04-22,2025-08-10,2236.66,1.3,0,3.96,0
PRJ-SYN-0377,SNAP-PRJ-SYN-0377-Q1,Punjab Metro Corridor Elevated Extension Phase III,Metro Rail,Ministry of Housing and Urban Affairs (MoHUA),Mumbai Metropolitan Region Development Authority (MMRDA),Punjab,EPC,Urban Dense,636.72,636.72,235.08,34.36,36.92,2018-01-01,2021-10-01,2021-10-01,2019-04-25,2021-11-12,673.14,1.4,0,5.72,0
PRJ-SYN-0377,SNAP-PRJ-SYN-0377-Q2,Punjab Metro Corridor Elevated Extension Phase III,Metro Rail,Ministry of Housing and Urban Affairs (MoHUA),Mumbai Metropolitan Region Development Authority (MMRDA),Punjab,EPC,Urban Dense,636.72,636.72,570.44,83.94,89.59,2018-01-01,2021-10-01,2021-10-01,2021-05-17,2021-11-12,673.14,1.4,0,5.72,0
PRJ-SYN-0378,SNAP-PRJ-SYN-0378-Q1,Freight Corridor Feeder Line 89,Railways,Ministry of Railways (MoR),IRCON International,Karnataka,EPC,Plains,16805.85,16805.85,2009.98,13.82,11.96,2023-02-12,2029-04-13,2029-04-13,2024-05-07,2029-08-21,17141.97,4.3,1,2.0,0
PRJ-SYN-0378,SNAP-PRJ-SYN-0378-Q2,Freight Corridor Feeder Line 89,Railways,Ministry of Railways (MoR),IRCON International,Karnataka,EPC,Plains,16805.85,16805.85,5977.84,32.63,35.57,2023-02-12,2029-04-13,2029-04-13,2025-04-10,2029-08-21,17141.97,4.3,1,2.0,0
PRJ-SYN-0378,SNAP-PRJ-SYN-0378-Q3,Freight Corridor Feeder Line 89,Railways,Ministry of Railways (MoR),IRCON International,Karnataka,EPC,Plains,16805.85,16805.85,11222.95,66.46,66.78,2023-02-12,2029-04-13,2029-04-13,2027-02-15,2029-08-21,17141.97,4.3,1,2.0,0
PRJ-SYN-0379,SNAP-PRJ-SYN-0379-Q1,765kV High Voltage Transmission Substation,Power & Renewable Energy,Ministry of Power / MNRE,SJVN Limited,Uttar Pradesh,EPC,Plains,2320.8,2320.8,418.44,18.94,18.03,2021-11-26,2026-11-26,2026-11-26,2022-11-26,2026-12-23,2331.24,0.9,0,0.45,0
PRJ-SYN-0379,SNAP-PRJ-SYN-0379-Q2,765kV High Voltage Transmission Substation,Power & Renewable Energy,Ministry of Power / MNRE,SJVN Limited,Uttar Pradesh,EPC,Plains,2320.8,2406.78,857.78,34.97,35.64,2021-11-26,2026-11-26,2026-11-26,2023-08-27,2026-12-23,2331.24,0.9,0,0.45,0
PRJ-SYN-0380,SNAP-PRJ-SYN-0380-Q1,Bihar Metro Line 63 Underground Section,Metro Rail,Ministry of Housing and Urban Affairs (MoHUA),Delhi Metro Rail Corp (DMRC),Bihar,EPC,Coastal,3373.38,3373.38,1398.27,40.46,41.45,2021-10-22,2029-06-22,2029-06-22,2024-06-28,2029-08-31,3569.71,2.3,0,5.82,0
PRJ-SYN-0380,SNAP-PRJ-SYN-0380-Q2,Bihar Metro Line 63 Underground Section,Metro Rail,Ministry of Housing and Urban Affairs (MoHUA),Delhi Metro Rail Corp (DMRC),Bihar,EPC,Coastal,3373.38,3373.38,2532.73,70.95,75.08,2021-10-22,2029-06-22,2029-06-22,2026-10-16,2029-08-31,3569.71,2.3,0,5.82,0
PRJ-SYN-0380,SNAP-PRJ-SYN-0380-Q3,Bihar Metro Line 63 Underground Section,Metro Rail,Ministry of Housing and Urban Affairs (MoHUA),Delhi Metro Rail Corp (DMRC),Bihar,EPC,Coastal,3373.38,3461.41,2960.2,80.04,85.52,2021-10-22,2029-06-22,2029-08-16,2027-12-10,2029-08-31,3569.71,2.3,0,5.82,0
PRJ-SYN-0381,SNAP-PRJ-SYN-0381-Q1,Kerala Rail Doubling & Third Line Section,Railways,Ministry of Railways (MoR),IRCON International,Kerala,Item Rate,Plains,2211.21,2211.21,542.41,19.52,24.53,2018-07-15,2024-09-13,2024-09-13,2019-10-08,2024-09-13,2306.29,0.0,0,4.3,0
PRJ-SYN-0381,SNAP-PRJ-SYN-0381-Q2,Kerala Rail Doubling & Third Line Section,Railways,Ministry of Railways (MoR),IRCON International,Kerala,Item Rate,Plains,2211.21,2315.4,1236.42,52.12,53.4,2018-07-15,2024-09-13,2024-09-13,2021-08-14,2024-09-13,2306.29,0.0,0,4.3,0
PRJ-SYN-0382,SNAP-PRJ-SYN-0382-Q1,Karnataka Metro Line 95 Underground Section,Metro Rail,Ministry of Housing and Urban Affairs (MoHUA),Mumbai Metropolitan Region Development Authority (MMRDA),Karnataka,EPC,Plains,26027.71,26027.71,6418.43,23.23,24.66,2022-09-23,2030-05-24,2030-05-24,2024-04-05,2030-06-26,26647.17,1.1,0,2.38,0
PRJ-SYN-0382,SNAP-PRJ-SYN-0382-Q2,Karnataka Metro Line 95 Underground Section,Metro Rail,Ministry of Housing and Urban Affairs (MoHUA),Mumbai Metropolitan Region Development Authority (MMRDA),Karnataka,EPC,Plains,26027.71,26027.71,14104.42,53.14,54.19,2022-09-23,2030-05-24,2030-05-24,2026-07-24,2030-06-26,26647.17,1.1,0,2.38,0
PRJ-SYN-0382,SNAP-PRJ-SYN-0382-Q3,Karnataka Metro Line 95 Underground Section,Metro Rail,Ministry of Housing and Urban Affairs (MoHUA),Mumbai Metropolitan Region Development Authority (MMRDA),Karnataka,EPC,Plains,26027.71,26027.71,16816.5,65.37,64.61,2022-09-23,2030-05-24,2030-05-24,2027-09-17,2030-06-26,26647.17,1.1,0,2.38,0
PRJ-SYN-0382,SNAP-PRJ-SYN-0382-Q4,Karnataka Metro Line 95 Underground Section,Metro Rail,Ministry of Housing and Urban Affairs (MoHUA),Mumbai Metropolitan Region Development Authority (MMRDA),Karnataka,EPC,Plains,26027.71,26027.71,20478.6,78.74,78.68,2022-09-23,2030-05-24,2030-08-21,2028-11-10,2030-06-26,26647.17,1.1,0,2.38,0
PRJ-SYN-0383,SNAP-PRJ-SYN-0383-Q1,NH-54 4/6-Laning Bypass & Viaduct,Highways,Ministry of Road Transport and Highways (MoRTH),State PWD (Highways),Tamil Nadu,HAM,Hilly/Mountainous,2526.89,2846.36,1671.1,51.49,58.71,2023-11-13,2028-02-12,2029-10-23,2027-04-07,2030-10-28,3039.09,32.5,1,20.27,1
PRJ-SYN-0383,SNAP-PRJ-SYN-0383-Q2,NH-54 4/6-Laning Bypass & Viaduct,Highways,Ministry of Road Transport and Highways (MoRTH),State PWD (Highways),Tamil Nadu,HAM,Hilly/Mountainous,2526.89,2840.45,1876.4,61.16,66.06,2023-11-13,2028-02-12,2030-03-01,2027-09-10,2030-10-28,3039.09,32.5,1,20.27,1
PRJ-SYN-0384,SNAP-PRJ-SYN-0384-Q1,Bihar Smart City Water Supply Augmentation,Urban Water & Sanitation,Ministry of Housing and Urban Affairs (MoHUA),NBCC (India) Limited,Bihar,EPC,Urban Dense,834.4,855.86,401.91,39.58,46.96,2021-03-03,2023-11-02,2023-11-02,2022-02-06,2024-02-13,920.84,3.4,1,10.36,1
PRJ-SYN-0384,SNAP-PRJ-SYN-0384-Q2,Bihar Smart City Water Supply Augmentation,Urban Water & Sanitation,Ministry of Housing and Urban Affairs (MoHUA),NBCC (India) Limited,Bihar,EPC,Urban Dense,834.4,834.4,489.63,47.92,58.68,2021-03-03,2023-11-02,2023-11-02,2022-07-03,2024-02-13,920.84,3.4,1,10.36,1
PRJ-SYN-0384,SNAP-PRJ-SYN-0384-Q3,Bihar Smart City Water Supply Augmentation,Urban Water & Sanitation,Ministry of Housing and Urban Affairs (MoHUA),NBCC (India) Limited,Bihar,EPC,Urban Dense,834.4,901.68,828.55,84.94,91.89,2021-03-03,2023-11-02,2024-01-06,2023-07-27,2024-02-13,920.84,3.4,1,10.36,1
PRJ-SYN-0385,SNAP-PRJ-SYN-0385-Q1,Bihar Express Highway Corridor Phase II,Highways,Ministry of Road Transport and Highways (MoRTH),NHIDCL,Bihar,EPC,Plains,591.37,616.33,98.24,13.94,15.94,2021-07-27,2024-11-25,2024-12-08,2022-03-27,2025-03-02,615.32,3.2,1,4.05,0
PRJ-SYN-0385,SNAP-PRJ-SYN-0385-Q2,Bihar Express Highway Corridor Phase II,Highways,Ministry of Road Transport and Highways (MoRTH),NHIDCL,Bihar,EPC,Plains,591.37,591.37,379.25,59.17,64.13,2021-07-27,2024-11-25,2025-01-07,2023-09-26,2025-03-02,615.32,3.2,1,4.05,0
PRJ-SYN-0386,SNAP-PRJ-SYN-0386-Q1,Odisha River Basin Pollution Abatement Pkg 21,Urban Water & Sanitation,Ministry of Housing and Urban Affairs (MoHUA),State Jal Nigam,Odisha,EPC,Plains,820.78,820.78,211.27,22.29,25.74,2021-06-04,2024-02-03,2024-02-03,2021-12-15,2024-04-28,830.3,2.8,0,1.16,0
PRJ-SYN-0386,SNAP-PRJ-SYN-0386-Q2,Odisha River Basin Pollution Abatement Pkg 21,Urban Water & Sanitation,Ministry of Housing and Urban Affairs (MoHUA),State Jal Nigam,Odisha,EPC,Plains,820.78,820.78,660.15,80.63,80.43,2021-06-04,2024-02-03,2024-02-03,2023-07-23,2024-04-28,830.3,2.8,0,1.16,0
PRJ-SYN-0386,SNAP-PRJ-SYN-0386-Q3,Odisha River Basin Pollution Abatement Pkg 21,Urban Water & Sanitation,Ministry of Housing and Urban Affairs (MoHUA),State Jal Nigam,Odisha,EPC,Plains,820.78,820.78,755.45,90.17,92.04,2021-06-04,2024-02-03,2024-02-03,2023-10-28,2024-04-28,830.3,2.8,0,1.16,0
PRJ-SYN-0387,SNAP-PRJ-SYN-0387-Q1,Border Road Strategic Connectivity Link 81,Highways,Ministry of Road Transport and Highways (MoRTH),NHIDCL,Jharkhand,HAM,Urban Dense,2076.63,2076.63,420.31,9.7,20.24,2018-02-26,2021-11-26,2022-08-05,2019-06-20,2024-03-08,2680.31,27.4,1,29.07,1
PRJ-SYN-0387,SNAP-PRJ-SYN-0387-Q2,Border Road Strategic Connectivity Link 81,Highways,Ministry of Road Transport and Highways (MoRTH),NHIDCL,Jharkhand,HAM,Urban Dense,2076.63,2262.82,741.75,26.59,32.78,2018-02-26,2021-11-26,2022-10-24,2020-01-11,2024-03-08,2680.31,27.4,1,29.07,1
PRJ-SYN-0387,SNAP-PRJ-SYN-0387-Q3,Border Road Strategic Connectivity Link 81,Highways,Ministry of Road Transport and Highways (MoRTH),NHIDCL,Jharkhand,HAM,Urban Dense,2076.63,2419.7,1576.68,57.35,65.16,2018-02-26,2021-11-26,2023-10-20,2021-02-25,2024-03-08,2680.31,27.4,1,29.07,1
PRJ-SYN-0387,SNAP-PRJ-SYN-0387-Q4,Border Road Strategic Connectivity Link 81,Highways,Ministry of Road Transport and Highways (MoRTH),NHIDCL,Jharkhand,HAM,Urban Dense,2076.63,2586.12,1815.2,67.43,70.19,2018-02-26,2021-11-26,2024-02-03,2021-07-12,2024-03-08,2680.31,27.4,1,29.07,1
PRJ-SYN-0388,SNAP-PRJ-SYN-0388-Q1,Border Road Strategic Connectivity Link 56,Highways,Ministry of Road Transport and Highways (MoRTH),State PWD (Highways),Maharashtra,EPC,Hilly/Mountainous,1583.13,1583.13,988.03,56.87,62.41,2019-08-11,2021-10-10,2021-10-10,2020-09-09,2021-10-10,1697.75,0.0,0,7.24,0
PRJ-SYN-0388,SNAP-PRJ-SYN-0388-Q2,Border Road Strategic Connectivity Link 56,Highways,Ministry of Road Transport and Highways (MoRTH),State PWD (Highways),Maharashtra,EPC,Hilly/Mountainous,1583.13,1583.13,1001.33,59.71,63.25,2019-08-11,2021-10-10,2021-11-10,2021-01-06,2021-10-10,1697.75,0.0,0,7.24,0
PRJ-SYN-0388,SNAP-PRJ-SYN-0388-Q3,Border Road Strategic Connectivity Link 56,Highways,Ministry of Road Transport and Highways (MoRTH),State PWD (Highways),Maharashtra,EPC,Hilly/Mountainous,1583.13,1583.13,1179.59,77.31,74.51,2019-08-11,2021-10-10,2021-10-10,2021-05-05,2021-10-10,1697.75,0.0,0,7.24,0
PRJ-SYN-0388,SNAP-PRJ-SYN-0388-Q4,Border Road Strategic Connectivity Link 56,Highways,Ministry of Road Transport and Highways (MoRTH),State PWD (Highways),Maharashtra,EPC,Hilly/Mountainous,1583.13,1583.13,1313.21,80.91,82.95,2019-08-11,2021-10-10,2021-12-10,2021-07-23,2021-10-10,1697.75,0.0,0,7.24,0
PRJ-SYN-0389,SNAP-PRJ-SYN-0389-Q1,West Bengal Economic Corridor Pkg 24,Highways,Ministry of Road Transport and Highways (MoRTH),State PWD (Highways),West Bengal,EPC,Plains,1359.87,1359.87,680.75,47.68,50.06,2023-04-01,2025-07-31,2025-07-31,2024-05-31,2025-07-31,1363.0,0.0,0,0.23,0
PRJ-SYN-0389,SNAP-PRJ-SYN-0389-Q2,West Bengal Economic Corridor Pkg 24,Highways,Ministry of Road Transport and Highways (MoRTH),State PWD (Highways),West Bengal,EPC,Plains,1359.87,1359.87,1108.16,79.83,81.49,2023-04-01,2025-07-31,2025-07-31,2025-02-10,2025-07-31,1363.0,0.0,0,0.23,0
PRJ-SYN-0389,SNAP-PRJ-SYN-0389-Q3,West Bengal Economic Corridor Pkg 24,Highways,Ministry of Road Transport and Highways (MoRTH),State PWD (Highways),West Bengal,EPC,Plains,1359.87,1359.87,1226.6,84.66,90.2,2023-04-01,2025-07-31,2025-07-31,2025-05-07,2025-07-31,1363.0,0.0,0,0.23,0
PRJ-SYN-0390,SNAP-PRJ-SYN-0390-Q1,Tamil Nadu Ultra Mega Solar Power Park 73 MW,Power & Renewable Energy,Ministry of Power / MNRE,NTPC Limited,Tamil Nadu,Item Rate,Urban Dense,4804.58,4804.58,652.94,11.58,13.59,2023-12-24,2027-03-25,2027-04-28,2024-08-17,2028-02-28,5904.83,11.2,1,22.9,1
PRJ-SYN-0390,SNAP-PRJ-SYN-0390-Q2,Tamil Nadu Ultra Mega Solar Power Park 73 MW,Power & Renewable Energy,Ministry of Power / MNRE,NTPC Limited,Tamil Nadu,Item Rate,Urban Dense,4804.58,5079.94,1443.72,21.66,28.42,2023-12-24,2027-03-25,2027-03-25,2025-02-11,2028-02-28,5904.83,11.2,1,22.9,1
PRJ-SYN-0390,SNAP-PRJ-SYN-0390-Q3,Tamil Nadu Ultra Mega Solar Power Park 73 MW,Power & Renewable Energy,Ministry of Power / MNRE,NTPC Limited,Tamil Nadu,Item Rate,Urban Dense,4804.58,5171.22,2052.97,34.47,39.7,2023-12-24,2027-03-25,2027-03-25,2025-08-08,2028-02-28,5904.83,11.2,1,22.9,1
PRJ-SYN-0391,SNAP-PRJ-SYN-0391-Q1,Uttar Pradesh Express Highway Corridor Phase IV,Highways,Ministry of Road Transport and Highways (MoRTH),National Highways Authority of India (NHAI),Uttar Pradesh,Item Rate,Plains,2107.65,2107.65,625.76,24.1,29.69,2019-12-11,2023-06-11,2023-06-11,2020-08-22,2023-07-02,2188.16,0.7,0,3.82,0
PRJ-SYN-0391,SNAP-PRJ-SYN-0391-Q2,Uttar Pradesh Express Highway Corridor Phase IV,Highways,Ministry of Road Transport and Highways (MoRTH),National Highways Authority of India (NHAI),Uttar Pradesh,Item Rate,Plains,2107.65,2107.65,1400.32,64.83,66.44,2019-12-11,2023-06-11,2023-06-11,2022-03-20,2023-07-02,2188.16,0.7,0,3.82,0
PRJ-SYN-0392,SNAP-PRJ-SYN-0392-Q1,Uttarakhand Metro Line 68 Underground Section,Metro Rail,Ministry of Housing and Urban Affairs (MoHUA),UP Metro Rail Corp (UPMRC),Uttarakhand,EPC,Coastal,2539.5,2539.5,461.43,13.08,18.17,2022-09-05,2030-08-05,2030-10-26,2024-04-05,2032-09-10,2731.49,25.2,1,7.56,0
PRJ-SYN-0392,SNAP-PRJ-SYN-0392-Q2,Uttarakhand Metro Line 68 Underground Section,Metro Rail,Ministry of Housing and Urban Affairs (MoHUA),UP Metro Rail Corp (UPMRC),Uttarakhand,EPC,Coastal,2539.5,2539.5,1743.87,70.77,68.67,2022-09-05,2030-08-05,2031-09-03,2029-01-04,2032-09-10,2731.49,25.2,1,7.56,0
PRJ-SYN-0392,SNAP-PRJ-SYN-0392-Q3,Uttarakhand Metro Line 68 Underground Section,Metro Rail,Ministry of Housing and Urban Affairs (MoHUA),UP Metro Rail Corp (UPMRC),Uttarakhand,EPC,Coastal,2539.5,2539.5,2006.97,76.21,79.03,2022-09-05,2030-08-05,2032-03-10,2029-10-20,2032-09-10,2731.49,25.2,1,7.56,0
PRJ-SYN-0393,SNAP-PRJ-SYN-0393-Q1,Uttar Pradesh River Basin Pollution Abatement Pkg 75,Urban Water & Sanitation,Ministry of Housing and Urban Affairs (MoHUA),State Jal Nigam,Uttar Pradesh,HAM,Urban Dense,338.59,338.59,133.51,36.95,39.43,2019-12-19,2022-11-18,2023-01-28,2020-12-25,2022-12-15,348.21,0.9,0,2.84,0
PRJ-SYN-0393,SNAP-PRJ-SYN-0393-Q2,Uttar Pradesh River Basin Pollution Abatement Pkg 75,Urban Water & Sanitation,Ministry of Housing and Urban Affairs (MoHUA),State Jal Nigam,Uttar Pradesh,HAM,Urban Dense,338.59,338.59,307.68,87.59,90.87,2019-12-19,2022-11-18,2022-11-18,2022-08-03,2022-12-15,348.21,0.9,0,2.84,0
PRJ-SYN-0394,SNAP-PRJ-SYN-0394-Q1,Bihar Station Redevelopment & Quadrupling,Railways,Ministry of Railways (MoR),Dedicated Freight Corridor Corp (DFCCIL),Bihar,HAM,Plains,1933.71,1933.71,930.69,50.46,48.13,2021-10-23,2027-03-24,2027-03-24,2024-07-08,2027-05-26,1976.83,2.1,0,2.23,0
PRJ-SYN-0394,SNAP-PRJ-SYN-0394-Q2,Bihar Station Redevelopment & Quadrupling,Railways,Ministry of Railways (MoR),Dedicated Freight Corridor Corp (DFCCIL),Bihar,HAM,Plains,1933.71,1933.71,1335.03,64.44,69.04,2021-10-23,2027-03-24,2027-03-24,2025-04-30,2027-05-26,1976.83,2.1,0,2.23,0
PRJ-SYN-0395,SNAP-PRJ-SYN-0395-Q1,Assam Metro Corridor Elevated Extension Phase IV,Metro Rail,Ministry of Housing and Urban Affairs (MoHUA),Mumbai Metropolitan Region Development Authority (MMRDA),Assam,EPC,Hilly/Mountainous,6561.83,6750.88,2543.06,39.36,37.67,2021-10-23,2027-01-22,2027-01-22,2024-06-07,2027-12-10,7212.76,10.6,1,9.92,0
PRJ-SYN-0395,SNAP-PRJ-SYN-0395-Q2,Assam Metro Corridor Elevated Extension Phase IV,Metro Rail,Ministry of Housing and Urban Affairs (MoHUA),Mumbai Metropolitan Region Development Authority (MMRDA),Assam,EPC,Hilly/Mountainous,6561.83,6561.83,4164.14,60.65,63.46,2021-10-23,2027-01-22,2027-07-14,2025-03-22,2027-12-10,7212.76,10.6,1,9.92,0
PRJ-SYN-0395,SNAP-PRJ-SYN-0395-Q3,Assam Metro Corridor Elevated Extension Phase IV,Metro Rail,Ministry of Housing and Urban Affairs (MoHUA),Mumbai Metropolitan Region Development Authority (MMRDA),Assam,EPC,Hilly/Mountainous,6561.83,6561.83,5288.18,77.32,80.59,2021-10-23,2027-01-22,2027-01-22,2026-01-04,2027-12-10,7212.76,10.6,1,9.92,0
PRJ-SYN-0395,SNAP-PRJ-SYN-0395-Q4,Assam Metro Corridor Elevated Extension Phase IV,Metro Rail,Ministry of Housing and Urban Affairs (MoHUA),Mumbai Metropolitan Region Development Authority (MMRDA),Assam,EPC,Hilly/Mountainous,6561.83,6561.83,5623.49,83.89,85.7,2021-10-23,2027-01-22,2027-10-22,2026-07-14,2027-12-10,7212.76,10.6,1,9.92,0
PRJ-SYN-0396,SNAP-PRJ-SYN-0396-Q1,Deep Draft Container Terminal Berth 89,Ports & Shipping,"Ministry of Ports, Shipping and Waterways (MoPSW)",Deendayal Port Authority,Andhra Pradesh,Item Rate,Plains,682.72,700.86,208.02,25.47,29.68,2020-11-12,2024-06-12,2024-07-22,2022-02-13,2024-12-29,768.54,6.6,1,12.57,1
PRJ-SYN-0396,SNAP-PRJ-SYN-0396-Q2,Deep Draft Container Terminal Berth 89,Ports & Shipping,"Ministry of Ports, Shipping and Waterways (MoPSW)",Deendayal Port Authority,Andhra Pradesh,Item Rate,Plains,682.72,682.72,330.1,42.79,48.35,2020-11-12,2024-06-12,2024-08-13,2022-08-28,2024-12-29,768.54,6.6,1,12.57,1
PRJ-SYN-0396,SNAP-PRJ-SYN-0396-Q3,Deep Draft Container Terminal Berth 89,Ports & Shipping,"Ministry of Ports, Shipping and Waterways (MoPSW)",Deendayal Port Authority,Andhra Pradesh,Item Rate,Plains,682.72,720.52,465.31,55.19,64.58,2020-11-12,2024-06-12,2024-09-27,2023-03-12,2024-12-29,768.54,6.6,1,12.57,1
PRJ-SYN-0396,SNAP-PRJ-SYN-0396-Q4,Deep Draft Container Terminal Berth 89,Ports & Shipping,"Ministry of Ports, Shipping and Waterways (MoPSW)",Deendayal Port Authority,Andhra Pradesh,Item Rate,Plains,682.72,757.44,652.99,80.22,86.21,2020-11-12,2024-06-12,2024-10-08,2024-02-02,2024-12-29,768.54,6.6,1,12.57,1
PRJ-SYN-0397,SNAP-PRJ-SYN-0397-Q1,Assam Metro Corridor Elevated Extension Phase IV,Metro Rail,Ministry of Housing and Urban Affairs (MoHUA),Delhi Metro Rail Corp (DMRC),Assam,Item Rate,Plains,1741.4,1741.4,658.42,25.98,37.81,2023-12-14,2030-12-13,2030-12-13,2026-05-26,2033-01-30,2111.1,25.6,1,21.23,1
PRJ-SYN-0397,SNAP-PRJ-SYN-0397-Q2,Assam Metro Corridor Elevated Extension Phase IV,Metro Rail,Ministry of Housing and Urban Affairs (MoHUA),Delhi Metro Rail Corp (DMRC),Assam,Item Rate,Plains,1741.4,1843.47,775.36,38.16,42.06,2023-12-14,2030-12-13,2031-11-24,2027-06-14,2033-01-30,2111.1,25.6,1,21.23,1
PRJ-SYN-0397,SNAP-PRJ-SYN-0397-Q3,Assam Metro Corridor Elevated Extension Phase IV,Metro Rail,Ministry of Housing and Urban Affairs (MoHUA),Delhi Metro Rail Corp (DMRC),Assam,Item Rate,Plains,1741.4,1995.17,1483.61,68.5,74.36,2023-12-14,2030-12-13,2030-12-13,2029-07-20,2033-01-30,2111.1,25.6,1,21.23,1
PRJ-SYN-0397,SNAP-PRJ-SYN-0397-Q4,Assam Metro Corridor Elevated Extension Phase IV,Metro Rail,Ministry of Housing and Urban Affairs (MoHUA),Delhi Metro Rail Corp (DMRC),Assam,Item Rate,Plains,1741.4,1978.19,1602.33,77.42,81.0,2023-12-14,2030-12-13,2032-06-09,2030-04-02,2033-01-30,2111.1,25.6,1,21.23,1
PRJ-SYN-0398,SNAP-PRJ-SYN-0398-Q1,Haryana Express Highway Corridor Phase I,Highways,Ministry of Road Transport and Highways (MoRTH),National Highways Authority of India (NHAI),Haryana,EPC,Plains,567.83,567.83,61.1,5.0,10.76,2018-11-02,2020-12-01,2020-12-01,2019-07-26,2022-06-07,662.77,18.2,1,16.72,1
PRJ-SYN-0398,SNAP-PRJ-SYN-0398-Q2,Haryana Express Highway Corridor Phase I,Highways,Ministry of Road Transport and Highways (MoRTH),National Highways Authority of India (NHAI),Haryana,EPC,Plains,567.83,595.34,191.76,28.2,32.21,2018-11-02,2020-12-01,2021-06-02,2019-11-17,2022-06-07,662.77,18.2,1,16.72,1
PRJ-SYN-0399,SNAP-PRJ-SYN-0399-Q1,Freight Corridor Feeder Line 17,Railways,Ministry of Railways (MoR),IRCON International,West Bengal,BOT,Plains,4529.25,4529.25,962.47,23.9,21.25,2019-09-02,2025-01-31,2025-01-31,2020-10-01,2025-03-20,4630.25,1.6,0,2.23,0
PRJ-SYN-0399,SNAP-PRJ-SYN-0399-Q2,Freight Corridor Feeder Line 17,Railways,Ministry of Railways (MoR),IRCON International,West Bengal,BOT,Plains,4529.25,4529.25,1766.41,37.9,39.0,2019-09-02,2025-01-31,2025-01-31,2021-07-25,2025-03-20,4630.25,1.6,0,2.23,0
PRJ-SYN-0399,SNAP-PRJ-SYN-0399-Q3,Freight Corridor Feeder Line 17,Railways,Ministry of Railways (MoR),IRCON International,West Bengal,BOT,Plains,4529.25,4529.25,2968.92,67.11,65.55,2019-09-02,2025-01-31,2025-01-31,2023-03-10,2025-03-20,4630.25,1.6,0,2.23,0
PRJ-SYN-0400,SNAP-PRJ-SYN-0400-Q1,Maharashtra Smart City Water Supply Augmentation,Urban Water & Sanitation,Ministry of Housing and Urban Affairs (MoHUA),State Jal Nigam,Maharashtra,HAM,Plains,353.56,353.56,49.32,14.38,13.95,2018-07-13,2021-04-12,2021-04-12,2019-01-29,2021-05-18,365.69,1.2,0,3.43,0
PRJ-SYN-0400,SNAP-PRJ-SYN-0400-Q2,Maharashtra Smart City Water Supply Augmentation,Urban Water & Sanitation,Ministry of Housing and Urban Affairs (MoHUA),State Jal Nigam,Maharashtra,HAM,Plains,353.56,353.56,214.43,56.13,60.65,2018-07-13,2021-04-12,2021-04-12,2019-11-27,2021-05-18,365.69,1.2,0,3.43,0
PRJ-SYN-0400,SNAP-PRJ-SYN-0400-Q3,Maharashtra Smart City Water Supply Augmentation,Urban Water & Sanitation,Ministry of Housing and Urban Affairs (MoHUA),State Jal Nigam,Maharashtra,HAM,Plains,353.56,353.56,332.66,93.25,94.09,2018-07-13,2021-04-12,2021-04-12,2021-01-01,2021-05-18,365.69,1.2,0,3.43,0
PRJ-SYN-0401,SNAP-PRJ-SYN-0401-Q1,West Bengal Ring Metro Transit System Pkg 35,Metro Rail,Ministry of Housing and Urban Affairs (MoHUA),Delhi Metro Rail Corp (DMRC),West Bengal,Item Rate,Urban Dense,2608.52,2692.88,723.85,21.36,26.88,2021-04-21,2028-12-20,2028-12-20,2023-12-27,2031-12-14,3081.71,35.8,1,18.14,1
PRJ-SYN-0401,SNAP-PRJ-SYN-0401-Q2,West Bengal Ring Metro Transit System Pkg 35,Metro Rail,Ministry of Housing and Urban Affairs (MoHUA),Delhi Metro Rail Corp (DMRC),West Bengal,Item Rate,Urban Dense,2608.52,2749.46,1064.87,31.92,38.73,2021-04-21,2028-12-20,2029-12-03,2025-02-19,2031-12-14,3081.71,35.8,1,18.14,1
PRJ-SYN-0401,SNAP-PRJ-SYN-0401-Q3,West Bengal Ring Metro Transit System Pkg 35,Metro Rail,Ministry of Housing and Urban Affairs (MoHUA),Delhi Metro Rail Corp (DMRC),West Bengal,Item Rate,Urban Dense,2608.52,2914.9,2080.95,62.21,71.39,2021-04-21,2028-12-20,2031-04-17,2027-06-09,2031-12-14,3081.71,35.8,1,18.14,1
PRJ-SYN-0401,SNAP-PRJ-SYN-0401-Q4,West Bengal Ring Metro Transit System Pkg 35,Metro Rail,Ministry of Housing and Urban Affairs (MoHUA),Delhi Metro Rail Corp (DMRC),West Bengal,Item Rate,Urban Dense,2608.52,2916.92,2240.19,72.94,76.8,2021-04-21,2028-12-20,2031-04-18,2028-03-15,2031-12-14,3081.71,35.8,1,18.14,1
PRJ-SYN-0402,SNAP-PRJ-SYN-0402-Q1,765kV High Voltage Transmission Substation,Power & Renewable Energy,Ministry of Power / MNRE,Power Grid Corporation (PGCIL),Odisha,HAM,Hilly/Mountainous,2125.11,2219.32,307.15,5.0,13.84,2019-03-24,2021-10-22,2021-10-22,2019-09-28,2025-05-31,3044.65,43.3,1,43.27,1
PRJ-SYN-0402,SNAP-PRJ-SYN-0402-Q2,765kV High Voltage Transmission Substation,Power & Renewable Energy,Ministry of Power / MNRE,Power Grid Corporation (PGCIL),Odisha,HAM,Hilly/Mountainous,2125.11,2338.15,188.45,5.0,8.06,2019-03-24,2021-10-22,2022-08-11,2020-02-17,2025-05-31,3044.65,43.3,1,43.27,1
PRJ-SYN-0402,SNAP-PRJ-SYN-0402-Q3,765kV High Voltage Transmission Substation,Power & Renewable Energy,Ministry of Power / MNRE,Power Grid Corporation (PGCIL),Odisha,HAM,Hilly/Mountainous,2125.11,2125.11,323.02,10.77,15.2,2019-03-24,2021-10-22,2023-10-29,2020-11-26,2025-05-31,3044.65,43.3,1,43.27,1
PRJ-SYN-0402,SNAP-PRJ-SYN-0402-Q4,765kV High Voltage Transmission Substation,Power & Renewable Energy,Ministry of Power / MNRE,Power Grid Corporation (PGCIL),Odisha,HAM,Hilly/Mountainous,2125.11,2993.45,1249.17,33.39,41.73,2019-03-24,2021-10-22,2025-02-02,2021-07-20,2025-05-31,3044.65,43.3,1,43.27,1
PRJ-SYN-0403,SNAP-PRJ-SYN-0403-Q1,Uttar Pradesh Economic Corridor Pkg 30,Highways,Ministry of Road Transport and Highways (MoRTH),NHIDCL,Uttar Pradesh,EPC,Urban Dense,1211.85,1211.85,246.37,20.04,20.33,2020-01-11,2023-08-11,2023-08-11,2020-09-28,2023-09-22,1271.59,1.4,0,4.93,0
PRJ-SYN-0403,SNAP-PRJ-SYN-0403-Q2,Uttar Pradesh Economic Corridor Pkg 30,Highways,Ministry of Road Transport and Highways (MoRTH),NHIDCL,Uttar Pradesh,EPC,Urban Dense,1211.85,1234.2,482.94,35.21,39.13,2020-01-11,2023-08-11,2023-08-11,2021-04-13,2023-09-22,1271.59,1.4,0,4.93,0
PRJ-SYN-0403,SNAP-PRJ-SYN-0403-Q3,Uttar Pradesh Economic Corridor Pkg 30,Highways,Ministry of Road Transport and Highways (MoRTH),NHIDCL,Uttar Pradesh,EPC,Urban Dense,1211.85,1211.85,1082.42,92.14,89.32,2020-01-11,2023-08-11,2023-08-11,2023-04-02,2023-09-22,1271.59,1.4,0,4.93,0
PRJ-SYN-0404,SNAP-PRJ-SYN-0404-Q1,Gujarat Economic Corridor Pkg 90,Highways,Ministry of Road Transport and Highways (MoRTH),National Highways Authority of India (NHAI),Gujarat,HAM,Hilly/Mountainous,1084.64,1084.64,239.05,18.96,22.04,2023-05-16,2026-12-14,2026-12-14,2024-02-01,2027-02-15,1192.89,2.1,0,9.98,0
PRJ-SYN-0404,SNAP-PRJ-SYN-0404-Q2,Gujarat Economic Corridor Pkg 90,Highways,Ministry of Road Transport and Highways (MoRTH),National Highways Authority of India (NHAI),Gujarat,HAM,Hilly/Mountainous,1084.64,1084.64,572.8,49.16,52.81,2023-05-16,2026-12-14,2026-12-14,2025-02-28,2027-02-15,1192.89,2.1,0,9.98,0
PRJ-SYN-0404,SNAP-PRJ-SYN-0404-Q3,Gujarat Economic Corridor Pkg 90,Highways,Ministry of Road Transport and Highways (MoRTH),National Highways Authority of India (NHAI),Gujarat,HAM,Hilly/Mountainous,1084.64,1084.64,883.44,77.0,81.45,2023-05-16,2026-12-14,2026-12-14,2026-03-28,2027-02-15,1192.89,2.1,0,9.98,0
PRJ-SYN-0404,SNAP-PRJ-SYN-0404-Q4,Gujarat Economic Corridor Pkg 90,Highways,Ministry of Road Transport and Highways (MoRTH),National Highways Authority of India (NHAI),Gujarat,HAM,Hilly/Mountainous,1084.64,1084.64,1039.84,90.26,95.87,2023-05-16,2026-12-14,2026-12-14,2026-08-05,2027-02-15,1192.89,2.1,0,9.98,0
PRJ-SYN-0405,SNAP-PRJ-SYN-0405-Q1,High-Speed Rail Corridor Link 76,Railways,Ministry of Railways (MoR),IRCON International,Karnataka,EPC,Hilly/Mountainous,4386.19,4566.51,621.5,5.0,13.61,2022-03-14,2026-03-14,2026-10-30,2022-12-31,2029-12-30,6008.2,45.6,1,36.98,1
PRJ-SYN-0405,SNAP-PRJ-SYN-0405-Q2,High-Speed Rail Corridor Link 76,Railways,Ministry of Railways (MoR),IRCON International,Karnataka,EPC,Hilly/Mountainous,4386.19,4780.12,391.49,5.0,8.19,2022-03-14,2026-03-14,2027-04-17,2023-08-07,2029-12-30,6008.2,45.6,1,36.98,1
PRJ-SYN-0405,SNAP-PRJ-SYN-0405-Q3,High-Speed Rail Corridor Link 76,Railways,Ministry of Railways (MoR),IRCON International,Karnataka,EPC,Hilly/Mountainous,4386.19,5259.51,2101.17,28.03,39.95,2022-03-14,2026-03-14,2028-02-18,2024-10-18,2029-12-30,6008.2,45.6,1,36.98,1
PRJ-SYN-0405,SNAP-PRJ-SYN-0405-Q4,High-Speed Rail Corridor Link 76,Railways,Ministry of Railways (MoR),IRCON International,Karnataka,EPC,Hilly/Mountainous,4386.19,5497.56,2934.05,42.89,53.37,2022-03-14,2026-03-14,2029-01-10,2025-05-25,2029-12-30,6008.2,45.6,1,36.98,1
PRJ-SYN-0406,SNAP-PRJ-SYN-0406-Q1,Maharashtra Smart City Water Supply Augmentation,Urban Water & Sanitation,Ministry of Housing and Urban Affairs (MoHUA),Delhi Jal Board,Maharashtra,HAM,Urban Dense,265.7,265.7,68.07,20.22,25.62,2020-04-25,2022-03-26,2022-03-26,2020-09-12,2022-04-28,272.85,1.1,0,2.69,0
PRJ-SYN-0406,SNAP-PRJ-SYN-0406-Q2,Maharashtra Smart City Water Supply Augmentation,Urban Water & Sanitation,Ministry of Housing and Urban Affairs (MoHUA),Delhi Jal Board,Maharashtra,HAM,Urban Dense,265.7,265.7,174.38,68.58,65.63,2020-04-25,2022-03-26,2022-03-26,2021-07-24,2022-04-28,272.85,1.1,0,2.69,0
PRJ-SYN-0406,SNAP-PRJ-SYN-0406-Q3,Maharashtra Smart City Water Supply Augmentation,Urban Water & Sanitation,Ministry of Housing and Urban Affairs (MoHUA),Delhi Jal Board,Maharashtra,HAM,Urban Dense,265.7,265.7,212.03,80.43,79.8,2020-04-25,2022-03-26,2022-03-26,2021-11-06,2022-04-28,272.85,1.1,0,2.69,0
PRJ-SYN-0406,SNAP-PRJ-SYN-0406-Q4,Maharashtra Smart City Water Supply Augmentation,Urban Water & Sanitation,Ministry of Housing and Urban Affairs (MoHUA),Delhi Jal Board,Maharashtra,HAM,Urban Dense,265.7,272.31,224.11,84.5,82.3,2020-04-25,2022-03-26,2022-03-26,2022-01-15,2022-04-28,272.85,1.1,0,2.69,0
PRJ-SYN-0407,SNAP-PRJ-SYN-0407-Q1,Tamil Nadu Station Redevelopment & Quadrupling,Railways,Ministry of Railways (MoR),IRCON International,Tamil Nadu,HAM,Plains,3996.73,3996.73,835.72,23.15,20.91,2018-11-11,2023-12-11,2023-12-11,2019-11-17,2024-01-31,4013.12,1.7,0,0.41,0
PRJ-SYN-0407,SNAP-PRJ-SYN-0407-Q2,Tamil Nadu Station Redevelopment & Quadrupling,Railways,Ministry of Railways (MoR),IRCON International,Tamil Nadu,HAM,Plains,3996.73,4151.45,2101.05,47.04,50.61,2018-11-11,2023-12-11,2023-12-11,2021-05-27,2024-01-31,4013.12,1.7,0,0.41,0
PRJ-SYN-0407,SNAP-PRJ-SYN-0407-Q3,Tamil Nadu Station Redevelopment & Quadrupling,Railways,Ministry of Railways (MoR),IRCON International,Tamil Nadu,HAM,Plains,3996.73,3996.73,2524.33,64.82,63.16,2018-11-11,2023-12-11,2023-12-11,2022-03-01,2024-01-31,4013.12,1.7,0,0.41,0
PRJ-SYN-0408,SNAP-PRJ-SYN-0408-Q1,Jammu & Kashmir Rail Doubling & Third Line Section,Railways,Ministry of Railways (MoR),IRCON International,Jammu & Kashmir,EPC,Plains,1417.96,1417.96,397.31,21.51,28.02,2021-08-02,2027-07-03,2027-11-26,2023-08-28,2029-05-17,1582.87,22.5,1,11.63,1
PRJ-SYN-0408,SNAP-PRJ-SYN-0408-Q2,Jammu & Kashmir Rail Doubling & Third Line Section,Railways,Ministry of Railways (MoR),IRCON International,Jammu & Kashmir,EPC,Plains,1417.96,1417.96,594.41,37.14,41.92,2021-08-02,2027-07-03,2028-04-13,2024-07-17,2029-05-17,1582.87,22.5,1,11.63,1
PRJ-SYN-0408,SNAP-PRJ-SYN-0408-Q3,Jammu & Kashmir Rail Doubling & Third Line Section,Railways,Ministry of Railways (MoR),IRCON International,Jammu & Kashmir,EPC,Plains,1417.96,1542.89,1285.23,75.98,83.3,2021-08-02,2027-07-03,2027-07-03,2026-11-28,2029-05-17,1582.87,22.5,1,11.63,1
PRJ-SYN-0409,SNAP-PRJ-SYN-0409-Q1,Uttarakhand Ultra Mega Solar Power Park 78 MW,Power & Renewable Energy,Ministry of Power / MNRE,NTPC Limited,Uttarakhand,Item Rate,Plains,770.42,770.42,234.9,31.21,30.49,2018-11-03,2023-06-04,2023-06-04,2020-06-10,2023-06-25,815.57,0.7,0,5.86,0
PRJ-SYN-0409,SNAP-PRJ-SYN-0409-Q2,Uttarakhand Ultra Mega Solar Power Park 78 MW,Power & Renewable Energy,Ministry of Power / MNRE,NTPC Limited,Uttarakhand,Item Rate,Plains,770.42,770.42,728.05,92.9,94.5,2018-11-03,2023-06-04,2023-06-04,2022-12-18,2023-06-25,815.57,0.7,0,5.86,0
PRJ-SYN-0410,SNAP-PRJ-SYN-0410-Q1,Tamil Nadu Metro Line 78 Underground Section,Metro Rail,Ministry of Housing and Urban Affairs (MoHUA),Chennai Metro Rail Ltd (CMRL),Tamil Nadu,EPC,Plains,13012.49,13012.49,3068.35,21.44,23.58,2023-02-24,2030-12-25,2030-12-25,2024-09-18,2030-12-25,13298.76,0.0,0,2.2,0
PRJ-SYN-0410,SNAP-PRJ-SYN-0410-Q2,Tamil Nadu Metro Line 78 Underground Section,Metro Rail,Ministry of Housing and Urban Affairs (MoHUA),Chennai Metro Rail Ltd (CMRL),Tamil Nadu,EPC,Plains,13012.49,13012.49,4177.01,30.67,32.1,2023-02-24,2030-12-25,2030-12-25,2025-11-21,2030-12-25,13298.76,0.0,0,2.2,0
PRJ-SYN-0410,SNAP-PRJ-SYN-0410-Q3,Tamil Nadu Metro Line 78 Underground Section,Metro Rail,Ministry of Housing and Urban Affairs (MoHUA),Chennai Metro Rail Ltd (CMRL),Tamil Nadu,EPC,Plains,13012.49,13650.66,6703.84,50.89,49.11,2023-02-24,2030-12-25,2030-12-25,2027-01-24,2030-12-25,13298.76,0.0,0,2.2,0
PRJ-SYN-0410,SNAP-PRJ-SYN-0410-Q4,Tamil Nadu Metro Line 78 Underground Section,Metro Rail,Ministry of Housing and Urban Affairs (MoHUA),Chennai Metro Rail Ltd (CMRL),Tamil Nadu,EPC,Plains,13012.49,13012.49,7957.14,63.61,61.15,2023-02-24,2030-12-25,2030-12-25,2028-03-28,2030-12-25,13298.76,0.0,0,2.2,0
PRJ-SYN-0411,SNAP-PRJ-SYN-0411-Q1,Himachal Pradesh Rail Doubling & Third Line Section,Railways,Ministry of Railways (MoR),IRCON International,Himachal Pradesh,BOT,Hilly/Mountainous,6553.32,6981.35,2298.96,27.68,32.93,2019-05-18,2023-06-17,2023-09-01,2020-10-21,2024-02-21,8364.66,8.2,1,27.64,1
PRJ-SYN-0411,SNAP-PRJ-SYN-0411-Q2,Himachal Pradesh Rail Doubling & Third Line Section,Railways,Ministry of Railways (MoR),IRCON International,Himachal Pradesh,BOT,Hilly/Mountainous,6553.32,6553.32,5783.3,77.27,88.25,2019-05-18,2023-06-17,2023-11-08,2022-08-23,2024-02-21,8364.66,8.2,1,27.64,1
PRJ-SYN-0412,SNAP-PRJ-SYN-0412-Q1,Border Road Strategic Connectivity Link 67,Highways,Ministry of Road Transport and Highways (MoRTH),NHIDCL,Karnataka,EPC,Hilly/Mountainous,2443.95,2511.2,408.82,5.0,16.28,2021-07-11,2025-08-10,2025-10-16,2022-05-05,2027-07-23,3154.16,23.4,1,29.06,1
PRJ-SYN-0412,SNAP-PRJ-SYN-0412-Q2,Border Road Strategic Connectivity Link 67,Highways,Ministry of Road Transport and Highways (MoRTH),NHIDCL,Karnataka,EPC,Hilly/Mountainous,2443.95,2756.39,1433.05,47.59,51.99,2021-07-11,2025-08-10,2026-05-19,2024-03-06,2027-07-23,3154.16,23.4,1,29.06,1
PRJ-SYN-0413,SNAP-PRJ-SYN-0413-Q1,Liquid Cargo Jetty & Breakwater Expansion,Ports & Shipping,"Ministry of Ports, Shipping and Waterways (MoPSW)",Jawaharlal Nehru Port Trust (JNPT),Maharashtra,HAM,Plains,2831.28,2831.28,295.87,5.0,10.45,2023-02-12,2025-06-13,2025-10-11,2023-08-01,2027-11-21,3780.61,29.3,1,33.53,1
PRJ-SYN-0413,SNAP-PRJ-SYN-0413-Q2,Liquid Cargo Jetty & Breakwater Expansion,Ports & Shipping,"Ministry of Ports, Shipping and Waterways (MoPSW)",Jawaharlal Nehru Port Trust (JNPT),Maharashtra,HAM,Plains,2831.28,2831.28,378.54,10.37,13.37,2023-02-12,2025-06-13,2026-04-04,2024-04-13,2027-11-21,3780.61,29.3,1,33.53,1
PRJ-SYN-0413,SNAP-PRJ-SYN-0413-Q3,Liquid Cargo Jetty & Breakwater Expansion,Ports & Shipping,"Ministry of Ports, Shipping and Waterways (MoPSW)",Jawaharlal Nehru Port Trust (JNPT),Maharashtra,HAM,Plains,2831.28,3195.05,1147.98,27.74,35.93,2023-02-12,2025-06-13,2025-06-13,2024-08-18,2027-11-21,3780.61,29.3,1,33.53,1
PRJ-SYN-0413,SNAP-PRJ-SYN-0413-Q4,Liquid Cargo Jetty & Breakwater Expansion,Ports & Shipping,"Ministry of Ports, Shipping and Waterways (MoPSW)",Jawaharlal Nehru Port Trust (JNPT),Maharashtra,HAM,Plains,2831.28,2831.28,1443.95,39.15,51.0,2023-02-12,2025-06-13,2027-07-04,2024-12-24,2027-11-21,3780.61,29.3,1,33.53,1
PRJ-SYN-0414,SNAP-PRJ-SYN-0414-Q1,Freight Corridor Feeder Line 58,Railways,Ministry of Railways (MoR),Dedicated Freight Corridor Corp (DFCCIL),West Bengal,EPC,Plains,2130.14,2207.15,711.81,33.18,32.25,2023-01-16,2028-08-16,2028-08-16,2024-12-29,2028-11-30,2186.38,3.5,1,2.64,0
PRJ-SYN-0414,SNAP-PRJ-SYN-0414-Q2,Freight Corridor Feeder Line 58,Railways,Ministry of Railways (MoR),Dedicated Freight Corridor Corp (DFCCIL),West Bengal,EPC,Plains,2130.14,2130.14,1708.37,76.43,80.2,2023-01-16,2028-08-16,2028-08-16,2027-07-05,2028-11-30,2186.38,3.5,1,2.64,0
PRJ-SYN-0415,SNAP-PRJ-SYN-0415-Q1,Liquid Cargo Jetty & Breakwater Expansion,Ports & Shipping,"Ministry of Ports, Shipping and Waterways (MoPSW)",Deendayal Port Authority,Assam,HAM,Plains,799.27,826.84,149.66,16.63,18.1,2023-03-10,2025-10-08,2025-10-08,2023-09-14,2026-05-15,875.6,7.2,1,9.55,0
PRJ-SYN-0415,SNAP-PRJ-SYN-0415-Q2,Liquid Cargo Jetty & Breakwater Expansion,Ports & Shipping,"Ministry of Ports, Shipping and Waterways (MoPSW)",Deendayal Port Authority,Assam,HAM,Plains,799.27,799.27,348.64,42.87,43.62,2023-03-10,2025-10-08,2025-12-19,2024-06-23,2026-05-15,875.6,7.2,1,9.55,0
PRJ-SYN-0415,SNAP-PRJ-SYN-0415-Q3,Liquid Cargo Jetty & Breakwater Expansion,Ports & Shipping,"Ministry of Ports, Shipping and Waterways (MoPSW)",Deendayal Port Authority,Assam,HAM,Plains,799.27,799.27,592.42,69.5,74.12,2023-03-10,2025-10-08,2026-03-15,2025-04-02,2026-05-15,875.6,7.2,1,9.55,0
PRJ-SYN-0415,SNAP-PRJ-SYN-0415-Q4,Liquid Cargo Jetty & Breakwater Expansion,Ports & Shipping,"Ministry of Ports, Shipping and Waterways (MoPSW)",Deendayal Port Authority,Assam,HAM,Plains,799.27,799.27,647.49,77.52,81.01,2023-03-10,2025-10-08,2026-05-15,2025-07-06,2026-05-15,875.6,7.2,1,9.55,0
PRJ-SYN-0416,SNAP-PRJ-SYN-0416-Q1,Jharkhand Rail Doubling & Third Line Section,Railways,Ministry of Railways (MoR),Rail Vikas Nigam Ltd (RVNL),Jharkhand,EPC,Hilly/Mountainous,811.11,811.11,143.0,19.78,17.63,2022-07-18,2028-04-17,2028-07-03,2023-09-11,2028-04-17,833.09,0.0,0,2.71,0
PRJ-SYN-0416,SNAP-PRJ-SYN-0416-Q2,Jharkhand Rail Doubling & Third Line Section,Railways,Ministry of Railways (MoR),Rail Vikas Nigam Ltd (RVNL),Jharkhand,EPC,Hilly/Mountainous,811.11,811.11,312.44,40.67,38.52,2022-07-18,2028-04-17,2028-06-05,2024-07-22,2028-04-17,833.09,0.0,0,2.71,0
PRJ-SYN-0416,SNAP-PRJ-SYN-0416-Q3,Jharkhand Rail Doubling & Third Line Section,Railways,Ministry of Railways (MoR),Rail Vikas Nigam Ltd (RVNL),Jharkhand,EPC,Hilly/Mountainous,811.11,811.11,394.44,50.97,48.63,2022-07-18,2028-04-17,2028-04-17,2025-06-02,2028-04-17,833.09,0.0,0,2.71,0
PRJ-SYN-0416,SNAP-PRJ-SYN-0416-Q4,Jharkhand Rail Doubling & Third Line Section,Railways,Ministry of Railways (MoR),Rail Vikas Nigam Ltd (RVNL),Jharkhand,EPC,Hilly/Mountainous,811.11,811.11,700.47,81.74,86.36,2022-07-18,2028-04-17,2028-04-17,2027-02-22,2028-04-17,833.09,0.0,0,2.71,0
PRJ-SYN-0417,SNAP-PRJ-SYN-0417-Q1,Gujarat Smart City Water Supply Augmentation,Urban Water & Sanitation,Ministry of Housing and Urban Affairs (MoHUA),Karnataka Urban Infra Dev (KUIDFC),Gujarat,HAM,Plains,629.7,629.7,347.72,49.9,55.22,2019-03-06,2021-10-04,2021-10-04,2020-06-19,2021-10-04,639.84,0.0,0,1.61,0
PRJ-SYN-0417,SNAP-PRJ-SYN-0417-Q2,Gujarat Smart City Water Supply Augmentation,Urban Water & Sanitation,Ministry of Housing and Urban Affairs (MoHUA),Karnataka Urban Infra Dev (KUIDFC),Gujarat,HAM,Plains,629.7,629.7,519.57,78.49,82.51,2019-03-06,2021-10-04,2021-10-04,2021-03-29,2021-10-04,639.84,0.0,0,1.61,0
PRJ-SYN-0418,SNAP-PRJ-SYN-0418-Q1,Tamil Nadu Ultra Mega Solar Power Park 95 MW,Power & Renewable Energy,Ministry of Power / MNRE,Power Grid Corporation (PGCIL),Tamil Nadu,Item Rate,Plains,1216.18,1216.18,309.4,20.93,25.44,2018-09-15,2023-10-15,2023-10-15,2019-09-21,2023-11-17,1247.92,1.1,0,2.61,0
PRJ-SYN-0418,SNAP-PRJ-SYN-0418-Q2,Tamil Nadu Ultra Mega Solar Power Park 95 MW,Power & Renewable Energy,Ministry of Power / MNRE,Power Grid Corporation (PGCIL),Tamil Nadu,Item Rate,Plains,1216.18,1216.18,616.0,49.38,50.65,2018-09-15,2023-10-15,2023-10-15,2021-03-31,2023-11-17,1247.92,1.1,0,2.61,0
PRJ-SYN-0418,SNAP-PRJ-SYN-0418-Q3,Tamil Nadu Ultra Mega Solar Power Park 95 MW,Power & Renewable Energy,Ministry of Power / MNRE,Power Grid Corporation (PGCIL),Tamil Nadu,Item Rate,Plains,1216.18,1216.18,783.71,64.34,64.44,2018-09-15,2023-10-15,2023-10-15,2022-01-03,2023-11-17,1247.92,1.1,0,2.61,0
PRJ-SYN-0418,SNAP-PRJ-SYN-0418-Q4,Tamil Nadu Ultra Mega Solar Power Park 95 MW,Power & Renewable Energy,Ministry of Power / MNRE,Power Grid Corporation (PGCIL),Tamil Nadu,Item Rate,Plains,1216.18,1253.3,985.72,76.98,78.65,2018-09-15,2023-10-15,2023-10-15,2022-10-09,2023-11-17,1247.92,1.1,0,2.61,0
PRJ-SYN-0419,SNAP-PRJ-SYN-0419-Q1,Maharashtra Economic Corridor Pkg 35,Highways,Ministry of Road Transport and Highways (MoRTH),National Highways Authority of India (NHAI),Maharashtra,HAM,Plains,3197.81,3197.81,578.8,15.34,18.1,2022-08-11,2027-02-09,2027-02-09,2023-07-05,2027-04-23,3238.42,2.4,0,1.27,0
PRJ-SYN-0419,SNAP-PRJ-SYN-0419-Q2,Maharashtra Economic Corridor Pkg 35,Highways,Ministry of Road Transport and Highways (MoRTH),National Highways Authority of India (NHAI),Maharashtra,HAM,Plains,3197.81,3197.81,1140.34,30.79,35.66,2022-08-11,2027-02-09,2027-04-28,2024-03-08,2027-04-23,3238.42,2.4,0,1.27,0
PRJ-SYN-0419,SNAP-PRJ-SYN-0419-Q3,Maharashtra Economic Corridor Pkg 35,Highways,Ministry of Road Transport and Highways (MoRTH),National Highways Authority of India (NHAI),Maharashtra,HAM,Plains,3197.81,3197.81,3024.49,89.22,94.58,2022-08-11,2027-02-09,2027-02-09,2026-08-29,2027-04-23,3238.42,2.4,0,1.27,0
PRJ-SYN-0420,SNAP-PRJ-SYN-0420-Q1,Gujarat Express Highway Corridor Phase II,Highways,Ministry of Road Transport and Highways (MoRTH),NHIDCL,Gujarat,HAM,Plains,1253.3,1253.3,472.12,33.57,37.67,2021-06-20,2024-10-19,2025-01-05,2022-08-20,2024-10-19,1259.07,0.0,0,0.46,0
PRJ-SYN-0420,SNAP-PRJ-SYN-0420-Q2,Gujarat Express Highway Corridor Phase II,Highways,Ministry of Road Transport and Highways (MoRTH),NHIDCL,Gujarat,HAM,Plains,1253.3,1253.3,698.21,50.55,55.71,2021-06-20,2024-10-19,2024-10-19,2023-02-18,2024-10-19,1259.07,0.0,0,0.46,0
PRJ-SYN-0420,SNAP-PRJ-SYN-0420-Q3,Gujarat Express Highway Corridor Phase II,Highways,Ministry of Road Transport and Highways (MoRTH),NHIDCL,Gujarat,HAM,Plains,1253.3,1253.3,963.41,77.03,76.87,2021-06-20,2024-10-19,2025-01-09,2024-02-19,2024-10-19,1259.07,0.0,0,0.46,0
PRJ-SYN-0420,SNAP-PRJ-SYN-0420-Q4,Gujarat Express Highway Corridor Phase II,Highways,Ministry of Road Transport and Highways (MoRTH),NHIDCL,Gujarat,HAM,Plains,1253.3,1253.3,1247.53,95.43,99.54,2021-06-20,2024-10-19,2024-10-19,2024-06-19,2024-10-19,1259.07,0.0,0,0.46,0
PRJ-SYN-0421,SNAP-PRJ-SYN-0421-Q1,Freight Corridor Feeder Line 31,Railways,Ministry of Railways (MoR),IRCON International,Karnataka,Item Rate,Plains,2805.11,2955.82,2001.39,62.96,67.71,2020-04-26,2023-09-25,2023-11-13,2022-07-16,2024-01-06,3155.75,3.4,1,12.5,1
PRJ-SYN-0421,SNAP-PRJ-SYN-0421-Q2,Freight Corridor Feeder Line 31,Railways,Ministry of Railways (MoR),IRCON International,Karnataka,Item Rate,Plains,2805.11,3101.49,3096.53,88.0,99.84,2020-04-26,2023-09-25,2023-11-25,2023-05-24,2024-01-06,3155.75,3.4,1,12.5,1
PRJ-SYN-0422,SNAP-PRJ-SYN-0422-Q1,Freight Corridor Feeder Line 96,Railways,Ministry of Railways (MoR),IRCON International,Haryana,EPC,Hilly/Mountainous,1019.36,1048.76,292.6,23.49,27.9,2021-08-15,2026-05-15,2026-05-15,2022-07-27,2026-08-11,1096.42,2.9,0,7.56,0
PRJ-SYN-0422,SNAP-PRJ-SYN-0422-Q2,Freight Corridor Feeder Line 96,Railways,Ministry of Railways (MoR),IRCON International,Haryana,EPC,Hilly/Mountainous,1019.36,1019.36,499.69,48.56,49.02,2021-08-15,2026-05-15,2026-05-15,2023-12-30,2026-08-11,1096.42,2.9,0,7.56,0
PRJ-SYN-0422,SNAP-PRJ-SYN-0422-Q3,Freight Corridor Feeder Line 96,Railways,Ministry of Railways (MoR),IRCON International,Haryana,EPC,Hilly/Mountainous,1019.36,1019.36,582.87,59.38,57.18,2021-08-15,2026-05-15,2026-05-15,2024-09-15,2026-08-11,1096.42,2.9,0,7.56,0
PRJ-SYN-0423,SNAP-PRJ-SYN-0423-Q1,Himachal Pradesh Ring Metro Transit System Pkg 45,Metro Rail,Ministry of Housing and Urban Affairs (MoHUA),Bangalore Metro Rail Corp (BMRCL),Himachal Pradesh,EPC,Plains,628.37,647.78,128.91,17.33,19.9,2022-04-09,2026-02-07,2026-04-02,2023-01-14,2026-02-07,650.55,0.0,0,3.53,0
PRJ-SYN-0423,SNAP-PRJ-SYN-0423-Q2,Himachal Pradesh Ring Metro Transit System Pkg 45,Metro Rail,Ministry of Housing and Urban Affairs (MoHUA),Bangalore Metro Rail Corp (BMRCL),Himachal Pradesh,EPC,Plains,628.37,628.37,424.84,64.52,67.61,2022-04-09,2026-02-07,2026-02-07,2024-10-05,2026-02-07,650.55,0.0,0,3.53,0
PRJ-SYN-0423,SNAP-PRJ-SYN-0423-Q3,Himachal Pradesh Ring Metro Transit System Pkg 45,Metro Rail,Ministry of Housing and Urban Affairs (MoHUA),Bangalore Metro Rail Corp (BMRCL),Himachal Pradesh,EPC,Plains,628.37,628.37,480.14,79.0,76.41,2022-04-09,2026-02-07,2026-02-07,2025-05-03,2026-02-07,650.55,0.0,0,3.53,0
PRJ-SYN-0423,SNAP-PRJ-SYN-0423-Q4,Himachal Pradesh Ring Metro Transit System Pkg 45,Metro Rail,Ministry of Housing and Urban Affairs (MoHUA),Bangalore Metro Rail Corp (BMRCL),Himachal Pradesh,EPC,Plains,628.37,659.74,640.28,92.66,97.05,2022-04-09,2026-02-07,2026-02-07,2025-09-20,2026-02-07,650.55,0.0,0,3.53,0
PRJ-SYN-0424,SNAP-PRJ-SYN-0424-Q1,Kerala Ring Metro Transit System Pkg 84,Metro Rail,Ministry of Housing and Urban Affairs (MoHUA),UP Metro Rail Corp (UPMRC),Kerala,EPC,Coastal,4025.04,4025.04,2048.75,52.18,50.9,2021-10-07,2029-08-07,2029-08-07,2025-09-06,2029-09-03,4077.37,0.9,0,1.3,0
PRJ-SYN-0424,SNAP-PRJ-SYN-0424-Q2,Kerala Ring Metro Transit System Pkg 84,Metro Rail,Ministry of Housing and Urban Affairs (MoHUA),UP Metro Rail Corp (UPMRC),Kerala,EPC,Coastal,4025.04,4097.45,3386.95,77.06,82.66,2021-10-07,2029-08-07,2029-08-07,2028-01-12,2029-09-03,4077.37,0.9,0,1.3,0
PRJ-SYN-0425,SNAP-PRJ-SYN-0425-Q1,High-Speed Rail Corridor Link 60,Railways,Ministry of Railways (MoR),CORE,Gujarat,EPC,Urban Dense,3606.34,3606.34,378.67,5.0,10.5,2022-12-28,2027-11-27,2028-06-28,2023-12-22,2032-04-02,4761.09,52.2,1,32.02,1
PRJ-SYN-0425,SNAP-PRJ-SYN-0425-Q2,High-Speed Rail Corridor Link 60,Railways,Ministry of Railways (MoR),CORE,Gujarat,EPC,Urban Dense,3606.34,3606.34,303.65,5.0,8.42,2022-12-28,2027-11-27,2027-11-27,2024-09-16,2032-04-02,4761.09,52.2,1,32.02,1
PRJ-SYN-0425,SNAP-PRJ-SYN-0425-Q3,High-Speed Rail Corridor Link 60,Railways,Ministry of Railways (MoR),CORE,Gujarat,EPC,Urban Dense,3606.34,4171.81,1641.61,28.08,39.35,2022-12-28,2027-11-27,2030-06-26,2026-03-09,2032-04-02,4761.09,52.2,1,32.02,1
PRJ-SYN-0426,SNAP-PRJ-SYN-0426-Q1,Himachal Pradesh Economic Corridor Pkg 94,Highways,Ministry of Road Transport and Highways (MoRTH),NHIDCL,Himachal Pradesh,EPC,Plains,72.56,72.56,17.54,19.25,24.17,2022-11-06,2024-11-05,2024-11-05,2023-04-01,2024-11-05,74.02,0.0,0,2.01,0
PRJ-SYN-0426,SNAP-PRJ-SYN-0426-Q2,Himachal Pradesh Economic Corridor Pkg 94,Highways,Ministry of Road Transport and Highways (MoRTH),NHIDCL,Himachal Pradesh,EPC,Plains,72.56,72.56,28.14,38.48,38.78,2022-11-06,2024-11-05,2024-11-05,2023-07-19,2024-11-05,74.02,0.0,0,2.01,0
PRJ-SYN-0426,SNAP-PRJ-SYN-0426-Q3,Himachal Pradesh Economic Corridor Pkg 94,Highways,Ministry of Road Transport and Highways (MoRTH),NHIDCL,Himachal Pradesh,EPC,Plains,72.56,72.56,46.42,63.69,63.98,2022-11-06,2024-11-05,2024-11-05,2024-02-23,2024-11-05,74.02,0.0,0,2.01,0
PRJ-SYN-0426,SNAP-PRJ-SYN-0426-Q4,Himachal Pradesh Economic Corridor Pkg 94,Highways,Ministry of Road Transport and Highways (MoRTH),NHIDCL,Himachal Pradesh,EPC,Plains,72.56,72.56,66.57,90.3,91.74,2022-11-06,2024-11-05,2024-11-05,2024-08-24,2024-11-05,74.02,0.0,0,2.01,0
PRJ-SYN-0427,SNAP-PRJ-SYN-0427-Q1,Assam Pumped Storage Hydro Project Phase IV,Power & Renewable Energy,Ministry of Power / MNRE,Power Grid Corporation (PGCIL),Assam,Item Rate,Hilly/Mountainous,1331.44,1556.15,415.8,19.3,26.72,2019-08-08,2021-11-06,2022-08-06,2020-09-21,2023-07-13,1977.32,20.2,1,48.51,1
PRJ-SYN-0427,SNAP-PRJ-SYN-0427-Q2,Assam Pumped Storage Hydro Project Phase IV,Power & Renewable Energy,Ministry of Power / MNRE,Power Grid Corporation (PGCIL),Assam,Item Rate,Hilly/Mountainous,1331.44,1759.85,1297.36,66.69,73.72,2019-08-08,2021-11-06,2022-12-06,2021-08-16,2023-07-13,1977.32,20.2,1,48.51,1
PRJ-SYN-0428,SNAP-PRJ-SYN-0428-Q1,Telangana Express Highway Corridor Phase II,Highways,Ministry of Road Transport and Highways (MoRTH),National Highways Authority of India (NHAI),Telangana,EPC,Plains,964.57,964.57,242.11,21.03,25.1,2021-08-15,2024-06-14,2024-06-14,2022-03-09,2024-06-14,995.05,0.0,0,3.16,0
PRJ-SYN-0428,SNAP-PRJ-SYN-0428-Q2,Telangana Express Highway Corridor Phase II,Highways,Ministry of Road Transport and Highways (MoRTH),National Highways Authority of India (NHAI),Telangana,EPC,Plains,964.57,964.57,474.95,48.48,49.24,2021-08-15,2024-06-14,2024-06-14,2023-01-14,2024-06-14,995.05,0.0,0,3.16,0
PRJ-SYN-0429,SNAP-PRJ-SYN-0429-Q1,Freight Corridor Feeder Line 84,Railways,Ministry of Railways (MoR),Dedicated Freight Corridor Corp (DFCCIL),Rajasthan,EPC,Urban Dense,2353.97,2437.94,412.74,18.56,16.93,2022-03-13,2028-09-11,2028-09-11,2023-06-30,2028-11-29,2474.02,2.6,0,5.1,0
PRJ-SYN-0429,SNAP-PRJ-SYN-0429-Q2,Freight Corridor Feeder Line 84,Railways,Ministry of Railways (MoR),Dedicated Freight Corridor Corp (DFCCIL),Rajasthan,EPC,Urban Dense,2353.97,2353.97,1149.68,49.26,48.84,2022-03-13,2028-09-11,2028-09-11,2025-06-12,2028-11-29,2474.02,2.6,0,5.1,0
PRJ-SYN-0429,SNAP-PRJ-SYN-0429-Q3,Freight Corridor Feeder Line 84,Railways,Ministry of Railways (MoR),Dedicated Freight Corridor Corp (DFCCIL),Rajasthan,EPC,Urban Dense,2353.97,2353.97,1584.46,67.21,67.31,2022-03-13,2028-09-11,2028-09-11,2026-06-03,2028-11-29,2474.02,2.6,0,5.1,0
PRJ-SYN-0429,SNAP-PRJ-SYN-0429-Q4,Freight Corridor Feeder Line 84,Railways,Ministry of Railways (MoR),Dedicated Freight Corridor Corp (DFCCIL),Rajasthan,EPC,Urban Dense,2353.97,2353.97,1960.62,82.74,83.29,2022-03-13,2028-09-11,2028-09-11,2027-05-25,2028-11-29,2474.02,2.6,0,5.1,0
PRJ-SYN-0430,SNAP-PRJ-SYN-0430-Q1,Underground Sewerage System & 100 MLD STP,Urban Water & Sanitation,Ministry of Housing and Urban Affairs (MoHUA),Karnataka Urban Infra Dev (KUIDFC),Bihar,BOT,Urban Dense,235.03,235.03,60.5,24.02,25.74,2020-06-16,2022-06-16,2022-06-16,2020-11-09,2022-07-13,245.07,0.9,0,4.27,0
PRJ-SYN-0430,SNAP-PRJ-SYN-0430-Q2,Underground Sewerage System & 100 MLD STP,Urban Water & Sanitation,Ministry of Housing and Urban Affairs (MoHUA),Karnataka Urban Infra Dev (KUIDFC),Bihar,BOT,Urban Dense,235.03,235.03,81.3,33.77,34.59,2020-06-16,2022-06-16,2022-06-16,2021-02-26,2022-07-13,245.07,0.9,0,4.27,0
PRJ-SYN-0430,SNAP-PRJ-SYN-0430-Q3,Underground Sewerage System & 100 MLD STP,Urban Water & Sanitation,Ministry of Housing and Urban Affairs (MoHUA),Karnataka Urban Infra Dev (KUIDFC),Bihar,BOT,Urban Dense,235.03,235.03,184.62,76.83,78.55,2020-06-16,2022-06-16,2022-06-16,2022-01-21,2022-07-13,245.07,0.9,0,4.27,0
PRJ-SYN-0431,SNAP-PRJ-SYN-0431-Q1,Uttar Pradesh Ultra Mega Solar Power Park 19 MW,Power & Renewable Energy,Ministry of Power / MNRE,SJVN Limited,Uttar Pradesh,HAM,Plains,1140.46,1140.46,472.61,37.51,41.44,2023-05-07,2028-02-04,2028-05-09,2025-01-03,2028-03-08,1150.5,1.1,0,0.88,0
PRJ-SYN-0431,SNAP-PRJ-SYN-0431-Q2,Uttar Pradesh Ultra Mega Solar Power Park 19 MW,Power & Renewable Energy,Ministry of Power / MNRE,SJVN Limited,Uttar Pradesh,HAM,Plains,1140.46,1140.46,956.73,86.8,83.89,2023-05-07,2028-02-04,2028-02-04,2027-08-15,2028-03-08,1150.5,1.1,0,0.88,0
PRJ-SYN-0432,SNAP-PRJ-SYN-0432-Q1,Gujarat Express Highway Corridor Phase II,Highways,Ministry of Road Transport and Highways (MoRTH),NHIDCL,Gujarat,EPC,Plains,1187.87,1212.62,385.37,21.82,31.78,2023-02-16,2025-12-16,2026-03-04,2024-02-13,2026-09-15,1309.98,9.0,1,10.28,1
PRJ-SYN-0432,SNAP-PRJ-SYN-0432-Q2,Gujarat Express Highway Corridor Phase II,Highways,Ministry of Road Transport and Highways (MoRTH),NHIDCL,Gujarat,EPC,Plains,1187.87,1230.55,585.25,42.82,47.56,2023-02-16,2025-12-16,2026-03-29,2024-07-17,2026-09-15,1309.98,9.0,1,10.28,1
PRJ-SYN-0432,SNAP-PRJ-SYN-0432-Q3,Gujarat Express Highway Corridor Phase II,Highways,Ministry of Road Transport and Highways (MoRTH),NHIDCL,Gujarat,EPC,Plains,1187.87,1254.41,782.12,54.15,62.35,2023-02-16,2025-12-16,2026-05-14,2024-12-19,2026-09-15,1309.98,9.0,1,10.28,1
PRJ-SYN-0432,SNAP-PRJ-SYN-0432-Q4,Gujarat Express Highway Corridor Phase II,Highways,Ministry of Road Transport and Highways (MoRTH),NHIDCL,Gujarat,EPC,Plains,1187.87,1187.87,1126.46,86.04,94.83,2023-02-16,2025-12-16,2026-07-10,2025-09-04,2026-09-15,1309.98,9.0,1,10.28,1
PRJ-SYN-0433,SNAP-PRJ-SYN-0433-Q1,Rajasthan Pumped Storage Hydro Project Phase IV,Power & Renewable Energy,Ministry of Power / MNRE,Power Grid Corporation (PGCIL),Rajasthan,EPC,Urban Dense,1493.96,1493.96,227.53,17.29,15.23,2018-03-19,2021-08-17,2021-08-17,2018-11-23,2021-08-26,1529.82,0.3,0,2.4,0
PRJ-SYN-0433,SNAP-PRJ-SYN-0433-Q2,Rajasthan Pumped Storage Hydro Project Phase IV,Power & Renewable Energy,Ministry of Power / MNRE,Power Grid Corporation (PGCIL),Rajasthan,EPC,Urban Dense,1493.96,1493.96,702.16,43.09,47.0,2018-03-19,2021-08-17,2021-08-17,2019-05-29,2021-08-26,1529.82,0.3,0,2.4,0
PRJ-SYN-0433,SNAP-PRJ-SYN-0433-Q3,Rajasthan Pumped Storage Hydro Project Phase IV,Power & Renewable Energy,Ministry of Power / MNRE,Power Grid Corporation (PGCIL),Rajasthan,EPC,Urban Dense,1493.96,1493.96,723.67,47.52,48.44,2018-03-19,2021-08-17,2021-08-17,2019-12-02,2021-08-26,1529.82,0.3,0,2.4,0
PRJ-SYN-0433,SNAP-PRJ-SYN-0433-Q4,Rajasthan Pumped Storage Hydro Project Phase IV,Power & Renewable Energy,Ministry of Power / MNRE,Power Grid Corporation (PGCIL),Rajasthan,EPC,Urban Dense,1493.96,1493.96,1356.07,88.52,90.77,2018-03-19,2021-08-17,2021-08-17,2021-04-15,2021-08-26,1529.82,0.3,0,2.4,0
PRJ-SYN-0434,SNAP-PRJ-SYN-0434-Q1,Jammu & Kashmir Express Highway Corridor Phase II,Highways,Ministry of Road Transport and Highways (MoRTH),National Highways Authority of India (NHAI),Jammu & Kashmir,EPC,Coastal,777.38,777.38,100.28,5.0,12.9,2022-07-20,2024-10-18,2024-10-18,2022-12-31,2026-02-04,950.04,15.6,1,22.21,1
PRJ-SYN-0434,SNAP-PRJ-SYN-0434-Q2,Jammu & Kashmir Express Highway Corridor Phase II,Highways,Ministry of Road Transport and Highways (MoRTH),National Highways Authority of India (NHAI),Jammu & Kashmir,EPC,Coastal,777.38,846.89,266.86,26.54,31.51,2022-07-20,2024-10-18,2024-10-18,2023-09-03,2026-02-04,950.04,15.6,1,22.21,1
PRJ-SYN-0434,SNAP-PRJ-SYN-0434-Q3,Jammu & Kashmir Express Highway Corridor Phase II,Highways,Ministry of Road Transport and Highways (MoRTH),National Highways Authority of India (NHAI),Jammu & Kashmir,EPC,Coastal,777.38,777.38,493.17,57.34,63.44,2022-07-20,2024-10-18,2025-09-19,2024-05-07,2026-02-04,950.04,15.6,1,22.21,1
PRJ-SYN-0434,SNAP-PRJ-SYN-0434-Q4,Jammu & Kashmir Express Highway Corridor Phase II,Highways,Ministry of Road Transport and Highways (MoRTH),National Highways Authority of India (NHAI),Jammu & Kashmir,EPC,Coastal,777.38,886.14,652.91,66.38,73.68,2022-07-20,2024-10-18,2024-10-18,2024-07-28,2026-02-04,950.04,15.6,1,22.21,1
PRJ-SYN-0435,SNAP-PRJ-SYN-0435-Q1,765kV High Voltage Transmission Substation,Power & Renewable Energy,Ministry of Power / MNRE,Power Grid Corporation (PGCIL),Uttar Pradesh,HAM,Hilly/Mountainous,371.99,371.99,126.14,32.64,33.91,2019-07-20,2021-12-18,2021-12-18,2020-05-23,2021-12-30,394.38,0.4,0,6.02,0
PRJ-SYN-0435,SNAP-PRJ-SYN-0435-Q2,765kV High Voltage Transmission Substation,Power & Renewable Energy,Ministry of Power / MNRE,Power Grid Corporation (PGCIL),Uttar Pradesh,HAM,Hilly/Mountainous,371.99,371.99,310.91,80.63,83.58,2019-07-20,2021-12-18,2021-12-18,2021-06-25,2021-12-30,394.38,0.4,0,6.02,0
PRJ-SYN-0436,SNAP-PRJ-SYN-0436-Q1,Madhya Pradesh Economic Corridor Pkg 97,Highways,Ministry of Road Transport and Highways (MoRTH),State PWD (Highways),Madhya Pradesh,Item Rate,Urban Dense,989.49,1006.22,424.73,37.34,42.21,2021-10-19,2024-07-19,2024-07-19,2022-10-05,2024-10-12,1039.76,2.8,0,5.08,0
PRJ-SYN-0436,SNAP-PRJ-SYN-0436-Q2,Madhya Pradesh Economic Corridor Pkg 97,Highways,Ministry of Road Transport and Highways (MoRTH),State PWD (Highways),Madhya Pradesh,Item Rate,Urban Dense,989.49,989.49,640.0,65.06,64.68,2021-10-19,2024-07-19,2024-07-19,2023-08-02,2024-10-12,1039.76,2.8,0,5.08,0
PRJ-SYN-0437,SNAP-PRJ-SYN-0437-Q1,Madhya Pradesh Smart City Water Supply Augmentation,Urban Water & Sanitation,Ministry of Housing and Urban Affairs (MoHUA),State Jal Nigam,Madhya Pradesh,Item Rate,Hilly/Mountainous,540.54,540.54,119.95,21.19,22.19,2022-09-22,2024-06-22,2024-06-22,2023-01-27,2024-06-22,577.62,0.0,0,6.86,0
PRJ-SYN-0437,SNAP-PRJ-SYN-0437-Q2,Madhya Pradesh Smart City Water Supply Augmentation,Urban Water & Sanitation,Ministry of Housing and Urban Affairs (MoHUA),State Jal Nigam,Madhya Pradesh,Item Rate,Hilly/Mountainous,540.54,540.54,184.0,34.65,34.04,2022-09-22,2024-06-22,2024-06-22,2023-05-03,2024-06-22,577.62,0.0,0,6.86,0
PRJ-SYN-0437,SNAP-PRJ-SYN-0437-Q3,Madhya Pradesh Smart City Water Supply Augmentation,Urban Water & Sanitation,Ministry of Housing and Urban Affairs (MoHUA),State Jal Nigam,Madhya Pradesh,Item Rate,Hilly/Mountainous,540.54,565.22,457.6,82.03,80.96,2022-09-22,2024-06-22,2024-06-22,2024-02-15,2024-06-22,577.62,0.0,0,6.86,0
PRJ-SYN-0438,SNAP-PRJ-SYN-0438-Q1,Underground Sewerage System & 100 MLD STP,Urban Water & Sanitation,Ministry of Housing and Urban Affairs (MoHUA),Delhi Jal Board,Madhya Pradesh,BOT,Urban Dense,479.02,479.02,143.32,23.46,29.92,2018-02-16,2020-08-17,2020-08-17,2018-08-17,2020-08-17,532.1,0.0,0,11.08,1
PRJ-SYN-0438,SNAP-PRJ-SYN-0438-Q2,Underground Sewerage System & 100 MLD STP,Urban Water & Sanitation,Ministry of Housing and Urban Affairs (MoHUA),Delhi Jal Board,Madhya Pradesh,BOT,Urban Dense,479.02,488.76,218.72,41.36,44.75,2018-02-16,2020-08-17,2020-08-17,2019-01-01,2020-08-17,532.1,0.0,0,11.08,1
PRJ-SYN-0438,SNAP-PRJ-SYN-0438-Q3,Underground Sewerage System & 100 MLD STP,Urban Water & Sanitation,Ministry of Housing and Urban Affairs (MoHUA),Delhi Jal Board,Madhya Pradesh,BOT,Urban Dense,479.02,479.02,234.82,46.03,49.02,2018-02-16,2020-08-17,2020-08-17,2019-05-18,2020-08-17,532.1,0.0,0,11.08,1
PRJ-SYN-0438,SNAP-PRJ-SYN-0438-Q4,Underground Sewerage System & 100 MLD STP,Urban Water & Sanitation,Ministry of Housing and Urban Affairs (MoHUA),Delhi Jal Board,Madhya Pradesh,BOT,Urban Dense,479.02,519.8,418.39,78.35,80.49,2018-02-16,2020-08-17,2020-08-17,2020-02-16,2020-08-17,532.1,0.0,0,11.08,1
PRJ-SYN-0439,SNAP-PRJ-SYN-0439-Q1,Border Road Strategic Connectivity Link 57,Highways,Ministry of Road Transport and Highways (MoRTH),State PWD (Highways),Gujarat,EPC,Coastal,567.33,591.13,420.18,69.98,71.08,2023-09-14,2025-07-14,2025-07-14,2024-11-22,2025-07-29,571.36,0.5,0,0.71,0
PRJ-SYN-0439,SNAP-PRJ-SYN-0439-Q2,Border Road Strategic Connectivity Link 57,Highways,Ministry of Road Transport and Highways (MoRTH),State PWD (Highways),Gujarat,EPC,Coastal,567.33,567.33,537.49,89.14,94.74,2023-09-14,2025-07-14,2025-07-14,2025-05-08,2025-07-29,571.36,0.5,0,0.71,0
PRJ-SYN-0440,SNAP-PRJ-SYN-0440-Q1,Telangana Pumped Storage Hydro Project Phase I,Power & Renewable Energy,Ministry of Power / MNRE,Solar Energy Corporation of India (SECI),Telangana,EPC,Urban Dense,1522.19,1522.19,212.19,16.07,13.94,2020-08-25,2023-05-26,2023-05-26,2021-03-13,2023-06-19,1611.69,0.8,0,5.88,0
PRJ-SYN-0440,SNAP-PRJ-SYN-0440-Q2,Telangana Pumped Storage Hydro Project Phase I,Power & Renewable Energy,Ministry of Power / MNRE,Solar Energy Corporation of India (SECI),Telangana,EPC,Urban Dense,1522.19,1522.19,824.57,56.12,54.17,2020-08-25,2023-05-26,2023-05-26,2022-01-09,2023-06-19,1611.69,0.8,0,5.88,0
PRJ-SYN-0441,SNAP-PRJ-SYN-0441-Q1,Underground Sewerage System & 100 MLD STP,Urban Water & Sanitation,Ministry of Housing and Urban Affairs (MoHUA),State Jal Nigam,Odisha,Turnkey,Plains,705.87,705.87,128.54,16.63,18.21,2023-01-19,2026-02-18,2026-02-18,2023-09-01,2026-05-02,709.61,2.4,0,0.53,0
PRJ-SYN-0441,SNAP-PRJ-SYN-0441-Q2,Underground Sewerage System & 100 MLD STP,Urban Water & Sanitation,Ministry of Housing and Urban Affairs (MoHUA),State Jal Nigam,Odisha,Turnkey,Plains,705.87,705.87,220.51,30.14,31.24,2023-01-19,2026-02-18,2026-02-18,2024-02-17,2026-05-02,709.61,2.4,0,0.53,0
PRJ-SYN-0441,SNAP-PRJ-SYN-0441-Q3,Underground Sewerage System & 100 MLD STP,Urban Water & Sanitation,Ministry of Housing and Urban Affairs (MoHUA),State Jal Nigam,Odisha,Turnkey,Plains,705.87,705.87,538.3,75.98,76.26,2023-01-19,2026-02-18,2026-02-18,2025-07-07,2026-05-02,709.61,2.4,0,0.53,0
PRJ-SYN-0441,SNAP-PRJ-SYN-0441-Q4,Underground Sewerage System & 100 MLD STP,Urban Water & Sanitation,Ministry of Housing and Urban Affairs (MoHUA),State Jal Nigam,Odisha,Turnkey,Plains,705.87,705.87,593.78,85.23,84.12,2023-01-19,2026-02-18,2026-02-18,2025-10-28,2026-05-02,709.61,2.4,0,0.53,0
PRJ-SYN-0442,SNAP-PRJ-SYN-0442-Q1,NH-62 4/6-Laning Bypass & Viaduct,Highways,Ministry of Road Transport and Highways (MoRTH),State PWD (Highways),Uttar Pradesh,EPC,Urban Dense,2875.15,3115.97,1760.52,49.99,56.5,2018-03-14,2021-07-13,2021-09-03,2019-11-12,2021-11-20,3605.15,4.3,1,25.39,1
PRJ-SYN-0442,SNAP-PRJ-SYN-0442-Q2,NH-62 4/6-Laning Bypass & Viaduct,Highways,Ministry of Road Transport and Highways (MoRTH),State PWD (Highways),Uttar Pradesh,EPC,Urban Dense,2875.15,3274.63,2169.77,57.79,66.26,2018-03-14,2021-07-13,2021-09-29,2020-05-13,2021-11-20,3605.15,4.3,1,25.39,1
PRJ-SYN-0442,SNAP-PRJ-SYN-0442-Q3,NH-62 4/6-Laning Bypass & Viaduct,Highways,Ministry of Road Transport and Highways (MoRTH),State PWD (Highways),Uttar Pradesh,EPC,Urban Dense,2875.15,3399.68,2701.05,76.97,79.45,2018-03-14,2021-07-13,2021-10-25,2020-11-12,2021-11-20,3605.15,4.3,1,25.39,1
PRJ-SYN-0442,SNAP-PRJ-SYN-0442-Q4,NH-62 4/6-Laning Bypass & Viaduct,Highways,Ministry of Road Transport and Highways (MoRTH),State PWD (Highways),Uttar Pradesh,EPC,Urban Dense,2875.15,3466.58,3287.36,89.29,94.83,2018-03-14,2021-07-13,2021-11-05,2021-03-13,2021-11-20,3605.15,4.3,1,25.39,1
PRJ-SYN-0443,SNAP-PRJ-SYN-0443-Q1,Freight Corridor Feeder Line 97,Railways,Ministry of Railways (MoR),CORE,Uttar Pradesh,EPC,Plains,12905.79,12905.79,4173.73,25.32,32.34,2019-07-18,2026-06-17,2026-06-17,2021-12-18,2028-06-22,15795.4,24.2,1,22.39,1
PRJ-SYN-0443,SNAP-PRJ-SYN-0443-Q2,Freight Corridor Feeder Line 97,Railways,Ministry of Railways (MoR),CORE,Uttar Pradesh,EPC,Plains,12905.79,13985.91,5767.79,37.04,41.24,2019-07-18,2026-06-17,2027-05-17,2023-01-01,2028-06-22,15795.4,24.2,1,22.39,1
PRJ-SYN-0443,SNAP-PRJ-SYN-0443-Q3,Freight Corridor Feeder Line 97,Railways,Ministry of Railways (MoR),CORE,Uttar Pradesh,EPC,Plains,12905.79,12905.79,7668.62,54.03,59.42,2019-07-18,2026-06-17,2027-05-06,2024-01-15,2028-06-22,15795.4,24.2,1,22.39,1
PRJ-SYN-0443,SNAP-PRJ-SYN-0443-Q4,Freight Corridor Feeder Line 97,Railways,Ministry of Railways (MoR),CORE,Uttar Pradesh,EPC,Plains,12905.79,14747.81,11920.65,75.34,80.83,2019-07-18,2026-06-17,2028-05-10,2025-10-07,2028-06-22,15795.4,24.2,1,22.39,1
PRJ-SYN-0444,SNAP-PRJ-SYN-0444-Q1,Border Road Strategic Connectivity Link 49,Highways,Ministry of Road Transport and Highways (MoRTH),State PWD (Highways),Haryana,Turnkey,Plains,188.3,188.3,32.52,14.47,17.27,2020-12-13,2023-09-13,2023-09-27,2021-07-01,2023-12-16,200.73,3.1,1,6.6,0
PRJ-SYN-0444,SNAP-PRJ-SYN-0444-Q2,Border Road Strategic Connectivity Link 49,Highways,Ministry of Road Transport and Highways (MoRTH),State PWD (Highways),Haryana,Turnkey,Plains,188.3,188.3,71.87,33.16,38.17,2020-12-13,2023-09-13,2023-10-06,2021-11-29,2023-12-16,200.73,3.1,1,6.6,0
PRJ-SYN-0444,SNAP-PRJ-SYN-0444-Q3,Border Road Strategic Connectivity Link 49,Highways,Ministry of Road Transport and Highways (MoRTH),State PWD (Highways),Haryana,Turnkey,Plains,188.3,197.37,133.8,66.34,67.79,2020-12-13,2023-09-13,2023-11-08,2022-09-26,2023-12-16,200.73,3.1,1,6.6,0
PRJ-SYN-0444,SNAP-PRJ-SYN-0444-Q4,Border Road Strategic Connectivity Link 49,Highways,Ministry of Road Transport and Highways (MoRTH),State PWD (Highways),Haryana,Turnkey,Plains,188.3,188.3,169.83,84.87,90.19,2020-12-13,2023-09-13,2023-11-15,2023-06-04,2023-12-16,200.73,3.1,1,6.6,0
PRJ-SYN-0445,SNAP-PRJ-SYN-0445-Q1,NH-37 4/6-Laning Bypass & Viaduct,Highways,Ministry of Road Transport and Highways (MoRTH),State PWD (Highways),Karnataka,EPC,Plains,902.73,902.73,196.98,20.54,21.82,2021-06-26,2024-09-25,2024-09-25,2022-02-18,2024-12-13,921.69,2.6,0,2.1,0
PRJ-SYN-0445,SNAP-PRJ-SYN-0445-Q2,NH-37 4/6-Laning Bypass & Viaduct,Highways,Ministry of Road Transport and Highways (MoRTH),State PWD (Highways),Karnataka,EPC,Plains,902.73,902.73,288.51,33.8,31.96,2021-06-26,2024-09-25,2024-09-25,2022-08-15,2024-12-13,921.69,2.6,0,2.1,0
PRJ-SYN-0445,SNAP-PRJ-SYN-0445-Q3,NH-37 4/6-Laning Bypass & Viaduct,Highways,Ministry of Road Transport and Highways (MoRTH),State PWD (Highways),Karnataka,EPC,Plains,902.73,902.73,651.14,67.13,72.13,2021-06-26,2024-09-25,2024-12-02,2023-08-06,2024-12-13,921.69,2.6,0,2.1,0
PRJ-SYN-0445,SNAP-PRJ-SYN-0445-Q4,NH-37 4/6-Laning Bypass & Viaduct,Highways,Ministry of Road Transport and Highways (MoRTH),State PWD (Highways),Karnataka,EPC,Plains,902.73,902.73,798.65,84.33,88.47,2021-06-26,2024-09-25,2024-09-25,2024-01-31,2024-12-13,921.69,2.6,0,2.1,0
PRJ-SYN-0446,SNAP-PRJ-SYN-0446-Q1,Uttar Pradesh Metro Line 70 Underground Section,Metro Rail,Ministry of Housing and Urban Affairs (MoHUA),Delhi Metro Rail Corp (DMRC),Uttar Pradesh,Item Rate,Hilly/Mountainous,867.13,867.13,142.38,19.07,16.42,2021-02-03,2027-08-05,2027-08-05,2022-05-23,2027-08-08,926.88,0.1,0,6.89,0
PRJ-SYN-0446,SNAP-PRJ-SYN-0446-Q2,Uttar Pradesh Metro Line 70 Underground Section,Metro Rail,Ministry of Housing and Urban Affairs (MoHUA),Delhi Metro Rail Corp (DMRC),Uttar Pradesh,Item Rate,Hilly/Mountainous,867.13,867.13,310.52,33.21,35.81,2021-02-03,2027-08-05,2027-08-05,2023-05-14,2027-08-08,926.88,0.1,0,6.89,0
PRJ-SYN-0446,SNAP-PRJ-SYN-0446-Q3,Uttar Pradesh Metro Line 70 Underground Section,Metro Rail,Ministry of Housing and Urban Affairs (MoHUA),Delhi Metro Rail Corp (DMRC),Uttar Pradesh,Item Rate,Hilly/Mountainous,867.13,867.13,473.89,49.46,54.65,2021-02-03,2027-08-05,2027-08-05,2024-05-05,2027-08-08,926.88,0.1,0,6.89,0
PRJ-SYN-0447,SNAP-PRJ-SYN-0447-Q1,Maharashtra Station Redevelopment & Quadrupling,Railways,Ministry of Railways (MoR),Dedicated Freight Corridor Corp (DFCCIL),Maharashtra,BOT,Plains,1458.67,1523.17,595.25,34.71,39.08,2020-12-20,2026-12-20,2027-03-23,2023-01-26,2026-12-23,1523.73,0.1,0,4.46,0
PRJ-SYN-0447,SNAP-PRJ-SYN-0447-Q2,Maharashtra Station Redevelopment & Quadrupling,Railways,Ministry of Railways (MoR),Dedicated Freight Corridor Corp (DFCCIL),Maharashtra,BOT,Plains,1458.67,1458.67,943.18,64.41,64.66,2020-12-20,2026-12-20,2027-01-24,2024-11-13,2026-12-23,1523.73,0.1,0,4.46,0
PRJ-SYN-0448,SNAP-PRJ-SYN-0448-Q1,Uttar Pradesh Express Highway Corridor Phase II,Highways,Ministry of Road Transport and Highways (MoRTH),NHIDCL,Uttar Pradesh,EPC,Plains,3033.48,3033.48,1016.52,32.78,33.51,2020-04-02,2024-02-01,2024-02-01,2021-08-05,2024-03-26,3090.51,1.8,0,1.88,0
PRJ-SYN-0448,SNAP-PRJ-SYN-0448-Q2,Uttar Pradesh Express Highway Corridor Phase II,Highways,Ministry of Road Transport and Highways (MoRTH),NHIDCL,Uttar Pradesh,EPC,Plains,3033.48,3033.48,1200.35,42.52,39.57,2020-04-02,2024-02-01,2024-02-01,2022-03-03,2024-03-26,3090.51,1.8,0,1.88,0
PRJ-SYN-0448,SNAP-PRJ-SYN-0448-Q3,Uttar Pradesh Express Highway Corridor Phase II,Highways,Ministry of Road Transport and Highways (MoRTH),NHIDCL,Uttar Pradesh,EPC,Plains,3033.48,3033.48,2634.88,87.39,86.86,2020-04-02,2024-02-01,2024-02-01,2023-04-27,2024-03-26,3090.51,1.8,0,1.88,0
PRJ-SYN-0448,SNAP-PRJ-SYN-0448-Q4,Uttar Pradesh Express Highway Corridor Phase II,Highways,Ministry of Road Transport and Highways (MoRTH),NHIDCL,Uttar Pradesh,EPC,Plains,3033.48,3154.84,2826.42,89.67,89.59,2020-04-02,2024-02-01,2024-02-01,2023-09-14,2024-03-26,3090.51,1.8,0,1.88,0
PRJ-SYN-0449,SNAP-PRJ-SYN-0449-Q1,Tamil Nadu Pumped Storage Hydro Project Phase I,Power & Renewable Energy,Ministry of Power / MNRE,Power Grid Corporation (PGCIL),Tamil Nadu,HAM,Urban Dense,1003.65,1095.26,237.78,16.6,21.71,2023-01-06,2026-04-07,2026-04-07,2024-08-21,2029-05-07,1292.9,37.0,1,28.82,1
PRJ-SYN-0449,SNAP-PRJ-SYN-0449-Q2,Tamil Nadu Pumped Storage Hydro Project Phase I,Power & Renewable Energy,Ministry of Power / MNRE,Power Grid Corporation (PGCIL),Tamil Nadu,HAM,Urban Dense,1003.65,1003.65,331.91,30.49,33.07,2023-01-06,2026-04-07,2028-05-18,2025-02-15,2029-05-07,1292.9,37.0,1,28.82,1
PRJ-SYN-0450,SNAP-PRJ-SYN-0450-Q1,Border Road Strategic Connectivity Link 85,Highways,Ministry of Road Transport and Highways (MoRTH),NHIDCL,Assam,EPC,Plains,3848.12,3848.12,851.59,20.76,22.13,2022-01-24,2024-12-24,2024-12-24,2022-08-25,2024-12-24,3995.5,0.0,0,3.83,0
PRJ-SYN-0450,SNAP-PRJ-SYN-0450-Q2,Border Road Strategic Connectivity Link 85,Highways,Ministry of Road Transport and Highways (MoRTH),NHIDCL,Assam,EPC,Plains,3848.12,3975.4,1692.73,44.09,42.58,2022-01-24,2024-12-24,2024-12-24,2023-07-10,2024-12-24,3995.5,0.0,0,3.83,0
PRJ-SYN-0450,SNAP-PRJ-SYN-0450-Q3,Border Road Strategic Connectivity Link 85,Highways,Ministry of Road Transport and Highways (MoRTH),NHIDCL,Assam,EPC,Plains,3848.12,3848.12,2662.51,63.67,69.19,2022-01-24,2024-12-24,2024-12-24,2023-12-17,2024-12-24,3995.5,0.0,0,3.83,0
PRJ-SYN-0450,SNAP-PRJ-SYN-0450-Q4,Border Road Strategic Connectivity Link 85,Highways,Ministry of Road Transport and Highways (MoRTH),NHIDCL,Assam,EPC,Plains,3848.12,3848.12,3461.0,86.28,89.94,2022-01-24,2024-12-24,2024-12-24,2024-09-08,2024-12-24,3995.5,0.0,0,3.83,0
PRJ-SYN-0451,SNAP-PRJ-SYN-0451-Q1,Andhra Pradesh Ring Metro Transit System Pkg 54,Metro Rail,Ministry of Housing and Urban Affairs (MoHUA),UP Metro Rail Corp (UPMRC),Andhra Pradesh,HAM,Hilly/Mountainous,9603.1,9603.1,1649.81,9.03,17.18,2019-10-07,2026-04-07,2026-04-07,2021-01-23,2028-08-09,10807.33,28.1,1,12.54,1
PRJ-SYN-0451,SNAP-PRJ-SYN-0451-Q2,Andhra Pradesh Ring Metro Transit System Pkg 54,Metro Rail,Ministry of Housing and Urban Affairs (MoHUA),UP Metro Rail Corp (UPMRC),Andhra Pradesh,HAM,Hilly/Mountainous,9603.1,10308.52,6711.88,54.41,65.11,2019-10-07,2026-04-07,2027-05-09,2023-12-28,2028-08-09,10807.33,28.1,1,12.54,1
PRJ-SYN-0451,SNAP-PRJ-SYN-0451-Q3,Andhra Pradesh Ring Metro Transit System Pkg 54,Metro Rail,Ministry of Housing and Urban Affairs (MoHUA),UP Metro Rail Corp (UPMRC),Andhra Pradesh,HAM,Hilly/Mountainous,9603.1,10330.83,7520.84,69.42,72.8,2019-10-07,2026-04-07,2028-04-11,2024-12-18,2028-08-09,10807.33,28.1,1,12.54,1
PRJ-SYN-0452,SNAP-PRJ-SYN-0452-Q1,Uttarakhand Metro Line 74 Underground Section,Metro Rail,Ministry of Housing and Urban Affairs (MoHUA),Mumbai Metropolitan Region Development Authority (MMRDA),Uttarakhand,HAM,Plains,38000.0,38000.0,9549.4,20.26,25.13,2022-02-17,2028-03-18,2028-03-18,2023-05-07,2028-05-02,38224.2,1.5,0,0.59,0
PRJ-SYN-0452,SNAP-PRJ-SYN-0452-Q2,Uttarakhand Metro Line 74 Underground Section,Metro Rail,Ministry of Housing and Urban Affairs (MoHUA),Mumbai Metropolitan Region Development Authority (MMRDA),Uttarakhand,HAM,Plains,38000.0,38000.0,20938.0,49.52,55.1,2022-02-17,2028-03-18,2028-06-25,2025-03-03,2028-05-02,38224.2,1.5,0,0.59,0
PRJ-SYN-0452,SNAP-PRJ-SYN-0452-Q3,Uttarakhand Metro Line 74 Underground Section,Metro Rail,Ministry of Housing and Urban Affairs (MoHUA),Mumbai Metropolitan Region Development Authority (MMRDA),Uttarakhand,HAM,Plains,38000.0,38000.0,35488.2,92.03,93.39,2022-02-17,2028-03-18,2028-03-18,2027-08-09,2028-05-02,38224.2,1.5,0,0.59,0
PRJ-SYN-0453,SNAP-PRJ-SYN-0453-Q1,Andhra Pradesh Economic Corridor Pkg 58,Highways,Ministry of Road Transport and Highways (MoRTH),State PWD (Highways),Andhra Pradesh,Item Rate,Plains,3762.44,3762.44,930.08,20.74,24.72,2021-04-25,2025-06-24,2025-06-24,2022-02-23,2025-07-03,4084.13,0.3,0,8.55,0
PRJ-SYN-0453,SNAP-PRJ-SYN-0453-Q2,Andhra Pradesh Economic Corridor Pkg 58,Highways,Ministry of Road Transport and Highways (MoRTH),State PWD (Highways),Andhra Pradesh,Item Rate,Plains,3762.44,3762.44,2629.57,64.57,69.89,2021-04-25,2025-06-24,2025-06-24,2024-01-09,2025-07-03,4084.13,0.3,0,8.55,0
PRJ-SYN-0453,SNAP-PRJ-SYN-0453-Q3,Andhra Pradesh Economic Corridor Pkg 58,Highways,Ministry of Road Transport and Highways (MoRTH),State PWD (Highways),Andhra Pradesh,Item Rate,Plains,3762.44,3820.14,3219.61,85.78,84.28,2021-04-25,2025-06-24,2025-06-24,2025-01-23,2025-07-03,4084.13,0.3,0,8.55,0
PRJ-SYN-0454,SNAP-PRJ-SYN-0454-Q1,Jharkhand Ultra Mega Solar Power Park 18 MW,Power & Renewable Energy,Ministry of Power / MNRE,SJVN Limited,Jharkhand,EPC,Hilly/Mountainous,314.14,314.14,117.33,32.6,37.35,2023-04-22,2026-07-22,2026-08-28,2024-06-10,2026-09-20,327.96,2.0,0,4.4,0
PRJ-SYN-0454,SNAP-PRJ-SYN-0454-Q2,Jharkhand Ultra Mega Solar Power Park 18 MW,Power & Renewable Energy,Ministry of Power / MNRE,SJVN Limited,Jharkhand,EPC,Hilly/Mountainous,314.14,314.14,160.71,49.58,51.16,2023-04-22,2026-07-22,2026-07-22,2024-12-05,2026-09-20,327.96,2.0,0,4.4,0
PRJ-SYN-0454,SNAP-PRJ-SYN-0454-Q3,Jharkhand Ultra Mega Solar Power Park 18 MW,Power & Renewable Energy,Ministry of Power / MNRE,SJVN Limited,Jharkhand,EPC,Hilly/Mountainous,314.14,314.14,216.98,63.87,69.07,2023-04-22,2026-07-22,2026-09-13,2025-06-01,2026-09-20,327.96,2.0,0,4.4,0
PRJ-SYN-0454,SNAP-PRJ-SYN-0454-Q4,Jharkhand Ultra Mega Solar Power Park 18 MW,Power & Renewable Energy,Ministry of Power / MNRE,SJVN Limited,Jharkhand,EPC,Hilly/Mountainous,314.14,327.57,269.2,82.72,82.18,2023-04-22,2026-07-22,2026-07-22,2026-03-25,2026-09-20,327.96,2.0,0,4.4,0
PRJ-SYN-0455,SNAP-PRJ-SYN-0455-Q1,Tamil Nadu Express Highway Corridor Phase III,Highways,Ministry of Road Transport and Highways (MoRTH),State PWD (Highways),Tamil Nadu,HAM,Hilly/Mountainous,1882.19,1882.19,531.34,22.65,28.23,2018-07-22,2021-07-21,2021-09-14,2019-02-26,2021-09-01,1980.82,1.4,0,5.24,0
PRJ-SYN-0455,SNAP-PRJ-SYN-0455-Q2,Tamil Nadu Express Highway Corridor Phase III,Highways,Ministry of Road Transport and Highways (MoRTH),State PWD (Highways),Tamil Nadu,HAM,Hilly/Mountainous,1882.19,1882.19,610.58,29.14,32.44,2018-07-22,2021-07-21,2021-07-21,2019-08-09,2021-09-01,1980.82,1.4,0,5.24,0
PRJ-SYN-0455,SNAP-PRJ-SYN-0455-Q3,Tamil Nadu Express Highway Corridor Phase III,Highways,Ministry of Road Transport and Highways (MoRTH),State PWD (Highways),Tamil Nadu,HAM,Hilly/Mountainous,1882.19,1882.19,1034.64,49.07,54.97,2018-07-22,2021-07-21,2021-07-21,2020-01-20,2021-09-01,1980.82,1.4,0,5.24,0
PRJ-SYN-0455,SNAP-PRJ-SYN-0455-Q4,Tamil Nadu Express Highway Corridor Phase III,Highways,Ministry of Road Transport and Highways (MoRTH),State PWD (Highways),Tamil Nadu,HAM,Hilly/Mountainous,1882.19,1960.44,1306.44,63.03,66.64,2018-07-22,2021-07-21,2021-07-21,2020-07-03,2021-09-01,1980.82,1.4,0,5.24,0
PRJ-SYN-0456,SNAP-PRJ-SYN-0456-Q1,Madhya Pradesh Economic Corridor Pkg 83,Highways,Ministry of Road Transport and Highways (MoRTH),NHIDCL,Madhya Pradesh,HAM,Plains,2813.91,2813.91,345.83,5.0,12.29,2019-12-22,2022-12-21,2023-12-12,2021-01-08,2026-04-30,3877.57,40.3,1,37.8,1
PRJ-SYN-0456,SNAP-PRJ-SYN-0456-Q2,Madhya Pradesh Economic Corridor Pkg 83,Highways,Ministry of Road Transport and Highways (MoRTH),NHIDCL,Madhya Pradesh,HAM,Plains,2813.91,3389.44,914.13,18.63,26.97,2019-12-22,2022-12-21,2022-12-21,2021-12-03,2026-04-30,3877.57,40.3,1,37.8,1
PRJ-SYN-0457,SNAP-PRJ-SYN-0457-Q1,High-Speed Rail Corridor Link 36,Railways,Ministry of Railways (MoR),Rail Vikas Nigam Ltd (RVNL),Tamil Nadu,Item Rate,Urban Dense,474.95,474.95,65.92,5.0,13.88,2019-04-27,2022-12-26,2022-12-26,2020-01-19,2026-06-08,651.58,41.4,1,37.19,1
PRJ-SYN-0457,SNAP-PRJ-SYN-0457-Q2,High-Speed Rail Corridor Link 36,Railways,Ministry of Railways (MoR),Rail Vikas Nigam Ltd (RVNL),Tamil Nadu,Item Rate,Urban Dense,474.95,474.95,49.73,5.0,10.47,2019-04-27,2022-12-26,2022-12-26,2020-08-07,2026-06-08,651.58,41.4,1,37.19,1
PRJ-SYN-0457,SNAP-PRJ-SYN-0457-Q3,High-Speed Rail Corridor Link 36,Railways,Ministry of Railways (MoR),Rail Vikas Nigam Ltd (RVNL),Tamil Nadu,Item Rate,Urban Dense,474.95,531.65,109.84,18.44,20.66,2019-04-27,2022-12-26,2024-08-01,2021-02-24,2026-06-08,651.58,41.4,1,37.19,1
PRJ-SYN-0457,SNAP-PRJ-SYN-0457-Q4,High-Speed Rail Corridor Link 36,Railways,Ministry of Railways (MoR),Rail Vikas Nigam Ltd (RVNL),Tamil Nadu,Item Rate,Urban Dense,474.95,568.58,183.2,28.42,32.22,2019-04-27,2022-12-26,2024-08-27,2021-09-13,2026-06-08,651.58,41.4,1,37.19,1
PRJ-SYN-0458,SNAP-PRJ-SYN-0458-Q1,Odisha Pumped Storage Hydro Project Phase IV,Power & Renewable Energy,Ministry of Power / MNRE,NTPC Limited,Odisha,EPC,Hilly/Mountainous,1178.62,1178.62,212.62,6.6,18.04,2022-01-28,2024-01-28,2024-01-28,2023-01-28,2026-01-09,1669.16,23.4,1,41.62,1
PRJ-SYN-0458,SNAP-PRJ-SYN-0458-Q2,Odisha Pumped Storage Hydro Project Phase IV,Power & Renewable Energy,Ministry of Power / MNRE,NTPC Limited,Odisha,EPC,Hilly/Mountainous,1178.62,1434.29,848.81,47.41,59.18,2022-01-28,2024-01-28,2025-09-19,2023-09-04,2026-01-09,1669.16,23.4,1,41.62,1
PRJ-SYN-0458,SNAP-PRJ-SYN-0458-Q3,Odisha Pumped Storage Hydro Project Phase IV,Power & Renewable Energy,Ministry of Power / MNRE,NTPC Limited,Odisha,EPC,Hilly/Mountainous,1178.62,1588.56,1023.83,54.49,64.45,2022-01-28,2024-01-28,2024-01-28,2023-11-16,2026-01-09,1669.16,23.4,1,41.62,1
PRJ-SYN-0459,SNAP-PRJ-SYN-0459-Q1,Madhya Pradesh Economic Corridor Pkg 33,Highways,Ministry of Road Transport and Highways (MoRTH),NHIDCL,Madhya Pradesh,EPC,Hilly/Mountainous,339.25,339.25,40.3,5.0,11.88,2022-05-13,2025-09-11,2026-04-15,2023-07-13,2028-03-02,417.07,29.7,1,22.94,1
PRJ-SYN-0459,SNAP-PRJ-SYN-0459-Q2,Madhya Pradesh Economic Corridor Pkg 33,Highways,Ministry of Road Transport and Highways (MoRTH),NHIDCL,Madhya Pradesh,EPC,Hilly/Mountainous,339.25,399.65,244.55,53.13,61.19,2022-05-13,2025-09-11,2025-09-11,2025-01-11,2028-03-02,417.07,29.7,1,22.94,1
PRJ-SYN-0460,SNAP-PRJ-SYN-0460-Q1,Gujarat Pumped Storage Hydro Project Phase IV,Power & Renewable Energy,Ministry of Power / MNRE,NTPC Limited,Gujarat,EPC,Plains,1939.0,1939.0,666.82,33.5,34.39,2018-09-12,2023-12-12,2023-12-12,2020-07-14,2023-12-15,1940.75,0.1,0,0.09,0
PRJ-SYN-0460,SNAP-PRJ-SYN-0460-Q2,Gujarat Pumped Storage Hydro Project Phase IV,Power & Renewable Energy,Ministry of Power / MNRE,NTPC Limited,Gujarat,EPC,Plains,1939.0,1989.53,1352.48,67.01,67.98,2018-09-12,2023-12-12,2023-12-12,2022-02-09,2023-12-15,1940.75,0.1,0,0.09,0
PRJ-SYN-0460,SNAP-PRJ-SYN-0460-Q3,Gujarat Pumped Storage Hydro Project Phase IV,Power & Renewable Energy,Ministry of Power / MNRE,NTPC Limited,Gujarat,EPC,Plains,1939.0,1939.0,1751.11,89.5,90.31,2018-09-12,2023-12-12,2023-12-12,2023-06-03,2023-12-15,1940.75,0.1,0,0.09,0
PRJ-SYN-0461,SNAP-PRJ-SYN-0461-Q1,Border Road Strategic Connectivity Link 98,Highways,Ministry of Road Transport and Highways (MoRTH),National Highways Authority of India (NHAI),Tamil Nadu,Item Rate,Hilly/Mountainous,1835.46,1900.07,186.02,5.0,9.79,2018-11-07,2021-01-06,2021-02-19,2019-04-14,2021-12-25,2421.34,11.6,1,31.92,1
PRJ-SYN-0461,SNAP-PRJ-SYN-0461-Q2,Border Road Strategic Connectivity Link 98,Highways,Ministry of Road Transport and Highways (MoRTH),National Highways Authority of India (NHAI),Tamil Nadu,Item Rate,Hilly/Mountainous,1835.46,2022.93,821.11,33.85,40.59,2018-11-07,2021-01-06,2021-01-06,2019-12-07,2021-12-25,2421.34,11.6,1,31.92,1
PRJ-SYN-0461,SNAP-PRJ-SYN-0461-Q3,Border Road Strategic Connectivity Link 98,Highways,Ministry of Road Transport and Highways (MoRTH),National Highways Authority of India (NHAI),Tamil Nadu,Item Rate,Hilly/Mountainous,1835.46,2289.35,1551.03,60.21,67.75,2018-11-07,2021-01-06,2021-01-06,2020-08-01,2021-12-25,2421.34,11.6,1,31.92,1
PRJ-SYN-0462,SNAP-PRJ-SYN-0462-Q1,Punjab Economic Corridor Pkg 80,Highways,Ministry of Road Transport and Highways (MoRTH),NHIDCL,Punjab,EPC,Plains,684.0,684.0,240.56,31.63,35.17,2019-05-16,2021-11-14,2021-11-14,2020-03-30,2022-01-13,688.92,2.0,0,0.72,0
PRJ-SYN-0462,SNAP-PRJ-SYN-0462-Q2,Punjab Economic Corridor Pkg 80,Highways,Ministry of Road Transport and Highways (MoRTH),NHIDCL,Punjab,EPC,Plains,684.0,684.0,376.06,56.14,54.98,2019-05-16,2021-11-14,2021-11-14,2020-08-14,2022-01-13,688.92,2.0,0,0.72,0
PRJ-SYN-0462,SNAP-PRJ-SYN-0462-Q3,Punjab Economic Corridor Pkg 80,Highways,Ministry of Road Transport and Highways (MoRTH),NHIDCL,Punjab,EPC,Plains,684.0,684.0,412.59,62.07,60.32,2019-05-16,2021-11-14,2021-11-14,2020-12-29,2022-01-13,688.92,2.0,0,0.72,0
PRJ-SYN-0462,SNAP-PRJ-SYN-0462-Q4,Punjab Economic Corridor Pkg 80,Highways,Ministry of Road Transport and Highways (MoRTH),NHIDCL,Punjab,EPC,Plains,684.0,684.0,635.57,90.48,92.92,2019-05-16,2021-11-14,2021-11-14,2021-08-14,2022-01-13,688.92,2.0,0,0.72,0
PRJ-SYN-0463,SNAP-PRJ-SYN-0463-Q1,NH-99 4/6-Laning Bypass & Viaduct,Highways,Ministry of Road Transport and Highways (MoRTH),NHIDCL,Gujarat,BOT,Plains,734.56,734.56,271.42,37.09,36.95,2020-06-28,2024-03-28,2024-03-28,2021-10-20,2024-05-15,756.96,1.6,0,3.05,0
PRJ-SYN-0463,SNAP-PRJ-SYN-0463-Q2,NH-99 4/6-Laning Bypass & Viaduct,Highways,Ministry of Road Transport and Highways (MoRTH),NHIDCL,Gujarat,BOT,Plains,734.56,755.36,395.2,54.94,52.32,2020-06-28,2024-03-28,2024-06-16,2022-05-13,2024-05-15,756.96,1.6,0,3.05,0
PRJ-SYN-0463,SNAP-PRJ-SYN-0463-Q3,NH-99 4/6-Laning Bypass & Viaduct,Highways,Ministry of Road Transport and Highways (MoRTH),NHIDCL,Gujarat,BOT,Plains,734.56,734.56,461.16,64.0,62.78,2020-06-28,2024-03-28,2024-04-29,2022-12-05,2024-05-15,756.96,1.6,0,3.05,0
PRJ-SYN-0464,SNAP-PRJ-SYN-0464-Q1,NH-22 4/6-Laning Bypass & Viaduct,Highways,Ministry of Road Transport and Highways (MoRTH),State PWD (Highways),Punjab,EPC,Hilly/Mountainous,250.12,250.12,37.59,5.23,15.03,2020-04-18,2023-05-19,2023-11-12,2021-05-17,2025-06-11,358.37,24.8,1,43.28,1
PRJ-SYN-0464,SNAP-PRJ-SYN-0464-Q2,NH-22 4/6-Laning Bypass & Viaduct,Highways,Ministry of Road Transport and Highways (MoRTH),State PWD (Highways),Punjab,EPC,Hilly/Mountainous,250.12,292.68,135.72,38.58,46.37,2020-04-18,2023-05-19,2023-05-19,2022-04-20,2025-06-11,358.37,24.8,1,43.28,1
PRJ-SYN-0464,SNAP-PRJ-SYN-0464-Q3,NH-22 4/6-Laning Bypass & Viaduct,Highways,Ministry of Road Transport and Highways (MoRTH),State PWD (Highways),Punjab,EPC,Hilly/Mountainous,250.12,309.2,185.64,54.9,60.04,2020-04-18,2023-05-19,2023-05-19,2022-10-05,2025-06-11,358.37,24.8,1,43.28,1
PRJ-SYN-0465,SNAP-PRJ-SYN-0465-Q1,NH-11 4/6-Laning Bypass & Viaduct,Highways,Ministry of Road Transport and Highways (MoRTH),State PWD (Highways),Himachal Pradesh,EPC,Urban Dense,456.86,456.86,158.71,34.15,34.74,2021-08-05,2023-09-04,2023-09-04,2022-04-28,2023-11-03,469.33,2.0,0,2.73,0
PRJ-SYN-0465,SNAP-PRJ-SYN-0465-Q2,NH-11 4/6-Laning Bypass & Viaduct,Highways,Ministry of Road Transport and Highways (MoRTH),State PWD (Highways),Himachal Pradesh,EPC,Urban Dense,456.86,456.86,264.93,53.15,57.99,2021-08-05,2023-09-04,2023-09-04,2022-08-20,2023-11-03,469.33,2.0,0,2.73,0
PRJ-SYN-0465,SNAP-PRJ-SYN-0465-Q3,NH-11 4/6-Laning Bypass & Viaduct,Highways,Ministry of Road Transport and Highways (MoRTH),State PWD (Highways),Himachal Pradesh,EPC,Urban Dense,456.86,466.43,379.21,80.77,81.3,2021-08-05,2023-09-04,2023-09-04,2023-04-05,2023-11-03,469.33,2.0,0,2.73,0
PRJ-SYN-0465,SNAP-PRJ-SYN-0465-Q4,NH-11 4/6-Laning Bypass & Viaduct,Highways,Ministry of Road Transport and Highways (MoRTH),State PWD (Highways),Himachal Pradesh,EPC,Urban Dense,456.86,463.45,433.33,89.31,93.5,2021-08-05,2023-09-04,2023-09-04,2023-06-20,2023-11-03,469.33,2.0,0,2.73,0
PRJ-SYN-0466,SNAP-PRJ-SYN-0466-Q1,Rajasthan Metro Corridor Elevated Extension Phase I,Metro Rail,Ministry of Housing and Urban Affairs (MoHUA),Mumbai Metropolitan Region Development Authority (MMRDA),Rajasthan,HAM,Plains,1883.67,1883.67,915.65,48.46,48.61,2023-03-02,2027-07-01,2027-07-01,2025-05-01,2027-10-06,2032.1,3.2,1,7.88,0
PRJ-SYN-0466,SNAP-PRJ-SYN-0466-Q2,Rajasthan Metro Corridor Elevated Extension Phase I,Metro Rail,Ministry of Housing and Urban Affairs (MoHUA),Mumbai Metropolitan Region Development Authority (MMRDA),Rajasthan,HAM,Plains,1883.67,1883.67,1159.59,62.38,61.56,2023-03-02,2027-07-01,2027-09-03,2025-12-24,2027-10-06,2032.1,3.2,1,7.88,0
PRJ-SYN-0467,SNAP-PRJ-SYN-0467-Q1,Odisha Station Redevelopment & Quadrupling,Railways,Ministry of Railways (MoR),Dedicated Freight Corridor Corp (DFCCIL),Odisha,EPC,Plains,1253.29,1306.81,234.7,16.63,17.96,2020-09-18,2025-09-18,2025-09-18,2021-09-18,2025-09-18,1276.6,0.0,0,1.86,0
PRJ-SYN-0467,SNAP-PRJ-SYN-0467-Q2,Odisha Station Redevelopment & Quadrupling,Railways,Ministry of Railways (MoR),Dedicated Freight Corridor Corp (DFCCIL),Odisha,EPC,Plains,1253.29,1274.33,682.79,52.92,53.58,2020-09-18,2025-09-18,2025-09-18,2023-03-20,2025-09-18,1276.6,0.0,0,1.86,0
PRJ-SYN-0467,SNAP-PRJ-SYN-0467-Q3,Odisha Station Redevelopment & Quadrupling,Railways,Ministry of Railways (MoR),Dedicated Freight Corridor Corp (DFCCIL),Odisha,EPC,Plains,1253.29,1253.29,854.24,68.88,68.16,2020-09-18,2025-09-18,2025-09-18,2023-12-19,2025-09-18,1276.6,0.0,0,1.86,0
PRJ-SYN-0468,SNAP-PRJ-SYN-0468-Q1,West Bengal Economic Corridor Pkg 83,Highways,Ministry of Road Transport and Highways (MoRTH),National Highways Authority of India (NHAI),West Bengal,EPC,Plains,1412.6,1412.6,638.35,46.46,45.19,2023-11-18,2027-07-19,2027-08-21,2025-09-17,2027-10-18,1496.79,3.0,1,5.96,0
PRJ-SYN-0468,SNAP-PRJ-SYN-0468-Q2,West Bengal Economic Corridor Pkg 83,Highways,Ministry of Road Transport and Highways (MoRTH),National Highways Authority of India (NHAI),West Bengal,EPC,Plains,1412.6,1450.23,1222.25,86.63,84.28,2023-11-18,2027-07-19,2027-10-16,2027-03-07,2027-10-18,1496.79,3.0,1,5.96,0
PRJ-SYN-0469,SNAP-PRJ-SYN-0469-Q1,Border Road Strategic Connectivity Link 20,Highways,Ministry of Road Transport and Highways (MoRTH),NHIDCL,Odisha,HAM,Hilly/Mountainous,372.69,391.6,53.81,5.0,13.74,2022-05-15,2024-11-13,2025-06-09,2023-03-30,2026-12-16,465.04,25.1,1,24.78,1
PRJ-SYN-0469,SNAP-PRJ-SYN-0469-Q2,Border Road Strategic Connectivity Link 20,Highways,Ministry of Road Transport and Highways (MoRTH),NHIDCL,Odisha,HAM,Hilly/Mountainous,372.69,404.13,107.58,16.45,26.62,2022-05-15,2024-11-13,2024-11-13,2023-08-14,2026-12-16,465.04,25.1,1,24.78,1
PRJ-SYN-0469,SNAP-PRJ-SYN-0469-Q3,Border Road Strategic Connectivity Link 20,Highways,Ministry of Road Transport and Highways (MoRTH),NHIDCL,Odisha,HAM,Hilly/Mountainous,372.69,428.0,250.89,47.72,58.62,2022-05-15,2024-11-13,2026-02-01,2024-05-14,2026-12-16,465.04,25.1,1,24.78,1
PRJ-SYN-0469,SNAP-PRJ-SYN-0469-Q4,Border Road Strategic Connectivity Link 20,Highways,Ministry of Road Transport and Highways (MoRTH),NHIDCL,Odisha,HAM,Hilly/Mountainous,372.69,372.69,240.27,54.15,64.47,2022-05-15,2024-11-13,2026-01-30,2024-08-13,2026-12-16,465.04,25.1,1,24.78,1
PRJ-SYN-0470,SNAP-PRJ-SYN-0470-Q1,Uttar Pradesh Ultra Mega Solar Power Park 30 MW,Power & Renewable Energy,Ministry of Power / MNRE,SJVN Limited,Uttar Pradesh,HAM,Plains,121.6,121.6,45.9,32.93,37.75,2019-06-11,2022-06-10,2022-08-27,2020-06-28,2022-06-10,127.33,0.0,0,4.71,0
PRJ-SYN-0470,SNAP-PRJ-SYN-0470-Q2,Uttar Pradesh Ultra Mega Solar Power Park 30 MW,Power & Renewable Energy,Ministry of Power / MNRE,SJVN Limited,Uttar Pradesh,HAM,Plains,121.6,126.15,64.39,53.75,51.04,2019-06-11,2022-06-10,2022-06-10,2020-12-09,2022-06-10,127.33,0.0,0,4.71,0
PRJ-SYN-0470,SNAP-PRJ-SYN-0470-Q3,Uttar Pradesh Ultra Mega Solar Power Park 30 MW,Power & Renewable Energy,Ministry of Power / MNRE,SJVN Limited,Uttar Pradesh,HAM,Plains,121.6,123.86,81.93,61.43,66.15,2019-06-11,2022-06-10,2022-06-10,2021-05-23,2022-06-10,127.33,0.0,0,4.71,0
PRJ-SYN-0470,SNAP-PRJ-SYN-0470-Q4,Uttar Pradesh Ultra Mega Solar Power Park 30 MW,Power & Renewable Energy,Ministry of Power / MNRE,SJVN Limited,Uttar Pradesh,HAM,Plains,121.6,121.6,114.17,95.25,93.89,2019-06-11,2022-06-10,2022-06-10,2022-02-21,2022-06-10,127.33,0.0,0,4.71,0
PRJ-SYN-0471,SNAP-PRJ-SYN-0471-Q1,Himachal Pradesh Economic Corridor Pkg 62,Highways,Ministry of Road Transport and Highways (MoRTH),NHIDCL,Himachal Pradesh,HAM,Plains,533.97,533.97,111.65,20.82,20.91,2019-01-05,2021-03-06,2021-03-06,2019-06-12,2021-03-06,539.47,0.0,0,1.03,0
PRJ-SYN-0471,SNAP-PRJ-SYN-0471-Q2,Himachal Pradesh Economic Corridor Pkg 62,Highways,Ministry of Road Transport and Highways (MoRTH),NHIDCL,Himachal Pradesh,HAM,Plains,533.97,533.97,196.34,37.13,36.77,2019-01-05,2021-03-06,2021-03-06,2019-10-08,2021-03-06,539.47,0.0,0,1.03,0
PRJ-SYN-0471,SNAP-PRJ-SYN-0471-Q3,Himachal Pradesh Economic Corridor Pkg 62,Highways,Ministry of Road Transport and Highways (MoRTH),NHIDCL,Himachal Pradesh,HAM,Plains,533.97,533.97,276.76,49.92,51.83,2019-01-05,2021-03-06,2021-05-05,2020-02-04,2021-03-06,539.47,0.0,0,1.03,0
PRJ-SYN-0471,SNAP-PRJ-SYN-0471-Q4,Himachal Pradesh Economic Corridor Pkg 62,Highways,Ministry of Road Transport and Highways (MoRTH),NHIDCL,Himachal Pradesh,HAM,Plains,533.97,533.97,374.74,67.09,70.18,2019-01-05,2021-03-06,2021-03-06,2020-06-02,2021-03-06,539.47,0.0,0,1.03,0
PRJ-SYN-0472,SNAP-PRJ-SYN-0472-Q1,765kV High Voltage Transmission Substation,Power & Renewable Energy,Ministry of Power / MNRE,Power Grid Corporation (PGCIL),Uttarakhand,EPC,Plains,996.85,996.85,637.29,63.5,63.93,2021-09-02,2023-12-02,2023-12-02,2023-02-18,2024-01-13,1035.33,1.4,0,3.86,0
PRJ-SYN-0472,SNAP-PRJ-SYN-0472-Q2,765kV High Voltage Transmission Substation,Power & Renewable Energy,Ministry of Power / MNRE,Power Grid Corporation (PGCIL),Uttarakhand,EPC,Plains,996.85,996.85,801.57,77.03,80.41,2021-09-02,2023-12-02,2023-12-02,2023-06-21,2024-01-13,1035.33,1.4,0,3.86,0
PRJ-SYN-0473,SNAP-PRJ-SYN-0473-Q1,Uttar Pradesh Express Highway Corridor Phase III,Highways,Ministry of Road Transport and Highways (MoRTH),National Highways Authority of India (NHAI),Uttar Pradesh,EPC,Hilly/Mountainous,659.27,691.87,286.99,30.47,41.48,2018-11-13,2021-01-12,2021-01-12,2019-08-16,2021-05-13,824.61,4.0,1,25.08,1
PRJ-SYN-0473,SNAP-PRJ-SYN-0473-Q2,Uttar Pradesh Express Highway Corridor Phase III,Highways,Ministry of Road Transport and Highways (MoRTH),National Highways Authority of India (NHAI),Uttar Pradesh,EPC,Hilly/Mountainous,659.27,659.27,341.7,43.89,51.83,2018-11-13,2021-01-12,2021-01-12,2019-12-13,2021-05-13,824.61,4.0,1,25.08,1
PRJ-SYN-0473,SNAP-PRJ-SYN-0473-Q3,Uttar Pradesh Express Highway Corridor Phase III,Highways,Ministry of Road Transport and Highways (MoRTH),National Highways Authority of India (NHAI),Uttar Pradesh,EPC,Hilly/Mountainous,659.27,786.6,706.37,86.58,89.8,2018-11-13,2021-01-12,2021-04-14,2020-10-25,2021-05-13,824.61,4.0,1,25.08,1
PRJ-SYN-0474,SNAP-PRJ-SYN-0474-Q1,High-Speed Rail Corridor Link 77,Railways,Ministry of Railways (MoR),CORE,Punjab,HAM,Coastal,3388.15,3388.15,1979.02,53.66,58.41,2018-01-22,2022-07-23,2022-10-26,2020-04-22,2022-07-23,3465.06,0.0,0,2.27,0
PRJ-SYN-0474,SNAP-PRJ-SYN-0474-Q2,High-Speed Rail Corridor Link 77,Railways,Ministry of Railways (MoR),CORE,Punjab,HAM,Coastal,3388.15,3388.15,2431.68,71.04,71.77,2018-01-22,2022-07-23,2022-07-23,2020-12-25,2022-07-23,3465.06,0.0,0,2.27,0
PRJ-SYN-0474,SNAP-PRJ-SYN-0474-Q3,High-Speed Rail Corridor Link 77,Railways,Ministry of Railways (MoR),CORE,Punjab,HAM,Coastal,3388.15,3489.18,2907.88,83.97,83.34,2018-01-22,2022-07-23,2022-10-18,2021-08-28,2022-07-23,3465.06,0.0,0,2.27,0
PRJ-SYN-0475,SNAP-PRJ-SYN-0475-Q1,Tamil Nadu Economic Corridor Pkg 27,Highways,Ministry of Road Transport and Highways (MoRTH),State PWD (Highways),Tamil Nadu,EPC,Plains,690.43,690.43,346.6,47.08,50.2,2022-03-19,2025-10-17,2025-12-05,2024-01-02,2025-12-10,724.88,1.8,0,4.99,0
PRJ-SYN-0475,SNAP-PRJ-SYN-0475-Q2,Tamil Nadu Economic Corridor Pkg 27,Highways,Ministry of Road Transport and Highways (MoRTH),State PWD (Highways),Tamil Nadu,EPC,Plains,690.43,690.43,474.33,65.94,68.7,2022-03-19,2025-10-17,2025-10-17,2024-07-16,2025-12-10,724.88,1.8,0,4.99,0
PRJ-SYN-0475,SNAP-PRJ-SYN-0475-Q3,Tamil Nadu Economic Corridor Pkg 27,Highways,Ministry of Road Transport and Highways (MoRTH),State PWD (Highways),Tamil Nadu,EPC,Plains,690.43,690.43,546.27,81.72,79.12,2022-03-19,2025-10-17,2025-10-17,2025-01-29,2025-12-10,724.88,1.8,0,4.99,0
PRJ-SYN-0475,SNAP-PRJ-SYN-0475-Q4,Tamil Nadu Economic Corridor Pkg 27,Highways,Ministry of Road Transport and Highways (MoRTH),State PWD (Highways),Tamil Nadu,EPC,Plains,690.43,690.43,641.06,92.82,92.85,2022-03-19,2025-10-17,2025-10-17,2025-06-08,2025-12-10,724.88,1.8,0,4.99,0
PRJ-SYN-0476,SNAP-PRJ-SYN-0476-Q1,765kV High Voltage Transmission Substation,Power & Renewable Energy,Ministry of Power / MNRE,Solar Energy Corporation of India (SECI),Andhra Pradesh,EPC,Plains,1268.64,1268.64,483.61,33.87,38.12,2018-08-10,2021-11-09,2021-11-09,2019-09-29,2022-02-05,1344.63,2.9,0,5.99,0
PRJ-SYN-0476,SNAP-PRJ-SYN-0476-Q2,765kV High Voltage Transmission Substation,Power & Renewable Energy,Ministry of Power / MNRE,Solar Energy Corporation of India (SECI),Andhra Pradesh,EPC,Plains,1268.64,1268.64,560.99,46.92,44.22,2018-08-10,2021-11-09,2021-11-09,2020-03-25,2022-02-05,1344.63,2.9,0,5.99,0
PRJ-SYN-0476,SNAP-PRJ-SYN-0476-Q3,765kV High Voltage Transmission Substation,Power & Renewable Energy,Ministry of Power / MNRE,Solar Energy Corporation of India (SECI),Andhra Pradesh,EPC,Plains,1268.64,1268.64,796.45,63.63,62.78,2018-08-10,2021-11-09,2021-11-09,2020-09-19,2022-02-05,1344.63,2.9,0,5.99,0
PRJ-SYN-0477,SNAP-PRJ-SYN-0477-Q1,Assam Express Highway Corridor Phase I,Highways,Ministry of Road Transport and Highways (MoRTH),NHIDCL,Assam,EPC,Plains,192.81,192.81,21.56,5.0,11.18,2019-06-10,2022-08-09,2022-08-09,2020-01-27,2024-04-02,216.1,19.8,1,12.08,1
PRJ-SYN-0477,SNAP-PRJ-SYN-0477-Q2,Assam Express Highway Corridor Phase I,Highways,Ministry of Road Transport and Highways (MoRTH),NHIDCL,Assam,EPC,Plains,192.81,192.81,101.67,43.57,52.73,2019-06-10,2022-08-09,2023-06-07,2021-06-30,2024-04-02,216.1,19.8,1,12.08,1
PRJ-SYN-0477,SNAP-PRJ-SYN-0477-Q3,Assam Express Highway Corridor Phase I,Highways,Ministry of Road Transport and Highways (MoRTH),NHIDCL,Assam,EPC,Plains,192.81,211.46,149.27,63.77,70.59,2019-06-10,2022-08-09,2022-08-09,2021-12-21,2024-04-02,216.1,19.8,1,12.08,1
PRJ-SYN-0478,SNAP-PRJ-SYN-0478-Q1,Freight Corridor Feeder Line 65,Railways,Ministry of Railways (MoR),CORE,Bihar,EPC,Plains,8565.7,8565.7,4290.56,49.86,50.09,2022-04-26,2028-02-24,2028-04-07,2025-03-26,2028-03-22,8854.36,0.9,0,3.37,0
PRJ-SYN-0478,SNAP-PRJ-SYN-0478-Q2,Freight Corridor Feeder Line 65,Railways,Ministry of Railways (MoR),CORE,Bihar,EPC,Plains,8565.7,8565.7,7391.34,80.74,86.29,2022-04-26,2028-02-24,2028-02-24,2026-12-25,2028-03-22,8854.36,0.9,0,3.37,0
PRJ-SYN-0479,SNAP-PRJ-SYN-0479-Q1,Border Road Strategic Connectivity Link 60,Highways,Ministry of Road Transport and Highways (MoRTH),National Highways Authority of India (NHAI),Jammu & Kashmir,Turnkey,Hilly/Mountainous,1994.05,2040.85,853.08,38.61,41.8,2019-12-24,2022-10-23,2022-12-10,2020-12-20,2022-11-01,2125.06,0.3,0,6.57,0
PRJ-SYN-0479,SNAP-PRJ-SYN-0479-Q2,Border Road Strategic Connectivity Link 60,Highways,Ministry of Road Transport and Highways (MoRTH),National Highways Authority of India (NHAI),Jammu & Kashmir,Turnkey,Hilly/Mountainous,1994.05,1994.05,1305.11,62.9,65.45,2019-12-24,2022-10-23,2022-10-23,2021-10-26,2022-11-01,2125.06,0.3,0,6.57,0
PRJ-SYN-0479,SNAP-PRJ-SYN-0479-Q3,Border Road Strategic Connectivity Link 60,Highways,Ministry of Road Transport and Highways (MoRTH),National Highways Authority of India (NHAI),Jammu & Kashmir,Turnkey,Hilly/Mountainous,1994.05,1994.05,1503.11,76.9,75.38,2019-12-24,2022-10-23,2022-10-23,2022-03-30,2022-11-01,2125.06,0.3,0,6.57,0
PRJ-SYN-0479,SNAP-PRJ-SYN-0479-Q4,Border Road Strategic Connectivity Link 60,Highways,Ministry of Road Transport and Highways (MoRTH),National Highways Authority of India (NHAI),Jammu & Kashmir,Turnkey,Hilly/Mountainous,1994.05,1994.05,1823.96,87.91,91.47,2019-12-24,2022-10-23,2022-10-23,2022-07-12,2022-11-01,2125.06,0.3,0,6.57,0
PRJ-SYN-0480,SNAP-PRJ-SYN-0480-Q1,Border Road Strategic Connectivity Link 76,Highways,Ministry of Road Transport and Highways (MoRTH),National Highways Authority of India (NHAI),West Bengal,HAM,Coastal,852.98,866.01,424.34,43.89,49.0,2022-12-22,2026-10-22,2026-10-22,2024-11-21,2026-11-06,897.68,0.5,0,5.24,0
PRJ-SYN-0480,SNAP-PRJ-SYN-0480-Q2,Border Road Strategic Connectivity Link 76,Highways,Ministry of Road Transport and Highways (MoRTH),National Highways Authority of India (NHAI),West Bengal,HAM,Coastal,852.98,852.98,660.55,79.1,77.44,2022-12-22,2026-10-22,2026-10-22,2026-01-15,2026-11-06,897.68,0.5,0,5.24,0
PRJ-SYN-0480,SNAP-PRJ-SYN-0480-Q3,Border Road Strategic Connectivity Link 76,Highways,Ministry of Road Transport and Highways (MoRTH),National Highways Authority of India (NHAI),West Bengal,HAM,Coastal,852.98,852.98,799.07,87.71,93.68,2022-12-22,2026-10-22,2026-10-22,2026-06-04,2026-11-06,897.68,0.5,0,5.24,0
PRJ-SYN-0481,SNAP-PRJ-SYN-0481-Q1,Uttar Pradesh Ultra Mega Solar Power Park 33 MW,Power & Renewable Energy,Ministry of Power / MNRE,SJVN Limited,Uttar Pradesh,HAM,Plains,925.31,925.31,397.05,38.13,42.91,2020-02-21,2022-09-21,2022-12-22,2021-06-06,2023-05-07,988.05,7.5,1,6.78,0
PRJ-SYN-0481,SNAP-PRJ-SYN-0481-Q2,Uttar Pradesh Ultra Mega Solar Power Park 33 MW,Power & Renewable Energy,Ministry of Power / MNRE,SJVN Limited,Uttar Pradesh,HAM,Plains,925.31,925.31,508.18,54.23,54.92,2020-02-21,2022-09-21,2022-09-21,2021-10-26,2023-05-07,988.05,7.5,1,6.78,0
PRJ-SYN-0481,SNAP-PRJ-SYN-0481-Q3,Uttar Pradesh Ultra Mega Solar Power Park 33 MW,Power & Renewable Energy,Ministry of Power / MNRE,SJVN Limited,Uttar Pradesh,HAM,Plains,925.31,925.31,622.55,67.52,67.28,2020-02-21,2022-09-21,2023-03-15,2022-03-16,2023-05-07,988.05,7.5,1,6.78,0
PRJ-SYN-0482,SNAP-PRJ-SYN-0482-Q1,Madhya Pradesh Metro Corridor Elevated Extension Phase II,Metro Rail,Ministry of Housing and Urban Affairs (MoHUA),UP Metro Rail Corp (UPMRC),Madhya Pradesh,HAM,Plains,7140.03,7140.03,860.37,10.25,12.05,2019-01-18,2023-08-19,2023-08-19,2019-12-18,2024-08-03,7532.73,11.5,1,5.5,0
PRJ-SYN-0482,SNAP-PRJ-SYN-0482-Q2,Madhya Pradesh Metro Corridor Elevated Extension Phase II,Metro Rail,Ministry of Housing and Urban Affairs (MoHUA),UP Metro Rail Corp (UPMRC),Madhya Pradesh,HAM,Plains,7140.03,7140.03,1760.73,25.72,24.66,2019-01-18,2023-08-19,2023-12-01,2020-08-25,2024-08-03,7532.73,11.5,1,5.5,0
PRJ-SYN-0483,SNAP-PRJ-SYN-0483-Q1,765kV High Voltage Transmission Substation,Power & Renewable Energy,Ministry of Power / MNRE,Solar Energy Corporation of India (SECI),Kerala,HAM,Hilly/Mountainous,1537.45,1537.45,265.06,13.03,17.24,2019-02-05,2021-03-06,2021-05-26,2019-10-29,2022-04-11,1882.92,13.2,1,22.47,1
PRJ-SYN-0483,SNAP-PRJ-SYN-0483-Q2,765kV High Voltage Transmission Substation,Power & Renewable Energy,Ministry of Power / MNRE,Solar Energy Corporation of India (SECI),Kerala,HAM,Hilly/Mountainous,1537.45,1537.45,769.8,42.61,50.07,2019-02-05,2021-03-06,2021-09-13,2020-06-13,2022-04-11,1882.92,13.2,1,22.47,1
PRJ-SYN-0484,SNAP-PRJ-SYN-0484-Q1,Bihar Station Redevelopment & Quadrupling,Railways,Ministry of Railways (MoR),IRCON International,Bihar,HAM,Hilly/Mountainous,292.29,295.39,71.34,19.9,24.15,2021-12-26,2025-12-26,2026-01-08,2022-10-14,2026-04-26,331.52,4.0,1,13.42,1
PRJ-SYN-0484,SNAP-PRJ-SYN-0484-Q2,Bihar Station Redevelopment & Quadrupling,Railways,Ministry of Railways (MoR),IRCON International,Bihar,HAM,Hilly/Mountainous,292.29,308.6,160.63,46.41,52.05,2021-12-26,2025-12-26,2025-12-26,2023-12-26,2026-04-26,331.52,4.0,1,13.42,1
PRJ-SYN-0485,SNAP-PRJ-SYN-0485-Q1,Bihar Express Highway Corridor Phase III,Highways,Ministry of Road Transport and Highways (MoRTH),National Highways Authority of India (NHAI),Bihar,EPC,Plains,579.86,579.86,301.12,52.14,51.93,2022-08-06,2024-07-06,2024-07-06,2023-07-22,2024-07-12,589.66,0.2,0,1.69,0
PRJ-SYN-0485,SNAP-PRJ-SYN-0485-Q2,Bihar Express Highway Corridor Phase III,Highways,Ministry of Road Transport and Highways (MoRTH),National Highways Authority of India (NHAI),Bihar,EPC,Plains,579.86,579.86,368.79,62.67,63.6,2022-08-06,2024-07-06,2024-07-06,2023-11-04,2024-07-12,589.66,0.2,0,1.69,0
PRJ-SYN-0486,SNAP-PRJ-SYN-0486-Q1,Karnataka Express Highway Corridor Phase II,Highways,Ministry of Road Transport and Highways (MoRTH),National Highways Authority of India (NHAI),Karnataka,BOT,Plains,852.53,852.53,294.12,32.2,34.5,2021-04-24,2025-02-22,2025-04-06,2022-08-27,2025-03-03,909.65,0.3,0,6.7,0
PRJ-SYN-0486,SNAP-PRJ-SYN-0486-Q2,Karnataka Express Highway Corridor Phase II,Highways,Ministry of Road Transport and Highways (MoRTH),National Highways Authority of India (NHAI),Karnataka,BOT,Plains,852.53,852.53,531.47,65.23,62.34,2021-04-24,2025-02-22,2025-02-22,2023-10-21,2025-03-03,909.65,0.3,0,6.7,0
PRJ-SYN-0487,SNAP-PRJ-SYN-0487-Q1,Jharkhand Ring Metro Transit System Pkg 70,Metro Rail,Ministry of Housing and Urban Affairs (MoHUA),Delhi Metro Rail Corp (DMRC),Jharkhand,EPC,Coastal,2056.07,2056.07,395.18,21.14,19.22,2023-05-11,2029-05-10,2029-05-10,2024-07-22,2029-07-28,2070.05,2.6,0,0.68,0
PRJ-SYN-0487,SNAP-PRJ-SYN-0487-Q2,Jharkhand Ring Metro Transit System Pkg 70,Metro Rail,Ministry of Housing and Urban Affairs (MoHUA),Delhi Metro Rail Corp (DMRC),Jharkhand,EPC,Coastal,2056.07,2056.07,2030.78,94.64,98.77,2023-05-11,2029-05-10,2029-05-10,2028-10-03,2029-07-28,2070.05,2.6,0,0.68,0
PRJ-SYN-0488,SNAP-PRJ-SYN-0488-Q1,Assam Express Highway Corridor Phase III,Highways,Ministry of Road Transport and Highways (MoRTH),State PWD (Highways),Assam,BOT,Urban Dense,935.49,935.49,465.31,38.37,49.74,2020-04-12,2023-11-11,2023-11-11,2021-07-14,2023-12-08,1061.69,0.9,0,13.49,1
PRJ-SYN-0488,SNAP-PRJ-SYN-0488-Q2,Assam Express Highway Corridor Phase III,Highways,Ministry of Road Transport and Highways (MoRTH),State PWD (Highways),Assam,BOT,Urban Dense,935.49,935.49,932.12,91.29,99.64,2020-04-12,2023-11-11,2023-11-11,2023-07-03,2023-12-08,1061.69,0.9,0,13.49,1
PRJ-SYN-0489,SNAP-PRJ-SYN-0489-Q1,NH-51 4/6-Laning Bypass & Viaduct,Highways,Ministry of Road Transport and Highways (MoRTH),National Highways Authority of India (NHAI),Uttar Pradesh,EPC,Hilly/Mountainous,689.52,742.48,73.95,5.0,9.96,2019-05-19,2021-03-18,2021-03-18,2020-01-08,2022-10-05,907.13,18.6,1,31.56,1
PRJ-SYN-0489,SNAP-PRJ-SYN-0489-Q2,NH-51 4/6-Laning Bypass & Viaduct,Highways,Ministry of Road Transport and Highways (MoRTH),National Highways Authority of India (NHAI),Uttar Pradesh,EPC,Hilly/Mountainous,689.52,819.29,281.59,31.15,34.37,2019-05-19,2021-03-18,2022-01-01,2020-07-27,2022-10-05,907.13,18.6,1,31.56,1
PRJ-SYN-0490,SNAP-PRJ-SYN-0490-Q1,Odisha Metro Line 98 Underground Section,Metro Rail,Ministry of Housing and Urban Affairs (MoHUA),Delhi Metro Rail Corp (DMRC),Odisha,HAM,Plains,2927.76,2927.76,1209.75,36.91,41.32,2019-06-25,2027-02-23,2027-06-07,2022-03-01,2027-03-31,2981.92,1.2,0,1.85,0
PRJ-SYN-0490,SNAP-PRJ-SYN-0490-Q2,Odisha Metro Line 98 Underground Section,Metro Rail,Ministry of Housing and Urban Affairs (MoHUA),Delhi Metro Rail Corp (DMRC),Odisha,HAM,Plains,2927.76,2927.76,2583.16,88.57,88.23,2019-06-25,2027-02-23,2027-03-27,2026-05-19,2027-03-31,2981.92,1.2,0,1.85,0
PRJ-SYN-0491,SNAP-PRJ-SYN-0491-Q1,Gujarat Rail Doubling & Third Line Section,Railways,Ministry of Railways (MoR),CORE,Gujarat,HAM,Hilly/Mountainous,484.08,484.08,365.38,77.32,75.48,2018-06-21,2021-04-20,2021-04-20,2020-09-25,2021-05-08,497.1,0.6,0,2.69,0
PRJ-SYN-0491,SNAP-PRJ-SYN-0491-Q2,Gujarat Rail Doubling & Third Line Section,Railways,Ministry of Railways (MoR),CORE,Gujarat,HAM,Hilly/Mountainous,484.08,484.08,460.94,89.9,95.22,2018-06-21,2021-04-20,2021-04-20,2021-01-07,2021-05-08,497.1,0.6,0,2.69,0
PRJ-SYN-0492,SNAP-PRJ-SYN-0492-Q1,NH-39 4/6-Laning Bypass & Viaduct,Highways,Ministry of Road Transport and Highways (MoRTH),National Highways Authority of India (NHAI),West Bengal,HAM,Coastal,1987.61,1987.61,502.27,20.05,25.27,2022-11-25,2025-12-25,2025-12-25,2023-07-08,2026-02-23,2032.73,2.0,0,2.27,0
PRJ-SYN-0492,SNAP-PRJ-SYN-0492-Q2,NH-39 4/6-Laning Bypass & Viaduct,Highways,Ministry of Road Transport and Highways (MoRTH),National Highways Authority of India (NHAI),West Bengal,HAM,Coastal,1987.61,1987.61,728.46,36.86,36.65,2022-11-25,2025-12-25,2025-12-25,2023-12-24,2026-02-23,2032.73,2.0,0,2.27,0
PRJ-SYN-0492,SNAP-PRJ-SYN-0492-Q3,NH-39 4/6-Laning Bypass & Viaduct,Highways,Ministry of Road Transport and Highways (MoRTH),National Highways Authority of India (NHAI),West Bengal,HAM,Coastal,1987.61,1987.61,1312.02,68.11,66.01,2022-11-25,2025-12-25,2025-12-25,2024-11-26,2026-02-23,2032.73,2.0,0,2.27,0
PRJ-SYN-0493,SNAP-PRJ-SYN-0493-Q1,Border Road Strategic Connectivity Link 27,Highways,Ministry of Road Transport and Highways (MoRTH),State PWD (Highways),Karnataka,EPC,Hilly/Mountainous,799.5,869.91,236.27,23.74,27.16,2018-08-23,2021-02-21,2021-10-27,2019-11-22,2022-12-28,1003.05,22.2,1,25.46,1
PRJ-SYN-0493,SNAP-PRJ-SYN-0493-Q2,Border Road Strategic Connectivity Link 27,Highways,Ministry of Road Transport and Highways (MoRTH),State PWD (Highways),Karnataka,EPC,Hilly/Mountainous,799.5,799.5,274.95,30.64,34.39,2018-08-23,2021-02-21,2021-02-21,2020-04-07,2022-12-28,1003.05,22.2,1,25.46,1
PRJ-SYN-0493,SNAP-PRJ-SYN-0493-Q3,Border Road Strategic Connectivity Link 27,Highways,Ministry of Road Transport and Highways (MoRTH),State PWD (Highways),Karnataka,EPC,Hilly/Mountainous,799.5,960.95,531.31,52.29,55.29,2018-08-23,2021-02-21,2022-10-02,2020-08-22,2022-12-28,1003.05,22.2,1,25.46,1
PRJ-SYN-0494,SNAP-PRJ-SYN-0494-Q1,NH-51 4/6-Laning Bypass & Viaduct,Highways,Ministry of Road Transport and Highways (MoRTH),National Highways Authority of India (NHAI),Uttarakhand,EPC,Coastal,2429.78,2429.78,545.49,16.16,22.45,2021-05-28,2025-10-27,2025-12-07,2022-04-15,2026-07-03,2692.93,8.2,1,10.83,1
PRJ-SYN-0494,SNAP-PRJ-SYN-0494-Q2,NH-51 4/6-Laning Bypass & Viaduct,Highways,Ministry of Road Transport and Highways (MoRTH),National Highways Authority of India (NHAI),Uttarakhand,EPC,Coastal,2429.78,2493.59,1011.65,28.97,40.57,2021-05-28,2025-10-27,2025-10-27,2022-12-13,2026-07-03,2692.93,8.2,1,10.83,1
PRJ-SYN-0494,SNAP-PRJ-SYN-0494-Q3,NH-51 4/6-Laning Bypass & Viaduct,Highways,Ministry of Road Transport and Highways (MoRTH),National Highways Authority of India (NHAI),Uttarakhand,EPC,Coastal,2429.78,2429.78,1169.94,45.42,48.15,2021-05-28,2025-10-27,2026-01-09,2023-08-12,2026-07-03,2692.93,8.2,1,10.83,1
PRJ-SYN-0494,SNAP-PRJ-SYN-0494-Q4,NH-51 4/6-Laning Bypass & Viaduct,Highways,Ministry of Road Transport and Highways (MoRTH),National Highways Authority of India (NHAI),Uttarakhand,EPC,Coastal,2429.78,2630.4,2000.68,70.06,76.06,2021-05-28,2025-10-27,2025-10-27,2024-12-08,2026-07-03,2692.93,8.2,1,10.83,1
PRJ-SYN-0495,SNAP-PRJ-SYN-0495-Q1,Maharashtra Station Redevelopment & Quadrupling,Railways,Ministry of Railways (MoR),Rail Vikas Nigam Ltd (RVNL),Maharashtra,HAM,Hilly/Mountainous,234.13,234.13,58.58,23.13,25.02,2020-08-01,2025-04-01,2025-04-01,2021-07-07,2025-04-13,246.68,0.4,0,5.36,0
PRJ-SYN-0495,SNAP-PRJ-SYN-0495-Q2,Maharashtra Station Redevelopment & Quadrupling,Railways,Ministry of Railways (MoR),Rail Vikas Nigam Ltd (RVNL),Maharashtra,HAM,Hilly/Mountainous,234.13,234.13,87.49,35.36,37.37,2020-08-01,2025-04-01,2025-04-01,2022-03-20,2025-04-13,246.68,0.4,0,5.36,0
PRJ-SYN-0495,SNAP-PRJ-SYN-0495-Q3,Maharashtra Station Redevelopment & Quadrupling,Railways,Ministry of Railways (MoR),Rail Vikas Nigam Ltd (RVNL),Maharashtra,HAM,Hilly/Mountainous,234.13,234.13,161.76,68.01,69.09,2020-08-01,2025-04-01,2025-05-31,2023-08-13,2025-04-13,246.68,0.4,0,5.36,0
PRJ-SYN-0495,SNAP-PRJ-SYN-0495-Q4,Maharashtra Station Redevelopment & Quadrupling,Railways,Ministry of Railways (MoR),Rail Vikas Nigam Ltd (RVNL),Maharashtra,HAM,Hilly/Mountainous,234.13,234.13,198.1,78.76,84.61,2020-08-01,2025-04-01,2025-05-22,2024-04-25,2025-04-13,246.68,0.4,0,5.36,0
PRJ-SYN-0496,SNAP-PRJ-SYN-0496-Q1,Madhya Pradesh Economic Corridor Pkg 51,Highways,Ministry of Road Transport and Highways (MoRTH),State PWD (Highways),Madhya Pradesh,HAM,Urban Dense,3101.97,3101.97,1424.42,40.54,45.92,2018-11-18,2023-05-19,2023-05-19,2020-06-15,2023-06-27,3224.5,1.3,0,3.95,0
PRJ-SYN-0496,SNAP-PRJ-SYN-0496-Q2,Madhya Pradesh Economic Corridor Pkg 51,Highways,Ministry of Road Transport and Highways (MoRTH),State PWD (Highways),Madhya Pradesh,HAM,Urban Dense,3101.97,3101.97,2288.32,67.97,73.77,2018-11-18,2023-05-19,2023-05-19,2021-10-21,2023-06-27,3224.5,1.3,0,3.95,0
PRJ-SYN-0496,SNAP-PRJ-SYN-0496-Q3,Madhya Pradesh Economic Corridor Pkg 51,Highways,Ministry of Road Transport and Highways (MoRTH),State PWD (Highways),Madhya Pradesh,HAM,Urban Dense,3101.97,3101.97,2207.67,72.83,71.17,2018-11-18,2023-05-19,2023-05-19,2022-06-24,2023-06-27,3224.5,1.3,0,3.95,0
PRJ-SYN-0497,SNAP-PRJ-SYN-0497-Q1,Uttar Pradesh Pumped Storage Hydro Project Phase III,Power & Renewable Energy,Ministry of Power / MNRE,Power Grid Corporation (PGCIL),Uttar Pradesh,HAM,Plains,562.94,575.08,108.81,20.02,18.92,2023-06-04,2027-03-04,2027-03-04,2024-03-03,2027-07-03,575.44,4.0,1,2.22,0
PRJ-SYN-0497,SNAP-PRJ-SYN-0497-Q2,Uttar Pradesh Pumped Storage Hydro Project Phase III,Power & Renewable Energy,Ministry of Power / MNRE,Power Grid Corporation (PGCIL),Uttar Pradesh,HAM,Plains,562.94,562.94,475.01,82.44,84.38,2023-06-04,2027-03-04,2027-05-09,2026-06-03,2027-07-03,575.44,4.0,1,2.22,0
PRJ-SYN-0498,SNAP-PRJ-SYN-0498-Q1,Rajasthan Ultra Mega Solar Power Park 14 MW,Power & Renewable Energy,Ministry of Power / MNRE,NTPC Limited,Rajasthan,EPC,Plains,3648.88,3648.88,841.43,23.7,23.06,2018-08-07,2022-02-05,2022-02-05,2019-04-19,2022-04-19,3686.83,2.4,0,1.04,0
PRJ-SYN-0498,SNAP-PRJ-SYN-0498-Q2,Rajasthan Ultra Mega Solar Power Park 14 MW,Power & Renewable Energy,Ministry of Power / MNRE,NTPC Limited,Rajasthan,EPC,Plains,3648.88,3648.88,3148.62,82.46,86.29,2018-08-07,2022-02-05,2022-02-05,2021-05-25,2022-04-19,3686.83,2.4,0,1.04,0
PRJ-SYN-0499,SNAP-PRJ-SYN-0499-Q1,Border Road Strategic Connectivity Link 77,Highways,Ministry of Road Transport and Highways (MoRTH),State PWD (Highways),Maharashtra,HAM,Plains,589.36,589.36,206.75,31.24,35.08,2023-10-09,2027-01-08,2027-02-04,2024-11-27,2027-04-18,646.17,3.3,1,9.64,0
PRJ-SYN-0499,SNAP-PRJ-SYN-0499-Q2,Border Road Strategic Connectivity Link 77,Highways,Ministry of Road Transport and Highways (MoRTH),State PWD (Highways),Maharashtra,HAM,Plains,589.36,589.36,306.23,46.06,51.96,2023-10-09,2027-01-08,2027-02-18,2025-05-24,2027-04-18,646.17,3.3,1,9.64,0
PRJ-SYN-0500,SNAP-PRJ-SYN-0500-Q1,Gujarat Express Highway Corridor Phase I,Highways,Ministry of Road Transport and Highways (MoRTH),State PWD (Highways),Gujarat,EPC,Plains,1215.98,1215.98,350.69,24.17,28.84,2021-02-15,2024-11-15,2024-11-15,2021-11-15,2025-01-17,1218.66,2.1,0,0.22,0
PRJ-SYN-0500,SNAP-PRJ-SYN-0500-Q2,Gujarat Express Highway Corridor Phase I,Highways,Ministry of Road Transport and Highways (MoRTH),State PWD (Highways),Gujarat,EPC,Plains,1215.98,1215.98,404.92,32.04,33.3,2021-02-15,2024-11-15,2024-12-16,2022-06-09,2025-01-17,1218.66,2.1,0,0.22,0
PRJ-SYN-0500,SNAP-PRJ-SYN-0500-Q3,Gujarat Express Highway Corridor Phase I,Highways,Ministry of Road Transport and Highways (MoRTH),State PWD (Highways),Gujarat,EPC,Plains,1215.98,1215.98,604.46,51.55,49.71,2021-02-15,2024-11-15,2024-11-15,2022-12-31,2025-01-17,1218.66,2.1,0,0.22,0
PRJ-SYN-0500,SNAP-PRJ-SYN-0500-Q4,Gujarat Express Highway Corridor Phase I,Highways,Ministry of Road Transport and Highways (MoRTH),State PWD (Highways),Gujarat,EPC,Plains,1215.98,1215.98,786.25,61.6,64.66,2021-02-15,2024-11-15,2024-11-15,2023-07-25,2025-01-17,1218.66,2.1,0,0.22,0
PRJ-SYN-0501,SNAP-PRJ-SYN-0501-Q1,Maharashtra Express Highway Corridor Phase III,Highways,Ministry of Road Transport and Highways (MoRTH),State PWD (Highways),Maharashtra,EPC,Plains,866.58,866.58,229.64,26.41,26.5,2023-02-27,2025-02-26,2025-02-26,2023-07-23,2025-05-10,871.17,2.4,0,0.53,0
PRJ-SYN-0501,SNAP-PRJ-SYN-0501-Q2,Maharashtra Express Highway Corridor Phase III,Highways,Ministry of Road Transport and Highways (MoRTH),State PWD (Highways),Maharashtra,EPC,Plains,866.58,866.58,314.22,36.0,36.26,2023-02-27,2025-02-26,2025-02-26,2023-11-09,2025-05-10,871.17,2.4,0,0.53,0
PRJ-SYN-0501,SNAP-PRJ-SYN-0501-Q3,Maharashtra Express Highway Corridor Phase III,Highways,Ministry of Road Transport and Highways (MoRTH),State PWD (Highways),Maharashtra,EPC,Plains,866.58,866.58,798.21,94.76,92.11,2023-02-27,2025-02-26,2025-02-26,2024-12-15,2025-05-10,871.17,2.4,0,0.53,0
PRJ-SYN-0502,SNAP-PRJ-SYN-0502-Q1,Maharashtra Ring Metro Transit System Pkg 78,Metro Rail,Ministry of Housing and Urban Affairs (MoHUA),Delhi Metro Rail Corp (DMRC),Maharashtra,HAM,Plains,2669.8,2669.8,967.8,32.82,36.25,2019-04-17,2025-07-16,2025-07-16,2021-06-23,2025-07-28,2712.52,0.4,0,1.6,0
PRJ-SYN-0502,SNAP-PRJ-SYN-0502-Q2,Maharashtra Ring Metro Transit System Pkg 78,Metro Rail,Ministry of Housing and Urban Affairs (MoHUA),Delhi Metro Rail Corp (DMRC),Maharashtra,HAM,Plains,2669.8,2669.8,1365.6,49.56,51.15,2019-04-17,2025-07-16,2025-07-16,2022-06-01,2025-07-28,2712.52,0.4,0,1.6,0
PRJ-SYN-0502,SNAP-PRJ-SYN-0502-Q3,Maharashtra Ring Metro Transit System Pkg 78,Metro Rail,Ministry of Housing and Urban Affairs (MoHUA),Delhi Metro Rail Corp (DMRC),Maharashtra,HAM,Plains,2669.8,2669.8,2028.25,74.92,75.97,2019-04-17,2025-07-16,2025-09-06,2024-04-16,2025-07-28,2712.52,0.4,0,1.6,0
PRJ-SYN-0502,SNAP-PRJ-SYN-0502-Q4,Maharashtra Ring Metro Transit System Pkg 78,Metro Rail,Ministry of Housing and Urban Affairs (MoHUA),Delhi Metro Rail Corp (DMRC),Maharashtra,HAM,Plains,2669.8,2669.8,2549.93,92.39,95.51,2019-04-17,2025-07-16,2025-07-16,2024-11-30,2025-07-28,2712.52,0.4,0,1.6,0
PRJ-SYN-0503,SNAP-PRJ-SYN-0503-Q1,Border Road Strategic Connectivity Link 91,Highways,Ministry of Road Transport and Highways (MoRTH),State PWD (Highways),Odisha,EPC,Plains,1057.81,1057.81,280.0,20.55,26.47,2020-11-15,2024-05-16,2024-05-16,2021-07-28,2024-07-31,1063.42,2.5,0,0.53,0
PRJ-SYN-0503,SNAP-PRJ-SYN-0503-Q2,Border Road Strategic Connectivity Link 91,Highways,Ministry of Road Transport and Highways (MoRTH),State PWD (Highways),Odisha,EPC,Plains,1057.81,1057.81,774.21,72.2,73.19,2020-11-15,2024-05-16,2024-05-16,2023-02-23,2024-07-31,1063.42,2.5,0,0.53,0
PRJ-SYN-0503,SNAP-PRJ-SYN-0503-Q3,Border Road Strategic Connectivity Link 91,Highways,Ministry of Road Transport and Highways (MoRTH),State PWD (Highways),Odisha,EPC,Plains,1057.81,1076.67,826.77,79.11,76.79,2020-11-15,2024-05-16,2024-05-16,2023-09-03,2024-07-31,1063.42,2.5,0,0.53,0
PRJ-SYN-0503,SNAP-PRJ-SYN-0503-Q4,Border Road Strategic Connectivity Link 91,Highways,Ministry of Road Transport and Highways (MoRTH),State PWD (Highways),Odisha,EPC,Plains,1057.81,1057.81,972.97,87.92,91.98,2020-11-15,2024-05-16,2024-05-16,2024-01-09,2024-07-31,1063.42,2.5,0,0.53,0
PRJ-SYN-0504,SNAP-PRJ-SYN-0504-Q1,Border Road Strategic Connectivity Link 94,Highways,Ministry of Road Transport and Highways (MoRTH),National Highways Authority of India (NHAI),West Bengal,EPC,Hilly/Mountainous,793.17,793.17,454.96,53.37,57.36,2022-10-15,2025-02-13,2025-02-13,2023-12-15,2025-02-13,857.5,0.0,0,8.11,0
PRJ-SYN-0504,SNAP-PRJ-SYN-0504-Q2,Border Road Strategic Connectivity Link 94,Highways,Ministry of Road Transport and Highways (MoRTH),National Highways Authority of India (NHAI),West Bengal,EPC,Hilly/Mountainous,793.17,793.17,669.36,82.03,84.39,2022-10-15,2025-02-13,2025-02-13,2024-08-26,2025-02-13,857.5,0.0,0,8.11,0
PRJ-SYN-0504,SNAP-PRJ-SYN-0504-Q3,Border Road Strategic Connectivity Link 94,Highways,Ministry of Road Transport and Highways (MoRTH),National Highways Authority of India (NHAI),West Bengal,EPC,Hilly/Mountainous,793.17,793.17,791.19,93.91,99.75,2022-10-15,2025-02-13,2025-02-13,2024-11-20,2025-02-13,857.5,0.0,0,8.11,0
PRJ-SYN-0505,SNAP-PRJ-SYN-0505-Q1,Border Road Strategic Connectivity Link 51,Highways,Ministry of Road Transport and Highways (MoRTH),NHIDCL,Assam,EPC,Plains,1014.0,1014.0,643.99,65.81,63.51,2019-10-18,2023-05-18,2023-05-18,2022-02-14,2023-05-18,1066.22,0.0,0,5.15,0
PRJ-SYN-0505,SNAP-PRJ-SYN-0505-Q2,Border Road Strategic Connectivity Link 51,Highways,Ministry of Road Transport and Highways (MoRTH),NHIDCL,Assam,EPC,Plains,1014.0,1014.0,817.18,76.92,80.59,2019-10-18,2023-05-18,2023-05-18,2022-08-30,2023-05-18,1066.22,0.0,0,5.15,0
PRJ-SYN-0506,SNAP-PRJ-SYN-0506-Q1,Freight Corridor Feeder Line 67,Railways,Ministry of Railways (MoR),IRCON International,Andhra Pradesh,Turnkey,Plains,310.66,313.91,54.31,17.67,17.3,2018-12-02,2023-01-31,2023-01-31,2019-10-02,2023-04-23,319.64,2.7,0,2.89,0
PRJ-SYN-0506,SNAP-PRJ-SYN-0506-Q2,Freight Corridor Feeder Line 67,Railways,Ministry of Railways (MoR),IRCON International,Andhra Pradesh,Turnkey,Plains,310.66,310.66,114.07,35.49,36.72,2018-12-02,2023-01-31,2023-01-31,2020-05-17,2023-04-23,319.64,2.7,0,2.89,0
PRJ-SYN-0506,SNAP-PRJ-SYN-0506-Q3,Freight Corridor Feeder Line 67,Railways,Ministry of Railways (MoR),IRCON International,Andhra Pradesh,Turnkey,Plains,310.66,310.66,252.66,79.91,81.33,2018-12-02,2023-01-31,2023-03-31,2022-04-02,2023-04-23,319.64,2.7,0,2.89,0
PRJ-SYN-0507,SNAP-PRJ-SYN-0507-Q1,Rajasthan Smart City Water Supply Augmentation,Urban Water & Sanitation,Ministry of Housing and Urban Affairs (MoHUA),Karnataka Urban Infra Dev (KUIDFC),Rajasthan,EPC,Hilly/Mountainous,409.73,409.73,104.24,22.32,25.44,2020-01-25,2021-09-24,2021-09-24,2020-05-25,2021-11-20,443.86,1.9,0,8.33,0
PRJ-SYN-0507,SNAP-PRJ-SYN-0507-Q2,Rajasthan Smart City Water Supply Augmentation,Urban Water & Sanitation,Ministry of Housing and Urban Affairs (MoHUA),Karnataka Urban Infra Dev (KUIDFC),Rajasthan,EPC,Hilly/Mountainous,409.73,409.73,174.63,39.46,42.62,2020-01-25,2021-09-24,2021-09-24,2020-08-25,2021-11-20,443.86,1.9,0,8.33,0
PRJ-SYN-0507,SNAP-PRJ-SYN-0507-Q3,Rajasthan Smart City Water Supply Augmentation,Urban Water & Sanitation,Ministry of Housing and Urban Affairs (MoHUA),Karnataka Urban Infra Dev (KUIDFC),Rajasthan,EPC,Hilly/Mountainous,409.73,423.45,235.1,49.8,55.52,2020-01-25,2021-09-24,2021-09-24,2020-11-24,2021-11-20,443.86,1.9,0,8.33,0
PRJ-SYN-0507,SNAP-PRJ-SYN-0507-Q4,Rajasthan Smart City Water Supply Augmentation,Urban Water & Sanitation,Ministry of Housing and Urban Affairs (MoHUA),Karnataka Urban Infra Dev (KUIDFC),Rajasthan,EPC,Hilly/Mountainous,409.73,409.73,350.11,81.34,85.45,2020-01-25,2021-09-24,2022-01-01,2021-05-26,2021-11-20,443.86,1.9,0,8.33,0
PRJ-SYN-0508,SNAP-PRJ-SYN-0508-Q1,Border Road Strategic Connectivity Link 29,Highways,Ministry of Road Transport and Highways (MoRTH),National Highways Authority of India (NHAI),Rajasthan,Turnkey,Urban Dense,804.86,870.85,89.18,5.0,10.24,2020-06-19,2022-09-18,2023-05-19,2021-04-02,2024-12-08,1102.26,26.7,1,36.95,1
PRJ-SYN-0508,SNAP-PRJ-SYN-0508-Q2,Border Road Strategic Connectivity Link 29,Highways,Ministry of Road Transport and Highways (MoRTH),National Highways Authority of India (NHAI),Rajasthan,Turnkey,Urban Dense,804.86,804.86,90.22,7.65,11.21,2020-06-19,2022-09-18,2023-06-09,2021-08-03,2024-12-08,1102.26,26.7,1,36.95,1
PRJ-SYN-0509,SNAP-PRJ-SYN-0509-Q1,Jammu & Kashmir Metro Line 82 Underground Section,Metro Rail,Ministry of Housing and Urban Affairs (MoHUA),Mumbai Metropolitan Region Development Authority (MMRDA),Jammu & Kashmir,EPC,Plains,845.31,845.31,326.46,34.65,38.62,2023-02-24,2027-07-26,2027-07-26,2024-09-10,2027-09-09,870.42,1.5,0,2.97,0
PRJ-SYN-0509,SNAP-PRJ-SYN-0509-Q2,Jammu & Kashmir Metro Line 82 Underground Section,Metro Rail,Ministry of Housing and Urban Affairs (MoHUA),Mumbai Metropolitan Region Development Authority (MMRDA),Jammu & Kashmir,EPC,Plains,845.31,845.31,498.56,61.53,58.98,2023-02-24,2027-07-26,2027-10-27,2026-01-07,2027-09-09,870.42,1.5,0,2.97,0
PRJ-SYN-0509,SNAP-PRJ-SYN-0509-Q3,Jammu & Kashmir Metro Line 82 Underground Section,Metro Rail,Ministry of Housing and Urban Affairs (MoHUA),Mumbai Metropolitan Region Development Authority (MMRDA),Jammu & Kashmir,EPC,Plains,845.31,867.17,785.22,85.98,90.55,2023-02-24,2027-07-26,2027-07-26,2027-02-14,2027-09-09,870.42,1.5,0,2.97,0
PRJ-SYN-0510,SNAP-PRJ-SYN-0510-Q1,Kerala Express Highway Corridor Phase III,Highways,Ministry of Road Transport and Highways (MoRTH),State PWD (Highways),Kerala,HAM,Plains,403.97,403.97,211.52,50.19,52.36,2022-07-03,2025-11-01,2025-11-01,2024-03-02,2026-01-19,407.0,2.6,0,0.75,0
PRJ-SYN-0510,SNAP-PRJ-SYN-0510-Q2,Kerala Express Highway Corridor Phase III,Highways,Ministry of Road Transport and Highways (MoRTH),State PWD (Highways),Kerala,HAM,Plains,403.97,403.97,361.67,85.73,89.53,2022-07-03,2025-11-01,2025-11-01,2025-07-02,2026-01-19,407.0,2.6,0,0.75,0
PRJ-SYN-0511,SNAP-PRJ-SYN-0511-Q1,Border Road Strategic Connectivity Link 39,Highways,Ministry of Road Transport and Highways (MoRTH),NHIDCL,Madhya Pradesh,BOT,Hilly/Mountainous,741.59,741.59,165.23,23.21,22.28,2023-10-01,2027-06-01,2027-06-01,2024-06-24,2027-06-16,787.79,0.5,0,6.23,0
PRJ-SYN-0511,SNAP-PRJ-SYN-0511-Q2,Border Road Strategic Connectivity Link 39,Highways,Ministry of Road Transport and Highways (MoRTH),NHIDCL,Madhya Pradesh,BOT,Hilly/Mountainous,741.59,750.3,272.36,30.31,36.3,2023-10-01,2027-06-01,2027-06-01,2025-01-11,2027-06-16,787.79,0.5,0,6.23,0
PRJ-SYN-0511,SNAP-PRJ-SYN-0511-Q3,Border Road Strategic Connectivity Link 39,Highways,Ministry of Road Transport and Highways (MoRTH),NHIDCL,Madhya Pradesh,BOT,Hilly/Mountainous,741.59,741.59,511.25,63.2,68.94,2023-10-01,2027-06-01,2027-06-01,2026-02-17,2027-06-16,787.79,0.5,0,6.23,0
PRJ-SYN-0511,SNAP-PRJ-SYN-0511-Q4,Border Road Strategic Connectivity Link 39,Highways,Ministry of Road Transport and Highways (MoRTH),NHIDCL,Madhya Pradesh,BOT,Hilly/Mountainous,741.59,752.01,713.96,89.19,94.94,2023-10-01,2027-06-01,2027-08-14,2027-01-18,2027-06-16,787.79,0.5,0,6.23,0
PRJ-SYN-0512,SNAP-PRJ-SYN-0512-Q1,765kV High Voltage Transmission Substation,Power & Renewable Energy,Ministry of Power / MNRE,NTPC Limited,Karnataka,Turnkey,Plains,1813.72,1897.56,1283.89,61.07,67.66,2023-04-05,2028-04-04,2028-06-30,2026-07-05,2028-08-09,2003.62,4.2,1,10.47,1
PRJ-SYN-0512,SNAP-PRJ-SYN-0512-Q2,765kV High Voltage Transmission Substation,Power & Renewable Energy,Ministry of Power / MNRE,NTPC Limited,Karnataka,Turnkey,Plains,1813.72,1950.16,1832.76,82.43,93.98,2023-04-05,2028-04-04,2028-06-29,2027-10-04,2028-08-09,2003.62,4.2,1,10.47,1
PRJ-SYN-0513,SNAP-PRJ-SYN-0513-Q1,Rajasthan Pumped Storage Hydro Project Phase I,Power & Renewable Energy,Ministry of Power / MNRE,SJVN Limited,Rajasthan,BOT,Plains,1880.53,1880.53,347.33,7.7,18.47,2020-07-05,2025-02-03,2025-04-18,2021-06-04,2026-06-05,2196.46,16.0,1,16.8,1
PRJ-SYN-0513,SNAP-PRJ-SYN-0513-Q2,Rajasthan Pumped Storage Hydro Project Phase I,Power & Renewable Energy,Ministry of Power / MNRE,SJVN Limited,Rajasthan,BOT,Plains,1880.53,1984.68,797.84,35.94,40.2,2020-07-05,2025-02-03,2025-07-09,2022-10-20,2026-06-05,2196.46,16.0,1,16.8,1
PRJ-SYN-0514,SNAP-PRJ-SYN-0514-Q1,Jharkhand Pumped Storage Hydro Project Phase I,Power & Renewable Energy,Ministry of Power / MNRE,SJVN Limited,Jharkhand,HAM,Plains,906.56,906.56,329.9,33.94,36.39,2020-02-13,2024-02-13,2024-02-13,2021-07-08,2024-02-28,921.06,0.5,0,1.6,0
PRJ-SYN-0514,SNAP-PRJ-SYN-0514-Q2,Jharkhand Pumped Storage Hydro Project Phase I,Power & Renewable Energy,Ministry of Power / MNRE,SJVN Limited,Jharkhand,HAM,Plains,906.56,906.56,590.44,62.0,65.13,2020-02-13,2024-02-13,2024-02-13,2022-09-19,2024-02-28,921.06,0.5,0,1.6,0
PRJ-SYN-0514,SNAP-PRJ-SYN-0514-Q3,Jharkhand Pumped Storage Hydro Project Phase I,Power & Renewable Energy,Ministry of Power / MNRE,SJVN Limited,Jharkhand,HAM,Plains,906.56,906.56,695.33,76.33,76.7,2020-02-13,2024-02-13,2024-05-16,2023-04-26,2024-02-28,921.06,0.5,0,1.6,0
PRJ-SYN-0514,SNAP-PRJ-SYN-0514-Q4,Jharkhand Pumped Storage Hydro Project Phase I,Power & Renewable Energy,Ministry of Power / MNRE,SJVN Limited,Jharkhand,HAM,Plains,906.56,906.56,783.09,88.8,86.38,2020-02-13,2024-02-13,2024-02-13,2023-09-19,2024-02-28,921.06,0.5,0,1.6,0
PRJ-SYN-0515,SNAP-PRJ-SYN-0515-Q1,Maharashtra Station Redevelopment & Quadrupling,Railways,Ministry of Railways (MoR),Rail Vikas Nigam Ltd (RVNL),Maharashtra,EPC,Urban Dense,3148.14,3148.14,712.42,16.7,22.63,2019-09-20,2026-08-20,2026-08-20,2021-02-06,2026-08-29,3205.12,0.3,0,1.81,0
PRJ-SYN-0515,SNAP-PRJ-SYN-0515-Q2,Maharashtra Station Redevelopment & Quadrupling,Railways,Ministry of Railways (MoR),Rail Vikas Nigam Ltd (RVNL),Maharashtra,EPC,Urban Dense,3148.14,3203.15,1315.85,36.82,41.08,2019-09-20,2026-08-20,2026-08-20,2022-02-20,2026-08-29,3205.12,0.3,0,1.81,0
PRJ-SYN-0515,SNAP-PRJ-SYN-0515-Q3,Maharashtra Station Redevelopment & Quadrupling,Railways,Ministry of Railways (MoR),Rail Vikas Nigam Ltd (RVNL),Maharashtra,EPC,Urban Dense,3148.14,3148.14,2575.18,81.42,81.8,2019-09-20,2026-08-20,2026-08-20,2025-04-02,2026-08-29,3205.12,0.3,0,1.81,0
PRJ-SYN-0515,SNAP-PRJ-SYN-0515-Q4,Maharashtra Station Redevelopment & Quadrupling,Railways,Ministry of Railways (MoR),Rail Vikas Nigam Ltd (RVNL),Maharashtra,EPC,Urban Dense,3148.14,3148.14,2981.29,88.79,94.7,2019-09-20,2026-08-20,2026-08-20,2025-12-10,2026-08-29,3205.12,0.3,0,1.81,0
PRJ-SYN-0516,SNAP-PRJ-SYN-0516-Q1,765kV High Voltage Transmission Substation,Power & Renewable Energy,Ministry of Power / MNRE,Solar Energy Corporation of India (SECI),Tamil Nadu,EPC,Coastal,2693.87,2693.87,1434.22,50.41,53.24,2018-02-22,2023-10-23,2024-01-06,2020-12-22,2023-11-01,2793.27,0.3,0,3.69,0
PRJ-SYN-0516,SNAP-PRJ-SYN-0516-Q2,765kV High Voltage Transmission Substation,Power & Renewable Energy,Ministry of Power / MNRE,Solar Energy Corporation of India (SECI),Tamil Nadu,EPC,Coastal,2693.87,2693.87,1619.82,61.4,60.13,2018-02-22,2023-10-23,2023-12-16,2021-10-29,2023-11-01,2793.27,0.3,0,3.69,0
PRJ-SYN-0516,SNAP-PRJ-SYN-0516-Q3,765kV High Voltage Transmission Substation,Power & Renewable Energy,Ministry of Power / MNRE,Solar Energy Corporation of India (SECI),Tamil Nadu,EPC,Coastal,2693.87,2693.87,2146.48,81.34,79.68,2018-02-22,2023-10-23,2023-10-23,2022-09-04,2023-11-01,2793.27,0.3,0,3.69,0
PRJ-SYN-0517,SNAP-PRJ-SYN-0517-Q1,Gujarat Metro Corridor Elevated Extension Phase III,Metro Rail,Ministry of Housing and Urban Affairs (MoHUA),Bangalore Metro Rail Corp (BMRCL),Gujarat,EPC,Plains,6818.48,6818.48,2518.06,34.14,36.93,2018-05-06,2027-03-06,2027-06-07,2021-06-08,2028-06-07,7068.72,15.1,1,3.67,0
PRJ-SYN-0517,SNAP-PRJ-SYN-0517-Q2,Gujarat Metro Corridor Elevated Extension Phase III,Metro Rail,Ministry of Housing and Urban Affairs (MoHUA),Bangalore Metro Rail Corp (BMRCL),Gujarat,EPC,Plains,6818.48,6818.48,4209.73,62.14,61.74,2018-05-06,2027-03-06,2027-11-11,2024-02-01,2028-06-07,7068.72,15.1,1,3.67,0
PRJ-SYN-0517,SNAP-PRJ-SYN-0517-Q3,Gujarat Metro Corridor Elevated Extension Phase III,Metro Rail,Ministry of Housing and Urban Affairs (MoHUA),Bangalore Metro Rail Corp (BMRCL),Gujarat,EPC,Plains,6818.48,6818.48,5619.79,77.49,82.42,2018-05-06,2027-03-06,2027-12-03,2025-05-30,2028-06-07,7068.72,15.1,1,3.67,0
PRJ-SYN-0518,SNAP-PRJ-SYN-0518-Q1,Kerala Metro Line 35 Underground Section,Metro Rail,Ministry of Housing and Urban Affairs (MoHUA),Chennai Metro Rail Ltd (CMRL),Kerala,EPC,Urban Dense,14973.38,15196.04,3394.8,18.04,22.34,2019-12-28,2027-06-28,2027-06-28,2021-06-27,2027-08-09,15832.85,1.4,0,5.74,0
PRJ-SYN-0518,SNAP-PRJ-SYN-0518-Q2,Kerala Metro Line 35 Underground Section,Metro Rail,Ministry of Housing and Urban Affairs (MoHUA),Chennai Metro Rail Ltd (CMRL),Kerala,EPC,Urban Dense,14973.38,14973.38,13636.26,89.2,91.07,2019-12-28,2027-06-28,2027-09-27,2026-09-27,2027-08-09,15832.85,1.4,0,5.74,0
PRJ-SYN-0519,SNAP-PRJ-SYN-0519-Q1,Liquid Cargo Jetty & Breakwater Expansion,Ports & Shipping,"Ministry of Ports, Shipping and Waterways (MoPSW)",Deendayal Port Authority,Odisha,Item Rate,Plains,924.33,924.33,487.68,47.83,52.76,2020-12-26,2022-11-26,2022-11-26,2021-12-11,2023-01-31,1007.52,2.2,0,9.0,0
PRJ-SYN-0519,SNAP-PRJ-SYN-0519-Q2,Liquid Cargo Jetty & Breakwater Expansion,Ports & Shipping,"Ministry of Ports, Shipping and Waterways (MoPSW)",Deendayal Port Authority,Odisha,Item Rate,Plains,924.33,924.33,554.6,62.72,60.0,2020-12-26,2022-11-26,2022-11-26,2022-03-26,2023-01-31,1007.52,2.2,0,9.0,0
PRJ-SYN-0520,SNAP-PRJ-SYN-0520-Q1,West Bengal Rail Doubling & Third Line Section,Railways,Ministry of Railways (MoR),CORE,West Bengal,EPC,Plains,1562.66,1562.66,774.77,47.15,49.58,2019-04-18,2025-06-17,2025-06-17,2022-05-18,2025-09-16,1623.45,3.0,1,3.89,0
PRJ-SYN-0520,SNAP-PRJ-SYN-0520-Q2,West Bengal Rail Doubling & Third Line Section,Railways,Ministry of Railways (MoR),CORE,West Bengal,EPC,Plains,1562.66,1562.66,933.38,62.42,59.73,2019-04-18,2025-06-17,2025-08-16,2023-04-21,2025-09-16,1623.45,3.0,1,3.89,0
PRJ-SYN-0520,SNAP-PRJ-SYN-0520-Q3,West Bengal Rail Doubling & Third Line Section,Railways,Ministry of Railways (MoR),CORE,West Bengal,EPC,Plains,1562.66,1586.75,1314.46,80.0,82.84,2019-04-18,2025-06-17,2025-08-23,2024-03-23,2025-09-16,1623.45,3.0,1,3.89,0
PRJ-SYN-0520,SNAP-PRJ-SYN-0520-Q4,West Bengal Rail Doubling & Third Line Section,Railways,Ministry of Railways (MoR),CORE,West Bengal,EPC,Plains,1562.66,1562.66,1497.03,90.33,95.8,2019-04-18,2025-06-17,2025-08-17,2024-11-04,2025-09-16,1623.45,3.0,1,3.89,0
PRJ-SYN-0521,SNAP-PRJ-SYN-0521-Q1,NH-58 4/6-Laning Bypass & Viaduct,Highways,Ministry of Road Transport and Highways (MoRTH),State PWD (Highways),Kerala,HAM,Urban Dense,1317.27,1336.82,366.42,17.3,27.41,2023-09-02,2027-04-02,2027-04-19,2024-05-20,2027-07-29,1503.66,3.9,1,14.15,1
PRJ-SYN-0521,SNAP-PRJ-SYN-0521-Q2,NH-58 4/6-Laning Bypass & Viaduct,Highways,Ministry of Road Transport and Highways (MoRTH),State PWD (Highways),Kerala,HAM,Urban Dense,1317.27,1359.17,434.8,28.33,31.99,2023-09-02,2027-04-02,2027-04-02,2024-12-03,2027-07-29,1503.66,3.9,1,14.15,1
PRJ-SYN-0521,SNAP-PRJ-SYN-0521-Q3,NH-58 4/6-Laning Bypass & Viaduct,Highways,Ministry of Road Transport and Highways (MoRTH),State PWD (Highways),Kerala,HAM,Urban Dense,1317.27,1374.77,646.69,41.09,47.04,2023-09-02,2027-04-02,2027-05-13,2025-06-17,2027-07-29,1503.66,3.9,1,14.15,1
PRJ-SYN-0522,SNAP-PRJ-SYN-0522-Q1,Odisha Economic Corridor Pkg 69,Highways,Ministry of Road Transport and Highways (MoRTH),National Highways Authority of India (NHAI),Odisha,EPC,Hilly/Mountainous,492.77,492.77,91.26,14.0,18.52,2018-02-13,2021-05-15,2021-05-15,2018-10-08,2021-07-30,523.77,2.5,0,6.29,0
PRJ-SYN-0522,SNAP-PRJ-SYN-0522-Q2,Odisha Economic Corridor Pkg 69,Highways,Ministry of Road Transport and Highways (MoRTH),National Highways Authority of India (NHAI),Odisha,EPC,Hilly/Mountainous,492.77,499.56,228.85,47.88,45.81,2018-02-13,2021-05-15,2021-05-15,2019-09-29,2021-07-30,523.77,2.5,0,6.29,0
PRJ-SYN-0522,SNAP-PRJ-SYN-0522-Q3,Odisha Economic Corridor Pkg 69,Highways,Ministry of Road Transport and Highways (MoRTH),National Highways Authority of India (NHAI),Odisha,EPC,Hilly/Mountainous,492.77,492.77,336.76,64.56,68.34,2018-02-13,2021-05-15,2021-05-15,2020-03-25,2021-07-30,523.77,2.5,0,6.29,0
PRJ-SYN-0522,SNAP-PRJ-SYN-0522-Q4,Odisha Economic Corridor Pkg 69,Highways,Ministry of Road Transport and Highways (MoRTH),National Highways Authority of India (NHAI),Odisha,EPC,Hilly/Mountainous,492.77,492.77,455.76,88.78,92.49,2018-02-13,2021-05-15,2021-05-15,2021-01-16,2021-07-30,523.77,2.5,0,6.29,0
PRJ-SYN-0523,SNAP-PRJ-SYN-0523-Q1,Tamil Nadu Ring Metro Transit System Pkg 39,Metro Rail,Ministry of Housing and Urban Affairs (MoHUA),Mumbai Metropolitan Region Development Authority (MMRDA),Tamil Nadu,EPC,Hilly/Mountainous,4523.06,4523.06,684.79,5.0,15.14,2022-12-04,2029-08-04,2029-08-04,2024-04-04,2032-07-19,5520.85,35.5,1,22.06,1
PRJ-SYN-0523,SNAP-PRJ-SYN-0523-Q2,Tamil Nadu Ring Metro Transit System Pkg 39,Metro Rail,Ministry of Housing and Urban Affairs (MoHUA),Mumbai Metropolitan Region Development Authority (MMRDA),Tamil Nadu,EPC,Hilly/Mountainous,4523.06,4523.06,2531.56,52.46,55.97,2022-12-04,2029-08-04,2029-08-04,2027-04-04,2032-07-19,5520.85,35.5,1,22.06,1
PRJ-SYN-0523,SNAP-PRJ-SYN-0523-Q3,Tamil Nadu Ring Metro Transit System Pkg 39,Metro Rail,Ministry of Housing and Urban Affairs (MoHUA),Mumbai Metropolitan Region Development Authority (MMRDA),Tamil Nadu,EPC,Hilly/Mountainous,4523.06,5244.84,3499.88,62.14,66.73,2022-12-04,2029-08-04,2032-01-20,2028-04-04,2032-07-19,5520.85,35.5,1,22.06,1
PRJ-SYN-0524,SNAP-PRJ-SYN-0524-Q1,NH-81 4/6-Laning Bypass & Viaduct,Highways,Ministry of Road Transport and Highways (MoRTH),National Highways Authority of India (NHAI),Assam,EPC,Plains,324.72,334.14,44.71,10.25,13.38,2018-01-08,2021-03-09,2021-03-09,2019-02-16,2022-11-29,365.76,20.7,1,12.64,1
PRJ-SYN-0524,SNAP-PRJ-SYN-0524-Q2,NH-81 4/6-Laning Bypass & Viaduct,Highways,Ministry of Road Transport and Highways (MoRTH),National Highways Authority of India (NHAI),Assam,EPC,Plains,324.72,324.72,101.77,28.49,31.34,2018-01-08,2021-03-09,2021-03-09,2019-08-09,2022-11-29,365.76,20.7,1,12.64,1
PRJ-SYN-0524,SNAP-PRJ-SYN-0524-Q3,NH-81 4/6-Laning Bypass & Viaduct,Highways,Ministry of Road Transport and Highways (MoRTH),National Highways Authority of India (NHAI),Assam,EPC,Plains,324.72,324.72,162.91,41.19,50.17,2018-01-08,2021-03-09,2021-03-09,2020-01-29,2022-11-29,365.76,20.7,1,12.64,1
PRJ-SYN-0524,SNAP-PRJ-SYN-0524-Q4,NH-81 4/6-Laning Bypass & Viaduct,Highways,Ministry of Road Transport and Highways (MoRTH),National Highways Authority of India (NHAI),Assam,EPC,Plains,324.72,354.15,262.28,69.0,74.06,2018-01-08,2021-03-09,2022-04-21,2020-11-13,2022-11-29,365.76,20.7,1,12.64,1
PRJ-SYN-0525,SNAP-PRJ-SYN-0525-Q1,NH-54 4/6-Laning Bypass & Viaduct,Highways,Ministry of Road Transport and Highways (MoRTH),State PWD (Highways),Andhra Pradesh,EPC,Hilly/Mountainous,2726.44,2726.44,1015.87,38.58,37.26,2020-06-21,2024-09-20,2024-09-20,2021-12-16,2024-12-02,2865.22,2.4,0,5.09,0
PRJ-SYN-0525,SNAP-PRJ-SYN-0525-Q2,NH-54 4/6-Laning Bypass & Viaduct,Highways,Ministry of Road Transport and Highways (MoRTH),State PWD (Highways),Andhra Pradesh,EPC,Hilly/Mountainous,2726.44,2726.44,1342.23,50.65,49.23,2020-06-21,2024-09-20,2024-10-30,2022-08-06,2024-12-02,2865.22,2.4,0,5.09,0
PRJ-SYN-0525,SNAP-PRJ-SYN-0525-Q3,NH-54 4/6-Laning Bypass & Viaduct,Highways,Ministry of Road Transport and Highways (MoRTH),State PWD (Highways),Andhra Pradesh,EPC,Hilly/Mountainous,2726.44,2825.32,2189.62,78.94,77.5,2020-06-21,2024-09-20,2024-09-20,2023-11-14,2024-12-02,2865.22,2.4,0,5.09,0
PRJ-SYN-0526,SNAP-PRJ-SYN-0526-Q1,Uttarakhand Economic Corridor Pkg 13,Highways,Ministry of Road Transport and Highways (MoRTH),National Highways Authority of India (NHAI),Uttarakhand,EPC,Plains,1240.2,1240.2,291.07,20.82,23.47,2020-04-05,2023-10-05,2023-10-05,2020-12-16,2023-10-05,1263.76,0.0,0,1.9,0
PRJ-SYN-0526,SNAP-PRJ-SYN-0526-Q2,Uttarakhand Economic Corridor Pkg 13,Highways,Ministry of Road Transport and Highways (MoRTH),National Highways Authority of India (NHAI),Uttarakhand,EPC,Plains,1240.2,1240.2,495.21,39.7,39.93,2020-04-05,2023-10-05,2023-10-05,2021-06-26,2023-10-05,1263.76,0.0,0,1.9,0
PRJ-SYN-0526,SNAP-PRJ-SYN-0526-Q3,Uttarakhand Economic Corridor Pkg 13,Highways,Ministry of Road Transport and Highways (MoRTH),National Highways Authority of India (NHAI),Uttarakhand,EPC,Plains,1240.2,1240.2,804.77,63.68,64.89,2020-04-05,2023-10-05,2024-01-13,2022-07-14,2023-10-05,1263.76,0.0,0,1.9,0
PRJ-SYN-0527,SNAP-PRJ-SYN-0527-Q1,Andhra Pradesh Pumped Storage Hydro Project Phase II,Power & Renewable Energy,Ministry of Power / MNRE,SJVN Limited,Andhra Pradesh,HAM,Urban Dense,508.67,556.08,124.67,15.87,22.42,2022-03-14,2025-02-11,2026-01-31,2023-08-28,2027-04-01,661.78,25.6,1,30.1,1
PRJ-SYN-0527,SNAP-PRJ-SYN-0527-Q2,Andhra Pradesh Pumped Storage Hydro Project Phase II,Power & Renewable Energy,Ministry of Power / MNRE,SJVN Limited,Andhra Pradesh,HAM,Urban Dense,508.67,508.67,238.87,35.44,46.96,2022-03-14,2025-02-11,2026-05-15,2024-02-04,2027-04-01,661.78,25.6,1,30.1,1
PRJ-SYN-0527,SNAP-PRJ-SYN-0527-Q3,Andhra Pradesh Pumped Storage Hydro Project Phase II,Power & Renewable Energy,Ministry of Power / MNRE,SJVN Limited,Andhra Pradesh,HAM,Urban Dense,508.67,589.69,346.27,52.37,58.72,2022-03-14,2025-02-11,2026-03-21,2024-07-13,2027-04-01,661.78,25.6,1,30.1,1
PRJ-SYN-0528,SNAP-PRJ-SYN-0528-Q1,Himachal Pradesh Ultra Mega Solar Power Park 84 MW,Power & Renewable Energy,Ministry of Power / MNRE,Power Grid Corporation (PGCIL),Himachal Pradesh,EPC,Plains,11245.19,11714.0,5409.53,49.16,46.18,2023-04-28,2029-10-27,2029-10-27,2026-07-28,2029-11-11,11447.6,0.5,0,1.8,0
PRJ-SYN-0528,SNAP-PRJ-SYN-0528-Q2,Himachal Pradesh Ultra Mega Solar Power Park 84 MW,Power & Renewable Energy,Ministry of Power / MNRE,Power Grid Corporation (PGCIL),Himachal Pradesh,EPC,Plains,11245.19,11245.19,9047.88,79.62,80.46,2023-04-28,2029-10-27,2030-01-07,2028-07-09,2029-11-11,11447.6,0.5,0,1.8,0
PRJ-SYN-0529,SNAP-PRJ-SYN-0529-Q1,Border Road Strategic Connectivity Link 93,Highways,Ministry of Road Transport and Highways (MoRTH),National Highways Authority of India (NHAI),Rajasthan,BOT,Plains,415.74,415.74,74.13,14.92,17.83,2019-06-03,2022-06-02,2022-06-02,2020-01-08,2022-06-26,425.63,0.8,0,2.38,0
PRJ-SYN-0529,SNAP-PRJ-SYN-0529-Q2,Border Road Strategic Connectivity Link 93,Highways,Ministry of Road Transport and Highways (MoRTH),National Highways Authority of India (NHAI),Rajasthan,BOT,Plains,415.74,415.74,131.5,32.9,31.63,2019-06-03,2022-06-02,2022-06-02,2020-06-20,2022-06-26,425.63,0.8,0,2.38,0
PRJ-SYN-0529,SNAP-PRJ-SYN-0529-Q3,Border Road Strategic Connectivity Link 93,Highways,Ministry of Road Transport and Highways (MoRTH),National Highways Authority of India (NHAI),Rajasthan,BOT,Plains,415.74,415.74,245.7,60.75,59.1,2019-06-03,2022-06-02,2022-06-02,2021-05-15,2022-06-26,425.63,0.8,0,2.38,0
PRJ-SYN-0529,SNAP-PRJ-SYN-0529-Q4,Border Road Strategic Connectivity Link 93,Highways,Ministry of Road Transport and Highways (MoRTH),National Highways Authority of India (NHAI),Rajasthan,BOT,Plains,415.74,415.74,383.56,86.77,92.26,2019-06-03,2022-06-02,2022-08-10,2021-10-26,2022-06-26,425.63,0.8,0,2.38,0
PRJ-SYN-0530,SNAP-PRJ-SYN-0530-Q1,Tamil Nadu Express Highway Corridor Phase III,Highways,Ministry of Road Transport and Highways (MoRTH),National Highways Authority of India (NHAI),Tamil Nadu,Item Rate,Hilly/Mountainous,334.48,334.48,75.36,20.85,22.53,2020-08-24,2023-03-25,2023-03-25,2021-02-28,2023-04-03,356.92,0.3,0,6.71,0
PRJ-SYN-0530,SNAP-PRJ-SYN-0530-Q2,Tamil Nadu Express Highway Corridor Phase III,Highways,Ministry of Road Transport and Highways (MoRTH),National Highways Authority of India (NHAI),Tamil Nadu,Item Rate,Hilly/Mountainous,334.48,334.48,129.44,34.69,38.7,2020-08-24,2023-03-25,2023-06-07,2021-07-20,2023-04-03,356.92,0.3,0,6.71,0
PRJ-SYN-0530,SNAP-PRJ-SYN-0530-Q3,Tamil Nadu Express Highway Corridor Phase III,Highways,Ministry of Road Transport and Highways (MoRTH),National Highways Authority of India (NHAI),Tamil Nadu,Item Rate,Hilly/Mountainous,334.48,334.48,196.24,53.73,58.67,2020-08-24,2023-03-25,2023-07-06,2021-12-08,2023-04-03,356.92,0.3,0,6.71,0
PRJ-SYN-0530,SNAP-PRJ-SYN-0530-Q4,Tamil Nadu Express Highway Corridor Phase III,Highways,Ministry of Road Transport and Highways (MoRTH),National Highways Authority of India (NHAI),Tamil Nadu,Item Rate,Hilly/Mountainous,334.48,334.48,313.78,92.89,93.81,2020-08-24,2023-03-25,2023-03-25,2022-12-21,2023-04-03,356.92,0.3,0,6.71,0
PRJ-SYN-0531,SNAP-PRJ-SYN-0531-Q1,High-Speed Rail Corridor Link 13,Railways,Ministry of Railways (MoR),Dedicated Freight Corridor Corp (DFCCIL),Uttar Pradesh,HAM,Urban Dense,904.92,904.92,78.46,5.0,8.67,2022-10-20,2027-02-18,2028-08-12,2024-04-25,2034-07-26,1323.26,89.2,1,46.23,1
PRJ-SYN-0531,SNAP-PRJ-SYN-0531-Q2,High-Speed Rail Corridor Link 13,Railways,Ministry of Railways (MoR),Dedicated Freight Corridor Corp (DFCCIL),Uttar Pradesh,HAM,Urban Dense,904.92,904.92,223.33,17.74,24.68,2022-10-20,2027-02-18,2027-02-18,2026-04-08,2034-07-26,1323.26,89.2,1,46.23,1
PRJ-SYN-0532,SNAP-PRJ-SYN-0532-Q1,Uttarakhand Express Highway Corridor Phase III,Highways,Ministry of Road Transport and Highways (MoRTH),National Highways Authority of India (NHAI),Uttarakhand,EPC,Plains,3325.17,3325.17,1268.22,32.43,38.14,2021-03-17,2025-09-15,2025-10-22,2022-10-13,2026-01-14,3636.07,4.0,1,9.35,0
PRJ-SYN-0532,SNAP-PRJ-SYN-0532-Q2,Uttarakhand Express Highway Corridor Phase III,Highways,Ministry of Road Transport and Highways (MoRTH),National Highways Authority of India (NHAI),Uttarakhand,EPC,Plains,3325.17,3325.17,1710.47,49.94,51.44,2021-03-17,2025-09-15,2025-10-20,2023-06-16,2026-01-14,3636.07,4.0,1,9.35,0
PRJ-SYN-0532,SNAP-PRJ-SYN-0532-Q3,Uttarakhand Express Highway Corridor Phase III,Highways,Ministry of Road Transport and Highways (MoRTH),National Highways Authority of India (NHAI),Uttarakhand,EPC,Plains,3325.17,3325.17,2135.76,65.31,64.23,2021-03-17,2025-09-15,2025-09-15,2024-02-18,2026-01-14,3636.07,4.0,1,9.35,0
PRJ-SYN-0532,SNAP-PRJ-SYN-0532-Q4,Uttarakhand Express Highway Corridor Phase III,Highways,Ministry of Road Transport and Highways (MoRTH),National Highways Authority of India (NHAI),Uttarakhand,EPC,Plains,3325.17,3325.17,2924.49,87.09,87.95,2021-03-17,2025-09-15,2025-12-21,2025-04-04,2026-01-14,3636.07,4.0,1,9.35,0
PRJ-SYN-0533,SNAP-PRJ-SYN-0533-Q1,Assam Metro Corridor Elevated Extension Phase II,Metro Rail,Ministry of Housing and Urban Affairs (MoHUA),Chennai Metro Rail Ltd (CMRL),Assam,EPC,Urban Dense,463.4,482.04,241.31,47.0,50.06,2019-01-14,2022-12-14,2022-12-14,2020-12-29,2023-02-06,492.08,1.8,0,6.19,0
PRJ-SYN-0533,SNAP-PRJ-SYN-0533-Q2,Assam Metro Corridor Elevated Extension Phase II,Metro Rail,Ministry of Housing and Urban Affairs (MoHUA),Chennai Metro Rail Ltd (CMRL),Assam,EPC,Urban Dense,463.4,463.4,286.52,62.04,61.83,2019-01-14,2022-12-14,2022-12-14,2021-07-31,2023-02-06,492.08,1.8,0,6.19,0
PRJ-SYN-0534,SNAP-PRJ-SYN-0534-Q1,Liquid Cargo Jetty & Breakwater Expansion,Ports & Shipping,"Ministry of Ports, Shipping and Waterways (MoPSW)",Deendayal Port Authority,Maharashtra,EPC,Urban Dense,297.5,300.8,75.41,19.09,25.07,2019-08-28,2021-05-28,2021-05-28,2020-01-02,2021-08-12,321.12,2.5,0,7.94,0
PRJ-SYN-0534,SNAP-PRJ-SYN-0534-Q2,Liquid Cargo Jetty & Breakwater Expansion,Ports & Shipping,"Ministry of Ports, Shipping and Waterways (MoPSW)",Deendayal Port Authority,Maharashtra,EPC,Urban Dense,297.5,303.3,154.9,52.27,51.07,2019-08-28,2021-05-28,2021-05-28,2020-07-12,2021-08-12,321.12,2.5,0,7.94,0
PRJ-SYN-0534,SNAP-PRJ-SYN-0534-Q3,Liquid Cargo Jetty & Breakwater Expansion,Ports & Shipping,"Ministry of Ports, Shipping and Waterways (MoPSW)",Deendayal Port Authority,Maharashtra,EPC,Urban Dense,297.5,297.5,197.63,67.29,66.43,2019-08-28,2021-05-28,2021-05-28,2020-10-16,2021-08-12,321.12,2.5,0,7.94,0
PRJ-SYN-0534,SNAP-PRJ-SYN-0534-Q4,Liquid Cargo Jetty & Breakwater Expansion,Ports & Shipping,"Ministry of Ports, Shipping and Waterways (MoPSW)",Deendayal Port Authority,Maharashtra,EPC,Urban Dense,297.5,297.5,293.31,94.25,98.59,2019-08-28,2021-05-28,2021-05-28,2021-03-25,2021-08-12,321.12,2.5,0,7.94,0
PRJ-SYN-0535,SNAP-PRJ-SYN-0535-Q1,Maharashtra Metro Corridor Elevated Extension Phase I,Metro Rail,Ministry of Housing and Urban Affairs (MoHUA),Chennai Metro Rail Ltd (CMRL),Maharashtra,EPC,Plains,1620.17,1620.17,396.78,19.32,24.49,2023-06-13,2029-04-12,2029-06-16,2024-08-12,2029-06-14,1623.41,2.1,0,0.2,0
PRJ-SYN-0535,SNAP-PRJ-SYN-0535-Q2,Maharashtra Metro Corridor Elevated Extension Phase I,Metro Rail,Ministry of Housing and Urban Affairs (MoHUA),Chennai Metro Rail Ltd (CMRL),Maharashtra,EPC,Plains,1620.17,1620.17,795.02,51.85,49.07,2023-06-13,2029-04-12,2029-04-12,2026-05-13,2029-06-14,1623.41,2.1,0,0.2,0
PRJ-SYN-0535,SNAP-PRJ-SYN-0535-Q3,Maharashtra Metro Corridor Elevated Extension Phase I,Metro Rail,Ministry of Housing and Urban Affairs (MoHUA),Chennai Metro Rail Ltd (CMRL),Maharashtra,EPC,Plains,1620.17,1620.17,1377.31,81.77,85.01,2023-06-13,2029-04-12,2029-04-12,2028-02-11,2029-06-14,1623.41,2.1,0,0.2,0
PRJ-SYN-0535,SNAP-PRJ-SYN-0535-Q4,Maharashtra Metro Corridor Elevated Extension Phase I,Metro Rail,Ministry of Housing and Urban Affairs (MoHUA),Chennai Metro Rail Ltd (CMRL),Maharashtra,EPC,Plains,1620.17,1620.17,1408.25,89.53,86.92,2023-06-13,2029-04-12,2029-07-23,2028-09-11,2029-06-14,1623.41,2.1,0,0.2,0
PRJ-SYN-0536,SNAP-PRJ-SYN-0536-Q1,Border Road Strategic Connectivity Link 15,Highways,Ministry of Road Transport and Highways (MoRTH),National Highways Authority of India (NHAI),Maharashtra,HAM,Coastal,1138.63,1138.63,283.18,23.01,24.87,2022-09-13,2025-04-13,2025-04-13,2023-03-20,2025-04-13,1169.26,0.0,0,2.69,0
PRJ-SYN-0536,SNAP-PRJ-SYN-0536-Q2,Border Road Strategic Connectivity Link 15,Highways,Ministry of Road Transport and Highways (MoRTH),National Highways Authority of India (NHAI),Maharashtra,HAM,Coastal,1138.63,1138.63,608.48,51.2,53.44,2022-09-13,2025-04-13,2025-04-13,2023-12-28,2025-04-13,1169.26,0.0,0,2.69,0
PRJ-SYN-0536,SNAP-PRJ-SYN-0536-Q3,Border Road Strategic Connectivity Link 15,Highways,Ministry of Road Transport and Highways (MoRTH),National Highways Authority of India (NHAI),Maharashtra,HAM,Coastal,1138.63,1159.16,737.81,66.62,63.65,2022-09-13,2025-04-13,2025-04-13,2024-05-18,2025-04-13,1169.26,0.0,0,2.69,0
PRJ-SYN-0536,SNAP-PRJ-SYN-0536-Q4,Border Road Strategic Connectivity Link 15,Highways,Ministry of Road Transport and Highways (MoRTH),National Highways Authority of India (NHAI),Maharashtra,HAM,Coastal,1138.63,1138.63,968.97,85.81,85.1,2022-09-13,2025-04-13,2025-04-13,2024-10-06,2025-04-13,1169.26,0.0,0,2.69,0
PRJ-SYN-0537,SNAP-PRJ-SYN-0537-Q1,High-Speed Rail Corridor Link 66,Railways,Ministry of Railways (MoR),Dedicated Freight Corridor Corp (DFCCIL),Maharashtra,EPC,Hilly/Mountainous,135.47,144.39,84.76,48.3,58.7,2020-05-15,2024-05-15,2024-06-28,2022-05-15,2024-09-01,160.06,3.6,1,18.15,1
PRJ-SYN-0537,SNAP-PRJ-SYN-0537-Q2,High-Speed Rail Corridor Link 66,Railways,Ministry of Railways (MoR),Dedicated Freight Corridor Corp (DFCCIL),Maharashtra,EPC,Hilly/Mountainous,135.47,149.88,111.23,62.4,74.21,2020-05-15,2024-05-15,2024-07-29,2022-12-20,2024-09-01,160.06,3.6,1,18.15,1
PRJ-SYN-0538,SNAP-PRJ-SYN-0538-Q1,High-Speed Rail Corridor Link 92,Railways,Ministry of Railways (MoR),Dedicated Freight Corridor Corp (DFCCIL),Maharashtra,HAM,Plains,4698.75,4944.55,2033.69,33.03,41.13,2018-12-17,2025-06-17,2025-06-17,2021-03-26,2026-05-17,5701.46,11.0,1,21.34,1
PRJ-SYN-0538,SNAP-PRJ-SYN-0538-Q2,High-Speed Rail Corridor Link 92,Railways,Ministry of Railways (MoR),Dedicated Freight Corridor Corp (DFCCIL),Maharashtra,HAM,Plains,4698.75,4698.75,3542.39,69.35,75.39,2018-12-17,2025-06-17,2026-02-08,2024-02-28,2026-05-17,5701.46,11.0,1,21.34,1
PRJ-SYN-0539,SNAP-PRJ-SYN-0539-Q1,Underground Sewerage System & 100 MLD STP,Urban Water & Sanitation,Ministry of Housing and Urban Affairs (MoHUA),Delhi Jal Board,Rajasthan,Item Rate,Hilly/Mountainous,275.59,275.59,65.73,20.6,23.85,2018-03-15,2020-05-14,2020-05-14,2018-08-20,2020-05-26,290.55,0.4,0,5.43,0
PRJ-SYN-0539,SNAP-PRJ-SYN-0539-Q2,Underground Sewerage System & 100 MLD STP,Urban Water & Sanitation,Ministry of Housing and Urban Affairs (MoHUA),Delhi Jal Board,Rajasthan,Item Rate,Hilly/Mountainous,275.59,275.59,96.46,34.8,35.0,2018-03-15,2020-05-14,2020-08-21,2018-12-16,2020-05-26,290.55,0.4,0,5.43,0
PRJ-SYN-0539,SNAP-PRJ-SYN-0539-Q3,Underground Sewerage System & 100 MLD STP,Urban Water & Sanitation,Ministry of Housing and Urban Affairs (MoHUA),Delhi Jal Board,Rajasthan,Item Rate,Hilly/Mountainous,275.59,275.59,181.01,64.53,65.68,2018-03-15,2020-05-14,2020-05-14,2019-08-11,2020-05-26,290.55,0.4,0,5.43,0
PRJ-SYN-0539,SNAP-PRJ-SYN-0539-Q4,Underground Sewerage System & 100 MLD STP,Urban Water & Sanitation,Ministry of Housing and Urban Affairs (MoHUA),Delhi Jal Board,Rajasthan,Item Rate,Hilly/Mountainous,275.59,275.59,241.39,88.78,87.59,2018-03-15,2020-05-14,2020-05-14,2020-02-25,2020-05-26,290.55,0.4,0,5.43,0
PRJ-SYN-0540,SNAP-PRJ-SYN-0540-Q1,Tamil Nadu Metro Corridor Elevated Extension Phase II,Metro Rail,Ministry of Housing and Urban Affairs (MoHUA),Mumbai Metropolitan Region Development Authority (MMRDA),Tamil Nadu,BOT,Coastal,2186.19,2186.19,482.27,22.08,22.06,2018-12-15,2023-04-15,2023-04-15,2019-10-27,2023-04-24,2238.44,0.3,0,2.39,0
PRJ-SYN-0540,SNAP-PRJ-SYN-0540-Q2,Tamil Nadu Metro Corridor Elevated Extension Phase II,Metro Rail,Ministry of Housing and Urban Affairs (MoHUA),Mumbai Metropolitan Region Development Authority (MMRDA),Tamil Nadu,BOT,Coastal,2186.19,2186.19,1236.73,57.72,56.57,2018-12-15,2023-04-15,2023-05-20,2021-02-13,2023-04-24,2238.44,0.3,0,2.39,0
PRJ-SYN-0540,SNAP-PRJ-SYN-0540-Q3,Tamil Nadu Metro Corridor Elevated Extension Phase II,Metro Rail,Ministry of Housing and Urban Affairs (MoHUA),Mumbai Metropolitan Region Development Authority (MMRDA),Tamil Nadu,BOT,Coastal,2186.19,2186.19,1297.94,62.17,59.37,2018-12-15,2023-04-15,2023-04-15,2021-10-08,2023-04-24,2238.44,0.3,0,2.39,0
PRJ-SYN-0540,SNAP-PRJ-SYN-0540-Q4,Tamil Nadu Metro Corridor Elevated Extension Phase II,Metro Rail,Ministry of Housing and Urban Affairs (MoHUA),Mumbai Metropolitan Region Development Authority (MMRDA),Tamil Nadu,BOT,Coastal,2186.19,2186.19,2048.46,90.37,93.7,2018-12-15,2023-04-15,2023-04-15,2022-11-08,2023-04-24,2238.44,0.3,0,2.39,0
PRJ-SYN-0541,SNAP-PRJ-SYN-0541-Q1,NH-80 4/6-Laning Bypass & Viaduct,Highways,Ministry of Road Transport and Highways (MoRTH),State PWD (Highways),Rajasthan,EPC,Hilly/Mountainous,438.42,447.18,99.1,12.54,22.16,2018-03-11,2020-10-09,2020-11-11,2018-09-15,2021-07-19,554.47,9.3,1,26.47,1
PRJ-SYN-0541,SNAP-PRJ-SYN-0541-Q2,NH-80 4/6-Laning Bypass & Viaduct,Highways,Ministry of Road Transport and Highways (MoRTH),State PWD (Highways),Rajasthan,EPC,Hilly/Mountainous,438.42,459.02,136.51,25.33,29.74,2018-03-11,2020-10-09,2021-01-05,2019-02-04,2021-07-19,554.47,9.3,1,26.47,1
PRJ-SYN-0541,SNAP-PRJ-SYN-0541-Q3,NH-80 4/6-Laning Bypass & Viaduct,Highways,Ministry of Road Transport and Highways (MoRTH),State PWD (Highways),Rajasthan,EPC,Hilly/Mountainous,438.42,501.22,382.38,68.36,76.29,2018-03-11,2020-10-09,2021-03-04,2020-04-03,2021-07-19,554.47,9.3,1,26.47,1
PRJ-SYN-0541,SNAP-PRJ-SYN-0541-Q4,NH-80 4/6-Laning Bypass & Viaduct,Highways,Ministry of Road Transport and Highways (MoRTH),State PWD (Highways),Rajasthan,EPC,Hilly/Mountainous,438.42,531.01,427.78,74.6,80.56,2018-03-11,2020-10-09,2021-05-25,2020-07-07,2021-07-19,554.47,9.3,1,26.47,1
PRJ-SYN-0542,SNAP-PRJ-SYN-0542-Q1,Tamil Nadu Rail Doubling & Third Line Section,Railways,Ministry of Railways (MoR),Rail Vikas Nigam Ltd (RVNL),Tamil Nadu,Item Rate,Plains,4814.66,4890.56,778.58,5.43,15.92,2023-08-10,2029-03-10,2029-03-10,2024-09-20,2031-03-25,5487.27,24.5,1,13.97,1
PRJ-SYN-0542,SNAP-PRJ-SYN-0542-Q2,Tamil Nadu Rail Doubling & Third Line Section,Railways,Ministry of Railways (MoR),Rail Vikas Nigam Ltd (RVNL),Tamil Nadu,Item Rate,Plains,4814.66,4814.66,1341.36,16.27,27.86,2023-08-10,2029-03-10,2029-08-02,2025-07-23,2031-03-25,5487.27,24.5,1,13.97,1
PRJ-SYN-0542,SNAP-PRJ-SYN-0542-Q3,Tamil Nadu Rail Doubling & Third Line Section,Railways,Ministry of Railways (MoR),Rail Vikas Nigam Ltd (RVNL),Tamil Nadu,Item Rate,Plains,4814.66,4814.66,3897.95,70.46,80.96,2023-08-10,2029-03-10,2030-06-22,2028-01-27,2031-03-25,5487.27,24.5,1,13.97,1
PRJ-SYN-0542,SNAP-PRJ-SYN-0542-Q4,Tamil Nadu Rail Doubling & Third Line Section,Railways,Ministry of Railways (MoR),Rail Vikas Nigam Ltd (RVNL),Tamil Nadu,Item Rate,Plains,4814.66,5339.1,4548.91,81.34,85.2,2023-08-10,2029-03-10,2031-02-06,2028-08-18,2031-03-25,5487.27,24.5,1,13.97,1
PRJ-SYN-0543,SNAP-PRJ-SYN-0543-Q1,Freight Corridor Feeder Line 68,Railways,Ministry of Railways (MoR),Dedicated Freight Corridor Corp (DFCCIL),Kerala,HAM,Urban Dense,1834.93,1834.93,1141.51,59.22,62.21,2021-09-26,2027-09-26,2027-09-26,2025-08-20,2027-11-01,1879.15,1.2,0,2.41,0
PRJ-SYN-0543,SNAP-PRJ-SYN-0543-Q2,Freight Corridor Feeder Line 68,Railways,Ministry of Railways (MoR),Dedicated Freight Corridor Corp (DFCCIL),Kerala,HAM,Urban Dense,1834.93,1834.93,1462.07,78.84,79.68,2021-09-26,2027-09-26,2027-09-26,2026-07-15,2027-11-01,1879.15,1.2,0,2.41,0
PRJ-SYN-0544,SNAP-PRJ-SYN-0544-Q1,Deep Draft Container Terminal Berth 68,Ports & Shipping,"Ministry of Ports, Shipping and Waterways (MoPSW)",Deendayal Port Authority,Tamil Nadu,EPC,Plains,619.18,619.18,129.72,23.73,20.95,2021-02-20,2023-12-21,2023-12-21,2021-09-14,2024-02-10,619.8,1.7,0,0.1,0
PRJ-SYN-0544,SNAP-PRJ-SYN-0544-Q2,Deep Draft Container Terminal Berth 68,Ports & Shipping,"Ministry of Ports, Shipping and Waterways (MoPSW)",Deendayal Port Authority,Tamil Nadu,EPC,Plains,619.18,619.18,206.56,34.23,33.36,2021-02-20,2023-12-21,2023-12-21,2022-02-17,2024-02-10,619.8,1.7,0,0.1,0
PRJ-SYN-0544,SNAP-PRJ-SYN-0544-Q3,Deep Draft Container Terminal Berth 68,Ports & Shipping,"Ministry of Ports, Shipping and Waterways (MoPSW)",Deendayal Port Authority,Tamil Nadu,EPC,Plains,619.18,619.18,348.16,53.16,56.23,2021-02-20,2023-12-21,2024-03-04,2022-07-22,2024-02-10,619.8,1.7,0,0.1,0
PRJ-SYN-0544,SNAP-PRJ-SYN-0544-Q4,Deep Draft Container Terminal Berth 68,Ports & Shipping,"Ministry of Ports, Shipping and Waterways (MoPSW)",Deendayal Port Authority,Tamil Nadu,EPC,Plains,619.18,619.18,428.35,67.83,69.18,2021-02-20,2023-12-21,2023-12-21,2022-12-24,2024-02-10,619.8,1.7,0,0.1,0
PRJ-SYN-0545,SNAP-PRJ-SYN-0545-Q1,NH-33 4/6-Laning Bypass & Viaduct,Highways,Ministry of Road Transport and Highways (MoRTH),State PWD (Highways),Gujarat,EPC,Plains,705.49,705.49,114.64,7.08,16.25,2018-11-12,2021-01-11,2021-01-11,2019-04-19,2021-12-02,817.8,10.7,1,15.92,1
PRJ-SYN-0545,SNAP-PRJ-SYN-0545-Q2,NH-33 4/6-Laning Bypass & Viaduct,Highways,Ministry of Road Transport and Highways (MoRTH),State PWD (Highways),Gujarat,EPC,Plains,705.49,705.49,120.43,14.86,17.07,2018-11-12,2021-01-11,2021-01-11,2019-08-15,2021-12-02,817.8,10.7,1,15.92,1
PRJ-SYN-0546,SNAP-PRJ-SYN-0546-Q1,765kV High Voltage Transmission Substation,Power & Renewable Energy,Ministry of Power / MNRE,Solar Energy Corporation of India (SECI),Uttar Pradesh,EPC,Plains,5077.26,5077.26,1906.0,32.85,37.54,2021-03-06,2024-04-05,2024-06-21,2022-04-04,2024-06-14,5155.96,2.3,0,1.55,0
PRJ-SYN-0546,SNAP-PRJ-SYN-0546-Q2,765kV High Voltage Transmission Substation,Power & Renewable Energy,Ministry of Power / MNRE,Solar Energy Corporation of India (SECI),Uttar Pradesh,EPC,Plains,5077.26,5077.26,2758.98,55.22,54.34,2021-03-06,2024-04-05,2024-04-05,2022-09-20,2024-06-14,5155.96,2.3,0,1.55,0
PRJ-SYN-0546,SNAP-PRJ-SYN-0546-Q3,765kV High Voltage Transmission Substation,Power & Renewable Energy,Ministry of Power / MNRE,Solar Energy Corporation of India (SECI),Uttar Pradesh,EPC,Plains,5077.26,5077.26,3243.86,64.27,63.89,2021-03-06,2024-04-05,2024-04-05,2023-03-08,2024-06-14,5155.96,2.3,0,1.55,0
PRJ-SYN-0546,SNAP-PRJ-SYN-0546-Q4,765kV High Voltage Transmission Substation,Power & Renewable Energy,Ministry of Power / MNRE,Solar Energy Corporation of India (SECI),Uttar Pradesh,EPC,Plains,5077.26,5077.26,4108.52,82.89,80.92,2021-03-06,2024-04-05,2024-05-30,2023-08-23,2024-06-14,5155.96,2.3,0,1.55,0
PRJ-SYN-0547,SNAP-PRJ-SYN-0547-Q1,Telangana Economic Corridor Pkg 21,Highways,Ministry of Road Transport and Highways (MoRTH),State PWD (Highways),Telangana,HAM,Plains,928.49,928.49,221.44,21.15,23.85,2020-06-12,2024-05-12,2024-05-12,2021-03-25,2024-05-12,942.79,0.0,0,1.54,0
PRJ-SYN-0547,SNAP-PRJ-SYN-0547-Q2,Telangana Economic Corridor Pkg 21,Highways,Ministry of Road Transport and Highways (MoRTH),State PWD (Highways),Telangana,HAM,Plains,928.49,928.49,684.39,68.32,73.71,2020-06-12,2024-05-12,2024-05-12,2022-12-28,2024-05-12,942.79,0.0,0,1.54,0
PRJ-SYN-0547,SNAP-PRJ-SYN-0547-Q3,Telangana Economic Corridor Pkg 21,Highways,Ministry of Road Transport and Highways (MoRTH),State PWD (Highways),Telangana,HAM,Plains,928.49,928.49,823.57,85.97,88.7,2020-06-12,2024-05-12,2024-06-26,2023-12-21,2024-05-12,942.79,0.0,0,1.54,0
PRJ-SYN-0548,SNAP-PRJ-SYN-0548-Q1,Uttarakhand Station Redevelopment & Quadrupling,Railways,Ministry of Railways (MoR),IRCON International,Uttarakhand,HAM,Hilly/Mountainous,1494.36,1515.03,379.21,20.07,25.03,2020-09-14,2025-05-15,2025-06-15,2021-08-20,2026-02-06,1675.78,8.8,1,12.14,1
PRJ-SYN-0548,SNAP-PRJ-SYN-0548-Q2,Uttarakhand Station Redevelopment & Quadrupling,Railways,Ministry of Railways (MoR),IRCON International,Uttarakhand,HAM,Hilly/Mountainous,1494.36,1494.36,572.04,32.11,38.28,2020-09-14,2025-05-15,2025-05-15,2022-05-03,2026-02-06,1675.78,8.8,1,12.14,1
PRJ-SYN-0548,SNAP-PRJ-SYN-0548-Q3,Uttarakhand Station Redevelopment & Quadrupling,Railways,Ministry of Railways (MoR),IRCON International,Uttarakhand,HAM,Hilly/Mountainous,1494.36,1577.99,1008.49,58.81,63.91,2020-09-14,2025-05-15,2025-05-15,2023-09-26,2026-02-06,1675.78,8.8,1,12.14,1
PRJ-SYN-0548,SNAP-PRJ-SYN-0548-Q4,Uttarakhand Station Redevelopment & Quadrupling,Railways,Ministry of Railways (MoR),IRCON International,Uttarakhand,HAM,Hilly/Mountainous,1494.36,1631.25,1504.99,83.47,92.26,2020-09-14,2025-05-15,2025-11-07,2024-11-26,2026-02-06,1675.78,8.8,1,12.14,1
PRJ-SYN-0549,SNAP-PRJ-SYN-0549-Q1,Andhra Pradesh Station Redevelopment & Quadrupling,Railways,Ministry of Railways (MoR),Dedicated Freight Corridor Corp (DFCCIL),Andhra Pradesh,BOT,Plains,1454.83,1454.83,476.46,32.4,32.75,2020-09-19,2025-08-19,2025-08-19,2022-06-09,2025-08-19,1497.02,0.0,0,2.9,0
PRJ-SYN-0549,SNAP-PRJ-SYN-0549-Q2,Andhra Pradesh Station Redevelopment & Quadrupling,Railways,Ministry of Railways (MoR),Dedicated Freight Corridor Corp (DFCCIL),Andhra Pradesh,BOT,Plains,1454.83,1454.83,802.05,50.82,55.13,2020-09-19,2025-08-19,2025-08-19,2023-03-05,2025-08-19,1497.02,0.0,0,2.9,0
PRJ-SYN-0549,SNAP-PRJ-SYN-0549-Q3,Andhra Pradesh Station Redevelopment & Quadrupling,Railways,Ministry of Railways (MoR),Dedicated Freight Corridor Corp (DFCCIL),Andhra Pradesh,BOT,Plains,1454.83,1505.41,954.73,64.2,63.42,2020-09-19,2025-08-19,2025-08-19,2023-11-30,2025-08-19,1497.02,0.0,0,2.9,0
PRJ-SYN-0549,SNAP-PRJ-SYN-0549-Q4,Andhra Pradesh Station Redevelopment & Quadrupling,Railways,Ministry of Railways (MoR),Dedicated Freight Corridor Corp (DFCCIL),Andhra Pradesh,BOT,Plains,1454.83,1454.83,1432.28,92.72,98.45,2020-09-19,2025-08-19,2025-08-19,2025-02-21,2025-08-19,1497.02,0.0,0,2.9,0
PRJ-SYN-0550,SNAP-PRJ-SYN-0550-Q1,Border Road Strategic Connectivity Link 33,Highways,Ministry of Road Transport and Highways (MoRTH),State PWD (Highways),Uttar Pradesh,HAM,Plains,1029.77,1029.77,184.23,15.25,17.89,2019-12-10,2023-07-10,2023-09-03,2020-08-27,2023-09-24,1033.99,2.5,0,0.41,0
PRJ-SYN-0550,SNAP-PRJ-SYN-0550-Q2,Border Road Strategic Connectivity Link 33,Highways,Ministry of Road Transport and Highways (MoRTH),State PWD (Highways),Uttar Pradesh,HAM,Plains,1029.77,1029.77,912.99,91.17,88.66,2019-12-10,2023-07-10,2023-07-10,2023-03-01,2023-09-24,1033.99,2.5,0,0.41,0
PRJ-SYN-0551,SNAP-PRJ-SYN-0551-Q1,Maharashtra Station Redevelopment & Quadrupling,Railways,Ministry of Railways (MoR),Dedicated Freight Corridor Corp (DFCCIL),Maharashtra,EPC,Coastal,1345.49,1345.49,180.97,13.35,13.45,2021-01-11,2026-05-13,2026-05-13,2022-02-04,2026-05-28,1353.83,0.5,0,0.62,0
PRJ-SYN-0551,SNAP-PRJ-SYN-0551-Q2,Maharashtra Station Redevelopment & Quadrupling,Railways,Ministry of Railways (MoR),Dedicated Freight Corridor Corp (DFCCIL),Maharashtra,EPC,Coastal,1345.49,1345.49,461.37,36.2,34.29,2021-01-11,2026-05-13,2026-06-23,2022-11-23,2026-05-28,1353.83,0.5,0,0.62,0
PRJ-SYN-0551,SNAP-PRJ-SYN-0551-Q3,Maharashtra Station Redevelopment & Quadrupling,Railways,Ministry of Railways (MoR),Dedicated Freight Corridor Corp (DFCCIL),Maharashtra,EPC,Coastal,1345.49,1345.49,1132.23,78.89,84.15,2021-01-11,2026-05-13,2026-08-24,2025-04-18,2026-05-28,1353.83,0.5,0,0.62,0
PRJ-SYN-0552,SNAP-PRJ-SYN-0552-Q1,Odisha Pumped Storage Hydro Project Phase III,Power & Renewable Energy,Ministry of Power / MNRE,Power Grid Corporation (PGCIL),Odisha,BOT,Plains,2048.01,2145.09,380.54,17.78,17.74,2020-05-17,2022-11-16,2022-11-16,2020-11-15,2023-01-31,2152.46,2.5,0,5.1,0
PRJ-SYN-0552,SNAP-PRJ-SYN-0552-Q2,Odisha Pumped Storage Hydro Project Phase III,Power & Renewable Energy,Ministry of Power / MNRE,Power Grid Corporation (PGCIL),Odisha,BOT,Plains,2048.01,2048.01,1111.25,52.57,54.26,2020-05-17,2022-11-16,2022-11-16,2021-08-16,2023-01-31,2152.46,2.5,0,5.1,0
PRJ-SYN-0552,SNAP-PRJ-SYN-0552-Q3,Odisha Pumped Storage Hydro Project Phase III,Power & Renewable Energy,Ministry of Power / MNRE,Power Grid Corporation (PGCIL),Odisha,BOT,Plains,2048.01,2048.01,1804.3,83.4,88.1,2020-05-17,2022-11-16,2022-11-16,2022-05-17,2023-01-31,2152.46,2.5,0,5.1,0
PRJ-SYN-0552,SNAP-PRJ-SYN-0552-Q4,Odisha Pumped Storage Hydro Project Phase III,Power & Renewable Energy,Ministry of Power / MNRE,Power Grid Corporation (PGCIL),Odisha,BOT,Plains,2048.01,2048.01,1878.23,87.98,91.71,2020-05-17,2022-11-16,2022-11-16,2022-08-16,2023-01-31,2152.46,2.5,0,5.1,0
PRJ-SYN-0553,SNAP-PRJ-SYN-0553-Q1,Uttarakhand Economic Corridor Pkg 82,Highways,Ministry of Road Transport and Highways (MoRTH),NHIDCL,Uttarakhand,EPC,Hilly/Mountainous,614.61,623.51,334.33,49.12,53.62,2018-03-07,2021-06-06,2021-06-06,2019-10-21,2021-08-02,657.26,1.9,0,6.94,0
PRJ-SYN-0553,SNAP-PRJ-SYN-0553-Q2,Uttarakhand Economic Corridor Pkg 82,Highways,Ministry of Road Transport and Highways (MoRTH),NHIDCL,Uttarakhand,EPC,Hilly/Mountainous,614.61,614.61,374.05,61.34,60.86,2018-03-07,2021-06-06,2021-06-06,2020-04-16,2021-08-02,657.26,1.9,0,6.94,0
PRJ-SYN-0553,SNAP-PRJ-SYN-0553-Q3,Uttarakhand Economic Corridor Pkg 82,Highways,Ministry of Road Transport and Highways (MoRTH),NHIDCL,Uttarakhand,EPC,Hilly/Mountainous,614.61,614.61,533.6,83.9,86.82,2018-03-07,2021-06-06,2021-06-06,2020-10-11,2021-08-02,657.26,1.9,0,6.94,0
PRJ-SYN-0554,SNAP-PRJ-SYN-0554-Q1,Gujarat Pumped Storage Hydro Project Phase II,Power & Renewable Energy,Ministry of Power / MNRE,NTPC Limited,Gujarat,EPC,Plains,730.01,757.34,330.73,46.43,43.67,2023-08-28,2026-03-28,2026-03-28,2024-12-11,2026-03-28,739.28,0.0,0,1.27,0
PRJ-SYN-0554,SNAP-PRJ-SYN-0554-Q2,Gujarat Pumped Storage Hydro Project Phase II,Power & Renewable Energy,Ministry of Power / MNRE,NTPC Limited,Gujarat,EPC,Plains,730.01,730.01,462.1,66.23,63.3,2023-08-28,2026-03-28,2026-06-25,2025-05-02,2026-03-28,739.28,0.0,0,1.27,0
PRJ-SYN-0554,SNAP-PRJ-SYN-0554-Q3,Gujarat Pumped Storage Hydro Project Phase II,Power & Renewable Energy,Ministry of Power / MNRE,NTPC Limited,Gujarat,EPC,Plains,730.01,730.01,644.09,82.31,88.23,2023-08-28,2026-03-28,2026-03-28,2025-09-20,2026-03-28,739.28,0.0,0,1.27,0
PRJ-SYN-0554,SNAP-PRJ-SYN-0554-Q4,Gujarat Pumped Storage Hydro Project Phase II,Power & Renewable Energy,Ministry of Power / MNRE,NTPC Limited,Gujarat,EPC,Plains,730.01,730.01,683.36,88.91,93.61,2023-08-28,2026-03-28,2026-03-28,2025-12-24,2026-03-28,739.28,0.0,0,1.27,0
PRJ-SYN-0555,SNAP-PRJ-SYN-0555-Q1,Freight Corridor Feeder Line 81,Railways,Ministry of Railways (MoR),Dedicated Freight Corridor Corp (DFCCIL),Bihar,EPC,Coastal,336.9,342.11,29.56,5.0,8.64,2018-04-19,2023-02-17,2023-02-17,2019-04-07,2026-04-12,403.2,37.8,1,19.68,1
PRJ-SYN-0555,SNAP-PRJ-SYN-0555-Q2,Freight Corridor Feeder Line 81,Railways,Ministry of Railways (MoR),Dedicated Freight Corridor Corp (DFCCIL),Bihar,EPC,Coastal,336.9,359.46,120.31,28.14,33.47,2018-04-19,2023-02-17,2023-02-17,2020-09-17,2026-04-12,403.2,37.8,1,19.68,1
PRJ-SYN-0555,SNAP-PRJ-SYN-0555-Q3,Freight Corridor Feeder Line 81,Railways,Ministry of Railways (MoR),Dedicated Freight Corridor Corp (DFCCIL),Bihar,EPC,Coastal,336.9,336.9,165.59,39.67,49.15,2018-04-19,2023-02-17,2024-11-12,2021-06-09,2026-04-12,403.2,37.8,1,19.68,1
PRJ-SYN-0555,SNAP-PRJ-SYN-0555-Q4,Freight Corridor Feeder Line 81,Railways,Ministry of Railways (MoR),Dedicated Freight Corridor Corp (DFCCIL),Bihar,EPC,Coastal,336.9,386.36,273.7,66.27,70.84,2018-04-19,2023-02-17,2025-02-10,2022-08-24,2026-04-12,403.2,37.8,1,19.68,1
PRJ-SYN-0556,SNAP-PRJ-SYN-0556-Q1,West Bengal Ultra Mega Solar Power Park 58 MW,Power & Renewable Energy,Ministry of Power / MNRE,Solar Energy Corporation of India (SECI),West Bengal,Item Rate,Urban Dense,1272.67,1294.43,235.07,11.55,18.16,2019-10-20,2024-10-19,2024-10-19,2020-10-19,2025-11-21,1516.39,13.1,1,19.15,1
PRJ-SYN-0556,SNAP-PRJ-SYN-0556-Q2,West Bengal Ultra Mega Solar Power Park 58 MW,Power & Renewable Energy,Ministry of Power / MNRE,Solar Energy Corporation of India (SECI),West Bengal,Item Rate,Urban Dense,1272.67,1272.67,399.87,24.73,31.42,2019-10-20,2024-10-19,2025-02-19,2021-07-20,2025-11-21,1516.39,13.1,1,19.15,1
PRJ-SYN-0556,SNAP-PRJ-SYN-0556-Q3,West Bengal Ultra Mega Solar Power Park 58 MW,Power & Renewable Energy,Ministry of Power / MNRE,Solar Energy Corporation of India (SECI),West Bengal,Item Rate,Urban Dense,1272.67,1439.05,1123.47,73.88,78.07,2019-10-20,2024-10-19,2025-09-13,2023-10-20,2025-11-21,1516.39,13.1,1,19.15,1
PRJ-SYN-0557,SNAP-PRJ-SYN-0557-Q1,Karnataka Economic Corridor Pkg 44,Highways,Ministry of Road Transport and Highways (MoRTH),NHIDCL,Karnataka,HAM,Urban Dense,1583.65,1583.65,517.38,35.1,32.67,2018-08-08,2021-11-07,2021-11-07,2019-09-27,2021-11-16,1662.2,0.3,0,4.96,0
PRJ-SYN-0557,SNAP-PRJ-SYN-0557-Q2,Karnataka Economic Corridor Pkg 44,Highways,Ministry of Road Transport and Highways (MoRTH),NHIDCL,Karnataka,HAM,Urban Dense,1583.65,1583.65,781.21,47.32,49.33,2018-08-08,2021-11-07,2021-11-07,2020-03-23,2021-11-16,1662.2,0.3,0,4.96,0
PRJ-SYN-0557,SNAP-PRJ-SYN-0557-Q3,Karnataka Economic Corridor Pkg 44,Highways,Ministry of Road Transport and Highways (MoRTH),NHIDCL,Karnataka,HAM,Urban Dense,1583.65,1583.65,1106.02,64.26,69.84,2018-08-08,2021-11-07,2021-12-09,2020-09-17,2021-11-16,1662.2,0.3,0,4.96,0
PRJ-SYN-0558,SNAP-PRJ-SYN-0558-Q1,Deep Draft Container Terminal Berth 57,Ports & Shipping,"Ministry of Ports, Shipping and Waterways (MoPSW)",Syama Prasad Mookerjee Port,West Bengal,HAM,Urban Dense,294.5,294.5,26.62,5.0,9.04,2019-02-15,2020-10-15,2021-01-07,2019-06-16,2023-03-19,404.38,29.1,1,37.31,1
PRJ-SYN-0558,SNAP-PRJ-SYN-0558-Q2,Deep Draft Container Terminal Berth 57,Ports & Shipping,"Ministry of Ports, Shipping and Waterways (MoPSW)",Syama Prasad Mookerjee Port,West Bengal,HAM,Urban Dense,294.5,294.5,47.71,5.0,16.2,2019-02-15,2020-10-15,2021-05-17,2019-09-16,2023-03-19,404.38,29.1,1,37.31,1
PRJ-SYN-0558,SNAP-PRJ-SYN-0558-Q3,Deep Draft Container Terminal Berth 57,Ports & Shipping,"Ministry of Ports, Shipping and Waterways (MoPSW)",Syama Prasad Mookerjee Port,West Bengal,HAM,Urban Dense,294.5,337.84,42.4,5.0,12.55,2019-02-15,2020-10-15,2020-10-15,2020-03-16,2023-03-19,404.38,29.1,1,37.31,1
PRJ-SYN-0558,SNAP-PRJ-SYN-0558-Q4,Deep Draft Container Terminal Berth 57,Ports & Shipping,"Ministry of Ports, Shipping and Waterways (MoPSW)",Syama Prasad Mookerjee Port,West Bengal,HAM,Urban Dense,294.5,361.57,133.67,30.25,36.97,2019-02-15,2020-10-15,2022-07-31,2020-08-15,2023-03-19,404.38,29.1,1,37.31,1
PRJ-SYN-0559,SNAP-PRJ-SYN-0559-Q1,Gujarat Metro Corridor Elevated Extension Phase III,Metro Rail,Ministry of Housing and Urban Affairs (MoHUA),Mumbai Metropolitan Region Development Authority (MMRDA),Gujarat,EPC,Hilly/Mountainous,2125.5,2125.5,357.3,18.82,16.81,2018-09-22,2023-05-23,2023-06-24,2019-08-28,2023-05-23,2249.42,0.0,0,5.83,0
PRJ-SYN-0559,SNAP-PRJ-SYN-0559-Q2,Gujarat Metro Corridor Elevated Extension Phase III,Metro Rail,Ministry of Housing and Urban Affairs (MoHUA),Mumbai Metropolitan Region Development Authority (MMRDA),Gujarat,EPC,Hilly/Mountainous,2125.5,2125.5,721.18,29.32,33.93,2018-09-22,2023-05-23,2023-05-23,2020-05-10,2023-05-23,2249.42,0.0,0,5.83,0
PRJ-SYN-0560,SNAP-PRJ-SYN-0560-Q1,Andhra Pradesh Station Redevelopment & Quadrupling,Railways,Ministry of Railways (MoR),CORE,Andhra Pradesh,EPC,Urban Dense,1516.19,1516.19,342.36,19.63,22.58,2018-11-28,2023-09-28,2023-09-28,2019-11-16,2023-10-28,1583.21,1.0,0,4.42,0
PRJ-SYN-0560,SNAP-PRJ-SYN-0560-Q2,Andhra Pradesh Station Redevelopment & Quadrupling,Railways,Ministry of Railways (MoR),CORE,Andhra Pradesh,EPC,Urban Dense,1516.19,1516.19,904.71,56.48,59.67,2018-11-28,2023-09-28,2023-09-28,2021-04-28,2023-10-28,1583.21,1.0,0,4.42,0
PRJ-SYN-0560,SNAP-PRJ-SYN-0560-Q3,Andhra Pradesh Station Redevelopment & Quadrupling,Railways,Ministry of Railways (MoR),CORE,Andhra Pradesh,EPC,Urban Dense,1516.19,1516.19,984.31,62.11,64.92,2018-11-28,2023-09-28,2023-09-28,2022-01-18,2023-10-28,1583.21,1.0,0,4.42,0
PRJ-SYN-0560,SNAP-PRJ-SYN-0560-Q4,Andhra Pradesh Station Redevelopment & Quadrupling,Railways,Ministry of Railways (MoR),CORE,Andhra Pradesh,EPC,Urban Dense,1516.19,1516.19,1474.95,94.49,97.28,2018-11-28,2023-09-28,2023-09-28,2023-04-04,2023-10-28,1583.21,1.0,0,4.42,0
PRJ-SYN-0561,SNAP-PRJ-SYN-0561-Q1,Freight Corridor Feeder Line 83,Railways,Ministry of Railways (MoR),Dedicated Freight Corridor Corp (DFCCIL),Gujarat,EPC,Hilly/Mountainous,4216.68,4216.68,1406.68,35.73,33.36,2023-04-11,2028-10-09,2028-10-09,2025-03-14,2028-11-11,4346.98,1.1,0,3.09,0
PRJ-SYN-0561,SNAP-PRJ-SYN-0561-Q2,Freight Corridor Feeder Line 83,Railways,Ministry of Railways (MoR),Dedicated Freight Corridor Corp (DFCCIL),Gujarat,EPC,Hilly/Mountainous,4216.68,4216.68,2360.5,54.74,55.98,2023-04-11,2028-10-09,2028-10-09,2026-01-09,2028-11-11,4346.98,1.1,0,3.09,0
PRJ-SYN-0562,SNAP-PRJ-SYN-0562-Q1,Kerala Economic Corridor Pkg 95,Highways,Ministry of Road Transport and Highways (MoRTH),NHIDCL,Kerala,Item Rate,Plains,2048.6,2083.34,331.04,5.0,15.89,2020-03-06,2022-08-05,2022-08-05,2020-08-29,2023-09-29,2448.9,13.8,1,19.54,1
PRJ-SYN-0562,SNAP-PRJ-SYN-0562-Q2,Kerala Economic Corridor Pkg 95,Highways,Ministry of Road Transport and Highways (MoRTH),NHIDCL,Kerala,Item Rate,Plains,2048.6,2274.64,1562.22,61.56,68.68,2020-03-06,2022-08-05,2023-08-06,2022-02-10,2023-09-29,2448.9,13.8,1,19.54,1
PRJ-SYN-0562,SNAP-PRJ-SYN-0562-Q3,Kerala Economic Corridor Pkg 95,Highways,Ministry of Road Transport and Highways (MoRTH),NHIDCL,Kerala,Item Rate,Plains,2048.6,2358.14,1803.51,71.57,76.48,2020-03-06,2022-08-05,2023-08-21,2022-05-09,2023-09-29,2448.9,13.8,1,19.54,1
PRJ-SYN-0563,SNAP-PRJ-SYN-0563-Q1,Rajasthan Economic Corridor Pkg 44,Highways,Ministry of Road Transport and Highways (MoRTH),National Highways Authority of India (NHAI),Rajasthan,EPC,Coastal,373.74,379.86,44.63,5.0,11.75,2023-05-19,2025-05-18,2025-07-15,2023-10-12,2026-05-06,436.75,11.6,1,16.86,1
PRJ-SYN-0563,SNAP-PRJ-SYN-0563-Q2,Rajasthan Economic Corridor Pkg 44,Highways,Ministry of Road Transport and Highways (MoRTH),National Highways Authority of India (NHAI),Rajasthan,EPC,Coastal,373.74,384.76,118.31,20.78,30.75,2023-05-19,2025-05-18,2025-05-18,2024-01-29,2026-05-06,436.75,11.6,1,16.86,1
PRJ-SYN-0564,SNAP-PRJ-SYN-0564-Q1,Uttar Pradesh Economic Corridor Pkg 16,Highways,Ministry of Road Transport and Highways (MoRTH),NHIDCL,Uttar Pradesh,EPC,Hilly/Mountainous,491.38,512.96,46.78,5.0,9.12,2018-08-22,2020-09-20,2020-09-20,2019-01-21,2024-05-02,739.63,43.4,1,50.52,1
PRJ-SYN-0564,SNAP-PRJ-SYN-0564-Q2,Uttar Pradesh Economic Corridor Pkg 16,Highways,Ministry of Road Transport and Highways (MoRTH),NHIDCL,Uttar Pradesh,EPC,Hilly/Mountainous,491.38,596.56,88.83,5.0,14.89,2018-08-22,2020-09-20,2020-09-20,2019-12-29,2024-05-02,739.63,43.4,1,50.52,1
PRJ-SYN-0565,SNAP-PRJ-SYN-0565-Q1,Uttar Pradesh Ultra Mega Solar Power Park 60 MW,Power & Renewable Energy,Ministry of Power / MNRE,NTPC Limited,Uttar Pradesh,Item Rate,Plains,1633.37,1633.37,491.97,32.41,30.12,2023-10-19,2026-11-18,2026-11-18,2024-11-16,2026-11-27,1666.36,0.3,0,2.02,0
PRJ-SYN-0565,SNAP-PRJ-SYN-0565-Q2,Uttar Pradesh Ultra Mega Solar Power Park 60 MW,Power & Renewable Energy,Ministry of Power / MNRE,NTPC Limited,Uttar Pradesh,Item Rate,Plains,1633.37,1633.37,836.12,52.08,51.19,2023-10-19,2026-11-18,2026-11-18,2025-05-04,2026-11-27,1666.36,0.3,0,2.02,0
PRJ-SYN-0565,SNAP-PRJ-SYN-0565-Q3,Uttar Pradesh Ultra Mega Solar Power Park 60 MW,Power & Renewable Energy,Ministry of Power / MNRE,NTPC Limited,Uttar Pradesh,Item Rate,Plains,1633.37,1633.37,1088.48,67.98,66.64,2023-10-19,2026-11-18,2027-01-24,2025-10-20,2026-11-27,1666.36,0.3,0,2.02,0
PRJ-SYN-0565,SNAP-PRJ-SYN-0565-Q4,Uttar Pradesh Ultra Mega Solar Power Park 60 MW,Power & Renewable Energy,Ministry of Power / MNRE,NTPC Limited,Uttar Pradesh,Item Rate,Plains,1633.37,1633.37,1403.06,88.4,85.9,2023-10-19,2026-11-18,2026-11-18,2026-07-28,2026-11-27,1666.36,0.3,0,2.02,0
PRJ-SYN-0566,SNAP-PRJ-SYN-0566-Q1,High-Speed Rail Corridor Link 69,Railways,Ministry of Railways (MoR),IRCON International,Maharashtra,HAM,Urban Dense,2490.3,2490.3,706.75,24.26,28.38,2019-02-27,2025-11-27,2025-11-27,2020-07-04,2025-11-27,2681.06,0.0,0,7.66,0
PRJ-SYN-0566,SNAP-PRJ-SYN-0566-Q2,High-Speed Rail Corridor Link 69,Railways,Ministry of Railways (MoR),IRCON International,Maharashtra,HAM,Urban Dense,2490.3,2490.3,654.2,29.15,26.27,2019-02-27,2025-11-27,2025-11-27,2021-07-08,2025-11-27,2681.06,0.0,0,7.66,0
PRJ-SYN-0566,SNAP-PRJ-SYN-0566-Q3,High-Speed Rail Corridor Link 69,Railways,Ministry of Railways (MoR),IRCON International,Maharashtra,HAM,Urban Dense,2490.3,2589.08,1704.39,62.45,65.83,2019-02-27,2025-11-27,2025-11-27,2023-07-18,2025-11-27,2681.06,0.0,0,7.66,0
PRJ-SYN-0566,SNAP-PRJ-SYN-0566-Q4,High-Speed Rail Corridor Link 69,Railways,Ministry of Railways (MoR),IRCON International,Maharashtra,HAM,Urban Dense,2490.3,2490.3,2168.3,87.81,87.07,2019-02-27,2025-11-27,2025-11-27,2025-03-25,2025-11-27,2681.06,0.0,0,7.66,0
PRJ-SYN-0567,SNAP-PRJ-SYN-0567-Q1,765kV High Voltage Transmission Substation,Power & Renewable Energy,Ministry of Power / MNRE,SJVN Limited,Uttarakhand,Item Rate,Coastal,2729.4,2799.92,1094.49,34.91,39.09,2022-05-12,2025-06-11,2025-06-11,2023-06-10,2025-07-26,2875.15,1.5,0,5.34,0
PRJ-SYN-0567,SNAP-PRJ-SYN-0567-Q2,765kV High Voltage Transmission Substation,Power & Renewable Energy,Ministry of Power / MNRE,SJVN Limited,Uttarakhand,Item Rate,Coastal,2729.4,2844.66,1456.18,51.57,51.19,2022-05-12,2025-06-11,2025-08-04,2023-11-26,2025-07-26,2875.15,1.5,0,5.34,0
PRJ-SYN-0567,SNAP-PRJ-SYN-0567-Q3,765kV High Voltage Transmission Substation,Power & Renewable Energy,Ministry of Power / MNRE,SJVN Limited,Uttarakhand,Item Rate,Coastal,2729.4,2729.4,2191.16,80.99,80.28,2022-05-12,2025-06-11,2025-06-11,2024-10-28,2025-07-26,2875.15,1.5,0,5.34,0
PRJ-SYN-0568,SNAP-PRJ-SYN-0568-Q1,Uttar Pradesh Metro Corridor Elevated Extension Phase I,Metro Rail,Ministry of Housing and Urban Affairs (MoHUA),Chennai Metro Rail Ltd (CMRL),Uttar Pradesh,EPC,Plains,1086.54,1098.92,325.61,28.22,29.63,2018-06-16,2024-06-15,2024-07-10,2020-07-22,2024-09-29,1113.16,3.5,1,2.45,0
PRJ-SYN-0568,SNAP-PRJ-SYN-0568-Q2,Uttar Pradesh Metro Corridor Elevated Extension Phase I,Metro Rail,Ministry of Housing and Urban Affairs (MoHUA),Chennai Metro Rail Ltd (CMRL),Uttar Pradesh,EPC,Plains,1086.54,1086.54,600.1,49.29,55.23,2018-06-16,2024-06-15,2024-08-06,2021-06-15,2024-09-29,1113.16,3.5,1,2.45,0
PRJ-SYN-0568,SNAP-PRJ-SYN-0568-Q3,Uttar Pradesh Metro Corridor Elevated Extension Phase I,Metro Rail,Ministry of Housing and Urban Affairs (MoHUA),Chennai Metro Rail Ltd (CMRL),Uttar Pradesh,EPC,Plains,1086.54,1086.54,870.75,75.66,80.14,2018-06-16,2024-06-15,2024-08-12,2023-04-04,2024-09-29,1113.16,3.5,1,2.45,0
PRJ-SYN-0569,SNAP-PRJ-SYN-0569-Q1,Gujarat Rail Doubling & Third Line Section,Railways,Ministry of Railways (MoR),Rail Vikas Nigam Ltd (RVNL),Gujarat,EPC,Plains,2802.73,2802.73,1782.82,65.74,63.61,2022-11-03,2028-03-04,2028-03-04,2026-04-22,2028-03-07,2845.05,0.1,0,1.51,0
PRJ-SYN-0569,SNAP-PRJ-SYN-0569-Q2,Gujarat Rail Doubling & Third Line Section,Railways,Ministry of Railways (MoR),Rail Vikas Nigam Ltd (RVNL),Gujarat,EPC,Plains,2802.73,2802.73,2179.96,80.13,77.78,2022-11-03,2028-03-04,2028-03-04,2027-02-08,2028-03-07,2845.05,0.1,0,1.51,0
PRJ-SYN-0569,SNAP-PRJ-SYN-0569-Q3,Gujarat Rail Doubling & Third Line Section,Railways,Ministry of Railways (MoR),Rail Vikas Nigam Ltd (RVNL),Gujarat,EPC,Plains,2802.73,2802.73,2372.51,84.98,84.65,2022-11-03,2028-03-04,2028-03-04,2027-08-22,2028-03-07,2845.05,0.1,0,1.51,0
PRJ-SYN-0570,SNAP-PRJ-SYN-0570-Q1,Madhya Pradesh Metro Corridor Elevated Extension Phase II,Metro Rail,Ministry of Housing and Urban Affairs (MoHUA),UP Metro Rail Corp (UPMRC),Madhya Pradesh,Item Rate,Plains,1626.22,1638.91,458.24,17.14,27.96,2022-03-16,2027-04-15,2027-04-15,2023-03-22,2027-07-27,1792.42,3.4,1,10.22,1
PRJ-SYN-0570,SNAP-PRJ-SYN-0570-Q2,Madhya Pradesh Metro Corridor Elevated Extension Phase II,Metro Rail,Ministry of Housing and Urban Affairs (MoHUA),UP Metro Rail Corp (UPMRC),Madhya Pradesh,Item Rate,Plains,1626.22,1660.1,800.33,36.7,48.21,2022-03-16,2027-04-15,2027-04-15,2023-12-25,2027-07-27,1792.42,3.4,1,10.22,1
PRJ-SYN-0570,SNAP-PRJ-SYN-0570-Q3,Madhya Pradesh Metro Corridor Elevated Extension Phase II,Metro Rail,Ministry of Housing and Urban Affairs (MoHUA),UP Metro Rail Corp (UPMRC),Madhya Pradesh,Item Rate,Plains,1626.22,1693.45,800.83,44.26,47.29,2022-03-16,2027-04-15,2027-04-15,2024-09-29,2027-07-27,1792.42,3.4,1,10.22,1
PRJ-SYN-0571,SNAP-PRJ-SYN-0571-Q1,Border Road Strategic Connectivity Link 82,Highways,Ministry of Road Transport and Highways (MoRTH),State PWD (Highways),Uttar Pradesh,HAM,Urban Dense,573.85,585.44,133.25,17.09,22.76,2022-12-08,2025-07-08,2025-07-08,2023-06-14,2025-09-19,607.53,2.4,0,5.87,0
PRJ-SYN-0571,SNAP-PRJ-SYN-0571-Q2,Border Road Strategic Connectivity Link 82,Highways,Ministry of Road Transport and Highways (MoRTH),State PWD (Highways),Uttar Pradesh,HAM,Urban Dense,573.85,573.85,535.46,90.74,93.31,2022-12-08,2025-07-08,2025-07-08,2025-04-05,2025-09-19,607.53,2.4,0,5.87,0
PRJ-SYN-0572,SNAP-PRJ-SYN-0572-Q1,Border Road Strategic Connectivity Link 85,Highways,Ministry of Road Transport and Highways (MoRTH),State PWD (Highways),Kerala,EPC,Urban Dense,1490.7,1490.7,473.0,22.37,31.73,2021-06-18,2025-03-18,2025-07-02,2022-10-10,2026-08-11,1898.7,16.8,1,27.37,1
PRJ-SYN-0572,SNAP-PRJ-SYN-0572-Q2,Border Road Strategic Connectivity Link 85,Highways,Ministry of Road Transport and Highways (MoRTH),State PWD (Highways),Kerala,EPC,Urban Dense,1490.7,1659.74,903.06,51.93,54.41,2021-06-18,2025-03-18,2025-10-30,2023-11-25,2026-08-11,1898.7,16.8,1,27.37,1
PRJ-SYN-0573,SNAP-PRJ-SYN-0573-Q1,Border Road Strategic Connectivity Link 86,Highways,Ministry of Road Transport and Highways (MoRTH),NHIDCL,Maharashtra,Item Rate,Hilly/Mountainous,1829.92,1881.2,293.84,5.0,15.62,2023-10-25,2026-03-25,2026-06-01,2024-04-18,2027-12-12,2431.41,20.6,1,32.87,1
PRJ-SYN-0573,SNAP-PRJ-SYN-0573-Q2,Border Road Strategic Connectivity Link 86,Highways,Ministry of Road Transport and Highways (MoRTH),NHIDCL,Maharashtra,Item Rate,Hilly/Mountainous,1829.92,1829.92,557.94,26.1,30.49,2023-10-25,2026-03-25,2026-11-15,2025-01-08,2027-12-12,2431.41,20.6,1,32.87,1
PRJ-SYN-0573,SNAP-PRJ-SYN-0573-Q3,Border Road Strategic Connectivity Link 86,Highways,Ministry of Road Transport and Highways (MoRTH),NHIDCL,Maharashtra,Item Rate,Hilly/Mountainous,1829.92,1829.92,940.4,39.41,51.39,2023-10-25,2026-03-25,2026-03-25,2025-05-20,2027-12-12,2431.41,20.6,1,32.87,1
PRJ-SYN-0574,SNAP-PRJ-SYN-0574-Q1,Telangana Ultra Mega Solar Power Park 84 MW,Power & Renewable Energy,Ministry of Power / MNRE,NTPC Limited,Telangana,HAM,Plains,1429.44,1429.44,802.2,53.92,56.12,2019-11-05,2021-12-04,2022-03-02,2020-11-19,2021-12-04,1438.59,0.0,0,0.64,0
PRJ-SYN-0574,SNAP-PRJ-SYN-0574-Q2,Telangana Ultra Mega Solar Power Park 84 MW,Power & Renewable Energy,Ministry of Power / MNRE,NTPC Limited,Telangana,HAM,Plains,1429.44,1429.44,894.54,60.67,62.58,2019-11-05,2021-12-04,2021-12-04,2021-03-13,2021-12-04,1438.59,0.0,0,0.64,0
PRJ-SYN-0574,SNAP-PRJ-SYN-0574-Q3,Telangana Ultra Mega Solar Power Park 84 MW,Power & Renewable Energy,Ministry of Power / MNRE,NTPC Limited,Telangana,HAM,Plains,1429.44,1429.44,1206.59,80.3,84.41,2019-11-05,2021-12-04,2021-12-04,2021-07-05,2021-12-04,1438.59,0.0,0,0.64,0
PRJ-SYN-0575,SNAP-PRJ-SYN-0575-Q1,Border Road Strategic Connectivity Link 36,Highways,Ministry of Road Transport and Highways (MoRTH),State PWD (Highways),Maharashtra,EPC,Plains,581.07,600.67,96.29,18.1,16.03,2020-05-19,2023-10-18,2023-10-18,2021-01-23,2023-12-23,618.43,2.2,0,6.43,0
PRJ-SYN-0575,SNAP-PRJ-SYN-0575-Q2,Border Road Strategic Connectivity Link 36,Highways,Ministry of Road Transport and Highways (MoRTH),State PWD (Highways),Maharashtra,EPC,Plains,581.07,581.07,285.71,48.92,49.17,2020-05-19,2023-10-18,2023-10-18,2022-02-01,2023-12-23,618.43,2.2,0,6.43,0
PRJ-SYN-0575,SNAP-PRJ-SYN-0575-Q3,Border Road Strategic Connectivity Link 36,Highways,Ministry of Road Transport and Highways (MoRTH),State PWD (Highways),Maharashtra,EPC,Plains,581.07,581.07,381.07,64.99,65.58,2020-05-19,2023-10-18,2023-11-24,2022-08-08,2023-12-23,618.43,2.2,0,6.43,0
PRJ-SYN-0575,SNAP-PRJ-SYN-0575-Q4,Border Road Strategic Connectivity Link 36,Highways,Ministry of Road Transport and Highways (MoRTH),State PWD (Highways),Maharashtra,EPC,Plains,581.07,581.07,554.63,92.58,95.45,2020-05-19,2023-10-18,2023-10-18,2023-06-16,2023-12-23,618.43,2.2,0,6.43,0
PRJ-SYN-0576,SNAP-PRJ-SYN-0576-Q1,Liquid Cargo Jetty & Breakwater Expansion,Ports & Shipping,"Ministry of Ports, Shipping and Waterways (MoPSW)",Jawaharlal Nehru Port Trust (JNPT),Tamil Nadu,HAM,Plains,838.89,838.89,171.22,20.93,20.41,2018-06-18,2021-02-16,2021-02-16,2018-12-29,2021-04-08,844.09,1.7,0,0.62,0
PRJ-SYN-0576,SNAP-PRJ-SYN-0576-Q2,Liquid Cargo Jetty & Breakwater Expansion,Ports & Shipping,"Ministry of Ports, Shipping and Waterways (MoPSW)",Jawaharlal Nehru Port Trust (JNPT),Tamil Nadu,HAM,Plains,838.89,838.89,681.6,78.98,81.25,2018-06-18,2021-02-16,2021-02-16,2020-08-05,2021-04-08,844.09,1.7,0,0.62,0
PRJ-SYN-0577,SNAP-PRJ-SYN-0577-Q1,Maharashtra Express Highway Corridor Phase III,Highways,Ministry of Road Transport and Highways (MoRTH),NHIDCL,Maharashtra,EPC,Plains,924.65,924.65,447.44,47.71,48.39,2021-12-19,2024-06-19,2024-07-21,2023-03-20,2024-07-25,940.46,1.2,0,1.71,0
PRJ-SYN-0577,SNAP-PRJ-SYN-0577-Q2,Maharashtra Express Highway Corridor Phase III,Highways,Ministry of Road Transport and Highways (MoRTH),NHIDCL,Maharashtra,EPC,Plains,924.65,924.65,612.95,67.91,66.29,2021-12-19,2024-06-19,2024-08-02,2023-08-04,2024-07-25,940.46,1.2,0,1.71,0
PRJ-SYN-0577,SNAP-PRJ-SYN-0577-Q3,Maharashtra Express Highway Corridor Phase III,Highways,Ministry of Road Transport and Highways (MoRTH),NHIDCL,Maharashtra,EPC,Plains,924.65,924.65,803.98,88.22,86.95,2021-12-19,2024-06-19,2024-09-07,2024-03-19,2024-07-25,940.46,1.2,0,1.71,0
PRJ-SYN-0578,SNAP-PRJ-SYN-0578-Q1,Madhya Pradesh Station Redevelopment & Quadrupling,Railways,Ministry of Railways (MoR),CORE,Madhya Pradesh,HAM,Plains,1408.02,1408.02,538.57,32.39,38.25,2023-03-16,2027-06-15,2027-06-15,2024-09-09,2027-09-20,1464.06,3.2,1,3.98,0
PRJ-SYN-0578,SNAP-PRJ-SYN-0578-Q2,Madhya Pradesh Station Redevelopment & Quadrupling,Railways,Ministry of Railways (MoR),CORE,Madhya Pradesh,HAM,Plains,1408.02,1408.02,1020.11,68.65,72.45,2023-03-16,2027-06-15,2027-06-15,2026-08-08,2027-09-20,1464.06,3.2,1,3.98,0
PRJ-SYN-0579,SNAP-PRJ-SYN-0579-Q1,Assam Economic Corridor Pkg 29,Highways,Ministry of Road Transport and Highways (MoRTH),NHIDCL,Assam,EPC,Hilly/Mountainous,3805.72,3929.79,322.64,5.0,8.21,2023-03-05,2026-06-04,2026-11-07,2023-10-28,2029-03-25,5082.16,33.7,1,33.54,1
PRJ-SYN-0579,SNAP-PRJ-SYN-0579-Q2,Assam Economic Corridor Pkg 29,Highways,Ministry of Road Transport and Highways (MoRTH),NHIDCL,Assam,EPC,Hilly/Mountainous,3805.72,4585.45,2950.28,54.86,64.34,2023-03-05,2026-06-04,2029-03-19,2026-02-05,2029-03-25,5082.16,33.7,1,33.54,1
PRJ-SYN-0580,SNAP-PRJ-SYN-0580-Q1,Tamil Nadu Station Redevelopment & Quadrupling,Railways,Ministry of Railways (MoR),Rail Vikas Nigam Ltd (RVNL),Tamil Nadu,BOT,Hilly/Mountainous,414.28,433.85,323.26,65.16,74.51,2019-11-26,2022-10-26,2022-10-26,2021-10-18,2022-12-19,457.82,1.8,0,10.51,1
PRJ-SYN-0580,SNAP-PRJ-SYN-0580-Q2,Tamil Nadu Station Redevelopment & Quadrupling,Railways,Ministry of Railways (MoR),Rail Vikas Nigam Ltd (RVNL),Tamil Nadu,BOT,Hilly/Mountainous,414.28,414.28,356.82,81.64,86.13,2019-11-26,2022-10-26,2023-01-27,2022-03-27,2022-12-19,457.82,1.8,0,10.51,1
PRJ-SYN-0580,SNAP-PRJ-SYN-0580-Q3,Tamil Nadu Station Redevelopment & Quadrupling,Railways,Ministry of Railways (MoR),Rail Vikas Nigam Ltd (RVNL),Tamil Nadu,BOT,Hilly/Mountainous,414.28,448.72,416.1,84.7,92.73,2019-11-26,2022-10-26,2022-10-26,2022-07-11,2022-12-19,457.82,1.8,0,10.51,1
PRJ-SYN-0581,SNAP-PRJ-SYN-0581-Q1,NH-75 4/6-Laning Bypass & Viaduct,Highways,Ministry of Road Transport and Highways (MoRTH),State PWD (Highways),Karnataka,EPC,Coastal,947.54,947.54,404.5,39.13,42.69,2022-08-13,2025-08-12,2025-10-31,2023-08-31,2025-09-08,967.25,0.9,0,2.08,0
PRJ-SYN-0581,SNAP-PRJ-SYN-0581-Q2,NH-75 4/6-Laning Bypass & Viaduct,Highways,Ministry of Road Transport and Highways (MoRTH),State PWD (Highways),Karnataka,EPC,Coastal,947.54,972.74,594.44,61.59,61.11,2022-08-13,2025-08-12,2025-08-12,2024-07-25,2025-09-08,967.25,0.9,0,2.08,0
PRJ-SYN-0581,SNAP-PRJ-SYN-0581-Q3,NH-75 4/6-Laning Bypass & Viaduct,Highways,Ministry of Road Transport and Highways (MoRTH),State PWD (Highways),Karnataka,EPC,Coastal,947.54,947.54,903.38,95.56,95.34,2022-08-13,2025-08-12,2025-11-02,2025-04-25,2025-09-08,967.25,0.9,0,2.08,0
PRJ-SYN-0582,SNAP-PRJ-SYN-0582-Q1,Karnataka Station Redevelopment & Quadrupling,Railways,Ministry of Railways (MoR),Dedicated Freight Corridor Corp (DFCCIL),Karnataka,HAM,Hilly/Mountainous,1304.35,1321.91,272.71,17.22,20.63,2021-09-19,2026-04-20,2026-04-20,2022-08-19,2026-09-07,1479.26,4.6,1,13.41,1
PRJ-SYN-0582,SNAP-PRJ-SYN-0582-Q2,Karnataka Station Redevelopment & Quadrupling,Railways,Ministry of Railways (MoR),Dedicated Freight Corridor Corp (DFCCIL),Karnataka,HAM,Hilly/Mountainous,1304.35,1304.35,882.65,58.1,67.67,2021-09-19,2026-04-20,2026-04-20,2024-09-11,2026-09-07,1479.26,4.6,1,13.41,1
PRJ-SYN-0582,SNAP-PRJ-SYN-0582-Q3,Karnataka Station Redevelopment & Quadrupling,Railways,Ministry of Railways (MoR),Dedicated Freight Corridor Corp (DFCCIL),Karnataka,HAM,Hilly/Mountainous,1304.35,1304.35,1222.83,85.68,93.75,2021-09-19,2026-04-20,2026-07-15,2025-11-03,2026-09-07,1479.26,4.6,1,13.41,1
PRJ-SYN-0583,SNAP-PRJ-SYN-0583-Q1,Bihar Economic Corridor Pkg 84,Highways,Ministry of Road Transport and Highways (MoRTH),State PWD (Highways),Bihar,EPC,Plains,156.57,156.57,56.22,38.64,35.91,2023-02-05,2025-09-05,2025-09-05,2024-01-01,2025-09-29,157.15,0.8,0,0.37,0
PRJ-SYN-0583,SNAP-PRJ-SYN-0583-Q2,Bihar Economic Corridor Pkg 84,Highways,Ministry of Road Transport and Highways (MoRTH),State PWD (Highways),Bihar,EPC,Plains,156.57,156.57,83.66,48.04,53.43,2023-02-05,2025-09-05,2025-09-05,2024-05-21,2025-09-29,157.15,0.8,0,0.37,0
PRJ-SYN-0583,SNAP-PRJ-SYN-0583-Q3,Bihar Economic Corridor Pkg 84,Highways,Ministry of Road Transport and Highways (MoRTH),State PWD (Highways),Bihar,EPC,Plains,156.57,160.11,123.38,77.74,77.06,2023-02-05,2025-09-05,2025-09-05,2025-02-28,2025-09-29,157.15,0.8,0,0.37,0
PRJ-SYN-0583,SNAP-PRJ-SYN-0583-Q4,Bihar Economic Corridor Pkg 84,Highways,Ministry of Road Transport and Highways (MoRTH),State PWD (Highways),Bihar,EPC,Plains,156.57,156.57,141.82,90.46,90.58,2023-02-05,2025-09-05,2025-09-05,2025-06-03,2025-09-29,157.15,0.8,0,0.37,0
PRJ-SYN-0584,SNAP-PRJ-SYN-0584-Q1,Telangana Rail Doubling & Third Line Section,Railways,Ministry of Railways (MoR),Dedicated Freight Corridor Corp (DFCCIL),Telangana,EPC,Hilly/Mountainous,870.29,870.29,212.7,22.35,24.44,2023-11-18,2027-02-17,2027-02-17,2024-07-12,2027-03-19,913.72,1.0,0,4.99,0
PRJ-SYN-0584,SNAP-PRJ-SYN-0584-Q2,Telangana Rail Doubling & Third Line Section,Railways,Ministry of Railways (MoR),Dedicated Freight Corridor Corp (DFCCIL),Telangana,EPC,Hilly/Mountainous,870.29,870.29,362.65,37.77,41.67,2023-11-18,2027-02-17,2027-02-17,2025-01-06,2027-03-19,913.72,1.0,0,4.99,0
PRJ-SYN-0584,SNAP-PRJ-SYN-0584-Q3,Telangana Rail Doubling & Third Line Section,Railways,Ministry of Railways (MoR),Dedicated Freight Corridor Corp (DFCCIL),Telangana,EPC,Hilly/Mountainous,870.29,870.29,460.56,48.14,52.92,2023-11-18,2027-02-17,2027-03-23,2025-07-03,2027-03-19,913.72,1.0,0,4.99,0
PRJ-SYN-0584,SNAP-PRJ-SYN-0584-Q4,Telangana Rail Doubling & Third Line Section,Railways,Ministry of Railways (MoR),Dedicated Freight Corridor Corp (DFCCIL),Telangana,EPC,Hilly/Mountainous,870.29,870.29,800.41,86.34,91.97,2023-11-18,2027-02-17,2027-02-17,2026-06-24,2027-03-19,913.72,1.0,0,4.99,0
PRJ-SYN-0585,SNAP-PRJ-SYN-0585-Q1,Uttar Pradesh Station Redevelopment & Quadrupling,Railways,Ministry of Railways (MoR),Dedicated Freight Corridor Corp (DFCCIL),Uttar Pradesh,EPC,Plains,1662.53,1662.53,902.42,52.58,54.28,2022-12-11,2028-10-10,2028-10-10,2025-11-10,2028-10-10,1805.51,0.0,0,8.6,0
PRJ-SYN-0585,SNAP-PRJ-SYN-0585-Q2,Uttar Pradesh Station Redevelopment & Quadrupling,Railways,Ministry of Railways (MoR),Dedicated Freight Corridor Corp (DFCCIL),Uttar Pradesh,EPC,Plains,1662.53,1685.65,1159.39,71.7,68.78,2022-12-11,2028-10-10,2029-01-02,2027-08-11,2028-10-10,1805.51,0.0,0,8.6,0
PRJ-SYN-0585,SNAP-PRJ-SYN-0585-Q3,Uttar Pradesh Station Redevelopment & Quadrupling,Railways,Ministry of Railways (MoR),Dedicated Freight Corridor Corp (DFCCIL),Uttar Pradesh,EPC,Plains,1662.53,1662.53,1595.03,90.58,95.94,2022-12-11,2028-10-10,2028-10-10,2028-03-11,2028-10-10,1805.51,0.0,0,8.6,0
PRJ-SYN-0586,SNAP-PRJ-SYN-0586-Q1,Andhra Pradesh Express Highway Corridor Phase III,Highways,Ministry of Road Transport and Highways (MoRTH),National Highways Authority of India (NHAI),Andhra Pradesh,EPC,Urban Dense,788.71,788.71,163.82,23.41,20.77,2018-11-16,2021-05-17,2021-05-17,2019-05-17,2021-06-13,823.97,0.9,0,4.47,0
PRJ-SYN-0586,SNAP-PRJ-SYN-0586-Q2,Andhra Pradesh Express Highway Corridor Phase III,Highways,Ministry of Road Transport and Highways (MoRTH),National Highways Authority of India (NHAI),Andhra Pradesh,EPC,Urban Dense,788.71,788.71,309.49,34.8,39.24,2018-11-16,2021-05-17,2021-05-17,2019-10-01,2021-06-13,823.97,0.9,0,4.47,0
PRJ-SYN-0586,SNAP-PRJ-SYN-0586-Q3,Andhra Pradesh Express Highway Corridor Phase III,Highways,Ministry of Road Transport and Highways (MoRTH),National Highways Authority of India (NHAI),Andhra Pradesh,EPC,Urban Dense,788.71,788.71,419.36,53.49,53.17,2018-11-16,2021-05-17,2021-06-22,2020-02-15,2021-06-13,823.97,0.9,0,4.47,0
PRJ-SYN-0586,SNAP-PRJ-SYN-0586-Q4,Andhra Pradesh Express Highway Corridor Phase III,Highways,Ministry of Road Transport and Highways (MoRTH),National Highways Authority of India (NHAI),Andhra Pradesh,EPC,Urban Dense,788.71,788.71,670.17,83.71,84.97,2018-11-16,2021-05-17,2021-05-17,2020-11-15,2021-06-13,823.97,0.9,0,4.47,0
PRJ-SYN-0587,SNAP-PRJ-SYN-0587-Q1,Punjab Express Highway Corridor Phase III,Highways,Ministry of Road Transport and Highways (MoRTH),NHIDCL,Punjab,EPC,Urban Dense,711.98,711.98,240.36,35.02,33.76,2019-09-03,2021-09-02,2021-09-02,2020-05-15,2021-09-02,734.41,0.0,0,3.15,0
PRJ-SYN-0587,SNAP-PRJ-SYN-0587-Q2,Punjab Express Highway Corridor Phase III,Highways,Ministry of Road Transport and Highways (MoRTH),NHIDCL,Punjab,EPC,Urban Dense,711.98,711.98,401.77,54.31,56.43,2019-09-03,2021-09-02,2021-09-02,2020-09-02,2021-09-02,734.41,0.0,0,3.15,0
PRJ-SYN-0587,SNAP-PRJ-SYN-0587-Q3,Punjab Express Highway Corridor Phase III,Highways,Ministry of Road Transport and Highways (MoRTH),NHIDCL,Punjab,EPC,Urban Dense,711.98,711.98,662.43,89.84,93.04,2019-09-03,2021-09-02,2021-09-02,2021-06-21,2021-09-02,734.41,0.0,0,3.15,0
PRJ-SYN-0588,SNAP-PRJ-SYN-0588-Q1,Maharashtra Metro Corridor Elevated Extension Phase I,Metro Rail,Ministry of Housing and Urban Affairs (MoHUA),Mumbai Metropolitan Region Development Authority (MMRDA),Maharashtra,Item Rate,Urban Dense,8072.19,8812.87,6076.47,65.4,68.95,2019-10-24,2028-06-23,2029-01-29,2025-06-11,2029-08-13,9917.49,13.7,1,22.86,1
PRJ-SYN-0588,SNAP-PRJ-SYN-0588-Q2,Maharashtra Metro Corridor Elevated Extension Phase I,Metro Rail,Ministry of Housing and Urban Affairs (MoHUA),Mumbai Metropolitan Region Development Authority (MMRDA),Maharashtra,Item Rate,Urban Dense,8072.19,9304.72,8681.3,84.76,93.3,2019-10-24,2028-06-23,2029-04-01,2027-08-11,2029-08-13,9917.49,13.7,1,22.86,1
PRJ-SYN-0589,SNAP-PRJ-SYN-0589-Q1,NH-99 4/6-Laning Bypass & Viaduct,Highways,Ministry of Road Transport and Highways (MoRTH),NHIDCL,Tamil Nadu,HAM,Plains,1740.78,1740.78,223.17,5.0,12.82,2021-03-26,2023-12-25,2023-12-25,2021-10-12,2026-02-23,2225.59,26.0,1,27.85,1
PRJ-SYN-0589,SNAP-PRJ-SYN-0589-Q2,NH-99 4/6-Laning Bypass & Viaduct,Highways,Ministry of Road Transport and Highways (MoRTH),NHIDCL,Tamil Nadu,HAM,Plains,1740.78,1891.19,453.89,17.89,24.0,2021-03-26,2023-12-25,2024-08-28,2022-08-10,2026-02-23,2225.59,26.0,1,27.85,1
PRJ-SYN-0589,SNAP-PRJ-SYN-0589-Q3,NH-99 4/6-Laning Bypass & Viaduct,Highways,Ministry of Road Transport and Highways (MoRTH),NHIDCL,Tamil Nadu,HAM,Plains,1740.78,2031.23,868.15,31.12,42.74,2021-03-26,2023-12-25,2025-02-11,2023-01-07,2026-02-23,2225.59,26.0,1,27.85,1
PRJ-SYN-0589,SNAP-PRJ-SYN-0589-Q4,NH-99 4/6-Laning Bypass & Viaduct,Highways,Ministry of Road Transport and Highways (MoRTH),NHIDCL,Tamil Nadu,HAM,Plains,1740.78,2057.56,1246.06,55.31,60.56,2021-03-26,2023-12-25,2023-12-25,2023-09-15,2026-02-23,2225.59,26.0,1,27.85,1
PRJ-SYN-0590,SNAP-PRJ-SYN-0590-Q1,Underground Sewerage System & 100 MLD STP,Urban Water & Sanitation,Ministry of Housing and Urban Affairs (MoHUA),Delhi Jal Board,Maharashtra,EPC,Plains,341.0,341.0,38.46,5.0,11.28,2023-08-24,2025-05-24,2025-07-03,2023-12-29,2026-02-03,376.43,8.4,1,10.39,1
PRJ-SYN-0590,SNAP-PRJ-SYN-0590-Q2,Underground Sewerage System & 100 MLD STP,Urban Water & Sanitation,Ministry of Housing and Urban Affairs (MoHUA),Delhi Jal Board,Maharashtra,EPC,Plains,341.0,341.0,97.66,18.21,28.64,2023-08-24,2025-05-24,2025-05-24,2024-04-03,2026-02-03,376.43,8.4,1,10.39,1
PRJ-SYN-0590,SNAP-PRJ-SYN-0590-Q3,Underground Sewerage System & 100 MLD STP,Urban Water & Sanitation,Ministry of Housing and Urban Affairs (MoHUA),Delhi Jal Board,Maharashtra,EPC,Plains,341.0,355.71,140.43,36.72,39.48,2023-08-24,2025-05-24,2025-05-24,2024-07-08,2026-02-03,376.43,8.4,1,10.39,1
PRJ-SYN-0590,SNAP-PRJ-SYN-0590-Q4,Underground Sewerage System & 100 MLD STP,Urban Water & Sanitation,Ministry of Housing and Urban Affairs (MoHUA),Delhi Jal Board,Maharashtra,EPC,Plains,341.0,373.1,324.0,75.22,86.84,2023-08-24,2025-05-24,2026-01-11,2025-03-21,2026-02-03,376.43,8.4,1,10.39,1
PRJ-SYN-0591,SNAP-PRJ-SYN-0591-Q1,Haryana Rail Doubling & Third Line Section,Railways,Ministry of Railways (MoR),IRCON International,Haryana,Item Rate,Urban Dense,479.09,479.09,92.13,9.08,19.23,2021-08-10,2026-06-10,2027-03-07,2023-04-19,2029-09-12,616.64,39.1,1,28.71,1
PRJ-SYN-0591,SNAP-PRJ-SYN-0591-Q2,Haryana Rail Doubling & Third Line Section,Railways,Ministry of Railways (MoR),IRCON International,Haryana,Item Rate,Urban Dense,479.09,479.09,269.01,54.06,56.15,2021-08-10,2026-06-10,2028-11-05,2025-06-22,2029-09-12,616.64,39.1,1,28.71,1
PRJ-SYN-0591,SNAP-PRJ-SYN-0591-Q3,Haryana Rail Doubling & Third Line Section,Railways,Ministry of Railways (MoR),IRCON International,Haryana,Item Rate,Urban Dense,479.09,598.88,505.69,73.17,84.44,2021-08-10,2026-06-10,2028-05-11,2025-12-15,2029-09-12,616.64,39.1,1,28.71,1
PRJ-SYN-0592,SNAP-PRJ-SYN-0592-Q1,Maharashtra Station Redevelopment & Quadrupling,Railways,Ministry of Railways (MoR),CORE,Maharashtra,Item Rate,Hilly/Mountainous,3188.45,3547.27,1300.43,28.55,36.66,2022-07-01,2026-10-30,2026-10-30,2024-08-30,2029-01-01,4190.26,26.1,1,31.42,1
PRJ-SYN-0592,SNAP-PRJ-SYN-0592-Q2,Maharashtra Station Redevelopment & Quadrupling,Railways,Ministry of Railways (MoR),CORE,Maharashtra,Item Rate,Hilly/Mountainous,3188.45,3780.64,2223.77,47.13,58.82,2022-07-01,2026-10-30,2028-02-09,2025-04-24,2029-01-01,4190.26,26.1,1,31.42,1
PRJ-SYN-0592,SNAP-PRJ-SYN-0592-Q3,Maharashtra Station Redevelopment & Quadrupling,Railways,Ministry of Railways (MoR),CORE,Maharashtra,Item Rate,Hilly/Mountainous,3188.45,4059.57,3133.18,74.19,77.18,2022-07-01,2026-10-30,2028-02-11,2026-05-25,2029-01-01,4190.26,26.1,1,31.42,1
PRJ-SYN-0593,SNAP-PRJ-SYN-0593-Q1,Maharashtra Rail Doubling & Third Line Section,Railways,Ministry of Railways (MoR),Dedicated Freight Corridor Corp (DFCCIL),Maharashtra,Turnkey,Urban Dense,1409.05,1469.99,690.75,46.17,46.99,2020-05-09,2024-12-08,2024-12-08,2022-08-24,2025-02-12,1483.03,2.2,0,5.25,0
PRJ-SYN-0593,SNAP-PRJ-SYN-0593-Q2,Maharashtra Rail Doubling & Third Line Section,Railways,Ministry of Railways (MoR),Dedicated Freight Corridor Corp (DFCCIL),Maharashtra,Turnkey,Urban Dense,1409.05,1409.05,1087.08,76.55,77.15,2020-05-09,2024-12-08,2024-12-08,2024-01-08,2025-02-12,1483.03,2.2,0,5.25,0
PRJ-SYN-0594,SNAP-PRJ-SYN-0594-Q1,Punjab Station Redevelopment & Quadrupling,Railways,Ministry of Railways (MoR),CORE,Punjab,Item Rate,Plains,3061.72,3061.72,696.54,11.06,22.75,2022-06-22,2027-01-21,2027-03-08,2023-05-22,2028-05-15,3377.69,15.8,1,10.32,1
PRJ-SYN-0594,SNAP-PRJ-SYN-0594-Q2,Punjab Station Redevelopment & Quadrupling,Railways,Ministry of Railways (MoR),CORE,Punjab,Item Rate,Plains,3061.72,3121.66,1174.68,25.78,37.63,2022-06-22,2027-01-21,2027-01-21,2024-01-28,2028-05-15,3377.69,15.8,1,10.32,1
PRJ-SYN-0594,SNAP-PRJ-SYN-0594-Q3,Punjab Station Redevelopment & Quadrupling,Railways,Ministry of Railways (MoR),CORE,Punjab,Item Rate,Plains,3061.72,3061.72,1385.73,34.37,45.26,2022-06-22,2027-01-21,2027-09-04,2024-10-06,2028-05-15,3377.69,15.8,1,10.32,1
PRJ-SYN-0594,SNAP-PRJ-SYN-0594-Q4,Punjab Station Redevelopment & Quadrupling,Railways,Ministry of Railways (MoR),CORE,Punjab,Item Rate,Plains,3061.72,3308.15,2502.95,69.75,75.66,2022-06-22,2027-01-21,2027-01-21,2026-02-20,2028-05-15,3377.69,15.8,1,10.32,1
PRJ-SYN-0595,SNAP-PRJ-SYN-0595-Q1,Uttar Pradesh Express Highway Corridor Phase I,Highways,Ministry of Road Transport and Highways (MoRTH),National Highways Authority of India (NHAI),Uttar Pradesh,EPC,Hilly/Mountainous,867.55,867.55,136.21,5.0,15.7,2022-02-22,2024-04-23,2024-08-28,2022-11-25,2026-02-06,1132.85,21.5,1,30.58,1
PRJ-SYN-0595,SNAP-PRJ-SYN-0595-Q2,Uttar Pradesh Express Highway Corridor Phase I,Highways,Ministry of Road Transport and Highways (MoRTH),National Highways Authority of India (NHAI),Uttar Pradesh,EPC,Hilly/Mountainous,867.55,968.73,221.26,13.68,22.84,2022-02-22,2024-04-23,2024-12-13,2023-03-24,2026-02-06,1132.85,21.5,1,30.58,1
PRJ-SYN-0595,SNAP-PRJ-SYN-0595-Q3,Uttar Pradesh Express Highway Corridor Phase I,Highways,Ministry of Road Transport and Highways (MoRTH),National Highways Authority of India (NHAI),Uttar Pradesh,EPC,Hilly/Mountainous,867.55,1075.78,783.17,61.78,72.8,2022-02-22,2024-04-23,2025-09-14,2024-02-04,2026-02-06,1132.85,21.5,1,30.58,1
PRJ-SYN-0596,SNAP-PRJ-SYN-0596-Q1,Deep Draft Container Terminal Berth 13,Ports & Shipping,"Ministry of Ports, Shipping and Waterways (MoPSW)",Syama Prasad Mookerjee Port,Karnataka,BOT,Hilly/Mountainous,769.57,769.57,171.0,20.77,22.22,2018-01-20,2021-06-20,2021-06-20,2018-09-26,2021-07-08,806.51,0.6,0,4.8,0
PRJ-SYN-0596,SNAP-PRJ-SYN-0596-Q2,Deep Draft Container Terminal Berth 13,Ports & Shipping,"Ministry of Ports, Shipping and Waterways (MoPSW)",Syama Prasad Mookerjee Port,Karnataka,BOT,Hilly/Mountainous,769.57,769.57,344.38,39.27,44.75,2018-01-20,2021-06-20,2021-06-20,2019-04-01,2021-07-08,806.51,0.6,0,4.8,0
PRJ-SYN-0596,SNAP-PRJ-SYN-0596-Q3,Deep Draft Container Terminal Berth 13,Ports & Shipping,"Ministry of Ports, Shipping and Waterways (MoPSW)",Syama Prasad Mookerjee Port,Karnataka,BOT,Hilly/Mountainous,769.57,769.57,388.4,49.01,50.47,2018-01-20,2021-06-20,2021-06-20,2019-10-05,2021-07-08,806.51,0.6,0,4.8,0
PRJ-SYN-0596,SNAP-PRJ-SYN-0596-Q4,Deep Draft Container Terminal Berth 13,Ports & Shipping,"Ministry of Ports, Shipping and Waterways (MoPSW)",Syama Prasad Mookerjee Port,Karnataka,BOT,Hilly/Mountainous,769.57,769.57,648.75,83.23,84.3,2018-01-20,2021-06-20,2021-06-20,2020-10-14,2021-07-08,806.51,0.6,0,4.8,0
PRJ-SYN-0597,SNAP-PRJ-SYN-0597-Q1,Andhra Pradesh Express Highway Corridor Phase II,Highways,Ministry of Road Transport and Highways (MoRTH),National Highways Authority of India (NHAI),Andhra Pradesh,HAM,Plains,593.72,593.72,111.86,18.88,18.84,2023-10-26,2027-03-26,2027-03-26,2024-07-01,2027-05-25,598.41,2.0,0,0.79,0
PRJ-SYN-0597,SNAP-PRJ-SYN-0597-Q2,Andhra Pradesh Express Highway Corridor Phase II,Highways,Ministry of Road Transport and Highways (MoRTH),National Highways Authority of India (NHAI),Andhra Pradesh,HAM,Plains,593.72,593.72,197.53,33.09,33.27,2023-10-26,2027-03-26,2027-03-26,2025-01-04,2027-05-25,598.41,2.0,0,0.79,0
PRJ-SYN-0598,SNAP-PRJ-SYN-0598-Q1,Freight Corridor Feeder Line 94,Railways,Ministry of Railways (MoR),IRCON International,Madhya Pradesh,EPC,Plains,297.64,297.64,159.09,51.96,53.45,2023-08-09,2026-04-09,2026-04-09,2024-12-08,2026-04-24,300.77,0.5,0,1.05,0
PRJ-SYN-0598,SNAP-PRJ-SYN-0598-Q2,Freight Corridor Feeder Line 94,Railways,Ministry of Railways (MoR),IRCON International,Madhya Pradesh,EPC,Plains,297.64,297.64,250.88,79.84,84.29,2023-08-09,2026-04-09,2026-07-23,2025-09-26,2026-04-24,300.77,0.5,0,1.05,0
PRJ-SYN-0598,SNAP-PRJ-SYN-0598-Q3,Freight Corridor Feeder Line 94,Railways,Ministry of Railways (MoR),IRCON International,Madhya Pradesh,EPC,Plains,297.64,297.64,276.33,87.84,92.84,2023-08-09,2026-04-09,2026-04-09,2026-01-01,2026-04-24,300.77,0.5,0,1.05,0
PRJ-SYN-0599,SNAP-PRJ-SYN-0599-Q1,Haryana Express Highway Corridor Phase III,Highways,Ministry of Road Transport and Highways (MoRTH),National Highways Authority of India (NHAI),Haryana,HAM,Urban Dense,284.05,284.05,91.15,34.71,32.09,2021-06-02,2023-11-01,2023-11-01,2022-04-06,2023-11-01,293.4,0.0,0,3.29,0
PRJ-SYN-0599,SNAP-PRJ-SYN-0599-Q2,Haryana Express Highway Corridor Phase III,Highways,Ministry of Road Transport and Highways (MoRTH),National Highways Authority of India (NHAI),Haryana,HAM,Urban Dense,284.05,284.05,140.49,45.45,49.46,2021-06-02,2023-11-01,2023-11-01,2022-08-17,2023-11-01,293.4,0.0,0,3.29,0
PRJ-SYN-0599,SNAP-PRJ-SYN-0599-Q3,Haryana Express Highway Corridor Phase III,Highways,Ministry of Road Transport and Highways (MoRTH),National Highways Authority of India (NHAI),Haryana,HAM,Urban Dense,284.05,284.05,181.39,66.05,63.86,2021-06-02,2023-11-01,2023-11-01,2022-12-27,2023-11-01,293.4,0.0,0,3.29,0
PRJ-SYN-0600,SNAP-PRJ-SYN-0600-Q1,765kV High Voltage Transmission Substation,Power & Renewable Energy,Ministry of Power / MNRE,NTPC Limited,West Bengal,EPC,Urban Dense,470.41,470.41,183.65,34.36,39.04,2019-11-16,2023-06-16,2023-06-16,2021-02-16,2023-07-07,494.92,0.7,0,5.21,0
PRJ-SYN-0600,SNAP-PRJ-SYN-0600-Q2,765kV High Voltage Transmission Substation,Power & Renewable Energy,Ministry of Power / MNRE,NTPC Limited,West Bengal,EPC,Urban Dense,470.41,470.41,405.07,85.59,86.11,2019-11-16,2023-06-16,2023-06-16,2022-09-28,2023-07-07,494.92,0.7,0,5.21,0
PRJ-SYN-0601,SNAP-PRJ-SYN-0601-Q1,West Bengal Metro Line 66 Underground Section,Metro Rail,Ministry of Housing and Urban Affairs (MoHUA),Chennai Metro Rail Ltd (CMRL),West Bengal,Item Rate,Plains,4124.35,4295.05,2424.56,45.56,56.45,2018-01-03,2023-10-04,2024-03-14,2020-11-18,2025-01-20,4621.33,15.6,1,12.05,1
PRJ-SYN-0601,SNAP-PRJ-SYN-0601-Q2,West Bengal Metro Line 66 Underground Section,Metro Rail,Ministry of Housing and Urban Affairs (MoHUA),Chennai Metro Rail Ltd (CMRL),West Bengal,Item Rate,Plains,4124.35,4406.64,3494.02,68.5,79.29,2018-01-03,2023-10-04,2024-09-13,2022-08-10,2025-01-20,4621.33,15.6,1,12.05,1
PRJ-SYN-0602,SNAP-PRJ-SYN-0602-Q1,Gujarat Express Highway Corridor Phase IV,Highways,Ministry of Road Transport and Highways (MoRTH),NHIDCL,Gujarat,EPC,Hilly/Mountainous,1215.17,1269.88,537.41,32.45,42.32,2023-01-02,2026-10-02,2026-10-02,2024-04-25,2027-01-16,1441.19,3.5,1,18.6,1
PRJ-SYN-0602,SNAP-PRJ-SYN-0602-Q2,Gujarat Express Highway Corridor Phase IV,Highways,Ministry of Road Transport and Highways (MoRTH),NHIDCL,Gujarat,EPC,Hilly/Mountainous,1215.17,1287.84,664.91,47.45,51.63,2023-01-02,2026-10-02,2026-10-02,2024-11-16,2027-01-16,1441.19,3.5,1,18.6,1
PRJ-SYN-0602,SNAP-PRJ-SYN-0602-Q3,Gujarat Express Highway Corridor Phase IV,Highways,Ministry of Road Transport and Highways (MoRTH),NHIDCL,Gujarat,EPC,Hilly/Mountainous,1215.17,1215.17,881.48,65.78,72.54,2023-01-02,2026-10-02,2026-12-04,2025-06-10,2027-01-16,1441.19,3.5,1,18.6,1
PRJ-SYN-0602,SNAP-PRJ-SYN-0602-Q4,Gujarat Express Highway Corridor Phase IV,Highways,Ministry of Road Transport and Highways (MoRTH),NHIDCL,Gujarat,EPC,Hilly/Mountainous,1215.17,1340.0,1118.63,78.18,83.48,2023-01-02,2026-10-02,2026-11-29,2026-01-01,2027-01-16,1441.19,3.5,1,18.6,1
PRJ-SYN-0603,SNAP-PRJ-SYN-0603-Q1,Madhya Pradesh Station Redevelopment & Quadrupling,Railways,Ministry of Railways (MoR),IRCON International,Madhya Pradesh,EPC,Plains,3163.36,3163.36,524.8,19.26,16.59,2021-07-13,2028-01-12,2028-01-12,2022-10-30,2028-02-26,3175.06,1.5,0,0.37,0
PRJ-SYN-0603,SNAP-PRJ-SYN-0603-Q2,Madhya Pradesh Station Redevelopment & Quadrupling,Railways,Ministry of Railways (MoR),IRCON International,Madhya Pradesh,EPC,Plains,3163.36,3285.68,1304.41,37.98,39.7,2021-07-13,2028-01-12,2028-04-11,2023-10-21,2028-02-26,3175.06,1.5,0,0.37,0
PRJ-SYN-0603,SNAP-PRJ-SYN-0603-Q3,Madhya Pradesh Station Redevelopment & Quadrupling,Railways,Ministry of Railways (MoR),IRCON International,Madhya Pradesh,EPC,Plains,3163.36,3163.36,2459.51,79.24,77.75,2021-07-13,2028-01-12,2028-01-12,2026-09-24,2028-02-26,3175.06,1.5,0,0.37,0
PRJ-SYN-0603,SNAP-PRJ-SYN-0603-Q4,Madhya Pradesh Station Redevelopment & Quadrupling,Railways,Ministry of Railways (MoR),IRCON International,Madhya Pradesh,EPC,Plains,3163.36,3163.36,2975.77,89.61,94.07,2021-07-13,2028-01-12,2028-01-12,2027-05-19,2028-02-26,3175.06,1.5,0,0.37,0
PRJ-SYN-0604,SNAP-PRJ-SYN-0604-Q1,Uttar Pradesh Ring Metro Transit System Pkg 25,Metro Rail,Ministry of Housing and Urban Affairs (MoHUA),Chennai Metro Rail Ltd (CMRL),Uttar Pradesh,EPC,Plains,5775.21,5775.21,1075.92,16.51,18.63,2022-06-11,2030-07-11,2030-07-11,2024-01-22,2030-09-09,6376.41,2.0,0,10.41,1
PRJ-SYN-0604,SNAP-PRJ-SYN-0604-Q2,Uttar Pradesh Ring Metro Transit System Pkg 25,Metro Rail,Ministry of Housing and Urban Affairs (MoHUA),Chennai Metro Rail Ltd (CMRL),Uttar Pradesh,EPC,Plains,5775.21,5959.18,3425.34,50.04,57.48,2022-06-11,2030-07-11,2030-09-10,2026-06-26,2030-09-09,6376.41,2.0,0,10.41,1
PRJ-SYN-0604,SNAP-PRJ-SYN-0604-Q3,Uttar Pradesh Ring Metro Transit System Pkg 25,Metro Rail,Ministry of Housing and Urban Affairs (MoHUA),Chennai Metro Rail Ltd (CMRL),Uttar Pradesh,EPC,Plains,5775.21,6045.89,4239.98,67.6,70.13,2022-06-11,2030-07-11,2030-07-11,2027-09-12,2030-09-09,6376.41,2.0,0,10.41,1
PRJ-SYN-0604,SNAP-PRJ-SYN-0604-Q4,Uttar Pradesh Ring Metro Transit System Pkg 25,Metro Rail,Ministry of Housing and Urban Affairs (MoHUA),Chennai Metro Rail Ltd (CMRL),Uttar Pradesh,EPC,Plains,5775.21,6190.44,5966.97,93.43,96.39,2022-06-11,2030-07-11,2030-07-11,2029-09-19,2030-09-09,6376.41,2.0,0,10.41,1
PRJ-SYN-0605,SNAP-PRJ-SYN-0605-Q1,765kV High Voltage Transmission Substation,Power & Renewable Energy,Ministry of Power / MNRE,NTPC Limited,West Bengal,HAM,Coastal,350.18,366.12,52.79,17.25,14.42,2020-11-07,2024-07-08,2024-07-08,2021-08-01,2024-09-03,355.64,1.9,0,1.56,0
PRJ-SYN-0605,SNAP-PRJ-SYN-0605-Q2,765kV High Voltage Transmission Substation,Power & Renewable Energy,Ministry of Power / MNRE,NTPC Limited,West Bengal,HAM,Coastal,350.18,350.18,296.78,82.41,84.75,2020-11-07,2024-07-08,2024-07-08,2023-10-14,2024-09-03,355.64,1.9,0,1.56,0
PRJ-SYN-0606,SNAP-PRJ-SYN-0606-Q1,NH-99 4/6-Laning Bypass & Viaduct,Highways,Ministry of Road Transport and Highways (MoRTH),NHIDCL,Tamil Nadu,EPC,Hilly/Mountainous,689.4,689.4,83.9,5.0,12.17,2018-11-23,2021-09-22,2021-09-22,2019-06-17,2023-12-01,905.94,26.3,1,31.41,1
PRJ-SYN-0606,SNAP-PRJ-SYN-0606-Q2,NH-99 4/6-Laning Bypass & Viaduct,Highways,Ministry of Road Transport and Highways (MoRTH),NHIDCL,Tamil Nadu,EPC,Hilly/Mountainous,689.4,791.53,356.82,34.24,45.08,2018-11-23,2021-09-22,2021-09-22,2020-09-25,2023-12-01,905.94,26.3,1,31.41,1
PRJ-SYN-0606,SNAP-PRJ-SYN-0606-Q3,NH-99 4/6-Laning Bypass & Viaduct,Highways,Ministry of Road Transport and Highways (MoRTH),NHIDCL,Tamil Nadu,EPC,Hilly/Mountainous,689.4,893.55,566.51,57.87,63.4,2018-11-23,2021-09-22,2023-01-16,2021-06-11,2023-12-01,905.94,26.3,1,31.41,1
PRJ-SYN-0607,SNAP-PRJ-SYN-0607-Q1,Uttarakhand Ultra Mega Solar Power Park 34 MW,Power & Renewable Energy,Ministry of Power / MNRE,Power Grid Corporation (PGCIL),Uttarakhand,EPC,Plains,2066.07,2066.07,588.83,23.44,28.5,2023-10-08,2026-01-06,2026-01-06,2024-03-20,2026-03-17,2066.69,2.3,0,0.03,0
PRJ-SYN-0607,SNAP-PRJ-SYN-0607-Q2,Uttarakhand Ultra Mega Solar Power Park 34 MW,Power & Renewable Energy,Ministry of Power / MNRE,Power Grid Corporation (PGCIL),Uttarakhand,EPC,Plains,2066.07,2066.07,1074.98,49.81,52.03,2023-10-08,2026-01-06,2026-01-06,2024-11-21,2026-03-17,2066.69,2.3,0,0.03,0
PRJ-SYN-0607,SNAP-PRJ-SYN-0607-Q3,Uttarakhand Ultra Mega Solar Power Park 34 MW,Power & Renewable Energy,Ministry of Power / MNRE,Power Grid Corporation (PGCIL),Uttarakhand,EPC,Plains,2066.07,2066.07,1313.81,65.8,63.59,2023-10-08,2026-01-06,2026-01-06,2025-03-25,2026-03-17,2066.69,2.3,0,0.03,0
PRJ-SYN-0608,SNAP-PRJ-SYN-0608-Q1,Border Road Strategic Connectivity Link 14,Highways,Ministry of Road Transport and Highways (MoRTH),NHIDCL,Rajasthan,HAM,Plains,4067.23,4067.23,887.06,18.23,21.81,2018-06-26,2021-10-25,2021-10-25,2019-02-24,2021-10-25,4109.53,0.0,0,1.04,0
PRJ-SYN-0608,SNAP-PRJ-SYN-0608-Q2,Border Road Strategic Connectivity Link 14,Highways,Ministry of Road Transport and Highways (MoRTH),NHIDCL,Rajasthan,HAM,Plains,4067.23,4067.23,2640.04,65.3,64.91,2018-06-26,2021-10-25,2021-10-25,2020-08-25,2021-10-25,4109.53,0.0,0,1.04,0
PRJ-SYN-0608,SNAP-PRJ-SYN-0608-Q3,Border Road Strategic Connectivity Link 14,Highways,Ministry of Road Transport and Highways (MoRTH),NHIDCL,Rajasthan,HAM,Plains,4067.23,4067.23,3395.32,77.74,83.48,2018-06-26,2021-10-25,2021-10-25,2021-02-24,2021-10-25,4109.53,0.0,0,1.04,0
PRJ-SYN-0608,SNAP-PRJ-SYN-0608-Q4,Border Road Strategic Connectivity Link 14,Highways,Ministry of Road Transport and Highways (MoRTH),NHIDCL,Rajasthan,HAM,Plains,4067.23,4067.23,3557.61,85.16,87.47,2018-06-26,2021-10-25,2021-10-25,2021-06-25,2021-10-25,4109.53,0.0,0,1.04,0
PRJ-SYN-0609,SNAP-PRJ-SYN-0609-Q1,Border Road Strategic Connectivity Link 84,Highways,Ministry of Road Transport and Highways (MoRTH),State PWD (Highways),Maharashtra,HAM,Plains,904.07,904.07,66.54,5.79,7.36,2018-01-24,2020-07-25,2020-07-25,2018-07-25,2021-04-09,966.81,8.5,1,6.94,0
PRJ-SYN-0609,SNAP-PRJ-SYN-0609-Q2,Border Road Strategic Connectivity Link 84,Highways,Ministry of Road Transport and Highways (MoRTH),State PWD (Highways),Maharashtra,HAM,Plains,904.07,904.07,494.35,53.01,54.68,2018-01-24,2020-07-25,2020-12-26,2019-09-09,2021-04-09,966.81,8.5,1,6.94,0
PRJ-SYN-0610,SNAP-PRJ-SYN-0610-Q1,Tamil Nadu Rail Doubling & Third Line Section,Railways,Ministry of Railways (MoR),CORE,Tamil Nadu,HAM,Plains,8225.56,8225.56,1038.07,8.44,12.62,2018-03-21,2022-12-19,2023-02-13,2019-03-02,2023-11-24,8937.07,11.2,1,8.65,0
PRJ-SYN-0610,SNAP-PRJ-SYN-0610-Q2,Tamil Nadu Rail Doubling & Third Line Section,Railways,Ministry of Railways (MoR),CORE,Tamil Nadu,HAM,Plains,8225.56,8225.56,3428.41,37.16,41.68,2018-03-21,2022-12-19,2022-12-19,2020-08-04,2023-11-24,8937.07,11.2,1,8.65,0
PRJ-SYN-0611,SNAP-PRJ-SYN-0611-Q1,NH-23 4/6-Laning Bypass & Viaduct,Highways,Ministry of Road Transport and Highways (MoRTH),NHIDCL,Andhra Pradesh,Item Rate,Plains,3622.2,3622.2,687.86,20.88,18.99,2021-10-26,2024-06-26,2024-06-26,2022-05-08,2024-09-22,3742.09,2.9,0,3.31,0
PRJ-SYN-0611,SNAP-PRJ-SYN-0611-Q2,NH-23 4/6-Laning Bypass & Viaduct,Highways,Ministry of Road Transport and Highways (MoRTH),NHIDCL,Andhra Pradesh,Item Rate,Plains,3622.2,3719.26,1340.42,35.31,36.04,2021-10-26,2024-06-26,2024-06-26,2022-10-01,2024-09-22,3742.09,2.9,0,3.31,0
PRJ-SYN-0611,SNAP-PRJ-SYN-0611-Q3,NH-23 4/6-Laning Bypass & Viaduct,Highways,Ministry of Road Transport and Highways (MoRTH),NHIDCL,Andhra Pradesh,Item Rate,Plains,3622.2,3622.2,2352.26,64.2,64.94,2021-10-26,2024-06-26,2024-06-26,2023-07-21,2024-09-22,3742.09,2.9,0,3.31,0
PRJ-SYN-0611,SNAP-PRJ-SYN-0611-Q4,NH-23 4/6-Laning Bypass & Viaduct,Highways,Ministry of Road Transport and Highways (MoRTH),NHIDCL,Andhra Pradesh,Item Rate,Plains,3622.2,3622.2,3216.15,91.59,88.79,2021-10-26,2024-06-26,2024-06-26,2024-03-20,2024-09-22,3742.09,2.9,0,3.31,0
PRJ-SYN-0612,SNAP-PRJ-SYN-0612-Q1,Border Road Strategic Connectivity Link 25,Highways,Ministry of Road Transport and Highways (MoRTH),NHIDCL,Himachal Pradesh,EPC,Hilly/Mountainous,3042.69,3042.69,758.85,19.42,24.94,2022-09-05,2027-01-04,2027-01-04,2023-07-18,2027-03-24,3124.23,2.6,0,2.68,0
PRJ-SYN-0612,SNAP-PRJ-SYN-0612-Q2,Border Road Strategic Connectivity Link 25,Highways,Ministry of Road Transport and Highways (MoRTH),NHIDCL,Himachal Pradesh,EPC,Hilly/Mountainous,3042.69,3081.47,1122.58,32.31,36.43,2022-09-05,2027-01-04,2027-01-04,2024-03-11,2027-03-24,3124.23,2.6,0,2.68,0
PRJ-SYN-0612,SNAP-PRJ-SYN-0612-Q3,Border Road Strategic Connectivity Link 25,Highways,Ministry of Road Transport and Highways (MoRTH),NHIDCL,Himachal Pradesh,EPC,Hilly/Mountainous,3042.69,3124.61,2756.84,89.79,88.23,2022-09-05,2027-01-04,2027-02-15,2026-07-30,2027-03-24,3124.23,2.6,0,2.68,0
PRJ-SYN-0613,SNAP-PRJ-SYN-0613-Q1,Uttar Pradesh Express Highway Corridor Phase I,Highways,Ministry of Road Transport and Highways (MoRTH),NHIDCL,Uttar Pradesh,HAM,Urban Dense,1309.0,1349.23,511.22,31.97,37.89,2021-03-23,2023-08-22,2023-09-22,2022-01-25,2023-12-09,1481.79,3.6,1,13.2,1
PRJ-SYN-0613,SNAP-PRJ-SYN-0613-Q2,Uttar Pradesh Express Highway Corridor Phase I,Highways,Ministry of Road Transport and Highways (MoRTH),NHIDCL,Uttar Pradesh,HAM,Urban Dense,1309.0,1309.0,937.11,64.46,71.59,2021-03-23,2023-08-22,2023-08-22,2022-10-17,2023-12-09,1481.79,3.6,1,13.2,1
PRJ-SYN-0613,SNAP-PRJ-SYN-0613-Q3,Uttar Pradesh Express Highway Corridor Phase I,Highways,Ministry of Road Transport and Highways (MoRTH),NHIDCL,Uttar Pradesh,HAM,Urban Dense,1309.0,1444.82,1189.95,75.24,82.36,2021-03-23,2023-08-22,2023-10-20,2023-02-27,2023-12-09,1481.79,3.6,1,13.2,1
PRJ-SYN-0614,SNAP-PRJ-SYN-0614-Q1,Uttar Pradesh Rail Doubling & Third Line Section,Railways,Ministry of Railways (MoR),Rail Vikas Nigam Ltd (RVNL),Uttar Pradesh,HAM,Hilly/Mountainous,4446.14,4547.45,409.73,5.0,9.01,2019-01-16,2025-01-15,2025-07-06,2020-03-29,2027-11-15,5596.8,34.0,1,25.88,1
PRJ-SYN-0614,SNAP-PRJ-SYN-0614-Q2,Uttar Pradesh Rail Doubling & Third Line Section,Railways,Ministry of Railways (MoR),Rail Vikas Nigam Ltd (RVNL),Uttar Pradesh,HAM,Hilly/Mountainous,4446.14,5368.05,4154.33,70.87,77.39,2019-01-16,2025-01-15,2027-08-23,2024-06-10,2027-11-15,5596.8,34.0,1,25.88,1
PRJ-SYN-0615,SNAP-PRJ-SYN-0615-Q1,Rajasthan Express Highway Corridor Phase III,Highways,Ministry of Road Transport and Highways (MoRTH),National Highways Authority of India (NHAI),Rajasthan,HAM,Urban Dense,517.78,530.93,235.84,39.52,44.42,2021-12-05,2025-05-05,2025-05-05,2023-02-14,2025-05-05,548.74,0.0,0,5.98,0
PRJ-SYN-0615,SNAP-PRJ-SYN-0615-Q2,Rajasthan Express Highway Corridor Phase III,Highways,Ministry of Road Transport and Highways (MoRTH),National Highways Authority of India (NHAI),Rajasthan,HAM,Urban Dense,517.78,517.78,233.52,44.4,45.1,2021-12-05,2025-05-05,2025-05-05,2023-08-20,2025-05-05,548.74,0.0,0,5.98,0
PRJ-SYN-0616,SNAP-PRJ-SYN-0616-Q1,Uttar Pradesh Station Redevelopment & Quadrupling,Railways,Ministry of Railways (MoR),CORE,Uttar Pradesh,EPC,Plains,783.43,783.43,190.53,20.65,24.32,2022-03-23,2025-03-22,2025-03-22,2022-10-28,2025-03-22,802.08,0.0,0,2.38,0
PRJ-SYN-0616,SNAP-PRJ-SYN-0616-Q2,Uttar Pradesh Station Redevelopment & Quadrupling,Railways,Ministry of Railways (MoR),CORE,Uttar Pradesh,EPC,Plains,783.43,783.43,417.49,49.15,53.29,2022-03-23,2025-03-22,2025-03-22,2023-09-21,2025-03-22,802.08,0.0,0,2.38,0
PRJ-SYN-0616,SNAP-PRJ-SYN-0616-Q3,Uttar Pradesh Station Redevelopment & Quadrupling,Railways,Ministry of Railways (MoR),CORE,Uttar Pradesh,EPC,Plains,783.43,783.43,700.31,84.7,89.39,2022-03-23,2025-03-22,2025-03-22,2024-08-15,2025-03-22,802.08,0.0,0,2.38,0
PRJ-SYN-0617,SNAP-PRJ-SYN-0617-Q1,Border Road Strategic Connectivity Link 81,Highways,Ministry of Road Transport and Highways (MoRTH),NHIDCL,Tamil Nadu,HAM,Hilly/Mountainous,328.19,328.19,163.93,47.86,49.95,2019-02-17,2021-03-18,2021-03-18,2020-03-03,2021-05-30,349.26,2.4,0,6.42,0
PRJ-SYN-0617,SNAP-PRJ-SYN-0617-Q2,Border Road Strategic Connectivity Link 81,Highways,Ministry of Road Transport and Highways (MoRTH),NHIDCL,Tamil Nadu,HAM,Hilly/Mountainous,328.19,328.19,246.54,77.51,75.12,2019-02-17,2021-03-18,2021-03-18,2020-10-17,2021-05-30,349.26,2.4,0,6.42,0
PRJ-SYN-0618,SNAP-PRJ-SYN-0618-Q1,Uttarakhand Station Redevelopment & Quadrupling,Railways,Ministry of Railways (MoR),Rail Vikas Nigam Ltd (RVNL),Uttarakhand,Item Rate,Plains,664.93,664.93,419.64,65.21,63.11,2019-02-26,2022-02-25,2022-02-25,2021-02-07,2022-04-29,692.19,2.1,0,4.1,0
PRJ-SYN-0618,SNAP-PRJ-SYN-0618-Q2,Uttarakhand Station Redevelopment & Quadrupling,Railways,Ministry of Railways (MoR),Rail Vikas Nigam Ltd (RVNL),Uttarakhand,Item Rate,Plains,664.93,664.93,615.46,89.67,92.56,2019-02-26,2022-02-25,2022-02-25,2021-11-08,2022-04-29,692.19,2.1,0,4.1,0
PRJ-SYN-0619,SNAP-PRJ-SYN-0619-Q1,Punjab Metro Line 95 Underground Section,Metro Rail,Ministry of Housing and Urban Affairs (MoHUA),Chennai Metro Rail Ltd (CMRL),Punjab,EPC,Coastal,12484.01,12688.05,4580.39,34.29,36.1,2018-11-12,2023-11-12,2023-11-12,2020-08-12,2024-01-08,12643.81,1.9,0,1.28,0
PRJ-SYN-0619,SNAP-PRJ-SYN-0619-Q2,Punjab Metro Line 95 Underground Section,Metro Rail,Ministry of Housing and Urban Affairs (MoHUA),Chennai Metro Rail Ltd (CMRL),Punjab,EPC,Coastal,12484.01,12484.01,7057.21,53.08,56.53,2018-11-12,2023-11-12,2024-01-15,2021-05-13,2024-01-08,12643.81,1.9,0,1.28,0
PRJ-SYN-0619,SNAP-PRJ-SYN-0619-Q3,Punjab Metro Line 95 Underground Section,Metro Rail,Ministry of Housing and Urban Affairs (MoHUA),Chennai Metro Rail Ltd (CMRL),Punjab,EPC,Coastal,12484.01,12484.01,8692.62,64.8,69.63,2018-11-12,2023-11-12,2024-02-18,2022-02-11,2024-01-08,12643.81,1.9,0,1.28,0
PRJ-SYN-0620,SNAP-PRJ-SYN-0620-Q1,Odisha Station Redevelopment & Quadrupling,Railways,Ministry of Railways (MoR),IRCON International,Odisha,EPC,Hilly/Mountainous,156.52,168.94,70.85,38.94,41.94,2022-03-06,2024-10-04,2025-06-23,2023-11-09,2026-06-07,188.42,20.1,1,20.38,1
PRJ-SYN-0620,SNAP-PRJ-SYN-0620-Q2,Odisha Station Redevelopment & Quadrupling,Railways,Ministry of Railways (MoR),IRCON International,Odisha,EPC,Hilly/Mountainous,156.52,156.52,90.8,55.73,58.01,2022-03-06,2024-10-04,2025-08-14,2024-03-29,2026-06-07,188.42,20.1,1,20.38,1
PRJ-SYN-0621,SNAP-PRJ-SYN-0621-Q1,Maharashtra Express Highway Corridor Phase II,Highways,Ministry of Road Transport and Highways (MoRTH),National Highways Authority of India (NHAI),Maharashtra,EPC,Hilly/Mountainous,271.08,280.25,149.74,49.16,53.43,2022-06-14,2025-04-13,2025-04-13,2023-11-13,2025-04-13,277.04,0.0,0,2.2,0
PRJ-SYN-0621,SNAP-PRJ-SYN-0621-Q2,Maharashtra Express Highway Corridor Phase II,Highways,Ministry of Road Transport and Highways (MoRTH),National Highways Authority of India (NHAI),Maharashtra,EPC,Hilly/Mountainous,271.08,271.08,252.13,91.9,93.01,2022-06-14,2025-04-13,2025-04-13,2024-12-31,2025-04-13,277.04,0.0,0,2.2,0
PRJ-SYN-0622,SNAP-PRJ-SYN-0622-Q1,Gujarat Rail Doubling & Third Line Section,Railways,Ministry of Railways (MoR),Rail Vikas Nigam Ltd (RVNL),Gujarat,HAM,Hilly/Mountainous,460.74,484.73,138.05,17.65,28.48,2019-12-14,2023-01-13,2023-01-13,2021-01-11,2024-05-10,580.95,15.9,1,26.09,1
PRJ-SYN-0622,SNAP-PRJ-SYN-0622-Q2,Gujarat Rail Doubling & Third Line Section,Railways,Ministry of Railways (MoR),Rail Vikas Nigam Ltd (RVNL),Gujarat,HAM,Hilly/Mountainous,460.74,460.74,269.63,49.08,58.52,2019-12-14,2023-01-13,2023-08-19,2021-12-15,2024-05-10,580.95,15.9,1,26.09,1
PRJ-SYN-0623,SNAP-PRJ-SYN-0623-Q1,765kV High Voltage Transmission Substation,Power & Renewable Energy,Ministry of Power / MNRE,NTPC Limited,Madhya Pradesh,Item Rate,Plains,829.81,829.81,281.64,35.22,33.94,2019-04-20,2023-05-20,2023-05-20,2020-09-23,2023-06-04,864.58,0.5,0,4.19,0
PRJ-SYN-0623,SNAP-PRJ-SYN-0623-Q2,765kV High Voltage Transmission Substation,Power & Renewable Energy,Ministry of Power / MNRE,NTPC Limited,Madhya Pradesh,Item Rate,Plains,829.81,829.81,444.03,53.43,53.51,2019-04-20,2023-05-20,2023-05-20,2021-05-04,2023-06-04,864.58,0.5,0,4.19,0
PRJ-SYN-0623,SNAP-PRJ-SYN-0623-Q3,765kV High Voltage Transmission Substation,Power & Renewable Energy,Ministry of Power / MNRE,NTPC Limited,Madhya Pradesh,Item Rate,Plains,829.81,863.69,603.72,64.7,69.9,2019-04-20,2023-05-20,2023-06-21,2021-12-14,2023-06-04,864.58,0.5,0,4.19,0
PRJ-SYN-0624,SNAP-PRJ-SYN-0624-Q1,Border Road Strategic Connectivity Link 90,Highways,Ministry of Road Transport and Highways (MoRTH),National Highways Authority of India (NHAI),Gujarat,Item Rate,Hilly/Mountainous,4143.23,4143.23,1306.77,21.03,31.54,2020-04-11,2023-10-11,2023-10-11,2020-12-22,2023-10-17,4591.94,0.2,0,10.83,1
PRJ-SYN-0624,SNAP-PRJ-SYN-0624-Q2,Border Road Strategic Connectivity Link 90,Highways,Ministry of Road Transport and Highways (MoRTH),National Highways Authority of India (NHAI),Gujarat,Item Rate,Hilly/Mountainous,4143.23,4405.55,3749.12,78.06,85.1,2020-04-11,2023-10-11,2023-10-11,2023-01-28,2023-10-17,4591.94,0.2,0,10.83,1
PRJ-SYN-0625,SNAP-PRJ-SYN-0625-Q1,Karnataka Economic Corridor Pkg 24,Highways,Ministry of Road Transport and Highways (MoRTH),National Highways Authority of India (NHAI),Karnataka,EPC,Hilly/Mountainous,625.11,650.1,217.46,34.93,33.45,2021-07-06,2024-06-05,2024-07-10,2022-07-13,2024-09-25,673.37,3.7,1,7.72,0
PRJ-SYN-0625,SNAP-PRJ-SYN-0625-Q2,Karnataka Economic Corridor Pkg 24,Highways,Ministry of Road Transport and Highways (MoRTH),National Highways Authority of India (NHAI),Karnataka,EPC,Hilly/Mountainous,625.11,625.11,314.99,46.96,50.39,2021-07-06,2024-06-05,2024-07-19,2022-12-20,2024-09-25,673.37,3.7,1,7.72,0
PRJ-SYN-0625,SNAP-PRJ-SYN-0625-Q3,Karnataka Economic Corridor Pkg 24,Highways,Ministry of Road Transport and Highways (MoRTH),National Highways Authority of India (NHAI),Karnataka,EPC,Hilly/Mountainous,625.11,648.2,576.64,87.34,88.96,2021-07-06,2024-06-05,2024-09-02,2024-02-19,2024-09-25,673.37,3.7,1,7.72,0
PRJ-SYN-0626,SNAP-PRJ-SYN-0626-Q1,NH-21 4/6-Laning Bypass & Viaduct,Highways,Ministry of Road Transport and Highways (MoRTH),State PWD (Highways),West Bengal,Turnkey,Plains,515.96,515.96,345.18,62.54,66.9,2022-08-28,2025-05-28,2025-05-28,2024-06-10,2025-05-28,520.86,0.0,0,0.95,0
PRJ-SYN-0626,SNAP-PRJ-SYN-0626-Q2,NH-21 4/6-Laning Bypass & Viaduct,Highways,Ministry of Road Transport and Highways (MoRTH),State PWD (Highways),West Bengal,Turnkey,Plains,515.96,515.96,454.56,86.4,88.1,2022-08-28,2025-05-28,2025-05-28,2024-11-08,2025-05-28,520.86,0.0,0,0.95,0
PRJ-SYN-0627,SNAP-PRJ-SYN-0627-Q1,Freight Corridor Feeder Line 64,Railways,Ministry of Railways (MoR),CORE,Tamil Nadu,Item Rate,Urban Dense,3773.79,4046.61,455.24,8.27,11.25,2019-06-14,2024-06-13,2024-06-13,2021-03-14,2027-10-31,5148.96,40.6,1,36.44,1
PRJ-SYN-0627,SNAP-PRJ-SYN-0627-Q2,Freight Corridor Feeder Line 64,Railways,Ministry of Railways (MoR),CORE,Tamil Nadu,Item Rate,Urban Dense,3773.79,4267.71,1576.92,26.02,36.95,2019-06-14,2024-06-13,2024-06-13,2021-12-13,2027-10-31,5148.96,40.6,1,36.44,1
PRJ-SYN-0627,SNAP-PRJ-SYN-0627-Q3,Freight Corridor Feeder Line 64,Railways,Ministry of Railways (MoR),CORE,Tamil Nadu,Item Rate,Urban Dense,3773.79,4662.39,2711.65,51.52,58.16,2019-06-14,2024-06-13,2026-11-17,2023-06-14,2027-10-31,5148.96,40.6,1,36.44,1
PRJ-SYN-0627,SNAP-PRJ-SYN-0627-Q4,Freight Corridor Feeder Line 64,Railways,Ministry of Railways (MoR),CORE,Tamil Nadu,Item Rate,Urban Dense,3773.79,4829.19,3568.29,61.95,73.89,2019-06-14,2024-06-13,2024-06-13,2023-12-13,2027-10-31,5148.96,40.6,1,36.44,1
PRJ-SYN-0628,SNAP-PRJ-SYN-0628-Q1,Border Road Strategic Connectivity Link 15,Highways,Ministry of Road Transport and Highways (MoRTH),National Highways Authority of India (NHAI),Uttar Pradesh,Item Rate,Plains,864.81,864.81,610.12,65.24,70.55,2023-09-02,2026-11-01,2026-11-01,2025-09-22,2026-11-01,914.02,0.0,0,5.69,0
PRJ-SYN-0628,SNAP-PRJ-SYN-0628-Q2,Border Road Strategic Connectivity Link 15,Highways,Ministry of Road Transport and Highways (MoRTH),National Highways Authority of India (NHAI),Uttar Pradesh,Item Rate,Plains,864.81,864.81,732.15,81.64,84.66,2023-09-02,2026-11-01,2026-11-01,2026-03-15,2026-11-01,914.02,0.0,0,5.69,0
PRJ-SYN-0628,SNAP-PRJ-SYN-0628-Q3,Border Road Strategic Connectivity Link 15,Highways,Ministry of Road Transport and Highways (MoRTH),National Highways Authority of India (NHAI),Uttar Pradesh,Item Rate,Plains,864.81,864.81,818.63,93.47,94.66,2023-09-02,2026-11-01,2026-11-01,2026-07-08,2026-11-01,914.02,0.0,0,5.69,0
PRJ-SYN-0629,SNAP-PRJ-SYN-0629-Q1,Rajasthan Express Highway Corridor Phase IV,Highways,Ministry of Road Transport and Highways (MoRTH),State PWD (Highways),Rajasthan,EPC,Plains,2907.43,2907.43,2047.12,70.2,70.41,2018-09-25,2021-08-25,2021-08-25,2020-08-17,2021-08-28,2946.1,0.1,0,1.33,0
PRJ-SYN-0629,SNAP-PRJ-SYN-0629-Q2,Rajasthan Express Highway Corridor Phase IV,Highways,Ministry of Road Transport and Highways (MoRTH),State PWD (Highways),Rajasthan,EPC,Plains,2907.43,2907.43,2657.97,86.79,91.42,2018-09-25,2021-08-25,2021-08-25,2021-05-10,2021-08-28,2946.1,0.1,0,1.33,0
PRJ-SYN-0630,SNAP-PRJ-SYN-0630-Q1,High-Speed Rail Corridor Link 47,Railways,Ministry of Railways (MoR),Rail Vikas Nigam Ltd (RVNL),Odisha,HAM,Urban Dense,5537.42,5537.42,1915.95,35.63,34.6,2023-02-01,2028-05-02,2028-05-02,2024-12-03,2028-05-17,5813.74,0.5,0,4.99,0
PRJ-SYN-0630,SNAP-PRJ-SYN-0630-Q2,High-Speed Rail Corridor Link 47,Railways,Ministry of Railways (MoR),Rail Vikas Nigam Ltd (RVNL),Odisha,HAM,Urban Dense,5537.42,5537.42,3120.89,50.45,56.36,2023-02-01,2028-05-02,2028-05-02,2025-09-16,2028-05-17,5813.74,0.5,0,4.99,0
PRJ-SYN-0630,SNAP-PRJ-SYN-0630-Q3,High-Speed Rail Corridor Link 47,Railways,Ministry of Railways (MoR),Rail Vikas Nigam Ltd (RVNL),Odisha,HAM,Urban Dense,5537.42,5537.42,5111.59,94.63,92.31,2023-02-01,2028-05-02,2028-05-02,2027-10-23,2028-05-17,5813.74,0.5,0,4.99,0
PRJ-SYN-0631,SNAP-PRJ-SYN-0631-Q1,Maharashtra Pumped Storage Hydro Project Phase I,Power & Renewable Energy,Ministry of Power / MNRE,SJVN Limited,Maharashtra,Turnkey,Hilly/Mountainous,489.03,489.03,89.15,15.72,18.23,2019-12-13,2023-11-12,2025-02-14,2021-11-27,2026-12-27,666.99,37.5,1,36.39,1
PRJ-SYN-0631,SNAP-PRJ-SYN-0631-Q2,Maharashtra Pumped Storage Hydro Project Phase I,Power & Renewable Energy,Ministry of Power / MNRE,SJVN Limited,Maharashtra,Turnkey,Hilly/Mountainous,489.03,559.43,233.34,29.95,41.71,2019-12-13,2023-11-12,2023-11-12,2022-06-29,2026-12-27,666.99,37.5,1,36.39,1
PRJ-SYN-0632,SNAP-PRJ-SYN-0632-Q1,Bihar Rail Doubling & Third Line Section,Railways,Ministry of Railways (MoR),Dedicated Freight Corridor Corp (DFCCIL),Bihar,HAM,Urban Dense,2982.04,3116.33,715.51,18.23,22.96,2022-01-10,2027-07-11,2027-07-11,2023-12-14,2029-02-11,3573.08,19.1,1,19.82,1
PRJ-SYN-0632,SNAP-PRJ-SYN-0632-Q2,Bihar Rail Doubling & Third Line Section,Railways,Ministry of Railways (MoR),Dedicated Freight Corridor Corp (DFCCIL),Bihar,HAM,Urban Dense,2982.04,3139.9,1457.23,42.13,46.41,2022-01-10,2027-07-11,2028-03-12,2024-10-10,2029-02-11,3573.08,19.1,1,19.82,1
PRJ-SYN-0632,SNAP-PRJ-SYN-0632-Q3,Bihar Rail Doubling & Third Line Section,Railways,Ministry of Railways (MoR),Dedicated Freight Corridor Corp (DFCCIL),Bihar,HAM,Urban Dense,2982.04,3417.12,2512.95,62.36,73.54,2022-01-10,2027-07-11,2028-11-17,2026-06-05,2029-02-11,3573.08,19.1,1,19.82,1
PRJ-SYN-0633,SNAP-PRJ-SYN-0633-Q1,Freight Corridor Feeder Line 75,Railways,Ministry of Railways (MoR),Dedicated Freight Corridor Corp (DFCCIL),Karnataka,Item Rate,Plains,1533.23,1533.23,113.61,5.0,7.41,2018-02-13,2023-04-15,2023-04-15,2019-02-25,2025-08-29,1811.36,28.5,1,18.14,1
PRJ-SYN-0633,SNAP-PRJ-SYN-0633-Q2,Freight Corridor Feeder Line 75,Railways,Ministry of Railways (MoR),Dedicated Freight Corridor Corp (DFCCIL),Karnataka,Item Rate,Plains,1533.23,1533.23,948.61,52.67,61.87,2018-02-13,2023-04-15,2024-11-01,2021-06-23,2025-08-29,1811.36,28.5,1,18.14,1
PRJ-SYN-0633,SNAP-PRJ-SYN-0633-Q3,Freight Corridor Feeder Line 75,Railways,Ministry of Railways (MoR),Dedicated Freight Corridor Corp (DFCCIL),Karnataka,Item Rate,Plains,1533.23,1748.77,1093.86,58.03,62.55,2018-02-13,2023-04-15,2025-03-20,2022-04-02,2025-08-29,1811.36,28.5,1,18.14,1
PRJ-SYN-0634,SNAP-PRJ-SYN-0634-Q1,Assam Economic Corridor Pkg 92,Highways,Ministry of Road Transport and Highways (MoRTH),NHIDCL,Assam,BOT,Plains,1674.07,1674.07,378.34,24.22,22.6,2023-02-18,2026-10-19,2026-10-19,2023-11-12,2026-11-30,1759.45,1.4,0,5.1,0
PRJ-SYN-0634,SNAP-PRJ-SYN-0634-Q2,Assam Economic Corridor Pkg 92,Highways,Ministry of Road Transport and Highways (MoRTH),NHIDCL,Assam,BOT,Plains,1674.07,1674.07,644.01,34.87,38.47,2023-02-18,2026-10-19,2026-10-19,2024-05-31,2026-11-30,1759.45,1.4,0,5.1,0
PRJ-SYN-0634,SNAP-PRJ-SYN-0634-Q3,Assam Economic Corridor Pkg 92,Highways,Ministry of Road Transport and Highways (MoRTH),NHIDCL,Assam,BOT,Plains,1674.07,1674.07,837.2,50.22,50.01,2023-02-18,2026-10-19,2026-10-19,2024-12-18,2026-11-30,1759.45,1.4,0,5.1,0
PRJ-SYN-0634,SNAP-PRJ-SYN-0634-Q4,Assam Economic Corridor Pkg 92,Highways,Ministry of Road Transport and Highways (MoRTH),NHIDCL,Assam,BOT,Plains,1674.07,1674.07,1542.99,88.94,92.17,2023-02-18,2026-10-19,2026-12-18,2026-06-07,2026-11-30,1759.45,1.4,0,5.1,0
PRJ-SYN-0635,SNAP-PRJ-SYN-0635-Q1,Karnataka Station Redevelopment & Quadrupling,Railways,Ministry of Railways (MoR),Dedicated Freight Corridor Corp (DFCCIL),Karnataka,EPC,Hilly/Mountainous,3909.13,3980.0,622.47,5.0,15.64,2020-05-17,2025-12-16,2025-12-16,2021-06-28,2028-06-06,4622.16,29.7,1,18.24,1
PRJ-SYN-0635,SNAP-PRJ-SYN-0635-Q2,Karnataka Station Redevelopment & Quadrupling,Railways,Ministry of Railways (MoR),Dedicated Freight Corridor Corp (DFCCIL),Karnataka,EPC,Hilly/Mountainous,3909.13,4184.46,1815.64,36.94,43.39,2020-05-17,2025-12-16,2027-01-13,2023-03-02,2028-06-06,4622.16,29.7,1,18.24,1
PRJ-SYN-0635,SNAP-PRJ-SYN-0635-Q3,Karnataka Station Redevelopment & Quadrupling,Railways,Ministry of Railways (MoR),Dedicated Freight Corridor Corp (DFCCIL),Karnataka,EPC,Hilly/Mountainous,3909.13,3909.13,2012.81,49.26,51.49,2020-05-17,2025-12-16,2027-04-19,2024-01-02,2028-06-06,4622.16,29.7,1,18.24,1
PRJ-SYN-0635,SNAP-PRJ-SYN-0635-Q4,Karnataka Station Redevelopment & Quadrupling,Railways,Ministry of Railways (MoR),Dedicated Freight Corridor Corp (DFCCIL),Karnataka,EPC,Hilly/Mountainous,3909.13,4416.44,3298.64,69.28,74.69,2020-05-17,2025-12-16,2027-10-07,2025-05-26,2028-06-06,4622.16,29.7,1,18.24,1
PRJ-SYN-0636,SNAP-PRJ-SYN-0636-Q1,Freight Corridor Feeder Line 72,Railways,Ministry of Railways (MoR),IRCON International,Gujarat,Turnkey,Plains,22260.67,22896.33,7015.44,23.16,30.64,2022-02-16,2030-04-17,2030-10-30,2024-12-26,2032-08-31,24951.99,28.5,1,12.09,1
PRJ-SYN-0636,SNAP-PRJ-SYN-0636-Q2,Freight Corridor Feeder Line 72,Railways,Ministry of Railways (MoR),IRCON International,Gujarat,Turnkey,Plains,22260.67,23276.74,11803.63,39.73,50.71,2022-02-16,2030-04-17,2030-04-17,2026-03-18,2032-08-31,24951.99,28.5,1,12.09,1
PRJ-SYN-0636,SNAP-PRJ-SYN-0636-Q3,Freight Corridor Feeder Line 72,Railways,Ministry of Railways (MoR),IRCON International,Gujarat,Turnkey,Plains,22260.67,24122.52,17884.44,71.59,74.14,2022-02-16,2030-04-17,2031-12-08,2028-08-29,2032-08-31,24951.99,28.5,1,12.09,1
PRJ-SYN-0636,SNAP-PRJ-SYN-0636-Q4,Freight Corridor Feeder Line 72,Railways,Ministry of Railways (MoR),IRCON International,Gujarat,Turnkey,Plains,22260.67,22260.67,19242.12,78.97,86.44,2022-02-16,2030-04-17,2032-04-14,2029-06-23,2032-08-31,24951.99,28.5,1,12.09,1
PRJ-SYN-0637,SNAP-PRJ-SYN-0637-Q1,Rajasthan Economic Corridor Pkg 34,Highways,Ministry of Road Transport and Highways (MoRTH),State PWD (Highways),Rajasthan,HAM,Urban Dense,652.05,658.21,136.38,13.19,20.72,2018-02-13,2021-01-13,2021-01-13,2018-09-14,2021-04-17,720.52,3.1,1,10.5,1
PRJ-SYN-0637,SNAP-PRJ-SYN-0637-Q2,Rajasthan Economic Corridor Pkg 34,Highways,Ministry of Road Transport and Highways (MoRTH),State PWD (Highways),Rajasthan,HAM,Urban Dense,652.05,652.05,312.46,45.34,47.92,2018-02-13,2021-01-13,2021-01-13,2019-07-30,2021-04-17,720.52,3.1,1,10.5,1
PRJ-SYN-0638,SNAP-PRJ-SYN-0638-Q1,Karnataka Metro Line 24 Underground Section,Metro Rail,Ministry of Housing and Urban Affairs (MoHUA),Delhi Metro Rail Corp (DMRC),Karnataka,BOT,Hilly/Mountainous,3386.84,3386.84,948.65,24.01,28.01,2021-03-28,2026-03-28,2026-03-28,2022-03-28,2026-04-06,3558.21,0.3,0,5.06,0
PRJ-SYN-0638,SNAP-PRJ-SYN-0638-Q2,Karnataka Metro Line 24 Underground Section,Metro Rail,Ministry of Housing and Urban Affairs (MoHUA),Delhi Metro Rail Corp (DMRC),Karnataka,BOT,Hilly/Mountainous,3386.84,3386.84,2537.76,77.42,74.93,2021-03-28,2026-03-28,2026-03-28,2025-03-28,2026-04-06,3558.21,0.3,0,5.06,0
PRJ-SYN-0639,SNAP-PRJ-SYN-0639-Q1,Maharashtra Station Redevelopment & Quadrupling,Railways,Ministry of Railways (MoR),IRCON International,Maharashtra,Turnkey,Plains,1669.49,1669.49,395.67,20.31,23.7,2021-08-24,2026-10-24,2026-10-24,2022-09-05,2026-10-24,1722.75,0.0,0,3.19,0
PRJ-SYN-0639,SNAP-PRJ-SYN-0639-Q2,Maharashtra Station Redevelopment & Quadrupling,Railways,Ministry of Railways (MoR),IRCON International,Maharashtra,Turnkey,Plains,1669.49,1703.78,697.7,35.75,40.95,2021-08-24,2026-10-24,2026-10-24,2023-06-15,2026-10-24,1722.75,0.0,0,3.19,0
PRJ-SYN-0639,SNAP-PRJ-SYN-0639-Q3,Maharashtra Station Redevelopment & Quadrupling,Railways,Ministry of Railways (MoR),IRCON International,Maharashtra,Turnkey,Plains,1669.49,1669.49,794.18,48.01,47.57,2021-08-24,2026-10-24,2026-10-24,2024-03-24,2026-10-24,1722.75,0.0,0,3.19,0
PRJ-SYN-0639,SNAP-PRJ-SYN-0639-Q4,Maharashtra Station Redevelopment & Quadrupling,Railways,Ministry of Railways (MoR),IRCON International,Maharashtra,Turnkey,Plains,1669.49,1735.89,1477.07,85.39,85.09,2021-08-24,2026-10-24,2026-10-24,2026-04-18,2026-10-24,1722.75,0.0,0,3.19,0
PRJ-SYN-0640,SNAP-PRJ-SYN-0640-Q1,Madhya Pradesh Metro Line 62 Underground Section,Metro Rail,Ministry of Housing and Urban Affairs (MoHUA),Delhi Metro Rail Corp (DMRC),Madhya Pradesh,EPC,Plains,21118.54,21118.54,13154.74,64.73,62.29,2020-11-21,2030-04-22,2030-04-22,2027-01-04,2030-04-22,21165.0,0.0,0,0.22,0
PRJ-SYN-0640,SNAP-PRJ-SYN-0640-Q2,Madhya Pradesh Metro Line 62 Underground Section,Metro Rail,Ministry of Housing and Urban Affairs (MoHUA),Delhi Metro Rail Corp (DMRC),Madhya Pradesh,EPC,Plains,21118.54,21118.54,16823.03,75.48,79.66,2020-11-21,2030-04-22,2030-04-22,2028-06-03,2030-04-22,21165.0,0.0,0,0.22,0
PRJ-SYN-0640,SNAP-PRJ-SYN-0640-Q3,Madhya Pradesh Metro Line 62 Underground Section,Metro Rail,Ministry of Housing and Urban Affairs (MoHUA),Delhi Metro Rail Corp (DMRC),Madhya Pradesh,EPC,Plains,21118.54,21118.54,18909.54,90.44,89.54,2020-11-21,2030-04-22,2030-04-22,2029-05-13,2030-04-22,21165.0,0.0,0,0.22,0
PRJ-SYN-0641,SNAP-PRJ-SYN-0641-Q1,Tamil Nadu Economic Corridor Pkg 49,Highways,Ministry of Road Transport and Highways (MoRTH),NHIDCL,Tamil Nadu,Item Rate,Hilly/Mountainous,739.51,768.04,96.08,5.0,12.51,2020-04-16,2022-07-16,2022-10-31,2020-09-27,2024-12-02,1072.51,28.6,1,45.03,1
PRJ-SYN-0641,SNAP-PRJ-SYN-0641-Q2,Tamil Nadu Economic Corridor Pkg 49,Highways,Ministry of Road Transport and Highways (MoRTH),NHIDCL,Tamil Nadu,Item Rate,Hilly/Mountainous,739.51,813.24,65.95,5.0,8.11,2020-04-16,2022-07-16,2022-07-16,2021-01-28,2024-12-02,1072.51,28.6,1,45.03,1
PRJ-SYN-0641,SNAP-PRJ-SYN-0641-Q3,Tamil Nadu Economic Corridor Pkg 49,Highways,Ministry of Road Transport and Highways (MoRTH),NHIDCL,Tamil Nadu,Item Rate,Hilly/Mountainous,739.51,834.38,114.31,10.56,13.7,2020-04-16,2022-07-16,2022-07-16,2021-05-31,2024-12-02,1072.51,28.6,1,45.03,1
PRJ-SYN-0642,SNAP-PRJ-SYN-0642-Q1,Uttar Pradesh Metro Corridor Elevated Extension Phase IV,Metro Rail,Ministry of Housing and Urban Affairs (MoHUA),Mumbai Metropolitan Region Development Authority (MMRDA),Uttar Pradesh,EPC,Coastal,12971.75,12971.75,5384.57,37.45,41.51,2019-12-18,2029-03-18,2029-03-18,2023-03-14,2029-03-24,13032.72,0.2,0,0.47,0
PRJ-SYN-0642,SNAP-PRJ-SYN-0642-Q2,Uttar Pradesh Metro Corridor Elevated Extension Phase IV,Metro Rail,Ministry of Housing and Urban Affairs (MoHUA),Mumbai Metropolitan Region Development Authority (MMRDA),Uttar Pradesh,EPC,Coastal,12971.75,12971.75,11651.23,86.2,89.82,2019-12-18,2029-03-18,2029-03-18,2027-05-12,2029-03-24,13032.72,0.2,0,0.47,0
PRJ-SYN-0642,SNAP-PRJ-SYN-0642-Q3,Uttar Pradesh Metro Corridor Elevated Extension Phase IV,Metro Rail,Ministry of Housing and Urban Affairs (MoHUA),Mumbai Metropolitan Region Development Authority (MMRDA),Uttar Pradesh,EPC,Coastal,12971.75,12971.75,12969.16,95.14,99.98,2019-12-18,2029-03-18,2029-03-18,2028-04-14,2029-03-24,13032.72,0.2,0,0.47,0
PRJ-SYN-0643,SNAP-PRJ-SYN-0643-Q1,Jharkhand Metro Line 15 Underground Section,Metro Rail,Ministry of Housing and Urban Affairs (MoHUA),Bangalore Metro Rail Corp (BMRCL),Jharkhand,EPC,Plains,5373.62,5373.62,2302.6,37.96,42.85,2022-03-15,2028-08-13,2028-10-15,2024-06-12,2028-10-09,5440.25,1.9,0,1.24,0
PRJ-SYN-0643,SNAP-PRJ-SYN-0643-Q2,Jharkhand Metro Line 15 Underground Section,Metro Rail,Ministry of Housing and Urban Affairs (MoHUA),Bangalore Metro Rail Corp (BMRCL),Jharkhand,EPC,Plains,5373.62,5373.62,2492.82,45.21,46.39,2022-03-15,2028-08-13,2028-08-13,2025-05-29,2028-10-09,5440.25,1.9,0,1.24,0
PRJ-SYN-0643,SNAP-PRJ-SYN-0643-Q3,Jharkhand Metro Line 15 Underground Section,Metro Rail,Ministry of Housing and Urban Affairs (MoHUA),Bangalore Metro Rail Corp (BMRCL),Jharkhand,EPC,Plains,5373.62,5606.72,4540.88,78.9,80.99,2022-03-15,2028-08-13,2028-08-13,2027-05-02,2028-10-09,5440.25,1.9,0,1.24,0
PRJ-SYN-0644,SNAP-PRJ-SYN-0644-Q1,Freight Corridor Feeder Line 28,Railways,Ministry of Railways (MoR),Dedicated Freight Corridor Corp (DFCCIL),Tamil Nadu,Item Rate,Plains,1671.13,1671.13,296.63,13.78,17.75,2021-09-06,2026-12-06,2026-12-06,2022-09-24,2027-12-12,1809.67,12.2,1,8.29,0
PRJ-SYN-0644,SNAP-PRJ-SYN-0644-Q2,Freight Corridor Feeder Line 28,Railways,Ministry of Railways (MoR),Dedicated Freight Corridor Corp (DFCCIL),Tamil Nadu,Item Rate,Plains,1671.13,1671.13,522.56,25.42,31.27,2021-09-06,2026-12-06,2027-02-28,2023-07-09,2027-12-12,1809.67,12.2,1,8.29,0
PRJ-SYN-0644,SNAP-PRJ-SYN-0644-Q3,Freight Corridor Feeder Line 28,Railways,Ministry of Railways (MoR),Dedicated Freight Corridor Corp (DFCCIL),Tamil Nadu,Item Rate,Plains,1671.13,1671.13,599.94,37.91,35.9,2021-09-06,2026-12-06,2027-05-16,2024-04-21,2027-12-12,1809.67,12.2,1,8.29,0
PRJ-SYN-0644,SNAP-PRJ-SYN-0644-Q4,Freight Corridor Feeder Line 28,Railways,Ministry of Railways (MoR),Dedicated Freight Corridor Corp (DFCCIL),Tamil Nadu,Item Rate,Plains,1671.13,1671.13,1171.46,72.81,70.1,2021-09-06,2026-12-06,2027-09-04,2025-11-18,2027-12-12,1809.67,12.2,1,8.29,0
PRJ-SYN-0645,SNAP-PRJ-SYN-0645-Q1,Uttar Pradesh Metro Line 50 Underground Section,Metro Rail,Ministry of Housing and Urban Affairs (MoHUA),Chennai Metro Rail Ltd (CMRL),Uttar Pradesh,Item Rate,Coastal,13632.92,13771.24,4726.29,29.94,34.32,2018-12-18,2024-10-17,2024-10-17,2021-01-01,2024-12-26,14553.14,2.3,0,6.75,0
PRJ-SYN-0645,SNAP-PRJ-SYN-0645-Q2,Uttar Pradesh Metro Line 50 Underground Section,Metro Rail,Ministry of Housing and Urban Affairs (MoHUA),Chennai Metro Rail Ltd (CMRL),Uttar Pradesh,Item Rate,Coastal,13632.92,13895.75,8002.56,52.22,57.59,2018-12-18,2024-10-17,2024-10-17,2021-11-17,2024-12-26,14553.14,2.3,0,6.75,0
PRJ-SYN-0645,SNAP-PRJ-SYN-0645-Q3,Uttar Pradesh Metro Line 50 Underground Section,Metro Rail,Ministry of Housing and Urban Affairs (MoHUA),Chennai Metro Rail Ltd (CMRL),Uttar Pradesh,Item Rate,Coastal,13632.92,13632.92,8944.56,67.01,65.61,2018-12-18,2024-10-17,2024-10-17,2022-10-02,2024-12-26,14553.14,2.3,0,6.75,0
PRJ-SYN-0645,SNAP-PRJ-SYN-0645-Q4,Uttar Pradesh Metro Line 50 Underground Section,Metro Rail,Ministry of Housing and Urban Affairs (MoHUA),Chennai Metro Rail Ltd (CMRL),Uttar Pradesh,Item Rate,Coastal,13632.92,13632.92,12403.23,89.3,90.98,2018-12-18,2024-10-17,2024-10-17,2024-03-18,2024-12-26,14553.14,2.3,0,6.75,0
PRJ-SYN-0646,SNAP-PRJ-SYN-0646-Q1,Andhra Pradesh Ring Metro Transit System Pkg 82,Metro Rail,Ministry of Housing and Urban Affairs (MoHUA),UP Metro Rail Corp (UPMRC),Andhra Pradesh,EPC,Plains,2319.78,2319.78,406.66,15.23,17.53,2020-12-04,2027-06-05,2027-09-15,2022-03-23,2027-06-05,2321.87,0.0,0,0.09,0
PRJ-SYN-0646,SNAP-PRJ-SYN-0646-Q2,Andhra Pradesh Ring Metro Transit System Pkg 82,Metro Rail,Ministry of Housing and Urban Affairs (MoHUA),UP Metro Rail Corp (UPMRC),Andhra Pradesh,EPC,Plains,2319.78,2414.2,956.75,39.01,39.63,2020-12-04,2027-06-05,2027-09-13,2023-03-14,2027-06-05,2321.87,0.0,0,0.09,0
PRJ-SYN-0646,SNAP-PRJ-SYN-0646-Q3,Andhra Pradesh Ring Metro Transit System Pkg 82,Metro Rail,Ministry of Housing and Urban Affairs (MoHUA),UP Metro Rail Corp (UPMRC),Andhra Pradesh,EPC,Plains,2319.78,2319.78,1046.92,47.67,45.13,2020-12-04,2027-06-05,2027-06-05,2024-03-05,2027-06-05,2321.87,0.0,0,0.09,0
PRJ-SYN-0646,SNAP-PRJ-SYN-0646-Q4,Andhra Pradesh Ring Metro Transit System Pkg 82,Metro Rail,Ministry of Housing and Urban Affairs (MoHUA),UP Metro Rail Corp (UPMRC),Andhra Pradesh,EPC,Plains,2319.78,2319.78,1504.38,61.02,64.85,2020-12-04,2027-06-05,2027-06-05,2025-02-24,2027-06-05,2321.87,0.0,0,0.09,0
PRJ-SYN-0647,SNAP-PRJ-SYN-0647-Q1,Andhra Pradesh Express Highway Corridor Phase III,Highways,Ministry of Road Transport and Highways (MoRTH),State PWD (Highways),Andhra Pradesh,EPC,Plains,571.89,571.89,101.85,14.4,17.81,2022-04-15,2025-01-13,2025-01-13,2022-11-01,2025-01-13,577.78,0.0,0,1.03,0
PRJ-SYN-0647,SNAP-PRJ-SYN-0647-Q2,Andhra Pradesh Express Highway Corridor Phase III,Highways,Ministry of Road Transport and Highways (MoRTH),State PWD (Highways),Andhra Pradesh,EPC,Plains,571.89,579.8,332.28,54.54,57.31,2022-04-15,2025-01-13,2025-03-19,2023-08-30,2025-01-13,577.78,0.0,0,1.03,0
PRJ-SYN-0647,SNAP-PRJ-SYN-0647-Q3,Andhra Pradesh Express Highway Corridor Phase III,Highways,Ministry of Road Transport and Highways (MoRTH),State PWD (Highways),Andhra Pradesh,EPC,Plains,571.89,571.89,537.41,89.54,93.97,2022-04-15,2025-01-13,2025-01-13,2024-10-04,2025-01-13,577.78,0.0,0,1.03,0
PRJ-SYN-0648,SNAP-PRJ-SYN-0648-Q1,Liquid Cargo Jetty & Breakwater Expansion,Ports & Shipping,"Ministry of Ports, Shipping and Waterways (MoPSW)",Deendayal Port Authority,Himachal Pradesh,HAM,Plains,767.78,767.78,168.68,19.28,21.97,2018-02-18,2020-06-19,2020-06-19,2018-08-07,2020-06-28,768.78,0.3,0,0.13,0
PRJ-SYN-0648,SNAP-PRJ-SYN-0648-Q2,Liquid Cargo Jetty & Breakwater Expansion,Ports & Shipping,"Ministry of Ports, Shipping and Waterways (MoPSW)",Deendayal Port Authority,Himachal Pradesh,HAM,Plains,767.78,767.78,487.0,64.18,63.43,2018-02-18,2020-06-19,2020-08-05,2019-08-25,2020-06-28,768.78,0.3,0,0.13,0
PRJ-SYN-0648,SNAP-PRJ-SYN-0648-Q3,Liquid Cargo Jetty & Breakwater Expansion,Ports & Shipping,"Ministry of Ports, Shipping and Waterways (MoPSW)",Deendayal Port Authority,Himachal Pradesh,HAM,Plains,767.78,806.07,763.83,91.98,94.76,2018-02-18,2020-06-19,2020-09-09,2020-03-26,2020-06-28,768.78,0.3,0,0.13,0
PRJ-SYN-0649,SNAP-PRJ-SYN-0649-Q1,Border Road Strategic Connectivity Link 87,Highways,Ministry of Road Transport and Highways (MoRTH),National Highways Authority of India (NHAI),Tamil Nadu,HAM,Plains,1108.38,1108.38,391.92,31.17,35.36,2022-01-22,2025-08-22,2025-08-22,2023-04-25,2025-08-22,1179.32,0.0,0,6.4,0
PRJ-SYN-0649,SNAP-PRJ-SYN-0649-Q2,Border Road Strategic Connectivity Link 87,Highways,Ministry of Road Transport and Highways (MoRTH),National Highways Authority of India (NHAI),Tamil Nadu,HAM,Plains,1108.38,1108.38,694.51,63.77,62.66,2022-01-22,2025-08-22,2025-08-22,2024-05-21,2025-08-22,1179.32,0.0,0,6.4,0
PRJ-SYN-0649,SNAP-PRJ-SYN-0649-Q3,Border Road Strategic Connectivity Link 87,Highways,Ministry of Road Transport and Highways (MoRTH),National Highways Authority of India (NHAI),Tamil Nadu,HAM,Plains,1108.38,1141.36,1019.35,91.12,89.31,2022-01-22,2025-08-22,2025-08-22,2025-04-13,2025-08-22,1179.32,0.0,0,6.4,0
PRJ-SYN-0650,SNAP-PRJ-SYN-0650-Q1,Tamil Nadu Station Redevelopment & Quadrupling,Railways,Ministry of Railways (MoR),IRCON International,Tamil Nadu,EPC,Plains,2401.92,2401.92,599.04,24.58,24.94,2020-06-10,2025-06-10,2025-06-10,2021-06-10,2025-07-04,2414.65,0.8,0,0.53,0
PRJ-SYN-0650,SNAP-PRJ-SYN-0650-Q2,Tamil Nadu Station Redevelopment & Quadrupling,Railways,Ministry of Railways (MoR),IRCON International,Tamil Nadu,EPC,Plains,2401.92,2444.41,1044.25,37.3,42.72,2020-06-10,2025-06-10,2025-09-14,2022-03-11,2025-07-04,2414.65,0.8,0,0.53,0
PRJ-SYN-0650,SNAP-PRJ-SYN-0650-Q3,Tamil Nadu Station Redevelopment & Quadrupling,Railways,Ministry of Railways (MoR),IRCON International,Tamil Nadu,EPC,Plains,2401.92,2401.92,1892.71,81.05,78.8,2020-06-10,2025-06-10,2025-06-10,2024-06-10,2025-07-04,2414.65,0.8,0,0.53,0
PRJ-SYN-0651,SNAP-PRJ-SYN-0651-Q1,Gujarat Station Redevelopment & Quadrupling,Railways,Ministry of Railways (MoR),CORE,Gujarat,EPC,Urban Dense,8216.13,8216.13,1561.89,12.06,19.01,2023-07-24,2028-07-23,2028-07-23,2024-07-23,2029-07-01,9960.41,11.3,1,21.23,1
PRJ-SYN-0651,SNAP-PRJ-SYN-0651-Q2,Gujarat Station Redevelopment & Quadrupling,Railways,Ministry of Railways (MoR),CORE,Gujarat,EPC,Urban Dense,8216.13,8504.24,2959.48,29.57,34.8,2023-07-24,2028-07-23,2028-07-23,2025-04-23,2029-07-01,9960.41,11.3,1,21.23,1
PRJ-SYN-0651,SNAP-PRJ-SYN-0651-Q3,Gujarat Station Redevelopment & Quadrupling,Railways,Ministry of Railways (MoR),CORE,Gujarat,EPC,Urban Dense,8216.13,9186.0,7538.03,72.84,82.06,2023-07-24,2028-07-23,2029-02-02,2027-07-24,2029-07-01,9960.41,11.3,1,21.23,1
PRJ-SYN-0652,SNAP-PRJ-SYN-0652-Q1,Uttar Pradesh Metro Line 70 Underground Section,Metro Rail,Ministry of Housing and Urban Affairs (MoHUA),Bangalore Metro Rail Corp (BMRCL),Uttar Pradesh,BOT,Plains,7896.54,8228.16,1439.11,15.42,17.49,2020-02-19,2028-03-20,2028-03-20,2021-10-01,2028-04-04,8088.43,0.5,0,2.43,0
PRJ-SYN-0652,SNAP-PRJ-SYN-0652-Q2,Uttar Pradesh Metro Line 70 Underground Section,Metro Rail,Ministry of Housing and Urban Affairs (MoHUA),Bangalore Metro Rail Corp (BMRCL),Uttar Pradesh,BOT,Plains,7896.54,7896.54,5648.4,66.66,71.53,2020-02-19,2028-03-20,2028-03-20,2025-05-22,2028-04-04,8088.43,0.5,0,2.43,0
PRJ-SYN-0652,SNAP-PRJ-SYN-0652-Q3,Uttar Pradesh Metro Line 70 Underground Section,Metro Rail,Ministry of Housing and Urban Affairs (MoHUA),Bangalore Metro Rail Corp (BMRCL),Uttar Pradesh,BOT,Plains,7896.54,7896.54,7271.92,90.28,92.09,2020-02-19,2028-03-20,2028-03-20,2027-05-30,2028-04-04,8088.43,0.5,0,2.43,0
PRJ-SYN-0653,SNAP-PRJ-SYN-0653-Q1,Maharashtra Economic Corridor Pkg 32,Highways,Ministry of Road Transport and Highways (MoRTH),State PWD (Highways),Maharashtra,EPC,Plains,695.1,695.1,197.83,29.62,28.46,2021-12-19,2025-02-17,2025-03-29,2023-01-27,2025-07-25,764.19,5.2,1,9.94,0
PRJ-SYN-0653,SNAP-PRJ-SYN-0653-Q2,Maharashtra Economic Corridor Pkg 32,Highways,Ministry of Road Transport and Highways (MoRTH),State PWD (Highways),Maharashtra,EPC,Plains,695.1,695.1,627.95,88.05,90.34,2021-12-19,2025-02-17,2025-07-05,2024-10-24,2025-07-25,764.19,5.2,1,9.94,0
PRJ-SYN-0654,SNAP-PRJ-SYN-0654-Q1,Maharashtra Port Modernization & Coastal Connectivity,Ports & Shipping,"Ministry of Ports, Shipping and Waterways (MoPSW)",V.O. Chidambaranar Port,Maharashtra,EPC,Plains,992.97,992.97,158.97,17.83,16.01,2022-05-16,2025-01-14,2025-02-28,2022-11-26,2025-01-14,997.34,0.0,0,0.44,0
PRJ-SYN-0654,SNAP-PRJ-SYN-0654-Q2,Maharashtra Port Modernization & Coastal Connectivity,Ports & Shipping,"Ministry of Ports, Shipping and Waterways (MoPSW)",V.O. Chidambaranar Port,Maharashtra,EPC,Plains,992.97,992.97,349.72,37.28,35.22,2022-05-16,2025-01-14,2025-01-14,2023-04-21,2025-01-14,997.34,0.0,0,0.44,0
PRJ-SYN-0654,SNAP-PRJ-SYN-0654-Q3,Maharashtra Port Modernization & Coastal Connectivity,Ports & Shipping,"Ministry of Ports, Shipping and Waterways (MoPSW)",V.O. Chidambaranar Port,Maharashtra,EPC,Plains,992.97,992.97,659.23,67.02,66.39,2022-05-16,2025-01-14,2025-01-14,2024-02-08,2025-01-14,997.34,0.0,0,0.44,0
PRJ-SYN-0654,SNAP-PRJ-SYN-0654-Q4,Maharashtra Port Modernization & Coastal Connectivity,Ports & Shipping,"Ministry of Ports, Shipping and Waterways (MoPSW)",V.O. Chidambaranar Port,Maharashtra,EPC,Plains,992.97,992.97,956.73,91.0,96.35,2022-05-16,2025-01-14,2025-01-14,2024-10-08,2025-01-14,997.34,0.0,0,0.44,0
PRJ-SYN-0655,SNAP-PRJ-SYN-0655-Q1,NH-48 4/6-Laning Bypass & Viaduct,Highways,Ministry of Road Transport and Highways (MoRTH),National Highways Authority of India (NHAI),Uttarakhand,EPC,Urban Dense,1113.3,1113.3,188.04,19.66,16.89,2023-08-04,2027-04-04,2027-06-01,2024-04-27,2027-04-22,1178.98,0.6,0,5.9,0
PRJ-SYN-0655,SNAP-PRJ-SYN-0655-Q2,NH-48 4/6-Laning Bypass & Viaduct,Highways,Ministry of Road Transport and Highways (MoRTH),National Highways Authority of India (NHAI),Uttarakhand,EPC,Urban Dense,1113.3,1113.3,593.28,48.39,53.29,2023-08-04,2027-04-04,2027-04-04,2025-06-03,2027-04-22,1178.98,0.6,0,5.9,0
PRJ-SYN-0655,SNAP-PRJ-SYN-0655-Q3,NH-48 4/6-Laning Bypass & Viaduct,Highways,Ministry of Road Transport and Highways (MoRTH),National Highways Authority of India (NHAI),Uttarakhand,EPC,Urban Dense,1113.3,1135.98,740.43,62.88,65.18,2023-08-04,2027-04-04,2027-04-04,2025-12-21,2027-04-22,1178.98,0.6,0,5.9,0
PRJ-SYN-0655,SNAP-PRJ-SYN-0655-Q4,NH-48 4/6-Laning Bypass & Viaduct,Highways,Ministry of Road Transport and Highways (MoRTH),National Highways Authority of India (NHAI),Uttarakhand,EPC,Urban Dense,1113.3,1113.3,1043.16,92.28,93.7,2023-08-04,2027-04-04,2027-04-04,2026-11-21,2027-04-22,1178.98,0.6,0,5.9,0
PRJ-SYN-0656,SNAP-PRJ-SYN-0656-Q1,NH-25 4/6-Laning Bypass & Viaduct,Highways,Ministry of Road Transport and Highways (MoRTH),NHIDCL,Karnataka,EPC,Plains,329.98,329.98,172.84,54.84,52.38,2020-08-03,2023-12-03,2023-12-03,2022-04-03,2024-01-05,335.06,1.1,0,1.54,0
PRJ-SYN-0656,SNAP-PRJ-SYN-0656-Q2,NH-25 4/6-Laning Bypass & Viaduct,Highways,Ministry of Road Transport and Highways (MoRTH),NHIDCL,Karnataka,EPC,Plains,329.98,329.98,208.51,60.18,63.19,2020-08-03,2023-12-03,2023-12-03,2022-10-03,2024-01-05,335.06,1.1,0,1.54,0
PRJ-SYN-0656,SNAP-PRJ-SYN-0656-Q3,NH-25 4/6-Laning Bypass & Viaduct,Highways,Ministry of Road Transport and Highways (MoRTH),NHIDCL,Karnataka,EPC,Plains,329.98,329.98,273.59,81.52,82.91,2020-08-03,2023-12-03,2023-12-03,2023-04-04,2024-01-05,335.06,1.1,0,1.54,0
PRJ-SYN-0656,SNAP-PRJ-SYN-0656-Q4,NH-25 4/6-Laning Bypass & Viaduct,Highways,Ministry of Road Transport and Highways (MoRTH),NHIDCL,Karnataka,EPC,Plains,329.98,329.98,308.1,90.06,93.37,2020-08-03,2023-12-03,2023-12-03,2023-08-03,2024-01-05,335.06,1.1,0,1.54,0
PRJ-SYN-0657,SNAP-PRJ-SYN-0657-Q1,765kV High Voltage Transmission Substation,Power & Renewable Energy,Ministry of Power / MNRE,SJVN Limited,Uttar Pradesh,EPC,Hilly/Mountainous,2541.72,2541.72,717.02,22.39,28.21,2020-09-24,2023-08-25,2023-08-25,2021-04-25,2023-10-12,2647.2,1.6,0,4.15,0
PRJ-SYN-0657,SNAP-PRJ-SYN-0657-Q2,765kV High Voltage Transmission Substation,Power & Renewable Energy,Ministry of Power / MNRE,SJVN Limited,Uttar Pradesh,EPC,Hilly/Mountainous,2541.72,2541.72,1081.76,42.02,42.56,2020-09-24,2023-08-25,2023-08-25,2021-10-01,2023-10-12,2647.2,1.6,0,4.15,0
PRJ-SYN-0657,SNAP-PRJ-SYN-0657-Q3,765kV High Voltage Transmission Substation,Power & Renewable Energy,Ministry of Power / MNRE,SJVN Limited,Uttar Pradesh,EPC,Hilly/Mountainous,2541.72,2625.36,1509.84,52.07,57.51,2020-09-24,2023-08-25,2023-08-25,2022-03-10,2023-10-12,2647.2,1.6,0,4.15,0
PRJ-SYN-0657,SNAP-PRJ-SYN-0657-Q4,765kV High Voltage Transmission Substation,Power & Renewable Energy,Ministry of Power / MNRE,SJVN Limited,Uttar Pradesh,EPC,Hilly/Mountainous,2541.72,2615.15,2046.09,81.2,78.24,2020-09-24,2023-08-25,2023-12-07,2023-01-24,2023-10-12,2647.2,1.6,0,4.15,0
PRJ-SYN-0658,SNAP-PRJ-SYN-0658-Q1,NH-69 4/6-Laning Bypass & Viaduct,Highways,Ministry of Road Transport and Highways (MoRTH),National Highways Authority of India (NHAI),Andhra Pradesh,EPC,Hilly/Mountainous,1116.62,1116.62,534.41,48.99,47.86,2019-06-06,2023-04-06,2023-04-06,2021-05-06,2023-05-06,1189.76,1.0,0,6.55,0
PRJ-SYN-0658,SNAP-PRJ-SYN-0658-Q2,NH-69 4/6-Laning Bypass & Viaduct,Highways,Ministry of Road Transport and Highways (MoRTH),National Highways Authority of India (NHAI),Andhra Pradesh,EPC,Hilly/Mountainous,1116.62,1147.49,1069.92,89.97,93.24,2019-06-06,2023-04-06,2023-04-06,2022-11-17,2023-05-06,1189.76,1.0,0,6.55,0
PRJ-SYN-0659,SNAP-PRJ-SYN-0659-Q1,Freight Corridor Feeder Line 47,Railways,Ministry of Railways (MoR),CORE,Bihar,HAM,Plains,3171.13,3171.13,639.3,19.4,20.16,2022-11-03,2028-02-02,2028-02-02,2023-11-21,2028-02-02,3298.29,0.0,0,4.01,0
PRJ-SYN-0659,SNAP-PRJ-SYN-0659-Q2,Freight Corridor Feeder Line 47,Railways,Ministry of Railways (MoR),CORE,Bihar,HAM,Plains,3171.13,3171.13,1295.41,38.59,40.85,2022-11-03,2028-02-02,2028-05-10,2024-09-04,2028-02-02,3298.29,0.0,0,4.01,0
PRJ-SYN-0659,SNAP-PRJ-SYN-0659-Q3,Freight Corridor Feeder Line 47,Railways,Ministry of Railways (MoR),CORE,Bihar,HAM,Plains,3171.13,3171.13,1457.13,48.63,45.95,2022-11-03,2028-02-02,2028-02-02,2025-06-18,2028-02-02,3298.29,0.0,0,4.01,0
PRJ-SYN-0659,SNAP-PRJ-SYN-0659-Q4,Freight Corridor Feeder Line 47,Railways,Ministry of Railways (MoR),CORE,Bihar,HAM,Plains,3171.13,3171.13,2864.16,91.95,90.32,2022-11-03,2028-02-02,2028-02-02,2027-07-25,2028-02-02,3298.29,0.0,0,4.01,0
PRJ-SYN-0660,SNAP-PRJ-SYN-0660-Q1,West Bengal Ring Metro Transit System Pkg 50,Metro Rail,Ministry of Housing and Urban Affairs (MoHUA),Bangalore Metro Rail Corp (BMRCL),West Bengal,HAM,Urban Dense,4513.37,4565.23,1186.5,23.75,25.99,2020-11-23,2027-01-23,2027-03-15,2022-02-16,2027-01-29,5170.52,0.2,0,14.56,1
PRJ-SYN-0660,SNAP-PRJ-SYN-0660-Q2,West Bengal Ring Metro Transit System Pkg 50,Metro Rail,Ministry of Housing and Urban Affairs (MoHUA),Bangalore Metro Rail Corp (BMRCL),West Bengal,HAM,Urban Dense,4513.37,4696.93,2496.42,50.41,53.15,2020-11-23,2027-01-23,2027-03-14,2023-12-24,2027-01-29,5170.52,0.2,0,14.56,1
PRJ-SYN-0660,SNAP-PRJ-SYN-0660-Q3,West Bengal Ring Metro Transit System Pkg 50,Metro Rail,Ministry of Housing and Urban Affairs (MoHUA),Bangalore Metro Rail Corp (BMRCL),West Bengal,HAM,Urban Dense,4513.37,4513.37,3915.35,79.03,86.75,2020-11-23,2027-01-23,2027-01-23,2025-10-29,2027-01-29,5170.52,0.2,0,14.56,1
PRJ-SYN-0660,SNAP-PRJ-SYN-0660-Q4,West Bengal Ring Metro Transit System Pkg 50,Metro Rail,Ministry of Housing and Urban Affairs (MoHUA),Bangalore Metro Rail Corp (BMRCL),West Bengal,HAM,Urban Dense,4513.37,5086.85,4797.41,89.66,94.31,2020-11-23,2027-01-23,2027-04-05,2026-06-12,2027-01-29,5170.52,0.2,0,14.56,1
PRJ-SYN-0661,SNAP-PRJ-SYN-0661-Q1,NH-57 4/6-Laning Bypass & Viaduct,Highways,Ministry of Road Transport and Highways (MoRTH),National Highways Authority of India (NHAI),Gujarat,Turnkey,Urban Dense,1010.7,1010.7,203.45,20.6,20.13,2021-07-11,2025-07-11,2025-07-11,2022-04-29,2025-10-04,1085.9,2.8,0,7.44,0
PRJ-SYN-0661,SNAP-PRJ-SYN-0661-Q2,NH-57 4/6-Laning Bypass & Viaduct,Highways,Ministry of Road Transport and Highways (MoRTH),National Highways Authority of India (NHAI),Gujarat,Turnkey,Urban Dense,1010.7,1010.7,440.97,37.81,43.63,2021-07-11,2025-07-11,2025-07-11,2022-12-04,2025-10-04,1085.9,2.8,0,7.44,0
PRJ-SYN-0662,SNAP-PRJ-SYN-0662-Q1,High-Speed Rail Corridor Link 81,Railways,Ministry of Railways (MoR),Rail Vikas Nigam Ltd (RVNL),Jammu & Kashmir,HAM,Plains,1352.05,1352.05,153.32,13.92,11.34,2022-12-18,2028-12-17,2028-12-17,2024-02-29,2029-01-07,1395.45,0.7,0,3.21,0
PRJ-SYN-0662,SNAP-PRJ-SYN-0662-Q2,High-Speed Rail Corridor Link 81,Railways,Ministry of Railways (MoR),Rail Vikas Nigam Ltd (RVNL),Jammu & Kashmir,HAM,Plains,1352.05,1352.05,931.29,62.9,68.88,2022-12-18,2028-12-17,2028-12-17,2026-11-11,2029-01-07,1395.45,0.7,0,3.21,0
PRJ-SYN-0662,SNAP-PRJ-SYN-0662-Q3,High-Speed Rail Corridor Link 81,Railways,Ministry of Railways (MoR),Rail Vikas Nigam Ltd (RVNL),Jammu & Kashmir,HAM,Plains,1352.05,1352.05,1107.73,76.5,81.93,2022-12-18,2028-12-17,2028-12-17,2027-10-06,2029-01-07,1395.45,0.7,0,3.21,0
PRJ-SYN-0662,SNAP-PRJ-SYN-0662-Q4,High-Speed Rail Corridor Link 81,Railways,Ministry of Railways (MoR),Rail Vikas Nigam Ltd (RVNL),Jammu & Kashmir,HAM,Plains,1352.05,1352.05,1284.72,91.9,95.02,2022-12-18,2028-12-17,2028-12-17,2028-05-12,2029-01-07,1395.45,0.7,0,3.21,0
PRJ-SYN-0663,SNAP-PRJ-SYN-0663-Q1,High-Speed Rail Corridor Link 71,Railways,Ministry of Railways (MoR),Dedicated Freight Corridor Corp (DFCCIL),West Bengal,Item Rate,Plains,1031.98,1152.38,736.83,61.37,63.94,2020-12-12,2025-10-12,2025-12-14,2024-02-02,2026-01-29,1279.04,3.6,1,23.94,1
PRJ-SYN-0663,SNAP-PRJ-SYN-0663-Q2,High-Speed Rail Corridor Link 71,Railways,Ministry of Railways (MoR),Dedicated Freight Corridor Corp (DFCCIL),West Bengal,Item Rate,Plains,1031.98,1031.98,870.78,73.44,84.38,2020-12-12,2025-10-12,2025-12-09,2024-10-24,2026-01-29,1279.04,3.6,1,23.94,1
PRJ-SYN-0664,SNAP-PRJ-SYN-0664-Q1,Bihar Ultra Mega Solar Power Park 13 MW,Power & Renewable Energy,Ministry of Power / MNRE,Solar Energy Corporation of India (SECI),Bihar,EPC,Urban Dense,1117.75,1129.85,296.13,19.81,26.21,2019-03-28,2021-10-26,2021-11-08,2019-10-02,2022-03-02,1276.25,4.2,1,14.18,1
PRJ-SYN-0664,SNAP-PRJ-SYN-0664-Q2,Bihar Ultra Mega Solar Power Park 13 MW,Power & Renewable Energy,Ministry of Power / MNRE,Solar Energy Corporation of India (SECI),Bihar,EPC,Urban Dense,1117.75,1149.41,511.37,36.4,44.49,2019-03-28,2021-10-26,2021-10-26,2020-02-21,2022-03-02,1276.25,4.2,1,14.18,1
PRJ-SYN-0664,SNAP-PRJ-SYN-0664-Q3,Bihar Ultra Mega Solar Power Park 13 MW,Power & Renewable Energy,Ministry of Power / MNRE,Solar Energy Corporation of India (SECI),Bihar,EPC,Urban Dense,1117.75,1117.75,605.37,47.4,54.16,2019-03-28,2021-10-26,2021-12-19,2020-07-11,2022-03-02,1276.25,4.2,1,14.18,1
PRJ-SYN-0664,SNAP-PRJ-SYN-0664-Q4,Bihar Ultra Mega Solar Power Park 13 MW,Power & Renewable Energy,Ministry of Power / MNRE,Solar Energy Corporation of India (SECI),Bihar,EPC,Urban Dense,1117.75,1117.75,1067.79,85.02,95.53,2019-03-28,2021-10-26,2021-10-26,2021-07-24,2022-03-02,1276.25,4.2,1,14.18,1
PRJ-SYN-0665,SNAP-PRJ-SYN-0665-Q1,NH-64 4/6-Laning Bypass & Viaduct,Highways,Ministry of Road Transport and Highways (MoRTH),National Highways Authority of India (NHAI),West Bengal,EPC,Hilly/Mountainous,610.74,610.74,137.23,11.37,22.47,2018-02-01,2021-08-02,2021-08-02,2018-10-14,2022-03-27,710.17,7.8,1,16.28,1
PRJ-SYN-0665,SNAP-PRJ-SYN-0665-Q2,NH-64 4/6-Laning Bypass & Viaduct,Highways,Ministry of Road Transport and Highways (MoRTH),National Highways Authority of India (NHAI),West Bengal,EPC,Hilly/Mountainous,610.74,610.74,226.77,25.81,37.13,2018-02-01,2021-08-02,2021-08-02,2019-04-24,2022-03-27,710.17,7.8,1,16.28,1
PRJ-SYN-0665,SNAP-PRJ-SYN-0665-Q3,NH-64 4/6-Laning Bypass & Viaduct,Highways,Ministry of Road Transport and Highways (MoRTH),National Highways Authority of India (NHAI),West Bengal,EPC,Hilly/Mountainous,610.74,650.04,423.63,57.8,65.17,2018-02-01,2021-08-02,2021-12-26,2020-05-11,2022-03-27,710.17,7.8,1,16.28,1
PRJ-SYN-0666,SNAP-PRJ-SYN-0666-Q1,Odisha Ultra Mega Solar Power Park 70 MW,Power & Renewable Energy,Ministry of Power / MNRE,NTPC Limited,Odisha,EPC,Coastal,1175.28,1175.28,136.1,11.65,11.58,2020-01-03,2022-08-03,2022-10-26,2020-07-09,2022-09-23,1185.03,1.7,0,0.83,0
PRJ-SYN-0666,SNAP-PRJ-SYN-0666-Q2,Odisha Ultra Mega Solar Power Park 70 MW,Power & Renewable Energy,Ministry of Power / MNRE,NTPC Limited,Odisha,EPC,Coastal,1175.28,1175.28,1005.69,79.74,85.57,2020-01-03,2022-08-03,2022-08-03,2022-01-26,2022-09-23,1185.03,1.7,0,0.83,0
PRJ-SYN-0666,SNAP-PRJ-SYN-0666-Q3,Odisha Ultra Mega Solar Power Park 70 MW,Power & Renewable Energy,Ministry of Power / MNRE,NTPC Limited,Odisha,EPC,Coastal,1175.28,1231.48,1077.05,85.81,87.46,2020-01-03,2022-08-03,2022-11-10,2022-05-01,2022-09-23,1185.03,1.7,0,0.83,0
PRJ-SYN-0667,SNAP-PRJ-SYN-0667-Q1,NH-33 4/6-Laning Bypass & Viaduct,Highways,Ministry of Road Transport and Highways (MoRTH),National Highways Authority of India (NHAI),Himachal Pradesh,EPC,Plains,327.8,327.8,147.44,47.0,44.98,2020-01-03,2023-02-02,2023-02-02,2021-07-19,2023-04-25,333.11,2.7,0,1.62,0
PRJ-SYN-0667,SNAP-PRJ-SYN-0667-Q2,NH-33 4/6-Laning Bypass & Viaduct,Highways,Ministry of Road Transport and Highways (MoRTH),National Highways Authority of India (NHAI),Himachal Pradesh,EPC,Plains,327.8,327.8,303.08,90.02,92.46,2020-01-03,2023-02-02,2023-02-02,2022-10-12,2023-04-25,333.11,2.7,0,1.62,0
PRJ-SYN-0668,SNAP-PRJ-SYN-0668-Q1,Freight Corridor Feeder Line 74,Railways,Ministry of Railways (MoR),IRCON International,Tamil Nadu,EPC,Hilly/Mountainous,12265.84,12877.29,2321.78,18.91,18.03,2022-10-03,2028-07-03,2028-07-03,2023-11-27,2028-08-02,12595.79,1.0,0,2.69,0
PRJ-SYN-0668,SNAP-PRJ-SYN-0668-Q2,Freight Corridor Feeder Line 74,Railways,Ministry of Railways (MoR),IRCON International,Tamil Nadu,EPC,Hilly/Mountainous,12265.84,12265.84,10138.94,78.58,82.66,2022-10-03,2028-07-03,2028-07-03,2027-05-10,2028-08-02,12595.79,1.0,0,2.69,0
PRJ-SYN-0669,SNAP-PRJ-SYN-0669-Q1,NH-46 4/6-Laning Bypass & Viaduct,Highways,Ministry of Road Transport and Highways (MoRTH),State PWD (Highways),Assam,BOT,Hilly/Mountainous,4183.69,4264.86,1717.46,30.37,40.27,2022-01-24,2024-12-24,2024-12-24,2023-01-31,2024-12-24,4633.44,0.0,0,10.75,1
PRJ-SYN-0669,SNAP-PRJ-SYN-0669-Q2,NH-46 4/6-Laning Bypass & Viaduct,Highways,Ministry of Road Transport and Highways (MoRTH),State PWD (Highways),Assam,BOT,Hilly/Mountainous,4183.69,4520.41,3901.11,81.38,86.3,2022-01-24,2024-12-24,2024-12-24,2024-05-25,2024-12-24,4633.44,0.0,0,10.75,1
PRJ-SYN-0670,SNAP-PRJ-SYN-0670-Q1,Border Road Strategic Connectivity Link 99,Highways,Ministry of Road Transport and Highways (MoRTH),State PWD (Highways),Madhya Pradesh,Turnkey,Hilly/Mountainous,333.58,333.58,31.22,5.0,9.36,2019-08-22,2022-07-22,2023-04-27,2020-08-28,2025-04-24,429.92,33.1,1,28.88,1
PRJ-SYN-0670,SNAP-PRJ-SYN-0670-Q2,Border Road Strategic Connectivity Link 99,Highways,Ministry of Road Transport and Highways (MoRTH),State PWD (Highways),Madhya Pradesh,Turnkey,Hilly/Mountainous,333.58,368.4,86.46,17.61,23.47,2019-08-22,2022-07-22,2023-07-06,2021-02-04,2025-04-24,429.92,33.1,1,28.88,1
PRJ-SYN-0671,SNAP-PRJ-SYN-0671-Q1,Border Road Strategic Connectivity Link 75,Highways,Ministry of Road Transport and Highways (MoRTH),NHIDCL,Karnataka,EPC,Hilly/Mountainous,313.14,313.14,46.91,15.8,14.98,2021-02-25,2023-03-27,2023-03-27,2021-07-27,2023-05-02,330.46,1.2,0,5.53,0
PRJ-SYN-0671,SNAP-PRJ-SYN-0671-Q2,Border Road Strategic Connectivity Link 75,Highways,Ministry of Road Transport and Highways (MoRTH),NHIDCL,Karnataka,EPC,Hilly/Mountainous,313.14,313.14,203.04,65.73,64.84,2021-02-25,2023-03-27,2023-06-19,2022-07-04,2023-05-02,330.46,1.2,0,5.53,0
PRJ-SYN-0671,SNAP-PRJ-SYN-0671-Q3,Border Road Strategic Connectivity Link 75,Highways,Ministry of Road Transport and Highways (MoRTH),NHIDCL,Karnataka,EPC,Hilly/Mountainous,313.14,313.14,300.4,90.49,95.93,2021-02-25,2023-03-27,2023-03-27,2023-01-10,2023-05-02,330.46,1.2,0,5.53,0
PRJ-SYN-0672,SNAP-PRJ-SYN-0672-Q1,Haryana Metro Line 56 Underground Section,Metro Rail,Ministry of Housing and Urban Affairs (MoHUA),UP Metro Rail Corp (UPMRC),Haryana,HAM,Coastal,1019.21,1019.21,536.0,52.48,52.59,2022-12-02,2027-12-02,2027-12-02,2025-06-02,2027-12-02,1029.1,0.0,0,0.97,0
PRJ-SYN-0672,SNAP-PRJ-SYN-0672-Q2,Haryana Metro Line 56 Underground Section,Metro Rail,Ministry of Housing and Urban Affairs (MoHUA),UP Metro Rail Corp (UPMRC),Haryana,HAM,Coastal,1019.21,1019.21,659.12,67.53,64.67,2022-12-02,2027-12-02,2028-01-07,2026-03-03,2027-12-02,1029.1,0.0,0,0.97,0
PRJ-SYN-0673,SNAP-PRJ-SYN-0673-Q1,Maharashtra Metro Corridor Elevated Extension Phase III,Metro Rail,Ministry of Housing and Urban Affairs (MoHUA),Delhi Metro Rail Corp (DMRC),Maharashtra,BOT,Plains,598.5,598.5,186.13,33.95,31.1,2023-05-22,2029-07-21,2029-07-21,2025-07-18,2029-10-11,613.64,2.7,0,2.53,0
PRJ-SYN-0673,SNAP-PRJ-SYN-0673-Q2,Maharashtra Metro Corridor Elevated Extension Phase III,Metro Rail,Ministry of Housing and Urban Affairs (MoHUA),Delhi Metro Rail Corp (DMRC),Maharashtra,BOT,Plains,598.5,598.5,402.61,67.98,67.27,2023-05-22,2029-07-21,2029-10-04,2027-05-25,2029-10-11,613.64,2.7,0,2.53,0
PRJ-SYN-0673,SNAP-PRJ-SYN-0673-Q3,Maharashtra Metro Corridor Elevated Extension Phase III,Metro Rail,Ministry of Housing and Urban Affairs (MoHUA),Delhi Metro Rail Corp (DMRC),Maharashtra,BOT,Plains,598.5,609.32,483.01,78.49,79.27,2023-05-22,2029-07-21,2029-09-26,2028-04-26,2029-10-11,613.64,2.7,0,2.53,0
PRJ-SYN-0674,SNAP-PRJ-SYN-0674-Q1,Punjab Station Redevelopment & Quadrupling,Railways,Ministry of Railways (MoR),IRCON International,Punjab,EPC,Hilly/Mountainous,9257.22,9257.22,6312.5,65.14,68.19,2023-06-06,2030-09-05,2030-10-24,2028-02-21,2030-11-29,9427.55,2.8,0,1.84,0
PRJ-SYN-0674,SNAP-PRJ-SYN-0674-Q2,Punjab Station Redevelopment & Quadrupling,Railways,Ministry of Railways (MoR),IRCON International,Punjab,EPC,Hilly/Mountainous,9257.22,9257.22,8457.4,92.81,91.36,2023-06-06,2030-09-05,2030-09-05,2029-12-14,2030-11-29,9427.55,2.8,0,1.84,0
PRJ-SYN-0675,SNAP-PRJ-SYN-0675-Q1,Telangana Station Redevelopment & Quadrupling,Railways,Ministry of Railways (MoR),Dedicated Freight Corridor Corp (DFCCIL),Telangana,EPC,Coastal,336.08,336.08,97.56,24.12,29.03,2018-03-13,2021-01-10,2021-01-10,2018-10-05,2021-01-31,340.15,0.7,0,1.21,0
PRJ-SYN-0675,SNAP-PRJ-SYN-0675-Q2,Telangana Station Redevelopment & Quadrupling,Railways,Ministry of Railways (MoR),Dedicated Freight Corridor Corp (DFCCIL),Telangana,EPC,Coastal,336.08,336.08,285.84,79.95,85.05,2018-03-13,2021-01-10,2021-01-10,2020-06-17,2021-01-31,340.15,0.7,0,1.21,0
PRJ-SYN-0675,SNAP-PRJ-SYN-0675-Q3,Telangana Station Redevelopment & Quadrupling,Railways,Ministry of Railways (MoR),Dedicated Freight Corridor Corp (DFCCIL),Telangana,EPC,Coastal,336.08,336.08,299.41,85.72,89.09,2018-03-13,2021-01-10,2021-01-10,2020-09-29,2021-01-31,340.15,0.7,0,1.21,0
PRJ-SYN-0676,SNAP-PRJ-SYN-0676-Q1,Telangana Rail Doubling & Third Line Section,Railways,Ministry of Railways (MoR),Rail Vikas Nigam Ltd (RVNL),Telangana,HAM,Urban Dense,7571.93,7707.4,1454.39,10.88,18.87,2019-10-28,2025-11-26,2026-01-11,2021-01-14,2026-10-08,8945.48,10.4,1,18.14,1
PRJ-SYN-0676,SNAP-PRJ-SYN-0676-Q2,Telangana Rail Doubling & Third Line Section,Railways,Ministry of Railways (MoR),Rail Vikas Nigam Ltd (RVNL),Telangana,HAM,Urban Dense,7571.93,7831.04,3295.3,32.02,42.08,2019-10-28,2025-11-26,2025-11-26,2021-12-13,2026-10-08,8945.48,10.4,1,18.14,1
PRJ-SYN-0676,SNAP-PRJ-SYN-0676-Q3,Telangana Rail Doubling & Third Line Section,Railways,Ministry of Railways (MoR),Rail Vikas Nigam Ltd (RVNL),Telangana,HAM,Urban Dense,7571.93,8216.66,5866.7,62.57,71.4,2019-10-28,2025-11-26,2026-04-12,2023-10-11,2026-10-08,8945.48,10.4,1,18.14,1
PRJ-SYN-0677,SNAP-PRJ-SYN-0677-Q1,Maharashtra Metro Corridor Elevated Extension Phase III,Metro Rail,Ministry of Housing and Urban Affairs (MoHUA),Chennai Metro Rail Ltd (CMRL),Maharashtra,BOT,Urban Dense,10352.47,10865.34,2885.83,22.5,26.56,2020-08-22,2028-01-21,2028-01-21,2022-02-14,2028-02-17,11027.45,0.9,0,6.52,0
PRJ-SYN-0677,SNAP-PRJ-SYN-0677-Q2,Maharashtra Metro Corridor Elevated Extension Phase III,Metro Rail,Ministry of Housing and Urban Affairs (MoHUA),Chennai Metro Rail Ltd (CMRL),Maharashtra,BOT,Urban Dense,10352.47,10802.94,5467.37,47.55,50.61,2020-08-22,2028-01-21,2028-04-13,2024-05-07,2028-02-17,11027.45,0.9,0,6.52,0
PRJ-SYN-0677,SNAP-PRJ-SYN-0677-Q3,Maharashtra Metro Corridor Elevated Extension Phase III,Metro Rail,Ministry of Housing and Urban Affairs (MoHUA),Chennai Metro Rail Ltd (CMRL),Maharashtra,BOT,Urban Dense,10352.47,10655.38,7081.57,67.44,66.46,2020-08-22,2028-01-21,2028-04-15,2025-06-17,2028-02-17,11027.45,0.9,0,6.52,0
PRJ-SYN-0677,SNAP-PRJ-SYN-0677-Q4,Maharashtra Metro Corridor Elevated Extension Phase III,Metro Rail,Ministry of Housing and Urban Affairs (MoHUA),Chennai Metro Rail Ltd (CMRL),Maharashtra,BOT,Urban Dense,10352.47,10352.47,9312.05,87.84,89.95,2020-08-22,2028-01-21,2028-01-21,2027-04-26,2028-02-17,11027.45,0.9,0,6.52,0
PRJ-SYN-0678,SNAP-PRJ-SYN-0678-Q1,Uttar Pradesh Ultra Mega Solar Power Park 42 MW,Power & Renewable Energy,Ministry of Power / MNRE,SJVN Limited,Uttar Pradesh,EPC,Plains,482.47,482.47,94.23,22.18,19.53,2021-04-21,2025-05-21,2025-05-21,2022-02-13,2025-05-21,497.52,0.0,0,3.12,0
PRJ-SYN-0678,SNAP-PRJ-SYN-0678-Q2,Uttar Pradesh Ultra Mega Solar Power Park 42 MW,Power & Renewable Energy,Ministry of Power / MNRE,SJVN Limited,Uttar Pradesh,EPC,Plains,482.47,482.47,446.0,90.85,92.44,2021-04-21,2025-05-21,2025-05-21,2024-12-23,2025-05-21,497.52,0.0,0,3.12,0
PRJ-SYN-0679,SNAP-PRJ-SYN-0679-Q1,Uttar Pradesh Express Highway Corridor Phase I,Highways,Ministry of Road Transport and Highways (MoRTH),State PWD (Highways),Uttar Pradesh,EPC,Plains,973.34,973.34,318.38,27.73,32.71,2018-03-13,2021-11-11,2021-11-11,2019-06-24,2022-04-24,1016.75,5.4,1,4.46,0
PRJ-SYN-0679,SNAP-PRJ-SYN-0679-Q2,Uttar Pradesh Express Highway Corridor Phase I,Highways,Ministry of Road Transport and Highways (MoRTH),State PWD (Highways),Uttar Pradesh,EPC,Plains,973.34,973.34,394.11,41.34,40.49,2018-03-13,2021-11-11,2022-01-09,2020-01-11,2022-04-24,1016.75,5.4,1,4.46,0
PRJ-SYN-0679,SNAP-PRJ-SYN-0679-Q3,Uttar Pradesh Express Highway Corridor Phase I,Highways,Ministry of Road Transport and Highways (MoRTH),State PWD (Highways),Uttar Pradesh,EPC,Plains,973.34,1017.33,659.23,65.87,64.8,2018-03-13,2021-11-11,2022-02-13,2020-07-30,2022-04-24,1016.75,5.4,1,4.46,0
PRJ-SYN-0679,SNAP-PRJ-SYN-0679-Q4,Uttar Pradesh Express Highway Corridor Phase I,Highways,Ministry of Road Transport and Highways (MoRTH),State PWD (Highways),Uttar Pradesh,EPC,Plains,973.34,973.34,878.54,88.34,90.26,2018-03-13,2021-11-11,2021-11-11,2021-06-30,2022-04-24,1016.75,5.4,1,4.46,0
PRJ-SYN-0680,SNAP-PRJ-SYN-0680-Q1,Maharashtra Ring Metro Transit System Pkg 19,Metro Rail,Ministry of Housing and Urban Affairs (MoHUA),UP Metro Rail Corp (UPMRC),Maharashtra,EPC,Urban Dense,3540.78,3662.74,1735.41,38.58,47.38,2022-08-26,2030-11-25,2030-11-25,2025-07-15,2031-04-07,4029.76,4.4,1,13.81,1
PRJ-SYN-0680,SNAP-PRJ-SYN-0680-Q2,Maharashtra Ring Metro Transit System Pkg 19,Metro Rail,Ministry of Housing and Urban Affairs (MoHUA),UP Metro Rail Corp (UPMRC),Maharashtra,EPC,Urban Dense,3540.78,3719.52,1766.03,43.87,47.48,2022-08-26,2030-11-25,2030-11-25,2026-10-10,2031-04-07,4029.76,4.4,1,13.81,1
PRJ-SYN-0680,SNAP-PRJ-SYN-0680-Q3,Maharashtra Ring Metro Transit System Pkg 19,Metro Rail,Ministry of Housing and Urban Affairs (MoHUA),UP Metro Rail Corp (UPMRC),Maharashtra,EPC,Urban Dense,3540.78,3815.13,2753.0,66.33,72.16,2022-08-26,2030-11-25,2031-02-02,2028-01-05,2031-04-07,4029.76,4.4,1,13.81,1
PRJ-SYN-0681,SNAP-PRJ-SYN-0681-Q1,West Bengal Ring Metro Transit System Pkg 79,Metro Rail,Ministry of Housing and Urban Affairs (MoHUA),Chennai Metro Rail Ltd (CMRL),West Bengal,HAM,Plains,1483.35,1483.35,234.37,14.0,15.8,2022-09-01,2028-03-01,2028-03-01,2023-10-07,2029-06-24,1573.98,15.8,1,6.11,0
PRJ-SYN-0681,SNAP-PRJ-SYN-0681-Q2,West Bengal Ring Metro Transit System Pkg 79,Metro Rail,Ministry of Housing and Urban Affairs (MoHUA),Chennai Metro Rail Ltd (CMRL),West Bengal,HAM,Plains,1483.35,1483.35,715.42,51.23,48.23,2022-09-01,2028-03-01,2028-03-01,2026-03-29,2029-06-24,1573.98,15.8,1,6.11,0
PRJ-SYN-0682,SNAP-PRJ-SYN-0682-Q1,Kerala Station Redevelopment & Quadrupling,Railways,Ministry of Railways (MoR),CORE,Kerala,BOT,Hilly/Mountainous,575.12,628.74,294.12,44.3,46.78,2021-01-02,2025-11-02,2026-03-29,2023-06-03,2026-10-11,719.59,11.3,1,25.12,1
PRJ-SYN-0682,SNAP-PRJ-SYN-0682-Q2,Kerala Station Redevelopment & Quadrupling,Railways,Ministry of Railways (MoR),CORE,Kerala,BOT,Hilly/Mountainous,575.12,685.0,573.82,73.59,83.77,2021-01-02,2025-11-02,2026-05-27,2024-11-14,2026-10-11,719.59,11.3,1,25.12,1
PRJ-SYN-0683,SNAP-PRJ-SYN-0683-Q1,NH-65 4/6-Laning Bypass & Viaduct,Highways,Ministry of Road Transport and Highways (MoRTH),State PWD (Highways),Karnataka,EPC,Urban Dense,435.96,435.96,93.86,17.56,21.53,2020-12-13,2022-12-13,2022-12-13,2021-05-08,2023-04-16,475.24,4.1,1,9.01,0
PRJ-SYN-0683,SNAP-PRJ-SYN-0683-Q2,NH-65 4/6-Laning Bypass & Viaduct,Highways,Ministry of Road Transport and Highways (MoRTH),State PWD (Highways),Karnataka,EPC,Urban Dense,435.96,435.96,284.55,62.11,65.27,2020-12-13,2022-12-13,2023-02-19,2022-04-01,2023-04-16,475.24,4.1,1,9.01,0
PRJ-SYN-0683,SNAP-PRJ-SYN-0683-Q3,NH-65 4/6-Laning Bypass & Viaduct,Highways,Ministry of Road Transport and Highways (MoRTH),State PWD (Highways),Karnataka,EPC,Urban Dense,435.96,435.96,320.95,73.5,73.62,2020-12-13,2022-12-13,2023-02-15,2022-07-20,2023-04-16,475.24,4.1,1,9.01,0
PRJ-SYN-0684,SNAP-PRJ-SYN-0684-Q1,Karnataka Station Redevelopment & Quadrupling,Railways,Ministry of Railways (MoR),CORE,Karnataka,EPC,Plains,376.49,387.82,105.41,16.15,27.18,2021-05-16,2024-02-14,2024-07-12,2022-05-02,2025-07-15,429.5,17.0,1,14.08,1
PRJ-SYN-0684,SNAP-PRJ-SYN-0684-Q2,Karnataka Station Redevelopment & Quadrupling,Railways,Ministry of Railways (MoR),CORE,Karnataka,EPC,Plains,376.49,394.48,110.02,24.43,27.89,2021-05-16,2024-02-14,2024-08-22,2022-09-30,2025-07-15,429.5,17.0,1,14.08,1
PRJ-SYN-0684,SNAP-PRJ-SYN-0684-Q3,Karnataka Station Redevelopment & Quadrupling,Railways,Ministry of Railways (MoR),CORE,Karnataka,EPC,Plains,376.49,376.49,199.5,45.84,52.99,2021-05-16,2024-02-14,2024-10-25,2023-02-27,2025-07-15,429.5,17.0,1,14.08,1
PRJ-SYN-0684,SNAP-PRJ-SYN-0684-Q4,Karnataka Station Redevelopment & Quadrupling,Railways,Ministry of Railways (MoR),CORE,Karnataka,EPC,Plains,376.49,376.49,247.58,60.86,65.76,2021-05-16,2024-02-14,2025-02-03,2023-07-28,2025-07-15,429.5,17.0,1,14.08,1
PRJ-SYN-0685,SNAP-PRJ-SYN-0685-Q1,Punjab Smart City Water Supply Augmentation,Urban Water & Sanitation,Ministry of Housing and Urban Affairs (MoHUA),Karnataka Urban Infra Dev (KUIDFC),Punjab,EPC,Plains,1093.34,1093.34,231.46,19.57,21.17,2019-06-12,2021-01-10,2021-02-25,2019-10-05,2021-03-14,1138.17,2.1,0,4.1,0
PRJ-SYN-0685,SNAP-PRJ-SYN-0685-Q2,Punjab Smart City Water Supply Augmentation,Urban Water & Sanitation,Ministry of Housing and Urban Affairs (MoHUA),Karnataka Urban Infra Dev (KUIDFC),Punjab,EPC,Plains,1093.34,1093.34,324.83,31.29,29.71,2019-06-12,2021-01-10,2021-01-10,2019-12-31,2021-03-14,1138.17,2.1,0,4.1,0
PRJ-SYN-0685,SNAP-PRJ-SYN-0685-Q3,Punjab Smart City Water Supply Augmentation,Urban Water & Sanitation,Ministry of Housing and Urban Affairs (MoHUA),Karnataka Urban Infra Dev (KUIDFC),Punjab,EPC,Plains,1093.34,1093.34,606.15,51.97,55.44,2019-06-12,2021-01-10,2021-01-10,2020-03-27,2021-03-14,1138.17,2.1,0,4.1,0
PRJ-SYN-0685,SNAP-PRJ-SYN-0685-Q4,Punjab Smart City Water Supply Augmentation,Urban Water & Sanitation,Ministry of Housing and Urban Affairs (MoHUA),Karnataka Urban Infra Dev (KUIDFC),Punjab,EPC,Plains,1093.34,1093.34,904.74,81.94,82.75,2019-06-12,2021-01-10,2021-01-10,2020-09-16,2021-03-14,1138.17,2.1,0,4.1,0
PRJ-SYN-0686,SNAP-PRJ-SYN-0686-Q1,Border Road Strategic Connectivity Link 55,Highways,Ministry of Road Transport and Highways (MoRTH),National Highways Authority of India (NHAI),Tamil Nadu,BOT,Hilly/Mountainous,3193.63,3193.63,800.96,18.17,25.08,2020-01-22,2023-08-22,2024-02-16,2021-04-24,2025-04-18,4076.67,19.9,1,27.65,1
PRJ-SYN-0686,SNAP-PRJ-SYN-0686-Q2,Border Road Strategic Connectivity Link 55,Highways,Ministry of Road Transport and Highways (MoRTH),National Highways Authority of India (NHAI),Tamil Nadu,BOT,Hilly/Mountainous,3193.63,3873.75,3162.92,73.01,81.65,2020-01-22,2023-08-22,2024-08-24,2023-04-13,2025-04-18,4076.67,19.9,1,27.65,1
PRJ-SYN-0687,SNAP-PRJ-SYN-0687-Q1,Maharashtra Pumped Storage Hydro Project Phase I,Power & Renewable Energy,Ministry of Power / MNRE,Solar Energy Corporation of India (SECI),Maharashtra,EPC,Hilly/Mountainous,815.47,815.47,171.0,21.01,20.97,2020-02-11,2022-05-12,2022-05-12,2020-07-24,2022-06-20,862.52,1.3,0,5.77,0
PRJ-SYN-0687,SNAP-PRJ-SYN-0687-Q2,Maharashtra Pumped Storage Hydro Project Phase I,Power & Renewable Energy,Ministry of Power / MNRE,Solar Energy Corporation of India (SECI),Maharashtra,EPC,Hilly/Mountainous,815.47,815.47,628.56,77.4,77.08,2020-02-11,2022-05-12,2022-05-12,2021-11-29,2022-06-20,862.52,1.3,0,5.77,0
PRJ-SYN-0688,SNAP-PRJ-SYN-0688-Q1,Rajasthan Express Highway Corridor Phase IV,Highways,Ministry of Road Transport and Highways (MoRTH),NHIDCL,Rajasthan,HAM,Urban Dense,449.7,449.7,106.49,24.38,23.68,2022-09-14,2025-05-15,2025-05-15,2023-03-27,2025-06-29,463.91,1.5,0,3.16,0
PRJ-SYN-0688,SNAP-PRJ-SYN-0688-Q2,Rajasthan Express Highway Corridor Phase IV,Highways,Ministry of Road Transport and Highways (MoRTH),NHIDCL,Rajasthan,HAM,Urban Dense,449.7,449.7,300.89,65.0,66.91,2022-09-14,2025-05-15,2025-05-15,2024-06-08,2025-06-29,463.91,1.5,0,3.16,0
PRJ-SYN-0688,SNAP-PRJ-SYN-0688-Q3,Rajasthan Express Highway Corridor Phase IV,Highways,Ministry of Road Transport and Highways (MoRTH),NHIDCL,Rajasthan,HAM,Urban Dense,449.7,449.7,423.66,92.56,94.21,2022-09-14,2025-05-15,2025-05-15,2025-02-06,2025-06-29,463.91,1.5,0,3.16,0
PRJ-SYN-0689,SNAP-PRJ-SYN-0689-Q1,Uttar Pradesh Port Modernization & Coastal Connectivity,Ports & Shipping,"Ministry of Ports, Shipping and Waterways (MoPSW)",Syama Prasad Mookerjee Port,Uttar Pradesh,HAM,Urban Dense,1154.41,1209.87,379.54,23.03,31.37,2018-08-04,2022-02-02,2022-06-28,2019-10-25,2023-08-28,1381.94,18.8,1,19.71,1
PRJ-SYN-0689,SNAP-PRJ-SYN-0689-Q2,Uttar Pradesh Port Modernization & Coastal Connectivity,Ports & Shipping,"Ministry of Ports, Shipping and Waterways (MoPSW)",Syama Prasad Mookerjee Port,Uttar Pradesh,HAM,Urban Dense,1154.41,1154.41,390.77,31.23,33.85,2018-08-04,2022-02-02,2022-09-17,2020-05-04,2023-08-28,1381.94,18.8,1,19.71,1
PRJ-SYN-0689,SNAP-PRJ-SYN-0689-Q3,Uttar Pradesh Port Modernization & Coastal Connectivity,Ports & Shipping,"Ministry of Ports, Shipping and Waterways (MoPSW)",Syama Prasad Mookerjee Port,Uttar Pradesh,HAM,Urban Dense,1154.41,1321.54,893.49,60.34,67.61,2018-08-04,2022-02-02,2023-05-19,2021-05-22,2023-08-28,1381.94,18.8,1,19.71,1
PRJ-SYN-0689,SNAP-PRJ-SYN-0689-Q4,Uttar Pradesh Port Modernization & Coastal Connectivity,Ports & Shipping,"Ministry of Ports, Shipping and Waterways (MoPSW)",Syama Prasad Mookerjee Port,Uttar Pradesh,HAM,Urban Dense,1154.41,1348.81,1145.41,73.97,84.92,2018-08-04,2022-02-02,2023-04-02,2021-09-27,2023-08-28,1381.94,18.8,1,19.71,1
PRJ-SYN-0690,SNAP-PRJ-SYN-0690-Q1,Kerala Ring Metro Transit System Pkg 31,Metro Rail,Ministry of Housing and Urban Affairs (MoHUA),UP Metro Rail Corp (UPMRC),Kerala,EPC,Plains,1133.63,1133.63,166.64,12.18,14.7,2020-06-14,2027-04-14,2027-04-14,2021-10-26,2027-09-16,1187.82,5.1,1,4.78,0
PRJ-SYN-0690,SNAP-PRJ-SYN-0690-Q2,Kerala Ring Metro Transit System Pkg 31,Metro Rail,Ministry of Housing and Urban Affairs (MoHUA),UP Metro Rail Corp (UPMRC),Kerala,EPC,Plains,1133.63,1188.92,810.84,65.95,68.2,2020-06-14,2027-04-14,2027-06-28,2024-11-22,2027-09-16,1187.82,5.1,1,4.78,0
PRJ-SYN-0691,SNAP-PRJ-SYN-0691-Q1,NH-43 4/6-Laning Bypass & Viaduct,Highways,Ministry of Road Transport and Highways (MoRTH),State PWD (Highways),Uttar Pradesh,EPC,Plains,976.25,976.25,260.17,20.94,26.65,2020-10-13,2022-10-13,2022-10-13,2021-03-08,2022-12-31,1010.61,2.6,0,3.52,0
PRJ-SYN-0691,SNAP-PRJ-SYN-0691-Q2,NH-43 4/6-Laning Bypass & Viaduct,Highways,Ministry of Road Transport and Highways (MoRTH),State PWD (Highways),Uttar Pradesh,EPC,Plains,976.25,1012.64,852.95,80.72,84.23,2020-10-13,2022-10-13,2022-10-13,2022-05-20,2022-12-31,1010.61,2.6,0,3.52,0
PRJ-SYN-0692,SNAP-PRJ-SYN-0692-Q1,Liquid Cargo Jetty & Breakwater Expansion,Ports & Shipping,"Ministry of Ports, Shipping and Waterways (MoPSW)",Jawaharlal Nehru Port Trust (JNPT),Karnataka,HAM,Plains,679.38,700.06,134.76,20.41,19.25,2022-09-16,2024-09-15,2024-11-29,2023-02-09,2024-10-12,702.48,0.9,0,3.4,0
PRJ-SYN-0692,SNAP-PRJ-SYN-0692-Q2,Liquid Cargo Jetty & Breakwater Expansion,Ports & Shipping,"Ministry of Ports, Shipping and Waterways (MoPSW)",Jawaharlal Nehru Port Trust (JNPT),Karnataka,HAM,Plains,679.38,701.12,195.89,30.66,27.94,2022-09-16,2024-09-15,2024-09-15,2023-05-29,2024-10-12,702.48,0.9,0,3.4,0
PRJ-SYN-0692,SNAP-PRJ-SYN-0692-Q3,Liquid Cargo Jetty & Breakwater Expansion,Ports & Shipping,"Ministry of Ports, Shipping and Waterways (MoPSW)",Jawaharlal Nehru Port Trust (JNPT),Karnataka,HAM,Plains,679.38,679.38,371.96,50.2,54.75,2022-09-16,2024-09-15,2024-11-29,2023-09-16,2024-10-12,702.48,0.9,0,3.4,0
PRJ-SYN-0693,SNAP-PRJ-SYN-0693-Q1,Maharashtra Ring Metro Transit System Pkg 65,Metro Rail,Ministry of Housing and Urban Affairs (MoHUA),Mumbai Metropolitan Region Development Authority (MMRDA),Maharashtra,Item Rate,Coastal,2364.33,2364.33,1334.43,52.18,56.44,2022-06-07,2030-04-07,2030-04-07,2026-05-07,2030-06-06,2482.07,2.0,0,4.98,0
PRJ-SYN-0693,SNAP-PRJ-SYN-0693-Q2,Maharashtra Ring Metro Transit System Pkg 65,Metro Rail,Ministry of Housing and Urban Affairs (MoHUA),Mumbai Metropolitan Region Development Authority (MMRDA),Maharashtra,Item Rate,Coastal,2364.33,2364.33,1527.59,67.46,64.61,2022-06-07,2030-04-07,2030-04-07,2027-07-10,2030-06-06,2482.07,2.0,0,4.98,0
PRJ-SYN-0693,SNAP-PRJ-SYN-0693-Q3,Maharashtra Ring Metro Transit System Pkg 65,Metro Rail,Ministry of Housing and Urban Affairs (MoHUA),Mumbai Metropolitan Region Development Authority (MMRDA),Maharashtra,Item Rate,Coastal,2364.33,2364.33,2189.13,89.23,92.59,2022-06-07,2030-04-07,2030-04-07,2029-06-25,2030-06-06,2482.07,2.0,0,4.98,0
PRJ-SYN-0694,SNAP-PRJ-SYN-0694-Q1,NH-90 4/6-Laning Bypass & Viaduct,Highways,Ministry of Road Transport and Highways (MoRTH),State PWD (Highways),Himachal Pradesh,EPC,Plains,328.69,328.69,125.2,38.42,38.09,2022-03-19,2025-05-18,2025-05-18,2023-04-27,2025-05-18,331.81,0.0,0,0.95,0
PRJ-SYN-0694,SNAP-PRJ-SYN-0694-Q2,NH-90 4/6-Laning Bypass & Viaduct,Highways,Ministry of Road Transport and Highways (MoRTH),State PWD (Highways),Himachal Pradesh,EPC,Plains,328.69,328.69,179.1,51.46,54.49,2022-03-19,2025-05-18,2025-08-21,2023-10-18,2025-05-18,331.81,0.0,0,0.95,0
PRJ-SYN-0694,SNAP-PRJ-SYN-0694-Q3,NH-90 4/6-Laning Bypass & Viaduct,Highways,Ministry of Road Transport and Highways (MoRTH),State PWD (Highways),Himachal Pradesh,EPC,Plains,328.69,328.69,229.49,72.0,69.82,2022-03-19,2025-05-18,2025-05-18,2024-04-08,2025-05-18,331.81,0.0,0,0.95,0
PRJ-SYN-0695,SNAP-PRJ-SYN-0695-Q1,Border Road Strategic Connectivity Link 76,Highways,Ministry of Road Transport and Highways (MoRTH),State PWD (Highways),Andhra Pradesh,Item Rate,Urban Dense,1291.48,1291.48,557.14,38.84,43.14,2020-08-05,2023-03-06,2023-03-06,2021-07-01,2023-03-06,1452.66,0.0,0,12.48,1
PRJ-SYN-0695,SNAP-PRJ-SYN-0695-Q2,Border Road Strategic Connectivity Link 76,Highways,Ministry of Road Transport and Highways (MoRTH),State PWD (Highways),Andhra Pradesh,Item Rate,Urban Dense,1291.48,1357.08,755.89,53.01,55.7,2020-08-05,2023-03-06,2023-03-06,2021-11-19,2023-03-06,1452.66,0.0,0,12.48,1
PRJ-SYN-0696,SNAP-PRJ-SYN-0696-Q1,Border Road Strategic Connectivity Link 18,Highways,Ministry of Road Transport and Highways (MoRTH),NHIDCL,Uttar Pradesh,EPC,Plains,2804.47,2939.39,1206.62,35.97,41.05,2019-07-09,2023-09-07,2023-09-07,2020-12-22,2023-10-10,2808.12,1.1,0,0.13,0
PRJ-SYN-0696,SNAP-PRJ-SYN-0696-Q2,Border Road Strategic Connectivity Link 18,Highways,Ministry of Road Transport and Highways (MoRTH),NHIDCL,Uttar Pradesh,EPC,Plains,2804.47,2804.47,1430.84,49.96,51.02,2019-07-09,2023-09-07,2023-09-07,2021-08-07,2023-10-10,2808.12,1.1,0,0.13,0
PRJ-SYN-0696,SNAP-PRJ-SYN-0696-Q3,Border Road Strategic Connectivity Link 18,Highways,Ministry of Road Transport and Highways (MoRTH),NHIDCL,Uttar Pradesh,EPC,Plains,2804.47,2804.47,2598.62,88.26,92.66,2019-07-09,2023-09-07,2023-12-02,2023-04-08,2023-10-10,2808.12,1.1,0,0.13,0
PRJ-SYN-0697,SNAP-PRJ-SYN-0697-Q1,Tamil Nadu Metro Line 40 Underground Section,Metro Rail,Ministry of Housing and Urban Affairs (MoHUA),UP Metro Rail Corp (UPMRC),Tamil Nadu,BOT,Plains,3043.89,3043.89,1482.37,49.48,48.7,2019-04-01,2023-11-30,2023-11-30,2021-07-31,2024-01-02,3158.04,1.1,0,3.75,0
PRJ-SYN-0697,SNAP-PRJ-SYN-0697-Q2,Tamil Nadu Metro Line 40 Underground Section,Metro Rail,Ministry of Housing and Urban Affairs (MoHUA),UP Metro Rail Corp (UPMRC),Tamil Nadu,BOT,Plains,3043.89,3043.89,1914.61,61.26,62.9,2019-04-01,2023-11-30,2024-01-27,2022-04-12,2024-01-02,3158.04,1.1,0,3.75,0
PRJ-SYN-0698,SNAP-PRJ-SYN-0698-Q1,Uttar Pradesh Station Redevelopment & Quadrupling,Railways,Ministry of Railways (MoR),CORE,Uttar Pradesh,EPC,Urban Dense,2681.75,2681.75,241.89,5.0,9.02,2019-03-09,2022-10-07,2022-10-07,2019-11-25,2024-06-18,3811.3,20.4,1,42.12,1
PRJ-SYN-0698,SNAP-PRJ-SYN-0698-Q2,Uttar Pradesh Station Redevelopment & Quadrupling,Railways,Ministry of Railways (MoR),CORE,Uttar Pradesh,EPC,Urban Dense,2681.75,2681.75,1039.98,30.7,38.78,2019-03-09,2022-10-07,2022-10-07,2020-12-22,2024-06-18,3811.3,20.4,1,42.12,1
PRJ-SYN-0699,SNAP-PRJ-SYN-0699-Q1,Himachal Pradesh Ring Metro Transit System Pkg 92,Metro Rail,Ministry of Housing and Urban Affairs (MoHUA),Mumbai Metropolitan Region Development Authority (MMRDA),Himachal Pradesh,HAM,Hilly/Mountainous,7971.44,8167.15,1408.83,6.21,17.25,2023-08-26,2028-05-25,2028-05-25,2024-08-06,2029-08-03,9906.91,14.3,1,24.28,1
PRJ-SYN-0699,SNAP-PRJ-SYN-0699-Q2,Himachal Pradesh Ring Metro Transit System Pkg 92,Metro Rail,Ministry of Housing and Urban Affairs (MoHUA),Mumbai Metropolitan Region Development Authority (MMRDA),Himachal Pradesh,HAM,Hilly/Mountainous,7971.44,7971.44,6990.95,82.15,87.7,2023-08-26,2028-05-25,2028-05-25,2027-12-04,2029-08-03,9906.91,14.3,1,24.28,1
PRJ-SYN-0700,SNAP-PRJ-SYN-0700-Q1,Maharashtra Economic Corridor Pkg 62,Highways,Ministry of Road Transport and Highways (MoRTH),NHIDCL,Maharashtra,EPC,Plains,857.12,857.12,276.85,30.48,32.3,2023-11-03,2026-09-02,2026-09-02,2024-10-30,2026-09-02,858.83,0.0,0,0.2,0
PRJ-SYN-0700,SNAP-PRJ-SYN-0700-Q2,Maharashtra Economic Corridor Pkg 62,Highways,Ministry of Road Transport and Highways (MoRTH),NHIDCL,Maharashtra,EPC,Plains,857.12,857.12,644.64,76.98,75.21,2023-11-03,2026-09-02,2026-09-02,2026-02-07,2026-09-02,858.83,0.0,0,0.2,0
PRJ-SYN-0700,SNAP-PRJ-SYN-0700-Q3,Maharashtra Economic Corridor Pkg 62,Highways,Ministry of Road Transport and Highways (MoRTH),NHIDCL,Maharashtra,EPC,Plains,857.12,857.12,811.44,89.62,94.67,2023-11-03,2026-09-02,2026-09-02,2026-05-22,2026-09-02,858.83,0.0,0,0.2,0
PRJ-SYN-0701,SNAP-PRJ-SYN-0701-Q1,Haryana Rail Doubling & Third Line Section,Railways,Ministry of Railways (MoR),Dedicated Freight Corridor Corp (DFCCIL),Haryana,HAM,Coastal,5293.04,5293.04,2990.57,50.78,56.5,2019-10-04,2023-12-03,2024-02-25,2021-11-02,2023-12-03,5329.56,0.0,0,0.69,0
PRJ-SYN-0701,SNAP-PRJ-SYN-0701-Q2,Haryana Rail Doubling & Third Line Section,Railways,Ministry of Railways (MoR),Dedicated Freight Corridor Corp (DFCCIL),Haryana,HAM,Coastal,5293.04,5293.04,3279.04,62.27,61.95,2019-10-04,2023-12-03,2024-03-02,2022-06-19,2023-12-03,5329.56,0.0,0,0.69,0
PRJ-SYN-0701,SNAP-PRJ-SYN-0701-Q3,Haryana Rail Doubling & Third Line Section,Railways,Ministry of Railways (MoR),Dedicated Freight Corridor Corp (DFCCIL),Haryana,HAM,Coastal,5293.04,5293.04,4384.23,82.98,82.83,2019-10-04,2023-12-03,2023-12-03,2023-02-02,2023-12-03,5329.56,0.0,0,0.69,0
PRJ-SYN-0702,SNAP-PRJ-SYN-0702-Q1,Karnataka Metro Corridor Elevated Extension Phase II,Metro Rail,Ministry of Housing and Urban Affairs (MoHUA),Bangalore Metro Rail Corp (BMRCL),Karnataka,HAM,Plains,9267.9,9267.9,2018.55,20.19,21.78,2019-04-09,2024-07-08,2024-07-08,2020-04-26,2024-07-26,9599.69,0.6,0,3.58,0
PRJ-SYN-0702,SNAP-PRJ-SYN-0702-Q2,Karnataka Metro Corridor Elevated Extension Phase II,Metro Rail,Ministry of Housing and Urban Affairs (MoHUA),Bangalore Metro Rail Corp (BMRCL),Karnataka,HAM,Plains,9267.9,9573.12,5216.39,51.02,54.49,2019-04-09,2024-07-08,2024-07-08,2021-11-22,2024-07-26,9599.69,0.6,0,3.58,0
PRJ-SYN-0702,SNAP-PRJ-SYN-0702-Q3,Karnataka Metro Corridor Elevated Extension Phase II,Metro Rail,Ministry of Housing and Urban Affairs (MoHUA),Bangalore Metro Rail Corp (BMRCL),Karnataka,HAM,Plains,9267.9,9267.9,5874.92,65.16,63.39,2019-04-09,2024-07-08,2024-08-22,2022-09-06,2024-07-26,9599.69,0.6,0,3.58,0
PRJ-SYN-0703,SNAP-PRJ-SYN-0703-Q1,Andhra Pradesh Economic Corridor Pkg 50,Highways,Ministry of Road Transport and Highways (MoRTH),NHIDCL,Andhra Pradesh,EPC,Plains,1949.57,1949.57,753.9,35.61,38.67,2021-08-22,2025-04-22,2025-07-23,2022-12-03,2025-05-10,1959.51,0.6,0,0.51,0
PRJ-SYN-0703,SNAP-PRJ-SYN-0703-Q2,Andhra Pradesh Economic Corridor Pkg 50,Highways,Ministry of Road Transport and Highways (MoRTH),NHIDCL,Andhra Pradesh,EPC,Plains,1949.57,1949.57,1179.88,54.9,60.52,2021-08-22,2025-04-22,2025-04-22,2023-06-22,2025-05-10,1959.51,0.6,0,0.51,0
PRJ-SYN-0704,SNAP-PRJ-SYN-0704-Q1,Border Road Strategic Connectivity Link 49,Highways,Ministry of Road Transport and Highways (MoRTH),NHIDCL,West Bengal,HAM,Plains,6457.4,6457.4,1447.1,18.76,22.41,2023-10-02,2026-04-02,2026-04-02,2024-04-01,2026-04-14,6518.1,0.4,0,0.94,0
PRJ-SYN-0704,SNAP-PRJ-SYN-0704-Q2,Border Road Strategic Connectivity Link 49,Highways,Ministry of Road Transport and Highways (MoRTH),NHIDCL,West Bengal,HAM,Plains,6457.4,6457.4,2441.54,32.67,37.81,2023-10-02,2026-04-02,2026-04-02,2024-08-16,2026-04-14,6518.1,0.4,0,0.94,0
PRJ-SYN-0704,SNAP-PRJ-SYN-0704-Q3,Border Road Strategic Connectivity Link 49,Highways,Ministry of Road Transport and Highways (MoRTH),NHIDCL,West Bengal,HAM,Plains,6457.4,6457.4,4519.53,65.84,69.99,2023-10-02,2026-04-02,2026-04-02,2025-05-17,2026-04-14,6518.1,0.4,0,0.94,0
PRJ-SYN-0704,SNAP-PRJ-SYN-0704-Q4,Border Road Strategic Connectivity Link 49,Highways,Ministry of Road Transport and Highways (MoRTH),NHIDCL,West Bengal,HAM,Plains,6457.4,6457.4,5820.05,90.42,90.13,2023-10-02,2026-04-02,2026-04-02,2025-12-31,2026-04-14,6518.1,0.4,0,0.94,0
PRJ-SYN-0705,SNAP-PRJ-SYN-0705-Q1,Gujarat Metro Corridor Elevated Extension Phase III,Metro Rail,Ministry of Housing and Urban Affairs (MoHUA),UP Metro Rail Corp (UPMRC),Gujarat,EPC,Plains,3847.98,3847.98,2528.51,68.02,65.71,2023-02-18,2029-07-19,2029-07-19,2027-04-21,2029-09-11,3881.46,1.8,0,0.87,0
PRJ-SYN-0705,SNAP-PRJ-SYN-0705-Q2,Gujarat Metro Corridor Elevated Extension Phase III,Metro Rail,Ministry of Housing and Urban Affairs (MoHUA),UP Metro Rail Corp (UPMRC),Gujarat,EPC,Plains,3847.98,3847.98,3661.35,90.69,95.15,2023-02-18,2029-07-19,2029-07-19,2028-11-27,2029-09-11,3881.46,1.8,0,0.87,0
PRJ-SYN-0706,SNAP-PRJ-SYN-0706-Q1,Kerala Station Redevelopment & Quadrupling,Railways,Ministry of Railways (MoR),Dedicated Freight Corridor Corp (DFCCIL),Kerala,HAM,Plains,2851.56,2966.42,1043.59,27.91,35.18,2019-05-07,2023-04-06,2023-12-05,2021-04-21,2024-11-22,3148.69,19.6,1,10.42,1
PRJ-SYN-0706,SNAP-PRJ-SYN-0706-Q2,Kerala Station Redevelopment & Quadrupling,Railways,Ministry of Railways (MoR),Dedicated Freight Corridor Corp (DFCCIL),Kerala,HAM,Plains,2851.56,2851.56,1514.46,47.01,53.11,2019-05-07,2023-04-06,2023-04-06,2021-11-21,2024-11-22,3148.69,19.6,1,10.42,1
PRJ-SYN-0707,SNAP-PRJ-SYN-0707-Q1,Border Road Strategic Connectivity Link 45,Highways,Ministry of Road Transport and Highways (MoRTH),State PWD (Highways),Rajasthan,EPC,Coastal,408.59,408.59,97.33,14.61,23.82,2021-08-24,2023-06-24,2023-06-24,2022-01-04,2023-10-20,457.54,3.9,1,11.98,1
PRJ-SYN-0707,SNAP-PRJ-SYN-0707-Q2,Border Road Strategic Connectivity Link 45,Highways,Ministry of Road Transport and Highways (MoRTH),State PWD (Highways),Rajasthan,EPC,Coastal,408.59,408.59,239.15,48.04,58.53,2021-08-24,2023-06-24,2023-06-24,2022-07-24,2023-10-20,457.54,3.9,1,11.98,1
PRJ-SYN-0707,SNAP-PRJ-SYN-0707-Q3,Border Road Strategic Connectivity Link 45,Highways,Ministry of Road Transport and Highways (MoRTH),State PWD (Highways),Rajasthan,EPC,Coastal,408.59,428.91,282.57,61.54,65.88,2021-08-24,2023-06-24,2023-08-25,2022-11-02,2023-10-20,457.54,3.9,1,11.98,1
PRJ-SYN-0708,SNAP-PRJ-SYN-0708-Q1,Rajasthan River Basin Pollution Abatement Pkg 74,Urban Water & Sanitation,Ministry of Housing and Urban Affairs (MoHUA),Delhi Jal Board,Rajasthan,Item Rate,Plains,660.27,660.27,388.11,53.54,58.78,2020-07-20,2022-01-18,2022-01-18,2021-04-19,2022-04-16,681.73,2.9,0,3.25,0
PRJ-SYN-0708,SNAP-PRJ-SYN-0708-Q2,Rajasthan River Basin Pollution Abatement Pkg 74,Urban Water & Sanitation,Ministry of Housing and Urban Affairs (MoHUA),Delhi Jal Board,Rajasthan,Item Rate,Plains,660.27,660.27,484.18,70.32,73.33,2020-07-20,2022-01-18,2022-01-18,2021-07-11,2022-04-16,681.73,2.9,0,3.25,0
PRJ-SYN-0708,SNAP-PRJ-SYN-0708-Q3,Rajasthan River Basin Pollution Abatement Pkg 74,Urban Water & Sanitation,Ministry of Housing and Urban Affairs (MoHUA),Delhi Jal Board,Rajasthan,Item Rate,Plains,660.27,671.84,521.35,78.45,77.6,2020-07-20,2022-01-18,2022-04-13,2021-10-01,2022-04-16,681.73,2.9,0,3.25,0
PRJ-SYN-0708,SNAP-PRJ-SYN-0708-Q4,Rajasthan River Basin Pollution Abatement Pkg 74,Urban Water & Sanitation,Ministry of Housing and Urban Affairs (MoHUA),Delhi Jal Board,Rajasthan,Item Rate,Plains,660.27,660.27,567.37,85.1,85.93,2020-07-20,2022-01-18,2022-01-18,2021-11-25,2022-04-16,681.73,2.9,0,3.25,0
PRJ-SYN-0709,SNAP-PRJ-SYN-0709-Q1,Telangana Ultra Mega Solar Power Park 90 MW,Power & Renewable Energy,Ministry of Power / MNRE,NTPC Limited,Telangana,HAM,Plains,562.77,562.77,207.32,33.39,36.84,2023-03-01,2027-01-29,2027-01-29,2024-07-13,2027-02-01,568.68,0.1,0,1.05,0
PRJ-SYN-0709,SNAP-PRJ-SYN-0709-Q2,Telangana Ultra Mega Solar Power Park 90 MW,Power & Renewable Energy,Ministry of Power / MNRE,NTPC Limited,Telangana,HAM,Plains,562.77,562.77,263.21,48.43,46.77,2023-03-01,2027-01-29,2027-04-09,2025-02-13,2027-02-01,568.68,0.1,0,1.05,0
PRJ-SYN-0709,SNAP-PRJ-SYN-0709-Q3,Telangana Ultra Mega Solar Power Park 90 MW,Power & Renewable Energy,Ministry of Power / MNRE,NTPC Limited,Telangana,HAM,Plains,562.77,562.77,463.78,80.31,82.41,2023-03-01,2027-01-29,2027-01-29,2026-04-18,2027-02-01,568.68,0.1,0,1.05,0
PRJ-SYN-0710,SNAP-PRJ-SYN-0710-Q1,Maharashtra Rail Doubling & Third Line Section,Railways,Ministry of Railways (MoR),Dedicated Freight Corridor Corp (DFCCIL),Maharashtra,HAM,Plains,1542.02,1542.02,1000.0,66.56,64.85,2023-11-25,2029-12-24,2030-03-17,2027-11-08,2030-03-04,1584.89,2.3,0,2.78,0
PRJ-SYN-0710,SNAP-PRJ-SYN-0710-Q2,Maharashtra Rail Doubling & Third Line Section,Railways,Ministry of Railways (MoR),Dedicated Freight Corridor Corp (DFCCIL),Maharashtra,HAM,Plains,1542.02,1542.02,1262.14,77.09,81.85,2023-11-25,2029-12-24,2029-12-24,2028-10-06,2030-03-04,1584.89,2.3,0,2.78,0
PRJ-SYN-0711,SNAP-PRJ-SYN-0711-Q1,Border Road Strategic Connectivity Link 27,Highways,Ministry of Road Transport and Highways (MoRTH),NHIDCL,West Bengal,BOT,Hilly/Mountainous,678.42,678.42,128.97,16.76,19.01,2019-11-19,2022-05-20,2022-05-20,2020-05-19,2022-07-04,731.34,1.5,0,7.8,0
PRJ-SYN-0711,SNAP-PRJ-SYN-0711-Q2,Border Road Strategic Connectivity Link 27,Highways,Ministry of Road Transport and Highways (MoRTH),NHIDCL,West Bengal,BOT,Hilly/Mountainous,678.42,678.42,273.2,37.3,40.27,2019-11-19,2022-05-20,2022-05-20,2020-10-03,2022-07-04,731.34,1.5,0,7.8,0
PRJ-SYN-0711,SNAP-PRJ-SYN-0711-Q3,Border Road Strategic Connectivity Link 27,Highways,Ministry of Road Transport and Highways (MoRTH),NHIDCL,West Bengal,BOT,Hilly/Mountainous,678.42,678.42,381.34,52.22,56.21,2019-11-19,2022-05-20,2022-07-30,2021-02-17,2022-07-04,731.34,1.5,0,7.8,0
PRJ-SYN-0712,SNAP-PRJ-SYN-0712-Q1,Gujarat Economic Corridor Pkg 60,Highways,Ministry of Road Transport and Highways (MoRTH),NHIDCL,Gujarat,HAM,Hilly/Mountainous,1243.54,1243.54,1031.64,82.46,82.96,2022-04-01,2025-05-01,2025-05-01,2024-09-17,2025-05-01,1299.5,0.0,0,4.5,0
PRJ-SYN-0712,SNAP-PRJ-SYN-0712-Q2,Gujarat Economic Corridor Pkg 60,Highways,Ministry of Road Transport and Highways (MoRTH),NHIDCL,Gujarat,HAM,Hilly/Mountainous,1243.54,1243.54,1211.95,92.37,97.46,2022-04-01,2025-05-01,2025-05-01,2025-01-08,2025-05-01,1299.5,0.0,0,4.5,0
PRJ-SYN-0713,SNAP-PRJ-SYN-0713-Q1,Karnataka Rail Doubling & Third Line Section,Railways,Ministry of Railways (MoR),Rail Vikas Nigam Ltd (RVNL),Karnataka,EPC,Plains,1964.3,2001.36,1101.55,51.32,55.04,2023-03-02,2027-11-30,2027-11-30,2025-07-16,2028-02-26,1975.5,2.9,0,0.57,0
PRJ-SYN-0713,SNAP-PRJ-SYN-0713-Q2,Karnataka Rail Doubling & Third Line Section,Railways,Ministry of Railways (MoR),Rail Vikas Nigam Ltd (RVNL),Karnataka,EPC,Plains,1964.3,1964.3,1130.65,57.32,57.56,2023-03-02,2027-11-30,2027-11-30,2026-04-02,2028-02-26,1975.5,2.9,0,0.57,0
PRJ-SYN-0713,SNAP-PRJ-SYN-0713-Q3,Karnataka Rail Doubling & Third Line Section,Railways,Ministry of Railways (MoR),Rail Vikas Nigam Ltd (RVNL),Karnataka,EPC,Plains,1964.3,1964.3,1624.28,80.07,82.69,2023-03-02,2027-11-30,2027-11-30,2026-12-18,2028-02-26,1975.5,2.9,0,0.57,0
PRJ-SYN-0714,SNAP-PRJ-SYN-0714-Q1,Tamil Nadu Rail Doubling & Third Line Section,Railways,Ministry of Railways (MoR),Rail Vikas Nigam Ltd (RVNL),Tamil Nadu,Item Rate,Plains,190.8,190.8,54.28,20.43,28.45,2018-01-23,2022-10-23,2022-11-09,2019-01-04,2023-03-02,230.1,4.3,1,20.6,1
PRJ-SYN-0714,SNAP-PRJ-SYN-0714-Q2,Tamil Nadu Rail Doubling & Third Line Section,Railways,Ministry of Railways (MoR),Rail Vikas Nigam Ltd (RVNL),Tamil Nadu,Item Rate,Plains,190.8,210.88,137.87,63.37,65.38,2018-01-23,2022-10-23,2023-01-12,2021-02-23,2023-03-02,230.1,4.3,1,20.6,1
PRJ-SYN-0714,SNAP-PRJ-SYN-0714-Q3,Tamil Nadu Rail Doubling & Third Line Section,Railways,Ministry of Railways (MoR),Rail Vikas Nigam Ltd (RVNL),Tamil Nadu,Item Rate,Plains,190.8,219.27,180.9,75.44,82.5,2018-01-23,2022-10-23,2023-01-26,2021-11-10,2023-03-02,230.1,4.3,1,20.6,1
PRJ-SYN-0714,SNAP-PRJ-SYN-0714-Q4,Tamil Nadu Rail Doubling & Third Line Section,Railways,Ministry of Railways (MoR),Rail Vikas Nigam Ltd (RVNL),Tamil Nadu,Item Rate,Plains,190.8,222.86,205.45,86.34,92.19,2018-01-23,2022-10-23,2023-02-04,2022-05-03,2023-03-02,230.1,4.3,1,20.6,1
PRJ-SYN-0715,SNAP-PRJ-SYN-0715-Q1,West Bengal Pumped Storage Hydro Project Phase II,Power & Renewable Energy,Ministry of Power / MNRE,Power Grid Corporation (PGCIL),West Bengal,EPC,Urban Dense,2796.13,2962.17,708.25,12.01,23.91,2020-12-16,2024-11-15,2025-05-16,2022-04-30,2027-07-23,3692.57,32.2,1,32.06,1
PRJ-SYN-0715,SNAP-PRJ-SYN-0715-Q2,West Bengal Pumped Storage Hydro Project Phase II,Power & Renewable Energy,Ministry of Power / MNRE,Power Grid Corporation (PGCIL),West Bengal,EPC,Urban Dense,2796.13,3226.62,1621.05,40.32,50.24,2020-12-16,2024-11-15,2026-04-07,2023-07-03,2027-07-23,3692.57,32.2,1,32.06,1
PRJ-SYN-0715,SNAP-PRJ-SYN-0715-Q3,West Bengal Pumped Storage Hydro Project Phase II,Power & Renewable Energy,Ministry of Power / MNRE,Power Grid Corporation (PGCIL),West Bengal,EPC,Urban Dense,2796.13,3373.05,2524.39,65.87,74.84,2020-12-16,2024-11-15,2027-04-06,2024-06-25,2027-07-23,3692.57,32.2,1,32.06,1
PRJ-SYN-0716,SNAP-PRJ-SYN-0716-Q1,Uttar Pradesh Metro Line 96 Underground Section,Metro Rail,Ministry of Housing and Urban Affairs (MoHUA),UP Metro Rail Corp (UPMRC),Uttar Pradesh,EPC,Plains,1438.37,1438.37,299.76,15.58,20.84,2021-03-14,2025-11-12,2025-11-12,2022-02-17,2025-11-15,1467.57,0.1,0,2.03,0
PRJ-SYN-0716,SNAP-PRJ-SYN-0716-Q2,Uttar Pradesh Metro Line 96 Underground Section,Metro Rail,Ministry of Housing and Urban Affairs (MoHUA),UP Metro Rail Corp (UPMRC),Uttar Pradesh,EPC,Plains,1438.37,1438.37,816.42,51.06,56.76,2021-03-14,2025-11-12,2025-11-12,2023-07-14,2025-11-15,1467.57,0.1,0,2.03,0
PRJ-SYN-0717,SNAP-PRJ-SYN-0717-Q1,Uttar Pradesh Metro Line 41 Underground Section,Metro Rail,Ministry of Housing and Urban Affairs (MoHUA),Mumbai Metropolitan Region Development Authority (MMRDA),Uttar Pradesh,EPC,Plains,8100.37,8100.37,1768.31,22.84,21.83,2022-11-21,2029-11-20,2029-11-20,2024-04-15,2029-11-29,8206.48,0.3,0,1.31,0
PRJ-SYN-0717,SNAP-PRJ-SYN-0717-Q2,Uttar Pradesh Metro Line 41 Underground Section,Metro Rail,Ministry of Housing and Urban Affairs (MoHUA),Mumbai Metropolitan Region Development Authority (MMRDA),Uttar Pradesh,EPC,Plains,8100.37,8100.37,5784.47,67.46,71.41,2022-11-21,2029-11-20,2029-11-20,2027-06-09,2029-11-29,8206.48,0.3,0,1.31,0
PRJ-SYN-0717,SNAP-PRJ-SYN-0717-Q3,Uttar Pradesh Metro Line 41 Underground Section,Metro Rail,Ministry of Housing and Urban Affairs (MoHUA),Mumbai Metropolitan Region Development Authority (MMRDA),Uttar Pradesh,EPC,Plains,8100.37,8100.37,7425.61,87.89,91.67,2022-11-21,2029-11-20,2029-11-20,2029-03-10,2029-11-29,8206.48,0.3,0,1.31,0
PRJ-SYN-0718,SNAP-PRJ-SYN-0718-Q1,765kV High Voltage Transmission Substation,Power & Renewable Energy,Ministry of Power / MNRE,Power Grid Corporation (PGCIL),Tamil Nadu,Turnkey,Plains,2517.14,2517.14,1418.16,52.47,56.34,2023-07-23,2026-12-21,2026-12-21,2025-04-06,2027-03-13,2520.66,2.7,0,0.14,0
PRJ-SYN-0718,SNAP-PRJ-SYN-0718-Q2,765kV High Voltage Transmission Substation,Power & Renewable Energy,Ministry of Power / MNRE,Power Grid Corporation (PGCIL),Tamil Nadu,Turnkey,Plains,2517.14,2517.14,1956.07,79.72,77.71,2023-07-23,2026-12-21,2026-12-21,2026-04-16,2027-03-13,2520.66,2.7,0,0.14,0
PRJ-SYN-0718,SNAP-PRJ-SYN-0718-Q3,765kV High Voltage Transmission Substation,Power & Renewable Energy,Ministry of Power / MNRE,Power Grid Corporation (PGCIL),Tamil Nadu,Turnkey,Plains,2517.14,2517.14,2127.74,84.39,84.53,2023-07-23,2026-12-21,2026-12-21,2026-08-19,2027-03-13,2520.66,2.7,0,0.14,0
PRJ-SYN-0719,SNAP-PRJ-SYN-0719-Q1,Kerala Express Highway Corridor Phase I,Highways,Ministry of Road Transport and Highways (MoRTH),National Highways Authority of India (NHAI),Kerala,HAM,Plains,6622.91,6951.39,1231.79,19.39,17.72,2019-08-12,2023-03-12,2023-03-12,2020-04-29,2023-05-14,6648.74,2.1,0,0.39,0
PRJ-SYN-0719,SNAP-PRJ-SYN-0719-Q2,Kerala Express Highway Corridor Phase I,Highways,Ministry of Road Transport and Highways (MoRTH),National Highways Authority of India (NHAI),Kerala,HAM,Plains,6622.91,6622.91,4645.97,64.84,70.15,2019-08-12,2023-03-12,2023-03-12,2021-12-09,2023-05-14,6648.74,2.1,0,0.39,0
PRJ-SYN-0719,SNAP-PRJ-SYN-0719-Q3,Kerala Express Highway Corridor Phase I,Highways,Ministry of Road Transport and Highways (MoRTH),National Highways Authority of India (NHAI),Kerala,HAM,Plains,6622.91,6622.91,4959.9,72.43,74.89,2019-08-12,2023-03-12,2023-03-12,2022-06-24,2023-05-14,6648.74,2.1,0,0.39,0
PRJ-SYN-0719,SNAP-PRJ-SYN-0719-Q4,Kerala Express Highway Corridor Phase I,Highways,Ministry of Road Transport and Highways (MoRTH),National Highways Authority of India (NHAI),Kerala,HAM,Plains,6622.91,6622.91,5981.81,88.51,90.32,2019-08-12,2023-03-12,2023-03-12,2022-11-01,2023-05-14,6648.74,2.1,0,0.39,0
PRJ-SYN-0720,SNAP-PRJ-SYN-0720-Q1,Border Road Strategic Connectivity Link 60,Highways,Ministry of Road Transport and Highways (MoRTH),NHIDCL,Gujarat,EPC,Plains,145.69,145.69,48.54,35.43,33.32,2020-03-18,2023-03-18,2023-03-18,2021-04-05,2023-04-29,157.48,1.4,0,8.09,0
PRJ-SYN-0720,SNAP-PRJ-SYN-0720-Q2,Border Road Strategic Connectivity Link 60,Highways,Ministry of Road Transport and Highways (MoRTH),NHIDCL,Gujarat,EPC,Plains,145.69,145.69,119.32,76.38,81.9,2020-03-18,2023-03-18,2023-05-16,2022-08-11,2023-04-29,157.48,1.4,0,8.09,0
PRJ-SYN-0721,SNAP-PRJ-SYN-0721-Q1,NH-53 4/6-Laning Bypass & Viaduct,Highways,Ministry of Road Transport and Highways (MoRTH),NHIDCL,Gujarat,HAM,Plains,7164.69,7164.69,2451.76,32.94,34.22,2019-02-11,2023-02-11,2023-02-11,2020-07-06,2023-02-14,7167.56,0.1,0,0.04,0
PRJ-SYN-0721,SNAP-PRJ-SYN-0721-Q2,NH-53 4/6-Laning Bypass & Viaduct,Highways,Ministry of Road Transport and Highways (MoRTH),NHIDCL,Gujarat,HAM,Plains,7164.69,7164.69,4692.16,68.29,65.49,2019-02-11,2023-02-11,2023-02-11,2021-09-17,2023-02-14,7167.56,0.1,0,0.04,0
PRJ-SYN-0721,SNAP-PRJ-SYN-0721-Q3,NH-53 4/6-Laning Bypass & Viaduct,Highways,Ministry of Road Transport and Highways (MoRTH),NHIDCL,Gujarat,HAM,Plains,7164.69,7164.69,5721.72,77.54,79.86,2019-02-11,2023-02-11,2023-02-11,2022-04-24,2023-02-14,7167.56,0.1,0,0.04,0
PRJ-SYN-0721,SNAP-PRJ-SYN-0721-Q4,NH-53 4/6-Laning Bypass & Viaduct,Highways,Ministry of Road Transport and Highways (MoRTH),NHIDCL,Gujarat,HAM,Plains,7164.69,7164.69,6423.86,91.32,89.66,2019-02-11,2023-02-11,2023-02-11,2022-09-17,2023-02-14,7167.56,0.1,0,0.04,0
PRJ-SYN-0722,SNAP-PRJ-SYN-0722-Q1,Freight Corridor Feeder Line 26,Railways,Ministry of Railways (MoR),Dedicated Freight Corridor Corp (DFCCIL),West Bengal,Item Rate,Coastal,2043.0,2043.0,997.39,51.13,48.82,2020-12-12,2027-01-11,2027-01-11,2023-12-27,2027-01-11,2128.6,0.0,0,4.19,0
PRJ-SYN-0722,SNAP-PRJ-SYN-0722-Q2,Freight Corridor Feeder Line 26,Railways,Ministry of Railways (MoR),Dedicated Freight Corridor Corp (DFCCIL),West Bengal,Item Rate,Coastal,2043.0,2043.0,1653.6,79.39,80.94,2020-12-12,2027-01-11,2027-04-16,2025-10-24,2027-01-11,2128.6,0.0,0,4.19,0
PRJ-SYN-0722,SNAP-PRJ-SYN-0722-Q3,Freight Corridor Feeder Line 26,Railways,Ministry of Railways (MoR),Dedicated Freight Corridor Corp (DFCCIL),West Bengal,Item Rate,Coastal,2043.0,2043.0,1773.73,89.14,86.82,2020-12-12,2027-01-11,2027-01-11,2026-06-03,2027-01-11,2128.6,0.0,0,4.19,0
PRJ-SYN-0723,SNAP-PRJ-SYN-0723-Q1,Underground Sewerage System & 100 MLD STP,Urban Water & Sanitation,Ministry of Housing and Urban Affairs (MoHUA),Karnataka Urban Infra Dev (KUIDFC),Odisha,HAM,Coastal,225.56,225.56,52.08,18.54,23.09,2021-03-18,2023-11-17,2023-11-17,2021-09-28,2024-03-26,238.17,4.3,1,5.59,0
PRJ-SYN-0723,SNAP-PRJ-SYN-0723-Q2,Underground Sewerage System & 100 MLD STP,Urban Water & Sanitation,Ministry of Housing and Urban Affairs (MoHUA),Karnataka Urban Infra Dev (KUIDFC),Odisha,HAM,Coastal,225.56,225.56,149.05,61.12,66.08,2021-03-18,2023-11-17,2024-01-22,2022-12-11,2024-03-26,238.17,4.3,1,5.59,0
PRJ-SYN-0723,SNAP-PRJ-SYN-0723-Q3,Underground Sewerage System & 100 MLD STP,Urban Water & Sanitation,Ministry of Housing and Urban Affairs (MoHUA),Karnataka Urban Infra Dev (KUIDFC),Odisha,HAM,Coastal,225.56,225.56,172.91,75.45,76.66,2021-03-18,2023-11-17,2023-11-17,2023-05-06,2024-03-26,238.17,4.3,1,5.59,0
PRJ-SYN-0723,SNAP-PRJ-SYN-0723-Q4,Underground Sewerage System & 100 MLD STP,Urban Water & Sanitation,Ministry of Housing and Urban Affairs (MoHUA),Karnataka Urban Infra Dev (KUIDFC),Odisha,HAM,Coastal,225.56,225.56,201.97,85.53,89.54,2021-03-18,2023-11-17,2023-11-17,2023-08-11,2024-03-26,238.17,4.3,1,5.59,0
PRJ-SYN-0724,SNAP-PRJ-SYN-0724-Q1,Bihar Rail Doubling & Third Line Section,Railways,Ministry of Railways (MoR),Rail Vikas Nigam Ltd (RVNL),Bihar,Item Rate,Plains,154.46,154.46,41.92,23.53,27.14,2021-05-06,2023-11-05,2023-11-05,2021-11-04,2023-11-05,158.0,0.0,0,2.29,0
PRJ-SYN-0724,SNAP-PRJ-SYN-0724-Q2,Bihar Rail Doubling & Third Line Section,Railways,Ministry of Railways (MoR),Rail Vikas Nigam Ltd (RVNL),Bihar,Item Rate,Plains,154.46,154.46,54.45,32.03,35.25,2021-05-06,2023-11-05,2023-11-05,2022-03-21,2023-11-05,158.0,0.0,0,2.29,0
PRJ-SYN-0724,SNAP-PRJ-SYN-0724-Q3,Bihar Rail Doubling & Third Line Section,Railways,Ministry of Railways (MoR),Rail Vikas Nigam Ltd (RVNL),Bihar,Item Rate,Plains,154.46,154.46,102.42,63.76,66.31,2021-05-06,2023-11-05,2024-01-29,2022-12-20,2023-11-05,158.0,0.0,0,2.29,0
PRJ-SYN-0724,SNAP-PRJ-SYN-0724-Q4,Bihar Rail Doubling & Third Line Section,Railways,Ministry of Railways (MoR),Rail Vikas Nigam Ltd (RVNL),Bihar,Item Rate,Plains,154.46,154.46,154.57,94.98,100.07,2021-05-06,2023-11-05,2023-11-05,2023-08-05,2023-11-05,158.0,0.0,0,2.29,0
PRJ-SYN-0725,SNAP-PRJ-SYN-0725-Q1,Jharkhand Port Modernization & Coastal Connectivity,Ports & Shipping,"Ministry of Ports, Shipping and Waterways (MoPSW)",Jawaharlal Nehru Port Trust (JNPT),Jharkhand,HAM,Plains,2294.97,2294.97,532.89,25.27,23.22,2021-08-04,2025-03-04,2025-03-04,2022-04-22,2025-04-09,2316.08,1.2,0,0.92,0
PRJ-SYN-0725,SNAP-PRJ-SYN-0725-Q2,Jharkhand Port Modernization & Coastal Connectivity,Ports & Shipping,"Ministry of Ports, Shipping and Waterways (MoPSW)",Jawaharlal Nehru Port Trust (JNPT),Jharkhand,HAM,Plains,2294.97,2294.97,906.97,37.49,39.52,2021-08-04,2025-03-04,2025-03-04,2022-11-05,2025-04-09,2316.08,1.2,0,0.92,0
PRJ-SYN-0725,SNAP-PRJ-SYN-0725-Q3,Jharkhand Port Modernization & Coastal Connectivity,Ports & Shipping,"Ministry of Ports, Shipping and Waterways (MoPSW)",Jawaharlal Nehru Port Trust (JNPT),Jharkhand,HAM,Plains,2294.97,2294.97,1046.74,46.17,45.61,2021-08-04,2025-03-04,2025-03-04,2023-05-20,2025-04-09,2316.08,1.2,0,0.92,0
PRJ-SYN-0725,SNAP-PRJ-SYN-0725-Q4,Jharkhand Port Modernization & Coastal Connectivity,Ports & Shipping,"Ministry of Ports, Shipping and Waterways (MoPSW)",Jawaharlal Nehru Port Trust (JNPT),Jharkhand,HAM,Plains,2294.97,2294.97,1943.84,81.33,84.7,2021-08-04,2025-03-04,2025-06-06,2024-06-16,2025-04-09,2316.08,1.2,0,0.92,0
PRJ-SYN-0726,SNAP-PRJ-SYN-0726-Q1,765kV High Voltage Transmission Substation,Power & Renewable Energy,Ministry of Power / MNRE,Power Grid Corporation (PGCIL),Karnataka,HAM,Plains,848.96,848.96,174.89,19.32,20.6,2020-10-22,2025-04-22,2025-04-22,2021-09-15,2025-05-25,850.32,1.1,0,0.16,0
PRJ-SYN-0726,SNAP-PRJ-SYN-0726-Q2,765kV High Voltage Transmission Substation,Power & Renewable Energy,Ministry of Power / MNRE,Power Grid Corporation (PGCIL),Karnataka,HAM,Plains,848.96,848.96,326.17,34.61,38.42,2020-10-22,2025-04-22,2025-04-22,2022-05-20,2025-05-25,850.32,1.1,0,0.16,0
PRJ-SYN-0726,SNAP-PRJ-SYN-0726-Q3,765kV High Voltage Transmission Substation,Power & Renewable Energy,Ministry of Power / MNRE,Power Grid Corporation (PGCIL),Karnataka,HAM,Plains,848.96,848.96,416.33,48.71,49.04,2020-10-22,2025-04-22,2025-04-22,2023-01-21,2025-05-25,850.32,1.1,0,0.16,0
PRJ-SYN-0726,SNAP-PRJ-SYN-0726-Q4,765kV High Voltage Transmission Substation,Power & Renewable Energy,Ministry of Power / MNRE,Power Grid Corporation (PGCIL),Karnataka,HAM,Plains,848.96,848.96,728.58,80.28,85.82,2020-10-22,2025-04-22,2025-04-22,2024-05-28,2025-05-25,850.32,1.1,0,0.16,0
PRJ-SYN-0727,SNAP-PRJ-SYN-0727-Q1,Madhya Pradesh Station Redevelopment & Quadrupling,Railways,Ministry of Railways (MoR),Rail Vikas Nigam Ltd (RVNL),Madhya Pradesh,HAM,Hilly/Mountainous,1164.83,1164.83,304.6,25.05,26.15,2023-02-11,2028-10-11,2028-11-23,2024-03-30,2028-11-16,1225.98,1.2,0,5.25,0
PRJ-SYN-0727,SNAP-PRJ-SYN-0727-Q2,Madhya Pradesh Station Redevelopment & Quadrupling,Railways,Ministry of Railways (MoR),Rail Vikas Nigam Ltd (RVNL),Madhya Pradesh,HAM,Hilly/Mountainous,1164.83,1164.83,622.95,53.97,53.48,2023-02-11,2028-10-11,2028-10-11,2025-12-11,2028-11-16,1225.98,1.2,0,5.25,0
PRJ-SYN-0728,SNAP-PRJ-SYN-0728-Q1,Punjab Economic Corridor Pkg 51,Highways,Ministry of Road Transport and Highways (MoRTH),NHIDCL,Punjab,Item Rate,Plains,860.62,860.62,399.16,47.65,46.38,2018-02-15,2020-05-16,2020-08-24,2019-04-01,2020-05-16,904.94,0.0,0,5.15,0
PRJ-SYN-0728,SNAP-PRJ-SYN-0728-Q2,Punjab Economic Corridor Pkg 51,Highways,Ministry of Road Transport and Highways (MoRTH),NHIDCL,Punjab,Item Rate,Plains,860.62,860.62,532.72,56.14,61.9,2018-02-15,2020-05-16,2020-05-16,2019-08-03,2020-05-16,904.94,0.0,0,5.15,0
PRJ-SYN-0728,SNAP-PRJ-SYN-0728-Q3,Punjab Economic Corridor Pkg 51,Highways,Ministry of Road Transport and Highways (MoRTH),NHIDCL,Punjab,Item Rate,Plains,860.62,860.62,658.98,78.43,76.57,2018-02-15,2020-05-16,2020-05-16,2019-12-04,2020-05-16,904.94,0.0,0,5.15,0
PRJ-SYN-0728,SNAP-PRJ-SYN-0728-Q4,Punjab Economic Corridor Pkg 51,Highways,Ministry of Road Transport and Highways (MoRTH),NHIDCL,Punjab,Item Rate,Plains,860.62,860.62,819.05,98.0,95.17,2018-02-15,2020-05-16,2020-05-16,2020-02-24,2020-05-16,904.94,0.0,0,5.15,0
PRJ-SYN-0729,SNAP-PRJ-SYN-0729-Q1,West Bengal Express Highway Corridor Phase III,Highways,Ministry of Road Transport and Highways (MoRTH),NHIDCL,West Bengal,HAM,Hilly/Mountainous,1498.01,1498.01,259.46,14.13,17.32,2022-08-11,2026-06-11,2026-06-11,2023-05-18,2027-03-30,1839.11,9.6,1,22.77,1
PRJ-SYN-0729,SNAP-PRJ-SYN-0729-Q2,West Bengal Express Highway Corridor Phase III,Highways,Ministry of Road Transport and Highways (MoRTH),NHIDCL,West Bengal,HAM,Hilly/Mountainous,1498.01,1498.01,542.58,27.19,36.22,2022-08-11,2026-06-11,2026-08-15,2023-12-14,2027-03-30,1839.11,9.6,1,22.77,1
PRJ-SYN-0729,SNAP-PRJ-SYN-0729-Q3,West Bengal Express Highway Corridor Phase III,Highways,Ministry of Road Transport and Highways (MoRTH),NHIDCL,West Bengal,HAM,Hilly/Mountainous,1498.01,1679.0,1379.97,71.13,82.19,2022-08-11,2026-06-11,2026-11-17,2025-09-04,2027-03-30,1839.11,9.6,1,22.77,1
PRJ-SYN-0729,SNAP-PRJ-SYN-0729-Q4,West Bengal Express Highway Corridor Phase III,Highways,Ministry of Road Transport and Highways (MoRTH),NHIDCL,West Bengal,HAM,Hilly/Mountainous,1498.01,1717.23,1615.57,83.33,94.08,2022-08-11,2026-06-11,2027-03-05,2026-01-22,2027-03-30,1839.11,9.6,1,22.77,1
PRJ-SYN-0730,SNAP-PRJ-SYN-0730-Q1,Freight Corridor Feeder Line 17,Railways,Ministry of Railways (MoR),Dedicated Freight Corridor Corp (DFCCIL),Telangana,HAM,Plains,6538.46,6538.46,3322.85,51.22,50.82,2022-10-13,2026-12-12,2026-12-12,2024-11-11,2027-02-16,6639.15,2.2,0,1.54,0
PRJ-SYN-0730,SNAP-PRJ-SYN-0730-Q2,Freight Corridor Feeder Line 17,Railways,Ministry of Railways (MoR),Dedicated Freight Corridor Corp (DFCCIL),Telangana,HAM,Plains,6538.46,6538.46,4187.23,61.56,64.04,2022-10-13,2026-12-12,2026-12-12,2025-06-28,2027-02-16,6639.15,2.2,0,1.54,0
PRJ-SYN-0731,SNAP-PRJ-SYN-0731-Q1,NH-21 4/6-Laning Bypass & Viaduct,Highways,Ministry of Road Transport and Highways (MoRTH),National Highways Authority of India (NHAI),Jammu & Kashmir,HAM,Coastal,447.85,457.71,59.46,5.0,12.99,2019-03-13,2020-12-11,2020-12-11,2019-07-18,2022-07-21,553.05,19.3,1,23.49,1
PRJ-SYN-0731,SNAP-PRJ-SYN-0731-Q2,NH-21 4/6-Laning Bypass & Viaduct,Highways,Ministry of Road Transport and Highways (MoRTH),National Highways Authority of India (NHAI),Jammu & Kashmir,HAM,Coastal,447.85,467.72,53.83,5.0,11.51,2019-03-13,2020-12-11,2021-03-31,2019-10-22,2022-07-21,553.05,19.3,1,23.49,1
PRJ-SYN-0731,SNAP-PRJ-SYN-0731-Q3,NH-21 4/6-Laning Bypass & Viaduct,Highways,Ministry of Road Transport and Highways (MoRTH),National Highways Authority of India (NHAI),Jammu & Kashmir,HAM,Coastal,447.85,447.85,88.99,11.18,19.87,2019-03-13,2020-12-11,2021-06-01,2020-01-26,2022-07-21,553.05,19.3,1,23.49,1
PRJ-SYN-0732,SNAP-PRJ-SYN-0732-Q1,Underground Sewerage System & 100 MLD STP,Urban Water & Sanitation,Ministry of Housing and Urban Affairs (MoHUA),Karnataka Urban Infra Dev (KUIDFC),Gujarat,EPC,Plains,253.16,253.16,56.94,18.97,22.49,2022-03-12,2024-10-10,2024-11-21,2022-09-16,2024-12-31,255.87,2.7,0,1.07,0
PRJ-SYN-0732,SNAP-PRJ-SYN-0732-Q2,Underground Sewerage System & 100 MLD STP,Urban Water & Sanitation,Ministry of Housing and Urban Affairs (MoHUA),Karnataka Urban Infra Dev (KUIDFC),Gujarat,EPC,Plains,253.16,253.16,89.75,32.68,35.45,2022-03-12,2024-10-10,2024-10-10,2023-02-05,2024-12-31,255.87,2.7,0,1.07,0
PRJ-SYN-0732,SNAP-PRJ-SYN-0732-Q3,Underground Sewerage System & 100 MLD STP,Urban Water & Sanitation,Ministry of Housing and Urban Affairs (MoHUA),Karnataka Urban Infra Dev (KUIDFC),Gujarat,EPC,Plains,253.16,263.47,121.88,46.46,46.26,2022-03-12,2024-10-10,2024-10-10,2023-06-26,2024-12-31,255.87,2.7,0,1.07,0
PRJ-SYN-0732,SNAP-PRJ-SYN-0732-Q4,Underground Sewerage System & 100 MLD STP,Urban Water & Sanitation,Ministry of Housing and Urban Affairs (MoHUA),Karnataka Urban Infra Dev (KUIDFC),Gujarat,EPC,Plains,253.16,253.16,178.15,66.02,70.37,2022-03-12,2024-10-10,2024-10-10,2023-11-15,2024-12-31,255.87,2.7,0,1.07,0
PRJ-SYN-0733,SNAP-PRJ-SYN-0733-Q1,Border Road Strategic Connectivity Link 44,Highways,Ministry of Road Transport and Highways (MoRTH),NHIDCL,Uttar Pradesh,Turnkey,Hilly/Mountainous,2876.81,2876.81,669.43,20.15,23.27,2022-07-03,2026-07-03,2026-10-13,2023-11-26,2027-10-02,3247.06,15.0,1,12.87,1
PRJ-SYN-0733,SNAP-PRJ-SYN-0733-Q2,Border Road Strategic Connectivity Link 44,Highways,Ministry of Road Transport and Highways (MoRTH),NHIDCL,Uttar Pradesh,Turnkey,Hilly/Mountainous,2876.81,2997.02,1366.64,34.62,45.6,2022-07-03,2026-07-03,2026-07-03,2024-07-02,2027-10-02,3247.06,15.0,1,12.87,1
PRJ-SYN-0733,SNAP-PRJ-SYN-0733-Q3,Border Road Strategic Connectivity Link 44,Highways,Ministry of Road Transport and Highways (MoRTH),NHIDCL,Uttar Pradesh,Turnkey,Hilly/Mountainous,2876.81,3171.71,2510.09,73.95,79.14,2022-07-03,2026-07-03,2026-07-03,2025-09-13,2027-10-02,3247.06,15.0,1,12.87,1
PRJ-SYN-0734,SNAP-PRJ-SYN-0734-Q1,Border Road Strategic Connectivity Link 15,Highways,Ministry of Road Transport and Highways (MoRTH),NHIDCL,Gujarat,BOT,Plains,363.5,378.92,114.7,27.63,30.27,2020-08-22,2023-06-22,2023-08-28,2021-08-19,2024-03-15,434.6,8.8,1,19.56,1
PRJ-SYN-0734,SNAP-PRJ-SYN-0734-Q2,Border Road Strategic Connectivity Link 15,Highways,Ministry of Road Transport and Highways (MoRTH),NHIDCL,Gujarat,BOT,Plains,363.5,412.21,358.71,82.72,87.02,2020-08-22,2023-06-22,2024-01-12,2023-03-11,2024-03-15,434.6,8.8,1,19.56,1
PRJ-SYN-0735,SNAP-PRJ-SYN-0735-Q1,Bihar Express Highway Corridor Phase III,Highways,Ministry of Road Transport and Highways (MoRTH),NHIDCL,Bihar,EPC,Plains,1257.47,1257.47,429.8,37.09,34.18,2018-08-10,2021-10-09,2021-10-09,2019-09-18,2021-10-09,1262.63,0.0,0,0.41,0
PRJ-SYN-0735,SNAP-PRJ-SYN-0735-Q2,Bihar Express Highway Corridor Phase III,Highways,Ministry of Road Transport and Highways (MoRTH),NHIDCL,Bihar,EPC,Plains,1257.47,1257.47,724.93,54.21,57.65,2018-08-10,2021-10-09,2022-01-20,2020-03-10,2021-10-09,1262.63,0.0,0,0.41,0
PRJ-SYN-0736,SNAP-PRJ-SYN-0736-Q1,Border Road Strategic Connectivity Link 82,Highways,Ministry of Road Transport and Highways (MoRTH),National Highways Authority of India (NHAI),Jharkhand,EPC,Plains,658.57,658.57,162.4,18.73,24.66,2022-02-02,2024-01-03,2024-01-03,2022-06-22,2024-03-25,676.61,2.7,0,2.74,0
PRJ-SYN-0736,SNAP-PRJ-SYN-0736-Q2,Border Road Strategic Connectivity Link 82,Highways,Ministry of Road Transport and Highways (MoRTH),National Highways Authority of India (NHAI),Jharkhand,EPC,Plains,658.57,658.57,270.8,40.46,41.12,2022-02-02,2024-01-03,2024-01-03,2022-10-05,2024-03-25,676.61,2.7,0,2.74,0
PRJ-SYN-0736,SNAP-PRJ-SYN-0736-Q3,Border Road Strategic Connectivity Link 82,Highways,Ministry of Road Transport and Highways (MoRTH),National Highways Authority of India (NHAI),Jharkhand,EPC,Plains,658.57,658.57,427.41,66.4,64.9,2022-02-02,2024-01-03,2024-04-02,2023-05-03,2024-03-25,676.61,2.7,0,2.74,0
PRJ-SYN-0736,SNAP-PRJ-SYN-0736-Q4,Border Road Strategic Connectivity Link 82,Highways,Ministry of Road Transport and Highways (MoRTH),National Highways Authority of India (NHAI),Jharkhand,EPC,Plains,658.57,690.38,559.62,80.4,81.06,2022-02-02,2024-01-03,2024-01-03,2023-08-16,2024-03-25,676.61,2.7,0,2.74,0
PRJ-SYN-0737,SNAP-PRJ-SYN-0737-Q1,Border Road Strategic Connectivity Link 55,Highways,Ministry of Road Transport and Highways (MoRTH),National Highways Authority of India (NHAI),Bihar,HAM,Plains,162.49,162.49,38.01,19.12,23.39,2022-02-25,2024-03-26,2024-03-26,2022-07-27,2024-03-26,163.61,0.0,0,0.69,0
PRJ-SYN-0737,SNAP-PRJ-SYN-0737-Q2,Border Road Strategic Connectivity Link 55,Highways,Ministry of Road Transport and Highways (MoRTH),National Highways Authority of India (NHAI),Bihar,HAM,Plains,162.49,162.49,106.11,65.44,65.3,2022-02-25,2024-03-26,2024-03-26,2023-07-04,2024-03-26,163.61,0.0,0,0.69,0
PRJ-SYN-0737,SNAP-PRJ-SYN-0737-Q3,Border Road Strategic Connectivity Link 55,Highways,Ministry of Road Transport and Highways (MoRTH),National Highways Authority of India (NHAI),Bihar,HAM,Plains,162.49,162.49,129.72,75.91,79.83,2022-02-25,2024-03-26,2024-03-26,2023-10-26,2024-03-26,163.61,0.0,0,0.69,0
PRJ-SYN-0737,SNAP-PRJ-SYN-0737-Q4,Border Road Strategic Connectivity Link 55,Highways,Ministry of Road Transport and Highways (MoRTH),National Highways Authority of India (NHAI),Bihar,HAM,Plains,162.49,162.49,144.32,90.48,88.82,2022-02-25,2024-03-26,2024-06-30,2024-01-10,2024-03-26,163.61,0.0,0,0.69,0
PRJ-SYN-0738,SNAP-PRJ-SYN-0738-Q1,Tamil Nadu Station Redevelopment & Quadrupling,Railways,Ministry of Railways (MoR),Rail Vikas Nigam Ltd (RVNL),Tamil Nadu,EPC,Plains,3361.69,3361.69,1658.32,48.78,49.33,2023-05-11,2029-05-10,2029-05-10,2026-05-10,2029-06-15,3541.54,1.2,0,5.35,0
PRJ-SYN-0738,SNAP-PRJ-SYN-0738-Q2,Tamil Nadu Station Redevelopment & Quadrupling,Railways,Ministry of Railways (MoR),Rail Vikas Nigam Ltd (RVNL),Tamil Nadu,EPC,Plains,3361.69,3361.69,1962.22,61.2,58.37,2023-05-11,2029-05-10,2029-05-10,2027-04-04,2029-06-15,3541.54,1.2,0,5.35,0
PRJ-SYN-0738,SNAP-PRJ-SYN-0738-Q3,Tamil Nadu Station Redevelopment & Quadrupling,Railways,Ministry of Railways (MoR),Rail Vikas Nigam Ltd (RVNL),Tamil Nadu,EPC,Plains,3361.69,3361.69,2606.65,79.58,77.54,2023-05-11,2029-05-10,2029-05-10,2028-02-27,2029-06-15,3541.54,1.2,0,5.35,0
PRJ-SYN-0738,SNAP-PRJ-SYN-0738-Q4,Tamil Nadu Station Redevelopment & Quadrupling,Railways,Ministry of Railways (MoR),Rail Vikas Nigam Ltd (RVNL),Tamil Nadu,EPC,Plains,3361.69,3521.84,3279.19,88.17,93.11,2023-05-11,2029-05-10,2029-05-10,2028-10-03,2029-06-15,3541.54,1.2,0,5.35,0
PRJ-SYN-0739,SNAP-PRJ-SYN-0739-Q1,Karnataka Metro Corridor Elevated Extension Phase II,Metro Rail,Ministry of Housing and Urban Affairs (MoHUA),Mumbai Metropolitan Region Development Authority (MMRDA),Karnataka,Item Rate,Plains,8243.96,8243.96,684.25,5.0,8.3,2018-12-20,2024-09-19,2024-09-19,2020-02-13,2027-01-13,9816.91,27.8,1,19.08,1
PRJ-SYN-0739,SNAP-PRJ-SYN-0739-Q2,Karnataka Metro Corridor Elevated Extension Phase II,Metro Rail,Ministry of Housing and Urban Affairs (MoHUA),Mumbai Metropolitan Region Development Authority (MMRDA),Karnataka,Item Rate,Plains,8243.96,8243.96,4877.95,47.53,59.17,2018-12-20,2024-09-19,2025-11-14,2022-09-15,2027-01-13,9816.91,27.8,1,19.08,1
PRJ-SYN-0739,SNAP-PRJ-SYN-0739-Q3,Karnataka Metro Corridor Elevated Extension Phase II,Metro Rail,Ministry of Housing and Urban Affairs (MoHUA),Mumbai Metropolitan Region Development Authority (MMRDA),Karnataka,Item Rate,Plains,8243.96,9408.05,8309.19,80.14,88.32,2018-12-20,2024-09-19,2026-06-17,2024-02-22,2027-01-13,9816.91,27.8,1,19.08,1
PRJ-SYN-0740,SNAP-PRJ-SYN-0740-Q1,Tamil Nadu Rail Doubling & Third Line Section,Railways,Ministry of Railways (MoR),Dedicated Freight Corridor Corp (DFCCIL),Tamil Nadu,EPC,Urban Dense,789.08,789.08,505.09,66.32,64.01,2019-11-16,2022-09-15,2022-09-15,2021-09-18,2022-10-24,858.91,1.3,0,8.85,0
PRJ-SYN-0740,SNAP-PRJ-SYN-0740-Q2,Tamil Nadu Rail Doubling & Third Line Section,Railways,Ministry of Railways (MoR),Dedicated Freight Corridor Corp (DFCCIL),Tamil Nadu,EPC,Urban Dense,789.08,789.08,604.04,79.47,76.55,2019-11-16,2022-09-15,2022-09-15,2022-02-20,2022-10-24,858.91,1.3,0,8.85,0
PRJ-SYN-0740,SNAP-PRJ-SYN-0740-Q3,Tamil Nadu Rail Doubling & Third Line Section,Railways,Ministry of Railways (MoR),Dedicated Freight Corridor Corp (DFCCIL),Tamil Nadu,EPC,Urban Dense,789.08,789.08,779.93,94.26,98.84,2019-11-16,2022-09-15,2022-09-15,2022-06-04,2022-10-24,858.91,1.3,0,8.85,0
PRJ-SYN-0741,SNAP-PRJ-SYN-0741-Q1,Maharashtra Economic Corridor Pkg 48,Highways,Ministry of Road Transport and Highways (MoRTH),NHIDCL,Maharashtra,HAM,Plains,1062.48,1062.48,203.89,20.54,19.19,2019-03-01,2021-04-30,2021-04-30,2019-08-06,2021-04-30,1078.95,0.0,0,1.55,0
PRJ-SYN-0741,SNAP-PRJ-SYN-0741-Q2,Maharashtra Economic Corridor Pkg 48,Highways,Ministry of Road Transport and Highways (MoRTH),NHIDCL,Maharashtra,HAM,Plains,1062.48,1062.48,956.23,86.49,90.0,2019-03-01,2021-04-30,2021-04-30,2021-02-10,2021-04-30,1078.95,0.0,0,1.55,0
PRJ-SYN-0742,SNAP-PRJ-SYN-0742-Q1,Tamil Nadu Rail Doubling & Third Line Section,Railways,Ministry of Railways (MoR),Rail Vikas Nigam Ltd (RVNL),Tamil Nadu,Item Rate,Hilly/Mountainous,1572.33,1572.33,229.72,5.0,14.61,2023-04-14,2027-03-14,2027-03-14,2024-01-25,2030-04-04,2187.11,36.7,1,39.1,1
PRJ-SYN-0742,SNAP-PRJ-SYN-0742-Q2,Tamil Nadu Rail Doubling & Third Line Section,Railways,Ministry of Railways (MoR),Rail Vikas Nigam Ltd (RVNL),Tamil Nadu,Item Rate,Hilly/Mountainous,1572.33,1711.84,192.58,5.23,11.25,2023-04-14,2027-03-14,2027-03-14,2024-08-26,2030-04-04,2187.11,36.7,1,39.1,1
PRJ-SYN-0742,SNAP-PRJ-SYN-0742-Q3,Tamil Nadu Rail Doubling & Third Line Section,Railways,Ministry of Railways (MoR),Rail Vikas Nigam Ltd (RVNL),Tamil Nadu,Item Rate,Hilly/Mountainous,1572.33,2054.68,1165.21,51.99,56.71,2023-04-14,2027-03-14,2028-12-04,2026-06-01,2030-04-04,2187.11,36.7,1,39.1,1
PRJ-SYN-0742,SNAP-PRJ-SYN-0742-Q4,Tamil Nadu Rail Doubling & Third Line Section,Railways,Ministry of Railways (MoR),Rail Vikas Nigam Ltd (RVNL),Tamil Nadu,Item Rate,Hilly/Mountainous,1572.33,1572.33,1014.15,60.42,64.5,2023-04-14,2027-03-14,2030-02-23,2026-10-22,2030-04-04,2187.11,36.7,1,39.1,1
PRJ-SYN-0743,SNAP-PRJ-SYN-0743-Q1,NH-64 4/6-Laning Bypass & Viaduct,Highways,Ministry of Road Transport and Highways (MoRTH),NHIDCL,Maharashtra,EPC,Plains,1725.44,1725.44,631.68,35.53,36.61,2018-03-05,2020-04-03,2020-04-03,2018-11-26,2020-05-12,1800.67,1.3,0,4.36,0
PRJ-SYN-0743,SNAP-PRJ-SYN-0743-Q2,NH-64 4/6-Laning Bypass & Viaduct,Highways,Ministry of Road Transport and Highways (MoRTH),NHIDCL,Maharashtra,EPC,Plains,1725.44,1725.44,1170.54,65.21,67.84,2018-03-05,2020-04-03,2020-04-03,2019-07-12,2020-05-12,1800.67,1.3,0,4.36,0
PRJ-SYN-0743,SNAP-PRJ-SYN-0743-Q3,NH-64 4/6-Laning Bypass & Viaduct,Highways,Ministry of Road Transport and Highways (MoRTH),NHIDCL,Maharashtra,EPC,Plains,1725.44,1725.44,1550.48,85.57,89.86,2018-03-05,2020-04-03,2020-04-03,2019-11-03,2020-05-12,1800.67,1.3,0,4.36,0
PRJ-SYN-0743,SNAP-PRJ-SYN-0743-Q4,NH-64 4/6-Laning Bypass & Viaduct,Highways,Ministry of Road Transport and Highways (MoRTH),NHIDCL,Maharashtra,EPC,Plains,1725.44,1725.44,1658.32,93.15,96.11,2018-03-05,2020-04-03,2020-04-03,2020-01-18,2020-05-12,1800.67,1.3,0,4.36,0
PRJ-SYN-0744,SNAP-PRJ-SYN-0744-Q1,Maharashtra Station Redevelopment & Quadrupling,Railways,Ministry of Railways (MoR),Dedicated Freight Corridor Corp (DFCCIL),Maharashtra,Item Rate,Hilly/Mountainous,4823.49,4823.49,1272.44,21.38,26.38,2022-07-02,2027-12-31,2027-12-31,2023-08-07,2028-02-26,5169.82,1.9,0,7.18,0
PRJ-SYN-0744,SNAP-PRJ-SYN-0744-Q2,Maharashtra Station Redevelopment & Quadrupling,Railways,Ministry of Railways (MoR),Dedicated Freight Corridor Corp (DFCCIL),Maharashtra,Item Rate,Hilly/Mountainous,4823.49,4823.49,3259.71,62.55,67.58,2022-07-02,2027-12-31,2027-12-31,2026-01-27,2028-02-26,5169.82,1.9,0,7.18,0
PRJ-SYN-0744,SNAP-PRJ-SYN-0744-Q3,Maharashtra Station Redevelopment & Quadrupling,Railways,Ministry of Railways (MoR),Dedicated Freight Corridor Corp (DFCCIL),Maharashtra,Item Rate,Hilly/Mountainous,4823.49,4823.49,4434.23,89.66,91.93,2022-07-02,2027-12-31,2027-12-31,2027-06-13,2028-02-26,5169.82,1.9,0,7.18,0
PRJ-SYN-0745,SNAP-PRJ-SYN-0745-Q1,Madhya Pradesh Metro Corridor Elevated Extension Phase III,Metro Rail,Ministry of Housing and Urban Affairs (MoHUA),Chennai Metro Rail Ltd (CMRL),Madhya Pradesh,BOT,Urban Dense,5099.06,5225.68,796.92,5.0,15.25,2021-08-17,2029-02-15,2029-07-10,2023-02-15,2032-05-29,6508.44,39.4,1,27.64,1
PRJ-SYN-0745,SNAP-PRJ-SYN-0745-Q2,Madhya Pradesh Metro Corridor Elevated Extension Phase III,Metro Rail,Ministry of Housing and Urban Affairs (MoHUA),Chennai Metro Rail Ltd (CMRL),Madhya Pradesh,BOT,Urban Dense,5099.06,5099.06,2619.9,48.27,51.38,2021-08-17,2029-02-15,2030-07-10,2026-07-02,2032-05-29,6508.44,39.4,1,27.64,1
PRJ-SYN-0745,SNAP-PRJ-SYN-0745-Q3,Madhya Pradesh Metro Corridor Elevated Extension Phase III,Metro Rail,Ministry of Housing and Urban Affairs (MoHUA),Chennai Metro Rail Ltd (CMRL),Madhya Pradesh,BOT,Urban Dense,5099.06,6213.13,4461.03,64.47,71.8,2021-08-17,2029-02-15,2030-10-11,2027-08-17,2032-05-29,6508.44,39.4,1,27.64,1
PRJ-SYN-0745,SNAP-PRJ-SYN-0745-Q4,Madhya Pradesh Metro Corridor Elevated Extension Phase III,Metro Rail,Ministry of Housing and Urban Affairs (MoHUA),Chennai Metro Rail Ltd (CMRL),Madhya Pradesh,BOT,Urban Dense,5099.06,6017.35,4155.58,66.3,69.06,2021-08-17,2029-02-15,2031-07-22,2028-05-17,2032-05-29,6508.44,39.4,1,27.64,1
PRJ-SYN-0746,SNAP-PRJ-SYN-0746-Q1,Maharashtra Ring Metro Transit System Pkg 64,Metro Rail,Ministry of Housing and Urban Affairs (MoHUA),Delhi Metro Rail Corp (DMRC),Maharashtra,EPC,Plains,3722.31,3722.31,2282.52,60.5,61.32,2020-09-03,2028-05-04,2028-05-04,2025-08-28,2028-12-27,3928.15,7.8,1,5.53,0
PRJ-SYN-0746,SNAP-PRJ-SYN-0746-Q2,Maharashtra Ring Metro Transit System Pkg 64,Metro Rail,Ministry of Housing and Urban Affairs (MoHUA),Delhi Metro Rail Corp (DMRC),Maharashtra,EPC,Plains,3722.31,3722.31,2987.53,75.92,80.26,2020-09-03,2028-05-04,2028-05-04,2026-10-22,2028-12-27,3928.15,7.8,1,5.53,0
PRJ-SYN-0746,SNAP-PRJ-SYN-0746-Q3,Maharashtra Ring Metro Transit System Pkg 64,Metro Rail,Ministry of Housing and Urban Affairs (MoHUA),Delhi Metro Rail Corp (DMRC),Maharashtra,EPC,Plains,3722.31,3722.31,3298.34,88.32,88.61,2020-09-03,2028-05-04,2028-12-30,2027-07-29,2028-12-27,3928.15,7.8,1,5.53,0
PRJ-SYN-0747,SNAP-PRJ-SYN-0747-Q1,Bihar Station Redevelopment & Quadrupling,Railways,Ministry of Railways (MoR),Dedicated Freight Corridor Corp (DFCCIL),Bihar,EPC,Plains,8321.77,8321.77,3337.86,35.24,40.11,2018-03-10,2025-01-07,2025-01-07,2020-07-30,2025-01-07,8551.45,0.0,0,2.76,0
PRJ-SYN-0747,SNAP-PRJ-SYN-0747-Q2,Bihar Station Redevelopment & Quadrupling,Railways,Ministry of Railways (MoR),Dedicated Freight Corridor Corp (DFCCIL),Bihar,EPC,Plains,8321.77,8321.77,4068.51,49.11,48.89,2018-03-10,2025-01-07,2025-01-07,2021-08-08,2025-01-07,8551.45,0.0,0,2.76,0
PRJ-SYN-0747,SNAP-PRJ-SYN-0747-Q3,Bihar Station Redevelopment & Quadrupling,Railways,Ministry of Railways (MoR),Dedicated Freight Corridor Corp (DFCCIL),Bihar,EPC,Plains,8321.77,8321.77,5384.19,67.22,64.7,2018-03-10,2025-01-07,2025-01-07,2022-08-18,2025-01-07,8551.45,0.0,0,2.76,0
PRJ-SYN-0747,SNAP-PRJ-SYN-0747-Q4,Bihar Station Redevelopment & Quadrupling,Railways,Ministry of Railways (MoR),Dedicated Freight Corridor Corp (DFCCIL),Bihar,EPC,Plains,8321.77,8321.77,8008.04,93.29,96.23,2018-03-10,2025-01-07,2025-01-07,2024-05-03,2025-01-07,8551.45,0.0,0,2.76,0
PRJ-SYN-0748,SNAP-PRJ-SYN-0748-Q1,High-Speed Rail Corridor Link 87,Railways,Ministry of Railways (MoR),Rail Vikas Nigam Ltd (RVNL),Uttar Pradesh,EPC,Plains,360.44,360.44,153.69,38.33,42.64,2019-05-24,2023-12-23,2023-12-23,2020-12-29,2024-02-27,369.92,2.2,0,2.63,0
PRJ-SYN-0748,SNAP-PRJ-SYN-0748-Q2,High-Speed Rail Corridor Link 87,Railways,Ministry of Railways (MoR),Rail Vikas Nigam Ltd (RVNL),Uttar Pradesh,EPC,Plains,360.44,360.44,191.29,50.95,53.07,2019-05-24,2023-12-23,2023-12-23,2021-09-07,2024-02-27,369.92,2.2,0,2.63,0
PRJ-SYN-0748,SNAP-PRJ-SYN-0748-Q3,High-Speed Rail Corridor Link 87,Railways,Ministry of Railways (MoR),Rail Vikas Nigam Ltd (RVNL),Uttar Pradesh,EPC,Plains,360.44,360.44,245.53,64.88,68.12,2019-05-24,2023-12-23,2024-01-28,2022-05-16,2024-02-27,369.92,2.2,0,2.63,0
PRJ-SYN-0748,SNAP-PRJ-SYN-0748-Q4,High-Speed Rail Corridor Link 87,Railways,Ministry of Railways (MoR),Rail Vikas Nigam Ltd (RVNL),Uttar Pradesh,EPC,Plains,360.44,360.44,326.45,87.63,90.57,2019-05-24,2023-12-23,2023-12-23,2023-07-08,2024-02-27,369.92,2.2,0,2.63,0
PRJ-SYN-0749,SNAP-PRJ-SYN-0749-Q1,NH-98 4/6-Laning Bypass & Viaduct,Highways,Ministry of Road Transport and Highways (MoRTH),National Highways Authority of India (NHAI),Maharashtra,EPC,Plains,246.02,258.16,32.92,5.0,12.75,2018-11-16,2021-12-16,2021-12-16,2019-12-15,2024-09-30,298.4,33.5,1,21.29,1
PRJ-SYN-0749,SNAP-PRJ-SYN-0749-Q2,NH-98 4/6-Laning Bypass & Viaduct,Highways,Ministry of Road Transport and Highways (MoRTH),National Highways Authority of India (NHAI),Maharashtra,EPC,Plains,246.02,295.56,186.06,52.04,62.95,2018-11-16,2021-12-16,2023-08-11,2021-08-25,2024-09-30,298.4,33.5,1,21.29,1
PRJ-SYN-0750,SNAP-PRJ-SYN-0750-Q1,Border Road Strategic Connectivity Link 63,Highways,Ministry of Road Transport and Highways (MoRTH),National Highways Authority of India (NHAI),West Bengal,HAM,Hilly/Mountainous,5180.18,5180.18,1111.15,18.25,21.45,2020-04-07,2024-04-07,2024-04-07,2021-01-24,2024-04-07,5378.58,0.0,0,3.83,0
PRJ-SYN-0750,SNAP-PRJ-SYN-0750-Q2,Border Road Strategic Connectivity Link 63,Highways,Ministry of Road Transport and Highways (MoRTH),National Highways Authority of India (NHAI),West Bengal,HAM,Hilly/Mountainous,5180.18,5180.18,1825.5,32.2,35.24,2020-04-07,2024-04-07,2024-04-07,2021-08-31,2024-04-07,5378.58,0.0,0,3.83,0
PRJ-SYN-0750,SNAP-PRJ-SYN-0750-Q3,Border Road Strategic Connectivity Link 63,Highways,Ministry of Road Transport and Highways (MoRTH),National Highways Authority of India (NHAI),West Bengal,HAM,Hilly/Mountainous,5180.18,5180.18,2737.21,54.29,52.84,2020-04-07,2024-04-07,2024-04-07,2022-04-07,2024-04-07,5378.58,0.0,0,3.83,0
PRJ-SYN-0750,SNAP-PRJ-SYN-0750-Q4,Border Road Strategic Connectivity Link 63,Highways,Ministry of Road Transport and Highways (MoRTH),National Highways Authority of India (NHAI),West Bengal,HAM,Hilly/Mountainous,5180.18,5180.18,4721.73,92.1,91.15,2020-04-07,2024-04-07,2024-04-07,2023-11-12,2024-04-07,5378.58,0.0,0,3.83,0
PRJ-SYN-0751,SNAP-PRJ-SYN-0751-Q1,Karnataka Ring Metro Transit System Pkg 32,Metro Rail,Ministry of Housing and Urban Affairs (MoHUA),Mumbai Metropolitan Region Development Authority (MMRDA),Karnataka,EPC,Hilly/Mountainous,7136.52,7236.27,915.39,10.44,12.65,2018-02-11,2026-01-11,2026-01-11,2019-09-12,2027-10-12,8299.77,21.0,1,16.3,1
PRJ-SYN-0751,SNAP-PRJ-SYN-0751-Q2,Karnataka Ring Metro Transit System Pkg 32,Metro Rail,Ministry of Housing and Urban Affairs (MoHUA),Mumbai Metropolitan Region Development Authority (MMRDA),Karnataka,EPC,Hilly/Mountainous,7136.52,7342.22,2185.78,26.57,29.77,2018-02-11,2026-01-11,2026-07-08,2020-11-19,2027-10-12,8299.77,21.0,1,16.3,1
PRJ-SYN-0751,SNAP-PRJ-SYN-0751-Q3,Karnataka Ring Metro Transit System Pkg 32,Metro Rail,Ministry of Housing and Urban Affairs (MoHUA),Mumbai Metropolitan Region Development Authority (MMRDA),Karnataka,EPC,Hilly/Mountainous,7136.52,7136.52,5358.1,68.45,75.08,2018-02-11,2026-01-11,2026-12-30,2024-06-12,2027-10-12,8299.77,21.0,1,16.3,1
PRJ-SYN-0752,SNAP-PRJ-SYN-0752-Q1,NH-43 4/6-Laning Bypass & Viaduct,Highways,Ministry of Road Transport and Highways (MoRTH),National Highways Authority of India (NHAI),Odisha,EPC,Plains,576.55,597.14,140.33,21.87,23.5,2020-01-25,2022-08-25,2022-10-25,2020-07-31,2022-09-21,585.72,0.9,0,1.59,0
PRJ-SYN-0752,SNAP-PRJ-SYN-0752-Q2,NH-43 4/6-Laning Bypass & Viaduct,Highways,Ministry of Road Transport and Highways (MoRTH),National Highways Authority of India (NHAI),Odisha,EPC,Plains,576.55,576.55,236.79,38.41,41.07,2020-01-25,2022-08-25,2022-08-25,2020-12-20,2022-09-21,585.72,0.9,0,1.59,0
PRJ-SYN-0752,SNAP-PRJ-SYN-0752-Q3,NH-43 4/6-Laning Bypass & Viaduct,Highways,Ministry of Road Transport and Highways (MoRTH),National Highways Authority of India (NHAI),Odisha,EPC,Plains,576.55,598.91,284.12,47.32,47.44,2020-01-25,2022-08-25,2022-08-25,2021-05-10,2022-09-21,585.72,0.9,0,1.59,0
PRJ-SYN-0752,SNAP-PRJ-SYN-0752-Q4,NH-43 4/6-Laning Bypass & Viaduct,Highways,Ministry of Road Transport and Highways (MoRTH),National Highways Authority of India (NHAI),Odisha,EPC,Plains,576.55,593.28,538.05,91.31,90.69,2020-01-25,2022-08-25,2022-08-25,2022-05-23,2022-09-21,585.72,0.9,0,1.59,0
PRJ-SYN-0753,SNAP-PRJ-SYN-0753-Q1,Maharashtra Station Redevelopment & Quadrupling,Railways,Ministry of Railways (MoR),Dedicated Freight Corridor Corp (DFCCIL),Maharashtra,Turnkey,Urban Dense,175.15,175.15,42.16,21.34,24.07,2022-10-26,2025-07-26,2025-10-30,2023-05-14,2025-07-26,188.64,0.0,0,7.7,0
PRJ-SYN-0753,SNAP-PRJ-SYN-0753-Q2,Maharashtra Station Redevelopment & Quadrupling,Railways,Ministry of Railways (MoR),Dedicated Freight Corridor Corp (DFCCIL),Maharashtra,Turnkey,Urban Dense,175.15,175.15,138.12,78.08,78.86,2022-10-26,2025-07-26,2025-07-26,2025-01-06,2025-07-26,188.64,0.0,0,7.7,0
PRJ-SYN-0754,SNAP-PRJ-SYN-0754-Q1,Andhra Pradesh Metro Line 90 Underground Section,Metro Rail,Ministry of Housing and Urban Affairs (MoHUA),UP Metro Rail Corp (UPMRC),Andhra Pradesh,EPC,Plains,3289.76,3289.76,1036.93,27.15,31.52,2019-06-06,2024-03-05,2024-03-05,2021-10-20,2026-08-01,3918.76,28.9,1,19.12,1
PRJ-SYN-0754,SNAP-PRJ-SYN-0754-Q2,Andhra Pradesh Metro Line 90 Underground Section,Metro Rail,Ministry of Housing and Urban Affairs (MoHUA),UP Metro Rail Corp (UPMRC),Andhra Pradesh,EPC,Plains,3289.76,3572.93,1807.19,46.19,50.58,2019-06-06,2024-03-05,2025-03-26,2022-07-07,2026-08-01,3918.76,28.9,1,19.12,1
PRJ-SYN-0754,SNAP-PRJ-SYN-0754-Q3,Andhra Pradesh Metro Line 90 Underground Section,Metro Rail,Ministry of Housing and Urban Affairs (MoHUA),UP Metro Rail Corp (UPMRC),Andhra Pradesh,EPC,Plains,3289.76,3678.9,2591.42,60.65,70.44,2019-06-06,2024-03-05,2025-09-24,2023-03-24,2026-08-01,3918.76,28.9,1,19.12,1
PRJ-SYN-0754,SNAP-PRJ-SYN-0754-Q4,Andhra Pradesh Metro Line 90 Underground Section,Metro Rail,Ministry of Housing and Urban Affairs (MoHUA),UP Metro Rail Corp (UPMRC),Andhra Pradesh,EPC,Plains,3289.76,3714.85,2944.76,67.67,79.27,2019-06-06,2024-03-05,2026-02-17,2023-09-14,2026-08-01,3918.76,28.9,1,19.12,1
PRJ-SYN-0755,SNAP-PRJ-SYN-0755-Q1,High-Speed Rail Corridor Link 52,Railways,Ministry of Railways (MoR),Dedicated Freight Corridor Corp (DFCCIL),Andhra Pradesh,Item Rate,Urban Dense,6569.44,6569.44,2058.86,21.62,31.34,2018-04-15,2022-11-14,2023-01-31,2019-03-15,2022-12-20,7231.64,1.2,0,10.08,1
PRJ-SYN-0755,SNAP-PRJ-SYN-0755-Q2,High-Speed Rail Corridor Link 52,Railways,Ministry of Railways (MoR),Dedicated Freight Corridor Corp (DFCCIL),Andhra Pradesh,Item Rate,Urban Dense,6569.44,6685.53,2505.74,34.03,37.48,2018-04-15,2022-11-14,2022-12-15,2019-11-21,2022-12-20,7231.64,1.2,0,10.08,1
PRJ-SYN-0755,SNAP-PRJ-SYN-0755-Q3,High-Speed Rail Corridor Link 52,Railways,Ministry of Railways (MoR),Dedicated Freight Corridor Corp (DFCCIL),Andhra Pradesh,Item Rate,Urban Dense,6569.44,6847.53,4364.62,60.69,63.74,2018-04-15,2022-11-14,2022-11-14,2021-04-07,2022-12-20,7231.64,1.2,0,10.08,1
PRJ-SYN-0756,SNAP-PRJ-SYN-0756-Q1,Karnataka Economic Corridor Pkg 20,Highways,Ministry of Road Transport and Highways (MoRTH),NHIDCL,Karnataka,Item Rate,Hilly/Mountainous,2966.66,2966.66,1120.21,35.46,37.76,2020-12-25,2024-01-25,2024-01-25,2022-01-23,2024-03-25,3247.6,2.0,0,9.47,0
PRJ-SYN-0756,SNAP-PRJ-SYN-0756-Q2,Karnataka Economic Corridor Pkg 20,Highways,Ministry of Road Transport and Highways (MoRTH),NHIDCL,Karnataka,Item Rate,Hilly/Mountainous,2966.66,2966.66,1499.05,50.12,50.53,2020-12-25,2024-01-25,2024-01-25,2022-07-11,2024-03-25,3247.6,2.0,0,9.47,0
PRJ-SYN-0756,SNAP-PRJ-SYN-0756-Q3,Karnataka Economic Corridor Pkg 20,Highways,Ministry of Road Transport and Highways (MoRTH),NHIDCL,Karnataka,Item Rate,Hilly/Mountainous,2966.66,2966.66,2337.13,81.66,78.78,2020-12-25,2024-01-25,2024-01-25,2023-06-13,2024-03-25,3247.6,2.0,0,9.47,0
PRJ-SYN-0757,SNAP-PRJ-SYN-0757-Q1,Border Road Strategic Connectivity Link 27,Highways,Ministry of Road Transport and Highways (MoRTH),State PWD (Highways),Punjab,EPC,Plains,1120.54,1120.54,300.86,20.98,26.85,2021-07-15,2024-08-14,2024-09-17,2022-02-25,2024-08-14,1130.29,0.0,0,0.87,0
PRJ-SYN-0757,SNAP-PRJ-SYN-0757-Q2,Border Road Strategic Connectivity Link 27,Highways,Ministry of Road Transport and Highways (MoRTH),State PWD (Highways),Punjab,EPC,Plains,1120.54,1120.54,493.37,39.08,44.03,2021-07-15,2024-08-14,2024-08-14,2022-08-13,2024-08-14,1130.29,0.0,0,0.87,0
PRJ-SYN-0757,SNAP-PRJ-SYN-0757-Q3,Border Road Strategic Connectivity Link 27,Highways,Ministry of Road Transport and Highways (MoRTH),State PWD (Highways),Punjab,EPC,Plains,1120.54,1120.54,617.08,49.37,55.07,2021-07-15,2024-08-14,2024-08-14,2023-01-29,2024-08-14,1130.29,0.0,0,0.87,0
PRJ-SYN-0757,SNAP-PRJ-SYN-0757-Q4,Border Road Strategic Connectivity Link 27,Highways,Ministry of Road Transport and Highways (MoRTH),State PWD (Highways),Punjab,EPC,Plains,1120.54,1120.54,1142.61,97.17,101.97,2021-07-15,2024-08-14,2024-08-14,2024-04-23,2024-08-14,1130.29,0.0,0,0.87,0
PRJ-SYN-0758,SNAP-PRJ-SYN-0758-Q1,Bihar Ultra Mega Solar Power Park 20 MW,Power & Renewable Energy,Ministry of Power / MNRE,Power Grid Corporation (PGCIL),Bihar,BOT,Hilly/Mountainous,1564.6,1564.6,217.48,15.7,13.9,2020-07-25,2024-06-24,2024-06-24,2021-05-07,2024-06-24,1660.82,0.0,0,6.15,0
PRJ-SYN-0758,SNAP-PRJ-SYN-0758-Q2,Bihar Ultra Mega Solar Power Park 20 MW,Power & Renewable Energy,Ministry of Power / MNRE,Power Grid Corporation (PGCIL),Bihar,BOT,Hilly/Mountainous,1564.6,1564.6,902.46,60.67,57.68,2020-07-25,2024-06-24,2024-06-24,2023-02-09,2024-06-24,1660.82,0.0,0,6.15,0
PRJ-SYN-0759,SNAP-PRJ-SYN-0759-Q1,Karnataka Express Highway Corridor Phase II,Highways,Ministry of Road Transport and Highways (MoRTH),NHIDCL,Karnataka,HAM,Plains,634.94,672.54,69.2,5.0,10.29,2023-12-26,2025-11-25,2026-06-21,2024-08-27,2028-08-31,845.36,33.2,1,33.14,1
PRJ-SYN-0759,SNAP-PRJ-SYN-0759-Q2,Karnataka Express Highway Corridor Phase II,Highways,Ministry of Road Transport and Highways (MoRTH),NHIDCL,Karnataka,HAM,Plains,634.94,634.94,79.94,5.0,12.59,2023-12-26,2025-11-25,2027-03-17,2024-12-10,2028-08-31,845.36,33.2,1,33.14,1
PRJ-SYN-0759,SNAP-PRJ-SYN-0759-Q3,Karnataka Express Highway Corridor Phase II,Highways,Ministry of Road Transport and Highways (MoRTH),NHIDCL,Karnataka,HAM,Plains,634.94,738.52,104.87,5.59,14.2,2023-12-26,2025-11-25,2027-08-21,2025-03-25,2028-08-31,845.36,33.2,1,33.14,1
PRJ-SYN-0759,SNAP-PRJ-SYN-0759-Q4,Karnataka Express Highway Corridor Phase II,Highways,Ministry of Road Transport and Highways (MoRTH),NHIDCL,Karnataka,HAM,Plains,634.94,765.75,218.32,20.34,28.51,2023-12-26,2025-11-25,2025-11-25,2025-07-08,2028-08-31,845.36,33.2,1,33.14,1
PRJ-SYN-0760,SNAP-PRJ-SYN-0760-Q1,Freight Corridor Feeder Line 11,Railways,Ministry of Railways (MoR),IRCON International,Maharashtra,EPC,Plains,6937.12,6937.12,2607.66,35.49,37.59,2022-10-05,2028-05-05,2028-05-05,2024-09-17,2028-06-13,7016.2,1.3,0,1.14,0
PRJ-SYN-0760,SNAP-PRJ-SYN-0760-Q2,Freight Corridor Feeder Line 11,Railways,Ministry of Railways (MoR),IRCON International,Maharashtra,EPC,Plains,6937.12,6937.12,3799.46,52.59,54.77,2022-10-05,2028-05-05,2028-05-05,2025-07-20,2028-06-13,7016.2,1.3,0,1.14,0
PRJ-SYN-0760,SNAP-PRJ-SYN-0760-Q3,Freight Corridor Feeder Line 11,Railways,Ministry of Railways (MoR),IRCON International,Maharashtra,EPC,Plains,6937.12,6937.12,4705.45,65.99,67.83,2022-10-05,2028-05-05,2028-05-05,2026-05-22,2028-06-13,7016.2,1.3,0,1.14,0
PRJ-SYN-0760,SNAP-PRJ-SYN-0760-Q4,Freight Corridor Feeder Line 11,Railways,Ministry of Railways (MoR),IRCON International,Maharashtra,EPC,Plains,6937.12,6937.12,6331.51,91.52,91.27,2022-10-05,2028-05-05,2028-05-05,2027-10-14,2028-06-13,7016.2,1.3,0,1.14,0
PRJ-SYN-0761,SNAP-PRJ-SYN-0761-Q1,Liquid Cargo Jetty & Breakwater Expansion,Ports & Shipping,"Ministry of Ports, Shipping and Waterways (MoPSW)",V.O. Chidambaranar Port,Uttar Pradesh,HAM,Hilly/Mountainous,2204.97,2204.97,1135.78,51.16,51.51,2019-05-03,2022-09-01,2022-09-01,2020-12-31,2022-10-10,2249.51,1.3,0,2.02,0
PRJ-SYN-0761,SNAP-PRJ-SYN-0761-Q2,Liquid Cargo Jetty & Breakwater Expansion,Ports & Shipping,"Ministry of Ports, Shipping and Waterways (MoPSW)",V.O. Chidambaranar Port,Uttar Pradesh,HAM,Hilly/Mountainous,2204.97,2204.97,1769.93,77.62,80.27,2019-05-03,2022-09-01,2022-09-01,2022-01-01,2022-10-10,2249.51,1.3,0,2.02,0
PRJ-SYN-0762,SNAP-PRJ-SYN-0762-Q1,High-Speed Rail Corridor Link 37,Railways,Ministry of Railways (MoR),CORE,Maharashtra,EPC,Hilly/Mountainous,5011.91,5011.91,845.51,17.78,16.87,2022-09-10,2026-11-09,2027-01-03,2023-07-11,2026-12-12,5327.66,1.1,0,6.3,0
PRJ-SYN-0762,SNAP-PRJ-SYN-0762-Q2,High-Speed Rail Corridor Link 37,Railways,Ministry of Railways (MoR),CORE,Maharashtra,EPC,Hilly/Mountainous,5011.91,5011.91,2042.85,39.61,40.76,2022-09-10,2026-11-09,2026-11-09,2024-02-24,2026-12-12,5327.66,1.1,0,6.3,0
PRJ-SYN-0762,SNAP-PRJ-SYN-0762-Q3,High-Speed Rail Corridor Link 37,Railways,Ministry of Railways (MoR),CORE,Maharashtra,EPC,Hilly/Mountainous,5011.91,5011.91,2412.73,49.42,48.14,2022-09-10,2026-11-09,2026-11-09,2024-10-09,2026-12-12,5327.66,1.1,0,6.3,0
PRJ-SYN-0762,SNAP-PRJ-SYN-0762-Q4,High-Speed Rail Corridor Link 37,Railways,Ministry of Railways (MoR),CORE,Maharashtra,EPC,Hilly/Mountainous,5011.91,5011.91,3170.53,65.86,63.26,2022-09-10,2026-11-09,2026-11-09,2025-05-26,2026-12-12,5327.66,1.1,0,6.3,0
PRJ-SYN-0763,SNAP-PRJ-SYN-0763-Q1,Bihar Economic Corridor Pkg 48,Highways,Ministry of Road Transport and Highways (MoRTH),State PWD (Highways),Bihar,HAM,Plains,675.75,675.75,152.25,19.99,22.53,2021-09-04,2025-05-05,2025-05-05,2022-05-29,2025-07-07,696.23,2.1,0,3.03,0
PRJ-SYN-0763,SNAP-PRJ-SYN-0763-Q2,Bihar Economic Corridor Pkg 48,Highways,Ministry of Road Transport and Highways (MoRTH),State PWD (Highways),Bihar,HAM,Plains,675.75,675.75,357.0,51.66,52.83,2021-09-04,2025-05-05,2025-05-05,2023-07-05,2025-07-07,696.23,2.1,0,3.03,0
PRJ-SYN-0763,SNAP-PRJ-SYN-0763-Q3,Bihar Economic Corridor Pkg 48,Highways,Ministry of Road Transport and Highways (MoRTH),State PWD (Highways),Bihar,HAM,Plains,675.75,675.75,449.17,65.06,66.47,2021-09-04,2025-05-05,2025-05-05,2024-01-22,2025-07-07,696.23,2.1,0,3.03,0
PRJ-SYN-0763,SNAP-PRJ-SYN-0763-Q4,Bihar Economic Corridor Pkg 48,Highways,Ministry of Road Transport and Highways (MoRTH),State PWD (Highways),Bihar,HAM,Plains,675.75,675.75,551.07,83.55,81.55,2021-09-04,2025-05-05,2025-05-05,2024-08-10,2025-07-07,696.23,2.1,0,3.03,0
PRJ-SYN-0764,SNAP-PRJ-SYN-0764-Q1,Deep Draft Container Terminal Berth 93,Ports & Shipping,"Ministry of Ports, Shipping and Waterways (MoPSW)",Syama Prasad Mookerjee Port,Assam,HAM,Plains,454.25,464.78,110.39,22.19,23.75,2021-05-19,2023-04-19,2023-07-13,2021-10-06,2023-05-10,466.83,0.7,0,2.77,0
PRJ-SYN-0764,SNAP-PRJ-SYN-0764-Q2,Deep Draft Container Terminal Berth 93,Ports & Shipping,"Ministry of Ports, Shipping and Waterways (MoPSW)",Syama Prasad Mookerjee Port,Assam,HAM,Plains,454.25,454.25,236.85,53.7,52.14,2021-05-19,2023-04-19,2023-04-19,2022-05-04,2023-05-10,466.83,0.7,0,2.77,0
PRJ-SYN-0764,SNAP-PRJ-SYN-0764-Q3,Deep Draft Container Terminal Berth 93,Ports & Shipping,"Ministry of Ports, Shipping and Waterways (MoPSW)",Syama Prasad Mookerjee Port,Assam,HAM,Plains,454.25,454.25,279.41,61.68,61.51,2021-05-19,2023-04-19,2023-04-19,2022-08-17,2023-05-10,466.83,0.7,0,2.77,0
PRJ-SYN-0764,SNAP-PRJ-SYN-0764-Q4,Deep Draft Container Terminal Berth 93,Ports & Shipping,"Ministry of Ports, Shipping and Waterways (MoPSW)",Syama Prasad Mookerjee Port,Assam,HAM,Plains,454.25,454.25,398.15,89.63,87.65,2021-05-19,2023-04-19,2023-04-19,2023-02-08,2023-05-10,466.83,0.7,0,2.77,0
PRJ-SYN-0765,SNAP-PRJ-SYN-0765-Q1,NH-48 4/6-Laning Bypass & Viaduct,Highways,Ministry of Road Transport and Highways (MoRTH),State PWD (Highways),Bihar,HAM,Urban Dense,619.29,639.07,79.69,5.0,12.47,2023-12-19,2026-06-19,2026-09-01,2024-06-18,2027-11-30,816.04,17.4,1,31.77,1
PRJ-SYN-0765,SNAP-PRJ-SYN-0765-Q2,NH-48 4/6-Laning Bypass & Viaduct,Highways,Ministry of Road Transport and Highways (MoRTH),State PWD (Highways),Bihar,HAM,Urban Dense,619.29,667.81,123.14,8.1,18.44,2023-12-19,2026-06-19,2026-12-03,2024-11-02,2027-11-30,816.04,17.4,1,31.77,1
PRJ-SYN-0765,SNAP-PRJ-SYN-0765-Q3,NH-48 4/6-Laning Bypass & Viaduct,Highways,Ministry of Road Transport and Highways (MoRTH),State PWD (Highways),Bihar,HAM,Urban Dense,619.29,619.29,304.94,43.2,49.24,2023-12-19,2026-06-19,2027-03-29,2025-08-03,2027-11-30,816.04,17.4,1,31.77,1
PRJ-SYN-0765,SNAP-PRJ-SYN-0765-Q4,NH-48 4/6-Laning Bypass & Viaduct,Highways,Ministry of Road Transport and Highways (MoRTH),State PWD (Highways),Bihar,HAM,Urban Dense,619.29,753.06,557.49,62.9,74.03,2023-12-19,2026-06-19,2027-09-10,2026-03-19,2027-11-30,816.04,17.4,1,31.77,1
PRJ-SYN-0766,SNAP-PRJ-SYN-0766-Q1,High-Speed Rail Corridor Link 68,Railways,Ministry of Railways (MoR),IRCON International,Andhra Pradesh,BOT,Urban Dense,1430.87,1430.87,318.8,22.63,22.28,2019-12-14,2023-08-14,2023-08-14,2020-09-06,2023-09-07,1568.09,0.8,0,9.59,0
PRJ-SYN-0766,SNAP-PRJ-SYN-0766-Q2,High-Speed Rail Corridor Link 68,Railways,Ministry of Railways (MoR),IRCON International,Andhra Pradesh,BOT,Urban Dense,1430.87,1430.87,1206.22,82.97,84.3,2019-12-14,2023-08-14,2023-08-14,2022-11-19,2023-09-07,1568.09,0.8,0,9.59,0
PRJ-SYN-0766,SNAP-PRJ-SYN-0766-Q3,High-Speed Rail Corridor Link 68,Railways,Ministry of Railways (MoR),IRCON International,Andhra Pradesh,BOT,Urban Dense,1430.87,1430.87,1323.13,91.08,92.47,2019-12-14,2023-08-14,2023-08-14,2023-04-02,2023-09-07,1568.09,0.8,0,9.59,0
PRJ-SYN-0767,SNAP-PRJ-SYN-0767-Q1,High-Speed Rail Corridor Link 37,Railways,Ministry of Railways (MoR),CORE,Gujarat,HAM,Plains,2855.26,2855.26,1041.88,32.5,36.49,2018-06-22,2024-07-21,2024-07-21,2020-08-07,2024-07-21,3034.28,0.0,0,6.27,0
PRJ-SYN-0767,SNAP-PRJ-SYN-0767-Q2,High-Speed Rail Corridor Link 37,Railways,Ministry of Railways (MoR),CORE,Gujarat,HAM,Plains,2855.26,2855.26,1965.56,66.45,68.84,2018-06-22,2024-07-21,2024-07-21,2022-06-05,2024-07-21,3034.28,0.0,0,6.27,0
PRJ-SYN-0767,SNAP-PRJ-SYN-0767-Q3,High-Speed Rail Corridor Link 37,Railways,Ministry of Railways (MoR),CORE,Gujarat,HAM,Plains,2855.26,2855.26,2495.21,81.9,87.39,2018-06-22,2024-07-21,2024-07-21,2023-05-04,2024-07-21,3034.28,0.0,0,6.27,0
PRJ-SYN-0767,SNAP-PRJ-SYN-0767-Q4,High-Speed Rail Corridor Link 37,Railways,Ministry of Railways (MoR),CORE,Gujarat,HAM,Plains,2855.26,2855.26,2650.54,90.33,92.83,2018-06-22,2024-07-21,2024-07-21,2023-12-12,2024-07-21,3034.28,0.0,0,6.27,0
PRJ-SYN-0768,SNAP-PRJ-SYN-0768-Q1,Karnataka River Basin Pollution Abatement Pkg 66,Urban Water & Sanitation,Ministry of Housing and Urban Affairs (MoHUA),State Jal Nigam,Karnataka,Turnkey,Plains,225.05,225.05,81.02,30.48,36.0,2021-12-14,2024-08-14,2024-08-14,2022-11-19,2024-09-19,240.26,1.2,0,6.76,0
PRJ-SYN-0768,SNAP-PRJ-SYN-0768-Q2,Karnataka River Basin Pollution Abatement Pkg 66,Urban Water & Sanitation,Ministry of Housing and Urban Affairs (MoHUA),State Jal Nigam,Karnataka,Turnkey,Plains,225.05,228.32,192.31,81.67,84.23,2021-12-14,2024-08-14,2024-11-07,2024-02-01,2024-09-19,240.26,1.2,0,6.76,0
PRJ-SYN-0769,SNAP-PRJ-SYN-0769-Q1,Border Road Strategic Connectivity Link 26,Highways,Ministry of Road Transport and Highways (MoRTH),National Highways Authority of India (NHAI),Andhra Pradesh,EPC,Hilly/Mountainous,431.94,431.94,132.69,25.96,30.72,2022-09-04,2026-01-03,2026-01-03,2023-05-05,2026-02-17,450.08,1.5,0,4.2,0
PRJ-SYN-0769,SNAP-PRJ-SYN-0769-Q2,Border Road Strategic Connectivity Link 26,Highways,Ministry of Road Transport and Highways (MoRTH),National Highways Authority of India (NHAI),Andhra Pradesh,EPC,Hilly/Mountainous,431.94,431.94,161.29,32.72,37.34,2022-09-04,2026-01-03,2026-01-03,2023-11-04,2026-02-17,450.08,1.5,0,4.2,0
PRJ-SYN-0769,SNAP-PRJ-SYN-0769-Q3,Border Road Strategic Connectivity Link 26,Highways,Ministry of Road Transport and Highways (MoRTH),National Highways Authority of India (NHAI),Andhra Pradesh,EPC,Hilly/Mountainous,431.94,431.94,286.64,68.95,66.36,2022-09-04,2026-01-03,2026-01-03,2024-11-03,2026-02-17,450.08,1.5,0,4.2,0
PRJ-SYN-0769,SNAP-PRJ-SYN-0769-Q4,Border Road Strategic Connectivity Link 26,Highways,Ministry of Road Transport and Highways (MoRTH),National Highways Authority of India (NHAI),Andhra Pradesh,EPC,Hilly/Mountainous,431.94,431.94,376.57,83.88,87.18,2022-09-04,2026-01-03,2026-01-03,2025-05-05,2026-02-17,450.08,1.5,0,4.2,0
PRJ-SYN-0770,SNAP-PRJ-SYN-0770-Q1,NH-25 4/6-Laning Bypass & Viaduct,Highways,Ministry of Road Transport and Highways (MoRTH),State PWD (Highways),Bihar,HAM,Plains,780.43,780.43,187.93,19.45,24.08,2021-02-04,2024-07-05,2024-07-05,2021-10-11,2024-08-04,791.36,1.0,0,1.4,0
PRJ-SYN-0770,SNAP-PRJ-SYN-0770-Q2,NH-25 4/6-Laning Bypass & Viaduct,Highways,Ministry of Road Transport and Highways (MoRTH),State PWD (Highways),Bihar,HAM,Plains,780.43,780.43,429.24,50.0,55.0,2021-02-04,2024-07-05,2024-07-05,2022-10-20,2024-08-04,791.36,1.0,0,1.4,0
PRJ-SYN-0770,SNAP-PRJ-SYN-0770-Q3,NH-25 4/6-Laning Bypass & Viaduct,Highways,Ministry of Road Transport and Highways (MoRTH),State PWD (Highways),Bihar,HAM,Plains,780.43,780.43,683.73,82.36,87.61,2021-02-04,2024-07-05,2024-07-05,2023-10-30,2024-08-04,791.36,1.0,0,1.4,0
PRJ-SYN-0771,SNAP-PRJ-SYN-0771-Q1,NH-57 4/6-Laning Bypass & Viaduct,Highways,Ministry of Road Transport and Highways (MoRTH),State PWD (Highways),Madhya Pradesh,Turnkey,Plains,343.02,343.02,43.98,14.62,12.82,2020-05-10,2022-08-09,2022-08-09,2020-10-21,2022-08-24,343.36,0.5,0,0.1,0
PRJ-SYN-0771,SNAP-PRJ-SYN-0771-Q2,NH-57 4/6-Laning Bypass & Viaduct,Highways,Ministry of Road Transport and Highways (MoRTH),State PWD (Highways),Madhya Pradesh,Turnkey,Plains,343.02,343.02,121.46,36.4,35.41,2020-05-10,2022-08-09,2022-08-09,2021-02-21,2022-08-24,343.36,0.5,0,0.1,0
PRJ-SYN-0771,SNAP-PRJ-SYN-0771-Q3,NH-57 4/6-Laning Bypass & Viaduct,Highways,Ministry of Road Transport and Highways (MoRTH),State PWD (Highways),Madhya Pradesh,Turnkey,Plains,343.02,343.02,270.16,78.77,78.76,2020-05-10,2022-08-09,2022-08-09,2022-02-26,2022-08-24,343.36,0.5,0,0.1,0
PRJ-SYN-0772,SNAP-PRJ-SYN-0772-Q1,Karnataka Metro Corridor Elevated Extension Phase I,Metro Rail,Ministry of Housing and Urban Affairs (MoHUA),UP Metro Rail Corp (UPMRC),Karnataka,HAM,Urban Dense,788.85,788.85,205.89,22.39,26.1,2019-03-27,2023-12-25,2023-12-25,2020-03-07,2024-02-29,822.53,2.2,0,4.27,0
PRJ-SYN-0772,SNAP-PRJ-SYN-0772-Q2,Karnataka Metro Corridor Elevated Extension Phase I,Metro Rail,Ministry of Housing and Urban Affairs (MoHUA),UP Metro Rail Corp (UPMRC),Karnataka,HAM,Urban Dense,788.85,788.85,416.28,51.51,52.77,2019-03-27,2023-12-25,2024-03-21,2021-08-10,2024-02-29,822.53,2.2,0,4.27,0
PRJ-SYN-0772,SNAP-PRJ-SYN-0772-Q3,Karnataka Metro Corridor Elevated Extension Phase I,Metro Rail,Ministry of Housing and Urban Affairs (MoHUA),UP Metro Rail Corp (UPMRC),Karnataka,HAM,Urban Dense,788.85,788.85,563.32,66.43,71.41,2019-03-27,2023-12-25,2024-04-04,2022-04-27,2024-02-29,822.53,2.2,0,4.27,0
PRJ-SYN-0772,SNAP-PRJ-SYN-0772-Q4,Karnataka Metro Corridor Elevated Extension Phase I,Metro Rail,Ministry of Housing and Urban Affairs (MoHUA),UP Metro Rail Corp (UPMRC),Karnataka,HAM,Urban Dense,788.85,788.85,648.91,79.91,82.26,2019-03-27,2023-12-25,2023-12-25,2023-01-12,2024-02-29,822.53,2.2,0,4.27,0
PRJ-SYN-0773,SNAP-PRJ-SYN-0773-Q1,Uttar Pradesh Smart City Water Supply Augmentation,Urban Water & Sanitation,Ministry of Housing and Urban Affairs (MoHUA),Karnataka Urban Infra Dev (KUIDFC),Uttar Pradesh,HAM,Hilly/Mountainous,583.15,583.15,294.72,46.01,50.54,2022-05-19,2024-11-17,2024-11-17,2023-08-18,2025-02-19,657.27,3.1,1,12.71,1
PRJ-SYN-0773,SNAP-PRJ-SYN-0773-Q2,Uttar Pradesh Smart City Water Supply Augmentation,Urban Water & Sanitation,Ministry of Housing and Urban Affairs (MoHUA),Karnataka Urban Infra Dev (KUIDFC),Uttar Pradesh,HAM,Hilly/Mountainous,583.15,612.69,452.23,62.21,73.81,2022-05-19,2024-11-17,2024-12-25,2024-01-02,2025-02-19,657.27,3.1,1,12.71,1
PRJ-SYN-0773,SNAP-PRJ-SYN-0773-Q3,Uttar Pradesh Smart City Water Supply Augmentation,Urban Water & Sanitation,Ministry of Housing and Urban Affairs (MoHUA),Karnataka Urban Infra Dev (KUIDFC),Uttar Pradesh,HAM,Hilly/Mountainous,583.15,625.97,525.81,79.38,84.0,2022-05-19,2024-11-17,2025-02-06,2024-05-18,2025-02-19,657.27,3.1,1,12.71,1
PRJ-SYN-0774,SNAP-PRJ-SYN-0774-Q1,NH-74 4/6-Laning Bypass & Viaduct,Highways,Ministry of Road Transport and Highways (MoRTH),State PWD (Highways),Tamil Nadu,Item Rate,Hilly/Mountainous,3458.38,3458.38,882.23,14.71,25.51,2021-08-22,2025-11-21,2025-11-21,2022-06-28,2026-02-05,3869.24,2.5,0,11.88,1
PRJ-SYN-0774,SNAP-PRJ-SYN-0774-Q2,NH-74 4/6-Laning Bypass & Viaduct,Highways,Ministry of Road Transport and Highways (MoRTH),State PWD (Highways),Tamil Nadu,Item Rate,Hilly/Mountainous,3458.38,3560.35,1361.48,35.84,38.24,2021-08-22,2025-11-21,2025-11-21,2023-02-16,2026-02-05,3869.24,2.5,0,11.88,1
PRJ-SYN-0774,SNAP-PRJ-SYN-0774-Q3,NH-74 4/6-Laning Bypass & Viaduct,Highways,Ministry of Road Transport and Highways (MoRTH),State PWD (Highways),Tamil Nadu,Item Rate,Hilly/Mountainous,3458.38,3458.38,2039.41,50.5,58.97,2021-08-22,2025-11-21,2025-11-21,2023-10-07,2026-02-05,3869.24,2.5,0,11.88,1
PRJ-SYN-0775,SNAP-PRJ-SYN-0775-Q1,Jharkhand Ring Metro Transit System Pkg 59,Metro Rail,Ministry of Housing and Urban Affairs (MoHUA),UP Metro Rail Corp (UPMRC),Jharkhand,HAM,Coastal,9862.18,9862.18,5556.35,52.73,56.34,2021-06-18,2027-08-18,2028-05-02,2025-06-21,2029-01-01,11098.9,16.5,1,12.54,1
PRJ-SYN-0775,SNAP-PRJ-SYN-0775-Q2,Jharkhand Ring Metro Transit System Pkg 59,Metro Rail,Ministry of Housing and Urban Affairs (MoHUA),UP Metro Rail Corp (UPMRC),Jharkhand,HAM,Coastal,9862.18,10927.5,9329.9,82.79,85.38,2021-06-18,2027-08-18,2028-07-22,2027-01-05,2029-01-01,11098.9,16.5,1,12.54,1
PRJ-SYN-0776,SNAP-PRJ-SYN-0776-Q1,Maharashtra Pumped Storage Hydro Project Phase I,Power & Renewable Energy,Ministry of Power / MNRE,Solar Energy Corporation of India (SECI),Maharashtra,EPC,Plains,337.57,354.32,92.09,20.8,25.99,2022-11-26,2024-08-26,2024-08-26,2023-04-02,2024-09-07,352.36,0.4,0,4.38,0
PRJ-SYN-0776,SNAP-PRJ-SYN-0776-Q2,Maharashtra Pumped Storage Hydro Project Phase I,Power & Renewable Energy,Ministry of Power / MNRE,Solar Energy Corporation of India (SECI),Maharashtra,EPC,Plains,337.57,337.57,186.47,55.25,55.24,2022-11-26,2024-08-26,2024-08-26,2023-10-11,2024-09-07,352.36,0.4,0,4.38,0
PRJ-SYN-0776,SNAP-PRJ-SYN-0776-Q3,Maharashtra Pumped Storage Hydro Project Phase I,Power & Renewable Energy,Ministry of Power / MNRE,Solar Energy Corporation of India (SECI),Maharashtra,EPC,Plains,337.57,337.57,258.07,76.3,76.45,2022-11-26,2024-08-26,2024-08-26,2024-04-20,2024-09-07,352.36,0.4,0,4.38,0
PRJ-SYN-0776,SNAP-PRJ-SYN-0776-Q4,Maharashtra Pumped Storage Hydro Project Phase I,Power & Renewable Energy,Ministry of Power / MNRE,Solar Energy Corporation of India (SECI),Maharashtra,EPC,Plains,337.57,337.57,304.96,89.17,90.34,2022-11-26,2024-08-26,2024-08-26,2024-06-23,2024-09-07,352.36,0.4,0,4.38,0
PRJ-SYN-0777,SNAP-PRJ-SYN-0777-Q1,Madhya Pradesh Express Highway Corridor Phase II,Highways,Ministry of Road Transport and Highways (MoRTH),State PWD (Highways),Madhya Pradesh,HAM,Hilly/Mountainous,532.02,546.06,81.47,12.78,14.92,2022-01-19,2025-02-18,2025-02-18,2022-09-01,2025-08-10,661.94,5.7,1,24.42,1
PRJ-SYN-0777,SNAP-PRJ-SYN-0777-Q2,Madhya Pradesh Express Highway Corridor Phase II,Highways,Ministry of Road Transport and Highways (MoRTH),State PWD (Highways),Madhya Pradesh,HAM,Hilly/Mountainous,532.02,564.89,172.35,23.86,30.51,2022-01-19,2025-02-18,2025-02-18,2023-02-17,2025-08-10,661.94,5.7,1,24.42,1
PRJ-SYN-0777,SNAP-PRJ-SYN-0777-Q3,Madhya Pradesh Express Highway Corridor Phase II,Highways,Ministry of Road Transport and Highways (MoRTH),State PWD (Highways),Madhya Pradesh,HAM,Hilly/Mountainous,532.02,591.86,402.7,59.1,68.04,2022-01-19,2025-02-18,2025-02-18,2024-01-21,2025-08-10,661.94,5.7,1,24.42,1
PRJ-SYN-0777,SNAP-PRJ-SYN-0777-Q4,Madhya Pradesh Express Highway Corridor Phase II,Highways,Ministry of Road Transport and Highways (MoRTH),State PWD (Highways),Madhya Pradesh,HAM,Hilly/Mountainous,532.02,624.52,506.05,74.46,81.03,2022-01-19,2025-02-18,2025-05-31,2024-07-07,2025-08-10,661.94,5.7,1,24.42,1
PRJ-SYN-0778,SNAP-PRJ-SYN-0778-Q1,NH-45 4/6-Laning Bypass & Viaduct,Highways,Ministry of Road Transport and Highways (MoRTH),State PWD (Highways),Odisha,EPC,Plains,896.14,896.14,205.31,19.53,22.91,2019-12-27,2022-05-27,2022-05-27,2020-06-20,2022-08-05,908.51,2.3,0,1.38,0
PRJ-SYN-0778,SNAP-PRJ-SYN-0778-Q2,NH-45 4/6-Laning Bypass & Viaduct,Highways,Ministry of Road Transport and Highways (MoRTH),State PWD (Highways),Odisha,EPC,Plains,896.14,896.14,302.98,36.51,33.81,2019-12-27,2022-05-27,2022-05-27,2020-10-30,2022-08-05,908.51,2.3,0,1.38,0
PRJ-SYN-0778,SNAP-PRJ-SYN-0778-Q3,NH-45 4/6-Laning Bypass & Viaduct,Highways,Ministry of Road Transport and Highways (MoRTH),State PWD (Highways),Odisha,EPC,Plains,896.14,896.14,436.33,50.83,48.69,2019-12-27,2022-05-27,2022-05-27,2021-03-12,2022-08-05,908.51,2.3,0,1.38,0
PRJ-SYN-0778,SNAP-PRJ-SYN-0778-Q4,NH-45 4/6-Laning Bypass & Viaduct,Highways,Ministry of Road Transport and Highways (MoRTH),State PWD (Highways),Odisha,EPC,Plains,896.14,896.14,567.88,65.86,63.37,2019-12-27,2022-05-27,2022-05-27,2021-07-22,2022-08-05,908.51,2.3,0,1.38,0
PRJ-SYN-0779,SNAP-PRJ-SYN-0779-Q1,Telangana Station Redevelopment & Quadrupling,Railways,Ministry of Railways (MoR),Dedicated Freight Corridor Corp (DFCCIL),Telangana,EPC,Urban Dense,1734.19,1734.19,341.81,19.21,19.71,2019-07-01,2025-02-28,2025-02-28,2020-08-17,2025-04-26,1836.51,1.9,0,5.9,0
PRJ-SYN-0779,SNAP-PRJ-SYN-0779-Q2,Telangana Station Redevelopment & Quadrupling,Railways,Ministry of Railways (MoR),Dedicated Freight Corridor Corp (DFCCIL),Telangana,EPC,Urban Dense,1734.19,1734.19,865.01,51.16,49.88,2019-07-01,2025-02-28,2025-04-01,2022-04-30,2025-04-26,1836.51,1.9,0,5.9,0
PRJ-SYN-0779,SNAP-PRJ-SYN-0779-Q3,Telangana Station Redevelopment & Quadrupling,Railways,Ministry of Railways (MoR),Dedicated Freight Corridor Corp (DFCCIL),Telangana,EPC,Urban Dense,1734.19,1734.19,1060.11,62.22,61.13,2019-07-01,2025-02-28,2025-02-28,2023-03-07,2025-04-26,1836.51,1.9,0,5.9,0
PRJ-SYN-0779,SNAP-PRJ-SYN-0779-Q4,Telangana Station Redevelopment & Quadrupling,Railways,Ministry of Railways (MoR),Dedicated Freight Corridor Corp (DFCCIL),Telangana,EPC,Urban Dense,1734.19,1734.19,1529.73,85.04,88.21,2019-07-01,2025-02-28,2025-02-28,2024-08-05,2025-04-26,1836.51,1.9,0,5.9,0
PRJ-SYN-0780,SNAP-PRJ-SYN-0780-Q1,Deep Draft Container Terminal Berth 46,Ports & Shipping,"Ministry of Ports, Shipping and Waterways (MoPSW)",Jawaharlal Nehru Port Trust (JNPT),Madhya Pradesh,HAM,Plains,1000.1,1000.1,186.22,10.01,18.62,2019-05-25,2021-09-23,2021-09-23,2020-03-18,2023-03-24,1165.02,18.0,1,16.49,1
PRJ-SYN-0780,SNAP-PRJ-SYN-0780-Q2,Deep Draft Container Terminal Berth 46,Ports & Shipping,"Ministry of Ports, Shipping and Waterways (MoPSW)",Jawaharlal Nehru Port Trust (JNPT),Madhya Pradesh,HAM,Plains,1000.1,1044.22,277.97,23.65,26.62,2019-05-25,2021-09-23,2021-09-23,2020-07-24,2023-03-24,1165.02,18.0,1,16.49,1
PRJ-SYN-0781,SNAP-PRJ-SYN-0781-Q1,High-Speed Rail Corridor Link 88,Railways,Ministry of Railways (MoR),CORE,Jammu & Kashmir,EPC,Plains,542.64,549.79,247.52,46.18,45.02,2019-01-23,2023-04-24,2023-04-24,2021-03-09,2023-07-27,563.15,3.1,1,3.78,0
PRJ-SYN-0781,SNAP-PRJ-SYN-0781-Q2,High-Speed Rail Corridor Link 88,Railways,Ministry of Railways (MoR),CORE,Jammu & Kashmir,EPC,Plains,542.64,551.17,390.23,67.66,70.8,2019-01-23,2023-04-24,2023-04-24,2021-10-28,2023-07-27,563.15,3.1,1,3.78,0
PRJ-SYN-0782,SNAP-PRJ-SYN-0782-Q1,Karnataka Metro Corridor Elevated Extension Phase II,Metro Rail,Ministry of Housing and Urban Affairs (MoHUA),Delhi Metro Rail Corp (DMRC),Karnataka,EPC,Plains,2405.36,2405.36,587.87,19.37,24.44,2020-07-27,2026-04-27,2026-04-27,2021-09-20,2026-04-27,2410.65,0.0,0,0.22,0
PRJ-SYN-0782,SNAP-PRJ-SYN-0782-Q2,Karnataka Metro Corridor Elevated Extension Phase II,Metro Rail,Ministry of Housing and Urban Affairs (MoHUA),Delhi Metro Rail Corp (DMRC),Karnataka,EPC,Plains,2405.36,2405.36,908.5,38.93,37.77,2020-07-27,2026-04-27,2026-05-27,2022-08-01,2026-04-27,2410.65,0.0,0,0.22,0
PRJ-SYN-0783,SNAP-PRJ-SYN-0783-Q1,Liquid Cargo Jetty & Breakwater Expansion,Ports & Shipping,"Ministry of Ports, Shipping and Waterways (MoPSW)",Deendayal Port Authority,West Bengal,BOT,Plains,398.17,398.17,62.55,13.46,15.71,2022-07-04,2025-05-03,2025-05-14,2023-01-26,2025-08-20,461.48,3.6,1,15.9,1
PRJ-SYN-0783,SNAP-PRJ-SYN-0783-Q2,Liquid Cargo Jetty & Breakwater Expansion,Ports & Shipping,"Ministry of Ports, Shipping and Waterways (MoPSW)",Deendayal Port Authority,West Bengal,BOT,Plains,398.17,418.88,227.16,50.86,54.23,2022-07-04,2025-05-03,2025-06-10,2023-12-03,2025-08-20,461.48,3.6,1,15.9,1
PRJ-SYN-0783,SNAP-PRJ-SYN-0783-Q3,Liquid Cargo Jetty & Breakwater Expansion,Ports & Shipping,"Ministry of Ports, Shipping and Waterways (MoPSW)",Deendayal Port Authority,West Bengal,BOT,Plains,398.17,435.86,325.67,71.23,74.72,2022-07-04,2025-05-03,2025-05-03,2024-05-06,2025-08-20,461.48,3.6,1,15.9,1
PRJ-SYN-0784,SNAP-PRJ-SYN-0784-Q1,Jharkhand Rail Doubling & Third Line Section,Railways,Ministry of Railways (MoR),CORE,Jharkhand,HAM,Plains,5676.16,5676.16,886.62,17.12,15.62,2023-04-01,2029-08-30,2029-08-30,2024-07-12,2029-10-23,5743.71,1.8,0,1.19,0
PRJ-SYN-0784,SNAP-PRJ-SYN-0784-Q2,Jharkhand Rail Doubling & Third Line Section,Railways,Ministry of Railways (MoR),CORE,Jharkhand,HAM,Plains,5676.16,5676.16,4571.58,79.33,80.54,2023-04-01,2029-08-30,2029-08-30,2028-05-18,2029-10-23,5743.71,1.8,0,1.19,0
PRJ-SYN-0784,SNAP-PRJ-SYN-0784-Q3,Jharkhand Rail Doubling & Third Line Section,Railways,Ministry of Railways (MoR),CORE,Jharkhand,HAM,Plains,5676.16,5676.16,5318.56,94.76,93.7,2023-04-01,2029-08-30,2029-08-30,2029-01-08,2029-10-23,5743.71,1.8,0,1.19,0
PRJ-SYN-0785,SNAP-PRJ-SYN-0785-Q1,Maharashtra Ring Metro Transit System Pkg 48,Metro Rail,Ministry of Housing and Urban Affairs (MoHUA),Bangalore Metro Rail Corp (BMRCL),Maharashtra,Item Rate,Urban Dense,3782.29,3919.36,1412.15,33.56,36.03,2021-08-03,2029-05-03,2029-05-03,2024-04-19,2029-05-21,4047.05,0.6,0,7.0,0
PRJ-SYN-0785,SNAP-PRJ-SYN-0785-Q2,Maharashtra Ring Metro Transit System Pkg 48,Metro Rail,Ministry of Housing and Urban Affairs (MoHUA),Bangalore Metro Rail Corp (BMRCL),Maharashtra,Item Rate,Urban Dense,3782.29,3782.29,2498.58,65.98,66.06,2021-08-03,2029-05-03,2029-05-03,2026-08-16,2029-05-21,4047.05,0.6,0,7.0,0
PRJ-SYN-0785,SNAP-PRJ-SYN-0785-Q3,Maharashtra Ring Metro Transit System Pkg 48,Metro Rail,Ministry of Housing and Urban Affairs (MoHUA),Bangalore Metro Rail Corp (BMRCL),Maharashtra,Item Rate,Urban Dense,3782.29,3968.61,3047.1,76.59,76.78,2021-08-03,2029-05-03,2029-05-03,2027-10-15,2029-05-21,4047.05,0.6,0,7.0,0
PRJ-SYN-0785,SNAP-PRJ-SYN-0785-Q4,Maharashtra Ring Metro Transit System Pkg 48,Metro Rail,Ministry of Housing and Urban Affairs (MoHUA),Bangalore Metro Rail Corp (BMRCL),Maharashtra,Item Rate,Urban Dense,3782.29,3782.29,3199.82,82.75,84.6,2021-08-03,2029-05-03,2029-05-03,2028-07-24,2029-05-21,4047.05,0.6,0,7.0,0
PRJ-SYN-0786,SNAP-PRJ-SYN-0786-Q1,High-Speed Rail Corridor Link 81,Railways,Ministry of Railways (MoR),Rail Vikas Nigam Ltd (RVNL),Gujarat,EPC,Hilly/Mountainous,1837.43,1837.43,815.64,38.54,44.39,2018-01-27,2023-10-28,2023-10-28,2020-02-01,2023-12-18,1992.88,1.7,0,8.46,0
PRJ-SYN-0786,SNAP-PRJ-SYN-0786-Q2,High-Speed Rail Corridor Link 81,Railways,Ministry of Railways (MoR),Rail Vikas Nigam Ltd (RVNL),Gujarat,EPC,Hilly/Mountainous,1837.43,1837.43,894.28,46.03,48.67,2018-01-27,2023-10-28,2023-10-28,2020-12-12,2023-12-18,1992.88,1.7,0,8.46,0
PRJ-SYN-0786,SNAP-PRJ-SYN-0786-Q3,High-Speed Rail Corridor Link 81,Railways,Ministry of Railways (MoR),Rail Vikas Nigam Ltd (RVNL),Gujarat,EPC,Hilly/Mountainous,1837.43,1922.84,1614.8,84.5,83.98,2018-01-27,2023-10-28,2023-10-28,2022-09-03,2023-12-18,1992.88,1.7,0,8.46,0
PRJ-SYN-0787,SNAP-PRJ-SYN-0787-Q1,Bihar Smart City Water Supply Augmentation,Urban Water & Sanitation,Ministry of Housing and Urban Affairs (MoHUA),NBCC (India) Limited,Bihar,HAM,Hilly/Mountainous,420.0,449.79,78.4,14.33,17.43,2020-11-13,2023-07-15,2023-12-06,2021-10-19,2025-04-11,539.57,20.9,1,28.47,1
PRJ-SYN-0787,SNAP-PRJ-SYN-0787-Q2,Bihar Smart City Water Supply Augmentation,Urban Water & Sanitation,Ministry of Housing and Urban Affairs (MoHUA),NBCC (India) Limited,Bihar,HAM,Hilly/Mountainous,420.0,455.94,129.62,24.45,28.43,2020-11-13,2023-07-15,2023-07-15,2022-03-15,2025-04-11,539.57,20.9,1,28.47,1
PRJ-SYN-0787,SNAP-PRJ-SYN-0787-Q3,Bihar Smart City Water Supply Augmentation,Urban Water & Sanitation,Ministry of Housing and Urban Affairs (MoHUA),NBCC (India) Limited,Bihar,HAM,Hilly/Mountainous,420.0,524.58,385.93,70.35,73.57,2020-11-13,2023-07-15,2024-10-28,2023-04-08,2025-04-11,539.57,20.9,1,28.47,1
PRJ-SYN-0788,SNAP-PRJ-SYN-0788-Q1,NH-48 4/6-Laning Bypass & Viaduct,Highways,Ministry of Road Transport and Highways (MoRTH),National Highways Authority of India (NHAI),Assam,HAM,Coastal,178.92,185.83,150.8,79.45,81.15,2021-12-04,2023-08-04,2023-08-04,2023-04-05,2023-08-04,180.58,0.0,0,0.93,0
PRJ-SYN-0788,SNAP-PRJ-SYN-0788-Q2,NH-48 4/6-Laning Bypass & Viaduct,Highways,Ministry of Road Transport and Highways (MoRTH),National Highways Authority of India (NHAI),Assam,HAM,Coastal,178.92,178.92,167.33,88.39,93.52,2021-12-04,2023-08-04,2023-08-04,2023-06-04,2023-08-04,180.58,0.0,0,0.93,0
PRJ-SYN-0789,SNAP-PRJ-SYN-0789-Q1,765kV High Voltage Transmission Substation,Power & Renewable Energy,Ministry of Power / MNRE,Solar Energy Corporation of India (SECI),Himachal Pradesh,HAM,Plains,2587.46,2587.46,691.89,20.93,26.74,2020-11-11,2026-02-10,2026-02-10,2021-11-29,2026-02-10,2646.97,0.0,0,2.3,0
PRJ-SYN-0789,SNAP-PRJ-SYN-0789-Q2,765kV High Voltage Transmission Substation,Power & Renewable Energy,Ministry of Power / MNRE,Solar Energy Corporation of India (SECI),Himachal Pradesh,HAM,Plains,2587.46,2587.46,1122.96,46.2,43.4,2020-11-11,2026-02-10,2026-02-10,2023-06-27,2026-02-10,2646.97,0.0,0,2.3,0
PRJ-SYN-0789,SNAP-PRJ-SYN-0789-Q3,765kV High Voltage Transmission Substation,Power & Renewable Energy,Ministry of Power / MNRE,Solar Energy Corporation of India (SECI),Himachal Pradesh,HAM,Plains,2587.46,2587.46,1626.74,65.48,62.87,2020-11-11,2026-02-10,2026-02-10,2024-04-10,2026-02-10,2646.97,0.0,0,2.3,0
PRJ-SYN-0789,SNAP-PRJ-SYN-0789-Q4,765kV High Voltage Transmission Substation,Power & Renewable Energy,Ministry of Power / MNRE,Solar Energy Corporation of India (SECI),Himachal Pradesh,HAM,Plains,2587.46,2587.46,2305.17,91.77,89.09,2020-11-11,2026-02-10,2026-02-10,2025-08-02,2026-02-10,2646.97,0.0,0,2.3,0
PRJ-SYN-0790,SNAP-PRJ-SYN-0790-Q1,Andhra Pradesh Economic Corridor Pkg 36,Highways,Ministry of Road Transport and Highways (MoRTH),State PWD (Highways),Andhra Pradesh,EPC,Urban Dense,818.9,818.9,204.32,21.17,24.95,2022-06-01,2025-05-31,2025-05-31,2023-01-06,2025-05-31,868.28,0.0,0,6.03,0
PRJ-SYN-0790,SNAP-PRJ-SYN-0790-Q2,Andhra Pradesh Economic Corridor Pkg 36,Highways,Ministry of Road Transport and Highways (MoRTH),State PWD (Highways),Andhra Pradesh,EPC,Urban Dense,818.9,818.9,298.73,35.03,36.48,2022-06-01,2025-05-31,2025-05-31,2023-06-19,2025-05-31,868.28,0.0,0,6.03,0
PRJ-SYN-0790,SNAP-PRJ-SYN-0790-Q3,Andhra Pradesh Economic Corridor Pkg 36,Highways,Ministry of Road Transport and Highways (MoRTH),State PWD (Highways),Andhra Pradesh,EPC,Urban Dense,818.9,818.9,503.38,61.21,61.47,2022-06-01,2025-05-31,2025-05-31,2024-05-13,2025-05-31,868.28,0.0,0,6.03,0
PRJ-SYN-0790,SNAP-PRJ-SYN-0790-Q4,Andhra Pradesh Economic Corridor Pkg 36,Highways,Ministry of Road Transport and Highways (MoRTH),State PWD (Highways),Andhra Pradesh,EPC,Urban Dense,818.9,818.9,707.2,85.02,86.36,2022-06-01,2025-05-31,2025-09-08,2024-10-24,2025-05-31,868.28,0.0,0,6.03,0
PRJ-SYN-0791,SNAP-PRJ-SYN-0791-Q1,Liquid Cargo Jetty & Breakwater Expansion,Ports & Shipping,"Ministry of Ports, Shipping and Waterways (MoPSW)",Jawaharlal Nehru Port Trust (JNPT),Madhya Pradesh,EPC,Hilly/Mountainous,1445.12,1445.12,309.26,21.52,21.4,2023-12-16,2027-07-16,2027-09-11,2024-09-02,2027-08-27,1535.01,1.4,0,6.22,0
PRJ-SYN-0791,SNAP-PRJ-SYN-0791-Q2,Liquid Cargo Jetty & Breakwater Expansion,Ports & Shipping,"Ministry of Ports, Shipping and Waterways (MoPSW)",Jawaharlal Nehru Port Trust (JNPT),Madhya Pradesh,EPC,Hilly/Mountainous,1445.12,1445.12,1219.68,79.16,84.4,2023-12-16,2027-07-16,2027-10-11,2026-10-28,2027-08-27,1535.01,1.4,0,6.22,0
PRJ-SYN-0791,SNAP-PRJ-SYN-0791-Q3,Liquid Cargo Jetty & Breakwater Expansion,Ports & Shipping,"Ministry of Ports, Shipping and Waterways (MoPSW)",Jawaharlal Nehru Port Trust (JNPT),Madhya Pradesh,EPC,Hilly/Mountainous,1445.12,1445.12,1331.24,89.22,92.12,2023-12-16,2027-07-16,2027-07-16,2027-03-07,2027-08-27,1535.01,1.4,0,6.22,0
PRJ-SYN-0792,SNAP-PRJ-SYN-0792-Q1,Maharashtra River Basin Pollution Abatement Pkg 96,Urban Water & Sanitation,Ministry of Housing and Urban Affairs (MoHUA),NBCC (India) Limited,Maharashtra,EPC,Plains,900.79,900.79,323.74,30.25,35.94,2020-07-27,2022-03-27,2022-03-27,2021-02-25,2022-04-29,901.6,1.1,0,0.09,0
PRJ-SYN-0792,SNAP-PRJ-SYN-0792-Q2,Maharashtra River Basin Pollution Abatement Pkg 96,Urban Water & Sanitation,Ministry of Housing and Urban Affairs (MoHUA),NBCC (India) Limited,Maharashtra,EPC,Plains,900.79,900.79,434.0,44.76,48.18,2020-07-27,2022-03-27,2022-03-27,2021-05-27,2022-04-29,901.6,1.1,0,0.09,0
PRJ-SYN-0792,SNAP-PRJ-SYN-0792-Q3,Maharashtra River Basin Pollution Abatement Pkg 96,Urban Water & Sanitation,Ministry of Housing and Urban Affairs (MoHUA),NBCC (India) Limited,Maharashtra,EPC,Plains,900.79,900.79,631.09,66.47,70.06,2020-07-27,2022-03-27,2022-03-27,2021-08-26,2022-04-29,901.6,1.1,0,0.09,0
PRJ-SYN-0792,SNAP-PRJ-SYN-0792-Q4,Maharashtra River Basin Pollution Abatement Pkg 96,Urban Water & Sanitation,Ministry of Housing and Urban Affairs (MoHUA),NBCC (India) Limited,Maharashtra,EPC,Plains,900.79,900.79,839.45,88.97,93.19,2020-07-27,2022-03-27,2022-03-27,2022-01-25,2022-04-29,901.6,1.1,0,0.09,0
PRJ-SYN-0793,SNAP-PRJ-SYN-0793-Q1,Andhra Pradesh Express Highway Corridor Phase IV,Highways,Ministry of Road Transport and Highways (MoRTH),National Highways Authority of India (NHAI),Andhra Pradesh,HAM,Plains,1381.34,1394.34,420.39,22.64,30.15,2021-01-08,2023-08-09,2023-08-09,2021-07-15,2023-10-11,1543.23,2.1,0,11.72,1
PRJ-SYN-0793,SNAP-PRJ-SYN-0793-Q2,Andhra Pradesh Express Highway Corridor Phase IV,Highways,Ministry of Road Transport and Highways (MoRTH),National Highways Authority of India (NHAI),Andhra Pradesh,HAM,Plains,1381.34,1381.34,763.19,47.3,55.25,2021-01-08,2023-08-09,2023-08-09,2022-04-24,2023-10-11,1543.23,2.1,0,11.72,1
PRJ-SYN-0793,SNAP-PRJ-SYN-0793-Q3,Andhra Pradesh Express Highway Corridor Phase IV,Highways,Ministry of Road Transport and Highways (MoRTH),National Highways Authority of India (NHAI),Andhra Pradesh,HAM,Plains,1381.34,1381.34,1157.98,78.01,83.83,2021-01-08,2023-08-09,2023-11-22,2023-02-01,2023-10-11,1543.23,2.1,0,11.72,1
PRJ-SYN-0793,SNAP-PRJ-SYN-0793-Q4,Andhra Pradesh Express Highway Corridor Phase IV,Highways,Ministry of Road Transport and Highways (MoRTH),National Highways Authority of India (NHAI),Andhra Pradesh,HAM,Plains,1381.34,1381.34,1358.96,86.58,98.38,2021-01-08,2023-08-09,2023-08-09,2023-05-07,2023-10-11,1543.23,2.1,0,11.72,1
PRJ-SYN-0794,SNAP-PRJ-SYN-0794-Q1,Tamil Nadu River Basin Pollution Abatement Pkg 38,Urban Water & Sanitation,Ministry of Housing and Urban Affairs (MoHUA),NBCC (India) Limited,Tamil Nadu,EPC,Plains,272.34,272.34,111.47,35.81,40.93,2021-06-02,2023-01-31,2023-01-31,2022-01-01,2023-03-11,272.83,1.3,0,0.18,0
PRJ-SYN-0794,SNAP-PRJ-SYN-0794-Q2,Tamil Nadu River Basin Pollution Abatement Pkg 38,Urban Water & Sanitation,Ministry of Housing and Urban Affairs (MoHUA),NBCC (India) Limited,Tamil Nadu,EPC,Plains,272.34,272.34,190.01,68.18,69.77,2021-06-02,2023-01-31,2023-01-31,2022-07-02,2023-03-11,272.83,1.3,0,0.18,0
PRJ-SYN-0794,SNAP-PRJ-SYN-0794-Q3,Tamil Nadu River Basin Pollution Abatement Pkg 38,Urban Water & Sanitation,Ministry of Housing and Urban Affairs (MoHUA),NBCC (India) Limited,Tamil Nadu,EPC,Plains,272.34,272.34,235.38,83.63,86.43,2021-06-02,2023-01-31,2023-01-31,2022-10-02,2023-03-11,272.83,1.3,0,0.18,0
PRJ-SYN-0795,SNAP-PRJ-SYN-0795-Q1,NH-24 4/6-Laning Bypass & Viaduct,Highways,Ministry of Road Transport and Highways (MoRTH),National Highways Authority of India (NHAI),Madhya Pradesh,EPC,Hilly/Mountainous,854.42,886.97,363.3,29.99,40.96,2022-09-16,2025-04-16,2025-05-13,2023-08-12,2025-07-16,1046.92,3.0,1,22.53,1
PRJ-SYN-0795,SNAP-PRJ-SYN-0795-Q2,NH-24 4/6-Laning Bypass & Viaduct,Highways,Ministry of Road Transport and Highways (MoRTH),National Highways Authority of India (NHAI),Madhya Pradesh,EPC,Hilly/Mountainous,854.42,1007.0,848.8,78.89,84.29,2022-09-16,2025-04-16,2025-06-27,2024-10-09,2025-07-16,1046.92,3.0,1,22.53,1
PRJ-SYN-0796,SNAP-PRJ-SYN-0796-Q1,NH-85 4/6-Laning Bypass & Viaduct,Highways,Ministry of Road Transport and Highways (MoRTH),State PWD (Highways),Maharashtra,HAM,Plains,2347.42,2347.42,1003.05,40.5,42.73,2023-02-05,2025-09-05,2025-09-05,2024-01-01,2025-10-26,2417.84,1.7,0,3.0,0
PRJ-SYN-0796,SNAP-PRJ-SYN-0796-Q2,NH-85 4/6-Laning Bypass & Viaduct,Highways,Ministry of Road Transport and Highways (MoRTH),State PWD (Highways),Maharashtra,HAM,Plains,2347.42,2347.42,1280.28,49.43,54.54,2023-02-05,2025-09-05,2025-09-05,2024-05-21,2025-10-26,2417.84,1.7,0,3.0,0
PRJ-SYN-0796,SNAP-PRJ-SYN-0796-Q3,NH-85 4/6-Laning Bypass & Viaduct,Highways,Ministry of Road Transport and Highways (MoRTH),State PWD (Highways),Maharashtra,HAM,Plains,2347.42,2347.42,1996.25,80.1,85.04,2023-02-05,2025-09-05,2025-09-05,2025-02-28,2025-10-26,2417.84,1.7,0,3.0,0
PRJ-SYN-0797,SNAP-PRJ-SYN-0797-Q1,Tamil Nadu Rail Doubling & Third Line Section,Railways,Ministry of Railways (MoR),Rail Vikas Nigam Ltd (RVNL),Tamil Nadu,Item Rate,Urban Dense,2468.95,2468.95,487.62,16.23,19.75,2021-01-14,2027-09-15,2027-09-15,2022-05-16,2027-09-15,2709.18,0.0,0,9.73,0
PRJ-SYN-0797,SNAP-PRJ-SYN-0797-Q2,Tamil Nadu Rail Doubling & Third Line Section,Railways,Ministry of Railways (MoR),Rail Vikas Nigam Ltd (RVNL),Tamil Nadu,Item Rate,Urban Dense,2468.95,2468.95,839.94,30.6,34.02,2021-01-14,2027-09-15,2027-09-15,2023-05-16,2027-09-15,2709.18,0.0,0,9.73,0
PRJ-SYN-0797,SNAP-PRJ-SYN-0797-Q3,Tamil Nadu Rail Doubling & Third Line Section,Railways,Ministry of Railways (MoR),Rail Vikas Nigam Ltd (RVNL),Tamil Nadu,Item Rate,Urban Dense,2468.95,2468.95,1239.66,48.64,50.21,2021-01-14,2027-09-15,2027-09-15,2024-05-15,2027-09-15,2709.18,0.0,0,9.73,0
PRJ-SYN-0797,SNAP-PRJ-SYN-0797-Q4,Tamil Nadu Rail Doubling & Third Line Section,Railways,Ministry of Railways (MoR),Rail Vikas Nigam Ltd (RVNL),Tamil Nadu,Item Rate,Urban Dense,2468.95,2468.95,2103.05,87.7,85.18,2021-01-14,2027-09-15,2027-09-15,2027-01-14,2027-09-15,2709.18,0.0,0,9.73,0
PRJ-SYN-0798,SNAP-PRJ-SYN-0798-Q1,Freight Corridor Feeder Line 97,Railways,Ministry of Railways (MoR),CORE,Tamil Nadu,EPC,Coastal,3357.63,3357.63,261.56,10.72,7.79,2021-08-12,2028-05-12,2028-05-12,2022-12-18,2028-05-12,3409.67,0.0,0,1.55,0
PRJ-SYN-0798,SNAP-PRJ-SYN-0798-Q2,Freight Corridor Feeder Line 97,Railways,Ministry of Railways (MoR),CORE,Tamil Nadu,EPC,Coastal,3357.63,3357.63,1231.91,33.66,36.69,2021-08-12,2028-05-12,2028-07-06,2023-12-22,2028-05-12,3409.67,0.0,0,1.55,0
PRJ-SYN-0798,SNAP-PRJ-SYN-0798-Q3,Freight Corridor Feeder Line 97,Railways,Ministry of Railways (MoR),CORE,Tamil Nadu,EPC,Coastal,3357.63,3357.63,2643.8,74.77,78.74,2021-08-12,2028-05-12,2028-08-04,2027-01-05,2028-05-12,3409.67,0.0,0,1.55,0
PRJ-SYN-0798,SNAP-PRJ-SYN-0798-Q4,Freight Corridor Feeder Line 97,Railways,Ministry of Railways (MoR),CORE,Tamil Nadu,EPC,Coastal,3357.63,3357.63,2969.15,83.47,88.43,2021-08-12,2028-05-12,2028-05-12,2027-09-08,2028-05-12,3409.67,0.0,0,1.55,0
PRJ-SYN-0799,SNAP-PRJ-SYN-0799-Q1,Border Road Strategic Connectivity Link 10,Highways,Ministry of Road Transport and Highways (MoRTH),NHIDCL,Gujarat,EPC,Plains,930.64,930.64,237.41,24.55,25.51,2019-06-03,2022-05-03,2022-05-03,2020-01-02,2022-07-15,936.41,2.4,0,0.62,0
PRJ-SYN-0799,SNAP-PRJ-SYN-0799-Q2,Border Road Strategic Connectivity Link 10,Highways,Ministry of Road Transport and Highways (MoRTH),NHIDCL,Gujarat,EPC,Plains,930.64,940.86,281.32,30.72,29.9,2019-06-03,2022-05-03,2022-05-03,2020-06-09,2022-07-15,936.41,2.4,0,0.62,0
PRJ-SYN-0799,SNAP-PRJ-SYN-0799-Q3,Border Road Strategic Connectivity Link 10,Highways,Ministry of Road Transport and Highways (MoRTH),NHIDCL,Gujarat,EPC,Plains,930.64,930.64,634.32,64.2,68.16,2019-06-03,2022-05-03,2022-05-03,2021-04-25,2022-07-15,936.41,2.4,0,0.62,0
PRJ-SYN-0799,SNAP-PRJ-SYN-0799-Q4,Border Road Strategic Connectivity Link 10,Highways,Ministry of Road Transport and Highways (MoRTH),NHIDCL,Gujarat,EPC,Plains,930.64,930.64,862.52,88.01,92.68,2019-06-03,2022-05-03,2022-05-03,2022-01-16,2022-07-15,936.41,2.4,0,0.62,0
PRJ-SYN-0800,SNAP-PRJ-SYN-0800-Q1,High-Speed Rail Corridor Link 52,Railways,Ministry of Railways (MoR),Rail Vikas Nigam Ltd (RVNL),Tamil Nadu,EPC,Plains,440.78,456.57,69.44,15.16,15.21,2018-11-21,2022-11-21,2022-11-21,2019-09-09,2023-08-03,458.76,8.4,1,4.08,0
PRJ-SYN-0800,SNAP-PRJ-SYN-0800-Q2,High-Speed Rail Corridor Link 52,Railways,Ministry of Railways (MoR),Rail Vikas Nigam Ltd (RVNL),Tamil Nadu,EPC,Plains,440.78,440.78,246.26,56.78,55.87,2018-11-21,2022-11-21,2022-11-21,2021-06-27,2023-08-03,458.76,8.4,1,4.08,0
PRJ-SYN-0801,SNAP-PRJ-SYN-0801-Q1,Andhra Pradesh Express Highway Corridor Phase III,Highways,Ministry of Road Transport and Highways (MoRTH),NHIDCL,Andhra Pradesh,EPC,Coastal,412.75,412.75,92.62,19.53,22.44,2018-08-08,2020-11-06,2020-11-06,2019-01-19,2020-11-06,431.03,0.0,0,4.43,0
PRJ-SYN-0801,SNAP-PRJ-SYN-0801-Q2,Andhra Pradesh Express Highway Corridor Phase III,Highways,Ministry of Road Transport and Highways (MoRTH),NHIDCL,Andhra Pradesh,EPC,Coastal,412.75,412.75,165.51,37.42,40.1,2018-08-08,2020-11-06,2020-11-06,2019-05-22,2020-11-06,431.03,0.0,0,4.43,0
PRJ-SYN-0801,SNAP-PRJ-SYN-0801-Q3,Andhra Pradesh Express Highway Corridor Phase III,Highways,Ministry of Road Transport and Highways (MoRTH),NHIDCL,Andhra Pradesh,EPC,Coastal,412.75,412.75,208.81,51.17,50.59,2018-08-08,2020-11-06,2020-11-06,2019-09-22,2020-11-06,431.03,0.0,0,4.43,0
PRJ-SYN-0802,SNAP-PRJ-SYN-0802-Q1,Madhya Pradesh Ring Metro Transit System Pkg 22,Metro Rail,Ministry of Housing and Urban Affairs (MoHUA),Delhi Metro Rail Corp (DMRC),Madhya Pradesh,Item Rate,Plains,20874.68,20874.68,4661.32,12.95,22.33,2021-10-04,2031-08-04,2031-08-04,2023-09-22,2033-07-19,23367.12,23.5,1,11.94,1
PRJ-SYN-0802,SNAP-PRJ-SYN-0802-Q2,Madhya Pradesh Ring Metro Transit System Pkg 22,Metro Rail,Ministry of Housing and Urban Affairs (MoHUA),Delhi Metro Rail Corp (DMRC),Madhya Pradesh,Item Rate,Plains,20874.68,22564.47,20490.8,83.29,90.81,2021-10-04,2031-08-04,2033-06-19,2030-08-10,2033-07-19,23367.12,23.5,1,11.94,1
PRJ-SYN-0803,SNAP-PRJ-SYN-0803-Q1,Andhra Pradesh Economic Corridor Pkg 26,Highways,Ministry of Road Transport and Highways (MoRTH),NHIDCL,Andhra Pradesh,EPC,Urban Dense,746.34,788.21,103.26,5.0,13.1,2021-01-10,2022-12-11,2022-12-11,2021-05-30,2023-12-20,1124.36,12.3,1,50.65,1
PRJ-SYN-0803,SNAP-PRJ-SYN-0803-Q2,Andhra Pradesh Economic Corridor Pkg 26,Highways,Ministry of Road Transport and Highways (MoRTH),NHIDCL,Andhra Pradesh,EPC,Urban Dense,746.34,968.18,523.98,43.32,54.12,2021-01-10,2022-12-11,2023-07-21,2022-04-10,2023-12-20,1124.36,12.3,1,50.65,1
PRJ-SYN-0803,SNAP-PRJ-SYN-0803-Q3,Andhra Pradesh Economic Corridor Pkg 26,Highways,Ministry of Road Transport and Highways (MoRTH),NHIDCL,Andhra Pradesh,EPC,Urban Dense,746.34,977.35,599.7,58.67,61.36,2021-01-10,2022-12-11,2023-07-02,2022-07-24,2023-12-20,1124.36,12.3,1,50.65,1
PRJ-SYN-0803,SNAP-PRJ-SYN-0803-Q4,Andhra Pradesh Economic Corridor Pkg 26,Highways,Ministry of Road Transport and Highways (MoRTH),NHIDCL,Andhra Pradesh,EPC,Urban Dense,746.34,746.34,544.38,67.66,72.94,2021-01-10,2022-12-11,2023-11-09,2022-10-02,2023-12-20,1124.36,12.3,1,50.65,1
PRJ-SYN-0804,SNAP-PRJ-SYN-0804-Q1,Rajasthan Express Highway Corridor Phase I,Highways,Ministry of Road Transport and Highways (MoRTH),State PWD (Highways),Rajasthan,EPC,Coastal,652.91,668.53,114.12,15.01,17.07,2021-02-20,2023-11-21,2023-12-06,2021-09-08,2024-03-06,675.17,3.5,1,3.41,0
PRJ-SYN-0804,SNAP-PRJ-SYN-0804-Q2,Rajasthan Express Highway Corridor Phase I,Highways,Ministry of Road Transport and Highways (MoRTH),State PWD (Highways),Rajasthan,EPC,Coastal,652.91,678.64,253.61,35.73,37.37,2021-02-20,2023-11-21,2023-11-21,2022-02-06,2024-03-06,675.17,3.5,1,3.41,0
PRJ-SYN-0804,SNAP-PRJ-SYN-0804-Q3,Rajasthan Express Highway Corridor Phase I,Highways,Ministry of Road Transport and Highways (MoRTH),State PWD (Highways),Rajasthan,EPC,Coastal,652.91,652.91,526.83,75.56,80.69,2021-02-20,2023-11-21,2024-02-12,2023-05-04,2024-03-06,675.17,3.5,1,3.41,0
PRJ-SYN-0805,SNAP-PRJ-SYN-0805-Q1,Border Road Strategic Connectivity Link 64,Highways,Ministry of Road Transport and Highways (MoRTH),NHIDCL,Uttar Pradesh,EPC,Plains,987.43,987.43,143.87,17.04,14.57,2022-02-11,2025-08-12,2025-08-12,2022-10-24,2025-09-17,1013.0,1.2,0,2.59,0
PRJ-SYN-0805,SNAP-PRJ-SYN-0805-Q2,Border Road Strategic Connectivity Link 64,Highways,Ministry of Road Transport and Highways (MoRTH),NHIDCL,Uttar Pradesh,EPC,Plains,987.43,987.43,571.92,51.94,57.92,2022-02-11,2025-08-12,2025-08-12,2023-11-12,2025-09-17,1013.0,1.2,0,2.59,0
PRJ-SYN-0805,SNAP-PRJ-SYN-0805-Q3,Border Road Strategic Connectivity Link 64,Highways,Ministry of Road Transport and Highways (MoRTH),NHIDCL,Uttar Pradesh,EPC,Plains,987.43,1000.4,719.79,69.57,71.95,2022-02-11,2025-08-12,2025-10-09,2024-05-21,2025-09-17,1013.0,1.2,0,2.59,0
PRJ-SYN-0805,SNAP-PRJ-SYN-0805-Q4,Border Road Strategic Connectivity Link 64,Highways,Ministry of Road Transport and Highways (MoRTH),NHIDCL,Uttar Pradesh,EPC,Plains,987.43,987.43,897.18,87.15,90.86,2022-02-11,2025-08-12,2025-08-12,2025-04-06,2025-09-17,1013.0,1.2,0,2.59,0
PRJ-SYN-0806,SNAP-PRJ-SYN-0806-Q1,NH-23 4/6-Laning Bypass & Viaduct,Highways,Ministry of Road Transport and Highways (MoRTH),NHIDCL,Assam,Item Rate,Urban Dense,175.15,175.15,72.63,38.6,41.47,2022-12-03,2024-07-03,2024-10-10,2023-06-23,2024-08-17,182.65,1.5,0,4.28,0
PRJ-SYN-0806,SNAP-PRJ-SYN-0806-Q2,NH-23 4/6-Laning Bypass & Viaduct,Highways,Ministry of Road Transport and Highways (MoRTH),NHIDCL,Assam,Item Rate,Urban Dense,175.15,175.15,96.21,53.36,54.93,2022-12-03,2024-07-03,2024-07-03,2023-09-18,2024-08-17,182.65,1.5,0,4.28,0
PRJ-SYN-0806,SNAP-PRJ-SYN-0806-Q3,NH-23 4/6-Laning Bypass & Viaduct,Highways,Ministry of Road Transport and Highways (MoRTH),NHIDCL,Assam,Item Rate,Urban Dense,175.15,175.15,139.59,79.05,79.7,2022-12-03,2024-07-03,2024-07-03,2024-03-09,2024-08-17,182.65,1.5,0,4.28,0
PRJ-SYN-0806,SNAP-PRJ-SYN-0806-Q4,NH-23 4/6-Laning Bypass & Viaduct,Highways,Ministry of Road Transport and Highways (MoRTH),NHIDCL,Assam,Item Rate,Urban Dense,175.15,175.15,165.04,89.2,94.23,2022-12-03,2024-07-03,2024-07-03,2024-05-06,2024-08-17,182.65,1.5,0,4.28,0
PRJ-SYN-0807,SNAP-PRJ-SYN-0807-Q1,Punjab Metro Corridor Elevated Extension Phase III,Metro Rail,Ministry of Housing and Urban Affairs (MoHUA),UP Metro Rail Corp (UPMRC),Punjab,EPC,Urban Dense,1214.48,1214.48,407.94,27.1,33.59,2023-10-15,2029-12-14,2029-12-14,2025-12-11,2032-01-26,1446.32,25.4,1,19.09,1
PRJ-SYN-0807,SNAP-PRJ-SYN-0807-Q2,Punjab Metro Corridor Elevated Extension Phase III,Metro Rail,Ministry of Housing and Urban Affairs (MoHUA),UP Metro Rail Corp (UPMRC),Punjab,EPC,Urban Dense,1214.48,1214.48,1021.13,77.37,84.08,2023-10-15,2029-12-14,2031-03-02,2029-05-03,2032-01-26,1446.32,25.4,1,19.09,1
PRJ-SYN-0808,SNAP-PRJ-SYN-0808-Q1,Rajasthan Rail Doubling & Third Line Section,Railways,Ministry of Railways (MoR),Dedicated Freight Corridor Corp (DFCCIL),Rajasthan,HAM,Plains,1711.34,1711.34,700.28,38.54,40.92,2022-11-25,2028-06-25,2028-06-25,2024-11-07,2028-07-28,1780.65,1.1,0,4.05,0
PRJ-SYN-0808,SNAP-PRJ-SYN-0808-Q2,Rajasthan Rail Doubling & Third Line Section,Railways,Ministry of Railways (MoR),Dedicated Freight Corridor Corp (DFCCIL),Rajasthan,HAM,Plains,1711.34,1711.34,975.63,53.75,57.01,2022-11-25,2028-06-25,2028-10-05,2025-09-09,2028-07-28,1780.65,1.1,0,4.05,0
PRJ-SYN-0808,SNAP-PRJ-SYN-0808-Q3,Rajasthan Rail Doubling & Third Line Section,Railways,Ministry of Railways (MoR),Dedicated Freight Corridor Corp (DFCCIL),Rajasthan,HAM,Plains,1711.34,1711.34,1388.24,78.57,81.12,2022-11-25,2028-06-25,2028-09-01,2027-05-14,2028-07-28,1780.65,1.1,0,4.05,0
PRJ-SYN-0809,SNAP-PRJ-SYN-0809-Q1,Tamil Nadu Station Redevelopment & Quadrupling,Railways,Ministry of Railways (MoR),Rail Vikas Nigam Ltd (RVNL),Tamil Nadu,Item Rate,Plains,3848.86,3848.86,367.57,5.0,9.55,2020-06-01,2026-01-30,2026-01-30,2021-07-19,2029-01-23,4783.36,35.8,1,24.28,1
PRJ-SYN-0809,SNAP-PRJ-SYN-0809-Q2,Tamil Nadu Station Redevelopment & Quadrupling,Railways,Ministry of Railways (MoR),Rail Vikas Nigam Ltd (RVNL),Tamil Nadu,Item Rate,Plains,3848.86,3848.86,614.66,7.78,15.97,2020-06-01,2026-01-30,2026-10-18,2022-05-26,2029-01-23,4783.36,35.8,1,24.28,1
PRJ-SYN-0809,SNAP-PRJ-SYN-0809-Q3,Tamil Nadu Station Redevelopment & Quadrupling,Railways,Ministry of Railways (MoR),Rail Vikas Nigam Ltd (RVNL),Tamil Nadu,Item Rate,Plains,3848.86,4319.89,2130.57,42.68,49.32,2020-06-01,2026-01-30,2027-05-06,2024-02-06,2029-01-23,4783.36,35.8,1,24.28,1
PRJ-SYN-0809,SNAP-PRJ-SYN-0809-Q4,Tamil Nadu Station Redevelopment & Quadrupling,Railways,Ministry of Railways (MoR),Rail Vikas Nigam Ltd (RVNL),Tamil Nadu,Item Rate,Plains,3848.86,4334.14,2798.12,58.54,64.56,2020-06-01,2026-01-30,2026-01-30,2024-12-12,2029-01-23,4783.36,35.8,1,24.28,1
PRJ-SYN-0810,SNAP-PRJ-SYN-0810-Q1,Uttar Pradesh Port Modernization & Coastal Connectivity,Ports & Shipping,"Ministry of Ports, Shipping and Waterways (MoPSW)",Jawaharlal Nehru Port Trust (JNPT),Uttar Pradesh,HAM,Plains,985.09,1025.19,325.81,33.64,31.78,2023-04-26,2025-09-24,2025-09-24,2024-02-28,2025-09-24,1008.83,0.0,0,2.41,0
PRJ-SYN-0810,SNAP-PRJ-SYN-0810-Q2,Uttar Pradesh Port Modernization & Coastal Connectivity,Ports & Shipping,"Ministry of Ports, Shipping and Waterways (MoPSW)",Jawaharlal Nehru Port Trust (JNPT),Uttar Pradesh,HAM,Plains,985.09,985.09,409.4,40.08,41.56,2023-04-26,2025-09-24,2025-09-24,2024-07-10,2025-09-24,1008.83,0.0,0,2.41,0
PRJ-SYN-0811,SNAP-PRJ-SYN-0811-Q1,West Bengal Station Redevelopment & Quadrupling,Railways,Ministry of Railways (MoR),CORE,West Bengal,HAM,Hilly/Mountainous,1530.73,1530.73,326.5,12.37,21.33,2020-10-10,2027-02-09,2027-02-09,2022-01-15,2027-09-25,1805.96,7.5,1,17.98,1
PRJ-SYN-0811,SNAP-PRJ-SYN-0811-Q2,West Bengal Station Redevelopment & Quadrupling,Railways,Ministry of Railways (MoR),CORE,West Bengal,HAM,Hilly/Mountainous,1530.73,1576.37,676.74,31.29,42.93,2020-10-10,2027-02-09,2027-02-09,2022-12-28,2027-09-25,1805.96,7.5,1,17.98,1
PRJ-SYN-0811,SNAP-PRJ-SYN-0811-Q3,West Bengal Station Redevelopment & Quadrupling,Railways,Ministry of Railways (MoR),CORE,West Bengal,HAM,Hilly/Mountainous,1530.73,1612.58,946.58,46.87,58.7,2020-10-10,2027-02-09,2027-05-16,2023-12-10,2027-09-25,1805.96,7.5,1,17.98,1
PRJ-SYN-0812,SNAP-PRJ-SYN-0812-Q1,Bihar Express Highway Corridor Phase IV,Highways,Ministry of Road Transport and Highways (MoRTH),NHIDCL,Bihar,Turnkey,Urban Dense,364.86,364.86,247.81,63.0,67.92,2023-04-23,2024-12-21,2025-04-05,2024-05-22,2024-12-21,374.49,0.0,0,2.64,0
PRJ-SYN-0812,SNAP-PRJ-SYN-0812-Q2,Bihar Express Highway Corridor Phase IV,Highways,Ministry of Road Transport and Highways (MoRTH),NHIDCL,Bihar,Turnkey,Urban Dense,364.86,364.86,318.41,83.88,87.27,2023-04-23,2024-12-21,2024-12-21,2024-08-22,2024-12-21,374.49,0.0,0,2.64,0
PRJ-SYN-0813,SNAP-PRJ-SYN-0813-Q1,High-Speed Rail Corridor Link 52,Railways,Ministry of Railways (MoR),Rail Vikas Nigam Ltd (RVNL),Karnataka,HAM,Plains,369.45,369.45,58.85,5.0,15.93,2019-07-06,2023-10-05,2024-01-09,2020-05-11,2025-10-10,423.98,24.2,1,14.76,1
PRJ-SYN-0813,SNAP-PRJ-SYN-0813-Q2,High-Speed Rail Corridor Link 52,Railways,Ministry of Railways (MoR),Rail Vikas Nigam Ltd (RVNL),Karnataka,HAM,Plains,369.45,388.93,146.28,30.64,37.61,2019-07-06,2023-10-05,2023-10-05,2021-08-20,2025-10-10,423.98,24.2,1,14.76,1
PRJ-SYN-0814,SNAP-PRJ-SYN-0814-Q1,Uttar Pradesh Metro Corridor Elevated Extension Phase I,Metro Rail,Ministry of Housing and Urban Affairs (MoHUA),Delhi Metro Rail Corp (DMRC),Uttar Pradesh,Item Rate,Plains,38000.0,38000.0,28994.0,72.34,76.3,2019-05-15,2025-07-14,2025-07-14,2024-04-19,2026-08-16,42168.6,13.1,1,10.97,1
PRJ-SYN-0814,SNAP-PRJ-SYN-0814-Q2,Uttar Pradesh Metro Corridor Elevated Extension Phase I,Metro Rail,Ministry of Housing and Urban Affairs (MoHUA),Delhi Metro Rail Corp (DMRC),Uttar Pradesh,Item Rate,Plains,38000.0,40973.21,39022.89,90.31,95.24,2019-05-15,2025-07-14,2026-08-09,2024-12-01,2026-08-16,42168.6,13.1,1,10.97,1
PRJ-SYN-0815,SNAP-PRJ-SYN-0815-Q1,Assam Express Highway Corridor Phase I,Highways,Ministry of Road Transport and Highways (MoRTH),NHIDCL,Assam,EPC,Plains,911.84,911.84,344.86,32.43,37.82,2020-03-08,2022-08-07,2022-08-07,2021-01-10,2022-10-16,932.17,2.3,0,2.23,0
PRJ-SYN-0815,SNAP-PRJ-SYN-0815-Q2,Assam Express Highway Corridor Phase I,Highways,Ministry of Road Transport and Highways (MoRTH),NHIDCL,Assam,EPC,Plains,911.84,911.84,418.9,46.5,45.94,2020-03-08,2022-08-07,2022-08-07,2021-05-23,2022-10-16,932.17,2.3,0,2.23,0
PRJ-SYN-0815,SNAP-PRJ-SYN-0815-Q3,Assam Express Highway Corridor Phase I,Highways,Ministry of Road Transport and Highways (MoRTH),NHIDCL,Assam,EPC,Plains,911.84,911.84,810.53,87.29,88.89,2020-03-08,2022-08-07,2022-11-13,2022-05-11,2022-10-16,932.17,2.3,0,2.23,0
PRJ-SYN-0816,SNAP-PRJ-SYN-0816-Q1,West Bengal Smart City Water Supply Augmentation,Urban Water & Sanitation,Ministry of Housing and Urban Affairs (MoHUA),Delhi Jal Board,West Bengal,HAM,Urban Dense,343.3,343.3,58.5,15.27,17.04,2020-02-01,2021-09-01,2021-09-01,2020-05-26,2021-09-01,350.3,0.0,0,2.04,0
PRJ-SYN-0816,SNAP-PRJ-SYN-0816-Q2,West Bengal Smart City Water Supply Augmentation,Urban Water & Sanitation,Ministry of Housing and Urban Affairs (MoHUA),Delhi Jal Board,West Bengal,HAM,Urban Dense,343.3,343.3,118.54,35.65,34.53,2020-02-01,2021-09-01,2021-09-01,2020-08-21,2021-09-01,350.3,0.0,0,2.04,0
PRJ-SYN-0816,SNAP-PRJ-SYN-0816-Q3,West Bengal Smart City Water Supply Augmentation,Urban Water & Sanitation,Ministry of Housing and Urban Affairs (MoHUA),Delhi Jal Board,West Bengal,HAM,Urban Dense,343.3,343.3,236.5,65.35,68.89,2020-02-01,2021-09-01,2021-09-01,2021-02-10,2021-09-01,350.3,0.0,0,2.04,0
PRJ-SYN-0816,SNAP-PRJ-SYN-0816-Q4,West Bengal Smart City Water Supply Augmentation,Urban Water & Sanitation,Ministry of Housing and Urban Affairs (MoHUA),Delhi Jal Board,West Bengal,HAM,Urban Dense,343.3,351.62,340.79,93.58,96.92,2020-02-01,2021-09-01,2021-09-01,2021-07-05,2021-09-01,350.3,0.0,0,2.04,0
PRJ-SYN-0817,SNAP-PRJ-SYN-0817-Q1,Uttar Pradesh Economic Corridor Pkg 40,Highways,Ministry of Road Transport and Highways (MoRTH),National Highways Authority of India (NHAI),Uttar Pradesh,EPC,Plains,3549.55,3549.55,891.65,22.69,25.12,2020-11-06,2024-04-06,2024-04-06,2021-07-13,2024-06-18,3563.04,2.4,0,0.38,0
PRJ-SYN-0817,SNAP-PRJ-SYN-0817-Q2,Uttar Pradesh Economic Corridor Pkg 40,Highways,Ministry of Road Transport and Highways (MoRTH),National Highways Authority of India (NHAI),Uttar Pradesh,EPC,Plains,3549.55,3549.55,2523.02,66.42,71.08,2020-11-06,2024-04-06,2024-06-27,2023-01-26,2024-06-18,3563.04,2.4,0,0.38,0
PRJ-SYN-0817,SNAP-PRJ-SYN-0817-Q3,Uttar Pradesh Economic Corridor Pkg 40,Highways,Ministry of Road Transport and Highways (MoRTH),National Highways Authority of India (NHAI),Uttar Pradesh,EPC,Plains,3549.55,3690.78,3046.0,84.65,82.53,2020-11-06,2024-04-06,2024-04-06,2023-08-01,2024-06-18,3563.04,2.4,0,0.38,0
PRJ-SYN-0817,SNAP-PRJ-SYN-0817-Q4,Uttar Pradesh Economic Corridor Pkg 40,Highways,Ministry of Road Transport and Highways (MoRTH),National Highways Authority of India (NHAI),Uttar Pradesh,EPC,Plains,3549.55,3549.55,3264.17,92.11,91.96,2020-11-06,2024-04-06,2024-05-16,2023-12-04,2024-06-18,3563.04,2.4,0,0.38,0
PRJ-SYN-0818,SNAP-PRJ-SYN-0818-Q1,NH-34 4/6-Laning Bypass & Viaduct,Highways,Ministry of Road Transport and Highways (MoRTH),National Highways Authority of India (NHAI),Maharashtra,EPC,Plains,1091.06,1091.06,372.71,36.24,34.16,2021-12-12,2025-05-12,2025-05-12,2023-02-21,2025-07-02,1107.54,1.7,0,1.51,0
PRJ-SYN-0818,SNAP-PRJ-SYN-0818-Q2,NH-34 4/6-Laning Bypass & Viaduct,Highways,Ministry of Road Transport and Highways (MoRTH),National Highways Authority of India (NHAI),Maharashtra,EPC,Plains,1091.06,1091.06,724.68,61.58,66.42,2021-12-12,2025-05-12,2025-05-12,2024-03-02,2025-07-02,1107.54,1.7,0,1.51,0
PRJ-SYN-0818,SNAP-PRJ-SYN-0818-Q3,NH-34 4/6-Laning Bypass & Viaduct,Highways,Ministry of Road Transport and Highways (MoRTH),National Highways Authority of India (NHAI),Maharashtra,EPC,Plains,1091.06,1091.06,853.54,78.04,78.23,2021-12-12,2025-05-12,2025-05-12,2024-09-05,2025-07-02,1107.54,1.7,0,1.51,0
PRJ-SYN-0819,SNAP-PRJ-SYN-0819-Q1,NH-29 4/6-Laning Bypass & Viaduct,Highways,Ministry of Road Transport and Highways (MoRTH),National Highways Authority of India (NHAI),Rajasthan,BOT,Plains,2032.15,2093.82,677.77,26.78,32.37,2019-01-21,2022-02-20,2022-02-20,2020-02-19,2022-12-21,2396.11,10.0,1,17.91,1
PRJ-SYN-0819,SNAP-PRJ-SYN-0819-Q2,NH-29 4/6-Laning Bypass & Viaduct,Highways,Ministry of Road Transport and Highways (MoRTH),National Highways Authority of India (NHAI),Rajasthan,BOT,Plains,2032.15,2032.15,1376.98,55.98,67.76,2019-01-21,2022-02-20,2022-08-05,2021-01-22,2022-12-21,2396.11,10.0,1,17.91,1
PRJ-SYN-0819,SNAP-PRJ-SYN-0819-Q3,NH-29 4/6-Laning Bypass & Viaduct,Highways,Ministry of Road Transport and Highways (MoRTH),National Highways Authority of India (NHAI),Rajasthan,BOT,Plains,2032.15,2274.16,1675.37,66.85,73.67,2019-01-21,2022-02-20,2022-02-20,2021-07-09,2022-12-21,2396.11,10.0,1,17.91,1
PRJ-SYN-0820,SNAP-PRJ-SYN-0820-Q1,Rajasthan Rail Doubling & Third Line Section,Railways,Ministry of Railways (MoR),Rail Vikas Nigam Ltd (RVNL),Rajasthan,EPC,Coastal,1032.23,1032.23,564.22,52.96,54.66,2019-09-13,2023-01-12,2023-01-12,2021-05-13,2023-02-08,1046.58,0.9,0,1.39,0
PRJ-SYN-0820,SNAP-PRJ-SYN-0820-Q2,Rajasthan Rail Doubling & Third Line Section,Railways,Ministry of Railways (MoR),Rail Vikas Nigam Ltd (RVNL),Rajasthan,EPC,Coastal,1032.23,1032.23,671.98,65.64,65.1,2019-09-13,2023-01-12,2023-01-12,2021-11-12,2023-02-08,1046.58,0.9,0,1.39,0
PRJ-SYN-0820,SNAP-PRJ-SYN-0820-Q3,Rajasthan Rail Doubling & Third Line Section,Railways,Ministry of Railways (MoR),Rail Vikas Nigam Ltd (RVNL),Rajasthan,EPC,Coastal,1032.23,1032.23,813.19,78.88,78.78,2019-09-13,2023-01-12,2023-01-12,2022-05-14,2023-02-08,1046.58,0.9,0,1.39,0
PRJ-SYN-0820,SNAP-PRJ-SYN-0820-Q4,Rajasthan Rail Doubling & Third Line Section,Railways,Ministry of Railways (MoR),Rail Vikas Nigam Ltd (RVNL),Rajasthan,EPC,Coastal,1032.23,1052.61,1009.56,91.09,95.91,2019-09-13,2023-01-12,2023-03-17,2022-09-12,2023-02-08,1046.58,0.9,0,1.39,0
PRJ-SYN-0821,SNAP-PRJ-SYN-0821-Q1,Deep Draft Container Terminal Berth 57,Ports & Shipping,"Ministry of Ports, Shipping and Waterways (MoPSW)",V.O. Chidambaranar Port,Andhra Pradesh,Item Rate,Plains,1491.93,1491.93,869.65,52.75,58.29,2023-08-23,2027-02-21,2027-02-21,2025-05-23,2027-03-20,1561.75,0.9,0,4.68,0
PRJ-SYN-0821,SNAP-PRJ-SYN-0821-Q2,Deep Draft Container Terminal Berth 57,Ports & Shipping,"Ministry of Ports, Shipping and Waterways (MoPSW)",V.O. Chidambaranar Port,Andhra Pradesh,Item Rate,Plains,1491.93,1491.93,1045.25,64.95,70.06,2023-08-23,2027-02-21,2027-04-15,2025-11-30,2027-03-20,1561.75,0.9,0,4.68,0
PRJ-SYN-0821,SNAP-PRJ-SYN-0821-Q3,Deep Draft Container Terminal Berth 57,Ports & Shipping,"Ministry of Ports, Shipping and Waterways (MoPSW)",V.O. Chidambaranar Port,Andhra Pradesh,Item Rate,Plains,1491.93,1491.93,1317.82,87.34,88.33,2023-08-23,2027-02-21,2027-02-21,2026-10-16,2027-03-20,1561.75,0.9,0,4.68,0
PRJ-SYN-0822,SNAP-PRJ-SYN-0822-Q1,Karnataka Express Highway Corridor Phase II,Highways,Ministry of Road Transport and Highways (MoRTH),State PWD (Highways),Karnataka,HAM,Plains,1232.54,1232.54,637.35,46.61,51.71,2021-04-13,2023-10-13,2023-10-13,2022-07-13,2023-10-19,1245.73,0.2,0,1.07,0
PRJ-SYN-0822,SNAP-PRJ-SYN-0822-Q2,Karnataka Express Highway Corridor Phase II,Highways,Ministry of Road Transport and Highways (MoRTH),State PWD (Highways),Karnataka,HAM,Plains,1232.54,1232.54,782.91,61.13,63.52,2021-04-13,2023-10-13,2023-10-13,2022-11-27,2023-10-19,1245.73,0.2,0,1.07,0
PRJ-SYN-0823,SNAP-PRJ-SYN-0823-Q1,NH-42 4/6-Laning Bypass & Viaduct,Highways,Ministry of Road Transport and Highways (MoRTH),NHIDCL,Karnataka,HAM,Hilly/Mountainous,349.83,383.83,128.81,27.7,33.56,2018-03-25,2021-01-22,2021-08-11,2019-08-24,2022-09-16,437.36,19.8,1,25.02,1
PRJ-SYN-0823,SNAP-PRJ-SYN-0823-Q2,NH-42 4/6-Laning Bypass & Viaduct,Highways,Ministry of Road Transport and Highways (MoRTH),NHIDCL,Karnataka,HAM,Hilly/Mountainous,349.83,387.22,197.21,39.98,50.93,2018-03-25,2021-01-22,2021-01-22,2020-01-26,2022-09-16,437.36,19.8,1,25.02,1
PRJ-SYN-0824,SNAP-PRJ-SYN-0824-Q1,Gujarat Metro Corridor Elevated Extension Phase II,Metro Rail,Ministry of Housing and Urban Affairs (MoHUA),UP Metro Rail Corp (UPMRC),Gujarat,EPC,Urban Dense,1351.73,1351.73,906.33,66.22,67.05,2021-09-20,2025-06-20,2025-06-20,2024-02-27,2025-06-29,1435.67,0.3,0,6.21,0
PRJ-SYN-0824,SNAP-PRJ-SYN-0824-Q2,Gujarat Metro Corridor Elevated Extension Phase II,Metro Rail,Ministry of Housing and Urban Affairs (MoHUA),UP Metro Rail Corp (UPMRC),Gujarat,EPC,Urban Dense,1351.73,1414.61,1181.62,84.47,83.53,2021-09-20,2025-06-20,2025-06-20,2024-09-19,2025-06-29,1435.67,0.3,0,6.21,0
PRJ-SYN-0824,SNAP-PRJ-SYN-0824-Q3,Gujarat Metro Corridor Elevated Extension Phase II,Metro Rail,Ministry of Housing and Urban Affairs (MoHUA),UP Metro Rail Corp (UPMRC),Gujarat,EPC,Urban Dense,1351.73,1351.73,1346.19,95.88,99.59,2021-09-20,2025-06-20,2025-06-20,2025-02-03,2025-06-29,1435.67,0.3,0,6.21,0
PRJ-SYN-0825,SNAP-PRJ-SYN-0825-Q1,Gujarat Station Redevelopment & Quadrupling,Railways,Ministry of Railways (MoR),CORE,Gujarat,HAM,Plains,291.18,291.18,108.99,34.21,37.43,2020-07-01,2024-03-31,2024-03-31,2021-10-23,2024-03-31,294.88,0.0,0,1.27,0
PRJ-SYN-0825,SNAP-PRJ-SYN-0825-Q2,Gujarat Station Redevelopment & Quadrupling,Railways,Ministry of Railways (MoR),CORE,Gujarat,HAM,Plains,291.18,291.18,198.53,64.1,68.18,2020-07-01,2024-03-31,2024-03-31,2022-12-08,2024-03-31,294.88,0.0,0,1.27,0
PRJ-SYN-0826,SNAP-PRJ-SYN-0826-Q1,Gujarat Rail Doubling & Third Line Section,Railways,Ministry of Railways (MoR),IRCON International,Gujarat,Item Rate,Plains,494.59,494.59,182.95,33.44,36.99,2022-09-18,2026-09-18,2026-09-18,2023-07-07,2026-09-24,522.48,0.2,0,5.64,0
PRJ-SYN-0826,SNAP-PRJ-SYN-0826-Q2,Gujarat Rail Doubling & Third Line Section,Railways,Ministry of Railways (MoR),IRCON International,Gujarat,Item Rate,Plains,494.59,494.59,158.76,29.73,32.1,2022-09-18,2026-09-18,2026-09-18,2024-02-11,2026-09-24,522.48,0.2,0,5.64,0
PRJ-SYN-0826,SNAP-PRJ-SYN-0826-Q3,Gujarat Rail Doubling & Third Line Section,Railways,Ministry of Railways (MoR),IRCON International,Gujarat,Item Rate,Plains,494.59,505.64,305.0,55.17,60.32,2022-09-18,2026-09-18,2026-09-18,2024-09-17,2026-09-24,522.48,0.2,0,5.64,0
PRJ-SYN-0826,SNAP-PRJ-SYN-0826-Q4,Gujarat Rail Doubling & Third Line Section,Railways,Ministry of Railways (MoR),IRCON International,Gujarat,Item Rate,Plains,494.59,494.59,455.57,87.17,92.11,2022-09-18,2026-09-18,2026-09-18,2026-04-24,2026-09-24,522.48,0.2,0,5.64,0
PRJ-SYN-0827,SNAP-PRJ-SYN-0827-Q1,Haryana Rail Doubling & Third Line Section,Railways,Ministry of Railways (MoR),Dedicated Freight Corridor Corp (DFCCIL),Haryana,Item Rate,Plains,2580.65,2580.65,1292.65,52.39,50.09,2019-06-07,2026-01-05,2026-01-05,2022-09-21,2026-05-09,2809.04,4.1,1,8.85,0
PRJ-SYN-0827,SNAP-PRJ-SYN-0827-Q2,Haryana Rail Doubling & Third Line Section,Railways,Ministry of Railways (MoR),Dedicated Freight Corridor Corp (DFCCIL),Haryana,Item Rate,Plains,2580.65,2580.65,1753.29,69.27,67.94,2019-06-07,2026-01-05,2026-03-04,2023-09-16,2026-05-09,2809.04,4.1,1,8.85,0
PRJ-SYN-0827,SNAP-PRJ-SYN-0827-Q3,Haryana Rail Doubling & Third Line Section,Railways,Ministry of Railways (MoR),Dedicated Freight Corridor Corp (DFCCIL),Haryana,Item Rate,Plains,2580.65,2580.65,2174.46,81.24,84.26,2019-06-07,2026-01-05,2026-04-16,2024-09-11,2026-05-09,2809.04,4.1,1,8.85,0
PRJ-SYN-0827,SNAP-PRJ-SYN-0827-Q4,Haryana Rail Doubling & Third Line Section,Railways,Ministry of Railways (MoR),Dedicated Freight Corridor Corp (DFCCIL),Haryana,Item Rate,Plains,2580.65,2580.65,2177.55,86.71,84.38,2019-06-07,2026-01-05,2026-04-29,2025-05-10,2026-05-09,2809.04,4.1,1,8.85,0
PRJ-SYN-0828,SNAP-PRJ-SYN-0828-Q1,Assam Economic Corridor Pkg 87,Highways,Ministry of Road Transport and Highways (MoRTH),State PWD (Highways),Assam,EPC,Plains,766.63,766.63,184.53,25.01,24.07,2023-12-18,2026-02-16,2026-02-16,2024-05-24,2026-05-15,806.34,2.9,0,5.18,0
PRJ-SYN-0828,SNAP-PRJ-SYN-0828-Q2,Assam Economic Corridor Pkg 87,Highways,Ministry of Road Transport and Highways (MoRTH),State PWD (Highways),Assam,EPC,Plains,766.63,766.63,393.05,51.93,51.27,2023-12-18,2026-02-16,2026-02-16,2025-01-16,2026-05-15,806.34,2.9,0,5.18,0
PRJ-SYN-0828,SNAP-PRJ-SYN-0828-Q3,Assam Economic Corridor Pkg 87,Highways,Ministry of Road Transport and Highways (MoRTH),State PWD (Highways),Assam,EPC,Plains,766.63,766.63,603.03,76.14,78.66,2023-12-18,2026-02-16,2026-02-16,2025-09-11,2026-05-15,806.34,2.9,0,5.18,0
PRJ-SYN-0829,SNAP-PRJ-SYN-0829-Q1,Punjab Station Redevelopment & Quadrupling,Railways,Ministry of Railways (MoR),IRCON International,Punjab,HAM,Urban Dense,396.06,396.06,127.29,33.96,32.14,2021-11-17,2024-06-17,2024-08-10,2022-10-13,2024-06-17,421.8,0.0,0,6.5,0
PRJ-SYN-0829,SNAP-PRJ-SYN-0829-Q2,Punjab Station Redevelopment & Quadrupling,Railways,Ministry of Railways (MoR),IRCON International,Punjab,HAM,Urban Dense,396.06,396.06,239.7,61.86,60.52,2021-11-17,2024-06-17,2024-06-17,2023-07-23,2024-06-17,421.8,0.0,0,6.5,0
PRJ-SYN-0830,SNAP-PRJ-SYN-0830-Q1,Liquid Cargo Jetty & Breakwater Expansion,Ports & Shipping,"Ministry of Ports, Shipping and Waterways (MoPSW)",Deendayal Port Authority,Telangana,EPC,Plains,620.61,620.61,143.86,20.4,23.18,2022-10-26,2025-02-24,2025-02-24,2023-04-14,2025-03-02,621.11,0.2,0,0.08,0
PRJ-SYN-0830,SNAP-PRJ-SYN-0830-Q2,Liquid Cargo Jetty & Breakwater Expansion,Ports & Shipping,"Ministry of Ports, Shipping and Waterways (MoPSW)",Deendayal Port Authority,Telangana,EPC,Plains,620.61,620.61,326.44,48.35,52.6,2022-10-26,2025-02-24,2025-05-26,2023-12-26,2025-03-02,621.11,0.2,0,0.08,0
PRJ-SYN-0830,SNAP-PRJ-SYN-0830-Q3,Liquid Cargo Jetty & Breakwater Expansion,Ports & Shipping,"Ministry of Ports, Shipping and Waterways (MoPSW)",Deendayal Port Authority,Telangana,EPC,Plains,620.61,620.61,387.76,64.16,62.48,2022-10-26,2025-02-24,2025-02-24,2024-05-01,2025-03-02,621.11,0.2,0,0.08,0
PRJ-SYN-0830,SNAP-PRJ-SYN-0830-Q4,Liquid Cargo Jetty & Breakwater Expansion,Ports & Shipping,"Ministry of Ports, Shipping and Waterways (MoPSW)",Deendayal Port Authority,Telangana,EPC,Plains,620.61,620.61,538.07,82.65,86.7,2022-10-26,2025-02-24,2025-02-24,2024-12-01,2025-03-02,621.11,0.2,0,0.08,0
PRJ-SYN-0831,SNAP-PRJ-SYN-0831-Q1,NH-99 4/6-Laning Bypass & Viaduct,Highways,Ministry of Road Transport and Highways (MoRTH),NHIDCL,Gujarat,EPC,Plains,2223.89,2223.89,669.39,24.31,30.1,2019-08-15,2023-01-13,2023-01-13,2020-04-20,2023-01-28,2286.38,0.5,0,2.81,0
PRJ-SYN-0831,SNAP-PRJ-SYN-0831-Q2,NH-99 4/6-Laning Bypass & Viaduct,Highways,Ministry of Road Transport and Highways (MoRTH),NHIDCL,Gujarat,EPC,Plains,2223.89,2223.89,815.72,34.08,36.68,2019-08-15,2023-01-13,2023-01-13,2020-10-24,2023-01-28,2286.38,0.5,0,2.81,0
PRJ-SYN-0831,SNAP-PRJ-SYN-0831-Q3,NH-99 4/6-Laning Bypass & Viaduct,Highways,Ministry of Road Transport and Highways (MoRTH),NHIDCL,Gujarat,EPC,Plains,2223.89,2223.89,962.05,45.63,43.26,2019-08-15,2023-01-13,2023-01-13,2021-04-29,2023-01-28,2286.38,0.5,0,2.81,0
PRJ-SYN-0831,SNAP-PRJ-SYN-0831-Q4,NH-99 4/6-Laning Bypass & Viaduct,Highways,Ministry of Road Transport and Highways (MoRTH),NHIDCL,Gujarat,EPC,Plains,2223.89,2223.89,1832.93,78.78,82.42,2019-08-15,2023-01-13,2023-01-13,2022-05-09,2023-01-28,2286.38,0.5,0,2.81,0
PRJ-SYN-0832,SNAP-PRJ-SYN-0832-Q1,765kV High Voltage Transmission Substation,Power & Renewable Energy,Ministry of Power / MNRE,Power Grid Corporation (PGCIL),Gujarat,EPC,Plains,550.8,550.8,279.26,51.52,50.7,2020-04-14,2023-10-14,2023-10-14,2022-01-13,2023-10-14,581.37,0.0,0,5.55,0
PRJ-SYN-0832,SNAP-PRJ-SYN-0832-Q2,765kV High Voltage Transmission Substation,Power & Renewable Energy,Ministry of Power / MNRE,Power Grid Corporation (PGCIL),Gujarat,EPC,Plains,550.8,550.8,403.74,69.03,73.3,2020-04-14,2023-10-14,2023-10-14,2022-07-23,2023-10-14,581.37,0.0,0,5.55,0
PRJ-SYN-0832,SNAP-PRJ-SYN-0832-Q3,765kV High Voltage Transmission Substation,Power & Renewable Energy,Ministry of Power / MNRE,Power Grid Corporation (PGCIL),Gujarat,EPC,Plains,550.8,550.8,514.61,93.43,93.43,2020-04-14,2023-10-14,2023-10-14,2023-06-08,2023-10-14,581.37,0.0,0,5.55,0
PRJ-SYN-0833,SNAP-PRJ-SYN-0833-Q1,Punjab Express Highway Corridor Phase I,Highways,Ministry of Road Transport and Highways (MoRTH),NHIDCL,Punjab,HAM,Plains,616.45,637.33,228.93,38.34,35.92,2020-10-21,2022-12-21,2022-12-21,2021-07-24,2023-01-29,648.75,1.3,0,5.24,0
PRJ-SYN-0833,SNAP-PRJ-SYN-0833-Q2,Punjab Express Highway Corridor Phase I,Highways,Ministry of Road Transport and Highways (MoRTH),NHIDCL,Punjab,HAM,Plains,616.45,616.45,367.59,58.99,59.63,2020-10-21,2022-12-21,2022-12-21,2022-03-19,2023-01-29,648.75,1.3,0,5.24,0
PRJ-SYN-0833,SNAP-PRJ-SYN-0833-Q3,Punjab Express Highway Corridor Phase I,Highways,Ministry of Road Transport and Highways (MoRTH),NHIDCL,Punjab,HAM,Plains,616.45,616.45,522.32,78.75,84.73,2020-10-21,2022-12-21,2022-12-21,2022-07-16,2023-01-29,648.75,1.3,0,5.24,0
PRJ-SYN-0833,SNAP-PRJ-SYN-0833-Q4,Punjab Express Highway Corridor Phase I,Highways,Ministry of Road Transport and Highways (MoRTH),NHIDCL,Punjab,HAM,Plains,616.45,628.29,578.28,87.45,92.04,2020-10-21,2022-12-21,2022-12-21,2022-10-03,2023-01-29,648.75,1.3,0,5.24,0
PRJ-SYN-0834,SNAP-PRJ-SYN-0834-Q1,Gujarat Metro Corridor Elevated Extension Phase I,Metro Rail,Ministry of Housing and Urban Affairs (MoHUA),Bangalore Metro Rail Corp (BMRCL),Gujarat,EPC,Urban Dense,1072.53,1072.53,532.73,45.34,49.67,2019-08-04,2025-02-01,2025-02-01,2022-05-04,2025-02-13,1160.37,0.4,0,8.19,0
PRJ-SYN-0834,SNAP-PRJ-SYN-0834-Q2,Gujarat Metro Corridor Elevated Extension Phase I,Metro Rail,Ministry of Housing and Urban Affairs (MoHUA),Bangalore Metro Rail Corp (BMRCL),Gujarat,EPC,Urban Dense,1072.53,1072.53,704.01,62.26,65.64,2019-08-04,2025-02-01,2025-02-01,2023-03-01,2025-02-13,1160.37,0.4,0,8.19,0
PRJ-SYN-0834,SNAP-PRJ-SYN-0834-Q3,Gujarat Metro Corridor Elevated Extension Phase I,Metro Rail,Ministry of Housing and Urban Affairs (MoHUA),Bangalore Metro Rail Corp (BMRCL),Gujarat,EPC,Urban Dense,1072.53,1072.53,818.77,78.61,76.34,2019-08-04,2025-02-01,2025-02-01,2023-12-28,2025-02-13,1160.37,0.4,0,8.19,0
PRJ-SYN-0835,SNAP-PRJ-SYN-0835-Q1,Maharashtra Metro Line 96 Underground Section,Metro Rail,Ministry of Housing and Urban Affairs (MoHUA),Delhi Metro Rail Corp (DMRC),Maharashtra,HAM,Hilly/Mountainous,1052.27,1052.27,241.81,17.44,22.98,2019-01-27,2025-06-27,2025-09-24,2020-05-09,2025-07-06,1117.62,0.3,0,6.21,0
PRJ-SYN-0835,SNAP-PRJ-SYN-0835-Q2,Maharashtra Metro Line 96 Underground Section,Metro Rail,Ministry of Housing and Urban Affairs (MoHUA),Delhi Metro Rail Corp (DMRC),Maharashtra,HAM,Hilly/Mountainous,1052.27,1104.25,722.51,62.14,65.43,2019-01-27,2025-06-27,2025-06-27,2023-03-30,2025-07-06,1117.62,0.3,0,6.21,0
PRJ-SYN-0835,SNAP-PRJ-SYN-0835-Q3,Maharashtra Metro Line 96 Underground Section,Metro Rail,Ministry of Housing and Urban Affairs (MoHUA),Delhi Metro Rail Corp (DMRC),Maharashtra,HAM,Hilly/Mountainous,1052.27,1052.27,819.51,72.79,77.88,2019-01-27,2025-06-27,2025-06-27,2024-03-15,2025-07-06,1117.62,0.3,0,6.21,0
PRJ-SYN-0835,SNAP-PRJ-SYN-0835-Q4,Maharashtra Metro Line 96 Underground Section,Metro Rail,Ministry of Housing and Urban Affairs (MoHUA),Delhi Metro Rail Corp (DMRC),Maharashtra,HAM,Hilly/Mountainous,1052.27,1052.27,927.58,90.05,88.15,2019-01-27,2025-06-27,2025-06-27,2024-11-05,2025-07-06,1117.62,0.3,0,6.21,0
PRJ-SYN-0836,SNAP-PRJ-SYN-0836-Q1,Uttar Pradesh Rail Doubling & Third Line Section,Railways,Ministry of Railways (MoR),Rail Vikas Nigam Ltd (RVNL),Uttar Pradesh,HAM,Urban Dense,6423.96,6423.96,713.7,8.48,11.11,2019-05-22,2024-07-21,2024-07-21,2020-06-02,2025-11-10,7375.35,15.7,1,14.81,1
PRJ-SYN-0836,SNAP-PRJ-SYN-0836-Q2,Uttar Pradesh Rail Doubling & Third Line Section,Railways,Ministry of Railways (MoR),Rail Vikas Nigam Ltd (RVNL),Uttar Pradesh,HAM,Urban Dense,6423.96,6659.98,1702.29,19.71,25.56,2019-05-22,2024-07-21,2024-11-05,2021-03-12,2025-11-10,7375.35,15.7,1,14.81,1
PRJ-SYN-0836,SNAP-PRJ-SYN-0836-Q3,Uttar Pradesh Rail Doubling & Third Line Section,Railways,Ministry of Railways (MoR),Rail Vikas Nigam Ltd (RVNL),Uttar Pradesh,HAM,Urban Dense,6423.96,6423.96,3789.49,50.97,58.99,2019-05-22,2024-07-21,2024-07-21,2022-09-29,2025-11-10,7375.35,15.7,1,14.81,1
PRJ-SYN-0836,SNAP-PRJ-SYN-0836-Q4,Uttar Pradesh Rail Doubling & Third Line Section,Railways,Ministry of Railways (MoR),Rail Vikas Nigam Ltd (RVNL),Uttar Pradesh,HAM,Urban Dense,6423.96,7137.53,5990.53,77.33,83.93,2019-05-22,2024-07-21,2025-11-13,2024-01-14,2025-11-10,7375.35,15.7,1,14.81,1
PRJ-SYN-0837,SNAP-PRJ-SYN-0837-Q1,Karnataka Express Highway Corridor Phase II,Highways,Ministry of Road Transport and Highways (MoRTH),State PWD (Highways),Karnataka,Turnkey,Plains,792.86,792.86,555.32,69.09,70.04,2021-03-04,2024-02-02,2024-02-02,2023-01-25,2024-03-09,794.76,1.2,0,0.24,0
PRJ-SYN-0837,SNAP-PRJ-SYN-0837-Q2,Karnataka Express Highway Corridor Phase II,Highways,Ministry of Road Transport and Highways (MoRTH),State PWD (Highways),Karnataka,Turnkey,Plains,792.86,792.86,642.69,78.82,81.06,2021-03-04,2024-02-02,2024-02-02,2023-07-04,2024-03-09,794.76,1.2,0,0.24,0
PRJ-SYN-0838,SNAP-PRJ-SYN-0838-Q1,West Bengal Pumped Storage Hydro Project Phase I,Power & Renewable Energy,Ministry of Power / MNRE,SJVN Limited,West Bengal,EPC,Plains,4111.17,4111.17,1157.71,30.83,28.16,2019-04-10,2022-12-09,2023-01-28,2020-07-21,2023-07-03,4426.91,6.8,1,7.68,0
PRJ-SYN-0838,SNAP-PRJ-SYN-0838-Q2,West Bengal Pumped Storage Hydro Project Phase I,Power & Renewable Energy,Ministry of Power / MNRE,SJVN Limited,West Bengal,EPC,Plains,4111.17,4111.17,2553.45,57.56,62.11,2019-04-10,2022-12-09,2022-12-09,2021-08-27,2023-07-03,4426.91,6.8,1,7.68,0
PRJ-SYN-0838,SNAP-PRJ-SYN-0838-Q3,West Bengal Pumped Storage Hydro Project Phase I,Power & Renewable Energy,Ministry of Power / MNRE,SJVN Limited,West Bengal,EPC,Plains,4111.17,4111.17,3643.73,85.25,88.63,2019-04-10,2022-12-09,2023-06-29,2022-07-28,2023-07-03,4426.91,6.8,1,7.68,0
PRJ-SYN-0839,SNAP-PRJ-SYN-0839-Q1,High-Speed Rail Corridor Link 45,Railways,Ministry of Railways (MoR),IRCON International,Bihar,EPC,Plains,1513.22,1513.22,1078.93,72.43,71.3,2018-03-15,2022-05-14,2022-05-14,2020-11-28,2022-06-19,1542.88,1.2,0,1.96,0
PRJ-SYN-0839,SNAP-PRJ-SYN-0839-Q2,High-Speed Rail Corridor Link 45,Railways,Ministry of Railways (MoR),IRCON International,Bihar,EPC,Plains,1513.22,1513.22,1205.73,79.03,79.68,2018-03-15,2022-05-14,2022-05-14,2021-07-14,2022-06-19,1542.88,1.2,0,1.96,0
PRJ-SYN-0840,SNAP-PRJ-SYN-0840-Q1,Freight Corridor Feeder Line 68,Railways,Ministry of Railways (MoR),Rail Vikas Nigam Ltd (RVNL),Haryana,HAM,Plains,3934.68,4099.21,2170.53,44.86,52.95,2022-01-24,2028-06-24,2028-06-24,2025-04-09,2029-09-08,4465.07,14.5,1,13.48,1
PRJ-SYN-0840,SNAP-PRJ-SYN-0840-Q2,Freight Corridor Feeder Line 68,Railways,Ministry of Railways (MoR),Rail Vikas Nigam Ltd (RVNL),Haryana,HAM,Plains,3934.68,4163.09,2516.59,55.63,60.45,2022-01-24,2028-06-24,2028-12-24,2026-03-27,2029-09-08,4465.07,14.5,1,13.48,1
PRJ-SYN-0841,SNAP-PRJ-SYN-0841-Q1,Andhra Pradesh Economic Corridor Pkg 88,Highways,Ministry of Road Transport and Highways (MoRTH),NHIDCL,Andhra Pradesh,BOT,Urban Dense,432.19,450.28,183.44,33.3,40.74,2021-04-06,2023-05-06,2023-05-25,2021-12-28,2023-08-11,521.87,3.2,1,20.75,1
PRJ-SYN-0841,SNAP-PRJ-SYN-0841-Q2,Andhra Pradesh Economic Corridor Pkg 88,Highways,Ministry of Road Transport and Highways (MoRTH),NHIDCL,Andhra Pradesh,BOT,Urban Dense,432.19,471.61,330.13,58.2,70.0,2021-04-06,2023-05-06,2023-05-06,2022-08-13,2023-08-11,521.87,3.2,1,20.75,1
PRJ-SYN-0841,SNAP-PRJ-SYN-0841-Q3,Andhra Pradesh Economic Corridor Pkg 88,Highways,Ministry of Road Transport and Highways (MoRTH),NHIDCL,Andhra Pradesh,BOT,Urban Dense,432.19,488.21,396.28,74.34,81.17,2021-04-06,2023-05-06,2023-06-30,2022-12-05,2023-08-11,521.87,3.2,1,20.75,1
PRJ-SYN-0841,SNAP-PRJ-SYN-0841-Q4,Andhra Pradesh Economic Corridor Pkg 88,Highways,Ministry of Road Transport and Highways (MoRTH),NHIDCL,Andhra Pradesh,BOT,Urban Dense,432.19,505.12,478.3,84.62,94.69,2021-04-06,2023-05-06,2023-07-15,2023-02-19,2023-08-11,521.87,3.2,1,20.75,1
PRJ-SYN-0842,SNAP-PRJ-SYN-0842-Q1,Maharashtra Pumped Storage Hydro Project Phase I,Power & Renewable Energy,Ministry of Power / MNRE,Power Grid Corporation (PGCIL),Maharashtra,Item Rate,Plains,785.42,785.42,119.86,16.19,15.26,2019-03-09,2021-04-07,2021-05-12,2019-08-08,2021-04-07,833.33,0.0,0,6.1,0
PRJ-SYN-0842,SNAP-PRJ-SYN-0842-Q2,Maharashtra Pumped Storage Hydro Project Phase I,Power & Renewable Energy,Ministry of Power / MNRE,Power Grid Corporation (PGCIL),Maharashtra,Item Rate,Plains,785.42,785.42,473.92,54.69,60.34,2019-03-09,2021-04-07,2021-06-22,2020-03-23,2021-04-07,833.33,0.0,0,6.1,0
PRJ-SYN-0842,SNAP-PRJ-SYN-0842-Q3,Maharashtra Pumped Storage Hydro Project Phase I,Power & Renewable Energy,Ministry of Power / MNRE,Power Grid Corporation (PGCIL),Maharashtra,Item Rate,Plains,785.42,785.42,641.06,82.01,81.62,2019-03-09,2021-04-07,2021-04-07,2020-11-06,2021-04-07,833.33,0.0,0,6.1,0
PRJ-SYN-0842,SNAP-PRJ-SYN-0842-Q4,Maharashtra Pumped Storage Hydro Project Phase I,Power & Renewable Energy,Ministry of Power / MNRE,Power Grid Corporation (PGCIL),Maharashtra,Item Rate,Plains,785.42,785.42,712.93,89.93,90.77,2019-03-09,2021-04-07,2021-04-07,2021-01-21,2021-04-07,833.33,0.0,0,6.1,0
PRJ-SYN-0843,SNAP-PRJ-SYN-0843-Q1,NH-62 4/6-Laning Bypass & Viaduct,Highways,Ministry of Road Transport and Highways (MoRTH),State PWD (Highways),Uttar Pradesh,EPC,Plains,460.63,460.63,139.94,25.18,30.38,2022-02-12,2025-08-13,2025-08-13,2022-10-25,2025-08-13,464.08,0.0,0,0.75,0
PRJ-SYN-0843,SNAP-PRJ-SYN-0843-Q2,NH-62 4/6-Laning Bypass & Viaduct,Highways,Ministry of Road Transport and Highways (MoRTH),State PWD (Highways),Uttar Pradesh,EPC,Plains,460.63,460.63,373.62,82.92,81.11,2022-02-12,2025-08-13,2025-08-13,2024-11-30,2025-08-13,464.08,0.0,0,0.75,0
PRJ-SYN-0844,SNAP-PRJ-SYN-0844-Q1,Border Road Strategic Connectivity Link 31,Highways,Ministry of Road Transport and Highways (MoRTH),NHIDCL,Telangana,Turnkey,Coastal,454.69,454.69,65.16,15.48,14.33,2019-09-02,2022-01-01,2022-01-01,2020-02-19,2022-02-27,459.65,1.9,0,1.09,0
PRJ-SYN-0844,SNAP-PRJ-SYN-0844-Q2,Border Road Strategic Connectivity Link 31,Highways,Ministry of Road Transport and Highways (MoRTH),NHIDCL,Telangana,Turnkey,Coastal,454.69,454.69,279.82,64.38,61.54,2019-09-02,2022-01-01,2022-01-01,2021-03-08,2022-02-27,459.65,1.9,0,1.09,0
PRJ-SYN-0844,SNAP-PRJ-SYN-0844-Q3,Border Road Strategic Connectivity Link 31,Highways,Ministry of Road Transport and Highways (MoRTH),NHIDCL,Telangana,Turnkey,Coastal,454.69,454.69,390.81,88.39,85.95,2019-09-02,2022-01-01,2022-03-17,2021-10-08,2022-02-27,459.65,1.9,0,1.09,0
PRJ-SYN-0845,SNAP-PRJ-SYN-0845-Q1,765kV High Voltage Transmission Substation,Power & Renewable Energy,Ministry of Power / MNRE,SJVN Limited,Assam,EPC,Coastal,1481.72,1481.72,486.89,28.9,32.86,2018-01-09,2022-04-10,2022-04-10,2019-07-06,2022-06-22,1483.05,2.4,0,0.09,0
PRJ-SYN-0845,SNAP-PRJ-SYN-0845-Q2,765kV High Voltage Transmission Substation,Power & Renewable Energy,Ministry of Power / MNRE,SJVN Limited,Assam,EPC,Coastal,1481.72,1504.82,1385.64,94.17,92.08,2018-01-09,2022-04-10,2022-06-20,2021-11-06,2022-06-22,1483.05,2.4,0,0.09,0
PRJ-SYN-0846,SNAP-PRJ-SYN-0846-Q1,Rajasthan Pumped Storage Hydro Project Phase IV,Power & Renewable Energy,Ministry of Power / MNRE,Solar Energy Corporation of India (SECI),Rajasthan,HAM,Hilly/Mountainous,478.89,478.89,148.41,28.51,30.99,2018-02-18,2022-01-18,2022-01-18,2019-07-03,2022-11-12,520.12,9.8,1,8.61,0
PRJ-SYN-0846,SNAP-PRJ-SYN-0846-Q2,Rajasthan Pumped Storage Hydro Project Phase IV,Power & Renewable Energy,Ministry of Power / MNRE,Solar Energy Corporation of India (SECI),Rajasthan,HAM,Hilly/Mountainous,478.89,478.89,280.34,57.06,58.54,2018-02-18,2022-01-18,2022-01-18,2020-09-04,2022-11-12,520.12,9.8,1,8.61,0
PRJ-SYN-0846,SNAP-PRJ-SYN-0846-Q3,Rajasthan Pumped Storage Hydro Project Phase IV,Power & Renewable Energy,Ministry of Power / MNRE,Solar Energy Corporation of India (SECI),Rajasthan,HAM,Hilly/Mountainous,478.89,478.89,328.61,69.61,68.62,2018-02-18,2022-01-18,2022-01-18,2021-04-07,2022-11-12,520.12,9.8,1,8.61,0
PRJ-SYN-0846,SNAP-PRJ-SYN-0846-Q4,Rajasthan Pumped Storage Hydro Project Phase IV,Power & Renewable Energy,Ministry of Power / MNRE,Solar Energy Corporation of India (SECI),Rajasthan,HAM,Hilly/Mountainous,478.89,478.89,375.11,78.22,78.33,2018-02-18,2022-01-18,2022-01-18,2021-08-28,2022-11-12,520.12,9.8,1,8.61,0
PRJ-SYN-0847,SNAP-PRJ-SYN-0847-Q1,High-Speed Rail Corridor Link 12,Railways,Ministry of Railways (MoR),IRCON International,West Bengal,Item Rate,Plains,955.81,978.47,135.91,5.0,13.89,2019-05-04,2022-10-02,2022-11-29,2020-01-08,2024-04-14,1175.74,18.4,1,23.01,1
PRJ-SYN-0847,SNAP-PRJ-SYN-0847-Q2,High-Speed Rail Corridor Link 12,Railways,Ministry of Railways (MoR),IRCON International,West Bengal,Item Rate,Plains,955.81,955.81,260.65,16.97,27.27,2019-05-04,2022-10-02,2023-02-22,2020-07-13,2024-04-14,1175.74,18.4,1,23.01,1
PRJ-SYN-0847,SNAP-PRJ-SYN-0847-Q3,High-Speed Rail Corridor Link 12,Railways,Ministry of Railways (MoR),IRCON International,West Bengal,Item Rate,Plains,955.81,1054.18,566.83,47.79,53.77,2019-05-04,2022-10-02,2022-10-02,2021-07-23,2024-04-14,1175.74,18.4,1,23.01,1
PRJ-SYN-0847,SNAP-PRJ-SYN-0847-Q4,High-Speed Rail Corridor Link 12,Railways,Ministry of Railways (MoR),IRCON International,West Bengal,Item Rate,Plains,955.81,1126.5,909.09,74.33,80.7,2019-05-04,2022-10-02,2022-10-02,2022-05-31,2024-04-14,1175.74,18.4,1,23.01,1
PRJ-SYN-0848,SNAP-PRJ-SYN-0848-Q1,Freight Corridor Feeder Line 66,Railways,Ministry of Railways (MoR),Dedicated Freight Corridor Corp (DFCCIL),Bihar,EPC,Plains,3370.43,3370.43,2859.81,79.11,84.85,2019-04-23,2024-12-21,2024-12-21,2023-11-03,2025-03-13,3432.45,2.7,0,1.84,0
PRJ-SYN-0848,SNAP-PRJ-SYN-0848-Q2,Freight Corridor Feeder Line 66,Railways,Ministry of Railways (MoR),Dedicated Freight Corridor Corp (DFCCIL),Bihar,EPC,Plains,3370.43,3370.43,2859.81,87.01,84.85,2019-04-23,2024-12-21,2024-12-21,2024-05-28,2025-03-13,3432.45,2.7,0,1.84,0
PRJ-SYN-0849,SNAP-PRJ-SYN-0849-Q1,Border Road Strategic Connectivity Link 91,Highways,Ministry of Road Transport and Highways (MoRTH),National Highways Authority of India (NHAI),Uttar Pradesh,EPC,Urban Dense,773.36,773.36,109.82,5.0,14.2,2023-11-23,2027-01-22,2027-04-01,2024-07-11,2028-07-10,967.71,17.6,1,25.13,1
PRJ-SYN-0849,SNAP-PRJ-SYN-0849-Q2,Border Road Strategic Connectivity Link 91,Highways,Ministry of Road Transport and Highways (MoRTH),National Highways Authority of India (NHAI),Uttar Pradesh,EPC,Urban Dense,773.36,817.78,158.4,14.88,19.37,2023-11-23,2027-01-22,2027-05-17,2024-12-31,2028-07-10,967.71,17.6,1,25.13,1
PRJ-SYN-0849,SNAP-PRJ-SYN-0849-Q3,Border Road Strategic Connectivity Link 91,Highways,Ministry of Road Transport and Highways (MoRTH),National Highways Authority of India (NHAI),Uttar Pradesh,EPC,Urban Dense,773.36,836.72,367.07,38.1,43.87,2023-11-23,2027-01-22,2027-07-26,2025-06-23,2028-07-10,967.71,17.6,1,25.13,1
PRJ-SYN-0849,SNAP-PRJ-SYN-0849-Q4,Border Road Strategic Connectivity Link 91,Highways,Ministry of Road Transport and Highways (MoRTH),National Highways Authority of India (NHAI),Uttar Pradesh,EPC,Urban Dense,773.36,863.41,473.24,44.33,54.81,2023-11-23,2027-01-22,2027-10-21,2025-12-13,2028-07-10,967.71,17.6,1,25.13,1
PRJ-SYN-0850,SNAP-PRJ-SYN-0850-Q1,Gujarat Express Highway Corridor Phase I,Highways,Ministry of Road Transport and Highways (MoRTH),National Highways Authority of India (NHAI),Gujarat,EPC,Plains,188.57,188.57,46.54,22.77,24.68,2019-04-12,2022-06-11,2022-06-11,2019-11-29,2022-08-01,191.25,1.7,0,1.42,0
PRJ-SYN-0850,SNAP-PRJ-SYN-0850-Q2,Gujarat Express Highway Corridor Phase I,Highways,Ministry of Road Transport and Highways (MoRTH),National Highways Authority of India (NHAI),Gujarat,EPC,Plains,188.57,188.57,71.79,33.46,38.07,2019-04-12,2022-06-11,2022-06-11,2020-05-20,2022-08-01,191.25,1.7,0,1.42,0
PRJ-SYN-0851,SNAP-PRJ-SYN-0851-Q1,Border Road Strategic Connectivity Link 11,Highways,Ministry of Road Transport and Highways (MoRTH),National Highways Authority of India (NHAI),Gujarat,HAM,Coastal,1993.06,1993.06,527.56,20.64,26.47,2019-11-22,2022-12-22,2022-12-22,2020-07-04,2023-02-08,2013.79,1.6,0,1.04,0
PRJ-SYN-0851,SNAP-PRJ-SYN-0851-Q2,Border Road Strategic Connectivity Link 11,Highways,Ministry of Road Transport and Highways (MoRTH),National Highways Authority of India (NHAI),Gujarat,HAM,Coastal,1993.06,1993.06,753.18,36.01,37.79,2019-11-22,2022-12-22,2022-12-22,2020-12-20,2023-02-08,2013.79,1.6,0,1.04,0
PRJ-SYN-0852,SNAP-PRJ-SYN-0852-Q1,NH-15 4/6-Laning Bypass & Viaduct,Highways,Ministry of Road Transport and Highways (MoRTH),State PWD (Highways),Tamil Nadu,HAM,Plains,579.23,579.23,224.39,38.66,38.74,2022-02-27,2024-12-27,2024-12-27,2023-02-24,2025-02-16,598.17,1.7,0,3.27,0
PRJ-SYN-0852,SNAP-PRJ-SYN-0852-Q2,NH-15 4/6-Laning Bypass & Viaduct,Highways,Ministry of Road Transport and Highways (MoRTH),State PWD (Highways),Tamil Nadu,HAM,Plains,579.23,579.23,272.18,49.65,46.99,2022-02-27,2024-12-27,2024-12-27,2023-07-29,2025-02-16,598.17,1.7,0,3.27,0
PRJ-SYN-0852,SNAP-PRJ-SYN-0852-Q3,NH-15 4/6-Laning Bypass & Viaduct,Highways,Ministry of Road Transport and Highways (MoRTH),State PWD (Highways),Tamil Nadu,HAM,Plains,579.23,579.23,483.54,81.93,83.48,2022-02-27,2024-12-27,2024-12-27,2024-06-03,2025-02-16,598.17,1.7,0,3.27,0
PRJ-SYN-0853,SNAP-PRJ-SYN-0853-Q1,NH-64 4/6-Laning Bypass & Viaduct,Highways,Ministry of Road Transport and Highways (MoRTH),State PWD (Highways),West Bengal,EPC,Plains,900.47,900.47,206.12,19.02,22.89,2019-04-04,2021-06-03,2021-06-03,2019-09-09,2021-07-27,916.95,1.8,0,1.83,0
PRJ-SYN-0853,SNAP-PRJ-SYN-0853-Q2,NH-64 4/6-Laning Bypass & Viaduct,Highways,Ministry of Road Transport and Highways (MoRTH),State PWD (Highways),West Bengal,EPC,Plains,900.47,900.47,315.97,33.85,35.09,2019-04-04,2021-06-03,2021-06-03,2020-01-05,2021-07-27,916.95,1.8,0,1.83,0
PRJ-SYN-0853,SNAP-PRJ-SYN-0853-Q3,NH-64 4/6-Laning Bypass & Viaduct,Highways,Ministry of Road Transport and Highways (MoRTH),State PWD (Highways),West Bengal,EPC,Plains,900.47,900.47,413.41,46.28,45.91,2019-04-04,2021-06-03,2021-06-03,2020-05-03,2021-07-27,916.95,1.8,0,1.83,0
PRJ-SYN-0854,SNAP-PRJ-SYN-0854-Q1,West Bengal Economic Corridor Pkg 59,Highways,Ministry of Road Transport and Highways (MoRTH),NHIDCL,West Bengal,BOT,Urban Dense,179.26,189.48,16.01,5.0,8.45,2021-04-03,2023-04-03,2023-10-23,2021-08-27,2026-11-04,282.03,43.1,1,57.33,1
PRJ-SYN-0854,SNAP-PRJ-SYN-0854-Q2,West Bengal Economic Corridor Pkg 59,Highways,Ministry of Road Transport and Highways (MoRTH),NHIDCL,West Bengal,BOT,Urban Dense,179.26,213.59,36.16,5.0,16.93,2021-04-03,2023-04-03,2023-04-03,2022-04-03,2026-11-04,282.03,43.1,1,57.33,1
PRJ-SYN-0854,SNAP-PRJ-SYN-0854-Q3,West Bengal Economic Corridor Pkg 59,Highways,Ministry of Road Transport and Highways (MoRTH),NHIDCL,West Bengal,BOT,Urban Dense,179.26,255.38,35.52,10.58,13.91,2021-04-03,2023-04-03,2026-03-27,2022-11-08,2026-11-04,282.03,43.1,1,57.33,1
PRJ-SYN-0854,SNAP-PRJ-SYN-0854-Q4,West Bengal Economic Corridor Pkg 59,Highways,Ministry of Road Transport and Highways (MoRTH),NHIDCL,West Bengal,BOT,Urban Dense,179.26,263.18,63.03,21.42,23.95,2021-04-03,2023-04-03,2026-06-14,2023-01-20,2026-11-04,282.03,43.1,1,57.33,1
PRJ-SYN-0855,SNAP-PRJ-SYN-0855-Q1,Haryana Ultra Mega Solar Power Park 48 MW,Power & Renewable Energy,Ministry of Power / MNRE,NTPC Limited,Haryana,EPC,Hilly/Mountainous,2220.7,2220.7,401.95,12.93,18.1,2018-12-18,2024-01-17,2024-01-17,2019-12-24,2024-06-11,2395.02,4.8,1,7.85,0
PRJ-SYN-0855,SNAP-PRJ-SYN-0855-Q2,Haryana Ultra Mega Solar Power Park 48 MW,Power & Renewable Energy,Ministry of Power / MNRE,NTPC Limited,Haryana,EPC,Hilly/Mountainous,2220.7,2220.7,813.89,32.32,36.65,2018-12-18,2024-01-17,2024-01-17,2020-09-27,2024-06-11,2395.02,4.8,1,7.85,0
PRJ-SYN-0855,SNAP-PRJ-SYN-0855-Q3,Haryana Ultra Mega Solar Power Park 48 MW,Power & Renewable Energy,Ministry of Power / MNRE,NTPC Limited,Haryana,EPC,Hilly/Mountainous,2220.7,2220.7,1097.47,48.11,49.42,2018-12-18,2024-01-17,2024-03-05,2021-07-03,2024-06-11,2395.02,4.8,1,7.85,0
PRJ-SYN-0855,SNAP-PRJ-SYN-0855-Q4,Haryana Ultra Mega Solar Power Park 48 MW,Power & Renewable Energy,Ministry of Power / MNRE,NTPC Limited,Haryana,EPC,Hilly/Mountainous,2220.7,2319.78,1850.95,74.46,79.79,2018-12-18,2024-01-17,2024-05-03,2023-01-11,2024-06-11,2395.02,4.8,1,7.85,0
PRJ-SYN-0856,SNAP-PRJ-SYN-0856-Q1,Border Road Strategic Connectivity Link 52,Highways,Ministry of Road Transport and Highways (MoRTH),NHIDCL,Telangana,EPC,Hilly/Mountainous,1132.28,1132.28,228.61,16.35,20.19,2023-12-11,2026-05-11,2026-08-16,2024-06-04,2026-06-16,1171.34,1.2,0,3.45,0
PRJ-SYN-0856,SNAP-PRJ-SYN-0856-Q2,Border Road Strategic Connectivity Link 52,Highways,Ministry of Road Transport and Highways (MoRTH),NHIDCL,Telangana,EPC,Hilly/Mountainous,1132.28,1132.28,518.47,46.12,45.79,2023-12-11,2026-05-11,2026-05-11,2025-02-24,2026-06-16,1171.34,1.2,0,3.45,0
PRJ-SYN-0856,SNAP-PRJ-SYN-0856-Q3,Border Road Strategic Connectivity Link 52,Highways,Ministry of Road Transport and Highways (MoRTH),NHIDCL,Telangana,EPC,Hilly/Mountainous,1132.28,1132.28,730.89,65.53,64.55,2023-12-11,2026-05-11,2026-05-11,2025-07-06,2026-06-16,1171.34,1.2,0,3.45,0
PRJ-SYN-0856,SNAP-PRJ-SYN-0856-Q4,Border Road Strategic Connectivity Link 52,Highways,Ministry of Road Transport and Highways (MoRTH),NHIDCL,Telangana,EPC,Hilly/Mountainous,1132.28,1132.28,824.87,75.48,72.85,2023-12-11,2026-05-11,2026-05-11,2025-11-16,2026-06-16,1171.34,1.2,0,3.45,0
PRJ-SYN-0857,SNAP-PRJ-SYN-0857-Q1,Andhra Pradesh Station Redevelopment & Quadrupling,Railways,Ministry of Railways (MoR),CORE,Andhra Pradesh,EPC,Urban Dense,527.19,527.19,200.54,35.1,38.04,2019-01-20,2021-09-20,2021-12-04,2019-12-26,2021-12-08,561.67,2.6,0,6.54,0
PRJ-SYN-0857,SNAP-PRJ-SYN-0857-Q2,Andhra Pradesh Station Redevelopment & Quadrupling,Railways,Ministry of Railways (MoR),CORE,Andhra Pradesh,EPC,Urban Dense,527.19,527.19,265.6,53.26,50.38,2019-01-20,2021-09-20,2021-09-20,2020-05-21,2021-12-08,561.67,2.6,0,6.54,0
PRJ-SYN-0858,SNAP-PRJ-SYN-0858-Q1,Border Road Strategic Connectivity Link 89,Highways,Ministry of Road Transport and Highways (MoRTH),State PWD (Highways),Haryana,EPC,Plains,2942.95,2942.95,1068.0,35.68,36.29,2018-03-12,2020-09-10,2020-09-10,2019-01-25,2020-11-15,3068.91,2.2,0,4.28,0
PRJ-SYN-0858,SNAP-PRJ-SYN-0858-Q2,Border Road Strategic Connectivity Link 89,Highways,Ministry of Road Transport and Highways (MoRTH),State PWD (Highways),Haryana,EPC,Plains,2942.95,2942.95,1413.79,49.46,48.04,2018-03-12,2020-09-10,2020-09-10,2019-06-11,2020-11-15,3068.91,2.2,0,4.28,0
PRJ-SYN-0858,SNAP-PRJ-SYN-0858-Q3,Border Road Strategic Connectivity Link 89,Highways,Ministry of Road Transport and Highways (MoRTH),State PWD (Highways),Haryana,EPC,Plains,2942.95,2942.95,2356.71,82.13,80.08,2018-03-12,2020-09-10,2020-09-10,2020-03-11,2020-11-15,3068.91,2.2,0,4.28,0
PRJ-SYN-0859,SNAP-PRJ-SYN-0859-Q1,Uttar Pradesh Ultra Mega Solar Power Park 40 MW,Power & Renewable Energy,Ministry of Power / MNRE,SJVN Limited,Uttar Pradesh,HAM,Hilly/Mountainous,818.72,818.72,259.53,25.77,31.7,2023-06-05,2027-08-04,2027-10-11,2024-04-04,2027-08-04,856.05,0.0,0,4.56,0
PRJ-SYN-0859,SNAP-PRJ-SYN-0859-Q2,Uttar Pradesh Ultra Mega Solar Power Park 40 MW,Power & Renewable Energy,Ministry of Power / MNRE,SJVN Limited,Uttar Pradesh,HAM,Hilly/Mountainous,818.72,818.72,475.76,54.63,58.11,2023-06-05,2027-08-04,2027-08-04,2025-07-04,2027-08-04,856.05,0.0,0,4.56,0
PRJ-SYN-0859,SNAP-PRJ-SYN-0859-Q3,Uttar Pradesh Ultra Mega Solar Power Park 40 MW,Power & Renewable Energy,Ministry of Power / MNRE,SJVN Limited,Uttar Pradesh,HAM,Hilly/Mountainous,818.72,818.72,599.96,67.8,73.28,2023-06-05,2027-08-04,2027-08-04,2026-02-18,2027-08-04,856.05,0.0,0,4.56,0
PRJ-SYN-0860,SNAP-PRJ-SYN-0860-Q1,Kerala Economic Corridor Pkg 39,Highways,Ministry of Road Transport and Highways (MoRTH),State PWD (Highways),Kerala,Item Rate,Plains,1929.28,1929.28,283.03,16.99,14.67,2020-06-08,2024-09-07,2024-09-07,2021-04-14,2024-09-07,2027.67,0.0,0,5.1,0
PRJ-SYN-0860,SNAP-PRJ-SYN-0860-Q2,Kerala Economic Corridor Pkg 39,Highways,Ministry of Road Transport and Highways (MoRTH),State PWD (Highways),Kerala,Item Rate,Plains,1929.28,1929.28,1592.43,78.77,82.54,2020-06-08,2024-09-07,2024-09-07,2023-11-01,2024-09-07,2027.67,0.0,0,5.1,0
PRJ-SYN-0861,SNAP-PRJ-SYN-0861-Q1,Gujarat Ring Metro Transit System Pkg 87,Metro Rail,Ministry of Housing and Urban Affairs (MoHUA),Bangalore Metro Rail Corp (BMRCL),Gujarat,Turnkey,Plains,1815.93,1815.93,422.75,21.6,23.28,2022-06-06,2028-05-06,2028-05-06,2023-08-12,2028-05-06,1977.37,0.0,0,8.89,0
PRJ-SYN-0861,SNAP-PRJ-SYN-0861-Q2,Gujarat Ring Metro Transit System Pkg 87,Metro Rail,Ministry of Housing and Urban Affairs (MoHUA),Bangalore Metro Rail Corp (BMRCL),Gujarat,Turnkey,Plains,1815.93,1815.93,1618.9,83.65,89.15,2022-06-06,2028-05-06,2028-05-06,2027-02-28,2028-05-06,1977.37,0.0,0,8.89,0
PRJ-SYN-0861,SNAP-PRJ-SYN-0861-Q3,Gujarat Ring Metro Transit System Pkg 87,Metro Rail,Ministry of Housing and Urban Affairs (MoHUA),Bangalore Metro Rail Corp (BMRCL),Gujarat,Turnkey,Plains,1815.93,1815.93,1730.04,89.76,95.27,2022-06-06,2028-05-06,2028-05-06,2027-10-02,2028-05-06,1977.37,0.0,0,8.89,0
PRJ-SYN-0862,SNAP-PRJ-SYN-0862-Q1,Bihar Express Highway Corridor Phase II,Highways,Ministry of Road Transport and Highways (MoRTH),NHIDCL,Bihar,EPC,Hilly/Mountainous,964.75,964.75,311.42,34.36,32.28,2019-04-05,2022-11-03,2022-11-03,2020-07-06,2022-12-24,998.81,1.7,0,3.53,0
PRJ-SYN-0862,SNAP-PRJ-SYN-0862-Q2,Bihar Express Highway Corridor Phase II,Highways,Ministry of Road Transport and Highways (MoRTH),NHIDCL,Bihar,EPC,Hilly/Mountainous,964.75,1004.09,855.18,80.92,85.17,2019-04-05,2022-11-03,2022-11-03,2022-02-15,2022-12-24,998.81,1.7,0,3.53,0
PRJ-SYN-0863,SNAP-PRJ-SYN-0863-Q1,NH-74 4/6-Laning Bypass & Viaduct,Highways,Ministry of Road Transport and Highways (MoRTH),State PWD (Highways),Himachal Pradesh,HAM,Hilly/Mountainous,765.91,765.91,272.97,34.55,35.64,2021-12-15,2023-12-15,2023-12-15,2022-08-27,2023-12-15,812.25,0.0,0,6.05,0
PRJ-SYN-0863,SNAP-PRJ-SYN-0863-Q2,NH-74 4/6-Laning Bypass & Viaduct,Highways,Ministry of Road Transport and Highways (MoRTH),State PWD (Highways),Himachal Pradesh,HAM,Hilly/Mountainous,765.91,765.91,628.66,84.42,82.08,2021-12-15,2023-12-15,2023-12-15,2023-07-22,2023-12-15,812.25,0.0,0,6.05,0
PRJ-SYN-0863,SNAP-PRJ-SYN-0863-Q3,NH-74 4/6-Laning Bypass & Viaduct,Highways,Ministry of Road Transport and Highways (MoRTH),State PWD (Highways),Himachal Pradesh,HAM,Hilly/Mountainous,765.91,774.89,737.93,89.71,95.23,2021-12-15,2023-12-15,2024-03-03,2023-10-03,2023-12-15,812.25,0.0,0,6.05,0
PRJ-SYN-0864,SNAP-PRJ-SYN-0864-Q1,High-Speed Rail Corridor Link 48,Railways,Ministry of Railways (MoR),CORE,Himachal Pradesh,EPC,Plains,5005.26,5005.26,2649.28,49.51,52.93,2022-08-21,2028-02-19,2028-02-19,2025-05-21,2028-02-19,5018.77,0.0,0,0.27,0
PRJ-SYN-0864,SNAP-PRJ-SYN-0864-Q2,High-Speed Rail Corridor Link 48,Railways,Ministry of Railways (MoR),CORE,Himachal Pradesh,EPC,Plains,5005.26,5005.26,3553.23,66.37,70.99,2022-08-21,2028-02-19,2028-02-19,2026-03-18,2028-02-19,5018.77,0.0,0,0.27,0
PRJ-SYN-0865,SNAP-PRJ-SYN-0865-Q1,Freight Corridor Feeder Line 58,Railways,Ministry of Railways (MoR),Dedicated Freight Corridor Corp (DFCCIL),Gujarat,HAM,Plains,1123.88,1152.33,251.9,12.23,21.86,2021-08-14,2025-06-14,2025-06-14,2022-12-17,2027-03-21,1249.75,21.2,1,11.2,1
PRJ-SYN-0865,SNAP-PRJ-SYN-0865-Q2,Freight Corridor Feeder Line 58,Railways,Ministry of Railways (MoR),Dedicated Freight Corridor Corp (DFCCIL),Gujarat,HAM,Plains,1123.88,1123.88,658.03,46.69,58.55,2021-08-14,2025-06-14,2025-06-14,2024-02-10,2027-03-21,1249.75,21.2,1,11.2,1
PRJ-SYN-0865,SNAP-PRJ-SYN-0865-Q3,Freight Corridor Feeder Line 58,Railways,Ministry of Railways (MoR),Dedicated Freight Corridor Corp (DFCCIL),Gujarat,HAM,Plains,1123.88,1123.88,778.74,59.76,69.29,2021-08-14,2025-06-14,2026-09-10,2024-09-07,2027-03-21,1249.75,21.2,1,11.2,1
PRJ-SYN-0865,SNAP-PRJ-SYN-0865-Q4,Freight Corridor Feeder Line 58,Railways,Ministry of Railways (MoR),Dedicated Freight Corridor Corp (DFCCIL),Gujarat,HAM,Plains,1123.88,1220.17,974.67,75.7,79.88,2021-08-14,2025-06-14,2026-11-22,2025-01-25,2027-03-21,1249.75,21.2,1,11.2,1
PRJ-SYN-0866,SNAP-PRJ-SYN-0866-Q1,Underground Sewerage System & 100 MLD STP,Urban Water & Sanitation,Ministry of Housing and Urban Affairs (MoHUA),NBCC (India) Limited,West Bengal,Item Rate,Plains,198.01,198.01,80.63,40.55,40.72,2020-10-18,2023-07-19,2023-07-19,2021-10-04,2023-07-19,205.28,0.0,0,3.67,0
PRJ-SYN-0866,SNAP-PRJ-SYN-0866-Q2,Underground Sewerage System & 100 MLD STP,Urban Water & Sanitation,Ministry of Housing and Urban Affairs (MoHUA),NBCC (India) Limited,West Bengal,Item Rate,Plains,198.01,198.01,161.3,83.26,81.46,2020-10-18,2023-07-19,2023-08-23,2022-12-30,2023-07-19,205.28,0.0,0,3.67,0
PRJ-SYN-0867,SNAP-PRJ-SYN-0867-Q1,Border Road Strategic Connectivity Link 49,Highways,Ministry of Road Transport and Highways (MoRTH),NHIDCL,Maharashtra,EPC,Hilly/Mountainous,821.4,821.4,139.56,19.34,16.99,2020-07-18,2023-07-18,2023-07-18,2021-02-22,2023-07-24,868.06,0.2,0,5.68,0
PRJ-SYN-0867,SNAP-PRJ-SYN-0867-Q2,Border Road Strategic Connectivity Link 49,Highways,Ministry of Road Transport and Highways (MoRTH),NHIDCL,Maharashtra,EPC,Hilly/Mountainous,821.4,821.4,434.11,51.66,52.85,2020-07-18,2023-07-18,2023-07-18,2022-01-16,2023-07-24,868.06,0.2,0,5.68,0
PRJ-SYN-0867,SNAP-PRJ-SYN-0867-Q3,Border Road Strategic Connectivity Link 49,Highways,Ministry of Road Transport and Highways (MoRTH),NHIDCL,Maharashtra,EPC,Hilly/Mountainous,821.4,821.4,530.38,63.34,64.57,2020-07-18,2023-07-18,2023-10-15,2022-06-30,2023-07-24,868.06,0.2,0,5.68,0
PRJ-SYN-0867,SNAP-PRJ-SYN-0867-Q4,Border Road Strategic Connectivity Link 49,Highways,Ministry of Road Transport and Highways (MoRTH),NHIDCL,Maharashtra,EPC,Hilly/Mountainous,821.4,821.4,622.87,78.31,75.83,2020-07-18,2023-07-18,2023-07-18,2022-12-11,2023-07-24,868.06,0.2,0,5.68,0
PRJ-SYN-0868,SNAP-PRJ-SYN-0868-Q1,Maharashtra Metro Line 34 Underground Section,Metro Rail,Ministry of Housing and Urban Affairs (MoHUA),Chennai Metro Rail Ltd (CMRL),Maharashtra,EPC,Hilly/Mountainous,4798.15,5241.36,370.04,5.0,7.06,2018-09-24,2022-12-24,2022-12-24,2020-03-20,2028-12-08,7015.38,71.5,1,46.21,1
PRJ-SYN-0868,SNAP-PRJ-SYN-0868-Q2,Maharashtra Metro Line 34 Underground Section,Metro Rail,Ministry of Housing and Urban Affairs (MoHUA),Chennai Metro Rail Ltd (CMRL),Maharashtra,EPC,Hilly/Mountainous,4798.15,5524.45,542.5,5.0,9.82,2018-09-24,2022-12-24,2025-05-01,2020-11-08,2028-12-08,7015.38,71.5,1,46.21,1
PRJ-SYN-0868,SNAP-PRJ-SYN-0868-Q3,Maharashtra Metro Line 34 Underground Section,Metro Rail,Ministry of Housing and Urban Affairs (MoHUA),Chennai Metro Rail Ltd (CMRL),Maharashtra,EPC,Hilly/Mountainous,4798.15,6032.31,1260.75,10.43,20.9,2018-09-24,2022-12-24,2026-08-07,2021-06-29,2028-12-08,7015.38,71.5,1,46.21,1
PRJ-SYN-0868,SNAP-PRJ-SYN-0868-Q4,Maharashtra Metro Line 34 Underground Section,Metro Rail,Ministry of Housing and Urban Affairs (MoHUA),Chennai Metro Rail Ltd (CMRL),Maharashtra,EPC,Hilly/Mountainous,4798.15,6219.54,2285.68,25.27,36.75,2018-09-24,2022-12-24,2027-07-17,2022-02-16,2028-12-08,7015.38,71.5,1,46.21,1
PRJ-SYN-0869,SNAP-PRJ-SYN-0869-Q1,Telangana Economic Corridor Pkg 72,Highways,Ministry of Road Transport and Highways (MoRTH),NHIDCL,Telangana,HAM,Plains,4935.0,4935.0,1226.35,19.49,24.85,2023-10-03,2027-02-01,2027-02-01,2024-06-02,2027-05-12,5148.19,3.3,1,4.32,0
PRJ-SYN-0869,SNAP-PRJ-SYN-0869-Q2,Telangana Economic Corridor Pkg 72,Highways,Ministry of Road Transport and Highways (MoRTH),NHIDCL,Telangana,HAM,Plains,4935.0,4935.0,2840.59,58.55,57.56,2023-10-03,2027-02-01,2027-04-01,2025-12-02,2027-05-12,5148.19,3.3,1,4.32,0
PRJ-SYN-0869,SNAP-PRJ-SYN-0869-Q3,Telangana Economic Corridor Pkg 72,Highways,Ministry of Road Transport and Highways (MoRTH),NHIDCL,Telangana,HAM,Plains,4935.0,4935.0,4316.64,84.87,87.47,2023-10-03,2027-02-01,2027-04-09,2026-10-02,2027-05-12,5148.19,3.3,1,4.32,0
PRJ-SYN-0870,SNAP-PRJ-SYN-0870-Q1,Rajasthan Ultra Mega Solar Power Park 42 MW,Power & Renewable Energy,Ministry of Power / MNRE,Power Grid Corporation (PGCIL),Rajasthan,BOT,Hilly/Mountainous,1892.32,1926.44,335.01,12.49,17.39,2022-12-16,2027-02-14,2027-02-14,2023-10-16,2028-06-02,2317.15,15.6,1,22.45,1
PRJ-SYN-0870,SNAP-PRJ-SYN-0870-Q2,Rajasthan Ultra Mega Solar Power Park 42 MW,Power & Renewable Energy,Ministry of Power / MNRE,Power Grid Corporation (PGCIL),Rajasthan,BOT,Hilly/Mountainous,1892.32,2041.17,868.72,36.96,42.56,2022-12-16,2027-02-14,2027-02-14,2025-01-14,2028-06-02,2317.15,15.6,1,22.45,1
PRJ-SYN-0870,SNAP-PRJ-SYN-0870-Q3,Rajasthan Ultra Mega Solar Power Park 42 MW,Power & Renewable Energy,Ministry of Power / MNRE,Power Grid Corporation (PGCIL),Rajasthan,BOT,Hilly/Mountainous,1892.32,1892.32,1375.91,68.81,72.71,2022-12-16,2027-02-14,2028-02-16,2026-04-16,2028-06-02,2317.15,15.6,1,22.45,1
PRJ-SYN-0870,SNAP-PRJ-SYN-0870-Q4,Rajasthan Ultra Mega Solar Power Park 42 MW,Power & Renewable Energy,Ministry of Power / MNRE,Power Grid Corporation (PGCIL),Rajasthan,BOT,Hilly/Mountainous,1892.32,2162.19,1912.89,80.63,88.47,2022-12-16,2027-02-14,2028-04-11,2026-09-15,2028-06-02,2317.15,15.6,1,22.45,1
PRJ-SYN-0871,SNAP-PRJ-SYN-0871-Q1,Border Road Strategic Connectivity Link 41,Highways,Ministry of Road Transport and Highways (MoRTH),NHIDCL,Maharashtra,EPC,Hilly/Mountainous,1143.5,1143.5,337.56,23.66,29.52,2018-06-21,2021-09-20,2021-09-20,2019-02-13,2021-11-16,1194.27,1.9,0,4.44,0
PRJ-SYN-0871,SNAP-PRJ-SYN-0871-Q2,Border Road Strategic Connectivity Link 41,Highways,Ministry of Road Transport and Highways (MoRTH),NHIDCL,Maharashtra,EPC,Hilly/Mountainous,1143.5,1143.5,489.53,38.15,42.81,2018-06-21,2021-09-20,2021-09-20,2019-08-10,2021-11-16,1194.27,1.9,0,4.44,0
PRJ-SYN-0871,SNAP-PRJ-SYN-0871-Q3,Border Road Strategic Connectivity Link 41,Highways,Ministry of Road Transport and Highways (MoRTH),NHIDCL,Maharashtra,EPC,Hilly/Mountainous,1143.5,1143.5,778.61,62.51,68.09,2018-06-21,2021-09-20,2021-10-28,2020-07-31,2021-11-16,1194.27,1.9,0,4.44,0
PRJ-SYN-0871,SNAP-PRJ-SYN-0871-Q4,Border Road Strategic Connectivity Link 41,Highways,Ministry of Road Transport and Highways (MoRTH),NHIDCL,Maharashtra,EPC,Hilly/Mountainous,1143.5,1143.5,976.09,87.51,85.36,2018-06-21,2021-09-20,2021-09-20,2021-05-24,2021-11-16,1194.27,1.9,0,4.44,0
PRJ-SYN-0872,SNAP-PRJ-SYN-0872-Q1,Uttar Pradesh Metro Corridor Elevated Extension Phase II,Metro Rail,Ministry of Housing and Urban Affairs (MoHUA),UP Metro Rail Corp (UPMRC),Uttar Pradesh,HAM,Plains,26004.74,26004.74,1354.85,5.04,5.21,2022-10-22,2029-09-21,2029-09-21,2024-03-10,2032-02-17,28012.31,28.9,1,7.72,0
PRJ-SYN-0872,SNAP-PRJ-SYN-0872-Q2,Uttar Pradesh Metro Corridor Elevated Extension Phase II,Metro Rail,Ministry of Housing and Urban Affairs (MoHUA),UP Metro Rail Corp (UPMRC),Uttar Pradesh,HAM,Plains,26004.74,26397.08,20832.58,74.82,78.92,2022-10-22,2029-09-21,2031-05-13,2029-01-11,2032-02-17,28012.31,28.9,1,7.72,0
PRJ-SYN-0873,SNAP-PRJ-SYN-0873-Q1,Border Road Strategic Connectivity Link 85,Highways,Ministry of Road Transport and Highways (MoRTH),National Highways Authority of India (NHAI),Karnataka,EPC,Plains,632.21,632.21,329.76,47.27,52.16,2022-04-14,2024-04-13,2024-04-13,2023-04-14,2024-05-04,666.22,0.7,0,5.38,0
PRJ-SYN-0873,SNAP-PRJ-SYN-0873-Q2,Border Road Strategic Connectivity Link 85,Highways,Ministry of Road Transport and Highways (MoRTH),National Highways Authority of India (NHAI),Karnataka,EPC,Plains,632.21,632.21,452.09,65.75,71.51,2022-04-14,2024-04-13,2024-04-13,2023-08-01,2024-05-04,666.22,0.7,0,5.38,0
PRJ-SYN-0874,SNAP-PRJ-SYN-0874-Q1,Rajasthan Economic Corridor Pkg 85,Highways,Ministry of Road Transport and Highways (MoRTH),State PWD (Highways),Rajasthan,HAM,Hilly/Mountainous,578.78,578.78,81.72,5.0,14.12,2023-07-25,2026-01-23,2026-01-23,2024-01-23,2032-05-09,940.92,75.5,1,62.57,1
PRJ-SYN-0874,SNAP-PRJ-SYN-0874-Q2,Rajasthan Economic Corridor Pkg 85,Highways,Ministry of Road Transport and Highways (MoRTH),State PWD (Highways),Rajasthan,HAM,Hilly/Mountainous,578.78,680.07,98.2,5.0,14.44,2023-07-25,2026-01-23,2029-02-24,2024-10-23,2032-05-09,940.92,75.5,1,62.57,1
PRJ-SYN-0874,SNAP-PRJ-SYN-0874-Q3,Rajasthan Economic Corridor Pkg 85,Highways,Ministry of Road Transport and Highways (MoRTH),State PWD (Highways),Rajasthan,HAM,Hilly/Mountainous,578.78,784.36,79.22,5.0,10.1,2023-07-25,2026-01-23,2026-01-23,2025-07-24,2032-05-09,940.92,75.5,1,62.57,1
PRJ-SYN-0874,SNAP-PRJ-SYN-0874-Q4,Rajasthan Economic Corridor Pkg 85,Highways,Ministry of Road Transport and Highways (MoRTH),State PWD (Highways),Rajasthan,HAM,Hilly/Mountainous,578.78,848.93,94.57,5.0,11.14,2023-07-25,2026-01-23,2031-12-04,2025-10-23,2032-05-09,940.92,75.5,1,62.57,1
PRJ-SYN-0875,SNAP-PRJ-SYN-0875-Q1,Assam Pumped Storage Hydro Project Phase II,Power & Renewable Energy,Ministry of Power / MNRE,Solar Energy Corporation of India (SECI),Assam,EPC,Urban Dense,479.1,479.1,62.91,5.0,13.13,2018-03-27,2021-05-26,2021-08-13,2018-11-13,2023-06-16,702.98,24.7,1,46.73,1
PRJ-SYN-0875,SNAP-PRJ-SYN-0875-Q2,Assam Pumped Storage Hydro Project Phase II,Power & Renewable Energy,Ministry of Power / MNRE,Solar Energy Corporation of India (SECI),Assam,EPC,Urban Dense,479.1,617.27,340.55,51.82,55.17,2018-03-27,2021-05-26,2021-05-26,2020-10-07,2023-06-16,702.98,24.7,1,46.73,1
PRJ-SYN-0875,SNAP-PRJ-SYN-0875-Q3,Assam Pumped Storage Hydro Project Phase II,Power & Renewable Energy,Ministry of Power / MNRE,Solar Energy Corporation of India (SECI),Assam,EPC,Urban Dense,479.1,689.19,528.13,67.65,76.63,2018-03-27,2021-05-26,2021-05-26,2021-01-30,2023-06-16,702.98,24.7,1,46.73,1
PRJ-SYN-0876,SNAP-PRJ-SYN-0876-Q1,Kerala Station Redevelopment & Quadrupling,Railways,Ministry of Railways (MoR),CORE,Kerala,EPC,Plains,3952.69,3952.69,745.87,20.15,18.87,2019-06-06,2024-01-05,2024-01-05,2020-05-05,2024-01-05,4037.67,0.0,0,2.15,0
PRJ-SYN-0876,SNAP-PRJ-SYN-0876-Q2,Kerala Station Redevelopment & Quadrupling,Railways,Ministry of Railways (MoR),CORE,Kerala,EPC,Plains,3952.69,3952.69,1394.11,33.0,35.27,2019-06-06,2024-01-05,2024-01-05,2021-01-11,2024-01-05,4037.67,0.0,0,2.15,0
PRJ-SYN-0876,SNAP-PRJ-SYN-0876-Q3,Kerala Station Redevelopment & Quadrupling,Railways,Ministry of Railways (MoR),CORE,Kerala,EPC,Plains,3952.69,3952.69,2543.95,65.62,64.36,2019-06-06,2024-01-05,2024-01-05,2022-05-29,2024-01-05,4037.67,0.0,0,2.15,0
PRJ-SYN-0876,SNAP-PRJ-SYN-0876-Q4,Kerala Station Redevelopment & Quadrupling,Railways,Ministry of Railways (MoR),CORE,Kerala,EPC,Plains,3952.69,3952.69,3657.82,93.63,92.54,2019-06-06,2024-01-05,2024-03-31,2023-07-21,2024-01-05,4037.67,0.0,0,2.15,0
PRJ-SYN-0877,SNAP-PRJ-SYN-0877-Q1,Maharashtra Station Redevelopment & Quadrupling,Railways,Ministry of Railways (MoR),Dedicated Freight Corridor Corp (DFCCIL),Maharashtra,Item Rate,Hilly/Mountainous,485.09,485.09,211.5,36.31,43.6,2018-12-06,2022-06-06,2022-09-10,2020-09-05,2023-04-24,605.49,10.6,1,24.82,1
PRJ-SYN-0877,SNAP-PRJ-SYN-0877-Q2,Maharashtra Station Redevelopment & Quadrupling,Railways,Ministry of Railways (MoR),Dedicated Freight Corridor Corp (DFCCIL),Maharashtra,Item Rate,Hilly/Mountainous,485.09,536.77,351.69,57.96,65.52,2018-12-06,2022-06-06,2022-06-06,2021-03-15,2023-04-24,605.49,10.6,1,24.82,1
PRJ-SYN-0878,SNAP-PRJ-SYN-0878-Q1,Kerala Ring Metro Transit System Pkg 91,Metro Rail,Ministry of Housing and Urban Affairs (MoHUA),Chennai Metro Rail Ltd (CMRL),Kerala,EPC,Urban Dense,4138.54,4138.54,785.08,20.02,18.97,2018-05-03,2023-07-03,2023-10-04,2019-05-15,2023-07-03,4382.71,0.0,0,5.9,0
PRJ-SYN-0878,SNAP-PRJ-SYN-0878-Q2,Kerala Ring Metro Transit System Pkg 91,Metro Rail,Ministry of Housing and Urban Affairs (MoHUA),Chennai Metro Rail Ltd (CMRL),Kerala,EPC,Urban Dense,4138.54,4138.54,2235.23,49.47,54.01,2018-05-03,2023-07-03,2023-09-19,2020-12-01,2023-07-03,4382.71,0.0,0,5.9,0
PRJ-SYN-0878,SNAP-PRJ-SYN-0878-Q3,Kerala Ring Metro Transit System Pkg 91,Metro Rail,Ministry of Housing and Urban Affairs (MoHUA),Chennai Metro Rail Ltd (CMRL),Kerala,EPC,Urban Dense,4138.54,4267.44,4025.05,90.74,94.32,2018-05-03,2023-07-03,2023-07-03,2022-12-26,2023-07-03,4382.71,0.0,0,5.9,0
PRJ-SYN-0879,SNAP-PRJ-SYN-0879-Q1,Jammu & Kashmir Smart City Water Supply Augmentation,Urban Water & Sanitation,Ministry of Housing and Urban Affairs (MoHUA),Karnataka Urban Infra Dev (KUIDFC),Jammu & Kashmir,HAM,Coastal,1857.47,1902.87,487.9,22.01,25.64,2023-02-01,2026-01-01,2026-04-17,2023-09-02,2026-01-25,1906.51,0.8,0,2.64,0
PRJ-SYN-0879,SNAP-PRJ-SYN-0879-Q2,Jammu & Kashmir Smart City Water Supply Augmentation,Urban Water & Sanitation,Ministry of Housing and Urban Affairs (MoHUA),Karnataka Urban Infra Dev (KUIDFC),Jammu & Kashmir,HAM,Coastal,1857.47,1857.47,1011.76,50.35,54.47,2023-02-01,2026-01-01,2026-01-01,2024-07-17,2026-01-25,1906.51,0.8,0,2.64,0
PRJ-SYN-0880,SNAP-PRJ-SYN-0880-Q1,Uttar Pradesh Rail Doubling & Third Line Section,Railways,Ministry of Railways (MoR),Dedicated Freight Corridor Corp (DFCCIL),Uttar Pradesh,HAM,Plains,575.96,630.92,73.88,7.03,11.71,2021-10-17,2024-07-17,2025-05-28,2023-03-03,2027-03-18,717.88,32.0,1,24.64,1
PRJ-SYN-0880,SNAP-PRJ-SYN-0880-Q2,Uttar Pradesh Rail Doubling & Third Line Section,Railways,Ministry of Railways (MoR),Dedicated Freight Corridor Corp (DFCCIL),Uttar Pradesh,HAM,Plains,575.96,652.09,192.95,22.84,29.59,2021-10-17,2024-07-17,2025-12-20,2023-07-31,2027-03-18,717.88,32.0,1,24.64,1
PRJ-SYN-0880,SNAP-PRJ-SYN-0880-Q3,Uttar Pradesh Rail Doubling & Third Line Section,Railways,Ministry of Railways (MoR),Dedicated Freight Corridor Corp (DFCCIL),Uttar Pradesh,HAM,Plains,575.96,575.96,321.62,52.94,55.84,2021-10-17,2024-07-17,2027-02-07,2024-04-07,2027-03-18,717.88,32.0,1,24.64,1
PRJ-SYN-0881,SNAP-PRJ-SYN-0881-Q1,Maharashtra Metro Corridor Elevated Extension Phase III,Metro Rail,Ministry of Housing and Urban Affairs (MoHUA),UP Metro Rail Corp (UPMRC),Maharashtra,Item Rate,Hilly/Mountainous,2742.26,2742.26,402.02,5.0,14.66,2020-04-12,2026-04-12,2026-09-04,2021-06-24,2028-10-08,3680.11,29.9,1,34.2,1
PRJ-SYN-0881,SNAP-PRJ-SYN-0881-Q2,Maharashtra Metro Corridor Elevated Extension Phase III,Metro Rail,Ministry of Housing and Urban Affairs (MoHUA),UP Metro Rail Corp (UPMRC),Maharashtra,Item Rate,Hilly/Mountainous,2742.26,2895.39,800.86,18.37,27.66,2020-04-12,2026-04-12,2026-12-19,2022-05-19,2028-10-08,3680.11,29.9,1,34.2,1
PRJ-SYN-0881,SNAP-PRJ-SYN-0881-Q3,Maharashtra Metro Corridor Elevated Extension Phase III,Metro Rail,Ministry of Housing and Urban Affairs (MoHUA),UP Metro Rail Corp (UPMRC),Maharashtra,Item Rate,Hilly/Mountainous,2742.26,3205.45,1922.31,48.32,59.97,2020-04-12,2026-04-12,2027-06-08,2024-03-06,2028-10-08,3680.11,29.9,1,34.2,1
PRJ-SYN-0881,SNAP-PRJ-SYN-0881-Q4,Maharashtra Metro Corridor Elevated Extension Phase III,Metro Rail,Ministry of Housing and Urban Affairs (MoHUA),UP Metro Rail Corp (UPMRC),Maharashtra,Item Rate,Hilly/Mountainous,2742.26,3598.31,2595.1,69.25,72.12,2020-04-12,2026-04-12,2026-04-12,2025-09-05,2028-10-08,3680.11,29.9,1,34.2,1
PRJ-SYN-0882,SNAP-PRJ-SYN-0882-Q1,Maharashtra Rail Doubling & Third Line Section,Railways,Ministry of Railways (MoR),IRCON International,Maharashtra,HAM,Plains,1399.88,1399.88,368.45,22.68,26.32,2023-03-01,2028-05-30,2028-05-30,2024-03-18,2028-08-08,1484.85,2.3,0,6.07,0
PRJ-SYN-0882,SNAP-PRJ-SYN-0882-Q2,Maharashtra Rail Doubling & Third Line Section,Railways,Ministry of Railways (MoR),IRCON International,Maharashtra,HAM,Plains,1399.88,1399.88,662.42,49.15,47.32,2023-03-01,2028-05-30,2028-08-31,2025-10-14,2028-08-08,1484.85,2.3,0,6.07,0
PRJ-SYN-0882,SNAP-PRJ-SYN-0882-Q3,Maharashtra Rail Doubling & Third Line Section,Railways,Ministry of Railways (MoR),IRCON International,Maharashtra,HAM,Plains,1399.88,1399.88,926.72,66.84,66.2,2023-03-01,2028-05-30,2028-05-30,2026-07-29,2028-08-08,1484.85,2.3,0,6.07,0
PRJ-SYN-0882,SNAP-PRJ-SYN-0882-Q4,Maharashtra Rail Doubling & Third Line Section,Railways,Ministry of Railways (MoR),IRCON International,Maharashtra,HAM,Plains,1399.88,1399.88,1036.61,76.52,74.05,2023-03-01,2028-05-30,2028-07-27,2027-05-13,2028-08-08,1484.85,2.3,0,6.07,0
PRJ-SYN-0883,SNAP-PRJ-SYN-0883-Q1,Freight Corridor Feeder Line 89,Railways,Ministry of Railways (MoR),Rail Vikas Nigam Ltd (RVNL),Andhra Pradesh,EPC,Plains,8733.53,9100.29,1237.64,8.94,13.6,2022-07-22,2029-09-20,2029-11-15,2023-12-27,2031-03-12,9531.77,17.7,1,9.14,0
PRJ-SYN-0883,SNAP-PRJ-SYN-0883-Q2,Freight Corridor Feeder Line 89,Railways,Ministry of Railways (MoR),Rail Vikas Nigam Ltd (RVNL),Andhra Pradesh,EPC,Plains,8733.53,8733.53,3606.07,40.11,41.29,2022-07-22,2029-09-20,2029-09-20,2026-02-19,2031-03-12,9531.77,17.7,1,9.14,0
PRJ-SYN-0884,SNAP-PRJ-SYN-0884-Q1,Freight Corridor Feeder Line 51,Railways,Ministry of Railways (MoR),Dedicated Freight Corridor Corp (DFCCIL),Jammu & Kashmir,EPC,Coastal,1916.46,1916.46,475.28,21.72,24.8,2019-10-16,2025-08-15,2025-08-15,2020-12-15,2025-10-30,1946.55,2.5,0,1.57,0
PRJ-SYN-0884,SNAP-PRJ-SYN-0884-Q2,Freight Corridor Feeder Line 51,Railways,Ministry of Railways (MoR),Dedicated Freight Corridor Corp (DFCCIL),Jammu & Kashmir,EPC,Coastal,1916.46,1916.46,1459.96,75.22,76.18,2019-10-16,2025-08-15,2025-10-08,2024-06-15,2025-10-30,1946.55,2.5,0,1.57,0
PRJ-SYN-0884,SNAP-PRJ-SYN-0884-Q3,Freight Corridor Feeder Line 51,Railways,Ministry of Railways (MoR),Dedicated Freight Corridor Corp (DFCCIL),Jammu & Kashmir,EPC,Coastal,1916.46,1916.46,1840.38,91.36,96.03,2019-10-16,2025-08-15,2025-08-15,2025-01-14,2025-10-30,1946.55,2.5,0,1.57,0
PRJ-SYN-0885,SNAP-PRJ-SYN-0885-Q1,Border Road Strategic Connectivity Link 94,Highways,Ministry of Road Transport and Highways (MoRTH),NHIDCL,Tamil Nadu,EPC,Plains,3294.78,3294.78,614.15,6.84,18.64,2018-12-13,2023-05-14,2024-02-03,2020-06-29,2026-04-28,4108.26,35.5,1,24.69,1
PRJ-SYN-0885,SNAP-PRJ-SYN-0885-Q2,Border Road Strategic Connectivity Link 94,Highways,Ministry of Road Transport and Highways (MoRTH),NHIDCL,Tamil Nadu,EPC,Plains,3294.78,3932.85,2414.77,53.67,61.4,2018-12-13,2023-05-14,2025-01-16,2022-06-25,2026-04-28,4108.26,35.5,1,24.69,1
PRJ-SYN-0885,SNAP-PRJ-SYN-0885-Q3,Border Road Strategic Connectivity Link 94,Highways,Ministry of Road Transport and Highways (MoRTH),NHIDCL,Tamil Nadu,EPC,Plains,3294.78,3968.2,2467.03,59.99,62.17,2018-12-13,2023-05-14,2025-04-19,2022-12-03,2026-04-28,4108.26,35.5,1,24.69,1
PRJ-SYN-0886,SNAP-PRJ-SYN-0886-Q1,High-Speed Rail Corridor Link 21,Railways,Ministry of Railways (MoR),Dedicated Freight Corridor Corp (DFCCIL),Maharashtra,HAM,Hilly/Mountainous,2210.99,2210.99,585.69,21.95,26.49,2023-09-28,2028-10-27,2028-10-27,2024-10-03,2028-12-20,2245.7,1.8,0,1.57,0
PRJ-SYN-0886,SNAP-PRJ-SYN-0886-Q2,High-Speed Rail Corridor Link 21,Railways,Ministry of Railways (MoR),Dedicated Freight Corridor Corp (DFCCIL),Maharashtra,HAM,Hilly/Mountainous,2210.99,2210.99,788.0,32.34,35.64,2023-09-28,2028-10-27,2029-01-30,2025-07-08,2028-12-20,2245.7,1.8,0,1.57,0
PRJ-SYN-0886,SNAP-PRJ-SYN-0886-Q3,High-Speed Rail Corridor Link 21,Railways,Ministry of Railways (MoR),Dedicated Freight Corridor Corp (DFCCIL),Maharashtra,HAM,Hilly/Mountainous,2210.99,2210.99,1421.22,60.14,64.28,2023-09-28,2028-10-27,2028-10-27,2027-01-16,2028-12-20,2245.7,1.8,0,1.57,0
PRJ-SYN-0887,SNAP-PRJ-SYN-0887-Q1,NH-37 4/6-Laning Bypass & Viaduct,Highways,Ministry of Road Transport and Highways (MoRTH),NHIDCL,Maharashtra,EPC,Plains,1308.95,1308.95,342.55,21.36,26.17,2023-12-03,2026-06-03,2026-06-03,2024-06-02,2026-06-21,1335.26,0.6,0,2.01,0
PRJ-SYN-0887,SNAP-PRJ-SYN-0887-Q2,NH-37 4/6-Laning Bypass & Viaduct,Highways,Ministry of Road Transport and Highways (MoRTH),NHIDCL,Maharashtra,EPC,Plains,1308.95,1308.95,894.14,63.71,68.31,2023-12-03,2026-06-03,2026-06-03,2025-07-18,2026-06-21,1335.26,0.6,0,2.01,0
PRJ-SYN-0888,SNAP-PRJ-SYN-0888-Q1,Gujarat Economic Corridor Pkg 45,Highways,Ministry of Road Transport and Highways (MoRTH),National Highways Authority of India (NHAI),Gujarat,EPC,Plains,248.48,248.48,54.12,18.74,21.78,2023-05-22,2025-05-21,2025-05-21,2023-10-15,2025-07-20,249.7,2.0,0,0.49,0
PRJ-SYN-0888,SNAP-PRJ-SYN-0888-Q2,Gujarat Economic Corridor Pkg 45,Highways,Ministry of Road Transport and Highways (MoRTH),National Highways Authority of India (NHAI),Gujarat,EPC,Plains,248.48,255.83,101.05,35.67,39.5,2023-05-22,2025-05-21,2025-09-02,2024-02-01,2025-07-20,249.7,2.0,0,0.49,0
PRJ-SYN-0888,SNAP-PRJ-SYN-0888-Q3,Gujarat Economic Corridor Pkg 45,Highways,Ministry of Road Transport and Highways (MoRTH),National Highways Authority of India (NHAI),Gujarat,EPC,Plains,248.48,248.48,218.96,88.04,88.12,2023-05-22,2025-05-21,2025-05-21,2025-03-09,2025-07-20,249.7,2.0,0,0.49,0
PRJ-SYN-0889,SNAP-PRJ-SYN-0889-Q1,Border Road Strategic Connectivity Link 98,Highways,Ministry of Road Transport and Highways (MoRTH),State PWD (Highways),Jammu & Kashmir,BOT,Hilly/Mountainous,1386.0,1426.99,227.03,5.0,15.91,2019-10-25,2022-09-24,2022-09-24,2020-05-25,2024-05-12,1826.05,19.6,1,31.75,1
PRJ-SYN-0889,SNAP-PRJ-SYN-0889-Q2,Border Road Strategic Connectivity Link 98,Highways,Ministry of Road Transport and Highways (MoRTH),State PWD (Highways),Jammu & Kashmir,BOT,Hilly/Mountainous,1386.0,1386.0,530.14,28.05,38.25,2019-10-25,2022-09-24,2023-04-04,2021-04-09,2024-05-12,1826.05,19.6,1,31.75,1
PRJ-SYN-0889,SNAP-PRJ-SYN-0889-Q3,Border Road Strategic Connectivity Link 98,Highways,Ministry of Road Transport and Highways (MoRTH),State PWD (Highways),Jammu & Kashmir,BOT,Hilly/Mountainous,1386.0,1647.24,775.19,41.64,47.06,2019-10-25,2022-09-24,2023-07-05,2021-09-16,2024-05-12,1826.05,19.6,1,31.75,1
PRJ-SYN-0889,SNAP-PRJ-SYN-0889-Q4,Border Road Strategic Connectivity Link 98,Highways,Ministry of Road Transport and Highways (MoRTH),State PWD (Highways),Jammu & Kashmir,BOT,Hilly/Mountainous,1386.0,1637.07,1028.24,57.96,62.81,2019-10-25,2022-09-24,2022-09-24,2022-02-23,2024-05-12,1826.05,19.6,1,31.75,1
PRJ-SYN-0890,SNAP-PRJ-SYN-0890-Q1,Kerala Station Redevelopment & Quadrupling,Railways,Ministry of Railways (MoR),CORE,Kerala,EPC,Urban Dense,2290.4,2290.4,267.06,5.0,11.66,2018-05-03,2023-03-03,2023-03-03,2019-04-21,2026-09-25,3073.49,42.8,1,34.19,1
PRJ-SYN-0890,SNAP-PRJ-SYN-0890-Q2,Kerala Station Redevelopment & Quadrupling,Railways,Ministry of Railways (MoR),CORE,Kerala,EPC,Urban Dense,2290.4,2290.4,600.31,23.74,26.21,2018-05-03,2023-03-03,2024-05-25,2020-10-01,2026-09-25,3073.49,42.8,1,34.19,1
PRJ-SYN-0891,SNAP-PRJ-SYN-0891-Q1,Tamil Nadu Rail Doubling & Third Line Section,Railways,Ministry of Railways (MoR),Rail Vikas Nigam Ltd (RVNL),Tamil Nadu,HAM,Hilly/Mountainous,1250.7,1250.7,201.36,5.0,16.1,2021-10-24,2026-07-24,2026-12-27,2022-10-05,2029-04-26,1580.76,33.1,1,26.39,1
PRJ-SYN-0891,SNAP-PRJ-SYN-0891-Q2,Tamil Nadu Rail Doubling & Third Line Section,Railways,Ministry of Railways (MoR),Rail Vikas Nigam Ltd (RVNL),Tamil Nadu,HAM,Hilly/Mountainous,1250.7,1361.24,522.99,26.72,38.42,2021-10-24,2026-07-24,2027-09-26,2024-03-09,2029-04-26,1580.76,33.1,1,26.39,1
PRJ-SYN-0892,SNAP-PRJ-SYN-0892-Q1,NH-64 4/6-Laning Bypass & Viaduct,Highways,Ministry of Road Transport and Highways (MoRTH),State PWD (Highways),Maharashtra,EPC,Plains,1157.23,1157.23,937.12,81.35,80.98,2020-11-26,2023-09-26,2023-11-15,2023-03-03,2023-09-26,1253.05,0.0,0,8.28,0
PRJ-SYN-0892,SNAP-PRJ-SYN-0892-Q2,NH-64 4/6-Laning Bypass & Viaduct,Highways,Ministry of Road Transport and Highways (MoRTH),State PWD (Highways),Maharashtra,EPC,Plains,1157.23,1157.23,1087.8,90.24,94.0,2020-11-26,2023-09-26,2023-09-26,2023-06-15,2023-09-26,1253.05,0.0,0,8.28,0
PRJ-SYN-0893,SNAP-PRJ-SYN-0893-Q1,NH-60 4/6-Laning Bypass & Viaduct,Highways,Ministry of Road Transport and Highways (MoRTH),State PWD (Highways),Jammu & Kashmir,HAM,Plains,520.93,520.93,191.18,36.5,36.7,2022-08-11,2024-05-11,2024-05-11,2023-03-22,2024-06-10,528.69,1.0,0,1.49,0
PRJ-SYN-0893,SNAP-PRJ-SYN-0893-Q2,NH-60 4/6-Laning Bypass & Viaduct,Highways,Ministry of Road Transport and Highways (MoRTH),State PWD (Highways),Jammu & Kashmir,HAM,Plains,520.93,520.93,259.21,49.55,49.76,2022-08-11,2024-05-11,2024-05-11,2023-06-26,2024-06-10,528.69,1.0,0,1.49,0
PRJ-SYN-0894,SNAP-PRJ-SYN-0894-Q1,Maharashtra Station Redevelopment & Quadrupling,Railways,Ministry of Railways (MoR),CORE,Maharashtra,HAM,Coastal,107.48,107.48,33.06,19.31,30.76,2019-12-22,2023-07-22,2023-07-22,2020-09-08,2023-09-26,119.67,2.2,0,11.34,1
PRJ-SYN-0894,SNAP-PRJ-SYN-0894-Q2,Maharashtra Station Redevelopment & Quadrupling,Railways,Ministry of Railways (MoR),CORE,Maharashtra,HAM,Coastal,107.48,110.19,51.89,38.02,47.09,2019-12-22,2023-07-22,2023-09-10,2021-03-24,2023-09-26,119.67,2.2,0,11.34,1
PRJ-SYN-0894,SNAP-PRJ-SYN-0894-Q3,Maharashtra Station Redevelopment & Quadrupling,Railways,Ministry of Railways (MoR),CORE,Maharashtra,HAM,Coastal,107.48,107.48,72.42,57.02,67.38,2019-12-22,2023-07-22,2023-07-22,2021-10-06,2023-09-26,119.67,2.2,0,11.34,1
PRJ-SYN-0894,SNAP-PRJ-SYN-0894-Q4,Maharashtra Station Redevelopment & Quadrupling,Railways,Ministry of Railways (MoR),CORE,Maharashtra,HAM,Coastal,107.48,115.38,99.05,77.87,85.85,2019-12-22,2023-07-22,2023-07-22,2022-11-03,2023-09-26,119.67,2.2,0,11.34,1
PRJ-SYN-0895,SNAP-PRJ-SYN-0895-Q1,Maharashtra Express Highway Corridor Phase III,Highways,Ministry of Road Transport and Highways (MoRTH),State PWD (Highways),Maharashtra,EPC,Plains,4033.72,4170.06,388.23,7.19,9.31,2023-04-16,2027-02-14,2027-02-14,2024-01-21,2028-01-08,4431.04,10.8,1,9.85,0
PRJ-SYN-0895,SNAP-PRJ-SYN-0895-Q2,Maharashtra Express Highway Corridor Phase III,Highways,Ministry of Road Transport and Highways (MoRTH),State PWD (Highways),Maharashtra,EPC,Plains,4033.72,4033.72,2075.75,53.89,51.46,2023-04-16,2027-02-14,2027-08-11,2025-10-12,2028-01-08,4431.04,10.8,1,9.85,0
PRJ-SYN-0895,SNAP-PRJ-SYN-0895-Q3,Maharashtra Express Highway Corridor Phase III,Highways,Ministry of Road Transport and Highways (MoRTH),State PWD (Highways),Maharashtra,EPC,Plains,4033.72,4033.72,3510.55,84.08,87.03,2023-04-16,2027-02-14,2027-10-06,2026-09-27,2028-01-08,4431.04,10.8,1,9.85,0
PRJ-SYN-0896,SNAP-PRJ-SYN-0896-Q1,NH-38 4/6-Laning Bypass & Viaduct,Highways,Ministry of Road Transport and Highways (MoRTH),NHIDCL,Karnataka,Turnkey,Urban Dense,194.99,194.99,123.66,59.45,63.42,2023-01-28,2026-01-27,2026-01-27,2025-01-09,2026-01-27,206.53,0.0,0,5.92,0
PRJ-SYN-0896,SNAP-PRJ-SYN-0896-Q2,NH-38 4/6-Laning Bypass & Viaduct,Highways,Ministry of Road Transport and Highways (MoRTH),NHIDCL,Karnataka,Turnkey,Urban Dense,194.99,201.07,185.11,89.05,92.06,2023-01-28,2026-01-27,2026-02-28,2025-10-10,2026-01-27,206.53,0.0,0,5.92,0
PRJ-SYN-0897,SNAP-PRJ-SYN-0897-Q1,High-Speed Rail Corridor Link 80,Railways,Ministry of Railways (MoR),IRCON International,Gujarat,HAM,Urban Dense,2891.32,2891.32,1630.13,51.04,56.38,2020-07-22,2026-05-22,2026-05-22,2023-06-22,2026-05-28,3015.65,0.2,0,4.3,0
PRJ-SYN-0897,SNAP-PRJ-SYN-0897-Q2,High-Speed Rail Corridor Link 80,Railways,Ministry of Railways (MoR),IRCON International,Gujarat,HAM,Urban Dense,2891.32,2974.64,2197.66,72.3,73.88,2020-07-22,2026-05-22,2026-05-22,2024-05-06,2026-05-28,3015.65,0.2,0,4.3,0
PRJ-SYN-0897,SNAP-PRJ-SYN-0897-Q3,High-Speed Rail Corridor Link 80,Railways,Ministry of Railways (MoR),IRCON International,Gujarat,HAM,Urban Dense,2891.32,2974.43,2561.88,84.91,86.13,2020-07-22,2026-05-22,2026-08-12,2025-03-22,2026-05-28,3015.65,0.2,0,4.3,0
PRJ-SYN-0898,SNAP-PRJ-SYN-0898-Q1,Telangana Pumped Storage Hydro Project Phase III,Power & Renewable Energy,Ministry of Power / MNRE,NTPC Limited,Telangana,EPC,Hilly/Mountainous,2695.75,2695.75,1076.14,37.03,39.92,2023-09-13,2027-02-11,2027-02-11,2024-11-22,2027-03-28,2788.21,1.5,0,3.43,0
PRJ-SYN-0898,SNAP-PRJ-SYN-0898-Q2,Telangana Pumped Storage Hydro Project Phase III,Power & Renewable Energy,Ministry of Power / MNRE,NTPC Limited,Telangana,EPC,Hilly/Mountainous,2695.75,2727.18,1495.04,51.21,54.82,2023-09-13,2027-02-11,2027-03-20,2025-05-28,2027-03-28,2788.21,1.5,0,3.43,0
PRJ-SYN-0899,SNAP-PRJ-SYN-0899-Q1,Freight Corridor Feeder Line 93,Railways,Ministry of Railways (MoR),Dedicated Freight Corridor Corp (DFCCIL),Uttar Pradesh,Item Rate,Plains,4867.25,4867.25,1339.95,23.36,27.53,2022-03-15,2026-11-13,2026-11-13,2023-02-18,2026-11-13,4986.5,0.0,0,2.45,0
PRJ-SYN-0899,SNAP-PRJ-SYN-0899-Q2,Freight Corridor Feeder Line 93,Railways,Ministry of Railways (MoR),Dedicated Freight Corridor Corp (DFCCIL),Uttar Pradesh,Item Rate,Plains,4867.25,4867.25,1797.96,33.36,36.94,2022-03-15,2026-11-13,2026-11-13,2023-11-01,2026-11-13,4986.5,0.0,0,2.45,0
PRJ-SYN-0899,SNAP-PRJ-SYN-0899-Q3,Freight Corridor Feeder Line 93,Railways,Ministry of Railways (MoR),Dedicated Freight Corridor Corp (DFCCIL),Uttar Pradesh,Item Rate,Plains,4867.25,4867.25,2742.7,55.37,56.35,2022-03-15,2026-11-13,2026-11-13,2024-07-14,2026-11-13,4986.5,0.0,0,2.45,0
PRJ-SYN-0899,SNAP-PRJ-SYN-0899-Q4,Freight Corridor Feeder Line 93,Railways,Ministry of Railways (MoR),Dedicated Freight Corridor Corp (DFCCIL),Uttar Pradesh,Item Rate,Plains,4867.25,4867.25,3216.77,62.62,66.09,2022-03-15,2026-11-13,2027-02-20,2025-03-26,2026-11-13,4986.5,0.0,0,2.45,0
PRJ-SYN-0900,SNAP-PRJ-SYN-0900-Q1,High-Speed Rail Corridor Link 56,Railways,Ministry of Railways (MoR),Rail Vikas Nigam Ltd (RVNL),Gujarat,HAM,Urban Dense,1667.66,1667.66,940.73,46.94,56.41,2018-11-26,2025-04-26,2027-05-17,2023-01-27,2028-07-29,1976.51,39.1,1,18.52,1
PRJ-SYN-0900,SNAP-PRJ-SYN-0900-Q2,High-Speed Rail Corridor Link 56,Railways,Ministry of Railways (MoR),Rail Vikas Nigam Ltd (RVNL),Gujarat,HAM,Urban Dense,1667.66,1953.53,1495.62,67.66,76.56,2018-11-26,2025-04-26,2028-01-27,2024-09-04,2028-07-29,1976.51,39.1,1,18.52,1
PRJ-SYN-0901,SNAP-PRJ-SYN-0901-Q1,West Bengal Metro Line 55 Underground Section,Metro Rail,Ministry of Housing and Urban Affairs (MoHUA),Bangalore Metro Rail Corp (BMRCL),West Bengal,Item Rate,Hilly/Mountainous,12058.13,12192.04,3994.11,20.91,32.76,2019-01-04,2027-02-03,2027-02-03,2020-08-16,2027-02-03,13520.78,0.0,0,12.13,1
PRJ-SYN-0901,SNAP-PRJ-SYN-0901-Q2,West Bengal Metro Line 55 Underground Section,Metro Rail,Ministry of Housing and Urban Affairs (MoHUA),Bangalore Metro Rail Corp (BMRCL),West Bengal,Item Rate,Hilly/Mountainous,12058.13,12620.4,8225.98,53.52,65.18,2019-01-04,2027-02-03,2027-02-03,2023-01-19,2027-02-03,13520.78,0.0,0,12.13,1
PRJ-SYN-0901,SNAP-PRJ-SYN-0901-Q3,West Bengal Metro Line 55 Underground Section,Metro Rail,Ministry of Housing and Urban Affairs (MoHUA),Bangalore Metro Rail Corp (BMRCL),West Bengal,Item Rate,Hilly/Mountainous,12058.13,12812.87,9650.65,66.49,75.32,2019-01-04,2027-02-03,2027-02-03,2024-04-06,2027-02-03,13520.78,0.0,0,12.13,1
PRJ-SYN-0901,SNAP-PRJ-SYN-0901-Q4,West Bengal Metro Line 55 Underground Section,Metro Rail,Ministry of Housing and Urban Affairs (MoHUA),Bangalore Metro Rail Corp (BMRCL),West Bengal,Item Rate,Hilly/Mountainous,12058.13,12058.13,11325.0,89.46,93.92,2019-01-04,2027-02-03,2027-03-19,2026-04-14,2027-02-03,13520.78,0.0,0,12.13,1
PRJ-SYN-0902,SNAP-PRJ-SYN-0902-Q1,High-Speed Rail Corridor Link 25,Railways,Ministry of Railways (MoR),CORE,Rajasthan,HAM,Plains,2331.26,2331.26,946.26,37.27,40.59,2021-08-10,2026-05-10,2026-05-10,2023-04-09,2026-06-06,2357.84,0.9,0,1.14,0
PRJ-SYN-0902,SNAP-PRJ-SYN-0902-Q2,High-Speed Rail Corridor Link 25,Railways,Ministry of Railways (MoR),CORE,Rajasthan,HAM,Plains,2331.26,2331.26,1020.16,44.64,43.76,2021-08-10,2026-05-10,2026-05-10,2023-12-25,2026-06-06,2357.84,0.9,0,1.14,0
PRJ-SYN-0902,SNAP-PRJ-SYN-0902-Q3,High-Speed Rail Corridor Link 25,Railways,Ministry of Railways (MoR),CORE,Rajasthan,HAM,Plains,2331.26,2331.26,1530.47,61.97,65.65,2021-08-10,2026-05-10,2026-05-10,2024-09-10,2026-06-06,2357.84,0.9,0,1.14,0
PRJ-SYN-0902,SNAP-PRJ-SYN-0902-Q4,High-Speed Rail Corridor Link 25,Railways,Ministry of Railways (MoR),CORE,Rajasthan,HAM,Plains,2331.26,2331.26,2028.66,84.35,87.02,2021-08-10,2026-05-10,2026-05-10,2025-05-28,2026-06-06,2357.84,0.9,0,1.14,0
PRJ-SYN-0903,SNAP-PRJ-SYN-0903-Q1,West Bengal Port Modernization & Coastal Connectivity,Ports & Shipping,"Ministry of Ports, Shipping and Waterways (MoPSW)",Jawaharlal Nehru Port Trust (JNPT),West Bengal,Item Rate,Coastal,906.38,906.38,221.25,20.24,24.41,2023-08-12,2027-03-12,2027-03-12,2024-04-29,2027-03-24,938.56,0.4,0,3.55,0
PRJ-SYN-0903,SNAP-PRJ-SYN-0903-Q2,West Bengal Port Modernization & Coastal Connectivity,Ports & Shipping,"Ministry of Ports, Shipping and Waterways (MoPSW)",Jawaharlal Nehru Port Trust (JNPT),West Bengal,Item Rate,Coastal,906.38,906.38,847.92,92.78,93.55,2023-08-12,2027-03-12,2027-03-12,2026-11-01,2027-03-24,938.56,0.4,0,3.55,0
PRJ-SYN-0904,SNAP-PRJ-SYN-0904-Q1,Maharashtra Express Highway Corridor Phase IV,Highways,Ministry of Road Transport and Highways (MoRTH),National Highways Authority of India (NHAI),Maharashtra,HAM,Hilly/Mountainous,412.17,438.79,188.24,33.78,42.9,2022-04-01,2025-07-01,2025-07-31,2023-05-21,2025-10-21,563.56,3.7,1,36.73,1
PRJ-SYN-0904,SNAP-PRJ-SYN-0904-Q2,Maharashtra Express Highway Corridor Phase IV,Highways,Ministry of Road Transport and Highways (MoRTH),National Highways Authority of India (NHAI),Maharashtra,HAM,Hilly/Mountainous,412.17,494.26,359.92,63.68,72.82,2022-04-01,2025-07-01,2025-08-19,2024-05-11,2025-10-21,563.56,3.7,1,36.73,1
PRJ-SYN-0904,SNAP-PRJ-SYN-0904-Q3,Maharashtra Express Highway Corridor Phase IV,Highways,Ministry of Road Transport and Highways (MoRTH),National Highways Authority of India (NHAI),Maharashtra,HAM,Hilly/Mountainous,412.17,412.17,346.06,80.33,83.96,2022-04-01,2025-07-01,2025-09-29,2024-11-05,2025-10-21,563.56,3.7,1,36.73,1
PRJ-SYN-0904,SNAP-PRJ-SYN-0904-Q4,Maharashtra Express Highway Corridor Phase IV,Highways,Ministry of Road Transport and Highways (MoRTH),National Highways Authority of India (NHAI),Maharashtra,HAM,Hilly/Mountainous,412.17,514.59,498.17,85.65,96.81,2022-04-01,2025-07-01,2025-10-19,2025-03-04,2025-10-21,563.56,3.7,1,36.73,1
PRJ-SYN-0905,SNAP-PRJ-SYN-0905-Q1,High-Speed Rail Corridor Link 71,Railways,Ministry of Railways (MoR),Dedicated Freight Corridor Corp (DFCCIL),Rajasthan,EPC,Plains,322.55,322.55,50.16,5.0,15.55,2020-10-05,2025-02-03,2025-05-15,2021-08-17,2027-06-29,386.93,28.8,1,19.96,1
PRJ-SYN-0905,SNAP-PRJ-SYN-0905-Q2,High-Speed Rail Corridor Link 71,Railways,Ministry of Railways (MoR),Dedicated Freight Corridor Corp (DFCCIL),Rajasthan,EPC,Plains,322.55,322.55,93.28,26.89,28.92,2020-10-05,2025-02-03,2025-12-27,2022-12-05,2027-06-29,386.93,28.8,1,19.96,1
PRJ-SYN-0906,SNAP-PRJ-SYN-0906-Q1,Jammu & Kashmir Station Redevelopment & Quadrupling,Railways,Ministry of Railways (MoR),Rail Vikas Nigam Ltd (RVNL),Jammu & Kashmir,EPC,Urban Dense,2754.58,2754.58,2257.93,80.95,81.97,2022-09-16,2029-06-16,2029-06-16,2028-02-09,2029-06-16,2878.54,0.0,0,4.5,0
PRJ-SYN-0906,SNAP-PRJ-SYN-0906-Q2,Jammu & Kashmir Station Redevelopment & Quadrupling,Railways,Ministry of Railways (MoR),Rail Vikas Nigam Ltd (RVNL),Jammu & Kashmir,EPC,Urban Dense,2754.58,2754.58,2373.62,82.07,86.17,2022-09-16,2029-06-16,2029-06-16,2028-10-12,2029-06-16,2878.54,0.0,0,4.5,0
PRJ-SYN-0907,SNAP-PRJ-SYN-0907-Q1,Rajasthan Ultra Mega Solar Power Park 33 MW,Power & Renewable Energy,Ministry of Power / MNRE,NTPC Limited,Rajasthan,HAM,Hilly/Mountainous,1841.42,1898.3,400.16,20.7,21.08,2018-09-15,2021-11-14,2021-11-14,2019-05-04,2021-12-08,1917.29,0.8,0,4.12,0
PRJ-SYN-0907,SNAP-PRJ-SYN-0907-Q2,Rajasthan Ultra Mega Solar Power Park 33 MW,Power & Renewable Energy,Ministry of Power / MNRE,NTPC Limited,Rajasthan,HAM,Hilly/Mountainous,1841.42,1841.42,719.63,33.71,39.08,2018-09-15,2021-11-14,2021-11-14,2019-10-24,2021-12-08,1917.29,0.8,0,4.12,0
PRJ-SYN-0907,SNAP-PRJ-SYN-0907-Q3,Rajasthan Ultra Mega Solar Power Park 33 MW,Power & Renewable Energy,Ministry of Power / MNRE,NTPC Limited,Rajasthan,HAM,Hilly/Mountainous,1841.42,1841.42,1694.84,86.7,92.04,2018-09-15,2021-11-14,2021-11-14,2021-07-21,2021-12-08,1917.29,0.8,0,4.12,0
PRJ-SYN-0908,SNAP-PRJ-SYN-0908-Q1,NH-21 4/6-Laning Bypass & Viaduct,Highways,Ministry of Road Transport and Highways (MoRTH),State PWD (Highways),Telangana,Item Rate,Urban Dense,1693.84,1927.99,387.72,14.61,20.11,2020-01-03,2023-09-03,2024-10-29,2021-11-02,2026-05-31,2481.98,32.9,1,46.53,1
PRJ-SYN-0908,SNAP-PRJ-SYN-0908-Q2,NH-21 4/6-Laning Bypass & Viaduct,Highways,Ministry of Road Transport and Highways (MoRTH),State PWD (Highways),Telangana,Item Rate,Urban Dense,1693.84,2166.25,1248.19,46.43,57.62,2020-01-03,2023-09-03,2025-11-27,2022-12-09,2026-05-31,2481.98,32.9,1,46.53,1
PRJ-SYN-0909,SNAP-PRJ-SYN-0909-Q1,Karnataka River Basin Pollution Abatement Pkg 64,Urban Water & Sanitation,Ministry of Housing and Urban Affairs (MoHUA),Karnataka Urban Infra Dev (KUIDFC),Karnataka,EPC,Hilly/Mountainous,410.25,444.04,257.54,50.28,58.0,2018-04-10,2021-01-08,2021-02-10,2019-08-25,2021-04-24,501.33,3.5,1,22.2,1
PRJ-SYN-0909,SNAP-PRJ-SYN-0909-Q2,Karnataka River Basin Pollution Abatement Pkg 64,Urban Water & Sanitation,Ministry of Housing and Urban Affairs (MoHUA),Karnataka Urban Infra Dev (KUIDFC),Karnataka,EPC,Hilly/Mountainous,410.25,462.28,371.95,73.57,80.46,2018-04-10,2021-01-08,2021-01-08,2020-06-21,2021-04-24,501.33,3.5,1,22.2,1
PRJ-SYN-0910,SNAP-PRJ-SYN-0910-Q1,Border Road Strategic Connectivity Link 83,Highways,Ministry of Road Transport and Highways (MoRTH),State PWD (Highways),Tamil Nadu,EPC,Hilly/Mountainous,814.13,857.48,319.5,26.6,37.26,2023-06-17,2026-07-17,2026-09-02,2024-07-15,2027-02-05,989.9,6.7,1,21.59,1
PRJ-SYN-0910,SNAP-PRJ-SYN-0910-Q2,Border Road Strategic Connectivity Link 83,Highways,Ministry of Road Transport and Highways (MoRTH),State PWD (Highways),Tamil Nadu,EPC,Hilly/Mountainous,814.13,814.13,665.71,72.35,81.77,2023-06-17,2026-07-17,2026-11-27,2025-12-03,2027-02-05,989.9,6.7,1,21.59,1
PRJ-SYN-0910,SNAP-PRJ-SYN-0910-Q3,Border Road Strategic Connectivity Link 83,Highways,Ministry of Road Transport and Highways (MoRTH),State PWD (Highways),Tamil Nadu,EPC,Hilly/Mountainous,814.13,931.52,875.91,85.1,94.03,2023-06-17,2026-07-17,2026-12-04,2026-03-26,2027-02-05,989.9,6.7,1,21.59,1
PRJ-SYN-0911,SNAP-PRJ-SYN-0911-Q1,Madhya Pradesh Express Highway Corridor Phase I,Highways,Ministry of Road Transport and Highways (MoRTH),State PWD (Highways),Madhya Pradesh,EPC,Plains,803.27,803.27,262.19,34.51,32.64,2019-03-10,2021-03-09,2021-03-09,2019-11-20,2021-03-30,804.64,0.7,0,0.17,0
PRJ-SYN-0911,SNAP-PRJ-SYN-0911-Q2,Madhya Pradesh Express Highway Corridor Phase I,Highways,Ministry of Road Transport and Highways (MoRTH),State PWD (Highways),Madhya Pradesh,EPC,Plains,803.27,803.27,634.82,79.52,79.03,2019-03-10,2021-03-09,2021-03-09,2020-10-14,2021-03-30,804.64,0.7,0,0.17,0
PRJ-SYN-0912,SNAP-PRJ-SYN-0912-Q1,Freight Corridor Feeder Line 26,Railways,Ministry of Railways (MoR),Rail Vikas Nigam Ltd (RVNL),Karnataka,EPC,Urban Dense,897.13,928.75,385.34,37.81,41.49,2018-09-09,2023-11-09,2023-11-09,2020-06-30,2024-01-24,970.6,2.5,0,8.19,0
PRJ-SYN-0912,SNAP-PRJ-SYN-0912-Q2,Freight Corridor Feeder Line 26,Railways,Ministry of Railways (MoR),Rail Vikas Nigam Ltd (RVNL),Karnataka,EPC,Urban Dense,897.13,897.13,599.37,66.53,66.81,2018-09-09,2023-11-09,2024-01-10,2022-01-17,2024-01-24,970.6,2.5,0,8.19,0
PRJ-SYN-0912,SNAP-PRJ-SYN-0912-Q3,Freight Corridor Feeder Line 26,Railways,Ministry of Railways (MoR),Rail Vikas Nigam Ltd (RVNL),Karnataka,EPC,Urban Dense,897.13,897.13,819.8,91.13,91.38,2018-09-09,2023-11-09,2023-11-09,2023-05-04,2024-01-24,970.6,2.5,0,8.19,0
PRJ-SYN-0913,SNAP-PRJ-SYN-0913-Q1,Rajasthan Express Highway Corridor Phase III,Highways,Ministry of Road Transport and Highways (MoRTH),NHIDCL,Rajasthan,Item Rate,Coastal,549.98,549.98,113.41,22.85,20.62,2023-03-18,2025-12-16,2025-12-16,2023-10-04,2026-02-11,574.18,1.9,0,4.4,0
PRJ-SYN-0913,SNAP-PRJ-SYN-0913-Q2,Rajasthan Express Highway Corridor Phase III,Highways,Ministry of Road Transport and Highways (MoRTH),NHIDCL,Rajasthan,Item Rate,Coastal,549.98,576.14,327.48,52.09,56.84,2023-03-18,2025-12-16,2026-03-03,2024-08-01,2026-02-11,574.18,1.9,0,4.4,0
PRJ-SYN-0914,SNAP-PRJ-SYN-0914-Q1,Maharashtra Ring Metro Transit System Pkg 82,Metro Rail,Ministry of Housing and Urban Affairs (MoHUA),Bangalore Metro Rail Corp (BMRCL),Maharashtra,EPC,Urban Dense,1544.27,1544.27,605.82,36.37,39.23,2023-09-20,2031-02-18,2031-02-18,2026-04-25,2031-03-14,1661.17,0.8,0,7.57,0
PRJ-SYN-0914,SNAP-PRJ-SYN-0914-Q2,Maharashtra Ring Metro Transit System Pkg 82,Metro Rail,Ministry of Housing and Urban Affairs (MoHUA),Bangalore Metro Rail Corp (BMRCL),Maharashtra,EPC,Urban Dense,1544.27,1544.27,1059.21,70.47,68.59,2023-09-20,2031-02-18,2031-02-18,2028-07-15,2031-03-14,1661.17,0.8,0,7.57,0
PRJ-SYN-0915,SNAP-PRJ-SYN-0915-Q1,Haryana Station Redevelopment & Quadrupling,Railways,Ministry of Railways (MoR),IRCON International,Haryana,BOT,Hilly/Mountainous,703.14,703.14,198.64,18.01,28.25,2018-05-04,2022-05-04,2022-05-04,2019-02-20,2022-08-24,865.0,3.7,1,23.02,1
PRJ-SYN-0915,SNAP-PRJ-SYN-0915-Q2,Haryana Station Redevelopment & Quadrupling,Railways,Ministry of Railways (MoR),IRCON International,Haryana,BOT,Hilly/Mountainous,703.14,794.97,547.1,62.95,68.82,2018-05-04,2022-05-04,2022-06-20,2020-12-08,2022-08-24,865.0,3.7,1,23.02,1
PRJ-SYN-0915,SNAP-PRJ-SYN-0915-Q3,Haryana Station Redevelopment & Quadrupling,Railways,Ministry of Railways (MoR),IRCON International,Haryana,BOT,Hilly/Mountainous,703.14,703.14,586.84,79.42,83.46,2018-05-04,2022-05-04,2022-08-02,2021-07-15,2022-08-24,865.0,3.7,1,23.02,1
PRJ-SYN-0915,SNAP-PRJ-SYN-0915-Q4,Haryana Station Redevelopment & Quadrupling,Railways,Ministry of Railways (MoR),IRCON International,Haryana,BOT,Hilly/Mountainous,703.14,822.21,795.82,89.9,96.79,2018-05-04,2022-05-04,2022-08-18,2021-12-08,2022-08-24,865.0,3.7,1,23.02,1
PRJ-SYN-0916,SNAP-PRJ-SYN-0916-Q1,Telangana Express Highway Corridor Phase III,Highways,Ministry of Road Transport and Highways (MoRTH),NHIDCL,Telangana,HAM,Plains,398.47,398.47,92.64,22.34,23.25,2020-03-28,2023-08-27,2023-08-27,2020-12-02,2023-10-17,431.98,1.7,0,8.41,0
PRJ-SYN-0916,SNAP-PRJ-SYN-0916-Q2,Telangana Express Highway Corridor Phase III,Highways,Ministry of Road Transport and Highways (MoRTH),NHIDCL,Telangana,HAM,Plains,398.47,398.47,193.02,47.21,48.44,2020-03-28,2023-08-27,2023-08-27,2021-12-11,2023-10-17,431.98,1.7,0,8.41,0
PRJ-SYN-0917,SNAP-PRJ-SYN-0917-Q1,West Bengal Metro Corridor Elevated Extension Phase II,Metro Rail,Ministry of Housing and Urban Affairs (MoHUA),Delhi Metro Rail Corp (DMRC),West Bengal,HAM,Hilly/Mountainous,2512.06,2512.06,756.63,24.3,30.12,2018-03-17,2022-09-15,2022-09-15,2019-02-08,2022-10-21,2649.72,1.2,0,5.48,0
PRJ-SYN-0917,SNAP-PRJ-SYN-0917-Q2,West Bengal Metro Corridor Elevated Extension Phase II,Metro Rail,Ministry of Housing and Urban Affairs (MoHUA),Delhi Metro Rail Corp (DMRC),West Bengal,HAM,Hilly/Mountainous,2512.06,2512.06,1181.92,48.62,47.05,2018-03-17,2022-09-15,2022-09-15,2020-06-15,2022-10-21,2649.72,1.2,0,5.48,0
PRJ-SYN-0917,SNAP-PRJ-SYN-0917-Q3,West Bengal Metro Corridor Elevated Extension Phase II,Metro Rail,Ministry of Housing and Urban Affairs (MoHUA),Delhi Metro Rail Corp (DMRC),West Bengal,HAM,Hilly/Mountainous,2512.06,2512.06,1557.48,60.86,62.0,2018-03-17,2022-09-15,2022-09-15,2021-02-17,2022-10-21,2649.72,1.2,0,5.48,0
PRJ-SYN-0917,SNAP-PRJ-SYN-0917-Q4,West Bengal Metro Corridor Elevated Extension Phase II,Metro Rail,Ministry of Housing and Urban Affairs (MoHUA),Delhi Metro Rail Corp (DMRC),West Bengal,HAM,Hilly/Mountainous,2512.06,2581.4,1868.16,75.16,72.37,2018-03-17,2022-09-15,2022-09-15,2021-10-21,2022-10-21,2649.72,1.2,0,5.48,0
PRJ-SYN-0918,SNAP-PRJ-SYN-0918-Q1,Maharashtra Pumped Storage Hydro Project Phase III,Power & Renewable Energy,Ministry of Power / MNRE,Solar Energy Corporation of India (SECI),Maharashtra,BOT,Urban Dense,1635.03,1635.03,651.4,28.63,39.84,2022-02-02,2025-09-02,2025-09-02,2023-11-18,2027-12-18,2179.49,27.5,1,33.3,1
PRJ-SYN-0918,SNAP-PRJ-SYN-0918-Q2,Maharashtra Pumped Storage Hydro Project Phase III,Power & Renewable Energy,Ministry of Power / MNRE,Solar Energy Corporation of India (SECI),Maharashtra,BOT,Urban Dense,1635.03,1854.77,878.42,40.7,47.36,2022-02-02,2025-09-02,2025-09-02,2024-06-01,2027-12-18,2179.49,27.5,1,33.3,1
PRJ-SYN-0919,SNAP-PRJ-SYN-0919-Q1,Freight Corridor Feeder Line 71,Railways,Ministry of Railways (MoR),Rail Vikas Nigam Ltd (RVNL),Maharashtra,BOT,Plains,3212.2,3212.2,678.74,18.18,21.13,2020-01-22,2024-04-22,2024-04-22,2020-11-27,2024-05-13,3322.38,0.7,0,3.43,0
PRJ-SYN-0919,SNAP-PRJ-SYN-0919-Q2,Freight Corridor Feeder Line 71,Railways,Ministry of Railways (MoR),Rail Vikas Nigam Ltd (RVNL),Maharashtra,BOT,Plains,3212.2,3309.19,1006.66,33.32,30.42,2020-01-22,2024-04-22,2024-04-22,2021-07-18,2024-05-13,3322.38,0.7,0,3.43,0
PRJ-SYN-0919,SNAP-PRJ-SYN-0919-Q3,Freight Corridor Feeder Line 71,Railways,Ministry of Railways (MoR),Rail Vikas Nigam Ltd (RVNL),Maharashtra,BOT,Plains,3212.2,3212.2,2590.32,79.94,80.64,2020-01-22,2024-04-22,2024-08-04,2023-06-16,2024-05-13,3322.38,0.7,0,3.43,0
PRJ-SYN-0919,SNAP-PRJ-SYN-0919-Q4,Freight Corridor Feeder Line 71,Railways,Ministry of Railways (MoR),Rail Vikas Nigam Ltd (RVNL),Maharashtra,BOT,Plains,3212.2,3212.2,2854.04,86.23,88.85,2020-01-22,2024-04-22,2024-07-02,2023-11-19,2024-05-13,3322.38,0.7,0,3.43,0
PRJ-SYN-0920,SNAP-PRJ-SYN-0920-Q1,Gujarat Economic Corridor Pkg 91,Highways,Ministry of Road Transport and Highways (MoRTH),NHIDCL,Gujarat,EPC,Hilly/Mountainous,438.01,459.8,189.12,35.57,41.13,2023-04-22,2025-10-21,2025-10-21,2024-03-06,2025-12-02,458.55,1.4,0,4.69,0
PRJ-SYN-0920,SNAP-PRJ-SYN-0920-Q2,Gujarat Economic Corridor Pkg 91,Highways,Ministry of Road Transport and Highways (MoRTH),NHIDCL,Gujarat,EPC,Hilly/Mountainous,438.01,438.01,306.3,67.82,69.93,2023-04-22,2025-10-21,2026-01-30,2024-12-05,2025-12-02,458.55,1.4,0,4.69,0
PRJ-SYN-0920,SNAP-PRJ-SYN-0920-Q3,Gujarat Economic Corridor Pkg 91,Highways,Ministry of Road Transport and Highways (MoRTH),NHIDCL,Gujarat,EPC,Hilly/Mountainous,438.01,453.07,339.98,77.85,75.04,2023-04-22,2025-10-21,2025-10-21,2025-04-21,2025-12-02,458.55,1.4,0,4.69,0
PRJ-SYN-0920,SNAP-PRJ-SYN-0920-Q4,Gujarat Economic Corridor Pkg 91,Highways,Ministry of Road Transport and Highways (MoRTH),NHIDCL,Gujarat,EPC,Hilly/Mountainous,438.01,438.01,404.11,90.76,92.26,2023-04-22,2025-10-21,2025-10-21,2025-07-21,2025-12-02,458.55,1.4,0,4.69,0
PRJ-SYN-0921,SNAP-PRJ-SYN-0921-Q1,Maharashtra Station Redevelopment & Quadrupling,Railways,Ministry of Railways (MoR),IRCON International,Maharashtra,EPC,Plains,2477.22,2477.22,541.52,20.78,21.86,2022-12-27,2028-11-26,2028-11-26,2024-03-03,2029-01-25,2495.06,2.0,0,0.72,0
PRJ-SYN-0921,SNAP-PRJ-SYN-0921-Q2,Maharashtra Station Redevelopment & Quadrupling,Railways,Ministry of Railways (MoR),IRCON International,Maharashtra,EPC,Plains,2477.22,2477.22,1436.54,52.85,57.99,2022-12-27,2028-11-26,2029-02-17,2025-12-11,2029-01-25,2495.06,2.0,0,0.72,0
PRJ-SYN-0922,SNAP-PRJ-SYN-0922-Q1,Underground Sewerage System & 100 MLD STP,Urban Water & Sanitation,Ministry of Housing and Urban Affairs (MoHUA),Karnataka Urban Infra Dev (KUIDFC),Odisha,EPC,Plains,1074.73,1074.73,252.99,20.66,23.54,2018-02-24,2021-04-25,2021-04-25,2018-10-13,2021-05-16,1093.86,0.7,0,1.78,0
PRJ-SYN-0922,SNAP-PRJ-SYN-0922-Q2,Underground Sewerage System & 100 MLD STP,Urban Water & Sanitation,Ministry of Housing and Urban Affairs (MoHUA),Karnataka Urban Infra Dev (KUIDFC),Odisha,EPC,Plains,1074.73,1074.73,419.68,34.66,39.05,2018-02-24,2021-04-25,2021-04-25,2019-04-04,2021-05-16,1093.86,0.7,0,1.78,0
PRJ-SYN-0923,SNAP-PRJ-SYN-0923-Q1,Maharashtra Smart City Water Supply Augmentation,Urban Water & Sanitation,Ministry of Housing and Urban Affairs (MoHUA),NBCC (India) Limited,Maharashtra,HAM,Coastal,1240.0,1240.0,498.36,35.85,40.19,2018-07-22,2021-05-21,2021-05-21,2019-07-19,2021-05-21,1275.59,0.0,0,2.87,0
PRJ-SYN-0923,SNAP-PRJ-SYN-0923-Q2,Maharashtra Smart City Water Supply Augmentation,Urban Water & Sanitation,Ministry of Housing and Urban Affairs (MoHUA),NBCC (India) Limited,Maharashtra,HAM,Coastal,1240.0,1240.0,854.36,68.02,68.9,2018-07-22,2021-05-21,2021-05-21,2020-05-24,2021-05-21,1275.59,0.0,0,2.87,0
PRJ-SYN-0923,SNAP-PRJ-SYN-0923-Q3,Maharashtra Smart City Water Supply Augmentation,Urban Water & Sanitation,Ministry of Housing and Urban Affairs (MoHUA),NBCC (India) Limited,Maharashtra,HAM,Coastal,1240.0,1285.53,1045.39,77.16,81.32,2018-07-22,2021-05-21,2021-05-21,2020-10-26,2021-05-21,1275.59,0.0,0,2.87,0
PRJ-SYN-0923,SNAP-PRJ-SYN-0923-Q4,Maharashtra Smart City Water Supply Augmentation,Urban Water & Sanitation,Ministry of Housing and Urban Affairs (MoHUA),NBCC (India) Limited,Maharashtra,HAM,Coastal,1240.0,1240.0,1243.72,94.83,100.3,2018-07-22,2021-05-21,2021-05-21,2021-02-07,2021-05-21,1275.59,0.0,0,2.87,0
PRJ-SYN-0924,SNAP-PRJ-SYN-0924-Q1,Madhya Pradesh Port Modernization & Coastal Connectivity,Ports & Shipping,"Ministry of Ports, Shipping and Waterways (MoPSW)",Jawaharlal Nehru Port Trust (JNPT),Madhya Pradesh,EPC,Urban Dense,679.28,733.99,373.16,44.62,50.84,2023-01-23,2025-05-24,2025-05-24,2024-03-24,2025-09-07,859.97,3.5,1,26.6,1
PRJ-SYN-0924,SNAP-PRJ-SYN-0924-Q2,Madhya Pradesh Port Modernization & Coastal Connectivity,Ports & Shipping,"Ministry of Ports, Shipping and Waterways (MoPSW)",Jawaharlal Nehru Port Trust (JNPT),Madhya Pradesh,EPC,Urban Dense,679.28,807.04,658.46,75.98,81.59,2023-01-23,2025-05-24,2025-07-23,2024-12-04,2025-09-07,859.97,3.5,1,26.6,1
PRJ-SYN-0924,SNAP-PRJ-SYN-0924-Q3,Madhya Pradesh Port Modernization & Coastal Connectivity,Ports & Shipping,"Ministry of Ports, Shipping and Waterways (MoPSW)",Jawaharlal Nehru Port Trust (JNPT),Madhya Pradesh,EPC,Urban Dense,679.28,679.28,605.85,83.54,89.19,2023-01-23,2025-05-24,2025-08-15,2025-02-28,2025-09-07,859.97,3.5,1,26.6,1
PRJ-SYN-0925,SNAP-PRJ-SYN-0925-Q1,Karnataka Pumped Storage Hydro Project Phase I,Power & Renewable Energy,Ministry of Power / MNRE,Power Grid Corporation (PGCIL),Karnataka,Item Rate,Plains,280.07,290.26,67.98,19.68,23.42,2019-11-25,2023-05-26,2023-05-26,2020-08-06,2023-05-26,287.72,0.0,0,2.73,0
PRJ-SYN-0925,SNAP-PRJ-SYN-0925-Q2,Karnataka Pumped Storage Hydro Project Phase I,Power & Renewable Energy,Ministry of Power / MNRE,Power Grid Corporation (PGCIL),Karnataka,Item Rate,Plains,280.07,280.07,104.35,38.66,37.26,2019-11-25,2023-05-26,2023-05-26,2021-02-14,2023-05-26,287.72,0.0,0,2.73,0
PRJ-SYN-0925,SNAP-PRJ-SYN-0925-Q3,Karnataka Pumped Storage Hydro Project Phase I,Power & Renewable Energy,Ministry of Power / MNRE,Power Grid Corporation (PGCIL),Karnataka,Item Rate,Plains,280.07,280.07,237.11,82.16,84.66,2019-11-25,2023-05-26,2023-05-26,2022-09-12,2023-05-26,287.72,0.0,0,2.73,0
PRJ-SYN-0925,SNAP-PRJ-SYN-0925-Q4,Karnataka Pumped Storage Hydro Project Phase I,Power & Renewable Energy,Ministry of Power / MNRE,Power Grid Corporation (PGCIL),Karnataka,Item Rate,Plains,280.07,292.62,289.61,93.72,98.97,2019-11-25,2023-05-26,2023-05-26,2023-01-18,2023-05-26,287.72,0.0,0,2.73,0
PRJ-SYN-0926,SNAP-PRJ-SYN-0926-Q1,Freight Corridor Feeder Line 64,Railways,Ministry of Railways (MoR),Rail Vikas Nigam Ltd (RVNL),Jammu & Kashmir,Item Rate,Urban Dense,581.03,603.37,239.24,30.22,39.65,2021-03-12,2026-04-11,2026-04-11,2022-12-21,2026-08-16,675.74,4.2,1,16.3,1
PRJ-SYN-0926,SNAP-PRJ-SYN-0926-Q2,Freight Corridor Feeder Line 64,Railways,Ministry of Railways (MoR),Rail Vikas Nigam Ltd (RVNL),Jammu & Kashmir,Item Rate,Urban Dense,581.03,617.9,332.06,47.37,53.74,2021-03-12,2026-04-11,2026-06-10,2023-09-26,2026-08-16,675.74,4.2,1,16.3,1
PRJ-SYN-0927,SNAP-PRJ-SYN-0927-Q1,West Bengal Metro Line 48 Underground Section,Metro Rail,Ministry of Housing and Urban Affairs (MoHUA),UP Metro Rail Corp (UPMRC),West Bengal,HAM,Plains,3126.35,3585.06,2788.46,70.36,77.78,2020-05-07,2027-04-07,2028-01-15,2025-11-18,2028-07-03,3898.87,14.9,1,24.71,1
PRJ-SYN-0927,SNAP-PRJ-SYN-0927-Q2,West Bengal Metro Line 48 Underground Section,Metro Rail,Ministry of Housing and Urban Affairs (MoHUA),UP Metro Rail Corp (UPMRC),West Bengal,HAM,Plains,3126.35,3797.94,3389.66,82.07,89.25,2020-05-07,2027-04-07,2028-05-26,2026-07-28,2028-07-03,3898.87,14.9,1,24.71,1
PRJ-SYN-0928,SNAP-PRJ-SYN-0928-Q1,High-Speed Rail Corridor Link 92,Railways,Ministry of Railways (MoR),CORE,Madhya Pradesh,EPC,Plains,14545.73,14545.73,1949.13,14.42,13.4,2018-08-20,2026-06-20,2026-09-05,2020-03-14,2027-10-20,15579.93,16.0,1,7.11,0
PRJ-SYN-0928,SNAP-PRJ-SYN-0928-Q2,High-Speed Rail Corridor Link 92,Railways,Ministry of Railways (MoR),CORE,Madhya Pradesh,EPC,Plains,14545.73,14545.73,6896.13,44.92,47.41,2018-08-20,2026-06-20,2026-06-20,2022-07-20,2027-10-20,15579.93,16.0,1,7.11,0
PRJ-SYN-0928,SNAP-PRJ-SYN-0928-Q3,High-Speed Rail Corridor Link 92,Railways,Ministry of Railways (MoR),CORE,Madhya Pradesh,EPC,Plains,14545.73,14545.73,12382.78,85.63,85.13,2018-08-20,2026-06-20,2027-10-21,2025-09-07,2027-10-20,15579.93,16.0,1,7.11,0
PRJ-SYN-0929,SNAP-PRJ-SYN-0929-Q1,765kV High Voltage Transmission Substation,Power & Renewable Energy,Ministry of Power / MNRE,SJVN Limited,Jharkhand,HAM,Plains,6491.0,6491.0,3251.34,45.22,50.09,2018-06-24,2021-08-23,2021-08-23,2020-01-23,2021-09-28,6491.0,1.2,0,0.0,0
PRJ-SYN-0929,SNAP-PRJ-SYN-0929-Q2,765kV High Voltage Transmission Substation,Power & Renewable Energy,Ministry of Power / MNRE,SJVN Limited,Jharkhand,HAM,Plains,6491.0,6491.0,4185.4,65.09,64.48,2018-06-24,2021-08-23,2021-08-23,2020-07-14,2021-09-28,6491.0,1.2,0,0.0,0
PRJ-SYN-0930,SNAP-PRJ-SYN-0930-Q1,Maharashtra Express Highway Corridor Phase IV,Highways,Ministry of Road Transport and Highways (MoRTH),National Highways Authority of India (NHAI),Maharashtra,EPC,Plains,257.5,257.5,68.83,20.86,26.73,2018-09-17,2020-09-16,2020-09-16,2019-02-10,2020-12-13,257.83,2.9,0,0.13,0
PRJ-SYN-0930,SNAP-PRJ-SYN-0930-Q2,Maharashtra Express Highway Corridor Phase IV,Highways,Ministry of Road Transport and Highways (MoRTH),National Highways Authority of India (NHAI),Maharashtra,EPC,Plains,257.5,257.5,171.39,65.97,66.56,2018-09-17,2020-09-16,2020-11-09,2020-01-04,2020-12-13,257.83,2.9,0,0.13,0
PRJ-SYN-0931,SNAP-PRJ-SYN-0931-Q1,Tamil Nadu Express Highway Corridor Phase II,Highways,Ministry of Road Transport and Highways (MoRTH),NHIDCL,Tamil Nadu,HAM,Plains,1641.78,1641.78,981.95,55.12,59.81,2019-08-13,2022-06-12,2022-07-28,2021-01-11,2022-06-12,1643.75,0.0,0,0.12,0
PRJ-SYN-0931,SNAP-PRJ-SYN-0931-Q2,Tamil Nadu Express Highway Corridor Phase II,Highways,Ministry of Road Transport and Highways (MoRTH),NHIDCL,Tamil Nadu,HAM,Plains,1641.78,1688.2,950.63,56.5,56.31,2019-08-13,2022-06-12,2022-06-12,2021-06-15,2022-06-12,1643.75,0.0,0,0.12,0
PRJ-SYN-0931,SNAP-PRJ-SYN-0931-Q3,Tamil Nadu Express Highway Corridor Phase II,Highways,Ministry of Road Transport and Highways (MoRTH),NHIDCL,Tamil Nadu,HAM,Plains,1641.78,1641.78,1613.05,95.1,98.25,2019-08-13,2022-06-12,2022-06-12,2022-03-01,2022-06-12,1643.75,0.0,0,0.12,0
PRJ-SYN-0932,SNAP-PRJ-SYN-0932-Q1,Uttarakhand Ring Metro Transit System Pkg 23,Metro Rail,Ministry of Housing and Urban Affairs (MoHUA),Bangalore Metro Rail Corp (BMRCL),Uttarakhand,EPC,Plains,4034.53,4034.53,2155.25,52.78,53.42,2023-08-06,2030-08-05,2030-08-05,2027-02-04,2030-08-08,4101.5,0.1,0,1.66,0
PRJ-SYN-0932,SNAP-PRJ-SYN-0932-Q2,Uttarakhand Ring Metro Transit System Pkg 23,Metro Rail,Ministry of Housing and Urban Affairs (MoHUA),Bangalore Metro Rail Corp (BMRCL),Uttarakhand,EPC,Plains,4034.53,4034.53,2898.0,67.82,71.83,2023-08-06,2030-08-05,2030-11-06,2028-02-22,2030-08-08,4101.5,0.1,0,1.66,0
PRJ-SYN-0933,SNAP-PRJ-SYN-0933-Q1,Tamil Nadu Economic Corridor Pkg 24,Highways,Ministry of Road Transport and Highways (MoRTH),National Highways Authority of India (NHAI),Tamil Nadu,BOT,Plains,308.11,308.11,48.59,5.0,15.77,2020-01-05,2022-01-04,2022-01-04,2020-05-30,2023-04-11,467.19,15.2,1,51.63,1
PRJ-SYN-0933,SNAP-PRJ-SYN-0933-Q2,Tamil Nadu Economic Corridor Pkg 24,Highways,Ministry of Road Transport and Highways (MoRTH),National Highways Authority of India (NHAI),Tamil Nadu,BOT,Plains,308.11,308.11,91.26,26.86,29.62,2020-01-05,2022-01-04,2022-01-04,2021-01-04,2023-04-11,467.19,15.2,1,51.63,1
PRJ-SYN-0933,SNAP-PRJ-SYN-0933-Q3,Tamil Nadu Economic Corridor Pkg 24,Highways,Ministry of Road Transport and Highways (MoRTH),National Highways Authority of India (NHAI),Tamil Nadu,BOT,Plains,308.11,308.11,157.44,39.13,51.1,2020-01-05,2022-01-04,2022-09-17,2021-04-23,2023-04-11,467.19,15.2,1,51.63,1
PRJ-SYN-0934,SNAP-PRJ-SYN-0934-Q1,NH-95 4/6-Laning Bypass & Viaduct,Highways,Ministry of Road Transport and Highways (MoRTH),National Highways Authority of India (NHAI),Uttar Pradesh,EPC,Plains,1999.41,2050.47,694.9,34.59,33.89,2018-07-16,2021-06-15,2021-06-15,2019-07-23,2021-07-27,2001.61,1.4,0,0.11,0
PRJ-SYN-0934,SNAP-PRJ-SYN-0934-Q2,NH-95 4/6-Laning Bypass & Viaduct,Highways,Ministry of Road Transport and Highways (MoRTH),National Highways Authority of India (NHAI),Uttar Pradesh,EPC,Plains,1999.41,1999.41,1030.1,49.32,51.52,2018-07-16,2021-06-15,2021-06-15,2019-12-30,2021-07-27,2001.61,1.4,0,0.11,0
PRJ-SYN-0934,SNAP-PRJ-SYN-0934-Q3,NH-95 4/6-Laning Bypass & Viaduct,Highways,Ministry of Road Transport and Highways (MoRTH),National Highways Authority of India (NHAI),Uttar Pradesh,EPC,Plains,1999.41,2043.1,1383.18,67.58,67.7,2018-07-16,2021-06-15,2021-08-20,2020-06-07,2021-07-27,2001.61,1.4,0,0.11,0
PRJ-SYN-0934,SNAP-PRJ-SYN-0934-Q4,NH-95 4/6-Laning Bypass & Viaduct,Highways,Ministry of Road Transport and Highways (MoRTH),National Highways Authority of India (NHAI),Uttar Pradesh,EPC,Plains,1999.41,1999.41,1600.13,81.63,80.03,2018-07-16,2021-06-15,2021-06-15,2020-11-14,2021-07-27,2001.61,1.4,0,0.11,0
PRJ-SYN-0935,SNAP-PRJ-SYN-0935-Q1,Maharashtra Ring Metro Transit System Pkg 26,Metro Rail,Ministry of Housing and Urban Affairs (MoHUA),UP Metro Rail Corp (UPMRC),Maharashtra,HAM,Plains,1845.64,1845.64,874.83,42.42,47.4,2018-01-05,2022-06-06,2022-06-06,2020-03-21,2022-07-24,1880.52,1.6,0,1.89,0
PRJ-SYN-0935,SNAP-PRJ-SYN-0935-Q2,Maharashtra Ring Metro Transit System Pkg 26,Metro Rail,Ministry of Housing and Urban Affairs (MoHUA),UP Metro Rail Corp (UPMRC),Maharashtra,HAM,Plains,1845.64,1845.64,1429.63,77.5,77.46,2018-01-05,2022-06-06,2022-06-06,2021-07-18,2022-07-24,1880.52,1.6,0,1.89,0
PRJ-SYN-0936,SNAP-PRJ-SYN-0936-Q1,Assam Pumped Storage Hydro Project Phase II,Power & Renewable Energy,Ministry of Power / MNRE,NTPC Limited,Assam,Turnkey,Hilly/Mountainous,1786.13,1786.13,1097.93,64.37,61.47,2021-10-24,2025-10-24,2025-10-24,2024-05-30,2025-12-08,1947.77,1.5,0,9.05,0
PRJ-SYN-0936,SNAP-PRJ-SYN-0936-Q2,Assam Pumped Storage Hydro Project Phase II,Power & Renewable Energy,Ministry of Power / MNRE,NTPC Limited,Assam,Turnkey,Hilly/Mountainous,1786.13,1786.13,1627.34,90.05,91.11,2021-10-24,2025-10-24,2025-10-24,2025-05-30,2025-12-08,1947.77,1.5,0,9.05,0
PRJ-SYN-0937,SNAP-PRJ-SYN-0937-Q1,Jammu & Kashmir Economic Corridor Pkg 20,Highways,Ministry of Road Transport and Highways (MoRTH),NHIDCL,Jammu & Kashmir,BOT,Plains,3640.24,3640.24,2832.11,78.15,77.8,2021-04-20,2025-12-19,2025-12-19,2025-01-12,2026-01-09,3710.13,0.7,0,1.92,0
PRJ-SYN-0937,SNAP-PRJ-SYN-0937-Q2,Jammu & Kashmir Economic Corridor Pkg 20,Highways,Ministry of Road Transport and Highways (MoRTH),NHIDCL,Jammu & Kashmir,BOT,Plains,3640.24,3640.24,3436.75,88.82,94.41,2021-04-20,2025-12-19,2025-12-19,2025-07-02,2026-01-09,3710.13,0.7,0,1.92,0
PRJ-SYN-0938,SNAP-PRJ-SYN-0938-Q1,Bihar Ultra Mega Solar Power Park 24 MW,Power & Renewable Energy,Ministry of Power / MNRE,Power Grid Corporation (PGCIL),Bihar,EPC,Plains,1100.29,1100.29,342.96,25.94,31.17,2023-04-22,2026-08-21,2026-08-21,2023-12-21,2026-09-26,1107.66,1.2,0,0.67,0
PRJ-SYN-0938,SNAP-PRJ-SYN-0938-Q2,Bihar Ultra Mega Solar Power Park 24 MW,Power & Renewable Energy,Ministry of Power / MNRE,Power Grid Corporation (PGCIL),Bihar,EPC,Plains,1100.29,1100.29,387.08,35.56,35.18,2023-04-22,2026-08-21,2026-08-21,2024-06-21,2026-09-26,1107.66,1.2,0,0.67,0
PRJ-SYN-0938,SNAP-PRJ-SYN-0938-Q3,Bihar Ultra Mega Solar Power Park 24 MW,Power & Renewable Energy,Ministry of Power / MNRE,Power Grid Corporation (PGCIL),Bihar,EPC,Plains,1100.29,1100.29,651.04,61.32,59.17,2023-04-22,2026-08-21,2026-08-21,2025-06-21,2026-09-26,1107.66,1.2,0,0.67,0
PRJ-SYN-0939,SNAP-PRJ-SYN-0939-Q1,Andhra Pradesh Ring Metro Transit System Pkg 34,Metro Rail,Ministry of Housing and Urban Affairs (MoHUA),UP Metro Rail Corp (UPMRC),Andhra Pradesh,EPC,Plains,3023.57,3023.57,638.88,17.39,21.13,2023-11-05,2031-06-05,2031-06-05,2025-05-11,2031-08-01,3077.99,1.9,0,1.8,0
PRJ-SYN-0939,SNAP-PRJ-SYN-0939-Q2,Andhra Pradesh Ring Metro Transit System Pkg 34,Metro Rail,Ministry of Housing and Urban Affairs (MoHUA),UP Metro Rail Corp (UPMRC),Andhra Pradesh,EPC,Plains,3023.57,3023.57,1129.61,38.14,37.36,2023-11-05,2031-06-05,2031-06-05,2026-07-01,2031-08-01,3077.99,1.9,0,1.8,0
PRJ-SYN-0940,SNAP-PRJ-SYN-0940-Q1,Tamil Nadu Rail Doubling & Third Line Section,Railways,Ministry of Railways (MoR),CORE,Tamil Nadu,HAM,Plains,2701.81,2701.81,693.55,20.85,25.67,2021-01-20,2025-04-21,2025-04-21,2021-11-26,2025-04-27,2894.72,0.2,0,7.14,0
PRJ-SYN-0940,SNAP-PRJ-SYN-0940-Q2,Tamil Nadu Rail Doubling & Third Line Section,Railways,Ministry of Railways (MoR),CORE,Tamil Nadu,HAM,Plains,2701.81,2701.81,2531.06,89.04,93.68,2021-01-20,2025-04-21,2025-04-21,2024-11-17,2025-04-27,2894.72,0.2,0,7.14,0
PRJ-SYN-0941,SNAP-PRJ-SYN-0941-Q1,Bihar Station Redevelopment & Quadrupling,Railways,Ministry of Railways (MoR),CORE,Bihar,EPC,Plains,3185.45,3297.46,498.91,16.02,15.13,2019-06-14,2024-04-13,2024-04-22,2020-06-01,2024-07-13,3389.64,3.0,1,6.41,0
PRJ-SYN-0941,SNAP-PRJ-SYN-0941-Q2,Bihar Station Redevelopment & Quadrupling,Railways,Ministry of Railways (MoR),CORE,Bihar,EPC,Plains,3185.45,3185.45,1824.94,59.32,57.29,2019-06-14,2024-04-13,2024-04-13,2022-08-04,2024-07-13,3389.64,3.0,1,6.41,0
PRJ-SYN-0941,SNAP-PRJ-SYN-0941-Q3,Bihar Station Redevelopment & Quadrupling,Railways,Ministry of Railways (MoR),CORE,Bihar,EPC,Plains,3185.45,3185.45,2450.57,74.75,76.93,2019-06-14,2024-04-13,2024-06-12,2023-04-26,2024-07-13,3389.64,3.0,1,6.41,0
PRJ-SYN-0942,SNAP-PRJ-SYN-0942-Q1,Freight Corridor Feeder Line 44,Railways,Ministry of Railways (MoR),Dedicated Freight Corridor Corp (DFCCIL),Madhya Pradesh,HAM,Urban Dense,827.88,827.88,206.22,23.28,24.91,2020-06-23,2025-03-23,2025-03-23,2021-06-04,2025-05-10,895.35,1.6,0,8.15,0
PRJ-SYN-0942,SNAP-PRJ-SYN-0942-Q2,Freight Corridor Feeder Line 44,Railways,Ministry of Railways (MoR),Dedicated Freight Corridor Corp (DFCCIL),Madhya Pradesh,HAM,Urban Dense,827.88,827.88,351.1,38.4,42.41,2020-06-23,2025-03-23,2025-06-16,2022-02-20,2025-05-10,895.35,1.6,0,8.15,0
PRJ-SYN-0942,SNAP-PRJ-SYN-0942-Q3,Freight Corridor Feeder Line 44,Railways,Ministry of Railways (MoR),Dedicated Freight Corridor Corp (DFCCIL),Madhya Pradesh,HAM,Urban Dense,827.88,827.88,422.47,52.91,51.03,2020-06-23,2025-03-23,2025-03-23,2022-11-07,2025-05-10,895.35,1.6,0,8.15,0
PRJ-SYN-0943,SNAP-PRJ-SYN-0943-Q1,Gujarat Ultra Mega Solar Power Park 16 MW,Power & Renewable Energy,Ministry of Power / MNRE,Power Grid Corporation (PGCIL),Gujarat,HAM,Plains,2498.61,2545.48,623.13,12.79,24.48,2019-05-16,2023-06-15,2023-08-02,2020-03-09,2024-04-11,2934.37,9.9,1,17.44,1
PRJ-SYN-0943,SNAP-PRJ-SYN-0943-Q2,Gujarat Ultra Mega Solar Power Park 16 MW,Power & Renewable Energy,Ministry of Power / MNRE,Power Grid Corporation (PGCIL),Gujarat,HAM,Plains,2498.61,2730.78,1682.43,51.76,61.61,2019-05-16,2023-06-15,2024-01-05,2022-01-09,2024-04-11,2934.37,9.9,1,17.44,1
PRJ-SYN-0943,SNAP-PRJ-SYN-0943-Q3,Gujarat Ultra Mega Solar Power Park 16 MW,Power & Renewable Energy,Ministry of Power / MNRE,Power Grid Corporation (PGCIL),Gujarat,HAM,Plains,2498.61,2814.08,2261.11,68.97,80.35,2019-05-16,2023-06-15,2023-06-15,2022-08-21,2024-04-11,2934.37,9.9,1,17.44,1
PRJ-SYN-0944,SNAP-PRJ-SYN-0944-Q1,Maharashtra Port Modernization & Coastal Connectivity,Ports & Shipping,"Ministry of Ports, Shipping and Waterways (MoPSW)",Deendayal Port Authority,Maharashtra,EPC,Plains,370.49,370.49,88.55,26.3,23.9,2020-02-04,2022-07-05,2022-07-05,2020-07-29,2022-07-29,378.57,0.8,0,2.18,0
PRJ-SYN-0944,SNAP-PRJ-SYN-0944-Q2,Maharashtra Port Modernization & Coastal Connectivity,Ports & Shipping,"Ministry of Ports, Shipping and Waterways (MoPSW)",Deendayal Port Authority,Maharashtra,EPC,Plains,370.49,370.49,138.79,34.9,37.46,2020-02-04,2022-07-05,2022-10-04,2020-12-08,2022-07-29,378.57,0.8,0,2.18,0
PRJ-SYN-0944,SNAP-PRJ-SYN-0944-Q3,Maharashtra Port Modernization & Coastal Connectivity,Ports & Shipping,"Ministry of Ports, Shipping and Waterways (MoPSW)",Deendayal Port Authority,Maharashtra,EPC,Plains,370.49,370.49,237.89,64.3,64.21,2020-02-04,2022-07-05,2022-07-05,2021-08-30,2022-07-29,378.57,0.8,0,2.18,0
PRJ-SYN-0944,SNAP-PRJ-SYN-0944-Q4,Maharashtra Port Modernization & Coastal Connectivity,Ports & Shipping,"Ministry of Ports, Shipping and Waterways (MoPSW)",Deendayal Port Authority,Maharashtra,EPC,Plains,370.49,370.49,295.87,77.12,79.86,2020-02-04,2022-07-05,2022-07-05,2022-01-10,2022-07-29,378.57,0.8,0,2.18,0
PRJ-SYN-0945,SNAP-PRJ-SYN-0945-Q1,Uttar Pradesh Ring Metro Transit System Pkg 85,Metro Rail,Ministry of Housing and Urban Affairs (MoHUA),Mumbai Metropolitan Region Development Authority (MMRDA),Uttar Pradesh,EPC,Urban Dense,7484.66,7650.51,1155.23,15.54,15.1,2022-06-08,2030-06-08,2030-06-08,2024-01-13,2030-06-08,7735.4,0.0,0,3.35,0
PRJ-SYN-0945,SNAP-PRJ-SYN-0945-Q2,Uttar Pradesh Ring Metro Transit System Pkg 85,Metro Rail,Ministry of Housing and Urban Affairs (MoHUA),Mumbai Metropolitan Region Development Authority (MMRDA),Uttar Pradesh,EPC,Urban Dense,7484.66,7484.66,3014.07,34.61,40.27,2022-06-08,2030-06-08,2030-06-08,2025-03-26,2030-06-08,7735.4,0.0,0,3.35,0
PRJ-SYN-0945,SNAP-PRJ-SYN-0945-Q3,Uttar Pradesh Ring Metro Transit System Pkg 85,Metro Rail,Ministry of Housing and Urban Affairs (MoHUA),Mumbai Metropolitan Region Development Authority (MMRDA),Uttar Pradesh,EPC,Urban Dense,7484.66,7484.66,3749.07,51.37,50.09,2022-06-08,2030-06-08,2030-06-08,2026-06-08,2030-06-08,7735.4,0.0,0,3.35,0
PRJ-SYN-0945,SNAP-PRJ-SYN-0945-Q4,Uttar Pradesh Ring Metro Transit System Pkg 85,Metro Rail,Ministry of Housing and Urban Affairs (MoHUA),Mumbai Metropolitan Region Development Authority (MMRDA),Uttar Pradesh,EPC,Urban Dense,7484.66,7738.16,5655.82,68.5,73.09,2022-06-08,2030-06-08,2030-06-08,2027-08-20,2030-06-08,7735.4,0.0,0,3.35,0
PRJ-SYN-0946,SNAP-PRJ-SYN-0946-Q1,Assam Smart City Water Supply Augmentation,Urban Water & Sanitation,Ministry of Housing and Urban Affairs (MoHUA),NBCC (India) Limited,Assam,EPC,Hilly/Mountainous,889.24,912.4,179.38,20.39,19.66,2023-04-07,2026-03-07,2026-03-07,2023-11-06,2026-05-25,945.35,2.6,0,6.31,0
PRJ-SYN-0946,SNAP-PRJ-SYN-0946-Q2,Assam Smart City Water Supply Augmentation,Urban Water & Sanitation,Ministry of Housing and Urban Affairs (MoHUA),NBCC (India) Limited,Assam,EPC,Hilly/Mountainous,889.24,889.24,423.37,49.47,47.61,2023-04-07,2026-03-07,2026-04-14,2024-09-20,2026-05-25,945.35,2.6,0,6.31,0
PRJ-SYN-0946,SNAP-PRJ-SYN-0946-Q3,Assam Smart City Water Supply Augmentation,Urban Water & Sanitation,Ministry of Housing and Urban Affairs (MoHUA),NBCC (India) Limited,Assam,EPC,Hilly/Mountainous,889.24,889.24,601.39,63.02,67.63,2023-04-07,2026-03-07,2026-03-07,2025-02-27,2026-05-25,945.35,2.6,0,6.31,0
PRJ-SYN-0946,SNAP-PRJ-SYN-0946-Q4,Assam Smart City Water Supply Augmentation,Urban Water & Sanitation,Ministry of Housing and Urban Affairs (MoHUA),NBCC (India) Limited,Assam,EPC,Hilly/Mountainous,889.24,889.24,697.79,79.29,78.47,2023-04-07,2026-03-07,2026-03-07,2025-08-06,2026-05-25,945.35,2.6,0,6.31,0
PRJ-SYN-0947,SNAP-PRJ-SYN-0947-Q1,Andhra Pradesh Economic Corridor Pkg 70,Highways,Ministry of Road Transport and Highways (MoRTH),State PWD (Highways),Andhra Pradesh,HAM,Plains,1320.62,1320.62,259.24,20.04,19.63,2019-09-24,2023-10-24,2023-12-12,2020-07-18,2023-11-20,1394.44,0.9,0,5.59,0
PRJ-SYN-0947,SNAP-PRJ-SYN-0947-Q2,Andhra Pradesh Economic Corridor Pkg 70,Highways,Ministry of Road Transport and Highways (MoRTH),State PWD (Highways),Andhra Pradesh,HAM,Plains,1320.62,1320.62,525.74,35.75,39.81,2019-09-24,2023-10-24,2023-10-24,2021-02-27,2023-11-20,1394.44,0.9,0,5.59,0
PRJ-SYN-0948,SNAP-PRJ-SYN-0948-Q1,Bihar Metro Corridor Elevated Extension Phase III,Metro Rail,Ministry of Housing and Urban Affairs (MoHUA),Bangalore Metro Rail Corp (BMRCL),Bihar,EPC,Plains,2081.1,2136.07,390.69,18.84,18.29,2020-08-21,2026-06-21,2026-09-16,2021-10-21,2026-06-21,2133.13,0.0,0,2.5,0
PRJ-SYN-0948,SNAP-PRJ-SYN-0948-Q2,Bihar Metro Corridor Elevated Extension Phase III,Metro Rail,Ministry of Housing and Urban Affairs (MoHUA),Bangalore Metro Rail Corp (BMRCL),Bihar,EPC,Plains,2081.1,2081.1,782.29,33.5,37.59,2020-08-21,2026-06-21,2026-09-27,2022-09-05,2026-06-21,2133.13,0.0,0,2.5,0
PRJ-SYN-0948,SNAP-PRJ-SYN-0948-Q3,Bihar Metro Corridor Elevated Extension Phase III,Metro Rail,Ministry of Housing and Urban Affairs (MoHUA),Bangalore Metro Rail Corp (BMRCL),Bihar,EPC,Plains,2081.1,2081.1,1442.41,67.45,69.31,2020-08-21,2026-06-21,2026-06-21,2024-06-05,2026-06-21,2133.13,0.0,0,2.5,0
PRJ-SYN-0948,SNAP-PRJ-SYN-0948-Q4,Bihar Metro Corridor Elevated Extension Phase III,Metro Rail,Ministry of Housing and Urban Affairs (MoHUA),Bangalore Metro Rail Corp (BMRCL),Bihar,EPC,Plains,2081.1,2081.1,1937.09,91.47,93.08,2020-08-21,2026-06-21,2026-06-21,2025-11-20,2026-06-21,2133.13,0.0,0,2.5,0
PRJ-SYN-0949,SNAP-PRJ-SYN-0949-Q1,Gujarat Ring Metro Transit System Pkg 31,Metro Rail,Ministry of Housing and Urban Affairs (MoHUA),Chennai Metro Rail Ltd (CMRL),Gujarat,HAM,Hilly/Mountainous,2511.93,2511.93,554.63,20.15,22.08,2020-12-05,2028-06-05,2028-06-05,2022-06-05,2028-06-05,2608.14,0.0,0,3.83,0
PRJ-SYN-0949,SNAP-PRJ-SYN-0949-Q2,Gujarat Ring Metro Transit System Pkg 31,Metro Rail,Ministry of Housing and Urban Affairs (MoHUA),Chennai Metro Rail Ltd (CMRL),Gujarat,HAM,Hilly/Mountainous,2511.93,2591.94,1929.7,76.83,74.45,2020-12-05,2028-06-05,2028-09-10,2026-12-05,2028-06-05,2608.14,0.0,0,3.83,0
PRJ-SYN-0949,SNAP-PRJ-SYN-0949-Q3,Gujarat Ring Metro Transit System Pkg 31,Metro Rail,Ministry of Housing and Urban Affairs (MoHUA),Chennai Metro Rail Ltd (CMRL),Gujarat,HAM,Hilly/Mountainous,2511.93,2511.93,2305.2,91.25,91.77,2020-12-05,2028-06-05,2028-06-05,2027-09-05,2028-06-05,2608.14,0.0,0,3.83,0
PRJ-SYN-0950,SNAP-PRJ-SYN-0950-Q1,Bihar Station Redevelopment & Quadrupling,Railways,Ministry of Railways (MoR),Rail Vikas Nigam Ltd (RVNL),Bihar,HAM,Hilly/Mountainous,702.21,765.48,558.57,67.2,72.97,2022-02-06,2027-08-07,2027-10-01,2025-09-03,2027-11-24,859.65,3.6,1,22.42,1
PRJ-SYN-0950,SNAP-PRJ-SYN-0950-Q2,Bihar Station Redevelopment & Quadrupling,Railways,Ministry of Railways (MoR),Rail Vikas Nigam Ltd (RVNL),Bihar,HAM,Hilly/Mountainous,702.21,804.25,701.95,77.97,87.28,2022-02-06,2027-08-07,2027-08-07,2026-07-02,2027-11-24,859.65,3.6,1,22.42,1
PRJ-SYN-0950,SNAP-PRJ-SYN-0950-Q3,Bihar Station Redevelopment & Quadrupling,Railways,Ministry of Railways (MoR),Rail Vikas Nigam Ltd (RVNL),Bihar,HAM,Hilly/Mountainous,702.21,820.85,786.78,91.61,95.85,2022-02-06,2027-08-07,2027-10-30,2027-01-18,2027-11-24,859.65,3.6,1,22.42,1
PRJ-SYN-0951,SNAP-PRJ-SYN-0951-Q1,Freight Corridor Feeder Line 33,Railways,Ministry of Railways (MoR),CORE,Madhya Pradesh,EPC,Urban Dense,1262.04,1262.04,195.87,17.42,15.52,2019-10-07,2022-11-06,2022-11-06,2020-05-19,2022-11-06,1365.65,0.0,0,8.21,0
PRJ-SYN-0951,SNAP-PRJ-SYN-0951-Q2,Freight Corridor Feeder Line 33,Railways,Ministry of Railways (MoR),CORE,Madhya Pradesh,EPC,Urban Dense,1262.04,1262.04,741.83,54.06,58.78,2019-10-07,2022-11-06,2023-01-16,2021-04-22,2022-11-06,1365.65,0.0,0,8.21,0
PRJ-SYN-0951,SNAP-PRJ-SYN-0951-Q3,Freight Corridor Feeder Line 33,Railways,Ministry of Railways (MoR),CORE,Madhya Pradesh,EPC,Urban Dense,1262.04,1262.04,905.89,68.99,71.78,2019-10-07,2022-11-06,2022-11-06,2021-10-08,2022-11-06,1365.65,0.0,0,8.21,0
PRJ-SYN-0951,SNAP-PRJ-SYN-0951-Q4,Freight Corridor Feeder Line 33,Railways,Ministry of Railways (MoR),CORE,Madhya Pradesh,EPC,Urban Dense,1262.04,1262.04,1153.88,92.82,91.43,2019-10-07,2022-11-06,2023-01-02,2022-07-16,2022-11-06,1365.65,0.0,0,8.21,0
PRJ-SYN-0952,SNAP-PRJ-SYN-0952-Q1,Karnataka Economic Corridor Pkg 38,Highways,Ministry of Road Transport and Highways (MoRTH),State PWD (Highways),Karnataka,HAM,Urban Dense,577.03,577.03,63.18,5.0,10.95,2023-05-18,2025-11-16,2026-07-07,2024-04-01,2028-07-13,866.35,31.9,1,50.14,1
PRJ-SYN-0952,SNAP-PRJ-SYN-0952-Q2,Karnataka Economic Corridor Pkg 38,Highways,Ministry of Road Transport and Highways (MoRTH),State PWD (Highways),Karnataka,HAM,Urban Dense,577.03,577.03,308.31,46.38,53.43,2023-05-18,2025-11-16,2025-11-16,2025-08-16,2028-07-13,866.35,31.9,1,50.14,1
PRJ-SYN-0953,SNAP-PRJ-SYN-0953-Q1,High-Speed Rail Corridor Link 15,Railways,Ministry of Railways (MoR),Dedicated Freight Corridor Corp (DFCCIL),Gujarat,EPC,Coastal,7809.89,7809.89,3503.52,40.2,44.86,2020-03-09,2025-01-07,2025-01-07,2021-11-16,2025-03-08,7928.6,2.0,0,1.52,0
PRJ-SYN-0953,SNAP-PRJ-SYN-0953-Q2,High-Speed Rail Corridor Link 15,Railways,Ministry of Railways (MoR),Dedicated Freight Corridor Corp (DFCCIL),Gujarat,EPC,Coastal,7809.89,7809.89,6891.45,88.18,88.24,2020-03-09,2025-01-07,2025-01-07,2024-07-14,2025-03-08,7928.6,2.0,0,1.52,0
PRJ-SYN-0954,SNAP-PRJ-SYN-0954-Q1,Assam Express Highway Corridor Phase I,Highways,Ministry of Road Transport and Highways (MoRTH),National Highways Authority of India (NHAI),Assam,HAM,Urban Dense,1045.5,1045.5,223.95,17.75,21.42,2023-10-12,2026-09-11,2026-09-11,2024-05-12,2026-11-13,1090.67,2.1,0,4.32,0
PRJ-SYN-0954,SNAP-PRJ-SYN-0954-Q2,Assam Express Highway Corridor Phase I,Highways,Ministry of Road Transport and Highways (MoRTH),National Highways Authority of India (NHAI),Assam,HAM,Urban Dense,1045.5,1045.5,548.99,52.69,52.51,2023-10-12,2026-09-11,2026-09-11,2025-03-27,2026-11-13,1090.67,2.1,0,4.32,0
PRJ-SYN-0954,SNAP-PRJ-SYN-0954-Q3,Assam Express Highway Corridor Phase I,Highways,Ministry of Road Transport and Highways (MoRTH),National Highways Authority of India (NHAI),Assam,HAM,Urban Dense,1045.5,1045.5,853.13,79.22,81.6,2023-10-12,2026-09-11,2026-10-24,2026-02-10,2026-11-13,1090.67,2.1,0,4.32,0
PRJ-SYN-0955,SNAP-PRJ-SYN-0955-Q1,NH-88 4/6-Laning Bypass & Viaduct,Highways,Ministry of Road Transport and Highways (MoRTH),State PWD (Highways),Rajasthan,Item Rate,Plains,4087.76,4296.73,472.21,5.0,10.99,2020-01-21,2023-04-22,2023-04-22,2021-03-11,2026-05-28,5168.15,37.2,1,26.43,1
PRJ-SYN-0955,SNAP-PRJ-SYN-0955-Q2,NH-88 4/6-Laning Bypass & Viaduct,Highways,Ministry of Road Transport and Highways (MoRTH),State PWD (Highways),Rajasthan,Item Rate,Plains,4087.76,4527.38,816.29,9.65,18.03,2020-01-21,2023-04-22,2024-09-02,2021-09-05,2026-05-28,5168.15,37.2,1,26.43,1
PRJ-SYN-0956,SNAP-PRJ-SYN-0956-Q1,Gujarat Metro Line 12 Underground Section,Metro Rail,Ministry of Housing and Urban Affairs (MoHUA),Mumbai Metropolitan Region Development Authority (MMRDA),Gujarat,BOT,Plains,4420.12,4420.12,2190.61,48.06,49.56,2023-10-04,2031-06-04,2031-06-04,2027-08-04,2031-06-19,4578.8,0.5,0,3.59,0
PRJ-SYN-0956,SNAP-PRJ-SYN-0956-Q2,Gujarat Metro Line 12 Underground Section,Metro Rail,Ministry of Housing and Urban Affairs (MoHUA),Mumbai Metropolitan Region Development Authority (MMRDA),Gujarat,BOT,Plains,4420.12,4420.12,2973.86,64.43,67.28,2023-10-04,2031-06-04,2031-06-04,2028-09-27,2031-06-19,4578.8,0.5,0,3.59,0
PRJ-SYN-0956,SNAP-PRJ-SYN-0956-Q3,Gujarat Metro Line 12 Underground Section,Metro Rail,Ministry of Housing and Urban Affairs (MoHUA),Mumbai Metropolitan Region Development Authority (MMRDA),Gujarat,BOT,Plains,4420.12,4420.12,3440.62,79.99,77.84,2023-10-04,2031-06-04,2031-06-04,2029-11-21,2031-06-19,4578.8,0.5,0,3.59,0
PRJ-SYN-0956,SNAP-PRJ-SYN-0956-Q4,Gujarat Metro Line 12 Underground Section,Metro Rail,Ministry of Housing and Urban Affairs (MoHUA),Mumbai Metropolitan Region Development Authority (MMRDA),Gujarat,BOT,Plains,4420.12,4478.29,3898.35,89.67,87.05,2023-10-04,2031-06-04,2031-06-04,2030-08-28,2031-06-19,4578.8,0.5,0,3.59,0
PRJ-SYN-0957,SNAP-PRJ-SYN-0957-Q1,NH-38 4/6-Laning Bypass & Viaduct,Highways,Ministry of Road Transport and Highways (MoRTH),State PWD (Highways),Andhra Pradesh,EPC,Urban Dense,1690.45,1717.49,401.89,14.78,23.4,2020-04-19,2023-04-19,2023-04-19,2020-11-24,2023-08-12,1975.97,3.8,1,16.89,1
PRJ-SYN-0957,SNAP-PRJ-SYN-0957-Q2,NH-38 4/6-Laning Bypass & Viaduct,Highways,Ministry of Road Transport and Highways (MoRTH),State PWD (Highways),Andhra Pradesh,EPC,Urban Dense,1690.45,1760.28,644.79,32.84,36.63,2020-04-19,2023-04-19,2023-05-26,2021-05-07,2023-08-12,1975.97,3.8,1,16.89,1
PRJ-SYN-0957,SNAP-PRJ-SYN-0957-Q3,NH-38 4/6-Laning Bypass & Viaduct,Highways,Ministry of Road Transport and Highways (MoRTH),State PWD (Highways),Andhra Pradesh,EPC,Urban Dense,1690.45,1690.45,1091.52,61.6,64.57,2020-04-19,2023-04-19,2023-06-05,2022-04-01,2023-08-12,1975.97,3.8,1,16.89,1
PRJ-SYN-0957,SNAP-PRJ-SYN-0957-Q4,NH-38 4/6-Laning Bypass & Viaduct,Highways,Ministry of Road Transport and Highways (MoRTH),State PWD (Highways),Andhra Pradesh,EPC,Urban Dense,1690.45,1927.85,1676.65,84.75,86.97,2020-04-19,2023-04-19,2023-04-19,2022-12-31,2023-08-12,1975.97,3.8,1,16.89,1
PRJ-SYN-0958,SNAP-PRJ-SYN-0958-Q1,Border Road Strategic Connectivity Link 28,Highways,Ministry of Road Transport and Highways (MoRTH),State PWD (Highways),Andhra Pradesh,EPC,Urban Dense,1438.39,1527.75,335.8,19.4,21.98,2018-08-06,2022-01-04,2022-03-28,2019-10-16,2023-03-09,1819.71,14.1,1,26.51,1
PRJ-SYN-0958,SNAP-PRJ-SYN-0958-Q2,Border Road Strategic Connectivity Link 28,Highways,Ministry of Road Transport and Highways (MoRTH),State PWD (Highways),Andhra Pradesh,EPC,Urban Dense,1438.39,1661.54,1261.77,68.02,75.94,2018-08-06,2022-01-04,2023-01-11,2021-04-30,2023-03-09,1819.71,14.1,1,26.51,1
PRJ-SYN-0958,SNAP-PRJ-SYN-0958-Q3,Border Road Strategic Connectivity Link 28,Highways,Ministry of Road Transport and Highways (MoRTH),State PWD (Highways),Andhra Pradesh,EPC,Urban Dense,1438.39,1438.39,1127.7,73.99,78.4,2018-08-06,2022-01-04,2022-09-30,2021-09-02,2023-03-09,1819.71,14.1,1,26.51,1
PRJ-SYN-0959,SNAP-PRJ-SYN-0959-Q1,High-Speed Rail Corridor Link 12,Railways,Ministry of Railways (MoR),CORE,Punjab,EPC,Urban Dense,3000.76,3000.76,908.33,32.43,30.27,2019-03-27,2024-06-25,2024-06-25,2021-01-26,2024-06-25,3253.12,0.0,0,8.41,0
PRJ-SYN-0959,SNAP-PRJ-SYN-0959-Q2,High-Speed Rail Corridor Link 12,Railways,Ministry of Railways (MoR),CORE,Punjab,EPC,Urban Dense,3000.76,3000.76,2486.43,77.14,82.86,2019-03-27,2024-06-25,2024-06-25,2023-06-08,2024-06-25,3253.12,0.0,0,8.41,0
PRJ-SYN-0959,SNAP-PRJ-SYN-0959-Q3,High-Speed Rail Corridor Link 12,Railways,Ministry of Railways (MoR),CORE,Punjab,EPC,Urban Dense,3000.76,3000.76,2821.31,96.52,94.02,2019-03-27,2024-06-25,2024-08-05,2023-12-16,2024-06-25,3253.12,0.0,0,8.41,0
PRJ-SYN-0960,SNAP-PRJ-SYN-0960-Q1,NH-64 4/6-Laning Bypass & Viaduct,Highways,Ministry of Road Transport and Highways (MoRTH),National Highways Authority of India (NHAI),Haryana,HAM,Hilly/Mountainous,653.06,664.57,523.48,75.56,78.77,2021-11-13,2024-04-13,2024-04-13,2023-10-20,2024-06-28,672.0,2.5,0,2.9,0
PRJ-SYN-0960,SNAP-PRJ-SYN-0960-Q2,NH-64 4/6-Laning Bypass & Viaduct,Highways,Ministry of Road Transport and Highways (MoRTH),National Highways Authority of India (NHAI),Haryana,HAM,Hilly/Mountainous,653.06,653.06,616.03,93.57,94.33,2021-11-13,2024-04-13,2024-04-13,2024-01-16,2024-06-28,672.0,2.5,0,2.9,0
PRJ-SYN-0961,SNAP-PRJ-SYN-0961-Q1,Andhra Pradesh Ring Metro Transit System Pkg 87,Metro Rail,Ministry of Housing and Urban Affairs (MoHUA),Bangalore Metro Rail Corp (BMRCL),Andhra Pradesh,BOT,Coastal,15587.12,15587.12,3602.18,12.1,23.11,2021-07-01,2027-01-30,2027-01-30,2022-08-12,2028-09-23,17672.68,19.8,1,13.38,1
PRJ-SYN-0961,SNAP-PRJ-SYN-0961-Q2,Andhra Pradesh Ring Metro Transit System Pkg 87,Metro Rail,Ministry of Housing and Urban Affairs (MoHUA),Bangalore Metro Rail Corp (BMRCL),Andhra Pradesh,BOT,Coastal,15587.12,17263.96,14023.51,76.9,81.23,2021-07-01,2027-01-30,2028-06-07,2026-07-10,2028-09-23,17672.68,19.8,1,13.38,1
PRJ-SYN-0962,SNAP-PRJ-SYN-0962-Q1,High-Speed Rail Corridor Link 44,Railways,Ministry of Railways (MoR),Rail Vikas Nigam Ltd (RVNL),Gujarat,EPC,Urban Dense,588.32,588.32,89.9,13.06,15.28,2023-10-01,2027-03-01,2027-04-06,2024-06-06,2027-11-08,672.39,8.3,1,14.29,1
PRJ-SYN-0962,SNAP-PRJ-SYN-0962-Q2,High-Speed Rail Corridor Link 44,Railways,Ministry of Railways (MoR),Rail Vikas Nigam Ltd (RVNL),Gujarat,EPC,Urban Dense,588.32,645.77,485.17,72.32,75.13,2023-10-01,2027-03-01,2027-09-24,2026-06-25,2027-11-08,672.39,8.3,1,14.29,1
PRJ-SYN-0963,SNAP-PRJ-SYN-0963-Q1,Kerala Rail Doubling & Third Line Section,Railways,Ministry of Railways (MoR),IRCON International,Kerala,BOT,Coastal,483.29,483.29,268.03,45.09,55.46,2022-08-27,2027-07-27,2027-10-12,2025-02-09,2028-02-22,540.95,6.9,1,11.93,1
PRJ-SYN-0963,SNAP-PRJ-SYN-0963-Q2,Kerala Rail Doubling & Third Line Section,Railways,Ministry of Railways (MoR),IRCON International,Kerala,BOT,Coastal,483.29,528.28,465.94,84.53,88.2,2022-08-27,2027-07-27,2028-02-08,2027-01-29,2028-02-22,540.95,6.9,1,11.93,1
PRJ-SYN-0964,SNAP-PRJ-SYN-0964-Q1,High-Speed Rail Corridor Link 17,Railways,Ministry of Railways (MoR),CORE,Gujarat,HAM,Urban Dense,100.2,100.2,20.4,12.61,20.36,2023-05-21,2028-01-19,2028-01-19,2024-04-25,2029-01-18,130.0,12.0,1,29.74,1
PRJ-SYN-0964,SNAP-PRJ-SYN-0964-Q2,High-Speed Rail Corridor Link 17,Railways,Ministry of Railways (MoR),CORE,Gujarat,HAM,Urban Dense,100.2,112.08,71.74,56.39,64.01,2023-05-21,2028-01-19,2028-09-02,2026-06-01,2029-01-18,130.0,12.0,1,29.74,1
PRJ-SYN-0964,SNAP-PRJ-SYN-0964-Q3,High-Speed Rail Corridor Link 17,Railways,Ministry of Railways (MoR),CORE,Gujarat,HAM,Urban Dense,100.2,100.2,83.41,73.19,83.24,2023-05-21,2028-01-19,2028-09-30,2027-02-12,2029-01-18,130.0,12.0,1,29.74,1
PRJ-SYN-0964,SNAP-PRJ-SYN-0964-Q4,High-Speed Rail Corridor Link 17,Railways,Ministry of Railways (MoR),CORE,Gujarat,HAM,Urban Dense,100.2,126.0,115.95,81.02,92.02,2023-05-21,2028-01-19,2028-10-21,2027-08-02,2029-01-18,130.0,12.0,1,29.74,1
PRJ-SYN-0965,SNAP-PRJ-SYN-0965-Q1,Uttar Pradesh Metro Corridor Elevated Extension Phase I,Metro Rail,Ministry of Housing and Urban Affairs (MoHUA),UP Metro Rail Corp (UPMRC),Uttar Pradesh,EPC,Plains,3040.87,3040.87,1185.03,38.31,38.97,2019-01-08,2025-07-09,2025-07-09,2021-04-17,2025-08-26,3085.27,1.6,0,1.46,0
PRJ-SYN-0965,SNAP-PRJ-SYN-0965-Q2,Uttar Pradesh Metro Corridor Elevated Extension Phase I,Metro Rail,Ministry of Housing and Urban Affairs (MoHUA),UP Metro Rail Corp (UPMRC),Uttar Pradesh,EPC,Plains,3040.87,3040.87,1994.51,62.31,65.59,2019-01-08,2025-07-09,2025-07-09,2023-03-31,2025-08-26,3085.27,1.6,0,1.46,0
PRJ-SYN-0966,SNAP-PRJ-SYN-0966-Q1,Assam Ultra Mega Solar Power Park 93 MW,Power & Renewable Energy,Ministry of Power / MNRE,SJVN Limited,Assam,EPC,Plains,3702.72,3702.72,629.83,15.93,17.01,2019-11-13,2023-12-13,2023-12-13,2020-09-06,2024-10-21,3927.85,10.3,1,6.08,0
PRJ-SYN-0966,SNAP-PRJ-SYN-0966-Q2,Assam Ultra Mega Solar Power Park 93 MW,Power & Renewable Energy,Ministry of Power / MNRE,SJVN Limited,Assam,EPC,Plains,3702.72,3702.72,2019.09,49.73,54.53,2019-11-13,2023-12-13,2024-05-24,2022-07-09,2024-10-21,3927.85,10.3,1,6.08,0
PRJ-SYN-0966,SNAP-PRJ-SYN-0966-Q3,Assam Ultra Mega Solar Power Park 93 MW,Power & Renewable Energy,Ministry of Power / MNRE,SJVN Limited,Assam,EPC,Plains,3702.72,3826.52,2946.42,72.93,77.0,2019-11-13,2023-12-13,2024-09-05,2023-02-18,2024-10-21,3927.85,10.3,1,6.08,0
PRJ-SYN-0966,SNAP-PRJ-SYN-0966-Q4,Assam Ultra Mega Solar Power Park 93 MW,Power & Renewable Energy,Ministry of Power / MNRE,SJVN Limited,Assam,EPC,Plains,3702.72,3702.72,2945.14,78.58,79.54,2019-11-13,2023-12-13,2024-09-06,2023-07-17,2024-10-21,3927.85,10.3,1,6.08,0
PRJ-SYN-0967,SNAP-PRJ-SYN-0967-Q1,Himachal Pradesh Metro Line 46 Underground Section,Metro Rail,Ministry of Housing and Urban Affairs (MoHUA),Delhi Metro Rail Corp (DMRC),Himachal Pradesh,BOT,Plains,1381.85,1381.85,255.64,17.21,18.5,2018-10-11,2024-04-10,2024-04-10,2019-11-16,2024-06-19,1450.11,2.3,0,4.94,0
PRJ-SYN-0967,SNAP-PRJ-SYN-0967-Q2,Himachal Pradesh Metro Line 46 Underground Section,Metro Rail,Ministry of Housing and Urban Affairs (MoHUA),Delhi Metro Rail Corp (DMRC),Himachal Pradesh,BOT,Plains,1381.85,1381.85,693.97,52.62,50.22,2018-10-11,2024-04-10,2024-04-10,2021-07-11,2024-06-19,1450.11,2.3,0,4.94,0
PRJ-SYN-0968,SNAP-PRJ-SYN-0968-Q1,West Bengal Ring Metro Transit System Pkg 32,Metro Rail,Ministry of Housing and Urban Affairs (MoHUA),Delhi Metro Rail Corp (DMRC),West Bengal,EPC,Plains,7596.5,7596.5,5056.23,64.98,66.56,2022-06-20,2029-11-18,2029-11-18,2027-04-15,2029-11-18,7625.37,0.0,0,0.38,0
PRJ-SYN-0968,SNAP-PRJ-SYN-0968-Q2,West Bengal Ring Metro Transit System Pkg 32,Metro Rail,Ministry of Housing and Urban Affairs (MoHUA),Delhi Metro Rail Corp (DMRC),West Bengal,EPC,Plains,7596.5,7596.5,7131.59,92.62,93.88,2022-06-20,2029-11-18,2029-11-18,2029-02-21,2029-11-18,7625.37,0.0,0,0.38,0
PRJ-SYN-0969,SNAP-PRJ-SYN-0969-Q1,Maharashtra Economic Corridor Pkg 54,Highways,Ministry of Road Transport and Highways (MoRTH),National Highways Authority of India (NHAI),Maharashtra,EPC,Hilly/Mountainous,1065.56,1065.56,158.87,15.82,14.91,2020-08-22,2022-11-21,2023-01-08,2021-02-02,2023-02-17,1123.74,2.9,0,5.46,0
PRJ-SYN-0969,SNAP-PRJ-SYN-0969-Q2,Maharashtra Economic Corridor Pkg 54,Highways,Ministry of Road Transport and Highways (MoRTH),National Highways Authority of India (NHAI),Maharashtra,EPC,Hilly/Mountainous,1065.56,1065.56,547.7,51.14,51.4,2020-08-22,2022-11-21,2022-11-21,2021-10-06,2023-02-17,1123.74,2.9,0,5.46,0
PRJ-SYN-0969,SNAP-PRJ-SYN-0969-Q3,Maharashtra Economic Corridor Pkg 54,Highways,Ministry of Road Transport and Highways (MoRTH),National Highways Authority of India (NHAI),Maharashtra,EPC,Hilly/Mountainous,1065.56,1065.56,888.25,82.45,83.36,2020-08-22,2022-11-21,2022-11-21,2022-06-10,2023-02-17,1123.74,2.9,0,5.46,0
PRJ-SYN-0970,SNAP-PRJ-SYN-0970-Q1,Tamil Nadu River Basin Pollution Abatement Pkg 50,Urban Water & Sanitation,Ministry of Housing and Urban Affairs (MoHUA),Delhi Jal Board,Tamil Nadu,Item Rate,Plains,219.89,219.89,37.1,5.0,16.87,2021-08-24,2023-01-23,2023-03-26,2021-12-05,2024-02-13,272.36,12.7,1,23.86,1
PRJ-SYN-0970,SNAP-PRJ-SYN-0970-Q2,Tamil Nadu River Basin Pollution Abatement Pkg 50,Urban Water & Sanitation,Ministry of Housing and Urban Affairs (MoHUA),Delhi Jal Board,Tamil Nadu,Item Rate,Plains,219.89,251.08,92.02,31.22,36.65,2021-08-24,2023-01-23,2023-09-08,2022-07-26,2024-02-13,272.36,12.7,1,23.86,1
PRJ-SYN-0970,SNAP-PRJ-SYN-0970-Q3,Tamil Nadu River Basin Pollution Abatement Pkg 50,Urban Water & Sanitation,Ministry of Housing and Urban Affairs (MoHUA),Delhi Jal Board,Tamil Nadu,Item Rate,Plains,219.89,219.89,142.36,57.0,64.74,2021-08-24,2023-01-23,2024-02-08,2022-12-02,2024-02-13,272.36,12.7,1,23.86,1
PRJ-SYN-0971,SNAP-PRJ-SYN-0971-Q1,Deep Draft Container Terminal Berth 51,Ports & Shipping,"Ministry of Ports, Shipping and Waterways (MoPSW)",Syama Prasad Mookerjee Port,Gujarat,EPC,Hilly/Mountainous,479.61,479.61,341.34,69.71,71.17,2019-07-12,2021-08-10,2021-08-10,2020-11-17,2021-08-28,496.44,0.6,0,3.51,0
PRJ-SYN-0971,SNAP-PRJ-SYN-0971-Q2,Deep Draft Container Terminal Berth 51,Ports & Shipping,"Ministry of Ports, Shipping and Waterways (MoPSW)",Syama Prasad Mookerjee Port,Gujarat,EPC,Hilly/Mountainous,479.61,479.61,405.13,81.19,84.47,2019-07-12,2021-08-10,2021-10-17,2021-03-11,2021-08-28,496.44,0.6,0,3.51,0
PRJ-SYN-0971,SNAP-PRJ-SYN-0971-Q3,Deep Draft Container Terminal Berth 51,Ports & Shipping,"Ministry of Ports, Shipping and Waterways (MoPSW)",Syama Prasad Mookerjee Port,Gujarat,EPC,Hilly/Mountainous,479.61,486.24,419.24,83.81,86.22,2019-07-12,2021-08-10,2021-08-10,2021-05-26,2021-08-28,496.44,0.6,0,3.51,0
PRJ-SYN-0972,SNAP-PRJ-SYN-0972-Q1,Border Road Strategic Connectivity Link 27,Highways,Ministry of Road Transport and Highways (MoRTH),State PWD (Highways),West Bengal,EPC,Plains,1582.05,1582.05,819.19,48.96,51.78,2019-07-14,2023-05-14,2023-07-18,2021-06-13,2023-06-19,1622.08,1.2,0,2.53,0
PRJ-SYN-0972,SNAP-PRJ-SYN-0972-Q2,Border Road Strategic Connectivity Link 27,Highways,Ministry of Road Transport and Highways (MoRTH),State PWD (Highways),West Bengal,EPC,Plains,1582.05,1582.05,1108.86,64.85,70.09,2019-07-14,2023-05-14,2023-05-14,2022-01-09,2023-06-19,1622.08,1.2,0,2.53,0
PRJ-SYN-0972,SNAP-PRJ-SYN-0972-Q3,Border Road Strategic Connectivity Link 27,Highways,Ministry of Road Transport and Highways (MoRTH),State PWD (Highways),West Bengal,EPC,Plains,1582.05,1582.05,1399.96,84.07,88.49,2019-07-14,2023-05-14,2023-05-14,2022-08-07,2023-06-19,1622.08,1.2,0,2.53,0
PRJ-SYN-0972,SNAP-PRJ-SYN-0972-Q4,Border Road Strategic Connectivity Link 27,Highways,Ministry of Road Transport and Highways (MoRTH),State PWD (Highways),West Bengal,EPC,Plains,1582.05,1582.05,1378.6,89.49,87.14,2019-07-14,2023-05-14,2023-05-14,2022-12-25,2023-06-19,1622.08,1.2,0,2.53,0
PRJ-SYN-0973,SNAP-PRJ-SYN-0973-Q1,Telangana Metro Line 20 Underground Section,Metro Rail,Ministry of Housing and Urban Affairs (MoHUA),UP Metro Rail Corp (UPMRC),Telangana,EPC,Hilly/Mountainous,1119.33,1119.33,248.72,20.34,22.22,2023-07-17,2030-03-17,2030-03-17,2024-11-15,2030-04-28,1197.24,1.4,0,6.96,0
PRJ-SYN-0973,SNAP-PRJ-SYN-0973-Q2,Telangana Metro Line 20 Underground Section,Metro Rail,Ministry of Housing and Urban Affairs (MoHUA),UP Metro Rail Corp (UPMRC),Telangana,EPC,Hilly/Mountainous,1119.33,1119.33,371.51,34.91,33.19,2023-07-17,2030-03-17,2030-05-20,2025-11-15,2030-04-28,1197.24,1.4,0,6.96,0
PRJ-SYN-0973,SNAP-PRJ-SYN-0973-Q3,Telangana Metro Line 20 Underground Section,Metro Rail,Ministry of Housing and Urban Affairs (MoHUA),UP Metro Rail Corp (UPMRC),Telangana,EPC,Hilly/Mountainous,1119.33,1119.33,725.89,63.59,64.85,2023-07-17,2030-03-17,2030-03-17,2027-11-15,2030-04-28,1197.24,1.4,0,6.96,0
PRJ-SYN-0973,SNAP-PRJ-SYN-0973-Q4,Telangana Metro Line 20 Underground Section,Metro Rail,Ministry of Housing and Urban Affairs (MoHUA),UP Metro Rail Corp (UPMRC),Telangana,EPC,Hilly/Mountainous,1119.33,1119.33,1002.81,90.96,89.59,2023-07-17,2030-03-17,2030-03-17,2029-07-16,2030-04-28,1197.24,1.4,0,6.96,0
PRJ-SYN-0974,SNAP-PRJ-SYN-0974-Q1,Himachal Pradesh Rail Doubling & Third Line Section,Railways,Ministry of Railways (MoR),IRCON International,Himachal Pradesh,EPC,Plains,2108.33,2108.33,476.27,20.94,22.59,2022-08-05,2028-01-04,2028-01-18,2023-09-04,2028-04-16,2135.74,3.4,1,1.3,0
PRJ-SYN-0974,SNAP-PRJ-SYN-0974-Q2,Himachal Pradesh Rail Doubling & Third Line Section,Railways,Ministry of Railways (MoR),IRCON International,Himachal Pradesh,EPC,Plains,2108.33,2108.33,1061.97,48.93,50.37,2022-08-05,2028-01-04,2028-01-04,2025-04-20,2028-04-16,2135.74,3.4,1,1.3,0
PRJ-SYN-0975,SNAP-PRJ-SYN-0975-Q1,Andhra Pradesh Smart City Water Supply Augmentation,Urban Water & Sanitation,Ministry of Housing and Urban Affairs (MoHUA),Karnataka Urban Infra Dev (KUIDFC),Andhra Pradesh,EPC,Plains,1105.71,1139.53,105.18,5.0,9.23,2022-07-08,2024-05-07,2024-05-07,2022-11-18,2025-08-18,1552.75,15.4,1,40.43,1
PRJ-SYN-0975,SNAP-PRJ-SYN-0975-Q2,Andhra Pradesh Smart City Water Supply Augmentation,Urban Water & Sanitation,Ministry of Housing and Urban Affairs (MoHUA),Karnataka Urban Infra Dev (KUIDFC),Andhra Pradesh,EPC,Plains,1105.71,1105.71,138.21,9.93,12.5,2022-07-08,2024-05-07,2024-08-14,2023-02-27,2025-08-18,1552.75,15.4,1,40.43,1
PRJ-SYN-0976,SNAP-PRJ-SYN-0976-Q1,Telangana Rail Doubling & Third Line Section,Railways,Ministry of Railways (MoR),Rail Vikas Nigam Ltd (RVNL),Telangana,HAM,Plains,4040.57,4040.57,977.01,18.71,24.18,2023-07-12,2027-03-12,2027-03-12,2024-04-04,2027-05-27,4059.16,2.5,0,0.46,0
PRJ-SYN-0976,SNAP-PRJ-SYN-0976-Q2,Telangana Rail Doubling & Third Line Section,Railways,Ministry of Railways (MoR),Rail Vikas Nigam Ltd (RVNL),Telangana,HAM,Plains,4040.57,4238.48,4153.71,92.33,98.0,2023-07-12,2027-03-12,2027-04-28,2026-10-29,2027-05-27,4059.16,2.5,0,0.46,0
PRJ-SYN-0977,SNAP-PRJ-SYN-0977-Q1,Jharkhand Station Redevelopment & Quadrupling,Railways,Ministry of Railways (MoR),Dedicated Freight Corridor Corp (DFCCIL),Jharkhand,EPC,Hilly/Mountainous,859.82,859.82,88.3,5.0,10.27,2020-03-03,2023-11-02,2024-02-19,2020-11-25,2026-11-07,1102.81,36.2,1,28.26,1
PRJ-SYN-0977,SNAP-PRJ-SYN-0977-Q2,Jharkhand Station Redevelopment & Quadrupling,Railways,Ministry of Railways (MoR),Dedicated Freight Corridor Corp (DFCCIL),Jharkhand,EPC,Hilly/Mountainous,859.82,1081.7,668.27,56.15,61.78,2020-03-03,2023-11-02,2026-01-25,2023-06-21,2026-11-07,1102.81,36.2,1,28.26,1
PRJ-SYN-0978,SNAP-PRJ-SYN-0978-Q1,Odisha Ultra Mega Solar Power Park 70 MW,Power & Renewable Energy,Ministry of Power / MNRE,SJVN Limited,Odisha,Item Rate,Coastal,942.85,968.89,448.4,42.83,46.28,2023-09-23,2026-04-23,2026-04-23,2025-01-06,2026-07-29,1037.61,3.2,1,10.05,1
PRJ-SYN-0978,SNAP-PRJ-SYN-0978-Q2,Odisha Ultra Mega Solar Power Park 70 MW,Power & Renewable Energy,Ministry of Power / MNRE,SJVN Limited,Odisha,Item Rate,Coastal,942.85,996.57,697.7,58.7,70.01,2023-09-23,2026-04-23,2026-06-25,2025-05-28,2026-07-29,1037.61,3.2,1,10.05,1
PRJ-SYN-0978,SNAP-PRJ-SYN-0978-Q3,Odisha Ultra Mega Solar Power Park 70 MW,Power & Renewable Energy,Ministry of Power / MNRE,SJVN Limited,Odisha,Item Rate,Coastal,942.85,1001.51,871.31,83.59,87.0,2023-09-23,2026-04-23,2026-06-20,2026-01-19,2026-07-29,1037.61,3.2,1,10.05,1
PRJ-SYN-0979,SNAP-PRJ-SYN-0979-Q1,Gujarat Express Highway Corridor Phase III,Highways,Ministry of Road Transport and Highways (MoRTH),NHIDCL,Gujarat,Turnkey,Plains,906.91,906.91,237.16,21.27,26.15,2018-11-02,2021-01-31,2021-01-31,2019-04-15,2021-04-14,915.8,2.4,0,0.98,0
PRJ-SYN-0979,SNAP-PRJ-SYN-0979-Q2,Gujarat Express Highway Corridor Phase III,Highways,Ministry of Road Transport and Highways (MoRTH),NHIDCL,Gujarat,Turnkey,Plains,906.91,906.91,348.07,38.08,38.38,2018-11-02,2021-01-31,2021-01-31,2019-08-16,2021-04-14,915.8,2.4,0,0.98,0
PRJ-SYN-0979,SNAP-PRJ-SYN-0979-Q3,Gujarat Express Highway Corridor Phase III,Highways,Ministry of Road Transport and Highways (MoRTH),NHIDCL,Gujarat,Turnkey,Plains,906.91,906.91,712.02,75.2,78.51,2018-11-02,2021-01-31,2021-01-31,2020-08-20,2021-04-14,915.8,2.4,0,0.98,0
PRJ-SYN-0979,SNAP-PRJ-SYN-0979-Q4,Gujarat Express Highway Corridor Phase III,Highways,Ministry of Road Transport and Highways (MoRTH),NHIDCL,Gujarat,Turnkey,Plains,906.91,906.91,858.93,95.56,94.71,2018-11-02,2021-01-31,2021-01-31,2020-11-10,2021-04-14,915.8,2.4,0,0.98,0
PRJ-SYN-0980,SNAP-PRJ-SYN-0980-Q1,Border Road Strategic Connectivity Link 80,Highways,Ministry of Road Transport and Highways (MoRTH),NHIDCL,Telangana,HAM,Plains,1506.2,1506.2,487.26,28.87,32.35,2020-10-17,2024-10-17,2024-10-17,2022-03-12,2025-06-11,1599.58,7.8,1,6.2,0
PRJ-SYN-0980,SNAP-PRJ-SYN-0980-Q2,Border Road Strategic Connectivity Link 80,Highways,Ministry of Road Transport and Highways (MoRTH),NHIDCL,Telangana,HAM,Plains,1506.2,1506.2,912.76,56.65,60.6,2020-10-17,2024-10-17,2025-02-13,2023-05-24,2025-06-11,1599.58,7.8,1,6.2,0
PRJ-SYN-0980,SNAP-PRJ-SYN-0980-Q3,Border Road Strategic Connectivity Link 80,Highways,Ministry of Road Transport and Highways (MoRTH),NHIDCL,Telangana,HAM,Plains,1506.2,1506.2,1167.61,77.77,77.52,2020-10-17,2024-10-17,2025-05-16,2024-05-23,2025-06-11,1599.58,7.8,1,6.2,0
PRJ-SYN-0981,SNAP-PRJ-SYN-0981-Q1,Freight Corridor Feeder Line 76,Railways,Ministry of Railways (MoR),Rail Vikas Nigam Ltd (RVNL),Uttar Pradesh,EPC,Plains,2668.79,2668.79,514.81,16.12,19.29,2019-12-07,2025-08-06,2025-08-06,2021-01-23,2025-08-06,2743.78,0.0,0,2.81,0
PRJ-SYN-0981,SNAP-PRJ-SYN-0981-Q2,Freight Corridor Feeder Line 76,Railways,Ministry of Railways (MoR),Rail Vikas Nigam Ltd (RVNL),Uttar Pradesh,EPC,Plains,2668.79,2668.79,951.96,31.95,35.67,2019-12-07,2025-08-06,2025-08-06,2021-11-30,2025-08-06,2743.78,0.0,0,2.81,0
PRJ-SYN-0981,SNAP-PRJ-SYN-0981-Q3,Freight Corridor Feeder Line 76,Railways,Ministry of Railways (MoR),Rail Vikas Nigam Ltd (RVNL),Uttar Pradesh,EPC,Plains,2668.79,2668.79,2293.29,82.09,85.93,2019-12-07,2025-08-06,2025-08-06,2024-06-18,2025-08-06,2743.78,0.0,0,2.81,0
PRJ-SYN-0982,SNAP-PRJ-SYN-0982-Q1,NH-98 4/6-Laning Bypass & Viaduct,Highways,Ministry of Road Transport and Highways (MoRTH),NHIDCL,Andhra Pradesh,EPC,Plains,2476.38,2476.38,429.9,16.58,17.36,2021-06-21,2024-12-20,2025-03-24,2022-03-03,2025-03-18,2561.82,2.9,0,3.45,0
PRJ-SYN-0982,SNAP-PRJ-SYN-0982-Q2,NH-98 4/6-Laning Bypass & Viaduct,Highways,Ministry of Road Transport and Highways (MoRTH),NHIDCL,Andhra Pradesh,EPC,Plains,2476.38,2476.38,820.92,33.46,33.15,2021-06-21,2024-12-20,2024-12-20,2022-09-11,2025-03-18,2561.82,2.9,0,3.45,0
PRJ-SYN-0982,SNAP-PRJ-SYN-0982-Q3,NH-98 4/6-Laning Bypass & Viaduct,Highways,Ministry of Road Transport and Highways (MoRTH),NHIDCL,Andhra Pradesh,EPC,Plains,2476.38,2476.38,1791.17,67.85,72.33,2021-06-21,2024-12-20,2024-12-20,2023-09-29,2025-03-18,2561.82,2.9,0,3.45,0
PRJ-SYN-0982,SNAP-PRJ-SYN-0982-Q4,NH-98 4/6-Laning Bypass & Viaduct,Highways,Ministry of Road Transport and Highways (MoRTH),NHIDCL,Andhra Pradesh,EPC,Plains,2476.38,2476.38,2369.9,89.71,95.7,2021-06-21,2024-12-20,2024-12-20,2024-08-14,2025-03-18,2561.82,2.9,0,3.45,0
PRJ-SYN-0983,SNAP-PRJ-SYN-0983-Q1,Telangana Pumped Storage Hydro Project Phase IV,Power & Renewable Energy,Ministry of Power / MNRE,Solar Energy Corporation of India (SECI),Telangana,EPC,Plains,512.44,523.08,52.26,5.0,9.99,2018-02-03,2021-03-05,2021-05-30,2018-09-16,2023-04-07,629.02,25.1,1,22.75,1
PRJ-SYN-0983,SNAP-PRJ-SYN-0983-Q2,Telangana Pumped Storage Hydro Project Phase IV,Power & Renewable Energy,Ministry of Power / MNRE,Solar Energy Corporation of India (SECI),Telangana,EPC,Plains,512.44,556.17,199.22,25.89,35.82,2018-02-03,2021-03-05,2021-12-02,2019-08-20,2023-04-07,629.02,25.1,1,22.75,1
PRJ-SYN-0983,SNAP-PRJ-SYN-0983-Q3,Telangana Pumped Storage Hydro Project Phase IV,Power & Renewable Energy,Ministry of Power / MNRE,Solar Energy Corporation of India (SECI),Telangana,EPC,Plains,512.44,593.27,362.01,51.76,61.02,2018-02-03,2021-03-05,2022-10-05,2020-07-22,2023-04-07,629.02,25.1,1,22.75,1
PRJ-SYN-0984,SNAP-PRJ-SYN-0984-Q1,Freight Corridor Feeder Line 79,Railways,Ministry of Railways (MoR),Rail Vikas Nigam Ltd (RVNL),Uttarakhand,EPC,Urban Dense,719.73,719.73,290.41,40.58,40.35,2018-04-20,2021-08-19,2021-08-19,2019-06-20,2021-09-09,760.97,0.7,0,5.73,0
PRJ-SYN-0984,SNAP-PRJ-SYN-0984-Q2,Freight Corridor Feeder Line 79,Railways,Ministry of Railways (MoR),Rail Vikas Nigam Ltd (RVNL),Uttarakhand,EPC,Urban Dense,719.73,719.73,361.09,47.71,50.17,2018-04-20,2021-08-19,2021-08-19,2019-12-19,2021-09-09,760.97,0.7,0,5.73,0
PRJ-SYN-0985,SNAP-PRJ-SYN-0985-Q1,Bihar River Basin Pollution Abatement Pkg 40,Urban Water & Sanitation,Ministry of Housing and Urban Affairs (MoHUA),Delhi Jal Board,Bihar,BOT,Plains,433.96,484.4,202.67,38.07,41.84,2018-10-19,2020-08-18,2021-04-08,2019-12-28,2021-09-11,534.03,12.8,1,23.06,1
PRJ-SYN-0985,SNAP-PRJ-SYN-0985-Q2,Bihar River Basin Pollution Abatement Pkg 40,Urban Water & Sanitation,Ministry of Housing and Urban Affairs (MoHUA),Delhi Jal Board,Bihar,BOT,Plains,433.96,496.81,316.17,54.31,63.64,2018-10-19,2020-08-18,2020-08-18,2020-04-06,2021-09-11,534.03,12.8,1,23.06,1
PRJ-SYN-0986,SNAP-PRJ-SYN-0986-Q1,Karnataka Rail Doubling & Third Line Section,Railways,Ministry of Railways (MoR),Dedicated Freight Corridor Corp (DFCCIL),Karnataka,EPC,Plains,1372.72,1372.72,401.11,28.53,29.22,2018-06-25,2023-03-25,2023-07-12,2020-02-22,2024-03-27,1439.57,12.1,1,4.87,0
PRJ-SYN-0986,SNAP-PRJ-SYN-0986-Q2,Karnataka Rail Doubling & Third Line Section,Railways,Ministry of Railways (MoR),Dedicated Freight Corridor Corp (DFCCIL),Karnataka,EPC,Plains,1372.72,1372.72,782.31,51.22,56.99,2018-06-25,2023-03-25,2023-08-18,2021-07-26,2024-03-27,1439.57,12.1,1,4.87,0
PRJ-SYN-0986,SNAP-PRJ-SYN-0986-Q3,Karnataka Rail Doubling & Third Line Section,Railways,Ministry of Railways (MoR),Dedicated Freight Corridor Corp (DFCCIL),Karnataka,EPC,Plains,1372.72,1372.72,1050.27,72.46,76.51,2018-06-25,2023-03-25,2023-03-25,2022-04-12,2024-03-27,1439.57,12.1,1,4.87,0
PRJ-SYN-0987,SNAP-PRJ-SYN-0987-Q1,Assam Port Modernization & Coastal Connectivity,Ports & Shipping,"Ministry of Ports, Shipping and Waterways (MoPSW)",Syama Prasad Mookerjee Port,Assam,EPC,Plains,3469.13,3469.13,673.36,16.51,19.41,2023-02-11,2027-08-12,2027-08-12,2024-01-05,2028-01-08,3574.24,4.9,1,3.03,0
PRJ-SYN-0987,SNAP-PRJ-SYN-0987-Q2,Assam Port Modernization & Coastal Connectivity,Ports & Shipping,"Ministry of Ports, Shipping and Waterways (MoPSW)",Syama Prasad Mookerjee Port,Assam,EPC,Plains,3469.13,3469.13,2570.63,75.21,74.1,2023-02-11,2027-08-12,2027-11-07,2026-09-17,2028-01-08,3574.24,4.9,1,3.03,0
PRJ-SYN-0987,SNAP-PRJ-SYN-0987-Q3,Assam Port Modernization & Coastal Connectivity,Ports & Shipping,"Ministry of Ports, Shipping and Waterways (MoPSW)",Syama Prasad Mookerjee Port,Assam,EPC,Plains,3469.13,3469.13,2745.82,81.78,79.15,2023-02-11,2027-08-12,2028-01-09,2027-03-01,2028-01-08,3574.24,4.9,1,3.03,0
PRJ-SYN-0988,SNAP-PRJ-SYN-0988-Q1,Gujarat Rail Doubling & Third Line Section,Railways,Ministry of Railways (MoR),Rail Vikas Nigam Ltd (RVNL),Gujarat,HAM,Plains,981.47,981.47,262.35,23.83,26.73,2020-03-05,2023-04-05,2023-04-05,2020-10-16,2023-06-23,999.73,2.6,0,1.86,0
PRJ-SYN-0988,SNAP-PRJ-SYN-0988-Q2,Gujarat Rail Doubling & Third Line Section,Railways,Ministry of Railways (MoR),Rail Vikas Nigam Ltd (RVNL),Gujarat,HAM,Plains,981.47,981.47,460.51,47.55,46.92,2020-03-05,2023-04-05,2023-04-05,2021-09-19,2023-06-23,999.73,2.6,0,1.86,0
PRJ-SYN-0988,SNAP-PRJ-SYN-0988-Q3,Gujarat Rail Doubling & Third Line Section,Railways,Ministry of Railways (MoR),Rail Vikas Nigam Ltd (RVNL),Gujarat,HAM,Plains,981.47,981.47,615.09,61.99,62.67,2020-03-05,2023-04-05,2023-04-05,2022-03-07,2023-06-23,999.73,2.6,0,1.86,0
PRJ-SYN-0988,SNAP-PRJ-SYN-0988-Q4,Gujarat Rail Doubling & Third Line Section,Railways,Ministry of Railways (MoR),Rail Vikas Nigam Ltd (RVNL),Gujarat,HAM,Plains,981.47,981.47,750.14,78.04,76.43,2020-03-05,2023-04-05,2023-04-05,2022-08-22,2023-06-23,999.73,2.6,0,1.86,0
PRJ-SYN-0989,SNAP-PRJ-SYN-0989-Q1,NH-30 4/6-Laning Bypass & Viaduct,Highways,Ministry of Road Transport and Highways (MoRTH),National Highways Authority of India (NHAI),Gujarat,HAM,Hilly/Mountainous,487.83,492.78,110.28,17.16,22.38,2022-12-20,2025-11-19,2025-11-19,2023-07-21,2025-12-22,541.25,1.1,0,10.95,1
PRJ-SYN-0989,SNAP-PRJ-SYN-0989-Q2,NH-30 4/6-Laning Bypass & Viaduct,Highways,Ministry of Road Transport and Highways (MoRTH),National Highways Authority of India (NHAI),Gujarat,HAM,Hilly/Mountainous,487.83,509.13,298.66,56.49,58.66,2022-12-20,2025-11-19,2025-11-19,2024-06-04,2025-12-22,541.25,1.1,0,10.95,1
PRJ-SYN-0989,SNAP-PRJ-SYN-0989-Q3,NH-30 4/6-Laning Bypass & Viaduct,Highways,Ministry of Road Transport and Highways (MoRTH),National Highways Authority of India (NHAI),Gujarat,HAM,Hilly/Mountainous,487.83,512.71,365.1,66.66,71.21,2022-12-20,2025-11-19,2025-11-19,2024-11-11,2025-12-22,541.25,1.1,0,10.95,1
PRJ-SYN-0989,SNAP-PRJ-SYN-0989-Q4,NH-30 4/6-Laning Bypass & Viaduct,Highways,Ministry of Road Transport and Highways (MoRTH),National Highways Authority of India (NHAI),Gujarat,HAM,Hilly/Mountainous,487.83,521.54,463.18,78.07,88.81,2022-12-20,2025-11-19,2025-11-19,2025-04-20,2025-12-22,541.25,1.1,0,10.95,1
PRJ-SYN-0990,SNAP-PRJ-SYN-0990-Q1,Underground Sewerage System & 100 MLD STP,Urban Water & Sanitation,Ministry of Housing and Urban Affairs (MoHUA),Karnataka Urban Infra Dev (KUIDFC),Maharashtra,EPC,Coastal,410.02,410.02,107.59,20.62,26.24,2018-12-25,2021-02-23,2021-05-26,2019-09-27,2021-12-03,443.93,9.3,1,8.27,0
PRJ-SYN-0990,SNAP-PRJ-SYN-0990-Q2,Underground Sewerage System & 100 MLD STP,Urban Water & Sanitation,Ministry of Housing and Urban Affairs (MoHUA),Karnataka Urban Infra Dev (KUIDFC),Maharashtra,EPC,Coastal,410.02,410.02,145.07,33.59,35.38,2018-12-25,2021-02-23,2021-05-26,2020-01-24,2021-12-03,443.93,9.3,1,8.27,0
PRJ-SYN-0990,SNAP-PRJ-SYN-0990-Q3,Underground Sewerage System & 100 MLD STP,Urban Water & Sanitation,Ministry of Housing and Urban Affairs (MoHUA),Karnataka Urban Infra Dev (KUIDFC),Maharashtra,EPC,Coastal,410.02,410.02,170.73,42.2,41.64,2018-12-25,2021-02-23,2021-07-25,2020-05-22,2021-12-03,443.93,9.3,1,8.27,0
PRJ-SYN-0990,SNAP-PRJ-SYN-0990-Q4,Underground Sewerage System & 100 MLD STP,Urban Water & Sanitation,Ministry of Housing and Urban Affairs (MoHUA),Karnataka Urban Infra Dev (KUIDFC),Maharashtra,EPC,Coastal,410.02,410.02,266.14,67.39,64.91,2018-12-25,2021-02-23,2021-02-23,2020-09-18,2021-12-03,443.93,9.3,1,8.27,0
PRJ-SYN-0991,SNAP-PRJ-SYN-0991-Q1,High-Speed Rail Corridor Link 22,Railways,Ministry of Railways (MoR),Dedicated Freight Corridor Corp (DFCCIL),Maharashtra,HAM,Plains,4750.6,4750.6,900.24,20.72,18.95,2019-05-18,2023-01-16,2023-01-16,2020-02-09,2023-04-02,4876.02,2.5,0,2.64,0
PRJ-SYN-0991,SNAP-PRJ-SYN-0991-Q2,High-Speed Rail Corridor Link 22,Railways,Ministry of Railways (MoR),Dedicated Freight Corridor Corp (DFCCIL),Maharashtra,HAM,Plains,4750.6,4750.6,3098.82,63.7,65.23,2019-05-18,2023-01-16,2023-03-23,2021-10-04,2023-04-02,4876.02,2.5,0,2.64,0
PRJ-SYN-0992,SNAP-PRJ-SYN-0992-Q1,Rajasthan Economic Corridor Pkg 47,Highways,Ministry of Road Transport and Highways (MoRTH),NHIDCL,Rajasthan,EPC,Plains,1963.95,1991.58,253.93,6.94,12.75,2018-05-19,2020-12-17,2020-12-17,2018-11-23,2021-10-14,2115.76,9.9,1,7.73,0
PRJ-SYN-0992,SNAP-PRJ-SYN-0992-Q2,Rajasthan Economic Corridor Pkg 47,Highways,Ministry of Road Transport and Highways (MoRTH),NHIDCL,Rajasthan,EPC,Plains,1963.95,1963.95,702.11,35.94,35.75,2018-05-19,2020-12-17,2021-04-11,2019-09-02,2021-10-14,2115.76,9.9,1,7.73,0
PRJ-SYN-0992,SNAP-PRJ-SYN-0992-Q3,Rajasthan Economic Corridor Pkg 47,Highways,Ministry of Road Transport and Highways (MoRTH),NHIDCL,Rajasthan,EPC,Plains,1963.95,1963.95,1376.93,66.19,70.11,2018-05-19,2020-12-17,2021-08-30,2020-06-11,2021-10-14,2115.76,9.9,1,7.73,0
PRJ-SYN-0993,SNAP-PRJ-SYN-0993-Q1,Border Road Strategic Connectivity Link 70,Highways,Ministry of Road Transport and Highways (MoRTH),National Highways Authority of India (NHAI),Gujarat,HAM,Hilly/Mountainous,198.01,224.97,129.07,55.35,57.37,2021-11-05,2023-12-05,2024-04-20,2023-03-14,2024-08-22,247.31,8.6,1,24.9,1
PRJ-SYN-0993,SNAP-PRJ-SYN-0993-Q2,Border Road Strategic Connectivity Link 70,Highways,Ministry of Road Transport and Highways (MoRTH),National Highways Authority of India (NHAI),Gujarat,HAM,Hilly/Mountainous,198.01,198.01,142.15,64.2,71.79,2021-11-05,2023-12-05,2024-05-13,2023-07-06,2024-08-22,247.31,8.6,1,24.9,1
PRJ-SYN-0994,SNAP-PRJ-SYN-0994-Q1,Rajasthan Metro Corridor Elevated Extension Phase III,Metro Rail,Ministry of Housing and Urban Affairs (MoHUA),Delhi Metro Rail Corp (DMRC),Rajasthan,HAM,Plains,1896.49,1896.49,1057.48,49.86,55.76,2022-11-05,2029-01-04,2029-01-04,2025-12-05,2029-01-25,1925.89,0.7,0,1.55,0
PRJ-SYN-0994,SNAP-PRJ-SYN-0994-Q2,Rajasthan Metro Corridor Elevated Extension Phase III,Metro Rail,Ministry of Housing and Urban Affairs (MoHUA),Delhi Metro Rail Corp (DMRC),Rajasthan,HAM,Plains,1896.49,1896.49,1495.0,80.8,78.83,2022-11-05,2029-01-04,2029-01-04,2027-10-11,2029-01-25,1925.89,0.7,0,1.55,0
PRJ-SYN-0994,SNAP-PRJ-SYN-0994-Q3,Rajasthan Metro Corridor Elevated Extension Phase III,Metro Rail,Ministry of Housing and Urban Affairs (MoHUA),Delhi Metro Rail Corp (DMRC),Rajasthan,HAM,Plains,1896.49,1896.49,1725.05,88.62,90.96,2022-11-05,2029-01-04,2029-01-04,2028-05-24,2029-01-25,1925.89,0.7,0,1.55,0
PRJ-SYN-0995,SNAP-PRJ-SYN-0995-Q1,Kerala Rail Doubling & Third Line Section,Railways,Ministry of Railways (MoR),IRCON International,Kerala,EPC,Plains,1250.7,1250.7,175.6,15.54,14.04,2020-11-02,2026-05-03,2026-05-03,2021-12-08,2026-05-03,1251.83,0.0,0,0.09,0
PRJ-SYN-0995,SNAP-PRJ-SYN-0995-Q2,Kerala Rail Doubling & Third Line Section,Railways,Ministry of Railways (MoR),IRCON International,Kerala,EPC,Plains,1250.7,1250.7,456.13,36.48,36.47,2020-11-02,2026-05-03,2026-08-12,2022-10-06,2026-05-03,1251.83,0.0,0,0.09,0
PRJ-SYN-0995,SNAP-PRJ-SYN-0995-Q3,Kerala Rail Doubling & Third Line Section,Railways,Ministry of Railways (MoR),IRCON International,Kerala,EPC,Plains,1250.7,1250.7,598.84,50.1,47.88,2020-11-02,2026-05-03,2026-05-03,2023-08-03,2026-05-03,1251.83,0.0,0,0.09,0
PRJ-SYN-0995,SNAP-PRJ-SYN-0995-Q4,Kerala Rail Doubling & Third Line Section,Railways,Ministry of Railways (MoR),IRCON International,Kerala,EPC,Plains,1250.7,1250.7,1183.16,88.85,94.6,2020-11-02,2026-05-03,2026-05-03,2025-10-14,2026-05-03,1251.83,0.0,0,0.09,0
PRJ-SYN-0996,SNAP-PRJ-SYN-0996-Q1,High-Speed Rail Corridor Link 47,Railways,Ministry of Railways (MoR),Dedicated Freight Corridor Corp (DFCCIL),Tamil Nadu,EPC,Hilly/Mountainous,2132.02,2185.56,870.29,38.81,39.82,2019-10-13,2025-04-12,2025-04-12,2021-09-15,2025-06-17,2291.07,2.2,0,7.46,0
PRJ-SYN-0996,SNAP-PRJ-SYN-0996-Q2,High-Speed Rail Corridor Link 47,Railways,Ministry of Railways (MoR),Dedicated Freight Corridor Corp (DFCCIL),Tamil Nadu,EPC,Hilly/Mountainous,2132.02,2132.02,1242.54,60.84,58.28,2019-10-13,2025-04-12,2025-04-12,2023-05-10,2025-06-17,2291.07,2.2,0,7.46,0
PRJ-SYN-0997,SNAP-PRJ-SYN-0997-Q1,West Bengal Ring Metro Transit System Pkg 54,Metro Rail,Ministry of Housing and Urban Affairs (MoHUA),Chennai Metro Rail Ltd (CMRL),West Bengal,HAM,Plains,23800.17,24571.69,5381.2,19.4,21.9,2021-11-18,2030-06-19,2030-08-29,2023-08-07,2030-06-19,23826.35,0.0,0,0.11,0
PRJ-SYN-0997,SNAP-PRJ-SYN-0997-Q2,West Bengal Ring Metro Transit System Pkg 54,Metro Rail,Ministry of Housing and Urban Affairs (MoHUA),Chennai Metro Rail Ltd (CMRL),West Bengal,HAM,Plains,23800.17,23800.17,10019.87,40.13,42.1,2021-11-18,2030-06-19,2030-06-19,2024-11-19,2030-06-19,23826.35,0.0,0,0.11,0
PRJ-SYN-0997,SNAP-PRJ-SYN-0997-Q3,West Bengal Ring Metro Transit System Pkg 54,Metro Rail,Ministry of Housing and Urban Affairs (MoHUA),Chennai Metro Rail Ltd (CMRL),West Bengal,HAM,Plains,23800.17,23800.17,22269.82,91.41,93.57,2021-11-18,2030-06-19,2030-09-22,2029-08-09,2030-06-19,23826.35,0.0,0,0.11,0
PRJ-SYN-0998,SNAP-PRJ-SYN-0998-Q1,Assam Port Modernization & Coastal Connectivity,Ports & Shipping,"Ministry of Ports, Shipping and Waterways (MoPSW)",Jawaharlal Nehru Port Trust (JNPT),Assam,BOT,Plains,778.05,792.05,272.94,34.88,34.46,2020-02-11,2022-12-11,2022-12-11,2021-02-07,2022-12-11,818.51,0.0,0,5.2,0
PRJ-SYN-0998,SNAP-PRJ-SYN-0998-Q2,Assam Port Modernization & Coastal Connectivity,Ports & Shipping,"Ministry of Ports, Shipping and Waterways (MoPSW)",Jawaharlal Nehru Port Trust (JNPT),Assam,BOT,Plains,778.05,778.05,499.74,63.71,64.23,2020-02-11,2022-12-11,2022-12-11,2021-12-14,2022-12-11,818.51,0.0,0,5.2,0
PRJ-SYN-0998,SNAP-PRJ-SYN-0998-Q3,Assam Port Modernization & Coastal Connectivity,Ports & Shipping,"Ministry of Ports, Shipping and Waterways (MoPSW)",Jawaharlal Nehru Port Trust (JNPT),Assam,BOT,Plains,778.05,778.05,610.54,78.59,78.47,2020-02-11,2022-12-11,2022-12-11,2022-05-18,2022-12-11,818.51,0.0,0,5.2,0
PRJ-SYN-0999,SNAP-PRJ-SYN-0999-Q1,Andhra Pradesh Rail Doubling & Third Line Section,Railways,Ministry of Railways (MoR),CORE,Andhra Pradesh,EPC,Plains,3408.38,3408.38,1406.98,39.08,41.28,2022-03-16,2025-11-14,2025-11-14,2023-06-27,2025-11-14,3506.2,0.0,0,2.87,0
PRJ-SYN-0999,SNAP-PRJ-SYN-0999-Q2,Andhra Pradesh Rail Doubling & Third Line Section,Railways,Ministry of Railways (MoR),CORE,Andhra Pradesh,EPC,Plains,3408.38,3408.38,3151.05,87.34,92.45,2022-03-16,2025-11-14,2025-11-14,2025-07-03,2025-11-14,3506.2,0.0,0,2.87,0
PRJ-SYN-1000,SNAP-PRJ-SYN-1000-Q1,Maharashtra Ring Metro Transit System Pkg 86,Metro Rail,Ministry of Housing and Urban Affairs (MoHUA),Mumbai Metropolitan Region Development Authority (MMRDA),Maharashtra,BOT,Plains,551.22,551.22,127.94,20.87,23.21,2018-06-26,2023-06-26,2023-06-26,2019-06-26,2023-09-04,582.03,2.3,0,5.59,0
PRJ-SYN-1000,SNAP-PRJ-SYN-1000-Q2,Maharashtra Ring Metro Transit System Pkg 86,Metro Rail,Ministry of Housing and Urban Affairs (MoHUA),Mumbai Metropolitan Region Development Authority (MMRDA),Maharashtra,BOT,Plains,551.22,567.32,217.62,34.92,38.36,2018-06-26,2023-06-26,2023-08-28,2020-03-26,2023-09-04,582.03,2.3,0,5.59,0
PRJ-SYN-1000,SNAP-PRJ-SYN-1000-Q3,Maharashtra Ring Metro Transit System Pkg 86,Metro Rail,Ministry of Housing and Urban Affairs (MoHUA),Mumbai Metropolitan Region Development Authority (MMRDA),Maharashtra,BOT,Plains,551.22,551.22,345.45,64.2,62.67,2018-06-26,2023-06-26,2023-06-26,2021-09-25,2023-09-04,582.03,2.3,0,5.59,0
